ADXL345_Acc_X,ADXL345_Acc_Y,ADXL345_Acc_Z,ITG3200_Gyro_X,ITG3200_Gyro_Y,ITG3200_Gyro_Z,MMA8451Q_Acc_X,MMA8451Q_Acc_Y,MMA8451Q_Acc_Z,FallCheck
0.011721720765237647,-1.0195232748199126,-0.3125075163141491,-1.647919911569983,-1.7093107369337255,-0.4880641764209836,-0.06249368898468209,-0.9687483085950213,-0.16894804760490892,0
0.013238628791517245,-1.0242009134598606,-0.3261973350672937,-1.3884142515561462,-1.5181856862668048,-0.5898284501170193,-0.06287918464113432,-0.9751808027969993,-0.17258306331861803,0
0.014591153389123833,-1.0260489831234338,-0.33363364138019264,-1.2928956033627863,-1.3313826317855888,-0.8216880942049789,-0.06370591419847414,-0.9775966308514913,-0.17263471639780667,0
0.015278429223479821,-1.0207368109332855,-0.3305089288434629,-1.1800462951007935,-1.2428728606614075,-1.0685451903138286,-0.06474592279647218,-0.9719612624387312,-0.1680287776596469,0
0.015175833409726232,-1.0077167214732436,-0.3209725101108414,-0.7132936596361023,-1.34888689712136,-1.0672073845861725,-0.06515901470596189,-0.9595895333922656,-0.16290936358474586,0
0.01567563419841683,-0.9952924804251351,-0.3168976488666653,0.04853917599046269,-1.5666588751827746,-0.7697866326448354,-0.06412564505423395,-0.9500937408668566,-0.16405924492343715,0
0.01876948302827211,-0.9948669679689652,-0.32369097836406957,0.48829979438802623,-1.6329870965022821,-0.5103561771885583,-0.061706508315045226,-0.953027649407092,-0.172234017824927,0
0.023733814345845747,-1.008084333177783,-0.3309955961397173,0.035833594449851826,-1.3742144439010155,-0.6836740182309657,-0.05927863988964714,-0.9658428884058233,-0.17830436465012034,0
0.02615794147187153,-1.022730704906552,-0.32514660648014043,-1.0721536201132278,-0.9534121400634301,-1.2639565323947952,-0.05858431913553011,-0.9745425101496061,-0.17246566555306125,0
0.02259445017855956,-1.0245665724524329,-0.3083922495798393,-1.8526722309837609,-0.7446689277379395,-1.7661663481714371,-0.0599378023455517,-0.9687054910117859,-0.1569701753884437,0
0.015365966152110297,-1.0121745398041282,-0.29741662409375785,-1.5433572365245602,-0.9217154949886069,-1.7500332738845297,-0.06183696356409836,-0.9533605481741498,-0.1453944592091591,0
0.0103010752667128,-0.9973933616857648,-0.3025769325104419,-0.4273224260915073,-1.247009180398621,-1.2880675396150958,-0.06270602211981423,-0.9430765083398828,-0.14769575598635493,0
0.010099823657145866,-0.9918623270841298,-0.3160334923378715,0.4453979873601352,-1.3418080576630682,-0.8499106288216255,-0.06256122328026378,-0.9455751306603792,-0.15925414384728956,0
0.012270792625003631,-0.9961160933198902,-0.3227540616350815,0.3247059987640933,-1.1210431503997094,-0.7709062232649115,-0.062470239148455606,-0.9546218877345561,-0.16725364098097578,0
0.013642916080819592,-1.0020864000150786,-0.31784787752259974,-0.5820960732026098,-0.8663295896639526,-0.9483373272293286,-0.06273603353458003,-0.9594019130103033,-0.165582094045569,0
0.014398864240049292,-1.0034325777698423,-0.30930933239055924,-1.4908343945289484,-0.8694644640583529,-1.0664065821653113,-0.0625165650772471,-0.9571928602989672,-0.15978265390832624,0
0.016348376044585805,-1.001203009603861,-0.3061909420196479,-1.8748654230537827,-1.099715739944363,-0.9924170295560027,-0.061304541510039744,-0.9538842489360044,-0.1576897797591817,0
0.019263204845900755,-1.0001275413335224,-0.3085418156465989,-1.8090469629177113,-1.278480297578639,-0.8559366688279119,-0.05969121068884063,-0.9541794497162676,-0.15942601857792227,0
0.02141218173613577,-1.0021248458019782,-0.3101951720191962,-1.639257269883421,-1.2231864164346338,-0.8041491037860344,-0.05832675102716317,-0.9560617458841608,-0.15944926293757597,0
0.022559430260249962,-1.005104444171985,-0.308187756176005,-1.5651510648490587,-1.0228241423206155,-0.8227898921708613,-0.05732521991053829,-0.95577676910125,-0.15588846245174642,0
0.0235169671046216,-1.006960417755293,-0.3057366797703438,-1.5985865469473253,-0.8691411825813506,-0.8304864755306174,-0.057131159788607576,-0.9541442804128324,-0.15313505992040038,0
0.023413188191389787,-1.0083294796288031,-0.30661175578189626,-1.735306167226897,-0.8095350483384711,-0.836474713564543,-0.05861597850654009,-0.9549118590230242,-0.1549918144404366,0
0.02061837742897822,-1.0104472458936493,-0.31008790095403155,-1.9866348324188685,-0.7358160262761353,-0.9107448140708279,-0.061578258815905965,-0.9587398327902538,-0.1593968497189878,0
0.01633827186545494,-1.011975529153407,-0.3127701225749772,-2.2752976114923347,-0.5685356716636036,-1.043398528295282,-0.06420295466350277,-0.96202546735911,-0.16188386122601664,0
0.014271976972988376,-1.0104319692205477,-0.3136137690933815,-2.445484574126699,-0.36097274246548994,-1.1297865904058801,-0.0647717724399235,-0.9616720737019486,-0.16167139622589288,0
0.016031545650000693,-1.0063826174227932,-0.3150732053272738,-2.436327794211425,-0.21226673283589081,-1.1018947597722817,-0.06330118822579353,-0.958746860736627,-0.16174822537419137,0
0.019106304649936214,-1.003425824549691,-0.3192801012210239,-2.3889252404063765,-0.14064686146793598,-1.0104166230399847,-0.061122209438107256,-0.9566968068310492,-0.16403146262935775,0
0.020225885402899248,-1.0034150063815284,-0.3249510860283843,-2.517392213526379,-0.0706680231383478,-0.9544144511511518,-0.05949095136167486,-0.9573608769400208,-0.16706744488237735,0
0.01913715805464149,-1.0041156467489942,-0.3292032926389812,-2.874807774797842,0.0854133390187534,-0.9660988880122019,-0.058863736022216256,-0.9596905025932662,-0.16886705386048304,0
0.01813088572628837,-1.0031202587787376,-0.33117571682810604,-3.283095178013201,0.35982889829311326,-0.9877500405087424,-0.05886269211346099,-0.9617665371304456,-0.17011577148595636,0
0.01891333445513326,-1.0026281576916576,-0.3319962935001501,-3.514636381246284,0.7339427187586759,-0.9511698901480524,-0.05866989661446505,-0.9631849311159125,-0.17323139400448068,0
0.020826124952402318,-1.0075232972193588,-0.33161934557223127,-3.5346170981098752,1.1888512933342705,-0.8714136740571281,-0.05784023291165976,-0.9652010462703914,-0.1785460076407698,0
0.021959478202316054,-1.0175313471217167,-0.328877981076793,-3.5287211883153873,1.7243503528200346,-0.8525714741381196,-0.056712353450933214,-0.9684958003372642,-0.18231882869037194,0
0.021836442592954208,-1.023749911739537,-0.32609494521436183,-3.652058301334647,2.30085384811666,-0.9712022441767305,-0.055857548908799,-0.9709531563537949,-0.1794438334783163,0
0.022301727887741984,-1.016907761656078,-0.32908545250824905,-3.774506490774348,2.775511484889057,-1.1509102858379465,-0.05553345718053086,-0.9687140541041238,-0.16903285990205258,0
0.024757542579397857,-0.9994763521373309,-0.3384687883696187,-3.58254159986488,2.9655028677468898,-1.212611147857616,-0.055740649993622,-0.9609167484550474,-0.15722061509798732,0
0.027547839454801604,-0.9857920304440102,-0.34569705955621827,-3.008930081529934,2.833616761233321,-1.0958301301514224,-0.056183268153217954,-0.9529825320387618,-0.15264839821294507,0
0.027753285050184925,-0.9875726366749701,-0.34271793710123943,-2.479730413058403,2.582362336380472,-0.9824726610705556,-0.05627904900255983,-0.9524466409181049,-0.15746835227415906,0
0.024644839950482177,-1.0013900403986273,-0.33070074595808185,-2.564026426230676,2.4806427890790155,-1.119146387724488,-0.05601810038361266,-0.9600560663923752,-0.16370144022618283,0
0.020023690362042258,-1.0132781965963331,-0.31578852872761204,-3.324906327386313,2.571949206366045,-1.5137821983253525,-0.05667257819363957,-0.9673741277650445,-0.16111131768318218,0
0.016008545215832084,-1.0141729363494913,-0.3028766449897731,-4.1526512193168355,2.6207952895556716,-1.8827337081831719,-0.0597255791759382,-0.9659137851303468,-0.1491979843441792,0
0.013255184676129286,-1.0072740939850433,-0.29611223115752777,-4.379686161286993,2.402063214912783,-1.944196170632269,-0.06481107504491962,-0.9572364037201866,-0.13884941854371763,0
0.011027938674987215,-1.0010723992906732,-0.29822085615256777,-4.010279218030108,1.9969692513824058,-1.72202530615492,-0.06926381529900914,-0.9509602039072734,-0.14058203030075092,0
0.008961053257540872,-1.0002403732993543,-0.30655894754224067,-3.6992085641342043,1.7264265067016158,-1.5013553306031389,-0.07034881152988222,-0.9535356681442753,-0.15325029164004209,0
0.008222006897301133,-1.0050787289669396,-0.31480676285307013,-4.016134206430847,1.8016619072301712,-1.5103882436553977,-0.0679762354760157,-0.9622298730036951,-0.16649300049799626,0
0.009841559489064719,-1.0145592128117418,-0.3200233154329748,-4.872345330730367,2.109596146875257,-1.7189935914029695,-0.0647184067049965,-0.9700248574669638,-0.1724395858166346,0
0.012390421357955103,-1.0250563003385464,-0.32463244650369116,-5.693262817261207,2.3523901067136253,-1.93778468090309,-0.06310554402907013,-0.972924735850693,-0.17198177670912387,0
0.013080240608577796,-1.0295110888834742,-0.3310693374339677,-5.998471949285439,2.337492021546423,-2.0186297563520665,-0.06346605331782723,-0.9713158544538344,-0.17062324997608094,0
0.011306894550598617,-1.0237391158232432,-0.3379889707581916,-5.732505644828317,2.1064397521930855,-1.930305724761007,-0.06443158125843682,-0.966965212166966,-0.1719276256136331,0
0.009578076517913273,-1.0123365862061842,-0.3430215019909266,-5.165246918392736,1.835155127834244,-1.7210695440481958,-0.0647110911801281,-0.9612315464215154,-0.1758004436925921,0
0.010664975368384932,-1.0040787618696103,-0.34613708566654783,-4.625832462578591,1.6623398516017982,-1.470912677187295,-0.06382069059017235,-0.9558399128845003,-0.1805133220125867,0
0.014936957913071173,-1.0025851545472844,-0.3479902263067719,-4.308362973469089,1.6023373576567181,-1.254881667612655,-0.061683573531694715,-0.9533664248799882,-0.18451962232398264,0
0.020388202223973122,-1.0044766383469799,-0.34726235723611953,-4.2066370054528175,1.5805265728369244,-1.1082346617420964,-0.05853766739846193,-0.9553650801869653,-0.18678032416120088,0
0.02442086117330131,-1.0052715127891383,-0.3423318677007207,-4.169900345002269,1.529355553962176,-1.0160466114584932,-0.055251844127114494,-0.9601652398616498,-0.186590975482201,0
0.026027304778649396,-1.0041756729155924,-0.3341748154451949,-4.042018487058121,1.4501553302385073,-0.9392496845267563,-0.05288332608437171,-0.9638600305399843,-0.1839719605392404,0
0.026654434865230083,-1.0032450143707414,-0.32561761624565233,-3.7893798090744664,1.3941316524107905,-0.8539482860243353,-0.051707439950834634,-0.9640012241111451,-0.18026080312598033,0
0.028068032021722835,-1.0039719470302453,-0.3189128167594284,-3.5180760579747665,1.4029139426235369,-0.7755842765164048,-0.05132353181917598,-0.9617074308774552,-0.17737448405749207,0
0.029341241820692508,-1.005739639245375,-0.3149568335870613,-3.3678625311712467,1.4760256070254119,-0.7480771366584337,-0.05188074613867236,-0.9599198000421927,-0.17565407510787917,0
0.027682065183806434,-1.006849001153164,-0.313281172532065,-3.3776120258848614,1.5728495425601219,-0.7933701150130307,-0.05431552414459409,-0.9601770843642378,-0.1731180405474531,0
0.022772201448464726,-1.0062909781445941,-0.31253546046541986,-3.4477611882161097,1.61689461709308,-0.8641806198786111,-0.05867027531447096,-0.9615678028477054,-0.16819942460570386,0
0.01815131435686818,-1.0050086103883442,-0.3123380978403869,-3.4438029721998955,1.5162001240679726,-0.8708095126987826,-0.06288204025328703,-0.9625390737003268,-0.1627616599683156,0
0.017001967809394253,-1.005709348879267,-0.3138853726023935,-3.3441363056676954,1.2305919995978567,-0.775733748921736,-0.06441365351261964,-0.9628494269112201,-0.1604871545974052,0
0.018411155053023414,-1.0103953629797382,-0.3175926467153463,-3.2707995934149103,0.8303646054478726,-0.6454129408048874,-0.06299074906144485,-0.9633686334007885,-0.16229830581411867,0
0.019195557181360297,-1.0173603285851887,-0.3217030605335942,-3.3602820266942564,0.4563482074570063,-0.587046806897044,-0.06087304949860021,-0.9646699045969926,-0.16542590991713563,0
0.017875105789508808,-1.0217396535187755,-0.32425215041392613,-3.621006594196793,0.20688149664929129,-0.6420316751808162,-0.0604228068179319,-0.9664123062791821,-0.16713514347067068,0
0.015712978914179145,-1.0203909272225715,-0.3246666476992117,-3.9328941084450744,0.0717044994290285,-0.7537627963738824,-0.06197175883766965,-0.9676295938688765,-0.16707042351465565,0
0.01494927050856732,-1.0154807941321364,-0.3228035152401924,-4.157723167110688,-0.03407458450067695,-0.8269604951448367,-0.06403950348097821,-0.9671757616168235,-0.1655309984862704,0
0.01661275728855073,-1.0119143762193439,-0.31871925409729696,-4.218125494887744,-0.19221493687055968,-0.801016373942712,-0.06510412176636038,-0.9646917708068871,-0.16239007187338483,0
0.019568116571491816,-1.012582948433852,-0.3148100855305566,-4.106666807359047,-0.421269425515401,-0.6830215038317738,-0.06480000840462063,-0.9623594302815961,-0.15958598003364666,0
0.02197649621189103,-1.0178529543835548,-0.3158560645452927,-3.9008397858471433,-0.6444337156385429,-0.5571408965642605,-0.06353957397176449,-0.9650012369192601,-0.16184217415755975,0
0.023678163345088217,-1.026856779280374,-0.3234582775364427,-3.773406062081761,-0.7067938991282248,-0.5695226536706051,-0.061704571337072335,-0.9752544299374326,-0.1705453530907563,0
0.02578694317636922,-1.0354173159738742,-0.33129873776473723,-3.8616593919303366,-0.4959496980164945,-0.8244726438579173,-0.05974410969549903,-0.9871049006857867,-0.17784271965539628,0
0.02789092233922853,-1.035547570064265,-0.3312049040616263,-4.032167955511597,-0.11238495320232125,-1.220171129151236,-0.05847033627725514,-0.9881726589967633,-0.1733240026196231,0
0.027635581410867017,-1.0229221048183441,-0.3247333116377112,-3.8988813022461333,0.1372942019808024,-1.4453768676429133,-0.05843761144636131,-0.9728743935304289,-0.15877477627441364,0
0.023887237658062097,-1.004067033201279,-0.32209600690689094,-3.271874895778998,0.028049524969872584,-1.2611603442651165,-0.05917189674122036,-0.9509827483299598,-0.14947880804035454,0
0.019163677723479485,-0.9912283548854024,-0.32762628732711013,-2.5388694183725846,-0.318900348714669,-0.7838150839733841,-0.05938466172330648,-0.9385135178591575,-0.1564898901562294,0
0.01779539524553258,-0.9903540192289696,-0.33392977448249467,-2.3726711042634063,-0.5613452095576678,-0.3896042513408936,-0.0580380491115491,-0.9416325435197977,-0.17331354354999784,0
0.021217430256437995,-0.9973836773768555,-0.3333284810107711,-3.0233735539956634,-0.5161131121419407,-0.33387226329037445,-0.05556408088570757,-0.953129968509035,-0.1846419684623143,0
0.025631034793573777,-1.005073120406773,-0.3274091315857393,-4.064544227552277,-0.3176361313484553,-0.5409864908006852,-0.05411781723272824,-0.9626414637835975,-0.18340424582645878,0
0.02576861564470382,-1.0097969524801897,-0.32160694948161866,-4.8632922553869244,-0.20278186804982357,-0.7584207952000084,-0.05586971784697204,-0.9660779423113384,-0.17465124098968882,0
0.021023166323621355,-1.011853413715994,-0.3172807015885966,-5.139521221031491,-0.24273546351862776,-0.8211772845643712,-0.06059021001767885,-0.9656632797590813,-0.1662129183261611,0
0.015960629829235896,-1.012336650458621,-0.31351074263054746,-5.022155220543624,-0.33297041633487506,-0.7397017284683145,-0.065389659675096,-0.9648054387921585,-0.16094349529549157,0
0.01425451345265919,-1.011475185098437,-0.31131870344502877,-4.739335624185032,-0.38269330718610306,-0.6113893428563182,-0.06726614815387913,-0.9647637021032954,-0.15788036567296568,0
0.014384641112426304,-1.0091673182390812,-0.3117453378431591,-4.409813642749986,-0.4351267078607699,-0.5185429460826885,-0.06576312875900436,-0.9647408310067392,-0.15661419674032348,0
0.012828260854656362,-1.0057853495153597,-0.3134869405283928,-4.079817098773922,-0.597432098053306,-0.4941955911720497,-0.06298130890831356,-0.963402116549606,-0.15798346857031112,0
0.00949278213102983,-1.0023466410815045,-0.315421381588026,-3.812052672924746,-0.9029252455652,-0.5266683459290602,-0.06127486550311922,-0.9602378603433122,-0.16188231541487275,0
0.007468539105266448,-1.0001902998182457,-0.31820714853346826,-3.6821930019781126,-1.2708082340140028,-0.5703591125721618,-0.06128758933842466,-0.9559906703029051,-0.16650093468809798,0
0.00840552643767735,-0.999953471445195,-0.32156314379535705,-3.728273854297216,-1.5821902380254675,-0.5674597451706783,-0.062023024277202486,-0.9519416910664689,-0.16980166673174707,0
0.010892142687188794,-1.0006350962880655,-0.32329683183609664,-3.933328900809437,-1.7663541529199365,-0.4869010428157399,-0.062161634218619574,-0.9491908359226244,-0.17096224207512992,0
0.013317807435700013,-1.000678288012195,-0.3226815994890608,-4.2475481904722585,-1.8149903019060523,-0.35878468819316917,-0.06108546676316683,-0.9488865971106536,-0.17055726802572937,0
0.01576413536965308,-1.0003918066249498,-0.32199419441681854,-4.616516240399383,-1.747385388740202,-0.26620303687674307,-0.05919118182423768,-0.9521855248287255,-0.1699692958449588,0
0.018409780303718728,-1.0019445159557956,-0.32308147613482724,-4.989846056081414,-1.5895837635604246,-0.28530540455822356,-0.05771829705510922,-0.9587605490783946,-0.17043955250695672,0
0.02008608817328627,-1.0060681775381664,-0.3245239567788055,-5.310636192998427,-1.3810685891513088,-0.41934889813983356,-0.057992294604351236,-0.9656278121651289,-0.17196811181857996,0
0.0194520327486456,-1.010210610232821,-0.3237222341879207,-5.514978866024263,-1.1833132313263133,-0.5883110946788747,-0.060334489935636906,-0.9687055075809471,-0.17310117857564125,0
0.016529414230952832,-1.011521048950144,-0.3205189670077623,-5.563027140171684,-1.0716734946747062,-0.6877593461333968,-0.06372982527824478,-0.9662029723736033,-0.17240650478508926,0
0.0125598577992325,-1.0104474108682673,-0.3178326325414389,-5.479960590055348,-1.1021613508088908,-0.6694446830357547,-0.06670038000261522,-0.9604765784240709,-0.17033629133737715,0
0.009080823461518688,-1.0092947565852173,-0.31908458662083744,-5.3700361639464775,-1.2622216758066824,-0.5800931310016247,-0.06836321703637392,-0.9563093532934519,-0.16924824000989228,0
0.007229106808824129,-1.0082573378224404,-0.32458484862036346,-5.388132771555693,-1.4509041113056258,-0.528270019547347,-0.06872732912921235,-0.9567662885777335,-0.17122862669169037,0
0.00719347164127871,-1.0056317780065964,-0.33030780472601945,-5.664953453725455,-1.5298214427778796,-0.6007925241783619,-0.06833557835303819,-0.960308302668018,-0.1756797089439551,0
0.008291404870207582,-1.001670973911494,-0.33167174649152975,-6.20208523718342,-1.4212544339355127,-0.789991076792063,-0.06762187840421756,-0.9623812860893448,-0.17915715660698275,0
0.010137578557848057,-0.9993553657824622,-0.3287762304301286,-6.812057937104137,-1.1784572997706355,-0.9925499148889703,-0.06646853592041323,-0.9602868925891237,-0.1782688189716613,0
0.013163879865034941,-1.0005581431027797,-0.32620451127812766,-7.198997470497471,-0.9651800049409093,-1.0904493910550266,-0.06466808629430869,-0.9560851920631966,-0.17324054594886953,0
0.016928583034285887,-1.003470444532145,-0.3274876145779723,-7.166169824740794,-0.9413377670297316,-1.0569653938069932,-0.06287112308473068,-0.95430947966326,-0.1681219354705679,0
0.019028402333494104,-1.005104442198053,-0.33147016471384133,-6.77969483819336,-1.1337120071344433,-0.9957607514823358,-0.0623662936471225,-0.9573383585413451,-0.16683279032538437,0
0.017506899992123168,-1.0051939643974896,-0.33420747343223817,-6.318513767193152,-1.40720646491753,-1.0600694904187218,-0.0635928884627191,-0.9633968604588379,-0.16934598563484948,0
0.013401060981328962,-1.0060213088795869,-0.3326353528701297,-6.044936432761655,-1.5696646088545965,-1.3077573285554391,-0.06559259421435283,-0.9684143200436802,-0.1722487068243756,0
0.00954172075328787,-1.0086469111666234,-0.3262962788099023,-6.012605157755512,-1.51337720414495,-1.6310448037834804,-0.0672065095249255,-0.9692465039275168,-0.17252301210323004,0
0.008213205559506482,-1.0110271160080602,-0.31782442713923376,-6.078535240946581,-1.2733414588348424,-1.8445557418631526,-0.06786591147858785,-0.9656724084583844,-0.1700872771513345,0
0.010733996599715653,-1.0105641162123582,-0.31256116087479846,-6.0795377685036565,-0.9723358177939453,-1.8554292761120805,-0.0668956935463006,-0.9602084680640434,-0.1671264104735148,0
0.016998350904832187,-1.0073474101467212,-0.3152512764382842,-5.997079141827667,-0.7110312872501844,-1.7482823117933175,-0.06347033011290269,-0.9561574171219087,-0.1659690813855841,0
0.024062974344797525,-1.0038352654776892,-0.3251605017105291,-5.969713389982946,-0.4942206672362617,-1.7020010988943004,-0.05839153740274234,-0.9552058679728027,-0.16758996661447909,0
0.027192521901848905,-1.0018461026447647,-0.33543184279856675,-6.155296532816212,-0.2589577302752491,-1.8234611286754767,-0.05488112144367463,-0.9562562340483625,-0.1710510286116459,0
0.024206232801016227,-1.00080877270987,-0.338572445680977,-6.57242237956341,0.02063732657007553,-2.059275881311121,-0.05582648941050403,-0.9566423998068434,-0.1736854244845396,0
0.018077519300074372,-0.9990847563402016,-0.3323476895182396,-7.061241165708327,0.26710134942539226,-2.2617675034694007,-0.06014288480362425,-0.9549927174759162,-0.17237426539088618,0
0.013940744891355869,-0.9965125696718197,-0.3205023693899148,-7.392919819207249,0.355051475862229,-2.333089576980154,-0.06339390100464216,-0.9528175836835282,-0.16569990205850188,0
0.013683297145530222,-0.9951595406189891,-0.309038746376415,-7.431046609590737,0.2300881719521424,-2.3012127841575363,-0.06294995402137916,-0.9526676549817632,-0.15533688559379366,0
0.014212579034200623,-0.9972479511557414,-0.3016893752334392,-7.219458048676393,-0.0456111278899507,-2.256336278715366,-0.06162208823047803,-0.9550351031678292,-0.14503914375231192,0
0.011117791239556708,-1.0024211963171723,-0.2974992835310779,-6.941426023083883,-0.3693140686489903,-2.222807783735828,-0.06473210315713794,-0.9582434385298013,-0.1377954033909169,0
0.0036586675020177616,-1.0077957523254037,-0.29277977623712903,-6.784448557317035,-0.6970205100566716,-2.117224508468401,-0.07367015237080136,-0.9613558896861435,-0.13392875880167016,0
-0.004209988089935877,-1.0113331039577103,-0.2861781184323137,-6.796539898482596,-1.0479450478846755,-1.8577361250096038,-0.08388038251023401,-0.9656087969031063,-0.13200230043806954,0
-0.00781897755430399,-1.0144766154454279,-0.2807835645452461,-6.827231015166334,-1.4272810732671017,-1.507004405854697,-0.08977811406569382,-0.972148572596229,-0.13103933517794517,0
-0.006317807767193341,-1.020103931595296,-0.28014898923049025,-6.606880515672952,-1.7822922574504005,-1.2601392546773955,-0.09023927451943546,-0.9793601295720538,-0.13129701280051528,0
-0.002809165086959333,-1.0277886551960982,-0.2836878524120098,-5.928911661407224,-2.04265114406954,-1.2585917092525674,-0.08830834734861476,-0.9835595578894599,-0.13317025601305627,0
-0.0006002595112811126,-1.0325462158975387,-0.2877749484468108,-4.805895463129547,-2.1792562954268613,-1.4356630107625024,-0.08693158876512418,-0.9822016733144717,-0.13613571685485756,0
-0.0003718637277625741,-1.0294144003258827,-0.29043244633763415,-3.4665585956925606,-2.2175160770725286,-1.575664179337192,-0.08644169517721995,-0.976019719616527,-0.139198066979476,0
-0.0007391682062759078,-1.018833482095864,-0.29287800296462424,-2.193314987120837,-2.2141644140658374,-1.522684599303887,-0.08539341564685059,-0.9683989762162868,-0.14214941143717058,0
-0.0002807469504536769,-1.0066236864121938,-0.29674778861907536,-1.1574705769382154,-2.2215558793323225,-1.3211263534441045,-0.08256757979057361,-0.9629326571025858,-0.14575465915133545,0
0.0012772730357532617,-0.998956518734272,-0.30178893793237,-0.4008750409299281,-2.2503639760738237,-1.1613639546037466,-0.07835187046680243,-0.9610513533825078,-0.1504270995918116,0
0.003078817347324414,-0.9979988915649707,-0.3065365678349377,0.07034907356310147,-2.2631590052080277,-1.20012652045283,-0.07456451768469775,-0.9616039720180346,-0.15529906456293044,0
0.00404079971476215,-1.0016829034981314,-0.30965241771659424,0.2371335928980536,-2.220459048028291,-1.429980177074228,-0.07264231130213421,-0.9627111355882332,-0.1590339381912453,0
0.004178317538931426,-1.006191706983703,-0.3103471131745277,0.1243846333340092,-2.131350042996164,-1.7086946546204365,-0.07207885985236642,-0.9635207476976665,-0.16097656656217565,0
0.0050960984410357985,-1.0085188966897882,-0.30907674845972033,-0.1386387524589865,-2.0453059879386473,-1.8987991883867363,-0.07111393397525984,-0.963798817459483,-0.16100618642307862,0
0.008579939691728034,-1.0077622049020523,-0.30805719814274163,-0.357612537667581,-1.9983960223451789,-1.9706324270252074,-0.06875929242140888,-0.9629049764098551,-0.15896293681970766,0
0.014453624898967858,-1.004916223301263,-0.30929052018073494,-0.3840446779389614,-1.9789792158430248,-1.9854037189768075,-0.06544696762659855,-0.9605022593616865,-0.15518652825872406,0
0.02044088267537104,-1.0019508181063828,-0.31168605402700905,-0.19926338164373242,-1.9410062828058583,-2.0144307649156152,-0.06175889955197421,-0.9578111504638803,-0.15131800537100284,0
0.024480684366798892,-1.0009955163940447,-0.3119184761249442,0.08642952999421205,-1.8437361663293996,-2.0934984315717826,-0.057654038971740984,-0.9568381150295663,-0.14940135867419876,0
0.026467453047795866,-1.0032730302021413,-0.30866100374280614,0.31276065507964423,-1.692278342354932,-2.222446738795792,-0.05357674045163224,-0.9583060447023843,-0.1500717624604041,0
0.027341785817395818,-1.0079149581474516,-0.30455908012989685,0.3684112859107885,-1.5525978226092594,-2.3578819744996005,-0.05126931528003221,-0.9611035875727123,-0.15253683119805647,0
0.027343851004199737,-1.012252081666221,-0.30347410664062413,0.2335753380221798,-1.5107404421806123,-2.409868829272288,-0.05222873276567493,-0.9636405959026,-0.1560554998183839,0
0.02577644280522436,-1.0138329833651716,-0.30659924119037396,-0.047493219959239205,-1.5987807902832436,-2.3017173081477442,-0.05576619774882711,-0.9650223196132597,-0.16008259788724674,0
0.02191272841990751,-1.012095050365748,-0.3118010014922431,-0.40068177005265204,-1.775127627501919,-2.058921989673112,-0.05967257713076661,-0.9649616096756084,-0.16319825629203902,0
0.01573864357997617,-1.0082682588617344,-0.31633556472264446,-0.7272303922784829,-1.9952521739377942,-1.8091403723186752,-0.06268265358961898,-0.9632533272194035,-0.16367414459463614,0
0.00841760821912168,-1.0042024861573087,-0.3193005888370259,-0.9185525725458851,-2.2806209513621347,-1.6742347407489786,-0.06551893483971662,-0.9596839663343786,-0.1616349785337192,0
0.002316305218871326,-1.0011747661999644,-0.32122508012628326,-0.9085071188616237,-2.684530273060837,-1.681577334457142,-0.06947678122071796,-0.9543434195450666,-0.15949659307652697,0
-0.000357773710238913,-0.9989115918705972,-0.3224216938597102,-0.7240925046991622,-3.195060737262549,-1.7849828001859946,-0.07439969759648213,-0.9478301129786896,-0.15965774016929413,0
0.00038545876405202,-0.9953401617787614,-0.32296021930234114,-0.48062022737721666,-3.7036316081704133,-1.9316018451352572,-0.07834080892707945,-0.9410315554994506,-0.16249511746090145,0
0.002274878723783263,-0.9883356908064511,-0.32379605414064133,-0.32004643730605686,-4.077779578118646,-2.0792987371925826,-0.07956645805520306,-0.9347869588828809,-0.16694290407441725,0
0.003161295951693676,-0.9787474768141046,-0.32609205820978665,-0.3474213189032794,-4.248276301796939,-2.1767642122796302,-0.07879416276049088,-0.9298472700737518,-0.17196621411900354,0
0.0026154889259557353,-0.9709209198676635,-0.3287372243558063,-0.6126178585129021,-4.229354527333887,-2.1709720585462846,-0.07851165126535965,-0.9268918439498864,-0.17662457112037924,0
0.0011729721412970214,-0.9690548162382912,-0.32836641457872623,-1.1168238881717347,-4.090760048372515,-2.040690958664297,-0.07975091997961231,-0.9262734022386878,-0.17950184663401006,0
-0.00039827982374874237,-0.9733334370538084,-0.32355298354729956,-1.7951765813687317,-3.9314962981027817,-1.8079095554203368,-0.08060019548245678,-0.9278399979990867,-0.17934491755031035,0
-0.0005903805506530213,-0.9803016628205214,-0.31771279628419674,-2.489107628031847,-3.853055857928332,-1.5224081322925314,-0.07854288369948598,-0.9312391578264565,-0.1762706288244992,0
0.002309429954987893,-0.9869936545919326,-0.31530598934539467,-2.9729857410530656,-3.9117337230680485,-1.25203543638569,-0.07346380944504857,-0.9364022017437971,-0.17166889238979047,0
0.007949373509795726,-0.9942138341778841,-0.3154277023259399,-3.0487623827111476,-4.075220131883197,-1.0779659879331902,-0.06770801637465676,-0.943481165549483,-0.16709366110095936,0
0.01337890577636697,-1.0045945147763342,-0.3127755625242213,-2.64228381637751,-4.231007776184462,-1.0655276263528775,-0.06367987894168611,-0.9519319440197369,-0.16377097864275655,0
0.01622495227359828,-1.0169056227056814,-0.30641275799149503,-1.8355088591247433,-4.253590907222773,-1.2187756335161564,-0.061865366197293235,-0.9596433285588623,-0.16258643555301122,0
0.017570927826653416,-1.0246205441495726,-0.3031073461775528,-0.8305578376935561,-4.08523071746116,-1.4702735689638433,-0.0607908136803793,-0.9636600220892872,-0.163532204000931,0
0.020205768106866518,-1.022398077646076,-0.30845778354542497,0.12499603124370046,-3.7695268252651477,-1.730704601794651,-0.05851179311688605,-0.9623870617239002,-0.16544940159393223,0
0.024813492179910395,-1.0120739912532946,-0.3186574286239866,0.8284015994216956,-3.4093589771681767,-1.951157581749652,-0.054591325741254915,-0.9568613856804482,-0.16724685912309584,0
0.029350487517478964,-0.9998020502208114,-0.32538239864242063,1.195066551351236,-3.0843286419383635,-2.12932637518578,-0.05093918525934757,-0.9495457652286612,-0.16920626307275521,0
0.031419911048928016,-0.9893792350451265,-0.3262136000012419,1.2637184209712853,-2.80100836396444,-2.2608133732133275,-0.05011400921968827,-0.9423245107824056,-0.17230032188091587,0
0.03014800541631791,-0.9811739715415453,-0.32637904453970573,1.1232210741063229,-2.5139830544335378,-2.3100154765988536,-0.0524799291507474,-0.9361362210727914,-0.17636474281461328,0
0.026650513454730237,-0.9757599762236723,-0.3310041247459048,0.8361720524607454,-2.1854916360130643,-2.243237578037653,-0.055569106675994684,-0.9319908672699392,-0.17962772311282432,0
0.023737872602770698,-0.9751033348047619,-0.3380157429925976,0.440876016087042,-1.825506525468308,-2.076641823914797,-0.05647666242343051,-0.93113607381634,-0.17996744606198536,0
0.02440073136073199,-0.9799731936477072,-0.33952165099334924,0.005921647792479882,-1.4864040638465223,-1.8771258992653832,-0.05467381235664123,-0.933785337439416,-0.17621662892132064,0
0.029017901145942215,-0.9881855914881361,-0.3300166783013265,-0.36329215078350835,-1.2318378560484968,-1.7178490217381042,-0.05256977963094972,-0.9385762927420468,-0.16866132648607998,0
0.03373562956418089,-0.9962691857608563,-0.3124384692228834,-0.592750443402383,-1.1150146316141114,-1.6294141424129187,-0.05327051718840885,-0.9440324053734624,-0.1590316438818275,0
0.033137345101772187,-1.0020765783141443,-0.2955624091958626,-0.6912879273943766,-1.1729016558662329,-1.580240415608886,-0.05734687479652362,-0.9496278576232572,-0.1498162430627336,0
0.02586784877693828,-1.0047914636069755,-0.2865546247412282,-0.7052914651833404,-1.4088321182627477,-1.5076626220213334,-0.06192201644300782,-0.954271351342616,-0.14282498242661426,0
0.01680987291243527,-1.002958226501834,-0.28713961185323716,-0.6306108810151083,-1.7586015643624202,-1.391369977546403,-0.0635660519406953,-0.9549016766931278,-0.13840021075303205,0
0.012450741286089551,-0.9948369465878129,-0.2947357076624077,-0.4196362376662498,-2.0911329813388906,-1.2986221880245095,-0.06198988321681314,-0.9488588306737532,-0.13634717348565606,0
0.01454951736247151,-0.9819439237027177,-0.3039317026748053,-0.12312993798509439,-2.281117345829602,-1.3260006231281054,-0.06014988896896696,-0.9377208294928138,-0.13688341901043205,0
0.01903342515939367,-0.970162519665935,-0.3079317687960494,-0.007607127066981193,-2.297671212345506,-1.4818161291734289,-0.060732999986587856,-0.9269237206560326,-0.13955433327769895,0
0.020632099623683172,-0.9648213425972173,-0.3027499204449941,-0.4511019789004782,-2.213128731467964,-1.6537953636850067,-0.06328064006560032,-0.9209041366446242,-0.14173963177452442,0
0.018305161157075072,-0.9655568191236562,-0.2910577778257731,-1.650619590667344,-2.1216407096260332,-1.7135315091237102,-0.06479615781789225,-0.9196328997651413,-0.13995304077488963,0
0.01633661516891757,-0.9681811933146378,-0.2798926334568212,-3.413865965974269,-2.0540702166591682,-1.635298245032443,-0.06260012242040734,-0.9202414029308393,-0.13322357667476825,0
0.019770230297824154,-0.9705213667854959,-0.2742173693562935,-5.255275633396988,-1.964915881727086,-1.5007909364546148,-0.05671279863036685,-0.9208763629244837,-0.12439896009586152,0
0.028615614664644275,-0.973831989763519,-0.2737666557269435,-6.72391544155295,-1.7889773543877059,-1.4093845008928847,-0.0499216935173652,-0.9222561838128732,-0.11751900100440334,0
0.03728908153024234,-0.9792925417697981,-0.2753286186125121,-7.670274806977859,-1.5114110655281736,-1.3989039415740903,-0.04542107017798602,-0.9262603964934885,-0.11411306941121517,0
0.04001368658192672,-0.9860771976435434,-0.27624978264538735,-8.233340327130882,-1.1931001983764902,-1.435859025574978,-0.04424287376503812,-0.9337757198664592,-0.11253595108946726,0
0.036070908456994406,-0.9929038742137627,-0.2757667083548367,-8.617449854247717,-0.9374762255269734,-1.459552066860029,-0.045080751558503,-0.9435693234735536,-0.11099364775746254,0
0.029717018736470428,-0.9990814550159579,-0.2746245913235672,-8.916623663228158,-0.833226247929563,-1.4303083620239398,-0.04617122477908895,-0.9527549253856418,-0.11040929389031763,0
0.025944598224841017,-1.0037691812226797,-0.27446360075309134,-9.133925234707194,-0.9072165479704005,-1.3423026962363012,-0.04673919511485103,-0.9585196725808924,-0.11326365155304992,0
0.02675222460882625,-1.0062402335780798,-0.276933304092866,-9.296501004903106,-1.1015586660670875,-1.2072339590340087,-0.046962208331391544,-0.9599315434001143,-0.11982830257890874,0
0.03058565035991542,-1.0074523384443872,-0.28211922479266477,-9.487895893577042,-1.2928694348517362,-1.0442505473103165,-0.04739495373524337,-0.9586336179115418,-0.12702008092400727,0
0.03392040592565042,-1.0097618605410184,-0.28769213732214705,-9.765116753265167,-1.3579189066014168,-0.8812567756607216,-0.048700932383074144,-0.9580135006742593,-0.13170370476548046,0
0.03313392702359731,-1.014280130780995,-0.2907045766357856,-10.079990628039344,-1.2411364352268868,-0.7448983039099734,-0.051547689840524664,-0.9611214462374995,-0.13399981271647438,0
0.026701383750763526,-1.0198260905225365,-0.2906918435234616,-10.3040814082426,-0.9737918235053118,-0.6463048592890618,-0.0561549052456151,-0.968459950066334,-0.13611103194258808,0
0.017272237280927305,-1.0253868786777163,-0.2900677139908836,-10.325326639423272,-0.6480528441955339,-0.5882742955530571,-0.061693444904070825,-0.9776494554438518,-0.13867333553182207,0
0.010374760002222646,-1.0319368919682166,-0.29109098389057647,-10.117036889336285,-0.3771512079867848,-0.5791628957859045,-0.06657115314463478,-0.9857742500101454,-0.13997596742287013,0
0.00896671023686067,-1.040107729157019,-0.2934484238310997,-9.731430138451447,-0.2537922434786559,-0.6194817164200632,-0.06973797249045467,-0.9919176940910116,-0.13869542123589848,0
0.010015244151516499,-1.0474796911181674,-0.2949720451888221,-9.243963299484326,-0.31399420859193566,-0.677681558123425,-0.07148920790104664,-0.9967915556832789,-0.13573577915557442,0
0.008442706060704967,-1.05050110212115,-0.29393632686341126,-8.696570383022404,-0.5299310542382552,-0.7049876537985565,-0.07278037031190161,-1.0004634352804493,-0.13290700693575253,0
0.0037500286220462013,-1.0486666838385206,-0.29130679800367565,-8.081444090600082,-0.8414230117728351,-0.6849656506276913,-0.07406539385730805,-1.001837081597373,-0.13117742550287076,0
0.0005905828578956021,-1.0450461642183713,-0.29118033535944143,-7.3839314380974335,-1.1956809822907555,-0.65059937130017,-0.0749939453317288,-1.0004549343698053,-0.1311603903067418,0
0.0029177350689643445,-1.042761896640452,-0.2970137336726086,-6.646369584151889,-1.5584804920759647,-0.6404669318891422,-0.07485206260452584,-0.9976413042350071,-0.1343092476695702,0
0.00945602748615273,-1.0421714893977267,-0.30696034544541223,-5.976485358265744,-1.8968171005634369,-0.6571238149271239,-0.07296588687529228,-0.9952709344585318,-0.14198382408716387,0
0.015582985727898563,-1.041387501687172,-0.3156480245496239,-5.474176875497297,-2.1626401745922084,-0.685667478280811,-0.06913249918570119,-0.9937950160518588,-0.15313923806975746,0
0.018538997317256445,-1.038420863278001,-0.32060584825536453,-5.147554468116704,-2.302526079951553,-0.7311951977515563,-0.06428320034608405,-0.9918640028163367,-0.16419765772890832,0
0.019625553697374114,-1.0329732424703184,-0.32365168283098605,-4.912749844614063,-2.2905786327763678,-0.8067383802482068,-0.060327499848938614,-0.9878390667124776,-0.1718404016348889,0
0.021499050637648693,-1.0272745334031892,-0.3259652789614101,-4.6768003541641345,-2.149648621887596,-0.8933655391317105,-0.058393820764818735,-0.9816756382595385,-0.17505786180272506,0
0.024815944220998205,-1.0248073484337341,-0.32530736751222755,-4.400233884303423,-1.926903429736274,-0.9455179907471658,-0.05726869723981866,-0.9756794338210149,-0.17396115131396214,0
0.02845793153064344,-1.0269326007894426,-0.3190528673112736,-4.0672257735020025,-1.645340408606924,-0.9428193104722767,-0.054457159098895,-0.9734419113788051,-0.1678571206292614,0
0.03186217430803688,-1.0314635393345593,-0.3078024975660156,-3.6157844898445273,-1.295353638031931,-0.9170539958851093,-0.048960367060841364,-0.9772678225184448,-0.15600507871250066,0
0.03557195656480461,-1.036086517295309,-0.29501049109151833,-2.9231720985616274,-0.8838265439692127,-0.9201762640299584,-0.04242469969858604,-0.9860325670721681,-0.14015996739670472,0
0.03978036737315731,-1.0418129383882968,-0.28410992215353126,-1.8623908018141293,-0.47854904802375886,-0.9769952119008274,-0.0375710914143868,-0.9958025447209313,-0.12506373760326306,0
0.043340884150439817,-1.0503175918864511,-0.2766103852883123,-0.3773180381588197,-0.1867354353351719,-1.073088421166105,-0.036108332257320935,-1.0027655783277731,-0.11553423047414062,0
0.044466546677693015,-1.0586713056626742,-0.27251104071722443,1.4642427727506824,-0.08332651761092554,-1.1752618295463062,-0.0380167323708692,-1.005253838937453,-0.11330909141880927,0
0.04239301335551627,-1.0600664739084,-0.27212702618544493,3.458992377250497,-0.15710904241027732,-1.2530921303162388,-0.04188800476910305,-1.0031821929336087,-0.11716416304371609,0
0.038212912170043564,-1.0504864839648504,-0.27702383989382,5.316873979124664,-0.32073748819667114,-1.290748405168378,-0.0457035871307409,-0.9967223238097761,-0.1254041531063913,0
0.03377698083985213,-1.0328970121917753,-0.2883495501340316,6.7567335130276485,-0.4705222971083889,-1.2951270989658956,-0.048067510925020006,-0.9862434161799636,-0.13707153455697235,0
0.03002971957503714,-1.01462117655924,-0.30427640412430607,7.592235843828387,-0.5423082356986854,-1.2918740571043446,-0.04914525403430821,-0.9730941481623863,-0.1509020899149836,0
0.026843105118961107,-1.0017428275241242,-0.3201505580780822,7.7713877876943975,-0.5226408198830013,-1.3012236467870146,-0.050174689066747956,-0.9598828760333581,-0.1644349056146609,0
0.024042338190459634,-0.9958770737316853,-0.3317636154296912,7.3802918163326305,-0.4242531684533628,-1.3189420756968597,-0.05207011935411466,-0.9498080946670565,-0.17499525186314807,0
0.021835817091746822,-0.9949330713312872,-0.3381775043008094,6.617966076036648,-0.26676568406603207,-1.3321760788117445,-0.05462492519331826,-0.945150867937033,-0.18141303314808616,0
0.020499357258462435,-0.9959841843672183,-0.3411751995052776,5.732211139137188,-0.07896023121498136,-1.3514744765514726,-0.0566595948768646,-0.9456163776619269,-0.18427994338455245,0
0.0206170108095852,-0.9974179116734638,-0.34243914814437765,4.93658463088891,0.10246044822989692,-1.411617127839238,-0.05673672527289487,-0.9482608001875129,-0.18435113627137018,0
0.023345942321355586,-0.9989841735401717,-0.34172834001781005,4.359710697036191,0.25415323771871207,-1.5340500982889909,-0.05431992292768884,-0.9498653711612449,-0.1811740087464953,0
0.02884270927889524,-1.000506895653076,-0.33748520128494164,4.053178979939027,0.3841342775544963,-1.6963414602219473,-0.050538210537949615,-0.9495089193410827,-0.17386568831107135,0
0.034563453354337165,-1.0011770681453054,-0.32868145815450256,4.029618539398572,0.5223417899479377,-1.8467012799800693,-0.047300663404027346,-0.948381462854105,-0.16304249976710627,0
0.037350818867537744,-1.0003135783614756,-0.3163199954324819,4.277041195407786,0.6939325355212332,-1.9452564608725567,-0.04539794242666957,-0.9474733494809042,-0.15124469981192407,0
0.037440476509501934,-0.9982181125906613,-0.3036815972684545,4.729193469164001,0.8991826483225842,-1.9817223161211657,-0.04385108051739372,-0.9465065162740399,-0.14127987350221807,0
0.03810170786955503,-0.995785395673608,-0.2948773713414853,5.238141622571734,1.1111508752045192,-1.956563667707355,-0.041330552814771354,-0.9453162499574436,-0.13461893688913773,0
0.04098330662469419,-0.9938700434056786,-0.29229458736975844,5.616139860609367,1.2916990527576437,-1.8685423811038617,-0.03797377519353091,-0.9452002188568759,-0.13125640229661245,0
0.043993452217124,-0.993583118779633,-0.29462928703657193,5.745234865920913,1.4187928926035605,-1.7332677488801427,-0.03549639148269435,-0.9479156802345305,-0.13005549698141855,0
0.044401841325274076,-0.9964562092990003,-0.2970887446495586,5.664971457185904,1.5049501366148716,-1.5917456013525626,-0.03537066884479882,-0.9536180800085161,-0.12898052686669154,0
0.042532705719861064,-1.0032820834649865,-0.2945070863323224,5.552310634213508,1.5878998333036647,-1.4783229776217728,-0.03710871653117417,-0.9606227697174472,-0.12636758212868104,0
0.041407397377379994,-1.012720060557964,-0.28634923677058854,5.607738832750918,1.7025026843595326,-1.390681329228065,-0.03876439271081206,-0.9671817431611656,-0.12302106297654367,0
0.04300758536467431,-1.021475518634308,-0.2790421074860588,5.94204442793926,1.8610563854694946,-1.3057998244324085,-0.039073080987458896,-0.9727555859808253,-0.12236531824880545,0
0.04574155390797946,-1.026225088585206,-0.28093339624750924,6.536668065952333,2.049534901467739,-1.217634623701958,-0.03858929223282881,-0.977376239865749,-0.12749328907452212,0
0.04613483766167679,-1.0259360615686839,-0.293543776613287,7.274461965286483,2.231541506486023,-1.1511522777586785,-0.03874320791027954,-0.9804976465791259,-0.13818164086237653,0
0.042482053680510834,-1.0227218091979686,-0.3095440789643828,7.996934408154203,2.3659347266663504,-1.1424420536270325,-0.04044750615714721,-0.9810535207336878,-0.1511897988348497,0
0.03633619196320215,-1.0198848367155497,-0.32031973685496185,8.555178979093874,2.436398692043051,-1.2008776593743455,-0.043763079259544736,-0.9783922862389092,-0.1629176614394962,0
0.031106109850278816,-1.0185355904138296,-0.3237387558370434,8.845483585342235,2.4565094772279106,-1.2830928413871308,-0.04804978732836611,-0.9728073067831841,-0.1712270767045911,0
0.029688967229452804,-1.0168688449840406,-0.3238396983153425,8.83335639183835,2.4372335318591305,-1.3143687242955628,-0.051751473157826966,-0.9654237426845267,-0.17558441527066698,0
0.032677526998683704,-1.0131300869261128,-0.32510431983010407,8.566185949671926,2.372048224059844,-1.2540909752336593,-0.0526846809603216,-0.9578155713630433,-0.17678632291740734,0
0.038084375336112655,-1.007638800894296,-0.3285342191692532,8.161145878603957,2.275899010294035,-1.1411455481250248,-0.049699791912114495,-0.9511934707747268,-0.1764286603554118,0
0.04295232751505743,-1.0011143542993244,-0.332143588491248,7.761755035119343,2.2185531603933626,-1.0665138169085462,-0.04409098558920537,-0.9453419848771487,-0.17566642716800593,0
0.04560383132671697,-0.993149425614726,-0.3337010431779069,7.484652745367051,2.2874659908647765,-1.1046823753734094,-0.03863095431600935,-0.9387972303227188,-0.17448887777834732,0
0.0464875232065086,-0.9838114842957779,-0.3327840526071928,7.379057754354646,2.516553035885223,-1.2694435045576944,-0.0352592903628664,-0.9309664210061678,-0.17261130764471658,0
0.04718912425175391,-0.9751528026403552,-0.3304113649525862,7.3990914168265185,2.8592620432556846,-1.5048689302072464,-0.03414603175345892,-0.9236707172077103,-0.17030238667482797,0
0.049031058619112736,-0.9694317977718977,-0.3266515727015612,7.4049567177180355,3.217252969576449,-1.6951584531296786,-0.034331528652354,-0.919299008904824,-0.16732238785584305,0
0.05237622945017474,-0.9663738339537965,-0.31930843332209424,7.238639061173828,3.486921430340586,-1.7182755030434698,-0.03423018922998974,-0.9176358002785884,-0.1617954504691922,0
0.05660138068480638,-0.9635677888963954,-0.306503683047607,6.859327071155749,3.6080938828926525,-1.5501310461340265,-0.03206180007577096,-0.9161968737089013,-0.15190252519625014,0
0.0605701696293828,-0.9599493420646343,-0.29056402903015494,6.406720629594883,3.603618213155908,-1.3205133899421402,-0.027335181177077537,-0.9140028500217713,-0.13883463391656892,0
0.06325974936766485,-0.9580035627447343,-0.27731054163282365,6.091646863508701,3.565110084597101,-1.2208781823662211,-0.02213637422358858,-0.9133004822266347,-0.12648194674335161,0
0.06385183907811959,-0.9615468210881299,-0.27082209012364616,6.01859003426721,3.567213966493439,-1.340205820636791,-0.01985566657674783,-0.9167091759034263,-0.11786449085335686,0
0.06166224820772421,-0.97150359264312,-0.2705226370323041,6.129571754414763,3.585702445322553,-1.6105774798800643,-0.022113553274962384,-0.924041660794024,-0.11358792464932645,0
0.05682933290072457,-0.9845238545097225,-0.2737422079019354,6.286720979589879,3.5156662917128214,-1.9016327592877889,-0.027342114811939294,-0.9330698102189965,-0.11424519191415436,0
0.05078674721085907,-0.9956239475111777,-0.27924688229766836,6.360762099000509,3.2795396976087092,-2.1255131546024653,-0.032506530821782134,-0.9424092577485518,-0.12186300643662387,0
0.0450884430091523,-1.001902766590017,-0.2875969840068653,6.260364826208322,2.9120260893502756,-2.252188586057526,-0.03580526359083004,-0.9521284893290054,-0.1369339053767143,0
0.039982765696182344,-1.0042487459321645,-0.2995694012816597,5.943080433258595,2.538984498509347,-2.282982935795098,-0.0376589008293477,-0.9616880753105849,-0.15514605898343495,0
0.03497146086214616,-1.0059607647814264,-0.31475468750414365,5.432344508440826,2.281993778180496,-2.250903748975571,-0.03955234529230272,-0.9687321604719921,-0.16935906031101625,0
0.030503017675181786,-1.0092506652454791,-0.33012064640808986,4.81754954571858,2.1809885829143267,-2.2254291456440325,-0.04222373884404312,-0.9707983782460524,-0.1753311392136445,0
0.028246431023890718,-1.0127003846091482,-0.3397256857416465,4.230145953812185,2.1889195270655155,-2.2764870749008654,-0.04502874975870755,-0.9678489722845002,-0.1745484095810221,0
0.029376157535740934,-1.0127203471219293,-0.338625037628981,3.814460332280145,2.2242702492023727,-2.425009016812878,-0.04694828759884457,-0.9623776959347938,-0.17132565780104841,0
0.03274310327853597,-1.007768598944448,-0.3285879270300571,3.6889848370868683,2.2365742381337466,-2.638818565339092,-0.04764143697205453,-0.9570106560750636,-0.16835782434052268,0
0.035543437703516076,-1.0002440022090717,-0.31757159140201957,3.8810967553719316,2.245191219704445,-2.871286934694154,-0.047041977097873,-0.9526183538333316,-0.1656077539205957,0
0.03678617355551627,-0.9936811760362358,-0.3119097352084369,4.274646158207843,2.3255507115379106,-3.092906078256858,-0.044550816388476355,-0.9487534631563289,-0.1621667048086041,0
0.0391855192409486,-0.9889481643774534,-0.3109503584689599,4.648116793931816,2.5449646988060124,-3.29902986015545,-0.03971361132106196,-0.9448245724709846,-0.15777270318995423,0
0.04571784795410308,-0.9841789149543473,-0.3101358060084088,4.798498074957907,2.896821074031073,-3.5124360849367484,-0.03366838933283314,-0.9402308348892231,-0.15293789055918036,0
0.05510364495774997,-0.9778857841384929,-0.30692802610608666,4.635493370990958,3.296339417594639,-3.776091020444795,-0.028838448341655814,-0.9342677922889264,-0.14876556070743513,0
0.06282252668857022,-0.9705769641944141,-0.3025279504490555,4.16463868722904,3.643160952417859,-4.117594180862266,-0.02663140390750544,-0.9268556848777596,-0.1464658600341108,0
0.06582866259834845,-0.9631565330288544,-0.2992779257491514,3.4227005298245325,3.8881871085208575,-4.515113783190467,-0.026022790526451352,-0.9190943250897761,-0.14603124041844057,0
0.06443990483505475,-0.9556893915293232,-0.2977381023650045,2.4720555395941104,4.047937955148642,-4.9201103281952,-0.024974474808818866,-0.9125440862882911,-0.14549196876091172,0
0.06058936644217016,-0.9488799999060863,-0.2964672210250408,1.4374736414443294,4.168225887987747,-5.318574205629383,-0.022925685969445102,-0.9080380084191351,-0.14261546085103038,0
0.05611730550149108,-0.9450106474104775,-0.29440886061797195,0.47571608195795906,4.276378041642055,-5.740032805237758,-0.0214541033131444,-0.9055550605401771,-0.13773194850435486,0
0.052252437049029564,-0.9456846105222864,-0.2929577199368018,-0.3348564502341181,4.362827767954872,-6.186292487735883,-0.02261758890058326,-0.9052466858091531,-0.13408979884031605,0
0.049352502594621164,-0.9499516527461838,-0.29468570171102343,-1.0516735937376043,4.413604093856539,-6.577315332968472,-0.0267485642430975,-0.9079668079008547,-0.13477413827608264,0
0.047357096787651244,-0.9562929232796948,-0.2995843462917531,-1.7799371778756155,4.46591352562126,-6.806994460931622,-0.031727855457558116,-0.9141559584029655,-0.13949874952149074,0
0.04684033568277057,-0.9649004498780195,-0.30392085301867866,-2.531268137683462,4.612708220523545,-6.854080719910624,-0.03460717983570982,-0.9224653540826823,-0.14472923085560305,0
0.04834615070351474,-0.9758153702129145,-0.30429613200655786,-3.1896516414907987,4.9238078179765505,-6.810113127361788,-0.0343068040028005,-0.9302813456678742,-0.1467846532433172,0
0.05016435216124197,-0.9860730686739897,-0.30158709362399816,-3.613452836263275,5.360052309383617,-6.7906516547639315,-0.03267485257534527,-0.9358710077537715,-0.14476083320830394,0
0.048822760493796975,-0.991716849956823,-0.29876683948390925,-3.755993949099466,5.781203007341976,-6.838749118537792,-0.03269925763675727,-0.9398624269674322,-0.14081881573771904,0
0.04319139506772306,-0.9929415874847111,-0.2961187287624878,-3.6932205328340166,6.040965928721907,-6.9166800017870065,-0.03571025302714409,-0.9445406255631684,-0.13795912491024892,0
0.036515317848173086,-0.9946051593648262,-0.29156523680496294,-3.559304096286593,6.071494136510474,-6.960739006303907,-0.04027200912636523,-0.9513845843116793,-0.1374076704846478,0
0.033065647576635805,-1.0002661621135556,-0.2852853545145095,-3.4615391581641353,5.894470648271145,-6.925990048845593,-0.043531588515591205,-0.959025191791073,-0.1378446348979917,0
0.03398093714482093,-1.007579045119487,-0.281093375706934,-3.4248620001152257,5.582266423058921,-6.803138605697043,-0.04367023486587922,-0.9640156896826476,-0.1369995960652391,0
0.03714546594585523,-1.0112431984088763,-0.28246760801382526,-3.382962032394798,5.219498994289053,-6.625744058462014,-0.04143329198876165,-0.9639566883322978,-0.13404225495564934,0
0.039741767195589334,-1.0092163388882063,-0.28863012433041046,-3.2324753901103245,4.880193207518513,-6.45767867246097,-0.03946955937986062,-0.9596378258427543,-0.13061476918998463,0
0.04013654033329368,-1.0043993083254847,-0.29516522541859996,-2.94042777846872,4.606877102469383,-6.344564609579732,-0.040069614037714675,-0.954206293107816,-0.12973152704211016,0
0.038459650090863634,-1.0007243152026812,-0.2981729656713188,-2.6261182127381106,4.393374777765003,-6.266145408864114,-0.04336807007351927,-0.9506078401653503,-0.1333899227139237,0
0.036115433712135235,-0.9986500612372422,-0.2982298626162518,-2.5177973424428135,4.199443624375527,-6.15269442689883,-0.04740664202832523,-0.9493748199877242,-0.14044602343398305,0
0.03412911520470202,-0.9947680856603945,-0.30043821784320657,-2.7815967612975676,4.00544880931087,-5.966476793305054,-0.04974255332712261,-0.9481672960875925,-0.1467169797456305,0
0.03215336362726789,-0.9861066587394097,-0.3085983510129629,-3.3716465755002836,3.860593166738263,-5.762226236268918,-0.04944554694225161,-0.9438779412043858,-0.14824603368860587,0
0.030200768269126585,-0.9747719443674526,-0.3180588055008429,-4.074210015935199,3.869598860358071,-5.640587601485633,-0.04787394762657716,-0.936079984297474,-0.14492755299054438,0
0.030735522947030188,-0.9671099837026166,-0.317603369534227,-4.713728249664522,4.125998115313479,-5.6296347648739715,-0.04699261706428594,-0.928123429036698,-0.13990341871929823,0
0.03687344027877629,-0.9674136977828739,-0.30176204845370413,-5.27465757245698,4.65514517111458,-5.639775372034021,-0.046795092885467765,-0.9239815143060272,-0.13512249469549403,0
0.04777798078412604,-0.9734755359359657,-0.2786436702629884,-5.80027185862428,5.408995109256522,-5.557665667559809,-0.045314772712021716,-0.9244497012566897,-0.1291936267334003,0
0.057468364863291405,-0.97947002548361,-0.2622350689218013,-6.249471473870721,6.296414650021938,-5.351464110400485,-0.04137166367602421,-0.9275072321177257,-0.1207033256512968,0
0.060347233414068426,-0.9824121607488497,-0.25915920579136575,-6.5423867376017935,7.212803061345006,-5.044420551121814,-0.035964372698913304,-0.9318267324175967,-0.11195186648715563,0
0.05802482536344902,-0.9843508569110718,-0.26519520156955795,-6.712564057946833,8.06088641808941,-4.621867017292884,-0.03026401012407443,-0.9380936407401979,-0.1071972324374017,0
0.05826225347162146,-0.9884745380041372,-0.27196596288304326,-6.9051777014966325,8.77783252799308,-4.045496989687221,-0.023592610681415514,-0.9465260902431734,-0.10780111578813388,0
0.06594644292946357,-0.9948240521232427,-0.2744164758876552,-7.208266453019265,9.362891745211648,-3.3676883964497026,-0.014894546488766685,-0.954833378515714,-0.11125253006028407,0
0.0773873395406809,-1.000745758450801,-0.2732215094184372,-7.573279133991102,9.866759536555342,-2.7478010866905542,-0.005688035650125269,-0.9599691447158477,-0.11484831260764716,0
0.08516175425653985,-1.0042736045485805,-0.27221078381979064,-7.930890642610773,10.328518706654553,-2.298585883356646,0.00026724700981409623,-0.9612064177638547,-0.11823741861121288,0
0.08645474340735926,-1.0054440672619358,-0.2740415110978631,-8.290857126259814,10.721219528361681,-1.9577072652095053,0.0008896942789929573,-0.9603239637317385,-0.12210552725342774,0
0.08429041902986639,-1.0049991239418552,-0.278303579521954,-8.665116901281479,10.97915203382662,-1.56477312774934,-0.001986541329078531,-0.9592580211050117,-0.12653737315293748,0
0.08159851928010099,-1.0040116365297815,-0.283690681614637,-8.989122852663556,11.073766595714858,-1.03645962630614,-0.005497541003763475,-0.9589519858895352,-0.1317322575503223,0
0.07719557830743676,-1.0049567496104739,-0.290496745178867,-9.245359928694008,11.025677109062654,-0.40545496792866376,-0.009607732164345607,-0.9603272902191311,-0.1385222166422783,0
0.06914525565325468,-1.0105399033920945,-0.2987873300112953,-9.610314327461968,10.839178250284858,0.284155895927192,-0.01591507345990789,-0.9644840421868404,-0.1462801724298741,0
0.05981183918067868,-1.019873564264726,-0.3051252041528361,-10.298947846342635,10.482417477740317,1.0088367196354102,-0.02344060243956458,-0.9709172540125728,-0.15147084408839825,0
0.05384252565789968,-1.0276845246968656,-0.3051165340568911,-11.230534760780309,9.959410089048134,1.660287438131348,-0.02897004811325049,-0.9767338529105152,-0.15086730938713228,0
0.051069557794610344,-1.0294428072784623,-0.2997453348913299,-12.019952662466167,9.34097107633882,2.0260952114345137,-0.03227968702018825,-0.9791671120048232,-0.1459927567202371,0
0.04541043565120879,-1.026294855946135,-0.2949192834433807,-12.396474591246232,8.672981456583281,1.9865959815130438,-0.03766668526871748,-0.9786382304533958,-0.14183906553075426,0
0.03281392442277762,-1.0230909453215238,-0.29318549451014486,-12.500281648289144,7.899979119723811,1.6837930169876691,-0.04820047730453923,-0.9780756328190374,-0.14076280137745428,0
0.01728695483389033,-1.0223985554507073,-0.28991179961189034,-12.643891837216177,6.9450377037887465,1.3907699220985321,-0.06082085922275017,-0.9790523975984321,-0.1396138496752846,0
0.006343222179422915,-1.0225682372826617,-0.2801674035360038,-12.87520084709049,5.851139778575875,1.2272066812366325,-0.06958702892413811,-0.979832268185445,-0.13364924435711117,0
0.0026710393262688783,-1.021420390969536,-0.26624993260429497,-12.917212035714034,4.792395706981948,1.087180403166687,-0.07219058004580277,-0.9779988754785489,-0.12214272712643019,0
0.0035631946243699637,-1.0194463660646178,-0.25535732411166623,-12.50344109172077,3.9424881651158277,0.8388218560204618,-0.07078190465933779,-0.9740131160155354,-0.10931524357856767,0
0.0074122120312812975,-1.0182775236685515,-0.2518541758430525,-11.644822957632591,3.3654103949428635,0.5048017442252802,-0.06742037820614076,-0.9706754302541081,-0.1002810305531711,0
0.01655620446001159,-1.017508543801607,-0.2548149856327431,-10.561338408397498,3.0404616763822565,0.21545142182237217,-0.061525305086963224,-0.969390264488403,-0.09717542624637904,0
0.03216118145876498,-1.0149486781400823,-0.26162732990902127,-9.480003324651092,2.9516028908464023,0.042695107940212265,-0.05217498211930787,-0.9687806259933693,-0.09932953389823618,0
0.04930818082609759,-1.0099731462434791,-0.27050577484858823,-8.579237928874209,3.1053828231434517,-0.06742113888726596,-0.04085255651745442,-0.967341141783461,-0.1055745326518019,0
0.06050662770225437,-1.0051831597146783,-0.2794903714881181,-8.050904733677061,3.466234828437108,-0.2068978072034823,-0.030624927239727828,-0.9657295140962564,-0.11475714037302662,0
0.06363437644356036,-1.0042201382797389,-0.28572493074651717,-8.075886863116546,3.926697344114658,-0.38808985739415325,-0.023321610034586594,-0.9656765440653962,-0.12453677028735749,0
0.06391498907987032,-1.0086755771973583,-0.28704575912150176,-8.685598009090503,4.3705993241279355,-0.5338802039993793,-0.01836982997897532,-0.9678613289737733,-0.13146050830194145,0
0.06766842847723206,-1.0171449821586724,-0.28389806215801244,-9.680337828880042,4.738918692624693,-0.5774072290447455,-0.014005160488607178,-0.9715143922251983,-0.1331291147024351,0
0.07562606031116785,-1.0261278578903348,-0.2793677328859628,-10.715948625803788,5.011358425032095,-0.5510035632182757,-0.009220172893851243,-0.9753654928671038,-0.13021971065353527,0
0.0827810056675863,-1.0317419865452189,-0.2769062344539444,-11.49493156949731,5.152582106052065,-0.5678214179825117,-0.005024006455683931,-0.9786694007361442,-0.12597992587843135,0
0.08393475602785024,-1.0322204668737758,-0.2774567192189928,-11.918423369632615,5.110524806552556,-0.7261769184412268,-0.0038267970660327884,-0.9817471500724618,-0.12320234221809419,0
0.07887957766085013,-1.029727677304147,-0.2789664071339599,-12.08695110572912,4.85607361972633,-1.039772934366749,-0.006839431917392826,-0.9854623143395966,-0.12176207803046404,0
0.07188139096023757,-1.0286970616641302,-0.2789184509730227,-12.155047961907705,4.3991756907992725,-1.4494268460040827,-0.012293641235410152,-0.9897457239529064,-0.11972592107770165,0
0.06627719811041506,-1.0312591494420553,-0.2767284058605915,-12.183312720738359,3.775002074360819,-1.8815702610914524,-0.01716633748506667,-0.9929165566876794,-0.11647469049652735,0
0.061256385985798696,-1.034909516602477,-0.2733270569570038,-12.12108209868899,3.0428856449944868,-2.285566808801668,-0.0202860984200682,-0.9930851393238282,-0.11356864548843675,0
0.055015875200498436,-1.0356986753827133,-0.2694090369276929,-11.887529862267153,2.3022818743191116,-2.626570616296665,-0.02271196140342797,-0.9901316983909584,-0.11273136016582178,0
0.04881156596498098,-1.0329504967552727,-0.26563092106440744,-11.44117183746191,1.6801313785075311,-2.8718647731442686,-0.0255947029352123,-0.9858298651650484,-0.11427146548924906,0
0.04528724454623023,-1.0293577215461158,-0.2645329728934716,-10.813634230595385,1.268752226594952,-3.0088465316338198,-0.028999122213616595,-0.9820978786919949,-0.1175830461367395,0
0.044227178748064616,-1.027105751867114,-0.26972984436996705,-10.129980167229292,1.061764890509878,-3.0721602122324336,-0.03258080341042833,-0.9794469383137802,-0.12201544307701342,0
0.04297375149796691,-1.0259525998904646,-0.28093627404813426,-9.581554964509436,0.9561024449480274,-3.1256631314407906,-0.03604169968021754,-0.9771293086904658,-0.1267397245658451,0
0.0407635963485993,-1.0250737278336695,-0.2914484751829204,-9.324578675623572,0.8305229518597528,-3.199209920401196,-0.03873817282924738,-0.9746385581077093,-0.13041149447933173,0
0.040190318572664606,-1.0246762098735254,-0.2938056986412399,-9.374070840882826,0.6371982650986888,-3.250006383839285,-0.03984944908400268,-0.972747266134944,-0.1315251419086664,0
0.0439033589853851,-1.025032164677111,-0.28764272122924434,-9.584959025392942,0.4333091339481639,-3.199007193377156,-0.039078586969962734,-0.9726434869841061,-0.12910307291099998,0
0.05151505708567175,-1.0254819871633696,-0.279434258456891,-9.7280340767746,0.3394289439299522,-3.002874295674918,-0.03637786338309054,-0.9742752886317284,-0.12330794909259483,0
0.06056718024746996,-1.0256053629566058,-0.27478238847412156,-9.608610185358268,0.46734899341366665,-2.680936457750789,-0.031094333386462676,-0.9763732325357966,-0.11601350087636057,0
0.06927052331634923,-1.0263843392158156,-0.27345977882167877,-9.177920194344617,0.8600420987950421,-2.2785083525641427,-0.022486094616039294,-0.9781552479256077,-0.11059041286270477,0
0.07700625969255767,-1.028758345368773,-0.27242825034894896,-8.57760589267799,1.4591529589095737,-1.8281482037218761,-0.01142952549471198,-0.9800795763628773,-0.1098320742831228,0
0.0831468875801076,-1.0316497723372082,-0.2712193602739964,-8.056329200872906,2.1068742296896725,-1.3588441071829889,-0.0008905649219828112,-0.982564165271309,-0.1133315190360617,0
0.08718806240305776,-1.03299582699276,-0.27211603796110945,-7.790525512168611,2.59618618983102,-0.921495268687039,0.005963443963752407,-0.9848149906153867,-0.11772691978113291,0
0.08967704436019135,-1.0324257606120693,-0.2759060317589945,-7.756835304773813,2.7688802621252426,-0.5754341772652132,0.008287768534619735,-0.985648317170836,-0.12035957870993015,0
0.09161251253127,-1.0313676664253446,-0.28024990341029055,-7.770597757589344,2.6118006376484693,-0.3484424518449317,0.00816990533137927,-0.9849993036047007,-0.12200498771704689,0
0.09305596680673314,-1.0303155266299804,-0.2830384361725864,-7.639856682754569,2.267612865347656,-0.22778069145189558,0.008567821846964193,-0.9836867438214351,-0.12511281932016893,0
0.09307478056456749,-1.0273729421923543,-0.2853479278068194,-7.287750753460977,1.9250236400406924,-0.19391097131968496,0.010329269429061486,-0.9816652177784508,-0.1300195482105365,0
0.0908230207494665,-1.0206860486001748,-0.28942151305685193,-6.7630277764973386,1.6684156448554612,-0.24959286169241773,0.01103673789923176,-0.9774381634093965,-0.13426383750401458,0
0.0861866703570542,-1.0116690598261049,-0.29429785274706427,-6.177774442462448,1.425457470607089,-0.4078170668351353,0.006989507867783202,-0.9697731474773661,-0.13567828827132786,0
0.07940575443354296,-1.003911357940759,-0.295408714809818,-5.647089359253465,1.0617240347839942,-0.6561544586015103,-0.003240191911237218,-0.9595683661790904,-0.13472599067106522,0
0.07028435858936466,-0.998803222407778,-0.29005499079126706,-5.256323191326745,0.518273520018118,-0.9421955787194213,-0.0170767723820804,-0.9495137142099251,-0.1329777422725588,0
0.0581866242544222,-0.9945481289792744,-0.2820665452666826,-5.040721238447541,-0.14568816679068394,-1.200531459144487,-0.029911512131956797,-0.9421008636972483,-0.13053655156637087,0
0.043654011491693435,-0.9901360751223063,-0.2778474331164547,-4.97636819173891,-0.8201405505023188,-1.3956550361144957,-0.038812058963279286,-0.9382599341683245,-0.12652015378902098,0
0.030121144118326646,-0.9876969746178237,-0.27771197875344855,-5.000569724733239,-1.4240931572574016,-1.5376643764591362,-0.04428253060523982,-0.9376180373902886,-0.12138127716486097,0
0.02239625678649572,-0.9894204144943795,-0.27504327940670986,-5.053533609310487,-1.9267552645054369,-1.6560020677659484,-0.04872131125996301,-0.9394808386832707,-0.11682562530305751,0
0.022062980553682457,-0.9941410317754652,-0.26569675379515884,-5.101153615442033,-2.325294438529718,-1.7560750775713183,-0.05349443976775936,-0.9433426668944129,-0.11342731548046991,1
0.02542667404321598,-0.9987016575241306,-0.2548014306633885,-5.123163626852908,-2.617319638232461,-1.8013526699064932,-0.057477785806948976,-0.9486104851780339,-0.1101436950534777,1
0.027707537705802313,-1.0014321766968086,-0.25114708816501724,-5.0998712582911825,-2.7805960832698147,-1.74586287172108,-0.058265750228392754,-0.9540572159983081,-0.10675532621128328,1
0.028726905389170655,-1.0028883830550206,-0.25660893319239203,-5.026113037304185,-2.766940386344398,-1.5874019439770641,-0.054532520552639595,-0.9578523398356592,-0.1052250545855802,1
0.03261691430768262,-1.004099106015674,-0.2645792634167198,-4.930893417505123,-2.522760774324134,-1.3754309211648534,-0.046968122967546745,-0.9585729356890934,-0.10747778874946012,1
0.04196516654902428,-1.0052514384881466,-0.2686628023890449,-4.861664298129778,-2.031143928284873,-1.1571715558602444,-0.037209446167063884,-0.9563888274317177,-0.11266557365079494,1
0.05431579447035194,-1.0055584146255785,-0.2696149513689411,-4.830839289171737,-1.3453259991722597,-0.9296309049844266,-0.02649925773976744,-0.9530289181428704,-0.11781312174165526,1
0.06543883499745026,-1.0038259137441825,-0.2722895258056705,-4.774264555046969,-0.5792809045982511,-0.6624659968493994,-0.015477014690167141,-0.9504107627533271,-0.12091163517401393,1
0.07447334393387935,-0.9998721967765765,-0.2782777670183103,-4.577076200508608,0.1502261255252874,-0.3634211496454247,-0.004817086839003689,-0.949429789008307,-0.12249977027142106,1
0.0837792187485749,-0.995759321989793,-0.2844400213878716,-4.162519926294668,0.7808303156618629,-0.10203445156950788,0.004229677578283936,-0.9499455247853164,-0.12435418624410721,1
0.09384339885836246,-0.9944653988028852,-0.28787224082909296,-3.57004313018106,1.2932340517322174,0.03959201974418063,0.009959866739868017,-0.9512860408233933,-0.1275757251911246,1
0.10072785415461402,-0.9964897366319518,-0.2894004614162071,-2.948663143503434,1.6441861010223375,0.036362774204649416,0.011150210841343629,-0.9524290318717685,-0.13213763114649568,1
0.10049304556638279,-0.9987555340869897,-0.2918118892763856,-2.4641655727430103,1.751567567592722,-0.05710445471760846,0.00844207971653716,-0.9523453565434634,-0.13743620084132868,1
0.09515938802577367,-0.9981153777551803,-0.29655747327613086,-2.1962086395659384,1.5898872824027437,-0.14992773403214574,0.00476776983825373,-0.9509944297769302,-0.1427043651152032,1
0.09139286630513496,-0.9953716444582278,-0.3026181700585346,-2.11308206130723,1.292450429291012,-0.1890122900593109,0.0033080801979284698,-0.9497613022119191,-0.14716058379529331,1
0.09227494556752498,-0.9942747024960525,-0.3075535283587226,-2.1388456403050125,1.1062270199368858,-0.19757775086172233,0.004231610181032174,-0.9501235342132783,-0.1500607290793028,1
0.09276194868990517,-0.9965762611749378,-0.3092338801891742,-2.2363443369610563,1.2027356192733363,-0.238708693942961,0.004053204169242885,-0.9520404391229259,-0.15067338409541023,1
0.0854741456948429,-0.99986607492593,-0.30668838179060814,-2.4190619506242648,1.5237096434562671,-0.3444052645047093,-0.0009567533157525396,-0.9543375755932325,-0.14850367333142833,1
0.0697207180505391,-1.0010134209717356,-0.30000665967995943,-2.688430454704808,1.814649641343359,-0.488310134168065,-0.010885099370342814,-0.9562016137314936,-0.14390286736240507,1
0.05264721833371548,-1.00010287488996,-0.2908892411073903,-2.976963001625715,1.8122614991584212,-0.6193904920449625,-0.022102999145848838,-0.9573899925395397,-0.13832565010854203,1
0.04185080036713339,-0.9995551232419796,-0.28326765882779087,-3.1691672983383614,1.4207045470736512,-0.7025487297050541,-0.03083661255555933,-0.9575877523364723,-0.13355674458929426,1
0.038526622864729534,-1.0004094473544525,-0.28118248285352637,-3.1855186845486614,0.7504315199630404,-0.7217976896612888,-0.03623080704317744,-0.9567179174385719,-0.13066151897353662,1
0.03824471865871512,-1.0013085732739797,-0.2849889647225063,-3.046616661955624,0.02424373884562679,-0.6606418687386175,-0.03974381249147446,-0.9554154702688967,-0.12996154279829303,1
0.03728701571485026,-1.0010442245016016,-0.29101879197344666,-2.853842039467923,-0.5548714292250768,-0.5007127214675618,-0.042302666012593255,-0.9540705929895816,-0.13170300690607034,1
0.03657365365113656,-1.0003383188601402,-0.2957037289069515,-2.7087420839084397,-0.8819165623760402,-0.24613810144712145,-0.04318571368145151,-0.9518323313879522,-0.13592453986804973,1
0.03890000392394355,-1.0001387387550038,-0.29867042388612663,-2.6555954193060267,-0.9434417349454861,0.0628341272471794,-0.04181056538614432,-0.9477559454152309,-0.14150301632390677,1
0.044012935637296045,-0.9991488857620112,-0.3010066965393005,-2.692838266326205,-0.7644958795923325,0.37558584958759894,-0.03945428924366195,-0.9427294898872292,-0.14598997763669982,1
0.04833722186696962,-0.9947423533014266,-0.30227071284558177,-2.807484772413046,-0.3741805966722585,0.6750123963681799,-0.038237449407525534,-0.9389694229678193,-0.1470044160646922,1
0.04934428093687718,-0.9866128954184432,-0.3013923118873565,-2.973958218790276,0.18361475125510807,0.990927935287202,-0.0386530621495914,-0.9372787270142624,-0.14413728281879262,1
0.04883019816218653,-0.9780566297795037,-0.299946068350827,-3.137020101556568,0.8279230619507632,1.36463360017261,-0.03873178666939392,-0.9358909524496248,-0.13975688417538318,1
0.05133948251071162,-0.9727024968414372,-0.3018356978603742,-3.236897784974976,1.4504572604944264,1.8015823467673588,-0.035668065400609635,-0.9327613759697836,-0.13774182670670818,1
0.05936598635836805,-0.9708851130642293,-0.3086342663037896,-3.2721335493248533,1.9565256307782644,2.2608854437803534,-0.02820492856452548,-0.9282015929983496,-0.14079590889372942,1
0.07020402421661535,-0.9700212876369314,-0.3170632350672057,-3.329134065675203,2.3001783205235107,2.6824042520941394,-0.017893541092910848,-0.9243545785699567,-0.14866926557752777,1
0.07829900577925979,-0.9679446004890008,-0.32273836401205175,-3.535567356086581,2.4893883900508054,3.0129794065241224,-0.008235125499869923,-0.9226181932406082,-0.15877644333061486,1
0.08134554744949853,-0.9652752371572835,-0.3252335784199348,-3.9798820419139287,2.5679639055635466,3.2125160751835438,-0.0020324851834478447,-0.9224260084134289,-0.16810218680809608,1
0.08297724920795657,-0.9643910154267872,-0.32761990626913956,-4.671639113463591,2.5907547304511978,3.2555640118841698,0.0008547311292115885,-0.922239129667541,-0.17467734164728135,1
0.08798415413962984,-0.9661140941069137,-0.3317344536373879,-5.5637916519892014,2.6066347731242203,3.140771449715814,0.0029327640962227984,-0.9211807641488107,-0.17810025217220676,1
0.09587249325141348,-0.9685446179862782,-0.335771030724321,-6.591423326377182,2.6566067303617604,2.894935985735944,0.00604319452535805,-0.9199873112966169,-0.17909680125659308,1
0.10112276874405933,-0.9702686658944057,-0.3364059561305433,-7.677227157262413,2.770594265636538,2.5566387542330906,0.009029825258670923,-0.9206024225457125,-0.17844504401526506,1
0.09871519856054244,-0.973069418517972,-0.3319884095590677,-8.70691038932465,2.9389996578540076,2.1520764086247723,0.008548152869242587,-0.9243491414052024,-0.17617392558997444,1
0.08701015237892681,-0.9791230191977073,-0.3237452169258014,-9.525635034747374,3.079212415540259,1.6923931065598545,0.0021390135397509535,-0.930375675797334,-0.1716306680662876,1
0.0672030950772658,-0.9868854693852341,-0.31500659885211235,-9.994441752058416,3.054053016314338,1.1972517095277337,-0.00954312660027941,-0.9366520117864312,-0.16433245368136906,1
0.04410173779280861,-0.9928639880184975,-0.3092483151207013,-10.074411690014845,2.7519301399608467,0.7116228696033637,-0.023408554978369717,-0.9426051335145185,-0.1551925822747937,1
0.025889176186828348,-0.9969165176307395,-0.30737418748987927,-9.854207860117816,2.158643371933497,0.2876539136158318,-0.03644468440462934,-0.9495787418605238,-0.14692657169343556,1
0.018019348755801218,-1.002431532875759,-0.30636179648580225,-9.479493054684932,1.3569701559005225,-0.049647687175365426,-0.0472160296604246,-0.9581549472837596,-0.14233373043437936,1
0.01757915671814099,-1.010622817286607,-0.3025290908698948,-9.040458468211064,0.47720228061673803,-0.3103529889862108,-0.055264081942795654,-0.966301622813702,-0.14172875403480947,1
0.017411334962220516,-1.017806195980468,-0.2970831951368541,-8.51856330513942,-0.3380828984561689,-0.5120751581328251,-0.06015875862290057,-0.9712920903743384,-0.14296544828764102,1
0.014982381946857371,-1.0201530883817118,-0.2957909016851731,-7.841916527975069,-0.9464152912230971,-0.6524635134135037,-0.06171474172877647,-0.9726942767101247,-0.14453678862721833,1
0.013956492596844505,-1.0185962094952294,-0.3019350803413056,-6.995137537471395,-1.2360889394346934,-0.7135396507714618,-0.060466830003651106,-0.9722336963694669,-0.14753449801319604,1
0.01806662066436388,-1.016507269226935,-0.31258960686609705,-6.07123504909068,-1.1811574820313329,-0.6845332200807744,-0.05730043969075059,-0.9710386781721027,-0.15349858633715585,1
0.02654174521876684,-1.0144767627733935,-0.3227849074472236,-5.214376030721481,-0.8663014922795162,-0.5686992581739372,-0.052893226686421116,-0.9683675054723521,-0.16121077269991368,1
0.03559303760814732,-1.0104699001653896,-0.3300242297915111,-4.522576106018069,-0.4403279867200898,-0.3742990943689124,-0.047588794989250054,-0.9633681139771588,-0.1671650921508586,1
0.04275760083351945,-1.0041986666133464,-0.33374278864477425,-4.013587090872446,-0.034251090140709074,-0.1212488120391238,-0.04121498734555895,-0.9569494416385946,-0.1691722771709373,1
0.049317523559481165,-0.9982458641845229,-0.3336357258339027,-3.6702633937069225,0.28715363316233805,0.13558183208254182,-0.03306666055460815,-0.9510560140025844,-0.1683019092253279,1
0.058290994478478846,-0.99471029307472,-0.33045566020323364,-3.4868061370116896,0.5253419083468426,0.3070504582681661,-0.022945820728674945,-0.9467201661237338,-0.1669818873053614,1
0.0700298857594078,-0.9931877993827685,-0.3266230676329938,-3.4497513477191175,0.7322256767180911,0.31137088096570453,-0.01241304122247352,-0.9437515549074343,-0.1660696492378114,1
0.08100457504552079,-0.9926356532686527,-0.3240846577964519,-3.489607758090986,0.988277208997103,0.12031876879932105,-0.004250313694883907,-0.9420813172110291,-0.1644943968610789,1
0.08748002613226302,-0.9932369439554936,-0.3223496994502344,-3.491912030338956,1.3615973688398308,-0.22814762141767744,-0.0002663132261092737,-0.9425370764261853,-0.16160779199194922,1
0.0890225804521044,-0.995628639810312,-0.32017917267567825,-3.3762873516996237,1.865487389160822,-0.6504659830333818,0.0001758818668715822,-0.9460885552062067,-0.159001975094759,1
0.08799996370348748,-0.9997888939742204,-0.31836748622928523,-3.1466132330759584,2.4516283790811504,-1.0529451802043295,-0.0005247582893443972,-0.9526974768656282,-0.15903507678521392,1
0.08698481714438985,-1.0053949400919884,-0.31881845173718204,-2.846147058458826,3.0401898907393425,-1.369261151535612,-0.00026145978617627915,-0.960992137187892,-0.16168351514647186,1
0.08651569893793899,-1.012101253158199,-0.3210950298596054,-2.4828399896598525,3.5514107499106493,-1.5858814477846894,0.0008804693086415007,-0.9688342306879529,-0.1642246439903616,1
0.08410108151401605,-1.0188347248199237,-0.3219292748653645,-2.029929302141665,3.9153790099313315,-1.737277076688808,0.00023965977935895249,-0.9743905823994761,-0.16463472431389592,1
0.07626459264152925,-1.0236434118857736,-0.31884119543372214,-1.5007783720529233,4.070065185409721,-1.8655707006107984,-0.005383390612185036,-0.977129229058281,-0.16401278282247458,1
0.06306260739609432,-1.0247752922133657,-0.31339020851636346,-0.9962550668744097,3.964247677909378,-1.9695081078110364,-0.01634676481818443,-0.9775653845096758,-0.16474960752939324,1
0.04935062993334356,-1.0216125336681858,-0.31053438612128603,-0.6542711428751755,3.56545867904122,-1.9925599060560515,-0.028887175333073854,-0.9757564339693386,-0.1676247812984869,1
0.03993860719517584,-1.014781559159882,-0.31472846402942134,-0.5570877069614697,2.86950559668792,-1.878838915334691,-0.0380921482642114,-0.9709762472696319,-0.17193711148889704,1
0.03468107380525695,-1.0061580940775852,-0.32567445195695205,-0.7214260642030698,1.9152942039988021,-1.653179944022654,-0.042444877045676316,-0.9635711159900412,-0.17718240898303714,1
0.029812111742135397,-0.9985383042332547,-0.3375886684504751,-1.1886336029121212,0.7941187429519488,-1.4342323123516607,-0.04491133806996615,-0.9559132089903981,-0.1827900282442918,1
0.022874500348768763,-0.9940902772165473,-0.3439341350371747,-2.0601138483694297,-0.37306391440607195,-1.341569652610234,-0.04931110223991683,-0.9503918568048333,-0.1869231039866878,1
0.0148125852546355,-0.9927048490471189,-0.343345475593273,-3.3677229490474327,-1.48331607701495,-1.3734974010010805,-0.056268405263854626,-0.947300762937313,-0.187529887303853,1
0.00846380187547776,-0.9923481650392254,-0.33987691746618315,-4.926507444642602,-2.4739445751229505,-1.385618060288461,-0.06316451806330095,-0.945401500010816,-0.18470402139253186,1
0.006893645695819299,-0.991181256114226,-0.3374296382021066,-6.395802694584956,-3.300249205257358,-1.2080514893643302,-0.06699041991596617,-0.9435929102727746,-0.1806614250098832,1
0.012118937725338619,-0.9891441186655449,-0.3355366319153282,-7.508189253897217,-3.9174958953417414,-0.7878658276395751,-0.06605955077553206,-0.9414754126205858,-0.1772842527514447,1
0.023012414267689036,-0.9875683510022808,-0.33155814423994234,-8.206593774460627,-4.306368360095306,-0.21989476289701632,-0.06003437111431578,-0.9392706591061272,-0.174717649539328,1
0.034916193289656026,-0.9876126778714754,-0.3256136655650859,-8.579111568249383,-4.508174225643276,0.33800452929282115,-0.05034209820294382,-0.9378028090917059,-0.17228655224589323,1
0.04353135421914526,-0.9893282716083648,-0.3209389331886134,-8.732759406884085,-4.614395081511557,0.7611938268355574,-0.04036955451836331,-0.9379586741585884,-0.16976316180925066,1
0.04905315063064245,-0.9920022898868853,-0.31935656921837297,-8.744802635973207,-4.709334797786196,0.9962571461051041,-0.03331186115214917,-0.9398919671551941,-0.1676063927744737,1
0.05506335330994064,-0.994888519623976,-0.31894455482217116,-8.675611161436548,-4.816396726920594,1.0570720812567473,-0.029099889241204005,-0.9432001723261175,-0.16649514212773972,1
0.06380617646632053,-0.997568607550577,-0.3173548818054862,-8.579817930711133,-4.892353900966704,1.0097248304416642,-0.02454234925811474,-0.9476916584816194,-0.16671443267137975,1
0.07353860648538096,-1.0000047277852278,-0.3158395273827423,-8.505780747462351,-4.867135113635598,0.9394915125467013,-0.017474498416007667,-0.9532228397224604,-0.16790307172030738,1
0.08016169410432814,-1.0024674752655836,-0.3180614473708613,-8.497322948215785,-4.694296855167627,0.9011535792669847,-0.009991176024096328,-0.9589173660128605,-0.16936961117443802,1
0.08104424360587455,-1.0054256575204825,-0.324442743227329,-8.592810098397937,-4.383735390473776,0.8986328466888739,-0.006145539032148166,-0.9634123170755166,-0.17038965577365445,1
0.07739202889085288,-1.0091775344953988,-0.32955300914879554,-8.804370086155464,-4.005060275782246,0.9187196943409803,-0.0069087438544811,-0.9660860375877827,-0.17028269894527945,1
0.0729886170620164,-1.013040450893306,-0.3279046163827726,-9.081609137860527,-3.6588136610377844,0.9712128942801495,-0.009157162900231228,-0.9676237543351853,-0.16892632278968406,1
0.07115826875069992,-1.0152731351830209,-0.3215136739438414,-9.30815123194211,-3.425265754908202,1.084818480037708,-0.00949168665814958,-0.969192329468196,-0.16733403472600425,1
0.07315374890393841,-1.0147683044169233,-0.318024141322549,-9.375067674421674,-3.3189681806019955,1.2716797859525544,-0.007302914169034535,-0.9710421444377216,-0.16707208536800203,1
0.07799673942512149,-1.0124657290488654,-0.3215862062539808,-9.282664248272248,-3.2856911966943816,1.5005550427289682,-0.004100031887052166,-0.9718591077922473,-0.16900003942246986,1
0.08265843958903593,-1.0100936882019425,-0.32926733173917183,-9.153764660221874,-3.253685171609016,1.7006204758877168,-0.0016933412847627272,-0.9697643166546883,-0.1728445460463588,1
0.08351673951858846,-1.0080964145396676,-0.33629971949180903,-9.12822364253276,-3.1967253990763553,1.7998270206900235,-0.0016652182436160679,-0.9643194254008971,-0.17760062048077355,1
0.07899779739846444,-1.005707552852027,-0.3410025703462605,-9.256959995795059,-3.1463270484311523,1.7760940655778137,-0.005307913881586028,-0.957272588272957,-0.18203691253220866,1
0.07050019032213337,-1.0020109248477862,-0.34388038127252507,-9.5098359166101,-3.1485700497344937,1.6759446218286327,-0.012871816777715357,-0.9507850435458911,-0.18538772288940863,1
0.060346888477495086,-0.9958861671658379,-0.3454289710241407,-9.86154270168782,-3.224393125370658,1.5818126058380886,-0.022965359848603494,-0.9451604113223678,-0.18796767944599854,1
0.04949926165777843,-0.9864815806432006,-0.34648224720094506,-10.342307228697793,-3.3729708925173467,1.5627914912660406,-0.03337867394437204,-0.9390787799250055,-0.19062768937597283,1
0.03799330825038546,-0.9754383719310795,-0.3483099887771167,-11.008142788329398,-3.5953616924913194,1.6475218425678295,-0.04268410038452174,-0.9320091741198221,-0.19326904319476665,1
0.02726447446263897,-0.9671838429269102,-0.35088092663355674,-11.864835341255176,-3.899083919518311,1.8206209090830685,-0.05065201685129338,-0.9254561448769278,-0.1944976228506991,1
0.020604995773307107,-0.9647916787499243,-0.35255471121648985,-12.8060385539433,-4.274164835120749,2.0344475039360908,-0.057030186292777785,-0.9214702922188003,-0.1933101828330953,1
0.020366465652768923,-0.9665112213052487,-0.35230099104524926,-13.6270711382905,-4.659603844436594,2.2378228582038475,-0.06051776876155782,-0.9206414061415272,-0.19068180137228255,1
0.02554118908958496,-0.9687538227540976,-0.35122219658455955,-14.12550325763073,-4.9317480910074005,2.4032783336886565,-0.05957328099391138,-0.9221283496329247,-0.18893943683930184,1
0.033094669947156805,-0.9716314359529548,-0.3516550105321927,-14.214865972622992,-4.938481227864309,2.5207211151884676,-0.05427932336726345,-0.925218376938517,-0.18995544127509426,1
0.04079882201776306,-0.9782637397304315,-0.3554458051915348,-13.97619974032812,-4.5676928822683065,2.570503705064619,-0.046866615818515624,-0.9300173142807241,-0.19432541068414744,1
0.047673058989572616,-0.98836287059947,-0.36263643553813557,-13.646517035614469,-3.8041103417024154,2.5284924742386736,-0.03982139412623473,-0.9364140684035573,-0.20145793124922376,1
0.05298617715436337,-0.996076276828739,-0.370560276227306,-13.552817194345138,-2.737768706111102,2.4070943988471574,-0.03358434901567107,-0.9429361318295659,-0.2093879084534762,1
0.0568741781335179,-0.996269939340655,-0.3746249873720782,-13.966582561210329,-1.528350849710662,2.264728691408659,-0.026833781854742892,-0.9472311837668697,-0.21483596972109603,1
0.061084041571836445,-0.9909080900518766,-0.3718746763856312,-14.92680708695352,-0.3522281644483295,2.1484883551627267,-0.019292747367702784,-0.9478606054226956,-0.21478081841772717,1
0.06671539569187512,-0.9866080163940291,-0.3642445226316121,-16.190180102609627,0.6486321558341692,2.039611381309618,-0.013418634621486958,-0.9454595542813545,-0.20886771611656568,1
0.07162943001144215,-0.9864542533288937,-0.3569901265604879,-17.393351946285616,1.4040585924600855,1.884296486863714,-0.01226854502888338,-0.9418322852223949,-0.20027124382936573,1
0.07240999218038006,-0.9869519604846717,-0.3533370539731135,-18.293754168722366,1.9253177470027285,1.6766154110195894,-0.015671730110594237,-0.9379379522599158,-0.1935356833306865,1
0.06888910261292891,-0.9839729518904052,-0.35188566992547776,-18.872551075579608,2.280897447448384,1.481814460737815,-0.01946692817461698,-0.9333193342586851,-0.19092039256240997,1
0.06492580786382772,-0.9791043721587915,-0.35016831945199006,-19.23779652717746,2.5483654269331493,1.3646077009035915,-0.019263089768539046,-0.9276506307748515,-0.19101901095833662,1
0.06450382109169611,-0.9772345291135112,-0.34896048133906465,-19.46540560510898,2.762751030416924,1.311445742563814,-0.01465415970283408,-0.9220440355890123,-0.19142533435320336,1
0.06830493615021356,-0.9789871540951526,-0.35070143798063036,-19.546621022180073,2.8958462655222066,1.2408385329723044,-0.009054207047344222,-0.918324234092332,-0.19220441379375583,1
0.07430109054088883,-0.9795391004038814,-0.35485732667507347,-19.46605154311657,2.8990276554810284,1.0831539362664115,-0.005680510089886194,-0.9175154327330025,-0.19552205965755298,1
0.08017423516833022,-0.9759426609714273,-0.35801602434655344,-19.285162213533557,2.779917782337772,0.8297241858114465,-0.004760390625085726,-0.9193155246316309,-0.20184157334948827,1
0.0839725102547399,-0.9720105374712067,-0.3586119764727316,-19.106958370037525,2.6189100479449534,0.49930271084762234,-0.00482736051392492,-0.9225444572936029,-0.20809272420150232,1
0.08365084261568799,-0.9733895303596073,-0.3588442286143972,-18.944320445813176,2.4893428259978774,0.08227781001576771,-0.005541884241647799,-0.9259298854994634,-0.2108501818113563,1
0.07818031203534755,-0.9800377322037548,-0.36128655031286605,-18.65584114004029,2.3784492067708203,-0.449649230356674,-0.008151208351681774,-0.9288540926659774,-0.2106233380554922,1
0.06912398897948645,-0.9864668739300886,-0.36591658961833107,-18.06887609097493,2.2141474682237368,-1.080590244986936,-0.01344788649669632,-0.9314115138136144,-0.21139380225913765,1
0.059578349907535674,-0.9883610170590612,-0.3712971549493453,-17.184885859957404,1.9545914105213509,-1.732590077128371,-0.020377870892234504,-0.9335781676975721,-0.21556336786860977,1
0.05142752912634766,-0.9861206211207091,-0.3762524923072974,-16.226432574891774,1.6114689514399045,-2.324391849557098,-0.027152577902535502,-0.9345245569537985,-0.22067159400230596,1
0.044559194818638105,-0.9818997260908643,-0.37925317152110477,-15.444981236686877,1.18305571876209,-2.812164709247749,-0.033147891842751555,-0.9330271649654935,-0.22235839147207453,1
0.038515652209532264,-0.9759503523822267,-0.3786513925431787,-14.89182781262189,0.6101113263059104,-3.1450850133733006,-0.038878940208480574,-0.9286449604355506,-0.22009568607793914,1
0.03400105174233743,-0.9676590874326051,-0.3751484484058604,-14.415560255449405,-0.1610530719340169,-3.2310753128171568,-0.04393028265208931,-0.9225653164666572,-0.21810801080793474,1
0.03269940928832253,-0.9590390128179362,-0.3721864380048103,-13.892050587430443,-1.0774087018399308,-3.027612348319479,-0.04588264182185562,-0.9172427061246973,-0.21969199232151454,1
0.035569386818392786,-0.9546995865550837,-0.372243190669941,-13.404411346336207,-1.9776465521367352,-2.6637518008776953,-0.042848532761033516,-0.9149008140947618,-0.22238782594570475,1
0.04084995417271442,-0.9572346988929432,-0.3735542204862633,-13.146929746011994,-2.7150800841754528,-2.3857640869860894,-0.037104043022189476,-0.9160472841837556,-0.220991251165147,1
0.04446132703230704,-0.9640053663917911,-0.37172063753935,-13.180112466032112,-3.2768485154886178,-2.3356186385619417,-0.03407339436134166,-0.9192957001333013,-0.2143079712770232,1
0.04369800843890106,-0.9700847310716185,-0.3646950655446124,-13.332099146489096,-3.76946997600578,-2.424335887159829,-0.03649230439954623,-0.9228203258923527,-0.20621029164387977,1
0.03988891850810035,-0.9735888593440394,-0.35552215482627475,-13.324127391476756,-4.292705120379822,-2.458538745504806,-0.04128324273096602,-0.9263078164899375,-0.2005139650463274,1
0.03617973634399055,-0.9766730498395124,-0.349529939338476,-12.962003449151993,-4.8487249440432985,-2.3558423507823893,-0.04377970757850288,-0.9312662943265857,-0.19788457284409292,1
0.033828727752042896,-0.9820084207161467,-0.3496383003184755,-12.26253711507311,-5.377722659196949,-2.193201219373348,-0.043478202531895334,-0.9387468723143084,-0.198236058519888,1
0.03216771671537691,-0.9894905401591464,-0.3558902769918354,-11.48975013323151,-5.846834686906705,-2.0674248748072706,-0.04346470375070819,-0.9468578453322342,-0.20317669039833328,1
0.031094038660824296,-0.9958983234704154,-0.3682581367367831,-11.07458373883972,-6.27125503306938,-1.966757235006927,-0.04521177915014973,-0.9516250682211702,-0.21401464540450707,1
0.031833404280314344,-0.9972239578354968,-0.3863406315348172,-11.405211592624429,-6.66387972737074,-1.7960314657207694,-0.04662496866610882,-0.9507727205232713,-0.22840028295469422,1
0.03536242162967167,-0.9920046644839762,-0.40574512870921114,-12.603023753830746,-7.000063283738393,-1.4953037091405597,-0.04532943244016014,-0.9456892349183034,-0.24075255040351443,1
0.04106110670429245,-0.9826887908538258,-0.41835633230350155,-14.467724151531467,-7.234384242335993,-1.1081731425742891,-0.04160757799527141,-0.9390399727123367,-0.24648649233895528,1
0.04720359743118495,-0.9733002222353591,-0.4190477654615062,-16.629973919587904,-7.32815065195127,-0.7459479801095086,-0.03721434708566733,-0.9315705366247503,-0.24560689174379738,1
0.05254587698789282,-0.9658588223162899,-0.4113282228862158,-18.75829760897192,-7.25629801655638,-0.5108320725239311,-0.0329064847692713,-0.9224563172568876,-0.24212921939252974,1
0.05713843195452067,-0.9593741232938963,-0.4041907284022668,-20.665261780688308,-7.013635684293027,-0.45400078379574255,-0.028543723266638406,-0.9120179910949074,-0.24010156487565554,1
0.061411183597041015,-0.9518473262100021,-0.4030099061878498,-22.297795810889184,-6.63185973894938,-0.5727487863064018,-0.024681293966557653,-0.9024497768018469,-0.24024953990121636,1
0.06487754110555193,-0.9428592460301797,-0.4049618019646481,-23.679824791309127,-6.175145118157785,-0.8163771134359129,-0.02224076314343019,-0.8956911181552834,-0.24030101037246046,1
0.06628917815118858,-0.9346479003259001,-0.40393827134224075,-24.85609342835199,-5.7037010867210665,-1.1060667579119612,-0.02087548210590328,-0.8917477422387269,-0.23807136224699477,1
0.06479814307275532,-0.9307384425910129,-0.3981581082233311,-25.851924221010535,-5.253942028019665,-1.3791343467283441,-0.01950702806986506,-0.8896805831818637,-0.23385352171813048,1
0.0607820165556678,-0.932657912914393,-0.3913421495688883,-26.663814465396776,-4.8626492698154085,-1.6186775759483716,-0.01844975522782637,-0.8894058701621271,-0.2300718553446101,1
0.05622168086580272,-0.937823902065171,-0.38801326080083315,-27.29622458319166,-4.584392795414767,-1.8345513765203754,-0.019146767369689476,-0.8915015921751389,-0.22924005711948547,1
0.0541316947087891,-0.9417761406527883,-0.3902585523374316,-27.820458811741602,-4.456670940789477,-2.0332434173710827,-0.02166841856150394,-0.8954819622896298,-0.23228134491698113,1
0.05607920671113294,-0.9426645527202524,-0.3980824691469208,-28.389135820581473,-4.454605639476409,-2.2270892656801355,-0.024168177351685746,-0.899305092668978,-0.23811855602559687,1
0.059833257466538725,-0.9421009295304955,-0.40946382130179865,-29.166817773467418,-4.499244209636565,-2.463061242011026,-0.025149340750083005,-0.9008781586992786,-0.2444776456006823,1
0.061042811381817774,-0.9415650683758744,-0.4196772898309246,-30.22153506445748,-4.5102229218267285,-2.8164949394561307,-0.025094118122126252,-0.899538253783978,-0.24939450856947268,1
0.05796305653384096,-0.940220501963562,-0.4234389424373636,-31.46854421090619,-4.4484669300221515,-3.34347930875918,-0.025663570772169794,-0.8960782506976966,-0.25228461161189086,1
0.05290709527857895,-0.9369460874945028,-0.4192185181800234,-32.7085927184306,-4.32525446797366,-4.035965711724674,-0.028181579695557825,-0.8920454757465557,-0.2536837463453067,1
0.048289563029686185,-0.9324412729043978,-0.41077525306740026,-33.71522465231688,-4.188524781750211,-4.815128348397357,-0.03295969351570818,-0.8890845622080403,-0.2542371561162616,1
0.043579181492937644,-0.9284689064074864,-0.40406344275667677,-34.309898090731096,-4.099913794435718,-5.561975292429709,-0.03921444597941562,-0.8879930122450648,-0.25416236651594193,1
0.03768382828999259,-0.9264118172674656,-0.40260426472357314,-34.418813590522205,-4.108580311295259,-6.1658430132510365,-0.04536080641860182,-0.8877034886876914,-0.25345632227071524,1
0.03174970572826699,-0.9266477229952967,-0.40559668797345294,-34.11709784894141,-4.225957591977419,-6.5708540865484215,-0.04998444564536655,-0.8855414257854162,-0.2523351470513466,1
0.02720627859227596,-0.9276076588915442,-0.410377214747362,-33.62001925670272,-4.417049030016909,-6.799820852979827,-0.05283844717035127,-0.8792059930946655,-0.25152193283059254,1
0.023208947516973395,-0.925167423309364,-0.4159051028295957,-33.189347850991005,-4.631379654890477,-6.938703103512961,-0.054675473055450244,-0.8687044035079529,-0.25201794197221505,1
0.018587967394292523,-0.9149575244151622,-0.42247455415414964,-33.007249387236655,-4.861674625445187,-7.083273598943178,-0.05623399773136154,-0.8560302646763127,-0.25416123281594605,1
0.01455838773881054,-0.8969710634175223,-0.4285413669386813,-33.11540150217654,-5.169729302629665,-7.2751870019553255,-0.057778949332470825,-0.8429605081776899,-0.25700479829065953,1
0.013065086413045112,-0.8775582697583441,-0.4302096396108652,-33.45543875393326,-5.639752592034497,-7.470783596288983,-0.05937451641160098,-0.8300269104658632,-0.2594536877120882,1
0.013832237011404312,-0.865559554613192,-0.4250595747061406,-33.95273374517965,-6.303019437722162,-7.5756286991718635,-0.06092115930193463,-0.8182357175833294,-0.2621163405135278,1
0.015277967876407979,-0.865454133179887,-0.4159924371918068,-34.5642230898323,-7.116270790500538,-7.529339877976171,-0.06174519967666486,-0.810668574613733,-0.26688536055162443,1
0.017539655232726027,-0.8736675872129323,-0.41049536672531534,-35.26527504753872,-8.012125932570154,-7.371980219625885,-0.06049694554812749,-0.8105751842500106,-0.27421426624823014,1
0.022781409792607007,-0.8821255690002596,-0.4148425786530034,-36.0098135217793,-8.947405633380734,-7.232858510987312,-0.05586966107513056,-0.8178738623517687,-0.2819437821080869,1
0.032711240206052115,-0.8868074970790711,-0.4281088321397795,-36.715359391000916,-9.878024012299614,-7.256300612498449,-0.047618527100929904,-0.8291191269583953,-0.2875388818336375,1
0.046862680197436314,-0.8921653001669103,-0.4431589515030135,-37.29248387716678,-10.694272551692638,-7.530299135386607,-0.03672327310064626,-0.8413928057996974,-0.29056800927918225,1
0.06302790081330359,-0.9052574320557881,-0.4541730674390796,-37.685113306583126,-11.212580366210616,-8.061099839805472,-0.024559808588452955,-0.8550298239127221,-0.2922789671117482,1
0.07824254135508293,-0.9267860372387782,-0.46047437640655914,-37.87285770072167,-11.248695414000872,-8.788029719551206,-0.012348595671312926,-0.8719160637071937,-0.2935192835493359,1
0.08931480863615142,-0.9505919855866122,-0.4621595786187241,-37.82502043842688,-10.705315860532899,-9.61522537580151,-0.001426250448127148,-0.8920450102797857,-0.2938036407569927,1
0.09394345031552215,-0.9707082959035204,-0.4567713358191149,-37.445878432208445,-9.619984791609134,-10.442872614241576,0.006558197596056003,-0.9126096975476866,-0.29197009115092,1
0.09287202507793046,-0.9854530285034745,-0.44397097396235247,-36.577329566744304,-8.176879360273361,-11.18562143047316,0.010060268187855237,-0.9301626940620504,-0.2871916769437777,1
0.09033003724195057,-0.9948833367825548,-0.43049899103986344,-35.09449439951264,-6.683928919237919,-11.771832454857714,0.008268366850307012,-0.9430283861405626,-0.27960063304841104,1
0.08976999933319607,-0.9982584866126655,-0.425242205028062,-33.02742033948459,-5.491251780573506,-12.131393054792355,0.0015623579886983297,-0.9515987791379774,-0.270468455154674,1
0.08851721616850294,-0.9961660267015099,-0.4286750834446608,-30.577070001944772,-4.8630086580733485,-12.19276453100233,-0.008397801536727482,-0.9568767325129268,-0.2618678937285846,1
0.07986362893172244,-0.992718838991403,-0.4314202517433609,-27.995344840659676,-4.878978634673364,-11.90046374029748,-0.01919013422198473,-0.9594344068477528,-0.25575934716626153,1
0.06250636195239807,-0.992730495690678,-0.4259271642583507,-25.45857848884518,-5.435746460994739,-11.237284006957122,-0.028583889872291237,-0.9598220325235531,-0.2530094393615368,1
0.04492544364577754,-0.9973283442466762,-0.4161946351793996,-23.05130493201157,-6.336071599790375,-10.233140905834317,-0.0351433712933731,-0.9591234247127545,-0.25327966447538647,1
0.037599102728907166,-1.0037786987679387,-0.41230228754458187,-20.820774986249297,-7.389317820093439,-8.966836151192894,-0.03807373599583522,-0.9584505109298558,-0.2560125999663244,1
0.04251853639832675,-1.0087803149294878,-0.41811039340146483,-18.80677897605056,-8.452351264275542,-7.5633212098839655,-0.03711825537733243,-0.9582673433202183,-0.26135440422542167,1
0.052051501840882045,-1.0112560467118623,-0.42859669911844916,-17.039127069316578,-9.402147520002279,-6.161810261108991,-0.03324974975420312,-0.9587290700309481,-0.2696375894304795,1
0.0568229174272627,-1.0128361146491465,-0.43779187382746565,-15.533465337276407,-10.103374502767169,-4.855316503396077,-0.029127068695449048,-0.9603127389935413,-0.27988402243176125,1
0.053820263131349175,-1.0159429950351884,-0.4451923598001513,-14.264501190311151,-10.445614904260134,-3.6590105311017918,-0.027782983484445512,-0.9634645211178978,-0.28966434477537867,1
0.04791961249999889,-1.0211883090111862,-0.4537749374522668,-13.120380507794271,-10.425173235883692,-2.5377053184911107,-0.030158400622391675,-0.9678440812665766,-0.29731768675000875,1
0.046610411702827745,-1.0270218158057645,-0.46432525699118726,-11.930727272780809,-10.141908668449386,-1.4431785146786642,-0.033825241727473865,-0.9725525600886689,-0.3038389552835662,1
0.05347284595311367,-1.0317555208250369,-0.4739034550751241,-10.599213569001368,-9.662848376711374,-0.33311675884641173,-0.034205017646703806,-0.9769651397505235,-0.31140127848813,1
0.06642359957879349,-1.035107491276961,-0.4796021782200869,-9.192814265959552,-8.911715786840347,0.7829123544045931,-0.027557307810001888,-0.980853515340027,-0.3201150674516712,1
0.08116716709246807,-1.0378756427682252,-0.48180891029635003,-7.848696274895371,-7.756085354548574,1.7804775995621946,-0.013746826175085054,-0.9839577316572541,-0.3274244250410081,1
0.09513066223712743,-1.040681784023133,-0.48285067205639526,-6.596543055072484,-6.202536242389776,2.4515884552549196,0.003494766531341924,-0.9859261974099521,-0.3308898820298591,1
0.1080003843006201,-1.0429213557243646,-0.4837797154899059,-5.315195747877855,-4.444104576955242,2.658526975123248,0.01925135280388229,-0.9864835515102236,-0.330519130340781,1
0.11946816308301135,-1.0430380019078578,-0.4839138150344263,-3.862912576276589,-2.7032069686451514,2.4599517366333425,0.03033630386976036,-0.985402779346727,-0.3280653779846702,1
0.12751368241024022,-1.0403991893079902,-0.4831193104101307,-2.2103314978759294,-1.0900524619184389,2.0727564506417195,0.0357846619891119,-0.9826198166527769,-0.32524568723072156,1
0.12938586217913683,-1.0364719457089069,-0.48307571855712583,-0.4545045496245588,0.3617253325559699,1.7238143758331006,0.035845657976422356,-0.9786311855598315,-0.32346105587726687,1
0.1240655075953379,-1.033109495694429,-0.4853930304364584,1.2324864451939248,1.5994487119609315,1.538793111764996,0.03160682845037236,-0.9745430248199423,-0.32417974610696554,1
0.11322055987026453,-1.0300593578599955,-0.4890716752606578,2.6439673321974406,2.5708376677624676,1.531366926901514,0.024806680819788995,-0.9713788489325424,-0.3280732380999713,1
0.09976217582828789,-1.0256426480446201,-0.49133799295700664,3.5781569030723714,3.3122216309663743,1.6578628052399873,0.016550824907388677,-0.9692655963957507,-0.33389889351980423,1
0.08584708270396597,-1.0199165552804805,-0.49130971786329203,3.898601916813954,3.935971690944304,1.8771441038090482,0.0061387072954619554,-0.9675336253030457,-0.33938078452745357,1
0.07189512440372467,-1.0152845540752033,-0.49146397444173484,3.5977225608785433,4.508379048327968,2.1677279732213726,-0.007926651929556541,-0.965734801308628,-0.343483389258452,1
0.05696223358255892,-1.0132839004170975,-0.49477199556077756,2.82687300521276,4.984889004623735,2.500275641643776,-0.02545481953020988,-0.9642203224230776,-0.34727907248965423,1
0.040260481851138084,-1.012553281627937,-0.5013425323106173,1.8450245172665962,5.287676085995286,2.8209151773287706,-0.04366240751847159,-0.9635058008694863,-0.3524836821159563,1
0.022255468047739667,-1.0108728931586028,-0.5088192526678732,0.8797459549321679,5.4114179994444145,3.083877808931089,-0.05939049342271262,-0.963528448728024,-0.3596845087518151,1
0.0039011780940651246,-1.0078139132678017,-0.5156282988030423,-0.00039681335311249344,5.432787107495266,3.2951550791584405,-0.07226438005798226,-0.9638647740809272,-0.3681533840954279,1
