ADXL345_Acc_X,ADXL345_Acc_Y,ADXL345_Acc_Z,ITG3200_Gyro_X,ITG3200_Gyro_Y,ITG3200_Gyro_Z,MMA8451Q_Acc_X,MMA8451Q_Acc_Y,MMA8451Q_Acc_Z,FallCheck
0.04687306284659738,-1.0429718902408294,-0.33984963938120427,-8.117732172190973,8.117803395261593,2.4414721124864047,-0.03613184253392609,-0.9863329305305282,-0.18945456469293595,0
0.03537575410680021,-1.0497040661080452,-0.33171879552509653,-8.444504889110696,8.09599068178754,2.129976044813196,-0.04242932274001987,-0.9998848647818719,-0.18374340731759128,0
0.02592462072433058,-1.0558818281887303,-0.32481531594794916,-8.49214131018792,7.976078906102944,1.852006667308991,-0.0475853526671447,-1.0091779077427177,-0.17714985232905578,0
0.020000060162061618,-1.0591309222568988,-0.31985024927544553,-8.040106299198683,7.74864784924036,1.6363091916969883,-0.05122814372218856,-1.0111370084272042,-0.1701892854742996,0
0.018081544974850438,-1.0557681435630053,-0.3157959020761958,-6.979464785325963,7.510584988541474,1.4648344282711905,-0.054631343713505816,-1.0044992370242427,-0.1644987741755582,0
0.01881542820005619,-1.0439824781275082,-0.31170306142262194,-5.376495682304514,7.384101515409496,1.2701529749878975,-0.059951265436206234,-0.9902971150852711,-0.16189009129326276,0
0.019281248458521763,-1.0263533769992153,-0.31025925475481997,-3.530589302302398,7.39924306062741,1.0190189463529535,-0.06714212634378545,-0.9722348845515667,-0.16360657338799942,0
0.01764666112825582,-1.0083194933180732,-0.31547717826284377,-1.9265057785877735,7.464362913146764,0.7679954008987112,-0.07242715049923741,-0.9556078440638621,-0.1690722845436507,0
0.014970761499073537,-0.9942398741843699,-0.32596139449551353,-1.0018708090080994,7.470886279846389,0.5899504777745646,-0.07222079517274901,-0.9442402315085272,-0.17524762028979468,0
0.012979310615196069,-0.9852543707822724,-0.33509801713987997,-0.8669972180007576,7.411668304358049,0.47235805158237476,-0.0683864084361942,-0.9380490739054637,-0.17894193984141935,0
0.011242138454945951,-0.980221924710284,-0.339048454859156,-1.2679859960565967,7.360424988008949,0.34201541290982884,-0.06684529108254647,-0.934304894082093,-0.18010123295758665,0
0.008538537156043644,-0.9779576179535401,-0.3399305120307234,-1.863662217879504,7.343736423997187,0.18114617899214028,-0.07031076201429548,-0.9313637429975617,-0.18124380542488902,0
0.00583707693868987,-0.9785344479207092,-0.34018673356555573,-2.5040460045538797,7.293445969950586,0.06570177622188424,-0.07479731671353342,-0.9303933464062691,-0.1835669220331252,0
0.005372230769888344,-0.9826008374043098,-0.33894628577956676,-3.19740421452042,7.152176993290447,0.07312684844783235,-0.07478840470784422,-0.933413292409983,-0.18550029797130024,0
0.007267027004416528,-0.9899096478884882,-0.33585731702922106,-3.875147103938375,6.971961814059542,0.1885510659437261,-0.07048636294158994,-0.9406170854509608,-0.18552116911527208,0
0.009152570776582852,-0.9989470257375401,-0.33412135670262005,-4.322444926054192,6.845641467661609,0.3197081330195967,-0.06804770849112905,-0.9500132593783747,-0.1844876436444675,0
0.00874685331957997,-1.0074609126832195,-0.33674707828381945,-4.385286906981533,6.749977286492465,0.36717502335606195,-0.0725390674375542,-0.9590060159862828,-0.18411353174101833,0
0.005528972615384731,-1.0131886600197053,-0.3419753188988041,-4.174032743353841,6.515317795844309,0.2636935211354745,-0.08200532291604708,-0.9658859313172619,-0.18452110862359486,0
0.0010007956469763734,-1.0155816777516018,-0.3448736906273931,-3.989096548582165,5.986376016554759,0.008612851008306565,-0.08927312106302715,-0.9703999614763688,-0.1847321110185521,0
-0.0013277506607457159,-1.0172119514325964,-0.3428341539455935,-4.045750468963985,5.205198920395918,-0.281973564212401,-0.08872494144227677,-0.9735147621404342,-0.18461877650786995,0
0.0022284824397473427,-1.0212410114175023,-0.3380304802989212,-4.291148908899043,4.417160787660948,-0.41546353990819146,-0.08047455071928077,-0.9762230968595779,-0.18459183879124028,0
0.011356433908692226,-1.026862019176719,-0.334486889267375,-4.4712078581010966,3.89033793506395,-0.30264989627897754,-0.0692814444773325,-0.9782124835370709,-0.1838685942886666,0
0.019925451760556292,-1.0298714890958587,-0.33374797095183073,-4.360605557107365,3.7118153842745456,-0.08881192770303473,-0.061120341172366796,-0.978479050742324,-0.18104435479942077,0
0.02120770658000265,-1.028577561970175,-0.3341035984612345,-3.959236596006715,3.7197732936686325,-0.03166993382597062,-0.05948476006516755,-0.9775027729021313,-0.1765555134314579,0
0.016084015935520873,-1.02631250861117,-0.333715990721464,-3.4902251822309633,3.622682220908627,-0.23864319637069806,-0.06247578875276737,-0.9773514737344671,-0.1730370725942174,0
0.013376502037607284,-1.0265744223625315,-0.33328628562931895,-3.1854425204577437,3.239555701724438,-0.5840653572226715,-0.06401455299833743,-0.9786955373615707,-0.1726891375009326,0
0.019602405278638265,-1.027823513022478,-0.3349629852679538,-3.0531429171528606,2.674910509067927,-0.8873252255959462,-0.059954292542337,-0.9789861566004797,-0.17516757533989005,0
0.03095516242225185,-1.0252747803088904,-0.33951147596667275,-2.8680693243214215,2.2420598059633177,-1.0749493792939582,-0.05242552270632698,-0.9751747205886375,-0.17865644566168243,0
0.0386565121746044,-1.0172152818825062,-0.34542426146210187,-2.406748879141303,2.185842298760981,-1.1287581702309895,-0.046666908836426484,-0.9678239751444669,-0.18222195109346526,0
0.03936153808938088,-1.0074485268844207,-0.35020313547135673,-1.6993701087426678,2.483813043625252,-1.0033051854598725,-0.04491971856265895,-0.9608105695563715,-0.1858836998463407,0
0.036059447860262356,-1.0007641878302755,-0.3519681655492563,-1.0493507105983664,2.899202945300549,-0.710682912564734,-0.04556307276985995,-0.9566725467533904,-0.1888265277992323,0
0.031523236607978275,-0.9975458570069805,-0.35049807075580197,-0.7917160639026809,3.172273718901527,-0.39968510867782603,-0.04706374661185336,-0.9539305821033556,-0.18947851219384046,0
0.026203146679665203,-0.9944628031968282,-0.3472911849525889,-1.0126041430231865,3.153861116707256,-0.2101524739437495,-0.04982458371114231,-0.9497970277224465,-0.18786447853683438,0
0.021236556267630043,-0.9898072134515639,-0.3444757675006883,-1.49274938655117,2.8296777891436085,-0.08311077777965782,-0.05406102377632245,-0.9440289812462991,-0.18630143667133328,0
0.018470300522246817,-0.9861354054096306,-0.34349130085897517,-1.9164974125602299,2.291726885842368,0.16990095123638804,-0.058443617619867445,-0.9389733268865061,-0.18675304669585405,0
0.017219608288509006,-0.9868473783726764,-0.34447304123721884,-2.128383202017841,1.6859626387938946,0.6223196321213188,-0.06171499877595588,-0.9369623340461534,-0.1883509238416199,0
0.014668547099205499,-0.9914940704627708,-0.34623542845515265,-2.199803228786075,1.1358245975220977,1.1422787736710256,-0.06393846063665552,-0.9388710663995417,-0.18852650569377347,0
0.010439902332684568,-0.9962898169263901,-0.3467619630697763,-2.294025395137991,0.6832416651679294,1.5340994225479456,-0.0653624822822081,-0.9442086780890315,-0.18615345146707293,0
0.00812409766584396,-0.9988801098446276,-0.34452642698733493,-2.4993228061694115,0.3021733181103558,1.6952022047956163,-0.06545095983227042,-0.9510580066208977,-0.18260395308528266,0
0.010845394329314232,-1.000413235596238,-0.3399769449851049,-2.7557129480721434,-0.03747624552915084,1.641758272969402,-0.06389504369047458,-0.9564415290068711,-0.1798717528038007,0
0.017101098635982838,-1.0026213383402236,-0.335217443410448,-2.891446969760878,-0.33256070343229105,1.4690707506737641,-0.06149267235272893,-0.95825110351897,-0.17853533996825083,0
0.02248721420491096,-1.0049460554857894,-0.33146473839761026,-2.7532592645322644,-0.5572476746053102,1.3195078748757223,-0.05917237914325054,-0.956761307605215,-0.17762453504842246,0
0.024218934422251724,-1.0053772829306,-0.32756901652715736,-2.357205975923394,-0.6805324182026042,1.3219178773671618,-0.057032832314797874,-0.953567536378713,-0.17593199427908132,0
0.022669516669728544,-1.00297895505166,-0.3224579018771942,-1.9134922613230176,-0.6787965735758327,1.5040948238226661,-0.05513554005238903,-0.9499019474315942,-0.17342245286007307,0
0.0199686492182758,-0.9990438562040589,-0.31825707094538636,-1.6755027739931307,-0.561586709288828,1.7792830641230013,-0.0543690136292615,-0.9468772975792769,-0.17154549191014304,0
0.018573194312483846,-0.9961179312330606,-0.3185397814073741,-1.7623386931272562,-0.384648051581984,2.0360221011848547,-0.055591268095826395,-0.9460274586636341,-0.17185325690243616,0
0.019562047677485272,-0.9958182159407658,-0.3233188879208134,-2.1221652678212886,-0.21189899085235694,2.217975486248958,-0.058605858682930646,-0.9480597802567753,-0.17411590862226337,0
0.020654896614961716,-0.9976711712904642,-0.32844842349914644,-2.6262781263937875,-0.07147068112875965,2.314398544084627,-0.06286794163327258,-0.952011213329852,-0.17637039469392257,0
0.017832492327381086,-1.0006842853803148,-0.33099758315514416,-3.163340542198835,0.014958447988319535,2.3237169663857267,-0.0682606099329223,-0.9569522155019968,-0.17723909748053598,0
0.011152637974068597,-1.0055606627194456,-0.3323788439936043,-3.65632298940706,-0.03172056183926913,2.258480905500363,-0.07360139710608714,-0.9634222647591146,-0.17750798559062408,0
0.007114798433323618,-1.01380603048209,-0.33420421191920613,-4.037950222960937,-0.3099381380924508,2.152692298020577,-0.07510678771590282,-0.9716989745273695,-0.1786772865968719,0
0.011865293790055598,-1.0246626416358375,-0.33421444250495924,-4.256990774375906,-0.7845792250875986,2.024650590401368,-0.06919601961268249,-0.9796336077986548,-0.1805421077985935,0
0.022576154304577822,-1.0345249897938156,-0.32992982967239987,-4.323722402371441,-1.218271220429524,1.8462978941271673,-0.05783024607611624,-0.9840335443555736,-0.1811796942368788,0
0.029428361328731403,-1.039621958916631,-0.3240575232000025,-4.322976027741857,-1.3496782505099008,1.584680447177368,-0.048447244330633424,-0.9841149448033994,-0.17916682665772762,0
0.027090147000698225,-1.0384398215849806,-0.3219678074411217,-4.337674936607693,-1.163008589219851,1.2681272865992779,-0.04653665306122462,-0.982334691328222,-0.17523558286045487,0
0.020705797917180215,-1.032330709391127,-0.3248923895863242,-4.344153248887527,-0.9116340854929558,0.973638980831884,-0.05000880511515965,-0.9814758872772308,-0.17189683052160332,0
0.018878551365231575,-1.024898192763031,-0.32948944049569884,-4.212722636565108,-0.83718793194335,0.7444108861774532,-0.05264571571702603,-0.9814622466522416,-0.1716049504944068,0
0.023720444457988456,-1.0194627670123872,-0.3335291802420676,-3.8387903069479887,-0.9239993696567252,0.5543565077533755,-0.051418175631728666,-0.9793461929541643,-0.17491117504468345,0
0.02995408675057983,-1.0156648922015024,-0.3382313155144923,-3.2648765835572373,-0.9741090447611053,0.36346542009172367,-0.048592320257714434,-0.9724252714957135,-0.18022633718897363,0
0.032055221847285514,-1.0100329389908442,-0.3444358150086289,-2.66551746972996,-0.8655378515784613,0.17898752134343152,-0.04787559335302869,-0.9613763639757462,-0.18542611757839467,0
0.030087226465877744,-1.001288224944236,-0.34952271117193023,-2.2264052824150893,-0.6669210131621257,0.045267482944399175,-0.050352348189849364,-0.9501077659807774,-0.18940654250272607,0
0.0284450317789245,-0.9930678981280856,-0.3502194594874566,-2.036238642610673,-0.5171012739413348,-0.01495216076513663,-0.05397401403303824,-0.9422242293175728,-0.192040601954795,0
0.030022106697641205,-0.9893542981330553,-0.34746499401034653,-2.070008415416255,-0.4537733573411343,-0.03659668317168089,-0.05590394767514442,-0.9379055596247847,-0.19337099144029962,0
0.03259146063849869,-0.9890278401916105,-0.34609743029087403,-2.2697732366482497,-0.38089591735870976,-0.08345432679671241,-0.05531133923447348,-0.9349718398111554,-0.19356197574560646,0
0.031006696560186436,-0.9880192240565493,-0.3489130282184221,-2.6494587608599565,-0.19210275145529435,-0.1714081852009727,-0.05451923295719163,-0.9331006718901569,-0.19337672438317635,0
0.02259536467837807,-0.9866192764375421,-0.3529252628101271,-3.2826663981569544,0.06984703710890815,-0.22330836048087566,-0.057206647966991465,-0.9357567516673224,-0.19381353507607996,0
0.010615743644449277,-0.9910796323873066,-0.35334824458736747,-4.103508448545137,0.1745556792363195,-0.14302464203722343,-0.06437800962709424,-0.946188804730849,-0.19498015845050298,0
0.002748447895330704,-1.0051125584229355,-0.3499907356415781,-4.707254555600205,-0.10824620386909063,0.028301016944579427,-0.07184160418385283,-0.9611742030046413,-0.19582531400066636,0
0.005228920633603631,-1.02116649503764,-0.34696466100398493,-4.502311739677274,-0.6752815170814461,0.07090344226456918,-0.07302136948561826,-0.9707366749175175,-0.19507175571410468,0
0.016945493779218876,-1.0245015568182954,-0.3462879275787079,-3.267607313951902,-0.9543650112043263,-0.20454640735223595,-0.06541030040335173,-0.9664939648948538,-0.1919278384038639,0
0.029639796102294075,-1.0083557855317866,-0.34496216013340214,-1.5882857882109618,-0.29544352901725035,-0.6770894001119372,-0.053472493365344535,-0.9503985279342364,-0.186156053368111,0
0.035926039965004555,-0.9829373242087059,-0.33934098502214816,-0.5562301714786133,1.3229258780618929,-0.9433382230793921,-0.043868720904050716,-0.9333406479631742,-0.17844624476690218,0
0.037173336452655484,-0.9659309654087764,-0.3298469035294415,-0.8726438931727722,3.0225921800519364,-0.7622534208186953,-0.03864858257006694,-0.9243618774837784,-0.17093393717308367,0
0.040621601635115315,-0.964615689326182,-0.3209823253423934,-2.2473190096656843,3.629808802907975,-0.4734232357880541,-0.03547760717408341,-0.9229584600615717,-0.16683236087892492,0
0.04816675006963393,-0.9714270962296023,-0.31927530880144256,-3.734730423753565,2.615421862661816,-0.7824520953103322,-0.03402534498904074,-0.9234462246679953,-0.16932552834359918,0
0.05209129079816918,-0.9775149948876494,-0.3298180334412845,-4.6307861683342955,0.4413711022304091,-1.9634435194849809,-0.03757678634573461,-0.924822374232673,-0.17999481639166964,0
0.044137621537502336,-0.9845025421091818,-0.35005223810971636,-4.995368855411383,-1.8988500112948112,-3.385639212612715,-0.04635841298492962,-0.9323437282830216,-0.19642577845628237,0
0.026010391154929695,-0.9989654243431895,-0.3680645875247726,-5.360798130603288,-3.547162787789131,-4.070900861934857,-0.054094682634975653,-0.9490535976532863,-0.21118195932202066,0
0.008843910117494289,-1.0204228183210682,-0.37257581598423173,-6.076851822588051,-4.107598170354984,-3.6865557568591174,-0.055406243257963776,-0.9702340314440305,-0.2159096471922092,0
0.003231642753296512,-1.0410842915104515,-0.36377248205218227,-7.017509477222241,-3.61044721896167,-2.7417838481569823,-0.05322405008749109,-0.9889126754737225,-0.20819303827104108,0
0.010433516992296513,-1.055335426045606,-0.3495016708221395,-7.814547206244526,-2.3243190037547956,-1.8466382817103097,-0.05399305220485273,-1.0032324181356866,-0.19282008018099095,0
0.023093476591606047,-1.063481430556283,-0.3340037232799339,-8.157860243080162,-0.5668869489821292,-1.1384183730908923,-0.057556952799843165,-1.0142728335099789,-0.17571048692425542,0
0.03299707708142551,-1.066587208037363,-0.3175460398446761,-7.80898039803795,1.3708432908831119,-0.5339314455112375,-0.05735107546290559,-1.0194739107396138,-0.1597223562194043,0
0.03589421150415357,-1.0634917137135962,-0.30480787347852645,-6.561694868255792,3.1468131572740647,-0.15599118286722574,-0.05105420138241168,-1.0145871093651133,-0.14813961923478472,0
0.030910803629895726,-1.0543389601176962,-0.3050275035079744,-4.478942885977563,4.309599733485648,-0.17143757217458247,-0.04573745184766812,-1.0021185955566678,-0.14776424832294954,0
0.020494530388498133,-1.042587802519093,-0.32154215532530384,-2.1527929054619843,4.483746056248462,-0.3697713116646325,-0.04928954432544158,-0.9912717304495465,-0.16291658588371993,0
0.01079519448998786,-1.0318825684145347,-0.3449401180112993,-0.4641227154652955,3.6926549312174806,-0.25595065899578273,-0.06030310922737368,-0.9869737791734167,-0.18740871776360601,0
0.007787512014293736,-1.0238929070050025,-0.35901750534166504,0.07295813794813466,2.421159961601337,0.41137142306993324,-0.07032030428144252,-0.9839395312193518,-0.20748754720097473,0
0.012249181330070006,-1.0188979667634301,-0.35400671203489453,-0.3162523510150313,1.2695545420008034,1.383713544571357,-0.07352469040861158,-0.9745726156661516,-0.21363617265552845,0
0.020049660308931593,-1.0146166106577783,-0.33491539565687023,-0.960928575906094,0.5417582156989338,2.232759147438011,-0.07046366095309073,-0.9585748288405672,-0.20706114714223636,0
0.02659265850072908,-1.005521018370143,-0.3172296198972863,-1.3168506655512242,0.15649592274901317,2.712844268466715,-0.06443363796705665,-0.9415488079530956,-0.195451480766083,0
0.02967854585702056,-0.988201505255366,-0.3135009123590161,-1.2467947418944112,-0.12739653477570934,2.8024947441508785,-0.058342986603544866,-0.9276181063620381,-0.18594339410523394,0
0.029089657784308696,-0.9670205023304783,-0.3237423159085788,-0.920194334189842,-0.4529309978133978,2.5848624027127935,-0.054542696825665406,-0.9171270030931239,-0.18220586320665536,0
0.025692694643082492,-0.9504526153592807,-0.3384463995271608,-0.6140175668818258,-0.7768145429587526,2.194072809390021,-0.05443005140827786,-0.9095120613813312,-0.18431531084960606,0
0.02146155862978595,-0.9426580353992581,-0.348908999293507,-0.5867582776245396,-0.9577419342337056,1.7786371006975181,-0.05719951320369002,-0.90489370282441,-0.1892292284743722,0
0.018558630999142976,-0.9420851897043412,-0.35360701857089033,-0.987621127056433,-0.9079877988666353,1.4052653532048063,-0.06021481737957664,-0.9034248739912618,-0.19316445544721836,0
0.017373200205508376,-0.9468696631654311,-0.35618333811440195,-1.796374122837106,-0.676510902117764,1.0224203686155375,-0.06131271475431114,-0.9056703011829144,-0.19503804509311432,0
0.01665542551665898,-0.9574260462391395,-0.35887783051069927,-2.8756041731583286,-0.40691255838520407,0.5843335054601949,-0.06034319436484556,-0.9137192506940877,-0.19640471719964897,0
0.016194300043714135,-0.9739087899007379,-0.35872790923815245,-4.09538306205953,-0.229278943402978,0.19148519828069685,-0.058380606564344247,-0.9297386854961665,-0.19742038229629202,0
0.0179982988496684,-0.994496614543915,-0.3511024435831543,-5.345806818564954,-0.19021135320413687,0.04301959112337557,-0.05613123715849283,-0.9521907775734911,-0.195000114915856,0
0.02373413753574851,-1.016431038914258,-0.3364766629957084,-6.405102165429724,-0.26223405954331575,0.23679109030001438,-0.053485496205787846,-0.9745285717540376,-0.1867629151340343,0
0.03164760148623068,-1.0361141354192165,-0.32149393786353353,-6.906728093837133,-0.3948759298965128,0.6468463376592344,-0.050203352026157,-0.9893655131462026,-0.1755940790412536,0
0.037249630216567464,-1.0484456737552195,-0.3127428824472094,-6.5749751909423475,-0.5553642366901429,1.0107574614898245,-0.046714753088622586,-0.9942921289906546,-0.16809565081216923,0
0.03738939496417834,-1.0495662540724735,-0.3115769728724687,-5.511712486045559,-0.7294761729870749,1.1311046688157291,-0.04439519282382578,-0.9927981993554503,-0.16830093589864237,0
0.03316672846425552,-1.0414566035940438,-0.31580860029947805,-4.18419949544892,-0.8859098120381351,1.0004169110990413,-0.04486406985624327,-0.9896273411693383,-0.17421745335788819,0
0.028625224107881583,-1.0314729813540997,-0.3236051892518992,-3.098132179532247,-0.9574929351143503,0.756890207301116,-0.04839335644348259,-0.9866452072131693,-0.18075696836397198,0
0.026839465817331692,-1.0258088357746626,-0.33322314596137936,-2.485436823423479,-0.892289161168433,0.539825244183282,-0.05307260179883153,-0.9835238028254878,-0.18465827450256603,0
0.027225480328964696,-1.0244023447737713,-0.34096274133053367,-2.2713629528757258,-0.729156114868859,0.3880136432133197,-0.056317201494850214,-0.9804743921370916,-0.1859129145542167,0
0.02652017742444923,-1.022999163649218,-0.3432827908032856,-2.2595127218955935,-0.5896033729094109,0.2637589277137698,-0.05728386343928711,-0.9784840482489573,-0.18578459084917448,0
0.022583137974379396,-1.0189971061224707,-0.3411002804412751,-2.2986745356780482,-0.5738555896112724,0.15125848343426007,-0.05713373340812622,-0.9773850834854898,-0.1849807337713731,0
0.017078662361862597,-1.0137895757755024,-0.33899290640590446,-2.311803880298496,-0.6735816840621895,0.0986053275817462,-0.05700390097100019,-0.9752882075290668,-0.18364892891878817,0
0.014015485220126264,-1.0097530318973,-0.33966474464417123,-2.256983432399565,-0.7869445393479191,0.14880715494102298,-0.05667422231051064,-0.9703117392812314,-0.1820823177117512,0
0.01597091423282269,-1.0067188291812041,-0.34167205200715156,-2.112767271671569,-0.8014419726648843,0.2547672931410168,-0.05551711109670841,-0.9621078202410037,-0.18075004964321442,0
0.021960183759430783,-1.0021956333810287,-0.34261445115357947,-1.880079368339283,-0.6618313731901491,0.2941082652601255,-0.05390072453009062,-0.9515687993371202,-0.1798560390279386,0
0.028148088073926623,-0.9941856119818384,-0.342165331405633,-1.5754909779628006,-0.38564366929917127,0.17027278339652263,-0.052919248413821986,-0.9400485642088166,-0.17965047261861125,0
0.03048395832488529,-0.9833533572868944,-0.34223623181967605,-1.2546981681032192,-0.040086150605107645,-0.10697724736428264,-0.05304138488788564,-0.9294818627643341,-0.18127771071681376,0
0.028099801181993383,-0.9732147169969969,-0.34571956855310354,-1.0652741907227736,0.29468172746021626,-0.4305558847517404,-0.05362404375992481,-0.9225512614979169,-0.18606111557497806,0
0.024614091059916077,-0.9682223835580954,-0.353405688119194,-1.2166752310989037,0.5625157298050683,-0.6795901099713576,-0.053628623394315456,-0.9215790530051892,-0.1930289184248686,0
0.024791824118215112,-0.9706247529254144,-0.36039955431832293,-1.8129051217643726,0.7588818752416089,-0.8108565086811758,-0.052316830886467734,-0.9266030994438977,-0.19817693020023724,0
0.029723495499633018,-0.9788034407595163,-0.358506641220282,-2.700288114645388,0.9309887806730498,-0.8853323329800067,-0.049407389110537006,-0.9346091068932458,-0.1976925104870426,0
0.03636838346054669,-0.9887389512703227,-0.3456436504166393,-3.5280663115908895,1.1401923159905698,-1.0083348864484882,-0.04534503132620633,-0.9413561802182818,-0.19193015889946938,0
0.04118125681329738,-0.996926252085573,-0.33091481031613207,-4.002531867426579,1.4111555298270158,-1.2378215682854394,-0.04169229221816505,-0.9447171560079171,-0.18541849914866884,0
0.042614298686834015,-1.002400722087907,-0.3261961696729271,-4.1051634116959015,1.7097908940889845,-1.5366352688789924,-0.0404507221243062,-0.9463877784600963,-0.1827510069101992,0
0.04087981480759974,-1.0069429564291348,-0.3331276823533453,-4.079867727657559,1.9644103902187608,-1.796468627016269,-0.042176013020299455,-0.9501407357336714,-0.184629942450944,0
0.037230654588360945,-1.01326292319597,-0.3419742592855339,-4.209084985022768,2.11253087925794,-1.9037662094957344,-0.045094211216616574,-0.9584994815087163,-0.18778427848844834,0
0.03342924976546502,-1.0221007750744107,-0.3433622418108544,-4.5758791427071035,2.1449399374977776,-1.797280195642747,-0.04681225448539868,-0.9710365484113972,-0.18840009355912293,0
0.03080165413559019,-1.0309710765144713,-0.3374954923670703,-5.0061822688960635,2.1119137389173046,-1.488201267929862,-0.046687551156405056,-0.9848583860965539,-0.18540513633493172,0
0.02955546368928658,-1.0364778505820627,-0.33082490139817433,-5.218637395208018,2.076217888555614,-1.0462557780034107,-0.046017980023717805,-0.9957414134391785,-0.18056755349731873,0
0.028948437961623046,-1.0377473298542401,-0.32736738932913767,-5.035176808835685,2.055194941729971,-0.5669671856082242,-0.046454983034608203,-0.9996888672397841,-0.1761410787591557,0
0.027841149592595944,-1.0363516056081232,-0.32616146975815374,-4.482718506950877,2.0124557984481215,-0.1364485108219779,-0.048932957964701373,-0.9953572053804984,-0.17322087246072343,0
0.025341822258781677,-1.0329086196748039,-0.3254431383146435,-3.7410434314328493,1.9008991691032513,0.18820958618630323,-0.05356172689642673,-0.9854178509266935,-0.17220193142020676,0
0.021405881311612165,-1.0257749916435206,-0.3263329244228658,-3.019208512814787,1.707006859813597,0.38236318059773344,-0.05961246563110196,-0.9744348058939154,-0.1737047318649552,0
0.016892397108388354,-1.0140777486955246,-0.3318687399592993,-2.4645193274979773,1.4616933770697835,0.45885794071804564,-0.06568464630022428,-0.9650094201666364,-0.17826153372832923,0
0.012870834566054793,-1.000473251390395,-0.34281985277032295,-2.1428555847012825,1.2214038797605162,0.469891307899567,-0.070365107667046,-0.9567189890175563,-0.18523239845614908,0
0.009875206106313554,-0.9894028063940358,-0.3546531667440793,-2.0593679794946964,1.037685689501186,0.47818279081188925,-0.07279836335221676,-0.9487441458541146,-0.19251262610532008,0
0.008095081940766132,-0.9832562357848824,-0.36030375533392495,-2.170757051509908,0.9327359780002867,0.509078806505214,-0.07280010034451924,-0.9421036297406243,-0.19775069474038529,0
0.00809227714721896,-0.9814147688241659,-0.35785456112326136,-2.381690606897439,0.8952555921763456,0.5410541996513535,-0.07089567252156864,-0.9385741752541321,-0.20019304321864556,0
0.010386191666439185,-0.9825113755646725,-0.35385938643909365,-2.5688934241880914,0.8960943916078061,0.5540379861820933,-0.06828198112503642,-0.9384915231396218,-0.20124015813925042,0
0.014120874154078722,-0.9859033635090644,-0.3558498034200916,-2.6526922907703123,0.9044791054266529,0.5719245341900514,-0.06616557753083782,-0.9405746229659718,-0.20273685790006268,0
0.01722373280608749,-0.9905460644969698,-0.36250597726389544,-2.653021473518889,0.8933513223589103,0.6333382796636112,-0.06475894857092773,-0.9432668473667251,-0.2046295709038214,0
0.018450076191917842,-0.9943240780010213,-0.36517784361502786,-2.6646645358914056,0.847457807214312,0.7257155326895633,-0.06325161084730976,-0.9456059543194956,-0.20482220658640668,0
0.01863559622604412,-0.9962518286740116,-0.3593134431529366,-2.7854070427315456,0.780330651068209,0.7796838570162572,-0.06106487079212475,-0.947474441168029,-0.2017292540945532,0
0.019570691722081014,-0.9984481353005878,-0.3502289963493044,-3.0682215357532563,0.7323586518726803,0.7385484477831944,-0.058697992298116855,-0.9496482391413418,-0.19654433879081645,0
0.021955123016538153,-1.0037764269976086,-0.3456437815419275,-3.4980101737895892,0.7331994941995394,0.6094310508448442,-0.05690543508295723,-0.9531530858727718,-0.19215246076093404,0
0.024558847398253477,-1.0114296284817292,-0.3459291962625514,-3.96721229286731,0.7718970677826611,0.4338136589261672,-0.05557954141827512,-0.9580681695963162,-0.18984790021321532,0
0.02543053992445354,-1.0170050199652347,-0.3453764949863097,-4.2894012792801774,0.8249818484424976,0.23139899530601712,-0.05428800767633229,-0.9630932766700442,-0.18832414324194857,0
0.02415782962817972,-1.0177776364857485,-0.3414589320420528,-4.298634560078514,0.9058051350233264,-0.00559369605377107,-0.053583999502817274,-0.9664939152266696,-0.18640071885455078,0
0.02254981011917983,-1.0157800523314893,-0.3384731847709925,-3.9791383533749753,1.050300497870301,-0.2788321906967674,-0.05455360409987922,-0.9674893374020114,-0.1852985940858175,0
0.02242466110938205,-1.0143560665522973,-0.3412132413444594,-3.498463171508352,1.2503862068692084,-0.57146996659951,-0.056960786617723115,-0.9667804533685818,-0.186827028472965,0
0.023176627593506673,-1.0137406450234985,-0.3481370732403877,-3.090629199241701,1.4413746398619205,-0.862845294467975,-0.059185337818887365,-0.9657628625728835,-0.19022218598940385,0
0.022485481003845592,-1.0118478930180312,-0.352905423076396,-2.8852537008626964,1.5696797462376488,-1.1301395909483802,-0.06048568139310562,-0.9651538106679047,-0.19256800198488433,0
0.019223769498424415,-1.0080952751834462,-0.351632412256679,-2.844307502871558,1.6375725110145416,-1.3344334905351722,-0.06205360451447431,-0.9645048831829941,-0.19229491445924465,0
0.014810585058065134,-1.0046508730445827,-0.3468729432351355,-2.861999246996412,1.6622445645676434,-1.4275546743352563,-0.0649720522701384,-0.9633266924017296,-0.1907639314478651,0
0.01171516824221413,-1.0039407351722558,-0.3443876459459205,-2.90172371736755,1.622572544496002,-1.3890306501371077,-0.0680331942353617,-0.9623103641644718,-0.1900024761371413,0
0.011175796062958704,-1.0057968658770466,-0.34694714490601664,-3.0025298619467855,1.477660211474166,-1.2574111731119242,-0.06878810506100773,-0.9624702823026398,-0.19014259181462057,0
0.012204948652651109,-1.0077392438302106,-0.3517591692811123,-3.161474302728454,1.2280116037949416,-1.112223269354864,-0.06692398896141485,-0.963239755463347,-0.19005277399348125,0
0.012261984060434314,-1.0082046540367176,-0.35386305661957296,-3.278674235700272,0.9279398140477969,-1.0009433723260563,-0.06592901592160637,-0.963058414991776,-0.18984585220959543,0
0.009297103773854615,-1.0086815149419517,-0.35188861192596627,-3.275822801376211,0.6216380096179309,-0.8731593117722526,-0.07021054235305693,-0.9622870239389084,-0.19128046350999503,0
0.004122037271721974,-1.0116650393967903,-0.3498904029096434,-3.229052332868632,0.2805106962081794,-0.6125540668328447,-0.07961788439159645,-0.9634270953252404,-0.1949389590970728,0
0.0004992193508855876,-1.0168964817483725,-0.3524660020194558,-3.283188267797142,-0.16118682070125742,-0.1698311741293042,-0.08772532467578553,-0.9670724280168649,-0.19802688833131032,0
0.0015972737947404952,-1.0208366142214942,-0.358161884414456,-3.4142095293796038,-0.6862343638454188,0.3403075072759729,-0.08758326588519133,-0.9697011652402101,-0.19686298191882418,0
0.006503565044546882,-1.019878464204941,-0.3597882892189614,-3.3756750401060054,-1.1355425001845676,0.7114763818445485,-0.07911392293692374,-0.9676251552011578,-0.1916626582853197,0
0.01174814205912,-1.0134436992747182,-0.352734936192164,-2.9559463304219946,-1.3217186931318528,0.8224523956399281,-0.06880765503913834,-0.9615866436053354,-0.18686239981310232,0
0.015946265411531185,-1.0043568700590542,-0.3415441757276475,-2.242941016484499,-1.2120673162859208,0.7146808710331177,-0.06226198344771579,-0.9552963385423782,-0.18607425300728703,0
0.020550073594545325,-0.9967576972199338,-0.3361081945314949,-1.5677426737620106,-0.9579990273985324,0.5012205715244933,-0.05947075092941729,-0.950826098378891,-0.18854874896665086,0
0.02569538004608291,-0.9931104911250878,-0.3410474647002093,-1.208501569983502,-0.7315942482955622,0.25123221662619166,-0.057565068931078815,-0.9476630753446236,-0.19115679905474794,0
0.02829828212657198,-0.9927523472578639,-0.34992286628962854,-1.1969357845765174,-0.5810682504952089,-0.020611133885386365,-0.055325806164928076,-0.9451930415892001,-0.1917904842842632,0
0.026036487689641914,-0.9935338892765018,-0.3514801342451907,-1.3815799472407335,-0.466244923381818,-0.30084272301088794,-0.05368774093272817,-0.9437778474130395,-0.19009305434903995,0
0.02121589299800521,-0.994638749567563,-0.3420040533788765,-1.6006613097974278,-0.37335466364873376,-0.5543239413247822,-0.05352315636583468,-0.9437405559861037,-0.18694731138673898,0
0.018635309733437695,-0.997165772556068,-0.32954814081159434,-1.779250058672944,-0.33567717411196485,-0.743418569732822,-0.05445128462253067,-0.9451935580556439,-0.18430322524395806,0
0.02031416237176114,-1.0020680115613494,-0.3248267530046598,-1.922697517879197,-0.36782602094743333,-0.8499948685342916,-0.05542328031757833,-0.9488867181938186,-0.1838968637237319,0
0.023592434205144053,-1.0082318883479766,-0.3301278185610016,-2.068034162014875,-0.4405056468771251,-0.8810850071896371,-0.055785429742624563,-0.9555148819681633,-0.18525404860369848,0
0.02440865155523969,-1.0129623044697171,-0.33884926945400073,-2.228296105189784,-0.5267418825530507,-0.8595233354480186,-0.05584813668568089,-0.9636666201538393,-0.1861952100823367,0
0.021753672534560498,-1.0143298196492645,-0.34402638200892965,-2.3502566037974923,-0.6341518746362733,-0.8067853153412761,-0.056528378608069925,-0.9697345159575164,-0.18573036741860813,0
0.018312365362302054,-1.0128740089930346,-0.34492326458596423,-2.33208972903589,-0.774035752970133,-0.73257012135865,-0.05836440451416177,-0.9706140803066499,-0.185133002070562,0
0.01703325430603016,-1.0107983606393227,-0.3453847636030851,-2.1164759946187903,-0.9221990353749979,-0.6398163916312477,-0.06099916167423121,-0.9660288173094628,-0.18584631941324423,0
0.018076827725326722,-1.0094627638349711,-0.34781197801817837,-1.7786203457718743,-1.036309542935122,-0.5368566349207545,-0.06362483165536235,-0.9582708834415414,-0.18773075222303742,0
0.01914481175370914,-1.0079471792403172,-0.3507744828132983,-1.5039274803069131,-1.106543405934868,-0.44375883342747796,-0.06566420935112426,-0.9504075244561755,-0.1899206624712415,0
0.017928860765799408,-1.004406217653336,-0.3521449562812407,-1.460636920097325,-1.1658543359027747,-0.3850682071895245,-0.06704701807490293,-0.944604482370686,-0.19217843597823595,0
0.014357410834882988,-0.9986749646117185,-0.35192580418841907,-1.686095687227535,-1.2446765709414274,-0.37140599630249,-0.06805729860313305,-0.9413681683964024,-0.19440394769635572,0
0.01110505946029343,-0.9929710450058965,-0.3509360893417463,-2.08083156924462,-1.3327838272340047,-0.38898229013757557,-0.0687293868523647,-0.940032949266638,-0.19546935654042766,0
0.011434232325162802,-0.9899039883526409,-0.34901173830065624,-2.4907687604980646,-1.3966099962099299,-0.41279202549680716,-0.06827672983771088,-0.9398341142224539,-0.19389907891339914,0
0.01592154138862938,-0.9901699365112925,-0.34635209948808127,-2.7986526694963283,-1.419560259127332,-0.4294975321138597,-0.06571966489436581,-0.9403703323023045,-0.189947821913956,0
0.0219520972912882,-0.9922263146061493,-0.3448814680069182,-2.9742120216372574,-1.407281263037662,-0.44407177038263607,-0.061323051023673116,-0.9414811481615063,-0.18592528601563618,0
0.026816861292989897,-0.99392028823464,-0.3457377035726492,-3.069977007146188,-1.3624512247918785,-0.46736659330963826,-0.05659462988294459,-0.9433367950634115,-0.18375802272679276,0
0.030130219671720297,-0.9944227676754042,-0.3462682557455671,-3.1647734097406803,-1.2760699828222932,-0.5020964408645076,-0.052674949480209815,-0.9464314716901968,-0.18285490033188553,0
0.03255867771104863,-0.9947160518812438,-0.34241616175912737,-3.292488886685126,-1.1428219551925052,-0.5388558567028279,-0.04979096981300954,-0.9508198526532445,-0.18111004566352215,0
0.033693507048486816,-0.9961774369609961,-0.3343381492988058,-3.4263971882092057,-0.9730002892333266,-0.5606847981234641,-0.048347434219683724,-0.955460888870972,-0.17762377964583348,0
0.03270299138863796,-0.9987171057464065,-0.3270050804306231,-3.535515617719351,-0.794807270028429,-0.5528604816043072,-0.049065873754301534,-0.9588540773253229,-0.1736329528663659,0
0.03045189630869366,-1.0005864725775424,-0.32434039791771535,-3.634311508783384,-0.6510502349751772,-0.5148341430673523,-0.05163571624848974,-0.9602586105305435,-0.17089334179776458,0
0.029355285213126633,-1.000270421436113,-0.32516739994001764,-3.759229762195068,-0.5782405101087201,-0.46426779974259896,-0.05452415973234882,-0.9599882884184323,-0.17001468341553155,0
0.030536784549857515,-0.9983663156927439,-0.32623239368471135,-3.916862004850015,-0.5767449849117401,-0.4251903171567458,-0.056602872234146756,-0.9587693525284813,-0.17054696030063432,0
0.031894597183566555,-0.9971615931851383,-0.3268217498578823,-4.0843498722501925,-0.6120811070963388,-0.4113392645759998,-0.0579937286223839,-0.957144093365449,-0.17188188790392775,0
0.030021271080940822,-0.9982387423029682,-0.3282841411699386,-4.251544416609494,-0.6540656650363581,-0.4222346628998215,-0.059120383329183165,-0.9553209008127621,-0.17363392486435328,0
0.023957861366785887,-1.0006589238900716,-0.3306839128654025,-4.432044174820198,-0.7053861529887625,-0.449219894558548,-0.060018689253782655,-0.9533277088234292,-0.17563479678914184,0
0.016162832344721222,-1.0017647202575386,-0.332546983218867,-4.6332077435332915,-0.7864822670508731,-0.4779959791270313,-0.060854838345171754,-0.9512367835041613,-0.17789808210883334,0
0.009944478457388113,-1.0000277839778748,-0.33349482048822754,-4.843960370107835,-0.9034826817775333,-0.4904629918984803,-0.062059186197495494,-0.9492201136972889,-0.18034641430823486,0
0.0070034435896412835,-0.9969098821634194,-0.33481066730488024,-5.055566146380903,-1.039188032021502,-0.47567472780992204,-0.06348916070021872,-0.9474999817113253,-0.18256456785822608,0
0.007337310254289528,-0.9953388907337951,-0.3369272002449277,-5.2660739406680745,-1.1674084754423046,-0.4417414966881456,-0.06426457985956562,-0.9463574786928735,-0.18406106536154157,0
0.010173277406185623,-0.9963494355794906,-0.33815842726172607,-5.45564328709215,-1.2655926199922996,-0.4119163342578096,-0.06386702491647026,-0.9459835944259865,-0.18463847730333502,0
0.014352819512260159,-0.9980182271883807,-0.3369646230491595,-5.583021056314055,-1.3167504216871737,-0.40717992199887587,-0.06278785263061484,-0.946147831639615,-0.18442506332635292,0
0.0184429219640645,-0.9980844144587866,-0.33440240593788834,-5.625370781944548,-1.312811718941346,-0.43477713941948404,-0.061791639975391395,-0.9462918027183355,-0.18386720117013172,0
0.021344902990993012,-0.996829066494671,-0.3330758668625851,-5.616032612398443,-1.2644899431309555,-0.48890139357111567,-0.06113680696753696,-0.9463068012773338,-0.18363411110088962,0
0.023029016742895817,-0.9966018797987524,-0.33394233523595657,-5.6339101267475895,-1.2017341782196962,-0.549881464814842,-0.06075515548212762,-0.9470609255305835,-0.18400686786372278,0
0.024320400217066475,-0.998933544704589,-0.33545688024526654,-5.751249948042838,-1.1539673360098306,-0.5834726591953379,-0.06055150405426563,-0.9495466738454317,-0.18437303799385185,0
0.025732754883073465,-1.0027609629630385,-0.3363070769571156,-5.9796553347719374,-1.1295118273540021,-0.563532627126689,-0.0601493719292138,-0.9532556281797686,-0.18384264159542069,0
0.02670982587577625,-1.005322023650081,-0.3375322714502739,-6.2516883699000525,-1.1176756575712206,-0.5080981522678478,-0.05884878994737647,-0.9560069699300244,-0.18238741131762828,0
0.026210293626994997,-1.0046910509803304,-0.34040971572307976,-6.460233375777489,-1.1059322953090938,-0.47600637682293057,-0.05648606403769305,-0.9560108797459765,-0.1809301923638853,0
0.023883916781148165,-1.0017722386424752,-0.34312567526333343,-6.541937261419077,-1.0918123605648595,-0.5113071999079359,-0.054326156216494226,-0.953793571583703,-0.18030538029692614,0
0.02041248407914243,-0.9994877261996017,-0.3418763709865817,-6.5355180858790325,-1.0859514302814415,-0.5964144025150608,-0.0543777504651672,-0.951513560281251,-0.18057274936251227,0
0.016926648735747462,-0.9995291646933419,-0.33585848770336846,-6.543807540283933,-1.1081870384893984,-0.66589775319755,-0.05720808985272215,-0.9506321249340889,-0.18136921672947073,0
0.014655986414707015,-1.0006693004002154,-0.3295490625516464,-6.62741805777888,-1.172272813133688,-0.6618800260639357,-0.06078444298816151,-0.9508896779729139,-0.18244702970664906,0
0.014787441341894645,-1.0009797121017607,-0.3288115766340097,-6.749494004879219,-1.265669115646499,-0.5762288875502073,-0.06222677364504718,-0.9514515426489996,-0.18373406105680531,0
0.017355325350281812,-1.0006367954969488,-0.3349135684950245,-6.835474694058701,-1.3449586408911025,-0.4448281882361294,-0.06067352549799866,-0.9522318908478311,-0.18521788780501275,0
0.020257769755548966,-1.0013437220954124,-0.3427266369016094,-6.868955721256517,-1.3571195832873773,-0.3059503660276231,-0.05789595470051914,-0.9536528067228717,-0.18688619730830053,0
0.021151960264547506,-1.0036438361721896,-0.34553219114002603,-6.905599233734084,-1.2748235606877258,-0.17190301673181768,-0.05622385673923869,-0.9555739393487703,-0.18853169699276914,0
0.020737523716887998,-1.0058563796322322,-0.34291863349410684,-6.996872109435659,-1.1207207773497772,-0.044529540047963626,-0.056450564619358476,-0.9571886402106268,-0.18957014557656748,0
0.021972403420220485,-1.0053606642756134,-0.3430168613116017,-7.12280981476775,-0.9550898118584377,0.056596570957697004,-0.05769425829084757,-0.9581104664144872,-0.1894305436040264,0
0.02508160336749036,-1.0008629203476167,-0.35325608079716136,-7.208728729211335,-0.8276284735922665,0.10369651212622735,-0.058668032670783736,-0.9590099023143015,-0.18841272408580642,0
0.02589647769415582,-0.9945646520351525,-0.36857734828507266,-7.195407327283618,-0.7398849143563156,0.1012985381486538,-0.05883220014805601,-0.9606829156764584,-0.1878326534621048,0
0.02122880818778115,-0.991597212867224,-0.3743227832450838,-7.08232708243528,-0.662901657239357,0.09666569511155497,-0.05853393780521398,-0.9627665111536458,-0.1887827879309876,0
0.014105124336845715,-0.9950042669139793,-0.3636382905016427,-6.909137298071223,-0.5852856468381538,0.13112738048464462,-0.058273018145176325,-0.9639783347552756,-0.1908006364294045,0
0.011149302884497479,-1.001780625999217,-0.34682799199379477,-6.7086970223144,-0.5277426597397066,0.1866349586758057,-0.05806939457970041,-0.9636100615606946,-0.19226337780939928,0
0.015258996746336741,-1.0062926383924529,-0.33928921041795435,-6.486882605695416,-0.5116978781381349,0.19981030777471454,-0.05770053261802858,-0.9623115352661809,-0.1922325681410971,0
0.022511708940762952,-1.0065273782002393,-0.344260052115016,-6.250703161645265,-0.5302723997622921,0.1334417672424568,-0.057296455152183956,-0.9612760428252867,-0.19151257246731118,0
0.026245355908481316,-1.0045652381889458,-0.35199794533588097,-6.049325006550599,-0.5575401801707837,0.020523763791757285,-0.05729041489281462,-0.9609605168526192,-0.19159265881531135,0
0.023518477247639974,-1.0026273622711706,-0.3531381444795025,-5.966965864461499,-0.5788442168327084,-0.06980046363852242,-0.057825794210364656,-0.960858711693509,-0.19282921427402205,0
0.017913170671124256,-1.0018043821562286,-0.348064405346961,-6.053245695985759,-0.6030415672982422,-0.09998815417105283,-0.058527795939576056,-0.9603669496423889,-0.19415135482252913,0
0.01625750040465399,-1.0037495141726043,-0.3437716676127058,-6.259901843417926,-0.6458077306456074,-0.08805519578416082,-0.05893311330796464,-0.9595368173045842,-0.19444831006171143,0
0.02161841667931538,-1.0099520960796124,-0.3453208521935631,-6.465261303948596,-0.7088506242885061,-0.07017174907405098,-0.059018756295241254,-0.9590981469026341,-0.1936668614735312,0
0.029091795080460753,-1.0182260978068156,-0.3514201228481717,-6.568302310592989,-0.7770865174303966,-0.05541280478502032,-0.059180604951421044,-0.9600094157004191,-0.19243613096965131,0
0.03040265082668105,-1.022738345627011,-0.3565455536742452,-6.546957356386813,-0.829611240686163,-0.025250785565588352,-0.05963100826716263,-0.9625349478915183,-0.19116884982915916,0
0.023906244327773003,-1.0199844384596326,-0.35640342546132187,-6.429835889713479,-0.8516543423152851,0.033314174907386446,-0.05997138096943524,-0.9653293640554852,-0.1899920835284421,0
0.017432359500164807,-1.0133538676652838,-0.35189807384304783,-6.24661631373654,-0.8390179482387248,0.1109177501285521,-0.05961026278796733,-0.9661647366097145,-0.18937252988405787,0
0.018922719259776243,-1.0093793702837737,-0.3479062271073567,-6.027368331640913,-0.790384624009831,0.19107885493633764,-0.05855200391626559,-0.9642788678744549,-0.1901269921073454,0
0.026793720282284945,-1.0102062306876551,-0.3479911291680356,-5.825547847806838,-0.699405157461636,0.2673426228213417,-0.0575057724363111,-0.9613645356427242,-0.19236637768957543,0
0.032569761928334426,-1.0120506413800483,-0.351170660710609,-5.7030318736536385,-0.5667719047493553,0.3414234290494344,-0.0572016957248638,-0.9596569678398869,-0.1948002531710587,0
0.03128950827289376,-1.0109922096940454,-0.3541017647180068,-5.681846925325571,-0.4197709246767457,0.41338198844613233,-0.057714367019987556,-0.9597474332392806,-0.19578835552437723,0
0.02597296786304197,-1.0079683140103446,-0.3541536186308941,-5.719021482109712,-0.30245892860687384,0.47549904635719087,-0.058355400642897244,-0.9607401612671249,-0.19507849669767088,0
0.022091069857211165,-1.0068261183766314,-0.34929955416933334,-5.729647253702054,-0.23946476256139498,0.5103903424854407,-0.05825864876338136,-0.9617761744929223,-0.19393675801986696,0
0.020854874965016573,-1.0090090456346257,-0.3390563474173589,-5.631929255290316,-0.21856479418101654,0.49827282843845355,-0.05739249934961227,-0.9628307959920679,-0.19363933422829543,0
0.01972893024875817,-1.0123094493956388,-0.3287698750896712,-5.379323412237111,-0.20844216325374204,0.43491191407996976,-0.05691421278603688,-0.9644315034784985,-0.19454392417424168,0
0.017573563194531565,-1.0143335106375662,-0.3283069268698623,-4.969165281148538,-0.18103406127878943,0.3432162618685141,-0.057966277459289554,-0.9668615510018189,-0.1965561718190118,0
0.01618241628586925,-1.0148952412396393,-0.3410377476192328,-4.4403331217270745,-0.11615787219225296,0.25989275518712407,-0.06006871436307541,-0.9693735942329542,-0.19953731077581358,0
0.016874358431874667,-1.0147394803717453,-0.3575971099539457,-3.8702071464635464,0.0004874265372496042,0.20437751617787123,-0.061337518916639584,-0.9703157244634483,-0.20289654191991385,0
0.018588169186188972,-1.0138225493006483,-0.3658241808673067,-3.364247904631989,0.1723290029764257,0.16203910532259871,-0.0605560788211037,-0.9685815314311272,-0.20535900225536857,0
0.02047456852143229,-1.011650366736641,-0.36383311818691627,-3.0312601720038463,0.38497910789881523,0.10377583160970039,-0.05850919264428823,-0.964951045262532,-0.20558706055316278,0
0.023825313988933353,-1.0084584232037748,-0.3588672254525004,-2.9447864351680546,0.6097748978124033,0.021639777635163844,-0.0569287978448653,-0.9615541472799168,-0.20304103419369315,0
0.029209014850692706,-1.0056066438098075,-0.3563423290361353,-3.0929030554896944,0.8201964497847958,-0.06156171708782169,-0.056607430070291835,-0.9600417763356499,-0.1982698043785197,0
0.03326985809962506,-1.004877987679621,-0.3546942629541571,-3.346525079798541,1.0064686960259093,-0.11686730559944367,-0.05706880827394858,-0.9606502439758006,-0.19252565621280388,0
0.031436505168344,-1.0069800064239174,-0.3500868192373064,-3.5053191970278923,1.171205617952273,-0.1345706568774217,-0.05770223254598936,-0.962731975897018,-0.18722083015978547,0
0.02394890059297705,-1.0104615446403244,-0.34278187630975254,-3.421669849823582,1.3124410711681873,-0.1247935082919522,-0.05837889170768392,-0.9653819839217177,-0.18365749425919198,0
0.0166261781481066,-1.0125806320316653,-0.3376248201721483,-3.0998287798260993,1.4177889059434081,-0.10284793838501885,-0.05891989811885281,-0.9675748892003594,-0.18273120128179562,0
0.014611487393557061,-1.0116517056380658,-0.33872287439291027,-2.676090378430966,1.4766614542553018,-0.07929750710459987,-0.05883295119445191,-0.9685232438280595,-0.18428282667362667,0
0.017175938031429822,-1.0083778811883557,-0.34448277416969586,-2.3082101588520367,1.4947640820651626,-0.05895395092923015,-0.05802346964197028,-0.9680411313209107,-0.18685698532599296,0
0.019962311277917637,-1.004765039300938,-0.348991922331251,-2.079814832940517,1.496496486558278,-0.04311910773931709,-0.05719689594293261,-0.9660114492304495,-0.1886969786816294,0
0.020736817455538816,-1.0021613873081563,-0.3485779806130006,-1.9863223016487475,1.513367890509575,-0.03180855608166351,-0.0570965742330182,-0.9618741803935715,-0.18916759934603003,0
0.020811962209199144,-1.0007075524165185,-0.34559370421212515,-1.983600011695447,1.5639962144115456,-0.024790681948904998,-0.05770115682272881,-0.9557792365983264,-0.18901769447320266,0
0.021440588832561915,-1.0001042877450121,-0.3446413436241136,-2.0362505395995,1.6364969106571303,-0.02094300050565208,-0.05849939992252798,-0.9500769148661208,-0.1892861995978487,0
0.021529362269723497,-1.0001584954269567,-0.34658246529770903,-2.124867198142589,1.690184188624216,-0.01982064292072088,-0.059223391887340694,-0.9480646661316691,-0.19022851637162158,0
0.019892430552700683,-1.0008953008927164,-0.3484455942133352,-2.2246306560531153,1.688238525361232,-0.03109863083756542,-0.05988210268153173,-0.9506585091077001,-0.19140551391417543,0
0.017627177349895894,-1.0026024284890662,-0.3482765861663802,-2.295275499565187,1.6403123561656547,-0.08257087041538987,-0.0602573450957832,-0.955398919696597,-0.19249000703043218,0
0.016481884637927356,-1.0053264464376643,-0.3471977857236683,-2.300583608832595,1.60439563487107,-0.20063031271903237,-0.05999427126998039,-0.9591448789234264,-0.1935465067085992,0
0.016248109752406075,-1.008091769450207,-0.3468278458491034,-2.2336200903568533,1.6314784578203252,-0.3660487796028876,-0.059267877849848404,-0.9606369902663496,-0.19458421298865597,0
0.01576004819854317,-1.009181841487591,-0.3474870382581165,-2.1172603768635403,1.7105897223862807,-0.5035218114385046,-0.05871047326134751,-0.9601662878904348,-0.19529799860971322,0
0.015526287004958882,-1.0075763214775864,-0.3491104989681039,-1.9863968864686603,1.7787003867143871,-0.5427332262686424,-0.058569227986984315,-0.958232119621728,-0.19539114061324958,0
0.016908911743637015,-1.0041448545195824,-0.35127784061835815,-1.87886880567746,1.7803450327559431,-0.48891403823910357,-0.058609186234217826,-0.9555584537336307,-0.19497574436839227,0
0.01890607287903362,-1.0013032365261625,-0.3521249243578139,-1.8336335190308812,1.707758299723208,-0.41253811061342716,-0.058843850044059544,-0.9535720863686274,-0.19459822492601372,0
0.018469741402267172,-1.0008979068749955,-0.34990307681664107,-1.8721236242762063,1.590218999733265,-0.3715219952176299,-0.05956734254868747,-0.9534723683142503,-0.19475051926865647,0
0.014704992927401697,-1.0021678738877058,-0.3460789490578052,-1.97048617962151,1.4613530586312766,-0.366742726147233,-0.0606358376319707,-0.9547688420797606,-0.19517985914614147,0
0.01053474660669956,-1.0025849307192995,-0.344374216618019,-2.0661621737865032,1.3399764153813063,-0.3744006594722873,-0.0614675392002545,-0.9557103607849069,-0.1949435155377437,0
0.00933136486314509,-1.0010569678412298,-0.34601979879232586,-2.1125368409140926,1.2305984089236468,-0.38860385880564163,-0.06186369533406761,-0.9553802805639613,-0.19347648374376902,0
0.01147070767518042,-0.9993527512732417,-0.3482099919535307,-2.128986695554792,1.1311741988296706,-0.41137186053859587,-0.062271429463423456,-0.9546691728282359,-0.1913164887733608,0
0.01467801737910352,-0.9998056185674411,-0.3484020179689723,-2.183002134361571,1.0393475605243878,-0.4249727657902086,-0.06304095717964814,-0.9549886341164551,-0.18946549620734332,0
0.016482095222506283,-1.0024180563635385,-0.34832194787647686,-2.3144267113377217,0.9577047697745095,-0.4051854247723036,-0.06376447148066991,-0.9566122576895534,-0.18842709484760956,0
0.015939482413994056,-1.005012755903891,-0.3516212286499506,-2.4839238686815523,0.8963436797124323,-0.35269145819193226,-0.06371057604640577,-0.9586399792937766,-0.18821455950550078,0
0.013783808057202133,-1.0058137447786122,-0.3580657058483343,-2.60119860692673,0.8647955243118991,-0.2867556465651225,-0.06286554710988287,-0.9602123315220024,-0.18883843417554627,0
0.011542488917590563,-1.0049780181736563,-0.36244187271696493,-2.595190066551362,0.8581889826113221,-0.21699844876928537,-0.06211622516670577,-0.9611572444617831,-0.19022555003795313,0
0.010623316825562699,-1.00360421913277,-0.3601945156472224,-2.4534965613135706,0.8576203027692327,-0.14523253423652135,-0.0622233283313916,-0.9615333069258456,-0.1918621131010027,0
0.01173149263986502,-1.0023658428046864,-0.35275576786417906,-2.213339858972856,0.8442315253916349,-0.08501068936839982,-0.06294609682406029,-0.9613739779127585,-0.19316923536722377,0
0.014376403149642314,-1.0018180001031227,-0.346212410221764,-1.936112656652373,0.8029709563300876,-0.05102516016984498,-0.06339802192151424,-0.961206284675117,-0.19444945762325536,0
0.01701615394727822,-1.002941866664375,-0.3451845897457768,-1.6858585140356368,0.7175263067280805,-0.030766257177027953,-0.06305132514693061,-0.9618980689986198,-0.1968473421867911,0
0.018304036532555898,-1.005887181051496,-0.3487807894374562,-1.5066416241085054,0.5842103087751689,0.008301669740507398,-0.06217360467205623,-0.96320707857224,-0.2007075263974281,0
0.018149532386468218,-1.0087026488065058,-0.35286456379225634,-1.3989804128671568,0.4371953645300344,0.07612676524411968,-0.061331196950111015,-0.9632573866406736,-0.20441380200021034,0
0.017342749684094588,-1.008908302034331,-0.35548345334472575,-1.3170308159263555,0.3404882507770209,0.1409368737230786,-0.06072270564067655,-0.9605470909671844,-0.20586367913308135,0
0.016584322426800847,-1.0062119050193699,-0.3582967044959332,-1.2086326112701276,0.3391248210244027,0.16402823852010742,-0.060253442486146655,-0.956046701353622,-0.20506698286152397,0
0.016254707441210783,-1.0024183459562122,-0.3624850129134032,-1.0774415865168625,0.4186446073930539,0.14437701097585792,-0.06008767305915273,-0.9522968608646804,-0.20434898697218862,0
0.01670058133207472,-0.9989239769905184,-0.3656494306237096,-1.000432244502378,0.5128094776237985,0.11435116723716249,-0.06057677399527506,-0.9506810055943715,-0.2056110716401775,0
0.01797375862688448,-0.9957697752837571,-0.36452022362710473,-1.0640205659980981,0.5508123371772973,0.09553055459995606,-0.06152931120891547,-0.9504518053625941,-0.20794267968806573,0
0.019111886842130762,-0.9932596189284753,-0.3594952764262716,-1.2754581959124485,0.5107977163194148,0.07741288804835716,-0.062037956131190924,-0.9502312730625762,-0.20854096282840429,0
0.01846647443798428,-0.9928458934758897,-0.35454836141140567,-1.5424730608259303,0.4429236310971664,0.04186434121439591,-0.06137063030752363,-0.9495111933405875,-0.20597587071945261,0
0.015437487168429449,-0.9953256721825989,-0.353087781672887,-1.738487760794515,0.43254665206726733,-0.01045819134665826,-0.05999895375223356,-0.9486068594517797,-0.20206028392005734,0
0.011447490923322968,-0.9991227274689923,-0.3553610546534404,-1.783471792693184,0.5197726405624405,-0.06293613186840807,-0.05950966578234501,-0.948143481869164,-0.20008752473234528,0
0.008753093503669426,-1.0017400123895037,-0.35922111133004025,-1.6752858966945268,0.6509191729214968,-0.09559055195183468,-0.06101492655571353,-0.9490300299909908,-0.2012949362576759,0
0.008827187265873218,-1.0025598630085153,-0.36177730538807906,-1.467771353060408,0.7237644403938359,-0.09580584101431361,-0.06348367437026368,-0.9519183722854032,-0.20353817473934593,0
0.011913252410906752,-1.0029507803507387,-0.36102000818791746,-1.2277660015211842,0.6887334522198493,-0.07866008972416752,-0.06449043133244657,-0.9558032614677253,-0.20374750390828728,0
0.016912594060313403,-1.0037640167192219,-0.3577596067778022,-1.0053958936834713,0.5950950649302444,-0.09348744737285518,-0.063283070409605,-0.9579762732753061,-0.20137955536909896,0
0.021264018017425758,-1.0041426566175065,-0.355573989896814,-0.8345525965878747,0.528361587543389,-0.18087299907078108,-0.06204752511662151,-0.956592146939537,-0.19887239528748474,0
0.022199271346699367,-1.0032252961675143,-0.3568998946415045,-0.7469117041494683,0.5162584018694929,-0.31944237229113853,-0.06296641394930487,-0.9530040208291695,-0.19860231888715482,0
0.019117342736147895,-1.0018415751438279,-0.35931830156130096,-0.7713861777020088,0.5170982655112956,-0.43877740883999683,-0.06512232856223403,-0.950573919715205,-0.20003843035161809,0
0.014452179276343811,-1.0015632741113012,-0.35796388163711634,-0.9183850630020638,0.4919630759047817,-0.48980252407211217,-0.0658581379367798,-0.9513144189605963,-0.2005717679656703,0
0.01188091898868642,-1.0026157033593592,-0.3521711086495336,-1.1657714987580199,0.45639075947505675,-0.4881612040179868,-0.06428080664428538,-0.9544561710665753,-0.1989183383582711,0
0.013738018561828231,-1.0037357025339644,-0.3472586159690503,-1.4530273402355034,0.4529333955992519,-0.4872077153100612,-0.061735578342628036,-0.9578872838960256,-0.19678977017347737,0
0.019665208976079068,-1.0039621005286465,-0.3481709175449368,-1.6888398123291803,0.5010373040109145,-0.519924839540043,-0.059499474511958514,-0.9598235583174305,-0.19677085533157157,0
0.026718085628183244,-1.0035312354718595,-0.3534144797977997,-1.7852760203196076,0.5929606066290293,-0.5726056898825528,-0.05778371242799535,-0.959289590852064,-0.1991435786007236,0
0.030690040388092747,-1.0028493301093766,-0.35727846120689033,-1.7125449241791135,0.717957362191392,-0.610629675754031,-0.05676883848599896,-0.9564854058088977,-0.20164476581649243,0
0.028835935407188415,-1.001661977650522,-0.356682807781172,-1.5314865015611658,0.8633148341282962,-0.6197529333215323,-0.056936315921119016,-0.9531160534900522,-0.20227620839284555,0
0.02269602452724373,-0.9998181959834237,-0.35396104446951837,-1.3629871003194138,1.000187084927271,-0.6147711311775467,-0.058050453241120126,-0.95125803808294,-0.2014821974536389,0
0.01763440449368791,-0.9981371544272539,-0.3533687794619521,-1.3086319809241405,1.0942773248338136,-0.6126894687066444,-0.05896904271581278,-0.9513863885031941,-0.20115953609372794,0
0.01786026900735863,-0.9977249710619045,-0.3562350261937737,-1.3842299015102155,1.1336258656152254,-0.6101055047509174,-0.059009229031814055,-0.9521900993019882,-0.20211383994469834,0
0.021782107328058218,-0.998511113621269,-0.3599813767315199,-1.5181146969786488,1.1335455188962182,-0.5919736923030366,-0.058918596331540236,-0.9524317643964562,-0.2032538368154366,0
0.02393684913641997,-0.9990105021676466,-0.36126155709236785,-1.6151007025952837,1.1148466354661146,-0.5556978739041005,-0.05992330136642852,-0.9521367927564544,-0.20320382782949692,0
0.021692109557056697,-0.9978608406947899,-0.359285712242184,-1.632056478903376,1.0865745338014707,-0.5195284361836654,-0.06191251163383978,-0.9518381023703173,-0.20194251599254637,0
0.017852042609050146,-0.9954488335743883,-0.35629921148830385,-1.5960812557042832,1.0503025256235519,-0.5096475352161192,-0.06318921382280641,-0.9516370732489372,-0.20063361008466857,0
0.0160689727835276,-0.9936537835346527,-0.3554818915024065,-1.5556434624927875,1.0144909813136649,-0.5422329904990533,-0.06249194154091291,-0.9514562518832586,-0.20032271932782156,0
0.01650494001040987,-0.9938893644431981,-0.3581439207470648,-1.5322503005677033,0.9997757530660131,-0.6107613512930724,-0.060762892305989274,-0.9515321120229868,-0.200945857197618,0
0.017518116249748146,-0.9956533809607196,-0.362376317272913,-1.5266629489918633,1.0278146277179812,-0.684587963973904,-0.060006011928703515,-0.9521538312506619,-0.20145896463193952,0
0.018831881118943985,-0.9972873199189465,-0.3645841580386471,-1.5473729427296465,1.1036478353954973,-0.7293109714452014,-0.06071858940134062,-0.9532896378488034,-0.20099658561942677,0
0.020725712729241008,-0.9980750090168365,-0.3629165191786927,-1.6047072766154935,1.2082344032418786,-0.738245604999738,-0.06167246366332711,-0.954800387074435,-0.19971787904616398,0
0.02201827427192013,-0.9989048889554578,-0.359476487777706,-1.681846864628344,1.308074832486846,-0.7381962627882214,-0.062101704213952696,-0.9567018472141026,-0.19825554317612934,0
0.021164853276903393,-1.000439749840033,-0.3587921406084235,-1.7361590363412407,1.3754907301494552,-0.7584025236955767,-0.0626081408646835,-0.9589075041977478,-0.19690832216907783,0
0.018589431284851278,-1.0016813546090486,-0.3633326607933842,-1.7358045269581475,1.405712644638031,-0.8005011027272747,-0.0635797075291135,-0.9609274448072024,-0.19604118419649502,0
0.016401014029438346,-1.001625807223922,-0.37038998836603654,-1.6822930631915298,1.4164227991236176,-0.8436453562669132,-0.06412095814135278,-0.9621507945844612,-0.19671837722361718,0
0.01585997590026467,-1.0015635462860923,-0.3742970073505809,-1.5972553427841452,1.4290380571407073,-0.8706473220156651,-0.06349671295329741,-0.9624035902141423,-0.19996111052931634,0
0.015942801120456495,-1.0038605643568843,-0.3723693217021676,-1.5099070286915734,1.4497067187724832,-0.8792778551574361,-0.06291802861005237,-0.9619965092233193,-0.2053860689413129,0
0.014866857344172979,-1.008361962895903,-0.3679366873651928,-1.4668858052434237,1.4638285145555598,-0.8701473123436245,-0.0645429880760011,-0.9612413550288829,-0.21114314396805015,0
0.012830305779009064,-1.011835934104726,-0.3667001584937148,-1.5262813717476018,1.4428327230816496,-0.8369400811942731,-0.06828765711809914,-0.9602193067899762,-0.21536111428097912,0
0.012363096849236147,-1.0120525912824512,-0.37080934522923387,-1.7111259597520199,1.3655676046401148,-0.7813138921243632,-0.070740292739493,-0.959121011442156,-0.2176089469428555,0
0.015279438367631978,-1.0111017212433144,-0.37748290140938234,-1.975377786825799,1.2482650489844933,-0.7350427598531682,-0.06862033549201133,-0.9585593387046912,-0.21902332419416318,0
0.019796626582318656,-1.0127837553597865,-0.38255407322420937,-2.2386554663491847,1.144657826887479,-0.7494798380360432,-0.0631341458264329,-0.959255455865669,-0.22093748123374643,0
0.021726595381112213,-1.0170437288721963,-0.3838666472139695,-2.4481922768283044,1.0969842724119634,-0.8469309459668009,-0.05946244501444353,-0.9612038048005688,-0.22334349812002338,0
0.018790015755086,-1.0191200509492817,-0.38176585979915284,-2.5861791245601635,1.089915724585932,-0.9807864252578684,-0.061258163126367934,-0.9630126257217189,-0.22501356097186986,0
0.013179003750405321,-1.0149801202896462,-0.37808908956750886,-2.635792921949538,1.0650158371616012,-1.0546453449839868,-0.06651213961064657,-0.9622758572632991,-0.22506502495218564,0
0.009303788540165918,-1.0059396869824897,-0.37504116670723797,-2.5836320510785695,0.9787228730858366,-0.9987673634693227,-0.06986938695354988,-0.9572724610238198,-0.22377648561011296,0
0.009258140199737506,-0.9966455450985963,-0.3740488169805994,-2.4551263292294814,0.8428633397802912,-0.8419871095228336,-0.06859470627075058,-0.9488628903790344,-0.22194718126823182,0
0.011262832895887833,-0.9899107614399731,-0.3749508267092879,-2.3153592668725556,0.7110481122340545,-0.7048401634969208,-0.0648902473744948,-0.9404504328548383,-0.22027755256382117,0
0.012483727372755085,-0.9853956097183553,-0.37618695763601356,-2.236108732835799,0.6251775001545722,-0.7067612823915053,-0.062311714393090724,-0.9354626247066528,-0.2194255964777981,0
0.012430517621227365,-0.9825636361826638,-0.3762327894714681,-2.278991542774216,0.5783737984790869,-0.8742016009890692,-0.061749490766216705,-0.9349273729119107,-0.2198271451711908,0
0.013264476267594232,-0.9827360209097566,-0.3752519612027693,-2.487151986405877,0.5371362970704461,-1.1391173345785275,-0.06197164437595674,-0.9377963631997428,-0.22100566881930564,0
0.01708790401968064,-0.9876764750119165,-0.37468629342182447,-2.8497772429478196,0.4913682985574108,-1.4115367777451988,-0.062445541223233474,-0.9429880428147985,-0.2213929610405386,0
0.022979576800285267,-0.9970252239104187,-0.37452487023598,-3.265259038416557,0.463657409269584,-1.6377907125143205,-0.06355815285644777,-0.9500681574549371,-0.21937363028283996,0
0.027019430867598674,-1.0076476663279759,-0.3720979939424361,-3.564941423919837,0.46920723333472425,-1.8076126515029147,-0.06470220137360032,-0.9579896510860455,-0.21480419843252693,0
0.02596883399523035,-1.0155081399301022,-0.3653233537036848,-3.6030319690390997,0.486496239363405,-1.9437938055811883,-0.06435936217948855,-0.9643809636758587,-0.2094814906141524,0
0.020575347770842904,-1.0183106396411172,-0.35690733298810534,-3.341669028770056,0.4772668824700891,-2.0883967531296963,-0.06250253261983182,-0.9670666185195456,-0.20598942472878756,0
0.0142351776480948,-1.0167220164899127,-0.35354436975132464,-2.858015932512779,0.4223588476199942,-2.265265874911826,-0.06141307987297177,-0.9661549907702638,-0.20596039467122232,0
0.00919485603904624,-1.0133618679451701,-0.35976397065251037,-2.2768877360889603,0.3220229684037073,-2.4439761654438277,-0.0631802844496752,-0.963924947799826,-0.20907252611637142,0
0.005768807544595154,-1.0105643119935985,-0.37244970685978557,-1.7000923807507453,0.16646026953817225,-2.5659456239987595,-0.06692680680737521,-0.9624366517229564,-0.21327909251429944,0
0.0042849159055222885,-1.0089891563576106,-0.38234066993942106,-1.1873464608155628,-0.06902521365402266,-2.615855809730577,-0.06954590229162452,-0.9616915318469078,-0.21628926971245357,0
0.005025296749068345,-1.008242908214557,-0.3824710090259407,-0.7737937143961445,-0.3877264518585706,-2.640057957528805,-0.06959680867140945,-0.9605601403187426,-0.21756936146722264,0
0.006352799954407057,-1.0082390818504705,-0.375153662449068,-0.47606925583984666,-0.7539781079695533,-2.679862328660567,-0.06944673013656306,-0.9592101223433133,-0.2187588672020516,0
0.0057758688703716645,-1.0092965983856357,-0.3690732818350377,-0.27097700399835467,-1.1353936851637965,-2.7160004044271195,-0.07201726983636449,-0.9595698844978422,-0.22138291260612433,0
0.0037923133459733605,-1.0109977662299485,-0.36989359282869183,-0.0754922105798211,-1.5362588732250393,-2.7079409635687033,-0.07596919147752361,-0.9627041887832615,-0.22456018069750378,0
0.004386171859540296,-1.011587661802805,-0.376071254754125,0.23019785781590088,-1.9467505310907687,-2.670016387124807,-0.07656387815317994,-0.9664624805612593,-0.22607817568778582,0
0.009911456880787957,-1.0092387778294147,-0.38334488572459263,0.7190289697194528,-2.283788657407999,-2.6692112343264296,-0.07181395963181435,-0.9671156683302656,-0.2254241491627056,0
0.016812818850114424,-1.0044727147073036,-0.3897608106616637,1.3162481071231436,-2.4548271204443184,-2.7389127064227514,-0.06554984420679569,-0.9636252574393948,-0.2244466541763609,0
0.018966674973048728,-1.0008139301174734,-0.39511054696986647,1.7848636662135107,-2.491560843648211,-2.819678521464076,-0.0631999014567558,-0.9592730662317649,-0.2248822743029009,0
0.015400854816571594,-1.0015094934770328,-0.39798288555822214,1.8700389538844338,-2.5571005329994483,-2.808224154092954,-0.06577483220545419,-0.9581512781717172,-0.22617406405021526,0
0.011958150286266811,-1.0052863818359539,-0.3959414423245866,1.525928033688656,-2.7845344374663155,-2.6657986085924454,-0.06907181798300743,-0.9603556511747181,-0.22612417319948583,0
0.013362091318864282,-1.0072329999209293,-0.38878463128738616,1.012635052249565,-3.135771128007707,-2.467418465827881,-0.06844256915989895,-0.9617592094985524,-0.22328170253683555,0
0.015841344281609687,-1.0050909135987856,-0.38005025198165465,0.7228163299961556,-3.441942154980957,-2.3403219163243603,-0.06361910152084047,-0.9589182299764233,-0.21848219850097528,0
0.01183124617702088,-1.002630226843974,-0.3742039210983687,0.8687616102117137,-3.563946558187551,-2.3582348878248185,-0.058519254402547446,-0.9531529571348736,-0.21450384409023684,0
0.0019430312717552446,-1.0043829146939272,-0.3730301468161412,1.330015203956261,-3.4962858793585023,-2.493075026192465,-0.05673223708835449,-0.9487468909410869,-0.21442730513500127,0
-0.0031924651867018044,-1.0087223997277666,-0.3754376917666738,1.7944500729577728,-3.3327068305685903,-2.6554592876228478,-0.05802641652072655,-0.9478295558039317,-0.21945056830821755,0
0.004247857517332436,-1.009455520253928,-0.37972982983097325,2.017883305331123,-3.161621754403613,-2.774537875057752,-0.059226393401223786,-0.9485155028478789,-0.22741227114542284,0
0.01938607355902853,-1.0037053769314008,-0.3850061634916951,1.9527806325677084,-3.0012583282885394,-2.8480050056326993,-0.057607493379150526,-0.9478598151448169,-0.23389151440957803,0
0.031397523563172006,-0.9956158514483908,-0.3905658865033054,1.6928059887700175,-2.8176515116256877,-2.9257862948799462,-0.05322540222825927,-0.9450635588925345,-0.23559288088935124,0
0.035861410147145674,-0.9919742688869181,-0.3942712389798126,1.357356266658369,-2.5884321533583634,-3.0498693395792422,-0.0486078381594152,-0.9415539948708809,-0.23261109163409438,0
0.035844193764654315,-0.9950714404000706,-0.3924845925881026,1.0236794865705385,-2.3503635727310805,-3.218463338362546,-0.046557526442959435,-0.9392290205666997,-0.22740607195453844,0
0.034327188447268155,-1.0003215441204787,-0.38406113190384783,0.7079712360044056,-2.1919787636119445,-3.4101946473134124,-0.047999797356438424,-0.9390423350545398,-0.22267205286153122,0
0.03140136336716297,-1.0013318790535648,-0.3751522631921329,0.35233204804384677,-2.18613527202349,-3.617322618121702,-0.05154376250111723,-0.9403750007803526,-0.22098876602873446,0
0.028121011955140107,-0.9966213609482388,-0.376897361869793,-0.1864402363545432,-2.3002609066991835,-3.8310890820529284,-0.0547541206541905,-0.9412641121255092,-0.22527122737915112,0
0.027921799331535112,-0.9898102488705568,-0.39480698436769346,-1.1015613495286976,-2.3710778632016996,-4.018382149745476,-0.055746756591454345,-0.9396832298305784,-0.2371746416299896,0
0.03212706212615456,-0.9837769841122087,-0.4208629494330656,-2.531726915774791,-2.2055016041740805,-4.15486591172566,-0.054182812307978195,-0.9350337521325731,-0.25424634735437857,0
0.03648048492660977,-0.9771513524879099,-0.4399259318776298,-4.453234766535319,-1.7375037854135413,-4.272028230521605,-0.05159685709473539,-0.9283309930643172,-0.2703181800824848,0
0.03503662005289401,-0.9672208686174854,-0.44604878707924633,-6.683566682930483,-1.086595719679199,-4.43089167363182,-0.05056584627528253,-0.920749234591256,-0.2809196877092331,0
0.027455215855907694,-0.9540301334171196,-0.4497961393415395,-9.03065108365824,-0.4666245108415401,-4.654807318483844,-0.05253102026360181,-0.9120422306337002,-0.2887552274873259,0
0.01994250351177682,-0.9399221798852048,-0.466268300213909,-11.459040966468192,-0.05326390527900597,-4.92209267315221,-0.05632329769185001,-0.9006498004020795,-0.3023191889328184,0
0.017797996240611492,-0.9263433929915734,-0.4975338256302877,-14.069791484456063,0.07696501197389174,-5.202621423403834,-0.05949150426733489,-0.8855452393129953,-0.32739610071514447,0
0.01922375087508077,-0.9129979601099014,-0.5304530983621123,-16.848610599007582,-0.058046114851319046,-5.447517497687434,-0.06078397922925707,-0.8679597834051929,-0.3597804364484969,0
0.01873189535100696,-0.8997109621040608,-0.5507399265409301,-19.425899109622623,-0.35775419382144746,-5.559798850396239,-0.060620130491365,-0.8510599528458742,-0.38743026230966016,0
0.015075958751278078,-0.887504210126427,-0.5545170290316674,-21.170268209370374,-0.6593481069376433,-5.449385075559824,-0.05982181756527925,-0.8376058271654677,-0.4002277745367878,0
0.012373613330878202,-0.8773926838749775,-0.5458502913866962,-21.622785426193325,-0.8125774697087041,-5.13792429667678,-0.059028044091078216,-0.8277863718478452,-0.3973721694401059,0
0.013353992704916958,-0.8687476883896088,-0.5294959155014618,-20.8769504941733,-0.7907117854410525,-4.763537571922662,-0.05895464669220434,-0.8193485647676682,-0.385982165833204,0
0.015251098504085549,-0.8595484660803369,-0.5106517617491592,-19.511016935503378,-0.7328303645746287,-4.458999347607442,-0.06005991579207215,-0.8097897848915432,-0.374198366326043,0
0.01429821518162455,-0.8485562932598061,-0.4974729649771208,-18.142443088697586,-0.850024967054716,-4.256534372086835,-0.06179952115964209,-0.7986312662166624,-0.36613214069924066,0
0.011424403312920162,-0.8367487811830943,-0.49698862134000127,-17.071439219491758,-1.2735763000964895,-4.134357679258853,-0.06287530721648439,-0.7878457876379767,-0.3619130593586874,0
0.010466323708837518,-0.8258823882177496,-0.5081364875822811,-16.3160506761478,-1.9958136436328253,-4.119138571075808,-0.06266468008852369,-0.7795564682533984,-0.3605199852692742,0
0.012179299159408952,-0.8158304329975024,-0.5221392034642246,-15.841177407166315,-2.945312659353199,-4.282779541363654,-0.0622673053769069,-0.7726945721942843,-0.3617738973992926,0
0.013408012087153937,-0.8041235207192279,-0.5307220407126383,-15.629789606635729,-4.067113339655409,-4.6281846789989025,-0.06350044880415501,-0.7627732123875329,-0.36633331120127877,0
0.012428247228183522,-0.7884213836206122,-0.5335292876520665,-15.593599449499301,-5.267266977895534,-5.023987615589368,-0.06643598322618531,-0.746212523622099,-0.3746990813622447,0
0.01214442295345469,-0.7690327424258971,-0.5371099382841815,-15.595815898954095,-6.280730434042835,-5.289186189038593,-0.06854413610151452,-0.7243340918087934,-0.3860844200635635,0
0.016251563777849257,-0.7482693623366484,-0.5457788275349068,-15.651252423341136,-6.693984718253198,-5.336194776490137,-0.06708945021153126,-0.7017223290687702,-0.39739617003123723,0
0.02419060528319897,-0.7272641709440063,-0.5544243778783566,-16.02551489399016,-6.213928406112239,-5.220841885350065,-0.06191691044443298,-0.6809324812862202,-0.4032674265699439,0
0.032528724232668886,-0.7044786964903592,-0.5530167209297272,-17.014874927832008,-4.929354511674582,-5.071518279095509,-0.0549166756951216,-0.6600972885413938,-0.3983505314354806,0
0.0404247767353108,-0.6778220477964677,-0.5374398732494191,-18.59488365927117,-3.2440864927253092,-4.987572082967338,-0.04712009032506635,-0.6357196131174182,-0.38076194570718336,0
0.05056481469789387,-0.6472732883965101,-0.5120791797844284,-20.327235135471703,-1.5417237289265453,-4.9895781921961255,-0.03756522646432554,-0.6068088041214609,-0.35320694779156336,0
0.06408753108453484,-0.6149559858221567,-0.48212511225619153,-21.637193743518402,0.03201582583503279,-5.037124320082236,-0.025284420242149212,-0.5760070823663762,-0.3203095652172903,0
0.07733537835076908,-0.5834271588227431,-0.4482682088566259,-22.17321745312757,1.4706793242351477,-5.079178879488733,-0.011508005546706999,-0.5470118946568757,-0.285294293660389,0
0.08579329378545,-0.5543325986776457,-0.41109968382397777,-21.92730279530118,2.705716852972831,-5.077831336040867,0.0009133762221755061,-0.5213159785005881,-0.25009314404196265,0
0.09014399309076558,-0.5284682772552948,-0.37740415599253685,-21.123117860017494,3.5899179139174398,-4.980787743165642,0.01023576357735834,-0.49812062126132134,-0.21850850880959452,0
0.09581661126161586,-0.5066569261554354,-0.35769291146873666,-20.106261904527123,4.065128575773498,-4.708583761493228,0.01733352566796185,-0.4771524612472389,-0.19748561804656867,0
0.10600950263864482,-0.4895913818317881,-0.35670767694261163,-19.32379752172737,4.28509973613441,-4.227694406850612,0.024114851795846524,-0.45974611359722695,-0.19307132846620575,0
0.11737171982566544,-0.4765232656657423,-0.3692548693200457,-19.249769663259965,4.532933829815903,-3.638367888464666,0.03084978266380585,-0.44660888711715796,-0.2046465394380779,0
0.12404459948203236,-0.46566137961880877,-0.3866737308336473,-20.187303514208242,5.000251294613324,-3.1339895403888502,0.03562376595274626,-0.4366017911544144,-0.22441122366772398,0
0.12395444465987239,-0.4569284230142881,-0.4039383924472383,-22.11546520119553,5.631358625773221,-2.8485334103345137,0.036194658277369555,-0.42894696703458324,-0.24303030681736784,0
0.11852793206553629,-0.4529775415642013,-0.41839503990225124,-24.735084977281886,6.16082288180774,-2.7732443336526593,0.03164463078448328,-0.4250485261386183,-0.25509699109987005,0
0.10774375622634004,-0.4563376448889456,-0.42666333756864094,-27.64066502532819,6.280288898127912,-2.8338902712618634,0.02202959672682956,-0.42684889202561577,-0.26019553585206673,0
0.08944533873903894,-0.4663672863404759,-0.42856141561800354,-30.487856128808673,5.780022007565912,-3.014434491898096,0.007105144697455558,-0.43420751338110375,-0.2616910985325247,0
0.0637840816378047,-0.47918417005313746,-0.4316054799952179,-33.132543150705665,4.6066466062596865,-3.3720724638058064,-0.013904562617151877,-0.44431735813596485,-0.26525704124514116,0
0.034863658636801555,-0.4890255049018746,-0.44503739775051876,-35.69292741131983,2.8847271982646996,-3.92033368740983,-0.04109420373204801,-0.4525545954277285,-0.2760637973133227,0
0.007031807585668834,-0.48953596881597733,-0.46904387687995736,-38.42352494238854,0.9078624316435115,-4.4990481949829935,-0.07205203926372179,-0.4536436164720594,-0.29544073824577377,0
-0.017605886067414672,-0.4765759108580212,-0.4949571120948506,-41.46476828933706,-0.9646537288788365,-4.797839904728884,-0.10091130186351495,-0.44387144118662203,-0.32060762571348744,0
-0.036848856235244865,-0.4523206905091636,-0.516771728378326,-44.74226349221357,-2.490522723599873,-4.585171858026967,-0.12047097545345704,-0.42400503341663665,-0.3480905995738498,0
-0.046594531667885304,-0.42563534507612827,-0.5369404706674752,-48.14152764914119,-3.6578661827589567,-3.95560991039387,-0.12725306396236294,-0.39983944499888907,-0.37626865175908686,0
-0.04416394847406873,-0.4058570721797022,-0.5580740593906104,-51.709331063527955,-4.614453521598692,-3.310905301507121,-0.12445027376725132,-0.3785476101626245,-0.40317304974190676,0
-0.03248322914097208,-0.39554887359153007,-0.5735503856809507,-55.55504253662461,-5.485829607931639,-3.038865251462705,-0.11835933802146761,-0.3638159541739039,-0.42256566777927185,0
-0.018591531839037695,-0.38992158957949585,-0.5718103862165229,-59.50189043821683,-6.264387578492353,-3.2015382266230255,-0.11190185579651844,-0.35444355732602717,-0.42514321844772385,0
-0.007503168415339668,-0.38304229881449886,-0.5496097342450434,-62.91179599239953,-6.855264687763194,-3.5485179282891064,-0.10295547741145875,-0.34722291861229637,-0.40587655236817305,0
0.0016845491290092677,-0.37419546060223274,-0.5169605763202457,-64.98991101190644,-7.19036456800175,-3.8067785338221367,-0.08881930042893309,-0.34088177618192594,-0.37009151524112327,0
0.013461290661272737,-0.3686142439925678,-0.48769452610368547,-65.36879922959207,-7.275430203206763,-3.9113686116260187,-0.0704848416333811,-0.33771089960469186,-0.33127553846315394,0
0.03018679938556558,-0.3724246478443453,-0.46810992932809775,-64.44394630098847,-7.148963041145907,-3.963617357910482,-0.051728396379963175,-0.3416380625250037,-0.30212257867141373,0
0.049201650989597785,-0.3871031237975969,-0.456028327507484,-63.137481639997965,-6.836059303276008,-4.04083112293144,-0.03515948465207241,-0.3543935172190606,-0.2865596084670129,0
0.06607868599531744,-0.4089625909055348,-0.4466159518818133,-62.2707089414944,-6.362436500951307,-4.105238395919673,-0.020330907066689358,-0.3736754525867981,-0.27889316551113347,0
0.08020149004389898,-0.4328997736071747,-0.43586183405665635,-62.037729186672415,-5.815530770590156,-4.078917459612691,-0.0053125734071128045,-0.39523016952717316,-0.2703872555212409,0
0.09507266348993615,-0.4551262463376498,-0.42219725700465094,-61.98087857010847,-5.3680039656164285,-3.9542773445610515,0.010738449175625504,-0.4158772506019241,-0.2580830534158567,0
0.11210330857467958,-0.4733101724809823,-0.4093273682620618,-61.490367075474495,-5.176241351194157,-3.805577141288309,0.026100276374961526,-0.4340444890851939,-0.2478181189142368,0
0.12632785485060186,-0.4868769871781958,-0.4050501585976951,-60.41128136278324,-5.211974248795478,-3.6867770878288417,0.036842614722325626,-0.44879008842984214,-0.24734343312037757,0
0.13118938664990734,-0.49772528926995985,-0.4127866362304982,-59.18410305666684,-5.23116551412332,-3.5119131092199254,0.039831277090678796,-0.4600770747107268,-0.2564701477903219,0
0.12782040919538384,-0.5090507069753724,-0.42607424000325517,-58.36302166350334,-4.950877489955132,-3.0536870833536507,0.03717959603035033,-0.47002973852456864,-0.26659991388468063,0
0.12743153148889647,-0.5232634946463932,-0.4356065903431759,-58.0335129489631,-4.218739215894862,-2.1165247102953604,0.037003640737212344,-0.48256366581525867,-0.27082600708422105,0
0.14185043165410774,-0.5419631026269215,-0.4397753816286428,-57.76685983931532,-2.967991179317802,-0.7523596364820231,0.04711226304662297,-0.5007658539419064,-0.2712951112439788,0
0.17037497866372836,-0.5669037418447929,-0.44358038759669804,-57.094313925899925,-1.0758531943964524,0.7208713445355682,0.066896972824822,-0.5247160568333045,-0.27442686040487607,0
0.19751822583676254,-0.5987723609982786,-0.44888634177644154,-55.89643163250976,1.6057683095538584,1.9659479212409163,0.08671746296429278,-0.5522354770223619,-0.28175540893237055,0
0.20652034945593356,-0.6349661275447982,-0.45213027493850716,-54.32021486665295,5.031210334797169,2.8994264508463963,0.09629185243062793,-0.581572682417769,-0.2893032901301765,0
0.19521867674128965,-0.6707144457921894,-0.4527077145056627,-52.478883340600504,8.823587877608105,3.7020133503234933,0.09323028050195101,-0.6130464430026416,-0.2951062617787911,0
0.17649172713680167,-0.7040953478596564,-0.4574796592964131,-50.38439579944242,12.416264499496446,4.572293033827084,0.08311087850533916,-0.6484426546147796,-0.3031624404530034,0
0.16344507074107045,-0.7395086944632343,-0.47278120475950314,-48.14659887274748,15.358182307993891,5.511106945584704,0.07264586828205981,-0.6895340738039707,-0.3183894335970257,0
0.15750643731957936,-0.7839901364469397,-0.49576255729916113,-46.089660291042044,17.501022306446856,6.361299594495732,0.06438316718825647,-0.7369700890710162,-0.3403651309051585,0
0.15204638010630095,-0.8389586296072171,-0.5183327783218625,-44.573386805263155,18.90922498730067,7.014393681166621,0.05757305962093062,-0.7894142471475274,-0.36401748151478286,0
0.14375843584250342,-0.8976272471164563,-0.5366155641529043,-43.684652796558225,19.59499952077843,7.509781691219841,0.05201554092652329,-0.843514817373102,-0.38459783516159435,0
0.13639540746936105,-0.9524280556644847,-0.5517163126820238,-43.08266300659356,19.369212987071545,7.910584868145695,0.04947601713150726,-0.8959374301448605,-0.4003966660271114,0
0.13410536842639215,-1.0029534216161764,-0.5646711671203613,-42.115545140353184,18.030715228626054,8.1368602084107,0.051221839882218595,-0.9458170297604238,-0.41271100065297617,0
0.13453658423075193,-1.0539577280532748,-0.5765890864682681,-40.12398428968009,15.747319090491322,7.993239638702385,0.05442252647767484,-0.9940864570645741,-0.4250759956681898,0
0.12970344265551534,-1.1071258754003335,-0.5913011584630531,-36.73259134221299,13.167856366976782,7.388258895583764,0.05148395561920339,-1.040497528519928,-0.44088368820988566,0
0.11350883124960276,-1.1583469923814358,-0.6111596896814167,-31.963091510180526,11.028336347566928,6.5048348379964205,0.0354401133188531,-1.0834479313795953,-0.45937478522616687,0
0.08950601895088449,-1.203491325553686,-0.6295266650541194,-26.16417865219071,9.604178372180314,5.682977652057643,0.008978645117535962,-1.1234330493200904,-0.47391059231535526,0
0.0704068466859428,-1.24404392227089,-0.6331845279481757,-19.852203466478112,8.580280970927118,5.034740399057228,-0.01393895741440104,-1.1641932255199234,-0.4764413467593572,0
0.0653402730880317,-1.2848070447673874,-0.6167893710683456,-13.537697957061697,7.495866911766257,4.17805353314748,-0.021764129421456734,-1.2083396568119027,-0.46596569652005865,0
0.06603368746907383,-1.3269482678619413,-0.5918320148466183,-7.607286378001592,6.333965017263724,2.5240042383731915,-0.021709856908867526,-1.2530669067028062,-0.45102502867754873,0
0.05131676140802725,-1.366272703730062,-0.5743482226859624,-2.3043815142340094,5.60795744309236,-0.05139978048784402,-0.035413790838383426,-1.2924866620920454,-0.43972954834388583,0
0.009869195831106164,-1.3991309802183265,-0.5649239671411722,2.2691681300620683,5.738736722629853,-2.9592549437838085,-0.07441652516682978,-1.323903176697834,-0.428508150566573,0
-0.045709153690797394,-1.4262961152462512,-0.550044948130755,6.214767348075044,6.377252168755903,-5.480847493881509,-0.12599296516891353,-1.34917546647461,-0.4072936775033758,0
-0.09231709259207618,-1.4478532153047623,-0.5243391157055171,9.843935551418435,6.5952077989448785,-7.46523257022311,-0.1682104597622744,-1.36892591897256,-0.37633864277759965,0
-0.11935633484882208,-1.4575811336420914,-0.5001294731817253,13.477424288647665,5.878724025747081,-9.236410136398721,-0.19271033296240112,-1.3783189616050113,-0.3494632904938412,0
-0.13230996053843183,-1.4477381648181793,-0.48971097609858016,17.196817436974637,4.725143253136725,-10.936490768142733,-0.20559239597123075,-1.371602369536406,-0.33708509374373,0
-0.13816215442488772,-1.418883964424394,-0.4887256956866069,20.84744527851024,4.0346773992266005,-12.277476779136695,-0.21178353364493835,-1.349463370288429,-0.33413387714880394,0
-0.13658826058306145,-1.3813405554305545,-0.48536536266865987,24.238412384785473,4.029556742951832,-12.952117000554068,-0.20920126492652102,-1.3192701129963476,-0.33036358935437626,0
-0.12464825878257378,-1.3472199322520335,-0.4785264102941652,27.24455706031561,4.015402574942111,-12.998389002387349,-0.19640332498491894,-1.2895644020234847,-0.3258502758916735,0
-0.100946804187556,-1.3231104813757266,-0.4783378009515278,29.78528532789303,3.180222554796066,-12.65676455957407,-0.17484810601233042,-1.2666435541837584,-0.32987686818168194,0
-0.06269255505733995,-1.3092331804251303,-0.4927771768259972,31.833137628432002,1.4412667251949947,-12.114058323247471,-0.14184000808535968,-1.2538959765551427,-0.34863475065181065,0
-0.006546098205618419,-1.3025474685418241,-0.51985165950186,33.39342792448114,-0.46907782850284413,-11.574653982659356,-0.0912421889207618,-1.2504020521116075,-0.3785770656252126,0
0.062428426302024886,-1.2998260226383502,-0.5503355063793928,34.40136608224881,-1.575618479765555,-11.419784785031167,-0.02579835223802534,-1.2509274086606506,-0.4092377836206811,0
0.1278664656481085,-1.2990648915656715,-0.573895808634724,34.75489092433016,-1.3425457313789015,-12.036850167844154,0.03838284362474659,-1.250337186415174,-0.4301319400526547,0
0.17372350072373713,-1.2990573558652612,-0.5840204132345255,34.55551522441962,-0.0066235664942343175,-13.456778974617091,0.08456967061617673,-1.2479053889718676,-0.436625181719757,0
0.19680001922856982,-1.298621109405485,-0.5801683342240295,34.227728566049905,1.645324352020045,-15.250306385812669,0.1087594048478257,-1.2459317358991073,-0.4305555035629878,0
0.20568232088569893,-1.297800784912965,-0.5662472117993579,34.313542764392786,2.8627399607283,-16.79996142355657,0.11851114385819377,-1.2457454809108999,-0.4162347485734623,0
0.2102879811454406,-1.299541670112786,-0.5476134021144397,35.18560816971745,3.356065266063996,-17.702523852752872,0.12294574517734044,-1.2471826593689177,-0.397878283439193,0
0.2137009811631686,-1.307513283438758,-0.5291662757775931,36.93885690198497,3.2173813968018554,-18.03038180727166,0.1253769875345739,-1.2505509621803808,-0.3798700181731366,0
0.21084725924618988,-1.3214524935897982,-0.5139808421272213,39.44498437591787,2.564459833141227,-18.265771908389056,0.12177598114324092,-1.2565044667303193,-0.36539208301393594,0
0.1931020500317014,-1.336415943223192,-0.5025699127943436,42.4965612409965,1.3955862677692719,-18.883014062946017,0.10455295735390137,-1.26414756557289,-0.35420565454800684,0
0.15621053587365105,-1.3465724119865456,-0.49473305961071495,45.9831216753118,-0.22765241812074405,-19.88963226293731,0.07025214495741555,-1.270802747047311,-0.3448979618455327,0
0.10616757156273406,-1.3480143894566763,-0.4920584555090742,49.92492238077966,-2.0266640517240635,-20.79628613335003,0.025071656980636143,-1.273566749674337,-0.3391724170881575,0
0.05736630584293684,-1.339008821167435,-0.4961154685338479,54.268181848649405,-3.6591443310858254,-21.08084580934582,-0.018278346536621085,-1.2701653607493406,-0.34018210402641036,0
0.02335013436742679,-1.32057813791085,-0.5035790920180536,58.69725795996083,-4.98944361308199,-20.643362815191487,-0.04966257142265367,-1.2587954395706389,-0.34597419119117223,0
0.008489488270145895,-1.2970242808736918,-0.5056879662152214,62.78696144776958,-6.1340737429371295,-19.784205514668695,-0.06658149418331197,-1.2388582655195526,-0.34788116557776944,0
0.008882863447010683,-1.273682117185376,-0.4943234296005718,66.38534536031406,-7.2655815799560255,-18.836866784157454,-0.07079892001321268,-1.2126890172432676,-0.33710000681093094,0
0.020125929824846553,-1.253453301697836,-0.4684992097417102,69.79054790981655,-8.437699470804715,-17.924988288405643,-0.06294595443178042,-1.185640031463825,-0.3120449484413531,0
0.04129269153229911,-1.2364729016558538,-0.43502112190340514,73.53373052051631,-9.583853355760974,-17.020403075847266,-0.04272828974359266,-1.163264350652456,-0.27927386091178963,0
0.07089446881558797,-1.2234082942022249,-0.40293583865431437,78.03518170459661,-10.600586553754367,-16.08782737289643,-0.013303420019856344,-1.1486625326287676,-0.24768075611101614,0
0.10301689786534436,-1.218118507566707,-0.3763385136869805,83.47399158655031,-11.403608870784494,-15.11846791819529,0.017774583232018505,-1.1434119262728484,-0.22098349074631837,0
0.13148817307023142,-1.2263404281346346,-0.35199196987655357,89.88645532405933,-11.94889009383764,-14.096111487287315,0.0439072848390204,-1.1502133441770825,-0.19559577620191526,0
0.15668039631951286,-1.252337410837085,-0.324032934172977,97.24972438047239,-12.216724070488215,-13.012652704848705,0.06512742353547615,-1.1727135174225243,-0.166248205740386,0
0.18369444655772674,-1.2978039903661411,-0.2895158872595655,105.4242924429374,-12.142043565754705,-11.930205875325703,0.08663339356190534,-1.2132720717274328,-0.13184667608465914,0
0.2126218354092017,-1.3641837578369689,-0.2479484689949471,114.11004329554257,-11.560779347007974,-10.98523813334137,0.11073975021335566,-1.2740676402121813,-0.0933375682939386,0
0.2345018868675052,-1.4552791934134195,-0.19852790634476253,122.98750015647317,-10.270910366224864,-10.268232888163974,0.13151361334360226,-1.3609543136872613,-0.04859788368489774,0
0.24017041499211142,-1.5747321762738737,-0.1438793903982009,131.90513277897014,-8.17759657786575,-9.663734553698133,0.13987488880268098,-1.4808271385774148,0.003099572453595838,0
0.231373276481902,-1.716215317804596,-0.09906050507360978,140.73959490254188,-5.395023620531815,-8.841921975367576,0.13450007522388668,-1.6290268350781842,0.048087892756314005,0
0.21963278096611802,-1.855963651241852,-0.09314077367022654,148.7989311221634,-2.2191320685194498,-7.463660322940219,0.12445056878683343,-1.7808368335555642,0.05502583074075672,0
0.21219068300792052,-1.9636932090728627,-0.1539773190988672,154.285229960037,1.050177873384398,-5.380548220433491,0.11658509002783854,-1.9044085445786205,-0.006711474990829281,0
0.19782698815925845,-2.0301712178930766,-0.28369271769887267,154.71743334390686,4.374258646209422,-2.575429860148015,0.09945306107064392,-1.988878177043497,-0.13945846879496118,0
0.14882228930016844,-2.0826319879468893,-0.44518194642604714,148.55226994422918,8.093666529417108,1.045095067573404,0.04565514278353634,-2.05717738453117,-0.3043281290399996,0
0.046054859300166916,-2.16215342838312,-0.5732952236657454,136.79262594163828,12.600755107404803,5.600607702196742,-0.059779531874609985,-2.142446443885265,-0.43394773855629354,0
-0.09048190074520321,-2.2769199029642344,-0.6065803367931931,122.85614034253062,17.59783118876189,10.848817870407574,-0.1896979791172767,-2.2460926157749714,-0.46511004403960166,0
-0.2014832306192786,-2.3784730071607716,-0.5243797869160586,110.5366723676027,21.574585046260655,15.992504158475239,-0.2821329221661628,-2.3218978419292315,-0.3773563966872574,0
-0.23053696454915812,-2.3907198720266223,-0.3676269498504074,101.88962147718878,22.34869347420193,20.12643178298674,-0.28885958194001576,-2.308307140600761,-0.21444105154954654,0
-0.17115889470755108,-2.267504512836101,-0.21925970849926238,96.71683356747056,18.695679176642496,22.88988749447655,-0.21818396139427973,-2.178361506719393,-0.06234090807683236,0
-0.07005586643103803,-2.025526139038282,-0.14532135330790086,93.39978068483602,11.74557115875717,24.495382462777147,-0.12469763350192545,-1.9569844920382549,0.012350497832953193,0
0.014601032758965899,-1.7273674411445252,-0.14505058764035886,89.88624590417133,4.595556999554647,25.11708962468177,-0.05883104579286014,-1.6952227854809143,0.011407798270586807,0
0.055785675735501396,-1.4375363476974563,-0.1627721357860292,84.39056668970156,0.21851309238166716,24.506633158168768,-0.03233165294831275,-1.4362731897579009,-0.009007002790953638,0
0.06536329226098508,-1.1910240835239319,-0.14867888724745282,75.96950941700919,-0.4440395457859349,22.366984010163222,-0.027383731330881404,-1.203087360399039,0.0021403475745349464,0
0.0704533339484726,-0.9917536648175688,-0.10005489684659097,64.82530365263938,1.4735769333422517,18.964694503716494,-0.024359059230301953,-1.0037149760170714,0.05118971904075019,0
0.0860511729580036,-0.8285907840562479,-0.04649269563608688,52.04652935303091,4.273931701341497,15.145874762359147,-0.01543776430100915,-0.8378739858345886,0.11098236693784169,0
0.10757269649463018,-0.689066869346118,-0.013485575447505494,38.90184188786995,7.060921575054624,11.68864920478903,-0.0010678665496655084,-0.6996770759511495,0.15272033753819758,0
0.12413526809168364,-0.5648735726732415,-0.009681063928734971,26.041650636332996,9.822013726503878,8.726646887599607,0.016128204123331012,-0.5809343972595861,0.16196198438846846,0
0.1321067498716526,-0.45460941335709876,-0.035311299549267386,12.92215687363303,12.609903497441433,5.849111145488194,0.032691851004970136,-0.4772479842042025,0.13766488371807584,0
0.13352858912784227,-0.36624364177353735,-0.08517411321874631,-2.146284760218923,14.944987985744213,2.6929723962522236,0.04396411703294626,-0.3930091203297577,0.0892313985093376,0
0.1281864979604607,-0.3152954495230622,-0.1438893217406413,-20.958598367085948,16.07850172348778,-0.6264691395955853,0.045646106500364506,-0.3399506375149532,0.033884508101527856,0
0.11409174969193171,-0.3160889128123073,-0.1899264303168151,-43.70404146666399,15.783048148482175,-3.627785399979611,0.03650253636356619,-0.32919715998187576,-0.010443800591688184,0
0.09325852271517414,-0.37087364911649634,-0.20912272116843447,-67.83948755667883,14.781153187583849,-5.926222359107663,0.019035221708345738,-0.3630936184150431,-0.033444468196362515,0
0.07129497718110543,-0.46603975605258446,-0.20128727540499572,-88.78059001201298,14.28207690229506,-7.560843944160995,-0.0029922993445814154,-0.4330001492312384,-0.034415693392509474,0
0.051356252259253096,-0.5791789224614176,-0.17339034234696257,-102.24456470569142,15.038445943685424,-8.876658125240091,-0.027342134304929825,-0.523211976730674,-0.01727681420573023,0
0.03180625637749302,-0.6899823439492685,-0.1310171125973011,-106.52811276924731,16.833097672461324,-10.09696468568897,-0.0530594956324417,-0.6167812776308623,0.014911584480797777,0
0.010569184181733079,-0.7855753524143373,-0.07824560010239406,-102.97454284275528,18.800038310778206,-11.028380835301991,-0.07795343044871178,-0.7003343667701113,0.060469569943126904,0
-0.009780443724041752,-0.8601550814320309,-0.0219581315970181,-94.48072854253566,20.119758074103,-11.206207333599783,-0.09764790278184506,-0.7676057291223528,0.11527664771015074,0
-0.02252814569940649,-0.9148873955976488,0.026699797097803898,-83.48049585721219,20.407959967140062,-10.335472711437284,-0.10777957509545305,-0.8205414423808673,0.16897281853288268,0
-0.022863132710530434,-0.9576274678662801,0.053713258507234456,-70.96271154299522,19.6290358284634,-8.597991955240483,-0.1069697689839859,-0.8659267727440538,0.20447874224635498,0
-0.013168736779703205,-0.9972774656163186,0.044634397446437116,-56.93207599375596,17.865251208054662,-6.565370143134788,-0.09806098241721012,-0.9092079384280805,0.20248961715974195,0
-0.0017033316765034212,-1.0358032739662482,-0.009722059096162607,-41.53030053937768,15.252824346283768,-4.836596502288713,-0.08722249070980617,-0.9506275066891816,0.1515550124960733,0
0.0037702063405028437,-1.0673265750964496,-0.10408239556343392,-25.715831608076726,12.072935027242782,-3.705290088943891,-0.08112256483421224,-0.986189561135752,0.059045210091581715,0
0.0007170523619604289,-1.085525330519254,-0.21350807666741575,-10.99568057509349,8.793034629948894,-3.071400755247796,-0.08308650666773261,-1.0115026797743332,-0.04749388436079708,0
-0.00824841675207499,-1.0906824563635478,-0.30103580839567223,1.420176959511313,5.929430274154622,-2.608277319023326,-0.09122299286969113,-1.0254308173498623,-0.13356167591221532,0
-0.01820980875465297,-1.0899342132634744,-0.3374013250809847,11.272050419759875,3.8087927197763882,-2.025088065341496,-0.10068079084095527,-1.0313435148026167,-0.1766093184806614,0
-0.0250952612288157,-1.0922776058061712,-0.3201405178075534,19.23690897533277,2.4318722180937975,-1.2249366335343652,-0.10765663841541998,-1.0352580754746583,-0.17633606993245626,0
-0.02746247762403622,-1.1029207773768968,-0.2759780763789509,26.341863632276482,1.553644207765186,-0.28377507016522246,-0.11105518629524629,-1.0424284230352607,-0.1501961630389096,0
-0.02581989867598298,-1.1204375393637245,-0.24085437064316909,33.256759283091256,0.8866869661439742,0.6637187059785842,-0.11139674146620204,-1.0549082183169955,-0.1194273523184892,0
-0.021098752210243033,-1.138804575260029,-0.2324215383308352,39.927875039170594,0.2539272071985178,1.515704293109015,-0.10942906860526556,-1.0713751334563604,-0.09648088514107084,0
-0.014735236789114523,-1.1529119007302744,-0.24071939699765577,45.75425478944372,-0.3807455299249469,2.2339770924722506,-0.10543950919507271,-1.088770534775251,-0.08187964409220527,0
-0.008887522991424169,-1.161991340276422,-0.2447653548743828,50.10892743176873,-0.9705603480627878,2.8239906322660953,-0.09886267364210821,-1.1041783914667294,-0.07013706008540252,0
-0.004091330247473712,-1.1674801446483958,-0.23425847010947037,52.74274855341983,-1.481325408386018,3.282765938451089,-0.08860789702608747,-1.115416956349294,-0.057573503424179204,0
0.0030920716038250516,-1.168748044664933,-0.21461242209318437,53.771833940709726,-1.9623382942081362,3.5608672587860917,-0.07431154926326737,-1.120442843591057,-0.045298067282378236,0
0.017514081451219656,-1.1623179701646624,-0.1970708227844389,53.404341792854474,-2.521300283975736,3.5870641695460406,-0.057128356692972226,-1.117189291971181,-0.03660013533503553,0
0.039463007153559174,-1.1453004254269554,-0.188517797880162,51.775735743711046,-3.2047009100747386,3.33137024926044,-0.03916670125756707,-1.1046512418656886,-0.032993584143905644,0
0.06266935126739273,-1.1187931772713964,-0.18871654400432036,49.017256298093855,-3.897623875638118,2.8254362319575943,-0.02267114983150844,-1.0839629889876423,-0.0330626418018314,0
0.07941072588135908,-1.0875958023317032,-0.19340916136704556,45.36772633631885,-4.359568071822637,2.1186927827337065,-0.009692101262384477,-1.0581289417670146,-0.03454346473446878,0
0.08710993328179698,-1.0571741146114682,-0.19880879135788057,41.1420410447701,-4.377352406795984,1.2409577648485997,-0.0013532935726214234,-1.0309090134560708,-0.03675468534400202,0
0.08939469225317252,-1.031566784164477,-0.20382030007956795,36.59489962328013,-3.894829865185732,0.22086668965577844,0.0031145996628324426,-1.0059823229143405,-0.04042280616292079,0
0.09129305619839191,-1.0136496167423232,-0.20871505404203552,31.849698900650058,-3.010289112339837,-0.8840391061325794,0.005788461980703953,-0.9865079082296073,-0.04524530988662777,0
0.09438908743005132,-1.005486920355008,-0.2122991002205122,26.979542903753767,-1.8699693046952486,-1.9960964235408636,0.008062105930073666,-0.9746794414294262,-0.0486888352361205,0
0.0968495041502554,-1.0069905836048665,-0.2115533774712947,22.150116157357065,-0.5776646900395258,-3.041585479865922,0.009787957514142475,-0.9711139046666009,-0.04818180719737774,0
0.09688296784896598,-1.0148031767817507,-0.20518344839718577,17.657098082591,0.7928105429429448,-3.9545527829969553,0.010429274248391926,-0.9743439541931544,-0.044180368486872894,0
0.09466240270686901,-1.0239320858332155,-0.19699712869069863,13.799894079586572,2.1162643000975843,-4.678426062530104,0.01029299341330345,-0.9812344370216687,-0.04004932946845,0
0.09140978188262468,-1.0310011453226835,-0.19385833005942854,10.705874752027423,3.195066298852364,-5.1893297026551295,0.010342742236342397,-0.9886729156281588,-0.0388280354769634,0
0.08835956423562646,-1.0360061034126813,-0.19945208834212494,8.266773503982865,3.8705587392956957,-5.521291784183299,0.011116132957617072,-0.9951935869290865,-0.04093128005954442,0
0.0866603043192143,-1.0414289835399213,-0.2110585382249009,6.248417213024293,4.159446743711806,-5.758573933914018,0.011903057102243838,-1.0009038311765526,-0.0451489180262341,0
0.08693580801943931,-1.049404425482991,-0.22276274793385506,4.499558507185677,4.2418982988198675,-5.987012925340428,0.011031395670490681,-1.0060923998653404,-0.05091005446682174,0
0.08852447702705607,-1.0586043615751741,-0.23037962725840516,3.10394571596307,4.302109823894033,-6.234270685882771,0.007369618797993139,-1.010226240576427,-0.058790898149656934,0
0.0895259043015459,-1.0640851143387458,-0.233135929334587,2.343316955075024,4.410332018908017,-6.448986752727554,0.001682216542585231,-1.0120737020816748,-0.06890279002188825,0
0.08779758115768246,-1.0615372616776009,-0.2329013754777585,2.478985506875258,4.567931568270462,-6.543253288770838,-0.0038256546678093065,-1.0104361243728046,-0.07910674070341318,0
0.08250101486516113,-1.0514141052581907,-0.23262694711317047,3.5136237854993926,4.80819223393753,-6.46746065408708,-0.007265308823351676,-1.0048369693690828,-0.08514905476666132,0
0.07541517287514556,-1.037557542029082,-0.23330613652461654,5.112919025651885,5.179622960890843,-6.256050640654081,-0.008079984260437243,-0.9956629704080178,-0.08320875509904682,0
0.07028752789125121,-1.022474250681652,-0.23150185637675122,6.734722193121519,5.624206987713249,-6.002852486248735,-0.006829176270490837,-0.9834293774990925,-0.07286975105927922,0
0.06980371947109912,-1.0059155836425995,-0.22229012062919545,7.8702541550609,5.932738380103692,-5.782477762833742,-0.004837964463174088,-0.9679125158282142,-0.057552271856337184,0
0.07309228146822853,-0.9876395835731241,-0.20593193922590575,8.257844072497617,5.872128108852613,-5.591664205914233,-0.003755224097599151,-0.9487851313344249,-0.04184390782567609,0
0.07672670556490135,-0.9689318996412087,-0.18900784595385145,7.965612104621671,5.359599065943834,-5.373426480371525,-0.004400959922775959,-0.927630908389651,-0.02852424500340848,0
0.07807606712368126,-0.9510469457615895,-0.17722353939142588,7.308920143454429,4.5071760262415745,-5.091527646668617,-0.006019541971085926,-0.9085524993421396,-0.018145555934819806,0
0.07740426778599166,-0.9351854916291785,-0.16980197471541178,6.662764615987471,3.5233063833700045,-4.760560708097605,-0.007297464506908151,-0.8958685824075959,-0.010749167495864546,0
0.07701233546484043,-0.9251963224559743,-0.1631634608393218,6.300232420793323,2.594985136689904,-4.406794836145911,-0.007792795021731436,-0.8913399399000296,-0.006880311842136693,0
0.07863410899518657,-0.9266813080472505,-0.1574158906963672,6.347808195911322,1.83542110531568,-4.033578160276757,-0.007747004165400874,-0.8937473898171582,-0.00656313105210982,0
0.08163395570629263,-0.9404692408087767,-0.15606149161440228,6.819178511408034,1.2873903394296076,-3.642364525259765,-0.007073971728073144,-0.9004821215580792,-0.008158191989967149,0
0.08386471841686219,-0.9593488114035882,-0.1604990309015813,7.635289345402961,0.9489083193295296,-3.2674578409159025,-0.005409063302054286,-0.9093695470540045,-0.009207719833033904,0
0.08431002330773302,-0.9745075033106076,-0.1672127192786818,8.634329383518098,0.8008460506178936,-2.9673036397068033,-0.0028393373195605945,-0.9197996692308151,-0.008227805678449818,0
0.08442868011543211,-0.9842108316968653,-0.1702963159743791,9.651600945589998,0.8176269980661154,-2.7817950318850126,0.00013234961254162618,-0.9325739491087701,-0.005151859248321223,0
0.08651646279299338,-0.993850193885374,-0.16624807332810446,10.648940835854978,0.95877970575661,-2.706207574162174,0.0031646015608805212,-0.9482249773540671,-0.0005745400095577362,0
0.09084537191376116,-1.0081311032813678,-0.15707500253810994,11.743917753706533,1.1675781328860535,-2.704124968276616,0.006110600713059192,-0.9652602104293374,0.004536101585967054,0
0.09488940748980144,-1.0252543617283811,-0.14894978785608737,13.067221103875895,1.3949779494878494,-2.7347716202221934,0.00875743820907056,-0.9805693094980132,0.008684924252472935,0
0.09598240837432005,-1.0391839757357848,-0.14695248525185595,14.58748664384636,1.6270668104202735,-2.762840098457488,0.011163270053076395,-0.9919017326865686,0.010540038473766934,0
0.09478209155885725,-1.0464092016241642,-0.1504502919803381,16.09330676127916,1.8804224731431056,-2.751822504578375,0.014057861773581348,-0.9994905300650864,0.010330946136483225,0
0.09527355555678363,-1.0489811714593578,-0.15352774046566578,17.343866523618182,2.164764448782276,-2.6661505260445244,0.018130475254877307,-1.0047981859243114,0.010296975717585572,0
0.10076422956724385,-1.0507906823250341,-0.15024743930091672,18.23238091577593,2.45180922423647,-2.489547742793581,0.022905938552408016,-1.0081671519826856,0.013277830202343648,0
0.11028589531500954,-1.0526130217159884,-0.1400847806394563,18.829079904277446,2.682856714574165,-2.2363031617210836,0.02712124693479314,-1.008590803418373,0.0204361275270626,0
0.11939031701734078,-1.052098896742789,-0.12844789241192253,19.294422054363153,2.8062602236729073,-1.9394534183303884,0.030396442888105526,-1.0057180871656057,0.0299531129094738,0
0.12414837938831219,-1.0476425133518783,-0.12174593495997733,19.73974882828787,2.8095074159483824,-1.6338247999422242,0.033685668296497225,-1.0010687801076854,0.037857026340118206,0
0.12393846195092777,-1.040681572609329,-0.1220842855118357,20.141944701818577,2.717478044575518,-1.3536405384437897,0.037497517813190474,-0.9968163295791055,0.04061995651251189,0
0.12081887020357256,-1.034143363859085,-0.12664990582609834,20.379806680262778,2.5552175066443987,-1.1315280754131292,0.04026319572967916,-0.9938751211359598,0.03762168722626638,0
0.11727151933246943,-1.0295341389953083,-0.1312727797816186,20.34486216570345,2.30941687518245,-0.9802447910090214,0.03947403798359246,-0.9914440065702869,0.0314647381240442,0
0.1147240121395585,-1.0259535622401226,-0.1336064089152127,20.009713838513754,1.9393648273886746,-0.8760864829187649,0.03457553283996116,-0.9881670418895083,0.026028241318461293,0
0.11319109793937561,-1.021846908949758,-0.1330463810912235,19.415870236056783,1.444159544954997,-0.7790420591331644,0.027939289092444506,-0.9838054679002032,0.024063801912450493,0
0.11163744047120248,-1.0174632745696022,-0.12919629360583465,18.647303117925556,0.9155112216563823,-0.6793086087638529,0.02259235412443355,-0.9798959579781017,0.02611801500304261,0
0.10915212218838191,-1.0149263861453548,-0.12211761888977143,17.829462573028966,0.49629363649712355,-0.6142117079633582,0.019734006031109818,-0.9782516492607688,0.03108526673095692,0
0.1063039455512987,-1.0153666193060065,-0.11371352165072125,17.104483770039884,0.2647635422277767,-0.6296270909495424,0.018987055073663897,-0.9785598930373431,0.037267894654813484,0
0.10505295953576073,-1.016604073540184,-0.10717415265711021,16.541158879726556,0.16567576647930243,-0.731067288980906,0.0200932479673496,-0.9782595570961274,0.042853094393634904,0
0.1068134043613467,-1.0147751729016434,-0.10486107128851936,16.044080579268535,0.07180204749299143,-0.8817248164942307,0.02310857999678526,-0.975275361433415,0.04608373949338756,0
0.11073067796150314,-1.0084761148276844,-0.1074082188711761,15.37868874595242,-0.09027682265227124,-1.0400904149915893,0.027196903157204,-0.9700760549125018,0.04581638662613,0
0.11427103628832193,-1.0005505032055309,-0.11395871512659467,14.329790036051392,-0.2849731802185311,-1.1793163729577314,0.03050821097900439,-0.9645256961573766,0.04205090985745742,0
0.11545857083116928,-0.9951786093608406,-0.12234969412212882,12.863245324798193,-0.4207406255298424,-1.2675638914494445,0.031808247580467235,-0.9595802884517409,0.03578318979191353,0
0.11441839821547545,-0.9936981067876818,-0.1303527971055179,11.146954178138566,-0.43540641332014957,-1.2572397789959517,0.031706053619332396,-0.9549266163173379,0.028524457914188225,0
0.11300740571051286,-0.9941208047723524,-0.13747474236130972,9.426924186885932,-0.33824969669176286,-1.1193399512964246,0.0317652081522927,-0.9504133372686256,0.02190628033915578,0
0.11315069542717236,-0.994323664598696,-0.14409228309936742,7.883706645029463,-0.1906276896849265,-0.8815593500376483,0.032681053097853734,-0.9469571111053675,0.01712107205243261,0
0.1153584330533716,-0.9945681740672894,-0.14902637575123714,6.578846026467238,-0.0463007291079625,-0.6141652732323934,0.03381172988762636,-0.9458727396309174,0.014250895652935695,0
0.11843696719417293,-0.9967858171803161,-0.1505885213865155,5.488086226927203,0.0990573498802994,-0.37956858965182017,0.03426277304397745,-0.9476691637193504,0.012280822291866632,0
0.12027305766790444,-1.0018245585015184,-0.15008852769217415,4.55848225024374,0.2975413296244563,-0.2038923677800472,0.03378056642772016,-0.951730177800384,0.010159329401694622,0
0.11921486078798477,-1.007422956902774,-0.15131428562791888,3.7585889135511468,0.5832090409252793,-0.09045098531336691,0.03258979676801458,-0.9570907942130681,0.007895069405968765,0
0.11556113600312441,-1.009767754877719,-0.15574297332198236,3.114003841677055,0.9189322016311329,-0.044619590758061115,0.031063593391569045,-0.96322620053479,0.006345705623114437,0
0.11175749478341182,-1.0082543231650094,-0.16049216417512435,2.700245787594225,1.2097520925654834,-0.0740008688457581,0.029874955399252563,-0.9698157337910895,0.005941761444866869,0
0.11041151958195143,-1.0073749990042165,-0.16187235597030697,2.5814725657562136,1.3656954760473128,-0.1630452428135849,0.029933862971920588,-0.9759558457758225,0.006010076599789648,0
0.11216780840793975,-1.0118178059431813,-0.1594542167122846,2.7477626654547276,1.3569456419503165,-0.2575040804468779,0.03160761707231223,-0.98036852691603,0.00552524167530783,0
0.11576640699170912,-1.0210629552291441,-0.15583132099813027,3.116913179378492,1.222818355275734,-0.28628903069542405,0.03411659346366113,-0.9828834216650044,0.004242125463489258,0
0.11925745822299352,-1.0308158779612278,-0.15353103972136956,3.5950133418601777,1.036170352606981,-0.20625075920810734,0.03606068409563647,-0.9851064453465871,0.00273951878322955,0
0.12073449599077646,-1.0378832856578402,-0.15329861474657996,4.129185226658347,0.853796371455532,-0.03299527844407185,0.03654835543548375,-0.9885611689112439,0.001497493168566783,0
0.11924518282354123,-1.0415663028922924,-0.15459264181324767,4.71076362592022,0.6892906862655451,0.16541643449931812,0.035656362333206834,-0.99235746869115,0.0006573158130748655,0
0.11580312893471621,-1.0421144248511025,-0.1561749627738464,5.345248587008672,0.5263376068293444,0.308786566387596,0.03390451798904681,-0.9939448329510118,0.0009175086686865289,0
0.11258693110173515,-1.039931792583001,-0.156621166259531,6.020355060417683,0.35702031221519687,0.3526410897133599,0.03153104737159604,-0.9922236140874674,0.003573501812219463,0
0.11068003395040268,-1.0357633368967925,-0.15565663683082875,6.687316531757099,0.20537279787955567,0.3083264287807377,0.028245101891137735,-0.9886056017371467,0.008647614052799478,0
0.10908835550594358,-1.0308346021859616,-0.15438594497653263,7.26276408789638,0.10981774936806896,0.2226550272138751,0.023511527979481868,-0.9848148644208365,0.013703656079362475,0
0.10569147421622511,-1.0264161389911506,-0.15322908958330556,7.6541496382203285,0.0847324298635147,0.14425306128711507,0.017168231738652586,-0.981016407197936,0.01589619695664303,0
0.09876642270912916,-1.0224855273801345,-0.15105745653667385,7.7994406234044344,0.10898203904964314,0.11003930096824141,0.009901510241161428,-0.9766427672610607,0.015021375124106064,0
0.08860982818342207,-1.0173073207649892,-0.14757616030635098,7.698160170363304,0.1588565562007849,0.14620634884244146,0.0030242960371305123,-0.9719483527695008,0.013270253713245658,0
0.078480373749779,-1.0099759511171043,-0.1449384605424932,7.406640558064922,0.2458351942942474,0.25714108682514636,-0.0021820128647976576,-0.9679552626602811,0.012005936517190858,0
0.07289481689862383,-1.0031212465895316,-0.14546123903912866,6.99642343583632,0.4084582288235625,0.4093721808729236,-0.004803970392514734,-0.9654639953873215,0.010341450424981753,0
0.07386352711920859,-1.0010314308516155,-0.14876463266593687,6.519938108847031,0.665192328170584,0.5434199656757046,-0.004389850843570483,-0.9647101683299834,0.00746990606454545,0
0.07920007208772152,-1.0045671614668368,-0.1523625837389003,6.021726166404305,0.986815307229379,0.612999895690479,-0.0012755151723629434,-0.9654839986193394,0.004885741610928614,0
0.08507583832830222,-1.0096899719911303,-0.15419478056883876,5.564321908658507,1.3163856329327541,0.6114526761034861,0.0032779058931742835,-0.9670079397611984,0.004954548630397381,0
0.08963719682145106,-1.0120959674370358,-0.15351679445470487,5.20881622293473,1.6015644031880185,0.5621129672827986,0.0076801958669894255,-0.9681831344740206,0.007992846578516195,0
0.09338699239525793,-1.0117555728163674,-0.15036979758065383,4.95655368636098,1.804840726538614,0.49443429980963194,0.010822680840816336,-0.9686972955786733,0.01193637361309571,0
0.09651304482696625,-1.0113243829669232,-0.14581144665344137,4.7259081402620495,1.9021359942663287,0.4355085211534459,0.012369852509107503,-0.9695868231718977,0.014509789164024966,0
0.09734360038360661,-1.011695864020191,-0.1422114597470337,4.406974804170782,1.8872724621437398,0.41222214075045605,0.012537336872123345,-0.9718960070439201,0.014913177716121998,0
0.09437867136926278,-1.0116203108645307,-0.1417014093429156,3.947681737177124,1.7752160284295995,0.4424618630981405,0.011667160096172594,-0.9749947880137054,0.013946708139105408,0
0.08920210189788691,-1.01105007699271,-0.14401313908276728,3.390879381782168,1.5953839714782805,0.5231280763301273,0.009998742222050223,-0.9771884342892674,0.013371033727985725,0
0.08603976179299909,-1.0124251359210155,-0.1465304612041945,2.83604607303698,1.382314146848009,0.6396654063320457,0.007989138802355604,-0.977912018426778,0.014698211633743954,0
0.08771995451654796,-1.0179662117395383,-0.14668768597915682,2.3695211441074493,1.170217152705175,0.7861053424897115,0.0065873917336874655,-0.9782697705675402,0.01786197942134548,0
0.092167718504789,-1.026414688326771,-0.14420893549791103,2.0220783504085578,0.9865174066402103,0.9623611493265806,0.00645523736554137,-0.979303403863291,0.02133661978388876,0
0.09362275458372309,-1.0329370445081223,-0.1409333227795034,1.77246475613707,0.842407669731313,1.1544086380790903,0.0068310658344322124,-0.98063859818099,0.023828760636489966,0
0.08829385305660105,-1.0328801322474805,-0.13829709387491937,1.5747046755288487,0.7295693289118907,1.3331671363150392,0.0059609001078402245,-0.981109255379689,0.025429087366546047,0
0.0788741428214668,-1.0264361577445105,-0.13537114468529085,1.3897929398736912,0.6302789598380311,1.4762248769068562,0.003091311732675602,-0.9802200260840717,0.027032932862018147,0
0.07237006332124526,-1.0192944384428704,-0.1303445596481506,1.2208627398458967,0.5365704938649181,1.5814748286925042,-0.0004717351737964317,-0.9787121520234006,0.0292023099451395,0
0.0730027195563244,-1.0174458806819249,-0.12381573543758255,1.1305976791591392,0.46507696372101787,1.6568040666749537,-0.002759456715907447,-0.9777544425871691,0.03187191175076841,0
0.07837070216700351,-1.0212303827480427,-0.11910519319030363,1.200734325322222,0.44945174634993396,1.7023991074911011,-0.0031148996050318783,-0.9777970983517392,0.03481944224507805,0
0.08310055060481986,-1.0256582676919086,-0.1187363142447104,1.451856697486492,0.5063083056050672,1.7068810327031363,-0.0021837057945162906,-0.9783982255799947,0.03793225368893835,0
0.08450947584808709,-1.0263840765300318,-0.12157377887931249,1.8112794659082965,0.6077987198915684,1.6600015952370306,-0.0006097251622920717,-0.9789232470817184,0.040895297232910396,0
0.08344235706886237,-1.0234855869295771,-0.12379958518128602,2.1716756603738765,0.7030023786938796,1.5689057177524885,0.0011639984226626484,-0.9790812694556307,0.04303807667999976,0
0.08142607746194692,-1.0193206435935576,-0.12211775808901544,2.4712261299907903,0.7730799066412338,1.4620996578352852,0.002205836106331003,-0.9789358201410588,0.044025980904893965,0
0.07921040259511972,-1.0153549066754692,-0.11621865515374023,2.7087935398067864,0.8507074929147675,1.374555881961444,0.0014766918591326964,-0.9785587580410133,0.04472033697393108,0
0.07737898441802293,-1.0124583173167363,-0.10889304672409797,2.9013573058174513,0.9737962842875251,1.326084620741668,-0.0010837376467983711,-0.9775915808093039,0.04681298258950079,0
0.07643400464707431,-1.0120099386152315,-0.10359203410481369,3.05351741596177,1.1313645113740631,1.3139864899926612,-0.004627044763206656,-0.9754688312100352,0.05111342930393993,0
0.07600001462426276,-1.0140465996521357,-0.10135089895932854,3.1659706018908045,1.2665707242742998,1.322628819957951,-0.008251423325505838,-0.9724266764110845,0.05628314460829665,0
0.07512684156218777,-1.0152283329752705,-0.1002216643946047,3.24614497908044,1.3232627373067294,1.334035221816723,-0.011040548838167737,-0.9697218716277634,0.05978962519827135,0
0.07394459364256081,-1.0115952265177948,-0.09782537619735045,3.2923765434612164,1.2815397810798501,1.3346359781096448,-0.011786308024752383,-0.9682808869142228,0.060410657490163014,0
0.07408669392482356,-1.0038911562763386,-0.09397606948705227,3.2780261182098207,1.1643341775381821,1.3240660494454817,-0.009697925777052384,-0.9677505137417345,0.05958028618925342,0
0.0765752836161954,-0.9982182271724165,-0.09013026999943781,3.1780308960559998,1.0256382570409712,1.3162051011062061,-0.005248367449104614,-0.9674736187258576,0.05998593779487145,0
0.08013872190268416,-1.000433098849647,-0.08636109571032671,3.0241253746050094,0.9224584227871313,1.3193006858991556,0.00024218885944445018,-0.9676900943968896,0.06290978313003809,0
0.08305125648646337,-1.0102498344495754,-0.08075346684690236,2.912858923304887,0.8806800152687485,1.3130721141356365,0.005525714269553773,-0.9690133719575901,0.06718273433095184,0
0.08590564889857798,-1.02104499793992,-0.07331280226985831,2.926692071625854,0.8844672251871466,1.2571925290638568,0.009548844270409099,-0.9711621176939536,0.07072615615890922,0
0.09032604667997302,-1.025855732585625,-0.06819860056715625,3.044234103876281,0.9011259985351637,1.1309220762982861,0.01137147534376702,-0.9728937550185282,0.07273568952343085,0
0.09519570930518277,-1.0238150457115212,-0.0693290303068614,3.146747641485791,0.9169386549844788,0.9593571162696584,0.010825336605586584,-0.9731146441533028,0.07398532236070686,0
0.09698231004799263,-1.0197756389046244,-0.07564090862178034,3.1136544648584756,0.9492936964811068,0.7928799035227668,0.008929636190259443,-0.9717896613325064,0.07513767258284965,0
0.09428017098996297,-1.0177757745669203,-0.08292198838387353,2.9046133328906256,1.0209047613779476,0.6651735686540362,0.006854414005965653,-0.9698836320124549,0.07542098453278138,0
0.08938338040322201,-1.0172154865059562,-0.08837889497849986,2.569741931365348,1.1213343560389288,0.578893986050854,0.004688651973283718,-0.9685928103623069,0.07346475176755698,0
0.08454509315455319,-1.0158719371381264,-0.09215300464416876,2.2086829218811963,1.205878827304771,0.5234145059289396,0.0019283191242584308,-0.9685754984319811,0.06922451361597048,0
0.07935375600410054,-1.013834519220276,-0.09588155108955207,1.9101919533685365,1.2426030632183922,0.49035263176163496,-0.0011231265745493115,-0.9696624173442819,0.06458518473024039,0
0.07383175469925451,-1.012952276878327,-0.09956972443489295,1.7001836816723024,1.2497812537023252,0.47359183923661746,-0.0032397587019254077,-0.9710050165238212,0.061936348096787115,0
0.07212033938891013,-1.0138874857909868,-0.09928922827099604,1.5414153833787805,1.2740986044503102,0.46818185280863456,-0.0035700930388049687,-0.9715877340929232,0.062261339617126536,0
0.07889164764414375,-1.0150785002524483,-0.09085596723562822,1.392750852871155,1.3404717033090843,0.47082181013814495,-0.002624210023040166,-0.9710364973813281,0.0645762934081978,0
0.09124069484020786,-1.0145324433432468,-0.07735927085322404,1.2597417979464982,1.434350504608721,0.4744772181000517,-0.0018556882764247699,-0.9700474710905896,0.06705722925644621,0
0.09868807191154332,-1.0123049648971532,-0.068902604529915,1.1744059592008707,1.524045963341448,0.4670363743174702,-0.0023020364560372903,-0.9698459159459923,0.06856895259594192,0
0.09452186631949223,-1.0109301784782785,-0.07176136953001623,1.1413914288838398,1.5876723652861295,0.445462633144494,-0.0036162459080956674,-0.9712140158290998,0.06909213212461697,0
0.08367252155307232,-1.012951623329858,-0.08118129593731971,1.131250266752699,1.6226372432463891,0.4300515708775113,-0.004475791750466048,-0.9739376626753028,0.06899027471384189,0
0.07605649418582894,-1.0180144388279246,-0.08783240331780258,1.1268034415401362,1.6402366461359796,0.4552143086502411,-0.003990958828872033,-0.9769689568954423,0.0684469226387186,0
0.07568067096102186,-1.0231793684550419,-0.0882227489798778,1.1557749846080003,1.6548981475159898,0.5388900791037373,-0.00257729660091358,-0.9793513929430451,0.06775454629219342,0
0.07952253768381304,-1.0264996692154735,-0.08579860763306456,1.2693526363930154,1.675823841163338,0.6597197828053019,-0.0012806795482211261,-0.9812647492536019,0.06748310865795562,0
0.08352087418636904,-1.029126765926327,-0.08432656503141733,1.4960630754454252,1.7019590580366524,0.7707942078031788,-0.00045428250800028927,-0.983737006448016,0.06781041084630923,0
0.08589077818032127,-1.032715544853849,-0.0839394885764765,1.823405014010511,1.7168964060908745,0.8413884552570349,0.0004734336225918864,-0.9869554202476529,0.06802506157066421,0
0.08649516928316123,-1.0359130916109172,-0.0837275083325112,2.2237604549207357,1.6879304571234455,0.877403928588878,0.0019545253727141078,-0.989391622677587,0.06713752250443765,0
0.08589240629613641,-1.0354394782675949,-0.08524260809738876,2.685521522989821,1.5791717593516879,0.8931260906885641,0.00350414477806314,-0.9891205187811721,0.06477631611684705,0
0.084563265967785,-1.0302992827872925,-0.09110363721747966,3.194481890176643,1.3771191720497666,0.877242491266395,0.004089228570267733,-0.9857123386345253,0.061343107336890475,0
0.08224101552346046,-1.0231958078401504,-0.10077787906066543,3.675184801102964,1.1081828405540575,0.8062348603174885,0.00316662161397257,-0.9805297901619563,0.05773404185201806,0
0.07897070308555179,-1.017809148148897,-0.10983501016083645,3.9806456969173123,0.8271132105477499,0.6828910441417857,0.0013158369949479902,-0.975496901677069,0.0550555852207037,0
0.07666641695252553,-1.0157520892621028,-0.11389099618528249,3.9827895588419135,0.5844386198400764,0.538699372496924,-0.00018461290311675766,-0.9718969293303557,0.05404383870349218,0
0.07752739978870885,-1.015972480607964,-0.1122980455671529,3.6839948953137847,0.4047671017766438,0.399911947582296,-0.0006995872672356154,-0.97011704150717,0.054498236058236886,0
0.08054764054296742,-1.016306420853356,-0.1076967389731116,3.225726482594658,0.2885819428877596,0.27115904426099385,-0.0011967321928005275,-0.9700082615254377,0.055715012601055866,0
0.0815940993382934,-1.0155736235287052,-0.10281893651543735,2.7843844767593047,0.22116265402569443,0.15454625839698416,-0.003366865348063697,-0.9711575504358684,0.05758933151275177,0
0.07783043523872667,-1.014470600426365,-0.09837688613759035,2.4632236148722497,0.17890210166616116,0.06750926236147059,-0.0075256400175326916,-0.9729368302280427,0.06071127104809501,0
0.07098881421264505,-1.0147941009584776,-0.09387537380790205,2.2723474671626382,0.13911536294723864,0.03086497889966547,-0.01189795318076694,-0.9746989448400589,0.06500291696074108,0
0.06552173419279665,-1.0179251761093278,-0.08974131635875814,2.184509559389913,0.09118139386967765,0.044485384994651114,-0.014426580600603067,-0.9761451576085093,0.06868559484791578,0
0.06402087499674214,-1.0231156241224646,-0.0878647169257025,2.1885390210535447,0.038298235056960395,0.08412585633086431,-0.014817179522631134,-0.9773112674660427,0.06940169130285566,0
0.06520589570974689,-1.026735398432698,-0.08975960442494255,2.2859846270928825,-0.008818523301870045,0.12163625593292861,-0.014256121229459358,-0.9780376952848466,0.06672378536634069,0
0.06635265595830078,-1.0250042261449412,-0.0945068524926047,2.4491738877695575,-0.03592185127580842,0.14228789423829896,-0.013696716249408096,-0.9777668717593975,0.06308124808388756,0
0.06668657381189172,-1.0187471443893528,-0.09889453737475162,2.604140333449696,-0.030230252587474166,0.14692264152416817,-0.013194222363274367,-0.9762069618451186,0.061565377822824605,0
0.067657735820129,-1.0134880556208161,-0.09973030497560174,2.6720945850171964,0.0009598051145481676,0.14841258076461483,-0.012375320002251541,-0.9739871190649196,0.06292894901294835,0
0.07052682376067634,-1.0131103255055165,-0.09633961720355043,2.6310148084179152,0.011471518220971536,0.16546507394992355,-0.010727965041946915,-0.9722694613309486,0.06520496377994205,0
0.07482164135024136,-1.0151081800950983,-0.09146664448673412,2.5335185938238958,-0.06405620204844922,0.2086950346655836,-0.00784992671046859,-0.9717438518519074,0.06607026949509061,0
0.07924135939910962,-1.0142663064946298,-0.08972075620142084,2.468066205175811,-0.2488698339678181,0.2662035524014654,-0.004038632661004298,-0.972270183448869,0.06502404408314974,0
0.08325385986710143,-1.0102463387451706,-0.09386396063871497,2.504204376163314,-0.4841706968072143,0.3051196552620387,-0.0003153431633121506,-0.973468373408527,0.06332405818779278,0
0.0873622307669275,-1.0088465080447298,-0.10160830931842856,2.658865059278612,-0.6685921245900133,0.29421438842989583,0.0024721854083402713,-0.9752172301300266,0.06238961989767004,0
0.09194786535737683,-1.0145903082699275,-0.10672288362909203,2.8920637359366035,-0.7435706151241277,0.23177886877915338,0.004292086183831494,-0.9773401937737959,0.06260552618230823,0
0.09598077228486845,-1.0241275880570784,-0.1044699557429341,3.127709657321671,-0.7309774211871187,0.15188107829615252,0.005483699977205834,-0.9792302109414864,0.06349508177634784,0
0.09720480737133014,-1.0295889455457112,-0.09595742798689352,3.2883147151551215,-0.6858210519741814,0.09723527192374479,0.005982026742122001,-0.9802499323232414,0.06465142035855626,0
0.09427862530564711,-1.027751872063953,-0.08658144197760402,3.3264343440519144,-0.6258120999796817,0.08029015238144999,0.005426173699350185,-0.980350393122334,0.06636914257914965,0
0.08866590663573196,-1.0231265086753725,-0.08054095502236885,3.2426901066646105,-0.5193087676240354,0.06988462027992337,0.004017330866130321,-0.9799711453339335,0.06953668896404695,0
0.08362690504709588,-1.021679944609731,-0.0777366458699707,3.08656548576259,-0.3384003618970748,0.018618825782536184,0.002727410227216014,-0.9793929901633881,0.07479768370910525,0
0.08146581086456414,-1.0235906216147599,-0.07587038350751704,2.9338093190617576,-0.10606698195112758,-0.0936791319500757,0.0023444660909913715,-0.9784381510565837,0.08144365114788513,0
0.08227453772276322,-1.0231861495835206,-0.07395805310772707,2.84455464942969,0.12111496405713684,-0.24202116406832902,0.0026323611847323064,-0.9768282375413181,0.08728376160336959,0
0.08458764160778615,-1.0157449949906106,-0.07229514516890104,2.8260523101988557,0.30622473782415843,-0.3785321172006725,0.002734969293151969,-0.9745879009923931,0.09020946856278982,0
0.08649479791435997,-1.004042702821768,-0.07016557229734499,2.8249278192547838,0.4490809747813084,-0.4682476046376904,0.002165221049669457,-0.9719448115674425,0.09007001590981488,0
0.0868339928553695,-0.9967827982861869,-0.06668572675729215,2.755420575498469,0.5524147853876717,-0.5045194837171245,0.0011508847035484615,-0.9690557250595988,0.08877853153383233,0
0.08582624036241793,-0.9991073077866207,-0.0639160190133297,2.5491288623589976,0.5928816455879682,-0.49892188370080465,0.0002891382729974367,-0.9661340919316913,0.08858140108561763,0
0.08422150059620562,-1.0063998581452103,-0.06531517164550857,2.198991532321403,0.5393600341964054,-0.4658029459229593,0.0001199619712743909,-0.9638229943994295,0.09038288205339191,0
0.08237365691004117,-1.010050754788018,-0.06988600233734119,1.772082637934176,0.3941640131556412,-0.41691510393673836,0.0008035563490131696,-0.963121997567592,0.09352570053329937,0
0.08089098356158195,-1.0076835968837745,-0.07148754777619656,1.376081777049992,0.20602990514712757,-0.36176877415252395,0.0020321379221547816,-0.964560801350475,0.09663030418938093,0
0.08104591403058893,-1.004371933249363,-0.06612865152039146,1.0864893122922006,0.040235477029912904,-0.30665056091149967,0.0033870137293053357,-0.9672971074947134,0.09847298357758869,0
0.0831633210081974,-1.004870193454645,-0.05721560879219949,0.8864552795588492,-0.062652829085606,-0.25534741697112256,0.004698435844667716,-0.9693746194783273,0.09861565905075284,0
0.08559288781243263,-1.0085424669799314,-0.05128540379730334,0.68435319263138,-0.099926326990604,-0.21112106690314672,0.00584927298197151,-0.9694115306287986,0.0976806186730255,0
0.08667451765797668,-1.012238931255938,-0.05091855804552551,0.3988573793886425,-0.08462466632118554,-0.17559726399018974,0.006576614273003687,-0.9681685784835387,0.09676512362095224,0
0.08682742680631714,-1.0144688557341335,-0.05426387395773143,0.02307893335296981,-0.017537942935049233,-0.15099764762953696,0.006991975700433429,-0.9680281343865075,0.09629274286078589,0
0.08763595394213698,-1.015143894498932,-0.05906476797327092,-0.3859496844868535,0.11644565368333847,-0.14778855913168235,0.007921609953155693,-0.9704418272559711,0.09569236855584319,0
0.08990556501885077,-1.0141559625804724,-0.06396463068026603,-0.7587146319608303,0.3269646124061,-0.1806295142698101,0.009873257226646035,-0.9740751822573736,0.09439205166704075,0
0.09326690406884927,-1.0124280415023628,-0.06741921447324113,-1.054566997957101,0.5943551471814462,-0.24769232360765123,0.011828315665228298,-0.9761298202415701,0.09283349573404233,0
0.09639119745968526,-1.0123292075808294,-0.06849925853530175,-1.2754487397084857,0.8669346927617196,-0.3223502166968599,0.012004964004632006,-0.975419241050594,0.09212384571214313,0
0.09724754507497536,-1.014845797383749,-0.06838265978832771,-1.44832531573716,1.0859590947297117,-0.3801468660016992,0.00986971343271312,-0.9733079814550704,0.09255865719989255,0
0.09474876209138527,-1.0175194707122721,-0.06902591226884687,-1.5881688771988967,1.219226495320705,-0.4338444861876546,0.006667118066433411,-0.9716098637167538,0.09276015880650534,0
0.0905328858236595,-1.0170483928915972,-0.07085187114104727,-1.6841835418269668,1.2718553495878102,-0.5261113838034251,0.003991646812332677,-0.9706467742846564,0.0907824640393743,0
0.08759837403875047,-1.0134527169146124,-0.07330317110661796,-1.7321741814158023,1.2633224201812685,-0.6788853552920899,0.002410040623913741,-0.9698308661071461,0.08618128299959439,0
0.0868954447721364,-1.0101989788260246,-0.07665910621396771,-1.766777007032655,1.199393718148083,-0.8602765836571602,0.0013887110710189875,-0.9692049353372025,0.08060402964573983,0
0.08663871393994033,-1.0102643171311132,-0.08118428351127649,-1.8394551309330869,1.0771286497322248,-1.0103557166901673,0.0001428369148945818,-0.9694858570226217,0.07624142297201691,0
0.08489954341286238,-1.0133060800723384,-0.08503492096652812,-1.9655147667018742,0.9166287889916764,-1.0914101544773387,-0.0014736692954048468,-0.9709506221696099,0.07408967163909415,0
0.08144928149874639,-1.0169784879663262,-0.085209942469808,-2.1053579742742508,0.770424023308339,-1.1071755457930001,-0.0028916467063063766,-0.9730913880916515,0.0737373066785844,0
0.07751705136968737,-1.0200011786461158,-0.08098934010689732,-2.1959183944329688,0.6863598859525444,-1.0850638875091274,-0.003618799702326843,-0.975323678308565,0.07422160055633217,0
0.07521068255262585,-1.0229825231154441,-0.0753530004940343,-2.195762514765391,0.6603024838057427,-1.051816853543586,-0.00378521020920066,-0.9774600336053694,0.07472994690043386,0
0.07629917172040664,-1.0262808504018426,-0.0724761831643006,-2.10976353430369,0.6301894678173513,-1.022547174152857,-0.0037642056479696017,-0.979385176970823,0.07482707507151322,0
0.07998364415012263,-1.0282936381794885,-0.07387099716620847,-1.9791531231504296,0.5228896132691653,-1.0037022284344448,-0.0036001519399633097,-0.9806346832173133,0.07451471070293635,0
0.08287496105693071,-1.0270875581964358,-0.07721592233447408,-1.8420356147235006,0.3177108926110882,-1.0028258321384866,-0.003016954781483681,-0.9806061346779757,0.07419101420509762,0
0.08258844278347768,-1.023089642289812,-0.07917344115894182,-1.6998470945774373,0.07081388207414588,-1.0315100059324995,-0.0018441278138730307,-0.9792202475049188,0.07432909791397502,0
0.0802787184996533,-1.0187842317679068,-0.07874954201797013,-1.531770768191498,-0.12747585741128734,-1.089962102543111,-0.00037340351468113757,-0.977171149746059,0.07508150708066548,0
0.07851497854662708,-1.016132329938355,-0.07739354301527282,-1.347343418160892,-0.2241187320014912,-1.149115311853777,0.0006389269501856728,-0.9753863256816637,0.0763856118258465,0
0.07795321409062692,-1.0153918152065058,-0.07689421915059086,-1.211206541118385,-0.22915108176076981,-1.165594704790774,0.00046397996947363017,-0.9743526208872584,0.0784077825233473,0
0.07745528270852955,-1.0159417014357424,-0.07791166490879346,-1.19799149760633,-0.17509342756545598,-1.125754411775701,-0.0008319364988732225,-0.9739927559667623,0.08136447198681673,0
0.07666834754193677,-1.0169667544064063,-0.07922899920850619,-1.3211281647982855,-0.07217800208473052,-1.0635996874442535,-0.002206872169052426,-0.9739652416289805,0.08473678749866904,0
0.07689372517163513,-1.0174510956182103,-0.07797228657063646,-1.511952469607704,0.08301326403890717,-1.0252613647112605,-0.0026178236095888143,-0.9739752407135704,0.08721415776267527,0
0.0791085022259392,-1.0167076595854554,-0.07257246323212878,-1.6654026726425406,0.2724824642360238,-1.0249198164210376,-0.0020829118844987744,-0.9739271512737123,0.08780448556580547,0
0.08217988984173658,-1.0152182642406717,-0.06597095167654485,-1.7071439920589597,0.4571687127285853,-1.0415030538997072,-0.0013321841064119645,-0.9738570809110432,0.08675766380556738,0
0.08383358651935102,-1.0141940182929676,-0.06327067293895158,-1.6348310320983073,0.612455723356469,-1.0466086812564368,-0.0006585086500840487,-0.9737270836874213,0.08516847592361962,0
0.08296568164503718,-1.0140398360228458,-0.06547329481352918,-1.510932312168983,0.7456190362906584,-1.0261063659519998,0.0001657554603826348,-0.9734289399608528,0.08392276777829105,0
0.08046837853552732,-1.0137360680143048,-0.06813547442180651,-1.4144615132119716,0.8736674232221804,-0.9815062447774223,0.0009356044852336158,-0.9730954620988385,0.08338627344842661,0
0.07812985477765115,-1.012088785649553,-0.06688195548968029,-1.3894177943616155,0.9929146484568847,-0.9218760911834931,0.0008286335415690944,-0.9731692070193362,0.0839372823430279,0
0.07713004794988276,-1.0095815536314132,-0.062118663696131234,-1.4287376330355936,1.0752535719967113,-0.8592437879197625,-0.0004665925762741366,-0.9738646587321239,0.08602714351898601,0
0.0774236492223206,-1.0085787474231531,-0.057998601334767044,-1.4991997434538726,1.0937891732920104,-0.8092993517038923,-0.0019460116967536258,-0.974658667822204,0.08920793263404592,0
0.07826948484034202,-1.0108596575650257,-0.05810373794822969,-1.5789112869914306,1.0505957455455264,-0.7871613128797764,-0.0022588122047443515,-0.9746599126855154,0.09156803199853143,0
0.07914210200667389,-1.0147883955281662,-0.0620520354892614,-1.6712798210442983,0.9782879898755936,-0.7945558534970808,-0.001435836647437921,-0.9736292129565314,0.0911333860720058,0
0.07997331571924234,-1.0162089142315314,-0.06585435742978751,-1.786489232274972,0.9177451156544779,-0.8167595811231174,-0.0009597512876079338,-0.9723612369672296,0.08827348243666605,0
0.08057639616484359,-1.0130047167628966,-0.0660769811402282,-1.920327417143684,0.8982551899163744,-0.8407479617024283,-0.0018018112197020822,-0.9717186980874665,0.08600455613384697,0
0.08019921698409596,-1.0077001114145008,-0.0634492866822448,-2.058079802481809,0.9329921333407574,-0.8701595544738352,-0.0030190266311427632,-0.9714898298311796,0.08688985864403678,0
0.07827700848588309,-1.0047606601483547,-0.061428752490728065,-2.189053223061207,1.0191203329089715,-0.9146193630480827,-0.0029258552816486625,-0.9706867354402222,0.08989906192005608,0
0.07599228349961461,-1.0064207156595046,-0.061739407458999314,-2.306382999622958,1.134643657046895,-0.9718139880480715,-0.0012564281358086846,-0.9689603007513168,0.09156787953264696,0
0.07618855526587137,-1.0116258125547146,-0.06304493921891571,-2.4005412893692286,1.2418588619808195,-1.026801950604864,0.0006676410673319532,-0.9672830689307345,0.09033693986529166,0
0.08034419708481771,-1.0174538710809848,-0.06406530863955093,-2.463100721384623,1.3055249790181374,-1.0641468822095765,0.0018495440363094267,-0.9670715854542024,0.08835850088578054,0
0.08610186663204443,-1.0207594925520602,-0.0658148326250753,-2.491676439897923,1.312114623002758,-1.079206846907125,0.0027941264343772127,-0.9688889101561856,0.08844385927577422,0
0.08953820032119442,-1.0200001777334156,-0.06928929838730181,-2.4890672917281997,1.2705762761633885,-1.0800655864531177,0.004451706736572206,-0.972093422319537,0.09050344814067969,0
0.08968176610749895,-1.016642534967635,-0.07231163222946695,-2.466994867859113,1.1997446029594412,-1.0749145654472538,0.006703189688137667,-0.9753722688907078,0.09212651278253123,0
0.08908639095050264,-1.0140777605084081,-0.07108396549703568,-2.4480686189226195,1.124140788178446,-1.056900017488259,0.008518848600127107,-0.9773996655053943,0.09187398647597167,0
0.09016852327838382,-1.0145524014992213,-0.0650741230662339,-2.4480890124122157,1.076628645371446,-1.009608709874904,0.009343444525266451,-0.9774148160702538,0.090633621532343,0
0.09279597194314787,-1.0172611231980166,-0.05847859220917666,-2.454920620465234,1.0841442733935356,-0.9314643656647266,0.009694894148814128,-0.9757002260007239,0.08995524238808543,0
0.09560222906493993,-1.0192635712150657,-0.05608517884354467,-2.438136149962261,1.140146046831159,-0.848783071436444,0.010320827906166173,-0.9735305307074391,0.09029471269029554,0
0.09789234287746373,-1.018254423735525,-0.058837117425923346,-2.381685629034373,1.2025732397898206,-0.7981068818184955,0.011281457655286828,-0.9723135603031811,0.0911209555965745,0
0.09938719372166821,-1.0147412127187387,-0.06394350789022232,-2.2972677467425795,1.2317310072281518,-0.79354270194974,0.012068966263250257,-0.9724696523343236,0.09185965502583834,0
0.09931800544849666,-1.0114323225911588,-0.0681949066154028,-2.2060479861128734,1.2288887801062531,-0.8125609366003511,0.012197764879229836,-0.9731255863495222,0.09224353861388507,0
0.0971935151545319,-1.0105107032468768,-0.07028289925594425,-2.119199141891295,1.232080627152827,-0.8168002384164609,0.011548213012077427,-0.9731218138315945,0.09212732192067491,0
0.0941367275923533,-1.0118205860157274,-0.07048777846563825,-2.0398631323208845,1.2756047242058868,-0.7872092670033468,0.010581573848905443,-0.9723920490976362,0.0914392386667927,0
0.09225528196074075,-1.0135037224405525,-0.06933254740765941,-1.9747961320153178,1.3621701092590928,-0.7347025897082271,0.010192557547595679,-0.9720658725303978,0.09040113289150611,0
0.09265406037151713,-1.0140218559357785,-0.06701238895045228,-1.934830994371707,1.478692179710926,-0.6778786424079387,0.010775953313881741,-0.9730067415078433,0.08961301983899884,0
0.09489041582805148,-1.0136828755576204,-0.06377937924539329,-1.9216288918137985,1.6223463444334616,-0.621070623706819,0.01149766862216435,-0.9746328650007868,0.08964334609875542,0
0.09796023136713344,-1.0140789113980626,-0.060559660793264684,-1.9181011743835985,1.7874383108283087,-0.5578550524037775,0.011145969410082744,-0.9756564074454245,0.09042975574904592,0
0.10044973701863771,-1.0156884341875212,-0.05885978531313373,-1.901129204484323,1.938981518879546,-0.4869102552777348,0.009763535064439555,-0.9756507643610286,0.09132702920308204,0
0.10019308320580952,-1.0167634009167785,-0.059426001735906134,-1.869370697678143,2.038947872509871,-0.42001713807794055,0.00879887559948405,-0.975252806968703,0.09188903378907254,0
0.09595174073800666,-1.0155572062538525,-0.061126132415536334,-1.8484076539385912,2.1020420326852527,-0.3793714105753464,0.009294962987312052,-0.9750941574615519,0.0923179142552091,0
0.08977931479679242,-1.0128361998392583,-0.062179734236753666,-1.852985422968114,2.186666659473083,-0.384887345957338,0.010328457663065834,-0.975216092447308,0.09302038141819059,0
0.08600576204924408,-1.0109642188212014,-0.062372518115699035,-1.8520772660744358,2.317767086440884,-0.4321686705466998,0.009898202579935645,-0.9753465443024807,0.09397437998110815,0
0.08722897686048868,-1.0112447889348164,-0.06293380395464618,-1.7970880492736705,2.4517507907266065,-0.48058077018451933,0.007412969346571102,-0.9751866672302203,0.09452047683794326,0
0.09180398935493675,-1.013061518506152,-0.06455262577458384,-1.6879031864938792,2.5351282213058504,-0.4786598541931224,0.004554187344551538,-0.97455871493553,0.09369166912159536,0
0.09519329269086348,-1.0146473349515577,-0.06669563034856056,-1.5887701976400144,2.566722965038669,-0.4131948520764401,0.0032026124508327224,-0.9735923613130232,0.09120678000324335,0
0.09374688525687089,-1.014156951799459,-0.06861792165449443,-1.5700045837095398,2.5738176619957365,-0.3262680852097478,0.0031028963958490284,-0.9725868823985753,0.08837117978545854,0
0.08746365213400036,-1.0112436891420302,-0.07002941682905559,-1.6482158969790877,2.5495794047589446,-0.2781508942282908,0.0022466228970867575,-0.9715707361934045,0.08725233240325134,0
0.07901785572248884,-1.007931736264629,-0.0707121940426268,-1.7938103165317916,2.4539966120693824,-0.30036448750218386,-0.0007401277387954888,-0.9703030333606338,0.08837793464606956,0
0.07082295764447423,-1.0067852979605476,-0.07024713871096751,-1.9864271765673793,2.275700248352337,-0.3828716072470751,-0.005185670538572813,-0.9688452690950012,0.0898017333911741,0
0.06429136103552589,-1.0082602082359653,-0.06881409210652928,-2.243026904578284,2.0608901697126236,-0.49110843225166007,-0.00926239379853928,-0.967784435420414,0.08904151754172498,0
0.06098029771126222,-1.0109076931342944,-0.06801938986849713,-2.5868951720605162,1.8732016479252533,-0.5905600689370637,-0.011816822898631531,-0.9676453396547431,0.08560126792137625,0
0.06219561358475308,-1.013709470873764,-0.06963463634858409,-3.003992721456606,1.7480518311626612,-0.6648944427320175,-0.013061403127322672,-0.9683900267314571,0.0812406719765138,0
0.06736760171434993,-1.0168975194011383,-0.073006758895341,-3.4345114839319044,1.692668948548069,-0.7172468975089139,-0.01357404066739794,-0.9698078317578165,0.07819449178925998,0
0.07397507446753725,-1.0208314783985908,-0.07520507048504532,-3.788178714543224,1.7023233055254,-0.7565935922187196,-0.013122054756536865,-0.9720670904454394,0.07749318208281882,0
0.07917835004550185,-1.0253973130250238,-0.07479677416907549,-3.9603828323477432,1.754513494759034,-0.7872033712401629,-0.010940497419424489,-0.975364009394347,0.07862458559637882,0
0.08152169299858675,-1.0301250445399082,-0.07378151371522147,-3.864671999707427,1.800478321767008,-0.8078812144560882,-0.006967272239106985,-0.9791130893070782,0.08023534478129059,0
0.0814776989947969,-1.0330889417138784,-0.07392790221224206,-3.489324750823645,1.7835164643662034,-0.8102840048357801,-0.0022826271526769754,-0.9819597079649492,0.08105702841574254,0
0.08037344486153186,-1.030062377028137,-0.07297497257179843,-2.9305715292993373,1.668768618926154,-0.7792161979360807,0.0016997994642290117,-0.9827558633486214,0.08053776627114961,0
0.07910519830529918,-1.0184066833663026,-0.06788602852140137,-2.356133492413375,1.4587039292617923,-0.7092957553405725,0.0042061029821183465,-0.981406929644588,0.07907197569918696,0
0.07853175024485964,-1.003271518198129,-0.06127341009877047,-1.9263754146664729,1.1974575123661837,-0.6244058069002413,0.005367471589877633,-0.9788318215577784,0.07777573123862704,0
0.08019282399957511,-0.9954045996244275,-0.06012814002534237,-1.7383527473903726,0.9660400200934318,-0.5671874189960543,0.005902609482122886,-0.9762390545534523,0.07770801696551234,0
0.08486845557648816,-0.9995254213207831,-0.06675561605960192,-1.8125112513868777,0.8498729881188045,-0.5632662644246473,0.006619346151914142,-0.9742970747294669,0.07898488380742766,0
0.09081134571539785,-1.0090478575695432,-0.07481796899530128,-2.098808679489637,0.8850739460539899,-0.6040616566801417,0.007868028444315379,-0.9729010247992848,0.08084405798555541,0
0.09514778256093087,-1.0151720019868156,-0.0767178814295221,-2.495251452067261,1.033979215987145,-0.6651185235208203,0.009229912671063514,-0.9718904813553765,0.08284713201518719,0
0.09689224260966783,-1.0159990440096847,-0.07195690406033674,-2.88400294994815,1.2211450808480224,-0.728481383318858,0.009877397129724947,-0.9717800384590429,0.08561517969088552,0
0.09722978986955347,-1.0139721936466493,-0.06554646473600081,-3.1643095880934156,1.3937208417898002,-0.7857378396355345,0.009334359176675223,-0.9732836931457663,0.0897571470713799,0
0.09684483114691238,-1.0110443286027495,-0.06071157508384466,-3.2646940982508377,1.5474595554984607,-0.8346084724762501,0.007830519553899953,-0.9761856754545283,0.09432054036315878,0
0.09401948028113057,-1.0108155560413097,-0.05708182455808789,-3.1563631346513694,1.7043642143740256,-0.8788839419586181,0.0059931867405055884,-0.9790877417677585,0.09712165787325774,0
0.08678160035811766,-1.0185966643517566,-0.0550832811104925,-2.8814195606696167,1.8744607498555554,-0.9222317342841299,0.0042710431908434595,-0.9803392418481093,0.09678189083395101,0
0.0786535863667807,-1.0315872443139542,-0.05712849675467145,-2.559140715529509,2.0350374073898188,-0.9578675601955711,0.0027117445419046807,-0.9792474938531743,0.09406686886349384,0
0.08068895491270386,-1.0335228280444257,-0.06260917177523209,-2.335942752575573,2.1363498280681545,-0.9690571619259086,0.0013958388025960488,-0.9765942564677629,0.09129912553665501,0
0.10098950468170084,-1.010760427328953,-0.06572649872108463,-2.30381716623662,2.1278476219799516,-0.9386365966736371,0.0007315927812202184,-0.9739699692194359,0.09074543230106981,0
0.1292784559960958,-0.9749480396386837,-0.062004902672883846,-2.445305433950479,1.9902277103234676,-0.8547978754188824,0.0007961955844909127,-0.972467791596934,0.09306400487522247,0
0.1407329339293832,-0.9571619965216667,-0.054946734715849634,-2.642217819815741,1.7487124597064245,-0.716226249226802,0.0008603006960670494,-0.9720866584478576,0.09642229121588172,0
0.12293929262113715,-0.9730042231671124,-0.0527749114773672,-2.7473537358219255,1.4555682085431936,-0.5429784611754263,0.0005004395809079041,-0.9723028354785593,0.0973338708222663,0
0.09178441559164977,-1.0041730439490122,-0.059641824506236146,-2.6825200373608196,1.1639599281504267,-0.37801161412167017,0.0007786280120678701,-0.9727837783815755,0.09358535182218106,0
0.0725711013136533,-1.0221109701377804,-0.07208988655592108,-2.4949939442085443,0.9191218837104428,-0.26480319463268553,0.003000544993634914,-0.9734697788185118,0.08685303581484746,0
0.0726448303580797,-1.019510651892786,-0.08234787425888639,-2.317891736268065,0.7574838997053528,-0.22001152965727755,0.00631102087183657,-0.9743251610457405,0.0817509915659249,0
0.08055947186921589,-1.0102850186409331,-0.08385689025644241,-2.2613007403537875,0.6949407456377188,-0.23038114848660937,0.007964082505518133,-0.9750489676382418,0.0817264242768386,1
0.08539099924673597,-1.0077296074180409,-0.07622842477090296,-2.3333317256415143,0.7185375694884347,-0.26897834188376324,0.006513067562327073,-0.9749728640664401,0.0861023957543018,1
0.08737276515448554,-1.0124850766403726,-0.06587390704479439,-2.459000709463817,0.8018265645526952,-0.30542635987151223,0.0035998703024774682,-0.9736798203681453,0.0913395661815217,1
0.09128960329325055,-1.0178673749231288,-0.05958881720958387,-2.5608361754696607,0.9264190295450943,-0.31087974216657654,0.0019438149764076785,-0.971843016114045,0.0947151499695017,1
0.09684310444189087,-1.0189382667181373,-0.057642468954093536,-2.6099353296045606,1.081300872617556,-0.276554652406422,0.0025219481564940248,-0.9708094403975941,0.09630357078557308,1
0.09826593451231151,-1.0156284538763403,-0.05532655913275561,-2.608884673548298,1.2467518637424662,-0.23330170595689598,0.004303529520992277,-0.971149840435984,0.09778664587977044,1
0.0914373804658846,-1.010963184932742,-0.05007671109060815,-2.554315461339037,1.3921052660307152,-0.2338618525644867,0.005833973165198562,-0.9721498506013075,0.10012867147422859,1
0.07962178631187171,-1.0082537983913882,-0.04394891540666879,-2.4359976358424666,1.4960904557958028,-0.3006127386435932,0.0064742583998385365,-0.9727755107413069,0.10257885632095518,1
0.07153263056362691,-1.008906463773582,-0.03964759179667342,-2.264601518393691,1.5662356653338758,-0.39925303798838463,0.006630022673646752,-0.972614853802294,0.10363426681107084,1
0.07323346762671133,-1.0116679839906453,-0.03766233570840487,-2.081975100270606,1.6316385023791367,-0.47536449706591855,0.0070833809287589805,-0.971845536319251,0.10277612103813968,1
0.08234306129138826,-1.014204856383248,-0.03819589394869194,-1.936435876286894,1.7154379105039224,-0.5079161835265041,0.007963753879165635,-0.9708049816521876,0.10107351133701066,1
0.09086676447214011,-1.0155317702889355,-0.04252372325721025,-1.847108834428154,1.8165061505190383,-0.514360040402241,0.008578678338953382,-0.9698390549376404,0.1000157866925584,1
0.09330803824910276,-1.0161650729446345,-0.05018372243450009,-1.791772475156373,1.9148299092595134,-0.5126791012027017,0.008343328304787498,-0.9692707912151338,0.10014782277677094,1
0.09146779729294123,-1.016320031218214,-0.05751450838811218,-1.7340381613655245,1.989586674355699,-0.4969176452076885,0.0074987550486542735,-0.9691780291372442,0.1010221989374362,1
0.09131737836791078,-1.0154185093953205,-0.06145957376962843,-1.6658903731732484,2.0339870258281203,-0.4509723583003383,0.006858766411539122,-0.9693098218218881,0.10189984046270519,1
0.09540749286361055,-1.0132463043515663,-0.06237937943719045,-1.6123859495509358,2.0582211916327657,-0.3740533206817579,0.00707584372176243,-0.9694782420618676,0.10219846158437183,1
0.09943983309563174,-1.0104809927294212,-0.061283162702661084,-1.5853795041828596,2.078508660499737,-0.28518854981607195,0.00792540090621701,-0.9698728633024779,0.10181752978919717,1
0.0976421615938254,-1.0083718758714486,-0.05772660936959293,-1.552023552807099,2.1004911709937635,-0.2039786332878086,0.008119950213491177,-0.9707452569180238,0.10135525029250377,1
0.09054967687738819,-1.0085819749914962,-0.05287020644270887,-1.4715795799084748,2.115863545209689,-0.13318491152077092,0.006367235799946718,-0.9720264595814623,0.10165372751298205,1
0.08472256507375597,-1.0125262572267144,-0.05110784570412885,-1.3460131935424926,2.121970093966053,-0.06358739305372203,0.0030084696331988555,-0.9734967953812911,0.10293486203105459,1
0.08440023057159472,-1.0195428452754451,-0.05519608964052558,-1.2028741256234423,2.142915134981798,0.011987158645414015,3.0160450394635808e-05,-0.9749920694301953,0.10450715289204979,1
0.08631663868790151,-1.025830145821354,-0.061683370395792414,-1.0407707297656474,2.219054985243269,0.09646416394293571,-0.0010727466655599325,-0.9761307316290939,0.10521560055559183,1
0.08465058952339499,-1.026857218575088,-0.06437766843942659,-0.8318197652225006,2.3690616503254875,0.19167889740691008,-0.0008436692525437022,-0.9762363714057911,0.10411061357541596,1
0.07923878640215973,-1.02192117016855,-0.06171937438628989,-0.5817957378510051,2.5692183585194552,0.2956395393331177,-0.0006263603837496565,-0.9750796152787615,0.1011561723156793,1
0.07580598285718329,-1.015350274523586,-0.05795952555369303,-0.35576306260882956,2.777228255481941,0.40305714313984037,-0.00048288520016893835,-0.9735665220596047,0.09763515851397732,1
0.0781061879040072,-1.0121135718735492,-0.05694324779411236,-0.23103366488192933,2.974133623621303,0.5118213033178903,0.0005877761640509328,-0.9731429516811372,0.09533961151034989,1
0.08319608869525519,-1.012900742618052,-0.0577729370073312,-0.2411544523073381,3.1784498011778193,0.6204436538464071,0.002711080525154954,-0.9743618711529873,0.09483715800320165,1
0.08597203717219395,-1.0142814185024907,-0.05786207128241425,-0.3712544596516867,3.4198312601376433,0.7184945404118631,0.004537343657044301,-0.9763122884909595,0.09487251952380957,1
0.08528655451488217,-1.0130404353336386,-0.05736508116136708,-0.5872372559091815,3.7022620319754496,0.7925779884042955,0.004624332111347008,-0.977442234478725,0.09377027520351759,1
0.08312446984972013,-1.0094419131437435,-0.05842287567101408,-0.8577971068618786,3.9943351659328665,0.8477471290461823,0.002737064005182298,-0.9766138582339845,0.09100713734031257,1
0.08056372772493309,-1.0063532388705838,-0.0620069699820001,-1.1696424875964784,4.250884998809401,0.9118474923337645,-0.00011162477956869424,-0.9736741784057319,0.08723087304261001,1
0.07812272327003225,-1.006033582854407,-0.06750355965370242,-1.5451874336862204,4.437084216333827,1.0052250199003931,-0.002265109732992416,-0.9698029466912096,0.08326471321815437,1
0.07817589805006141,-1.008213544163574,-0.07402786033889706,-2.03703329031439,4.535523716211556,1.1077036597810632,-0.0021840180058018657,-0.9670956243481383,0.07952124205058307,1
0.08283059176146053,-1.0106892129934941,-0.0803506746529294,-2.6819112735279806,4.546430336205281,1.1694341604606995,0.0006175156597712178,-0.9668057872004437,0.07631063935051528,1
0.09003123367857813,-1.0111229787194056,-0.08434865506134401,-3.450118815028428,4.491046918273398,1.158884643961593,0.0051046155709778855,-0.968014407084606,0.07429301971189706,1
0.09530503985729293,-1.0088469379894702,-0.0843390763474719,-4.2368412485075035,4.406401057910536,1.0864664535656368,0.009570577363709212,-0.9688193036514364,0.0740420822039362,1
0.09707889960599823,-1.00591866958547,-0.081274420039701,-4.900903871811521,4.319584807499225,0.9750076081149414,0.013052683783647679,-0.9686370809034642,0.07505614111188368,1
0.09745784862961664,-1.005924193788917,-0.07856225763866631,-5.328684572911703,4.218133793346539,0.8281628732427391,0.015511448956677118,-0.9684701196540307,0.0758499780018649,1
0.09832489572627241,-1.0103964451026848,-0.07873279026856089,-5.49251586636197,4.053187173492192,0.6469378388860666,0.016765353912585018,-0.969112542613929,0.07545313578247774,1
0.09944136608658208,-1.0167013628610917,-0.08055199477739738,-5.46402434858851,3.785467298517799,0.46236962058937436,0.01612030126727292,-0.9701874927295477,0.07448332204685919,1
0.1000250703332886,-1.0207625419684858,-0.08052606952903343,-5.363855053488754,3.4302613094032504,0.3254609373435142,0.013377839581072809,-0.9711809640894857,0.07449628013639631,1
0.09963012186061912,-1.021412659506559,-0.07709913400414446,-5.284025178591787,3.0504323993520615,0.2640848115447852,0.009683758847787048,-0.9724427574190131,0.07646842750241163,1
0.09754385223904002,-1.0207217656009524,-0.0720820438331889,-5.243138413605562,2.7061337941855776,0.2641728421957196,0.006942838385448315,-0.9744486490117801,0.07994472345926334,1
0.09350031386283572,-1.0207005987220499,-0.06823543688012336,-5.200711147855078,2.4185432096437927,0.29202975426380223,0.006307756094440591,-0.9765800603308876,0.08354466013357838,1
0.08914889594295525,-1.0213192958904451,-0.06686743345259276,-5.108601507352627,2.179889406818069,0.3231610562587063,0.007171726101631153,-0.9775161652076516,0.08626154772515955,1
0.08701797908001979,-1.021588806274531,-0.06734810900413464,-4.955821487550808,1.9835672151586248,0.3505276097619714,0.007621411547011319,-0.9768051344225234,0.08807116285278829,1
0.08732339693332644,-1.0211441817287852,-0.06767591293416135,-4.7802717271879205,1.8352452367623207,0.37780992821425396,0.006038869388292584,-0.9753479564541759,0.08921901462713602,1
0.08684573204849017,-1.020317358162614,-0.06635841995957706,-4.652830328225831,1.7445119815201542,0.41152929105541997,0.0024933322801473324,-0.9742259840705674,0.08944275492830528,1
0.08223581485288255,-1.0193752939079812,-0.06472899403527914,-4.642720021557097,1.719148293904352,0.45617174669774285,-0.0014376225697906196,-0.973620822154194,0.08834655487727774,1
0.074425361001403,-1.0182324460344316,-0.06572382405503295,-4.77008788836434,1.762719160600464,0.5115299550938327,-0.004391506080248344,-0.9730650332378759,0.0863290965920404,1
0.06833072307562177,-1.016819906840896,-0.0692722015118178,-4.983665244109603,1.8623350498564324,0.571350886166078,-0.006523558211047956,-0.9723032161774926,0.08462760897734764,1
0.06748676380303474,-1.0154513131252196,-0.07122377492940754,-5.20624575572613,1.9754838315876901,0.6230194791304587,-0.008657311990833798,-0.9715384028704376,0.0841317735480965,1
0.07033539922624607,-1.0145210492591892,-0.06861281379920671,-5.415721292360701,2.0396153396669243,0.6522710641479795,-0.010600418085954244,-0.9709241537790645,0.08442988154382287,1
0.07269418808061377,-1.0137501411501817,-0.06411905986732977,-5.675272790129575,2.006956277997685,0.6545428307512807,-0.01129476609932258,-0.9701577126092017,0.0845408696983942,1
0.07238043281226117,-1.0122305669693787,-0.06314836440421866,-6.083029512394057,1.880396928816034,0.6397479714157261,-0.010532799563763098,-0.9687860451003929,0.08422735932349688,1
0.07023735815656254,-1.0096559789400377,-0.06730604609969704,-6.696606629259779,1.723171778444539,0.6188178757817083,-0.009506713154785561,-0.9668336511282277,0.08377754197310237,1
0.06805483798108719,-1.0070174687738591,-0.07269639840782206,-7.494092869353581,1.6299419615407513,0.5882769197121228,-0.009358835912120224,-0.9649709640644905,0.08297529970384963,1
0.06709009022578959,-1.0054200640555797,-0.07462610808075291,-8.383505252416658,1.670046966456002,0.5341505513970168,-0.009719798017482965,-0.9640202520932585,0.08152810025380296,1
0.06797809297041937,-1.004605515279768,-0.07251568221071951,-9.242080786142639,1.8380156393305225,0.44145026395824494,-0.009026142738787973,-0.9643094715288831,0.08031828914239723,1
0.07082551270309735,-1.0035487280026043,-0.06966633366818956,-9.964211090999683,2.0508342790453487,0.2860335348653773,-0.006235438053711547,-0.9654836157275877,0.08091751587557942,1
0.07532062085446657,-1.0023666563440672,-0.06887222605711477,-10.492767982252886,2.199329170955545,0.02841132578618388,-0.001990419602137921,-0.9668680831431012,0.08358714092388914,1
0.08088312988856329,-1.0025145102242192,-0.0692929125234434,-10.816226499061964,2.2161426922597225,-0.35646377394881373,0.0021335165068690188,-0.9679810268257909,0.0866408247791625,1
0.08651041753223443,-1.0047760291048995,-0.06840726804066982,-10.953170813340293,2.111724874850465,-0.8357653735564425,0.005248219067421793,-0.9687252804858193,0.08823748262697578,1
0.09088844682238184,-1.007872026317923,-0.06616234574309289,-10.961401771658853,1.9587167306226831,-1.3206494431960416,0.007452146240278711,-0.9691020963810613,0.08835637270376485,1
0.09309076216740186,-1.009304183468122,-0.06507900279140177,-10.963041750119494,1.8394209961720698,-1.7221305553359136,0.008703456456050088,-0.968818763629914,0.08847262551751224,1
0.09285000805691143,-1.0070202691580787,-0.06636180277172374,-11.150116550734339,1.7937613588777739,-2.007162464915449,0.00831802004162294,-0.9672533109843895,0.08935782163532967,1
0.09038562096883047,-1.000460673820603,-0.06854929652506946,-11.77415866271947,1.8106802038288938,-2.206824800499917,0.005983936988782273,-0.9636660058221395,0.08983156976461122,1
0.08682452479947621,-0.9908720943687569,-0.07068244319129768,-13.134076799447156,1.8681769773183876,-2.382088716055964,0.0027554142217652844,-0.9574825017887404,0.0880361813819094,1
0.0842592488313464,-0.9805199481668477,-0.07463157831103091,-15.527104203759198,1.9589980935296132,-2.5946004536362928,0.0005065105808621063,-0.9488588101154858,0.08317650822885281,1
0.08389479310684718,-0.9705013664341771,-0.08367707213062028,-19.147031256764066,2.038635301176442,-2.912708955972025,0.0003126456490541923,-0.9389987364881215,0.07497761339419881,1
0.08396068364513364,-0.9591156626611523,-0.1000464014254824,-24.013158702119245,1.9529185184370417,-3.416736697418672,0.0013388379142119495,-0.9291720201623329,0.0621214306676074,1
0.0805786467875262,-0.9437836945172567,-0.12308715381846029,-29.996535641199173,1.49250852634713,-4.150884111496129,0.001257146811654112,-0.919328426876078,0.04329580013316609,1
0.07161639135450013,-0.9255694780806077,-0.1481290985889447,-36.86739738036707,0.5830433457745663,-5.051428455191148,-0.001962648564317849,-0.9085823872437444,0.020470196465766106,1
0.05968487017359568,-0.9107836443909545,-0.16809176823845567,-44.275445894130364,-0.6173205229237357,-5.9443792473249575,-0.008207707787282966,-0.8974845402839058,-0.0003577711052343811,1
0.05046877123235571,-0.907085591884512,-0.1781032233470192,-51.700379454710365,-1.88662271646403,-6.633268540419561,-0.015253234889151273,-0.8897024626665891,-0.013031923937311262,1
0.04749046342397966,-0.9190085030165625,-0.17836093236243108,-58.40748821797019,-3.167271999302534,-6.978227691359979,-0.021042432538320208,-0.8916218135768854,-0.01572522463341017,1
0.04925119876645864,-0.9476661455780819,-0.1721571870035101,-63.380987628764295,-4.475873099378435,-6.881843390709898,-0.025296156294011857,-0.9094673779540994,-0.011222258389578159,1
0.052424561005058705,-0.9915021263970865,-0.16283618783390147,-65.37736807147346,-5.528251923753664,-6.241416846972223,-0.027746168939426098,-0.9443905492521882,-0.0035212194614095533,1
0.05725943642326965,-1.0438921912885402,-0.1541158494755296,-63.40065470356945,-5.624624285118436,-4.995996733403701,-0.025729067134462665,-0.9890513946215919,0.0044885151149508295,1
0.06824097357330768,-1.092034157594829,-0.15154817424428835,-57.51495229388562,-4.151421299722184,-3.2681056239010973,-0.016042898071499737,-1.030488304761573,0.009961394137500284,1
0.08819475311201114,-1.1233323923205907,-0.15978248405701972,-49.24589228371378,-1.2583658485806195,-1.4279171043336292,0.00041926674173245406,-1.0583345359983063,0.00888907331200656,1
0.11222632255514839,-1.1343523288987012,-0.1770838544305576,-40.902687138287824,2.090898145267835,0.062118878595430055,0.01795248365019235,-1.0706190831193694,-0.001639273489315569,1
0.13016161776355095,-1.13130827664508,-0.19533310016122288,-34.21245319066983,4.834263692084659,0.9314347464847685,0.030917400376301914,-1.0715520707377768,-0.019807962708225945,1
0.13649012273679662,-1.1214206817711272,-0.20744936104321707,-29.481434450534625,6.541400739795883,1.2599254122828796,0.038335396224253575,-1.0648681294925517,-0.03919020656910265,1
0.1355122943595192,-1.1061626287527067,-0.21313654023269848,-25.979652803893554,7.42719784688615,1.361594097490893,0.043274567717362725,-1.0506283701837142,-0.05319438588951743,1
0.13493506677871075,-1.0835648648644185,-0.2163483919554765,-22.98678963023592,7.786034278337904,1.5024125627179634,0.04868488901232582,-1.0280661212351931,-0.05920268264398291,1
0.1370863725841471,-1.0544282535362366,-0.21933805545249258,-20.42052184806898,7.581986177723734,1.701838602438076,0.054341599364578566,-0.999736384975983,-0.058930055128745606,1
0.13856490149883885,-1.0239509985464612,-0.22082602191200842,-18.62098198127963,6.602117269554824,1.7683467205212,0.05729522942766408,-0.9715912153105281,-0.056008793919235265,1
0.13604234842348198,-0.9979453254576319,-0.21879370339680232,-17.76918606552261,4.872994272925854,1.504920839305125,0.054776243416482774,-0.949160326441867,-0.05335250700438898,1
0.1293722742936901,-0.9793237539738484,-0.21301330346306552,-17.631133305543496,2.8177420812804588,0.8924961466345847,0.04664428193297682,-0.9343372917722437,-0.051517349491021304,1
0.11969922142182968,-0.968468241101643,-0.20442852660770844,-17.80975318996537,1.005539142288176,0.10281040107133531,0.03517874706131579,-0.925816528083909,-0.048537693563504174,1
0.10744021104642835,-0.9650887739040277,-0.1939997719342507,-18.117196384815124,-0.22615404718357962,-0.6509502697007459,0.022829800061947056,-0.92185425673883,-0.041766844973033235,1
0.09330418770240557,-0.9680018812229322,-0.18367608335806956,-18.644413405812617,-0.9316747205174118,-1.276054244539845,0.010637681108102042,-0.9219423370022833,-0.03089950494531952,1
0.07951988986701534,-0.9740766438042598,-0.17670373970952244,-19.534692682454878,-1.4030179488512626,-1.824212217399983,-0.0011944572847491278,-0.9259447714983259,-0.019287605695107766,1
0.06811535251777047,-0.9798142531283281,-0.1747175459677541,-20.785531243120012,-1.8841719359527067,-2.374911118263135,-0.012043953294011577,-0.9326150156674012,-0.011488988444477833,1
0.05859040257239655,-0.9844188277356279,-0.1756583842335583,-22.273157928908567,-2.415968223264102,-2.9161834667018907,-0.021011573584934155,-0.939990853930523,-0.009149621714918678,1
0.04917670328530909,-0.9900537604158611,-0.17633253293596934,-23.876589853068666,-2.9098112889857135,-3.341375093092873,-0.02803412493291921,-0.947253078941316,-0.009769893953048649,1
0.0405504575639168,-0.9989487933793603,-0.17570028026018503,-25.494162984763207,-3.3142948958469454,-3.541864407904755,-0.033832448445268795,-0.955393577039862,-0.00975606922122672,1
0.03662222975208745,-1.011053123835279,-0.1740756424207091,-26.951290629478958,-3.6728501581451507,-3.4886831965630027,-0.03838751941403058,-0.9655684654631446,-0.00798243705002444,1
0.040637316545325576,-1.0241666711538,-0.17083223380347878,-27.982938830423322,-4.033070647415284,-3.2378596736519625,-0.040090906485659335,-0.9770169926219667,-0.005725201185931961,1
0.051087416916326976,-1.0354080967307087,-0.16499378139273696,-28.382499067131455,-4.3613317286577855,-2.8841814134758668,-0.036986187611980144,-0.9870618837031464,-0.0038199579861846957,1
0.062417978375147405,-1.0425721574503033,-0.15707614949286383,-28.17272462016465,-4.596718966925043,-2.519511998757277,-0.028839006944222253,-0.9933383046730877,-0.001285799905281164,1
0.07003717643061914,-1.044682741866522,-0.14895458062115297,-27.606047360385706,-4.772445797405105,-2.213173527290206,-0.017867691107899385,-0.995656876557464,0.0031193563018055335,1
0.074035446259722,-1.0417749267236889,-0.14242079499873317,-27.000304209995214,-5.028961683142783,-1.9951927522572843,-0.007618700046844774,-0.9951942043771966,0.009278548013419806,1
0.07710933015165855,-1.0346879878133366,-0.13771005887110935,-26.577720634532355,-5.484250369016784,-1.8393497167687038,-0.001330786939391774,-0.9921844018777753,0.016327180626607936,1
0.07929554191485111,-1.02516720194421,-0.13282757020243513,-26.410182251510154,-6.111359414060858,-1.6719950780551147,-0.0009328832253956894,-0.9854048328634006,0.023967255652615843,1
0.07700750120293588,-1.0153139516317549,-0.12563854226497995,-26.447270572632593,-6.766595234958162,-1.416735233747407,-0.006315392983373762,-0.9742068566094448,0.03221330508873854,1
0.06861465775159058,-1.0058528087653664,-0.11683677775828423,-26.6037901047835,-7.339269765071571,-1.0460704708958024,-0.014635023738518283,-0.9601860214220628,0.04043119715025369,1
0.058950344987534174,-0.9950164002733662,-0.10856634932866065,-26.896685887804562,-7.855252146386267,-0.6022103769187384,-0.021028528133850706,-0.9462556123874344,0.047920346679488614,1
0.05536730121663417,-0.9806190571910706,-0.10091860457424462,-27.516383604043444,-8.411982135473238,-0.17577210673279656,-0.02153374199951716,-0.9346322813280995,0.05524717437061402,1
0.05980411756854529,-0.9641946144452245,-0.09356594353643899,-28.685545066242238,-9.00960102700597,0.13717251826699567,-0.015984872130498075,-0.9262133565335073,0.06336224163559366,1
0.06752277986908953,-0.9519605939084232,-0.08982289552267389,-30.384607592524414,-9.467376207463435,0.2748240282511588,-0.007754074697003832,-0.9212201714840116,0.07091069725202782,1
0.0738399382587456,-0.9500624019497126,-0.09382299811548284,-32.25493166588301,-9.52864716402162,0.24041202528304045,-0.0004865006538084853,-0.9195699747374978,0.07404059733239282,1
0.07925521603278818,-0.9586771150298282,-0.1031930651992972,-33.85288137235637,-9.055942382901483,0.11258330670151039,0.004607076784466318,-0.9207504090999158,0.07022456242345565,1
0.08670656954659747,-0.9713468100698994,-0.10940520382443361,-35.03180056351718,-8.135808215794865,0.0018030658019342755,0.00833917481191598,-0.9237959489017923,0.061575057256886626,1
0.09609393454221578,-0.9803387814822188,-0.10711598036841725,-36.059796912100474,-7.023730115594725,-0.038974987474488944,0.011463562432115975,-0.9273941313222912,0.05324407660653777,1
0.10380047122279236,-0.9826700742826036,-0.09993784018440974,-37.352035164234685,-6.001047011793614,-0.06020580367759249,0.01377080139300123,-0.9301942575989377,0.048897706097699785,1
0.10669084146067978,-0.9808701398034516,-0.09556160777722304,-39.096194628498544,-5.249319307006475,-0.15386809577863214,0.014653633663871285,-0.9315788570062954,0.04858008554553406,1
0.10438387216385404,-0.9786516819507652,-0.09741305993506105,-41.13637719139384,-4.802664860510633,-0.35040091320282485,0.013594486835716083,-0.932154875595615,0.05040398681781402,1
0.09775580131078591,-0.9776866429858831,-0.1021129224135922,-43.17289606773591,-4.5809280622574935,-0.5894258352399216,0.010328277345066663,-0.9330745910125631,0.052805268579696814,1
0.08774239390249025,-0.9788338875867443,-0.1040999392776709,-44.99813509363938,-4.462715547399534,-0.7786507017115546,0.0054869651621816395,-0.9350578198562919,0.054609955793858404,1
0.0769309405540804,-0.9835784146132746,-0.10287725219999727,-46.51842972665335,-4.3506255232197955,-0.8625107592787037,0.0010549573360958376,-0.9383699058477976,0.053941782563109046,1
0.07007163976210126,-0.9920202950154878,-0.10528697888805288,-47.64248894426954,-4.2060555223329725,-0.8429054175712168,-0.0009662988691197937,-0.9430362455899186,0.048769893809548125,1
0.06996869816264843,-1.0009680292434262,-0.11736195397216284,-48.2913494277388,-4.049539778371592,-0.7578697491099018,-0.000908265188986086,-0.9482294817599257,0.03950246443924481,1
0.07359374667213563,-1.0059722047712865,-0.1336397889133078,-48.571928908268426,-3.9308679335461294,-0.648988781163589,-0.0015416191927981847,-0.951946154762413,0.030390938801361875,1
0.07527914363741028,-1.0048451563654393,-0.14028590856951922,-48.8625863032011,-3.887715248104404,-0.5371384637712783,-0.0049279988673870696,-0.952373607441967,0.02684926466326703,1
0.07325066537350262,-0.998983628252917,-0.1313274991210003,-49.60195882409382,-3.914264774682382,-0.40972058383643956,-0.009811867428766776,-0.9497099392531936,0.030647654026921718,1
0.06996114143424281,-0.9923064088605325,-0.11652520559061547,-50.9282112315383,-3.951210989063716,-0.22184567406106184,-0.013172178610882317,-0.9461601591773944,0.038130565161033324,1
0.06703878523038902,-0.9887728122219969,-0.10983593851586854,-52.54756780176177,-3.9164360196926777,0.07996071449917928,-0.013792736993149498,-0.9441177864932868,0.043635232612966514,1
0.0638459819512204,-0.9898919212635338,-0.11379445322167148,-54.003917610263734,-3.786222929071684,0.5194059580731077,-0.01325319057065195,-0.944703552186744,0.04477382596946112,1
0.0603604997152926,-0.994788623466515,-0.1182075992833999,-55.08593258372617,-3.65951814356414,1.0728105455749235,-0.014041867040032803,-0.9483505166495521,0.04454039192609881,1
0.057476727071483845,-1.0031215856091595,-0.1120785962750533,-55.95209657848233,-3.693021538098642,1.698846259338785,-0.01769403723622929,-0.9567485813202462,0.04836769659835256,1
0.05477989757331376,-1.0174271285722833,-0.09489876019173465,-56.871376139850916,-3.915820426816913,2.391423325805679,-0.024007912608789303,-0.9733903605548175,0.05865692701135785,1
0.05141708498589608,-1.042056238942142,-0.07735965636842784,-57.90521623322832,-4.110173970677543,3.1882649735624797,-0.030955493741530976,-1.0009819760511967,0.07156506488354124,1
0.0484475111281946,-1.0794088096751557,-0.07184345984201357,-58.90405493091001,-3.9331062461358024,4.093478333012074,-0.03580150736678988,-1.0382235941074018,0.07925392865893732,1
0.04701971272588988,-1.1268366302348982,-0.08167680315304349,-59.81367779125117,-3.2225274933893107,4.973839261460749,-0.03742265112301362,-1.0804838822146803,0.07602684787013868,1
0.044797622857222934,-1.178020409591796,-0.09975898984562791,-60.918761270198694,-2.2195257418888876,5.559264869209481,-0.038004800317303966,-1.1243985685626308,0.06283558504729318,1
0.03714854638289999,-1.2285999906351546,-0.11771253799203105,-62.70030774588665,-1.4780504801978225,5.601410155468616,-0.042284900382452764,-1.1708015132546683,0.04562737046014893,1
0.02229861489309379,-1.2797501116746837,-0.134569247022627,-65.39646532621478,-1.5096676840526146,5.076147239994719,-0.05413322949823543,-1.2223007956776455,0.028768718116442847,1
0.004528518992125852,-1.3347312835519929,-0.15510639730739978,-68.69215351814367,-2.455612558706603,4.238996090821009,-0.07203332315972338,-1.2789174765669418,0.010316788545799345,1
-0.00726024759996943,-1.3926199180551877,-0.1819990196341469,-71.85788663554044,-4.044155883846535,3.4539209235334662,-0.08699613701024123,-1.336802381637958,-0.015415870175998653,1
-0.004193785767735928,-1.4471857080295631,-0.21315940906327416,-74.2232426411317,-5.834971120802161,2.928864171808488,-0.08665307551539937,-1.3900028209563795,-0.050777812899731774,1
0.017707719216041896,-1.4918400595589227,-0.24609065312544695,-75.574955903846,-7.533762264198191,2.601894127279254,-0.06408112840353837,-1.4330119641330654,-0.09142516803032455,1
0.055947996067161804,-1.524559891134463,-0.28116171628009223,-76.18903266460086,-9.12929384768016,2.289295559184505,-0.023129377963534477,-1.4637304918734508,-0.13065496797901377,1
0.10481198463344818,-1.5483608944096983,-0.3200158122370117,-76.54091787842226,-10.737154089728646,1.9449272687766987,0.026166735567705664,-1.4854637797011563,-0.16676432134334318,1
0.16045946289985621,-1.5687540152454513,-0.36343820213975053,-76.94231326044468,-12.267629177100645,1.770228783548689,0.07744742704215869,-1.504855326707333,-0.20537576117247905,1
0.22212565869011883,-1.59142976301566,-0.4115646856367228,-77.33156662503758,-13.241060363846684,2.0653213330010565,0.131567220021678,-1.5268575389686225,-0.2536639010479164,1
0.2870841018988173,-1.6205135979286083,-0.4637842895019394,-77.3171808012141,-13.014719869139556,2.9522297105407533,0.18918121538000016,-1.5522488984534835,-0.31208390279326736,1
0.3444699098452507,-1.6563868292999144,-0.5163284401160816,-76.43477981617389,-11.298894703610951,4.220187168863835,0.24129745096109545,-1.5796166968278196,-0.3718182734177893,1
0.37631627593983574,-1.694821257332378,-0.5601136946330325,-74.44295737142784,-8.492107508985315,5.454132176187013,0.27053398597916667,-1.6080947790072941,-0.41906271171063847,1
0.3680995030319879,-1.7302266072094619,-0.5822529598965476,-71.42768225984865,-5.490036835371805,6.354030759514373,0.2639581656766948,-1.6379932325267674,-0.4407292319678233,1
0.32082306302756164,-1.761168490057206,-0.5714855329576026,-67.62320425831253,-3.133347334216191,6.948265783000429,0.22420766558096375,-1.6699722744918806,-0.42857397793378893,1
0.2526329270139936,-1.7919120193505484,-0.5247788649802827,-63.11662700229534,-1.7873603799399258,7.500011259353876,0.1670610044456412,-1.703914164247677,-0.38260042280564593,1
0.18628642967585113,-1.827081640549938,-0.4510071456614363,-57.72005577397187,-1.337910020673875,8.229733205540585,0.10914052638163066,-1.738280322044574,-0.3125480549061046,1
0.13362707391088205,-1.864833333949466,-0.368681594923995,-51.141443350978804,-1.4556489301502236,9.14500918731247,0.05902531676279876,-1.7707418907366554,-0.23488871737891762,1
0.09274157613388379,-1.8965592908652276,-0.29869874266286267,-43.32482063830969,-1.8420712331354923,10.09787091184107,0.018141303365105558,-1.7991164978755225,-0.16702218888395987,1
0.0590930246133444,-1.9136583600355233,-0.25684253540627966,-34.69867152480875,-2.338341013100678,10.936523885249924,-0.013791728768953283,-1.8206995332335936,-0.12302081400073182,1
0.03514294389635285,-1.9135876519681878,-0.2504289742276752,-26.14658236604866,-2.9094517789990784,11.581532335190856,-0.03574351900078601,-1.831203854079332,-0.111609072465662,1
0.026822876570467717,-1.899371164664472,-0.27922417943816574,-18.706270839859442,-3.536581958268224,12.002658187514912,-0.04596952444633255,-1.8266159585493682,-0.13450918596896194,1
0.03426299375767515,-1.8753503826865912,-0.3370450182223659,-13.176007393710297,-4.109254221689887,12.181239117690103,-0.04400492396027671,-1.807094609181797,-0.18608044571017718,1
0.050355544595885524,-1.8448620458555902,-0.4117315102804971,-9.84896319519187,-4.443979272743052,12.118838842734947,-0.032222688725036586,-1.7778443033353581,-0.25558862238779,1
0.06722963969732006,-1.8109986796896769,-0.485774071987891,-8.456332872549757,-4.432573908329481,11.870351614171781,-0.015631062356173807,-1.7454592532712312,-0.3293905010513021,1
0.08079360399873917,-1.7777831543841118,-0.5412140685940935,-8.23128453221034,-4.168369477209108,11.545823889978372,0.0002928127378552159,-1.7142489317697187,-0.3914695742977869,1
0.08973899799717136,-1.7494265242219982,-0.5679553464965698,-8.063336811367217,-3.906931064628795,11.26592055093624,0.011816831312735674,-1.6861462150770112,-0.42695410621149726,1
0.09369894841299134,-1.7276724940291779,-0.5690038892849806,-6.886712276493118,-3.870950721650979,11.103524723858225,0.017478323791123625,-1.6622013958546427,-0.43098668995463263,1
0.09357446311884156,-1.7098058401082916,-0.5563785045460081,-4.285948562400194,-4.064781354701289,11.043992617164434,0.017558055201318618,-1.6422601117295406,-0.41378307908301054,1
0.0916312989768607,-1.69037735849133,-0.5398804998979058,-0.8303279335117808,-4.2955951641172305,10.976358294185538,0.013618022674010317,-1.6236309553681252,-0.3915350489150361,1
0.08935591525179355,-1.6658240067884484,-0.5202054406847035,2.3739921634717853,-4.425580072020107,10.718974206745527,0.007858122943072608,-1.602144339042521,-0.37122208209699076,1
0.08546684594326913,-1.6368918634603655,-0.49495536037288806,4.613888449162869,-4.596976533696596,10.085160438994683,0.0017938135019367376,-1.5755987064769017,-0.34961768275946176,1
0.07738075704847787,-1.6063490710386887,-0.46976329018354834,5.982257953230783,-5.116966161750068,8.99797667993734,-0.005016419202837484,-1.5457623912171041,-0.3274032293576554,1
0.06535102715437058,-1.5761414342432063,-0.45764876971465734,6.837972657593876,-6.061259180454892,7.609242923661414,-0.014152692370457182,-1.5167986930227653,-0.3150243134142946,1
0.05392996371866278,-1.5478942811290546,-0.46464369261340355,7.107579481363263,-7.052709818041654,6.279015152325927,-0.025285839484132787,-1.4919225806593475,-0.3195911772388021,1
0.047136015086910094,-1.5241107032825925,-0.4804158498720968,6.384205399874456,-7.5172383018795195,5.351380174841813,-0.03528522192244509,-1.4713936862200645,-0.3328331367987558,1
0.04337708896056154,-1.5066750502156983,-0.48805847478563125,4.6262545338051355,-7.1537850949277395,4.94127021692816,-0.041657474091169176,-1.453560212372009,-0.33902564818624686,1
0.03938509413317289,-1.494893146307897,-0.48155700369271864,2.4448399544465333,-6.1047507632434055,4.970561938555873,-0.04432466278112452,-1.4374545944159987,-0.33196321550351143,1
0.038451566038353306,-1.4860828879818602,-0.468473061171945,0.5880191906864638,-4.686954221614645,5.319642655387177,-0.04215933803435388,-1.423283672228955,-0.3177037142565889,1
0.047999673012273064,-1.477165962964358,-0.4556790429573215,-0.6357394597441374,-3.0573251456620603,5.812912146713371,-0.03212558078096407,-1.4102250606294353,-0.30162927225628294,1
0.066720277835987,-1.4650851123564577,-0.43970808885959184,-1.196353200903933,-1.214629480610595,6.128778554603832,-0.016024121428896327,-1.3954901468288239,-0.28099487989824085,1
0.08053172764540474,-1.4471024281016278,-0.4157145174346372,-0.7828367250860134,0.7279685670320981,5.942439516324331,-0.004177529324837564,-1.3767256205961023,-0.25400579876166457,1
0.07609095867185751,-1.4220432498011322,-0.39062018807892346,1.141269356888628,2.413192650612286,5.229945086259911,-0.006694277430288879,-1.3541777229705694,-0.22957223560796486,1
0.054740041437335483,-1.3910401095537799,-0.3794261122283539,4.5624675886787305,3.45175396160419,4.326661132918249,-0.022781658516175498,-1.3292185846457845,-0.22059149346990195,1
0.02955027687228545,-1.3564983656867298,-0.3883832031701556,8.495852973790637,3.7128675337789616,3.635019844320294,-0.04272858595586778,-1.3013942127174687,-0.22937779737813918,1
0.011986003432006362,-1.3199872358315659,-0.40733124244145574,11.616953579780363,3.354935847242798,3.326033500254993,-0.0582296455833093,-1.2680511653266777,-0.24551799932277582,1
0.004781765975975827,-1.2805022628599698,-0.4208050062385363,13.27281626277146,2.6282293177321763,3.306043992513258,-0.06713368143023764,-1.2267850703600844,-0.25799224217011874,1
0.004731851369669419,-1.2347503867740062,-0.4237966763259985,13.776279112023694,1.7367222990566202,3.3527188688514755,-0.07061417041982183,-1.1776760649886946,-0.2651881140028533,1
0.007718846897019104,-1.1801392105152475,-0.42397030030353333,13.799740576975278,0.8640412101138775,3.238881635017221,-0.07036874565142316,-1.1231212130997188,-0.2722316224674385,1
0.010656912420439207,-1.1175999796780267,-0.4296834978908861,13.619714664945453,0.19113549775069807,2.8388363033484136,-0.06863679922822082,-1.0658255677272965,-0.28165936094236305,1
0.011442049270577653,-1.0505782083336677,-0.4394348560325072,12.95407265315018,-0.21480692739944798,2.242820532281443,-0.06793936864932443,-1.0069229614230224,-0.2892438495367306,1
0.009318151260126533,-0.9819018172844695,-0.4440944643211321,11.42445183179328,-0.4983299694970845,1.7520543047615247,-0.06934081003972987,-0.9455981265478305,-0.2885231664034984,1
0.005397262892447372,-0.9130151599045043,-0.4362699678199029,9.086913018974613,-0.9080225760910781,1.6499658462339402,-0.07165312743629165,-0.8803754391788439,-0.2769215408478713,1
0.00192576773818368,-0.845064227380101,-0.41549478681253843,6.5314016146399165,-1.5425670349287663,1.9347197689936009,-0.07314798441812101,-0.8111684423758192,-0.25631054640045253,1
0.0005783360052001084,-0.7785501025297984,-0.38729698199167417,4.530838209463657,-2.226232041835248,2.328373248138414,-0.07390969135656877,-0.7404533495842869,-0.23019510734149365,1
0.0012429090354669691,-0.7127874042984942,-0.35979100839727807,3.547670657386945,-2.6730279099526997,2.5714152615580512,-0.07594634178731828,-0.6724022119021222,-0.20279473413408947,1
0.0021613028228770555,-0.6478011708886087,-0.33894938626523907,3.421278440288906,-2.774761605851102,2.652947536208158,-0.08073695368898101,-0.6104881946276247,-0.1788748122845914,1
0.0014311641789735464,-0.586195748818897,-0.3252385276131431,3.4436062196841193,-2.7071622828899793,2.724914201307834,-0.08690229307947706,-0.5556741916719837,-0.16185649655441958,1
-0.0009359339744309255,-0.5317835672844256,-0.31594026062841873,2.80283677157614,-2.7463457325699663,2.86476101881192,-0.09067178361569823,-0.5070429380051866,-0.15273715541215788,1
-0.00200038598493208,-0.4867601183328575,-0.309322152754859,1.1021690511033044,-2.978843204215401,2.9992198435214616,-0.0885369954260371,-0.46375439335032675,-0.1503172143456751,1
0.002935469033630678,-0.4498876091530928,-0.30259344798051047,-1.3882362167135114,-3.1809735135380137,3.023957020734889,-0.07903156522971505,-0.42510807712832266,-0.14877490138087235,1
0.01765509465806037,-0.415973017706694,-0.28746350545491406,-3.9126933648879425,-2.9861632678506345,2.911437907844689,-0.06238456233212952,-0.3887266942404485,-0.1355988127110143,1
0.04263670794748844,-0.3785604745699683,-0.25492141304235594,-5.795209611484284,-2.197665638725099,2.699933059121456,-0.03980602046006148,-0.3509749408608962,-0.09923322573363084,1
0.07421376982549244,-0.3359417329070517,-0.20703899628610564,-7.020034779509837,-0.9758555035079672,2.4409728931117325,-0.013676915919401568,-0.3105508749180731,-0.042962200785005185,1
