ADXL345_Acc_X,ADXL345_Acc_Y,ADXL345_Acc_Z,ITG3200_Gyro_X,ITG3200_Gyro_Y,ITG3200_Gyro_Z,MMA8451Q_Acc_X,MMA8451Q_Acc_Y,MMA8451Q_Acc_Z,FallCheck
0.08984316627014509,-1.0156277740034858,-0.22656026170259783,-1.3428794382879916,1.159779362756331,0.3052202774163807,0.005854173055437707,-0.9746103120458456,-0.06348005794845085,0
0.09626975549432167,-1.0157268687771577,-0.23393013068364402,-1.4569664127949085,1.3467054963564582,0.3737365696076075,0.006430931215302129,-0.9742837322530546,-0.06263525539669453,0
0.09819911750115787,-1.0157174538946507,-0.23869766660931901,-1.5084056660565588,1.7188709730099256,0.4158258273656519,0.006941404479018202,-0.9727775493564015,-0.06280134687786647,0
0.09549174437217167,-1.014386423465729,-0.23965079557431662,-1.4730856859034842,2.334939700242531,0.42185938998632794,0.0071682370893799,-0.9703362506878461,-0.06438229974614333,0
0.09183278951192406,-1.0108245665293423,-0.2381027621277114,-1.3956542879663048,3.089197018636549,0.40230501356030984,0.006766432175078229,-0.9677920911684063,-0.06708656809955732,0
0.08990203677905015,-1.0062013195794355,-0.23636243514987168,-1.374102442060969,3.784553041066418,0.3792982762325343,0.005409918965250565,-0.9652168804451519,-0.07017764826593215,0
0.08816452622179655,-1.003064100604197,-0.234683187059044,-1.4876765982201938,4.254253258396906,0.3707436470935171,0.0029051182172060335,-0.9624312289802203,-0.07265814469862984,0
0.08359021373695594,-1.0031028143569314,-0.231747494987005,-1.727562502877499,4.4435497310492345,0.37354517530747405,-0.0005832932986889676,-0.9602570312688945,-0.0736833579928152,0
0.07692316721158048,-1.0058910331259157,-0.2284909360176736,-2.005534311100321,4.410083208370508,0.36564390814285497,-0.004075339668696494,-0.9601160978212143,-0.0733698586204128,0
0.07312898517492854,-1.0095043730191695,-0.22850532449391148,-2.2405959955648465,4.263472086221351,0.33594989617015397,-0.00589484724515413,-0.9622527481756635,-0.07282273400561484,0
0.07554786334137274,-1.0120521422468103,-0.2329844778979999,-2.4308600545914865,4.08936811380389,0.3111132959787472,-0.005131254241013563,-0.9650188661271466,-0.07269078332894141,0
0.0810092267956197,-1.012464720855163,-0.2375473001983111,-2.6259656735646386,3.9078801596771675,0.33798539250910303,-0.0031407830945747806,-0.9663032343079896,-0.07217824412324858,0
0.08274017496956204,-1.0103061698535774,-0.23672411508296656,-2.841998807644648,3.703163580317321,0.433561613727529,-0.002813569851971936,-0.9653848006757452,-0.07038185702501235,0
0.07785986493006772,-1.0060050534535383,-0.2308298027513159,-3.0408317450765083,3.492592293026695,0.5638948559577928,-0.005909444488719639,-0.9631225008372252,-0.06816554099247511,0
0.07013070418970703,-1.0014319710489905,-0.2259010056061552,-3.1982413644752916,3.3383711128512363,0.6808347712273523,-0.011462912359098184,-0.9607246086698829,-0.06759417179059156,0
0.0651756665428641,-0.9990489105779865,-0.22675364407230586,-3.3537856605802183,3.267905416650369,0.7715175302980963,-0.016867982169667967,-0.9588047498849355,-0.06944689230897168,0
0.06477358169672778,-0.999938243738263,-0.23220902912865302,-3.5743253723076545,3.2089431742411523,0.8655335073340515,-0.020094496147627167,-0.9574759144397559,-0.07195519394704004,0
0.06631783362792194,-1.003082479600217,-0.2373660081601142,-3.894504976236385,3.0477865917731655,1.0002077251659496,-0.021161164226616493,-0.9569117440879445,-0.07228753006290692,0
0.06632868389455161,-1.0064116489849595,-0.23848749324321508,-4.3086047499918685,2.751973645917862,1.182721608762975,-0.02215418484919867,-0.9575266862177102,-0.06924713089320447,0
0.06365558776779495,-1.0082318674773454,-0.235113507556552,-4.7905450393900875,2.399670567921185,1.3821006973828975,-0.025197990723265493,-0.9595201890746444,-0.06443115670141603,0
0.06002404384351593,-1.008373131798967,-0.22915115097795702,-5.28971431548523,2.081289474715142,1.5565606051458396,-0.029532990536098914,-0.9624960541307738,-0.06073854942660234,0
0.05809245779193465,-1.0086122822558403,-0.22330799284591124,-5.719303004523316,1.8100726641188856,1.6861537514231097,-0.03159256034473858,-0.9658775172499456,-0.06001160617208924,0
0.05873120525944123,-1.0114246489581689,-0.22028271115196885,-5.986400839196279,1.5507301410693626,1.772661443739984,-0.02924049557452628,-0.9695201314049099,-0.062156293461879085,0
0.05989434506133029,-1.0176793882007051,-0.2220044083160686,-6.054721357905365,1.304614703968984,1.8118065286666978,-0.025053956397411908,-0.9734692177500716,-0.06582920935895026,0
0.0584060842402003,-1.0255832167590202,-0.22780607122359584,-5.974595612285018,1.1289342537269578,1.7805732531963583,-0.02386176478397382,-0.9772598717757233,-0.06930184325615826,0
0.053489446018313375,-1.0318565054036484,-0.23348353231248023,-5.839323113864232,1.0724148017031734,1.6606140757028671,-0.027308677064447635,-0.9800288792705718,-0.07091837466159823,0
0.048403837649870836,-1.0338638890290903,-0.23421270844381595,-5.706186700550616,1.112451248931732,1.4729265163637097,-0.03230090174112181,-0.9813450396272909,-0.06961875318895833,0
0.04749229934215506,-1.0311141241545805,-0.22908015113497227,-5.56866125510261,1.1681168439767053,1.2841377117564323,-0.03496203191269907,-0.9814544106562358,-0.0656860719116653,0
0.05145101077732308,-1.0253847039621224,-0.2216801539635884,-5.410328532971774,1.17728969122705,1.1686399575311983,-0.034566372293065493,-0.9807010817868418,-0.060769972486570664,0
0.05651537886377414,-1.019503909736895,-0.21621798894697777,-5.261457361923849,1.1553815884052259,1.1537274800352626,-0.032930106347642214,-0.9792276112605699,-0.05655096305896504,0
0.058426849279556506,-1.0157244966290055,-0.21402289459823678,-5.178280912318382,1.169570955868152,1.2010929371162604,-0.031585616033097855,-0.9773852035022834,-0.053523560407294585,0
0.05653247018417532,-1.0149125096896936,-0.21366006474750476,-5.185693146298481,1.253765222555846,1.252002972380694,-0.03094115410846539,-0.9759433457361398,-0.051559550423285534,0
0.053718798803723336,-1.0166810357026406,-0.2133030734844764,-5.265878571670194,1.3535776078571553,1.2973917061655074,-0.031211069156761983,-0.9755158823403313,-0.05104209098249619,0
0.052465625585902814,-1.0198346036197117,-0.21304246752740383,-5.381091377912549,1.3555880458096619,1.3958488741756236,-0.032550458240839644,-0.9760833055324062,-0.05258716209364361,0
0.05216375945150098,-1.0232009671712357,-0.215538600882552,-5.483547454515968,1.1699465026723805,1.6061144449718652,-0.034192736144790445,-0.9774949347329528,-0.05612921322991523,0
0.051477261154952166,-1.0266066394547035,-0.22338789922054042,-5.536276731347307,0.7988272632073088,1.8924890400850318,-0.034529224500024616,-0.9800473298142085,-0.0609427863571115,0
0.051219452761719186,-1.0303065365284112,-0.2346560394994789,-5.556930822970138,0.3519653909825038,2.1082841989680823,-0.032945560863786943,-0.9838276834828313,-0.06603330378447872,0
0.05209306538215343,-1.0331368868160071,-0.24266464281990655,-5.606596414392038,-0.0011239456595742436,2.1075115429557836,-0.03132320240818131,-0.9875923765976942,-0.07004299385906147,0
0.05200705612003359,-1.032932597568979,-0.2423363337822175,-5.695831186391823,-0.1383146889637912,1.9039548389707046,-0.032314054234158174,-0.9889865817723728,-0.07144609879653056,0
0.04958044861588212,-1.0295462750575914,-0.2357555817566208,-5.730035350708382,-0.09162756596938901,1.7036982437832149,-0.03552407193152587,-0.986181621521361,-0.0696371540611218,0
0.04818740733594651,-1.0253940149395266,-0.2296209495036107,-5.59438796908218,-0.03718894262641474,1.7314606458783515,-0.036976106561009595,-0.9793596173161869,-0.06589645875841539,0
0.052154113525463966,-1.0220448633699333,-0.2280435694903239,-5.289829979729769,-0.1355378206979674,2.015510189276788,-0.03373776854685008,-0.9708107548472938,-0.06289979920838114,0
0.06004184665867695,-1.0185394528374105,-0.22968301809016595,-4.962058037967974,-0.3770976942651448,2.374826553640636,-0.02785600272459201,-0.9636713384430705,-0.06279924887530913,0
0.06515663335300856,-1.0141925317765974,-0.23148776759851794,-4.801230488535051,-0.6156024054176614,2.6048824643000965,-0.02409729070104747,-0.9602797381916183,-0.06549648035861397,0
0.06239700657603116,-1.0107307977031619,-0.2328144520933806,-4.918092832859916,-0.750103033380044,2.624901386142504,-0.0246808328140737,-0.9612343910111922,-0.06886533499300258,0
0.05302359840060804,-1.0101637315648337,-0.23443726148759605,-5.282268685935946,-0.8309972389132358,2.458141386514395,-0.02783174727375873,-0.9655516961420471,-0.07073035955804358,0
0.04349352326078735,-1.0122006611766436,-0.23495360861629344,-5.738165107253096,-0.9745385788199159,2.1477991619070425,-0.030859529864321354,-0.9714699500155377,-0.07048767428272232,0
0.040386732661855725,-1.0149641233773599,-0.2311378490801851,-6.087923258512215,-1.2137196658055305,1.726670998359438,-0.03271427693265168,-0.977024728536214,-0.06882686966549943,0
0.04555919639185032,-1.016858761404006,-0.222938354293516,-6.200453263444566,-1.4652168789154585,1.2369895112484715,-0.03305663281642737,-0.9800775100511249,-0.0663489736566248,0
0.055479015084614766,-1.016756513493621,-0.21627563415234471,-6.068197079450569,-1.6219808742857982,0.749540917206738,-0.030519743634165136,-0.9787896405926441,-0.0632768960010574,0
0.06465326517341431,-1.013814723246876,-0.2184854195619087,-5.78713819179105,-1.6375225046038067,0.34653131649031493,-0.02419604062658771,-0.9733988174570168,-0.060811013818066695,0
0.06891139502459606,-1.0088825930028822,-0.23019943129249074,-5.528923304690284,-1.5168756913337016,0.0631990979892291,-0.017019289787978467,-0.9676149445202586,-0.06136596489361472,0
0.06681336268693716,-1.0059312854861056,-0.24297509398290246,-5.527053497193395,-1.274271028627005,-0.15009011111343443,-0.01464495702861036,-0.966795481841187,-0.06562950292611514,0
0.060876105911806595,-1.0103279481412224,-0.24689197096000814,-5.978457035978142,-0.9480561981488469,-0.3767611994094958,-0.018586368001513903,-0.9734492912701938,-0.0700221755123442,0
0.057133315194825826,-1.0239482733632488,-0.24041593179470935,-6.8367847560570905,-0.6423679347866428,-0.6497041977314391,-0.02273026027888572,-0.9846413830791081,-0.06954774612514524,0
0.0601251497584414,-1.0418212387644252,-0.23092155801536218,-7.7100580615840535,-0.49182121653298116,-0.9484826607040026,-0.02013138891536434,-0.9945371086000373,-0.06372519642217202,0
0.06751173663129834,-1.0550730948796017,-0.22583456837050966,-8.08399806667661,-0.5497421521141753,-1.2541576313584244,-0.012181797822603924,-0.9995718233121269,-0.057914592639275266,0
0.07184011522518727,-1.0585009616059682,-0.22597297580368245,-7.736276264627258,-0.7305186981007733,-1.5430113021072884,-0.007641668829033624,-1.0007388580206955,-0.05794899885583236,0
0.06830753706001848,-1.054851687600644,-0.22778235866246416,-6.917019892174453,-0.8912292136320767,-1.7334447040077876,-0.012632453786314519,-1.0010816208392408,-0.06442232499967054,0
0.059687073936730256,-1.0505080327441767,-0.22890230491630653,-6.08244126605741,-0.9653118399917255,-1.717474321118833,-0.02388647023541661,-1.001742476933007,-0.07254889768591732,0
0.05365244967154118,-1.0475221038174032,-0.2298312279852376,-5.461674649605137,-0.9925199577914593,-1.481156537795488,-0.03191064857638917,-1.0006420840920753,-0.07672417596511695,0
0.05590373478246933,-1.0421407807356693,-0.23170733034135527,-4.912996144201,-1.0223417636029712,-1.1517550626549957,-0.02959613406727495,-0.9947793083297383,-0.07503961038490833,0
0.06547820070424637,-1.0316897217240826,-0.234132034358525,-4.197930347279472,-1.0272854039303254,-0.8816630890178734,-0.01824286516914094,-0.9839377670652538,-0.07012577616748426,0
0.07622057530285732,-1.0199631618753129,-0.23535241615499158,-3.354808943784257,-0.9355933753044823,-0.6958320951083347,-0.006061405320185764,-0.9720013275233521,-0.06610160646780362,0
0.08284940090625742,-1.0132885794537665,-0.2342518671946462,-2.7514279784872815,-0.7253147829969643,-0.49120622583537243,-0.00045337901574007825,-0.9639477918937756,-0.06484975906202903,0
0.08531326100018166,-1.012869773717547,-0.2315587091640184,-2.743940510023071,-0.44635308844739047,-0.19209498925555568,-0.0015349233211701546,-0.9614070110637977,-0.06526584753123364,0
0.08704731317535039,-1.013728782765658,-0.22864347730363693,-3.3076659341448313,-0.1475423091557041,0.13650806678477506,-0.0034531920694133023,-0.9616834053476838,-0.06560005605341697,0
0.09001412986268723,-1.01085722672977,-0.22609867572580464,-4.045257799614069,0.18181581592607496,0.36164305144808284,-0.0014175055851980696,-0.9611437266355909,-0.06584956231570525,0
0.09274002152389635,-1.0046136003216084,-0.22473125792044185,-4.5616504829025395,0.5738801748456638,0.4365642448233675,0.003637289544811503,-0.958905120225995,-0.06775128814698946,0
0.09295928828560202,-0.9998401843844413,-0.22691522599657976,-4.800507429549818,1.0043598115208339,0.43750333981138395,0.007132243861392902,-0.9569464983625784,-0.07259767002981175,0
0.09058348747453203,-1.000655114913999,-0.2347317803265186,-5.011207420751431,1.3859936030126976,0.46265720114216446,0.0061015039775670285,-0.9573831268715556,-0.07929239656831387,0
0.087207120865555,-1.0068078369824105,-0.24607575780106325,-5.441129903250054,1.6455918772761153,0.5396662286975521,0.001618182788424195,-0.9606315511938313,-0.08496286705120334,0
0.08402995033521492,-1.014864438889577,-0.2537893568411797,-6.104292941074993,1.7868110972060216,0.6326458025463477,-0.0029588065214614747,-0.9658975010062896,-0.08737967446006682,0
0.08176921519032107,-1.0218093648585942,-0.2509790956809174,-6.807836896837592,1.8711371454344543,0.7048000665908496,-0.004893206899073874,-0.971918949807087,-0.08614213126153356,0
0.08125051777295345,-1.0268447752866747,-0.23871830190191817,-7.316361823759791,1.9601388410916432,0.7588945628891409,-0.0037568996019504367,-0.9770581022662129,-0.08194340727165551,0
0.08218926644766468,-1.030875248252988,-0.22694308753619682,-7.4779202923458845,2.082281781713755,0.8250388116598144,-0.0014468857040828306,-0.9806482915915736,-0.07626238508140844,0
0.08293792169402504,-1.0358889893228351,-0.225383563984811,-7.282040012787536,2.224400140554217,0.9110794533056094,-0.00033751543213584136,-0.9850459248563881,-0.07195688353139539,0
0.08322419607144879,-1.0440344900890177,-0.23408941710983505,-6.870237206780477,2.3429718470810648,0.9634253214001294,-0.0007244398041927511,-0.9939362675974034,-0.07210943350912108,0
0.08512163352400434,-1.0545526814221298,-0.24430747366350966,-6.441077418109091,2.420537628112044,0.8980294854732814,-0.0006523502999062862,-1.0064050690092297,-0.07670561418950349,0
0.08961717084897515,-1.0612176927399517,-0.24782318861191796,-6.053941531542189,2.532827515627404,0.6967303760100528,0.001296412787096591,-1.0143094241232413,-0.08144669942593002,0
0.09409541811947142,-1.0560658071727447,-0.24392332286502086,-5.543994773168746,2.822465492080548,0.45312546381506635,0.003963973987759767,-1.008826473421634,-0.08178521116469885,0
0.09442131039974934,-1.0379466266462727,-0.23795477801382445,-4.719980176460216,3.3620636616107524,0.280939970276136,0.004713902592429851,-0.9899383292719836,-0.07807192926672238,0
0.08880039603109774,-1.0155132719296724,-0.23541167263541662,-3.64893424754625,4.041960032022751,0.1943076286379098,0.0020983345024264736,-0.9671396472936119,-0.07505327654071245,0
0.08032825652588202,-0.9995602297777851,-0.23830532062825596,-2.6727694708476872,4.615033550797049,0.12588369184369191,-0.002078280441090161,-0.9505257534797499,-0.07637302717291264,0
0.0757984918910427,-0.9937444381012484,-0.24546244562816033,-2.1408189463440808,4.876365935920693,0.039444424868362034,-0.003570210112193569,-0.9434341532489697,-0.08151417131975865,0
0.07914990183535978,-0.9943742946951611,-0.2540092674447331,-2.1863538029760337,4.823091540366903,-0.0286114714416818,-0.0004580117583743234,-0.9436774213380528,-0.087989633114051,0
0.0859009883537281,-0.9969768456477535,-0.2604711822492233,-2.7436078307098515,4.642646897174664,-0.01347320074266712,0.003377084088332372,-0.9483319271106573,-0.09384916930287743,0
0.08783425397012325,-1.0001206561586633,-0.26227542867223574,-3.6641741898790907,4.530951166257599,0.13825206013898467,0.0025551241309887756,-0.9553602753748649,-0.09739900695900178,0
0.08338102769197712,-1.004003664599789,-0.25943469057565854,-4.745968508643755,4.526116524462778,0.4291478170092535,-0.002302385180320193,-0.962722673494603,-0.09705761620247705,0
0.07916595791980882,-1.0086601439981868,-0.25449545224171766,-5.7094243343568545,4.532142097227262,0.7544951416483957,-0.004890471546635612,-0.9686062998838268,-0.09314980904879878,0
0.08053701940225733,-1.0144373108421132,-0.2504034097498089,-6.269446263767759,4.480050209216898,0.9299661193539263,-0.0016322295742857394,-0.9730319503933318,-0.08870523114304155,0
0.08466592166181054,-1.0224316926511612,-0.24852524727831815,-6.314742017552089,4.422290542322698,0.8525011170862069,0.003289270330709159,-0.9782540183317252,-0.08705959339611088,0
0.08495762406557746,-1.0326878188394104,-0.24843678403501981,-6.016453546994542,4.468502657022811,0.6271213964616564,0.0029990945489295527,-0.9862280018600705,-0.0885128334059532,0
0.07927037234532715,-1.0421140245101295,-0.24867701506705336,-5.697805687441255,4.664998546213915,0.47989983607183734,-0.0037752183481320617,-0.9953136217098878,-0.08980487104959953,0
0.07111320102429679,-1.0461926113042788,-0.24753509711725571,-5.544378926932623,4.950587185009824,0.532819053460308,-0.01188237041309528,-1.00081902837644,-0.08742535297241918,0
0.0645629513997152,-1.0438403900238789,-0.24398023938006047,-5.457660190175419,5.207351534982405,0.6901984463090683,-0.016640297923059124,-0.9997509054525957,-0.08152735949803475,0
0.06121479008376012,-1.0386693887596565,-0.23841113750733786,-5.229176565698732,5.339688013075124,0.7558389768591526,-0.018237017140750607,-0.9939374288687198,-0.0757978633527876,0
0.06171700505267172,-1.0340670094046533,-0.23298878774934756,-4.823282118092991,5.322435020031839,0.6343282735556834,-0.017982049475785654,-0.9875009270814625,-0.07319571266085823,0
0.06668076603327512,-1.0293921716529293,-0.23166822814275567,-4.415356520151337,5.201295972091444,0.38682436126168684,-0.013898192694142386,-0.9822635417644783,-0.07314062222557732,0
0.07450822670950973,-1.022770739325429,-0.23791696279864014,-4.169906875681654,5.061228161397435,0.1073305503671174,-0.003994517350974062,-0.976752210838855,-0.07367696065042903,0
0.08111890720134454,-1.0151302202359738,-0.24958678783469096,-4.088817175358985,4.992036722361793,-0.19226478018101356,0.007952021828172126,-0.9693145213694142,-0.07472276098872124,0
0.08414407796824445,-1.0093709236685098,-0.25791244286161447,-4.118922037480684,5.0663890953279545,-0.5443941904422862,0.014620404864240509,-0.9614099925131296,-0.0774525560575608,0
0.08544744630188152,-1.0074062041140996,-0.2557637211081981,-4.316637963495367,5.322139578071634,-0.925089592015372,0.013332894572495885,-0.9573577680039945,-0.08152836493323416,0
0.08767643323486385,-1.0096979975596563,-0.24601352866986015,-4.80316254919434,5.746213206970846,-1.2533776974958386,0.008475946621878908,-0.9603673681918654,-0.08500378854565337,0
0.09045633260513422,-1.016052394452607,-0.23823491825130538,-5.562201573437187,6.2799957171012135,-1.4766428946960442,0.005436623793337111,-0.968913240354771,-0.08675307190181401,0
0.09200173692347752,-1.024946908424244,-0.23794432984961922,-6.353660761378045,6.855852355684095,-1.6044894237259872,0.005333215870480759,-0.9777761467141401,-0.08727871824329578,0
0.09278360548445433,-1.0328275426517897,-0.24226329283391984,-6.859371090066306,7.433929715031554,-1.6618235420888177,0.006384754034889052,-0.9827416642892375,-0.08706573639982487,0
0.0951272893686259,-1.035928247293381,-0.24614821370809412,-6.900974244326207,8.002222452003549,-1.6539633517405155,0.007524726954860383,-0.9835375725739914,-0.08582958389709736,0
0.09936332675614741,-1.0332579089093181,-0.24963993717740113,-6.527617322190259,8.54796334465417,-1.5860348356241556,0.008979828586090682,-0.9822778738808754,-0.08396794905626016,0
0.10226351721047401,-1.0271356723395075,-0.25602806833635927,-5.940661717578405,9.038617747832745,-1.4848648075139803,0.010631676500559942,-0.9804936151345638,-0.08327525763317295,0
0.10001698576169182,-1.0206714593333446,-0.2639781384190474,-5.35985199076645,9.431235327678595,-1.3843305803264798,0.011251231045181814,-0.9785191915721867,-0.08499695311876626,0
0.09197391206250803,-1.015465853432752,-0.2665440163398221,-4.933712310712385,9.700300059282846,-1.2974233093264087,0.009264977734417472,-0.9765777237875626,-0.08791161126930144,0
0.08134140997637354,-1.0120438280321298,-0.2601990025433644,-4.724724858879584,9.860261679190549,-1.2093027175532516,0.004058630881425462,-0.9749431047361256,-0.08950786863413622,0
0.07299876956975952,-1.0112995502672202,-0.2505431238474914,-4.741348206693159,9.95654881441639,-1.0935515592408291,-0.0030607906289892035,-0.9733987056405177,-0.08873377746678462,0
0.07033855262134685,-1.013845968937433,-0.24566849252766945,-4.969020941299281,10.025915744217185,-0.932882432492759,-0.009267519774654405,-0.9717576752490751,-0.08667660828798295,0
0.07303811324059314,-1.0181169660431522,-0.24702330540286735,-5.3652507887670176,10.06618931265357,-0.7314556845036789,-0.012384136357659276,-0.9707752144828659,-0.08487669228229021,0
0.07762890808057019,-1.0212296471971734,-0.2500294944983839,-5.829663719127826,10.048070805249681,-0.5171667173279918,-0.012809215384881691,-0.9716233371878601,-0.08406706368799371,0
0.08059053351793213,-1.0226914029124874,-0.25105911155695926,-6.206651509427773,9.9546928182816,-0.33053285010464606,-0.012644091509236342,-0.9744658809918311,-0.08456940490980057,0
0.08088393773285409,-1.0252043913015907,-0.24996523163726206,-6.351566125379892,9.811223438531112,-0.1982969494423871,-0.012995530497238306,-0.9779860357241296,-0.08669446791817757,0
0.07968310021747922,-1.0298435876200267,-0.24685155332167197,-6.206733391726183,9.681375487980533,-0.11253093178530486,-0.013079466647550032,-0.9801515983212811,-0.09004750392644954,0
0.07837820021091298,-1.0322900676409918,-0.2409543080227464,-5.822533320221462,9.63211527074508,-0.045147934650315316,-0.012085842167938855,-0.9793929861264852,-0.09320121950076407,0
0.07732366641911366,-1.027271196262092,-0.2344286054854314,-5.339726509149214,9.688978449736359,0.013015731130046488,-0.010870388651023395,-0.9757593737286432,-0.09495837276413038,0
0.07632768939979105,-1.016484860206645,-0.2333841099866228,-4.967208176814096,9.817411977685161,0.04054861058335696,-0.011088999297894177,-0.9713937239366142,-0.0955497589667954,0
0.07563669167868986,-1.008541828373193,-0.24141168137099023,-4.9106359430899165,9.951053168580001,0.020990959112721353,-0.012972920446548204,-0.9692258602768243,-0.0957813412053124,0
0.07571662800174023,-1.0097251850426645,-0.2539503171555572,-5.219793525717456,10.039809785006272,-0.026143002775923057,-0.014668867558899824,-0.9704035656831977,-0.0955340952147385,0
0.07605709121609884,-1.017157942439377,-0.26233083300004956,-5.682509727438543,10.064804018606537,-0.06931989333141424,-0.014229732134886005,-0.973145808168864,-0.09441991294323482,0
0.07502784150407292,-1.0224944404500318,-0.2625696050945741,-5.94048407877642,10.015800834108738,-0.10966024202866803,-0.012036447137296099,-0.9745559736391373,-0.09374739860592662,0
0.07175755334610777,-1.0207728364259638,-0.2585578072323308,-5.774436218034584,9.880635005589676,-0.17624277946562114,-0.010563512071469933,-0.9733906420776016,-0.09606732363739293,0
0.06790858503148384,-1.0143795192480698,-0.25757196550718675,-5.281649759231998,9.663985116657592,-0.27902598065741907,-0.011637798024667818,-0.9706821537025775,-0.10190484449950471,0
0.06639494886108947,-1.0090497321088958,-0.26317573769386426,-4.775066984853175,9.395073071684443,-0.38918755197457716,-0.01456723137307257,-0.9678226463274335,-0.10811129955621863,0
0.0677765584774392,-1.0071010283077324,-0.2715089737911456,-4.533711878121268,9.103607130126433,-0.4677396723625385,-0.017199874625507386,-0.9648147533725473,-0.11063769504617238,0
0.06899688833480294,-1.0055811381657347,-0.27477046474500666,-4.650625305769291,8.800907425538927,-0.4985891536593545,-0.0182949439384505,-0.9611065779213905,-0.10841905744900344,0
0.06709089404891957,-1.0016049528875512,-0.2691965642042919,-5.065345464772451,8.500463541834305,-0.4934552226395763,-0.018385656061965242,-0.9577234473288725,-0.10364099812271554,0
0.06359979036379086,-0.9979802404592574,-0.2586680427551695,-5.668416425474947,8.25232741201533,-0.4737693902409051,-0.01837031440430543,-0.9572464729523292,-0.09864891429497293,0
0.06335275081777883,-1.001009039251221,-0.24970693264923455,-6.339480964200093,8.13400852485216,-0.4501864050218319,-0.01788596026117687,-0.9612419506012473,-0.09365355954327828,0
0.06871497486380264,-1.0125819120974482,-0.24490394129354087,-6.90910788477666,8.187820159467032,-0.4205156971244582,-0.015874181794718147,-0.9684953270268862,-0.08775274337016974,0
0.07681197904073804,-1.0266425480585832,-0.24298685625971073,-7.14681118892597,8.36906291002688,-0.38689855943874296,-0.012525055153701548,-0.9760168128679652,-0.08154997954952659,0
0.08264844172233064,-1.034707366847556,-0.2432215435961319,-6.856053530904456,8.570553389851183,-0.36830686065476276,-0.009397772188700932,-0.9811349826246153,-0.07767235479995487,0
0.08347833689629379,-1.033906945154994,-0.2464586278945047,-6.032736301747954,8.702700558561958,-0.3920383008524305,-0.007390623028015734,-0.9827019219533463,-0.0782370227549688,0
0.08019547441118666,-1.028403532099807,-0.2519946464716412,-4.939242828830004,8.742484102196077,-0.4734565609759992,-0.005884794772732338,-0.9812443386914678,-0.0825630401726224,0
0.0760510223144226,-1.023778491122974,-0.25639366970097,-3.9816516296945146,8.709378161955971,-0.6028756212179687,-0.004290789910212014,-0.9783569967510891,-0.0880558594148186,0
0.07445627460452847,-1.022256275943391,-0.25721577503643717,-3.4571584746559707,8.61766203953772,-0.7522904561700305,-0.0031150175183612084,-0.9756402205707343,-0.09277478761453155,0
0.07692810383699013,-1.0234758686001189,-0.25657203345383967,-3.384221570962994,8.46327236326027,-0.8966854819055763,-0.0028006703113641787,-0.9740407066664005,-0.09644602303624204,0
0.08202482377982007,-1.0267281276402436,-0.25858860506821074,-3.557018667326944,8.23827233583615,-1.026364016488902,-0.002620461909771364,-0.973985753951864,-0.0994922548179839,0
0.08621119044973335,-1.0302516513472402,-0.26344748153085434,-3.745109093447827,7.942532254803444,-1.1361516062204031,-0.0017526493782542567,-0.9755137671077548,-0.10212573296225297,0
0.08667216462420313,-1.030589709570227,-0.2664891699108688,-3.837651114415921,7.591242609774362,-1.2067338641579477,-0.0008647730095098508,-0.9778857660454718,-0.10448119606411072,0
0.08381097914421815,-1.0258221293211103,-0.2641496287775365,-3.828789616118144,7.218803239087341,-1.2052754872921394,-0.0014477476128532507,-0.9794930086433742,-0.1067066931893304,0
0.08051283496222181,-1.0187073357680758,-0.2586128498628494,-3.7218293976093317,6.860899583070351,-1.1136978328826963,-0.0035742135676954897,-0.9788816049485333,-0.10836745651019834,0
0.07873587971857908,-1.0140237472385247,-0.255068778642743,-3.4904633398908866,6.519009805567925,-0.9582086369450751,-0.0054771437849869715,-0.9760878648600565,-0.1083598409257734,0
0.07751597540098842,-1.013026796578184,-0.25589472159834614,-3.132768362193142,6.148140702009926,-0.8014227732690425,-0.005905326525421587,-0.9725829113130782,-0.10617263619062806,0
0.07478107716016906,-1.0126431083546752,-0.2591604082025571,-2.728819447251496,5.690524094384464,-0.6973119203737584,-0.005794906316755365,-0.9696506489035875,-0.10302532068283057,0
0.07059573428859799,-1.010224537583131,-0.2619246006076354,-2.4128192815959384,5.126024968455206,-0.654768507356152,-0.006509519747036291,-0.9671878864925852,-0.10114929752335895,0
0.06771940095113818,-1.007070278306757,-0.2633471412551605,-2.28160890005739,4.4948487215391335,-0.645704607956736,-0.007459160414691103,-0.9645179475381113,-0.10192491792028315,0
0.06865314172510144,-1.0060868260163103,-0.26443980459100686,-2.339531174270812,3.8777910189759863,-0.6447216347031564,-0.007195485314488918,-0.9619571921623464,-0.10481402110651193,0
0.07267133967814962,-1.007336883839757,-0.2656867570493553,-2.5306013494244075,3.35327650186571,-0.6562454499478825,-0.006291879490510503,-0.9606682097749638,-0.10768364982918051,0
0.07635255385975293,-1.0081227337177676,-0.26591807046928817,-2.80092990194598,2.962739892882258,-0.6996844772555914,-0.007157086506317083,-0.9610253783055156,-0.10806196550438792,0
0.07696149017467999,-1.0074085593643456,-0.2640564398441879,-3.1119844737401183,2.700789014597708,-0.7711831535725184,-0.01072863991657955,-0.9621789814077687,-0.10489969553339294,0
0.07498870334292021,-1.0078530914221944,-0.2612606829792519,-3.410692405452622,2.5241407888781033,-0.8311227212227473,-0.014649967414200136,-0.9634744762112516,-0.09976097729514173,0
0.07330369196829284,-1.012252416693732,-0.2600361297053562,-3.6222520655266264,2.373875357300944,-0.8378792519895076,-0.015371892192479046,-0.9653583009195281,-0.0958724869967771,0
0.07406294770429743,-1.0193748543911583,-0.2612231575650281,-3.6881987726442724,2.2105952395413397,-0.790059197147,-0.011756571848997682,-0.968485752180716,-0.09532624535231417,0
0.07681618004996381,-1.0251970592233033,-0.26304405202087017,-3.6084656422525034,2.0378737967273586,-0.725525402890769,-0.006318313173388377,-0.9725314832726017,-0.09727171782843508,0
0.07936716236846382,-1.0279578705960486,-0.26344358533996476,-3.4431125078841034,1.8792306369486975,-0.6788873666466203,-0.0029076772482464278,-0.9762074233240658,-0.09921877535169678,0
0.07972692881460476,-1.029686678239126,-0.2624777327634293,-3.267387906270002,1.7285222442809223,-0.6507278652818961,-0.0032747666569882938,-0.9782848401173416,-0.09989679377068851,0
0.07748783924797735,-1.0317336978205511,-0.261944277388501,-3.1145131530638688,1.543272200425629,-0.6215859693245588,-0.00592992112964115,-0.9785544794911265,-0.10030638567755436,0
0.0741594312983563,-1.031321884600741,-0.2633068295412512,-2.9601162772106755,1.3016055290648576,-0.5850220847314769,-0.008046839371698325,-0.9777872360282397,-0.10207102498134699,0
0.07189075544044977,-1.0255472744059342,-0.26654730247888286,-2.772452903384389,1.051668912842351,-0.5589601191714177,-0.007993807573548072,-0.9768329545401732,-0.10536413985129034,0
0.07136237145669645,-1.0175813658755468,-0.2704236906991705,-2.582559659415375,0.8802063819391635,-0.5696092938765799,-0.006138048187788534,-0.9761323154957277,-0.108599095146243,0
0.07155363294184822,-1.0149159230683353,-0.27281478210180865,-2.486885837789117,0.8269305934147293,-0.6281122822000846,-0.003922571112118708,-0.976079358396533,-0.10986920312298869,0
0.071795903422194,-1.0207560178184676,-0.2714024641150913,-2.551484918012653,0.8454625537190381,-0.7159608136460314,-0.002496033920134988,-0.9770722057266172,-0.10867280231740153,0
0.07285284620710886,-1.0301456334965753,-0.2658161990006462,-2.708930910401608,0.8570983349099386,-0.7907035310586028,-0.0019379426754640011,-0.9788145652960664,-0.10635016332173064,0
0.07527939273745379,-1.035481691536996,-0.259185011545832,-2.7764601031396636,0.8271840351793738,-0.816828322650918,-0.0015183641223076058,-0.9801092095135173,-0.10488725507133392,0
0.07788836073812883,-1.0334537915251945,-0.2560950042358014,-2.6014949688547993,0.7733632947866488,-0.7980387337489473,-0.000591109752501405,-0.9797306163026684,-0.10548038899005716,0
0.07917681879420575,-1.0261017604790432,-0.2589119658212805,-2.199491608578354,0.7133408586450468,-0.7727757171889327,0.0007580905272015622,-0.9772604541320311,-0.1081682708334931,0
0.0796247530832889,-1.0178652158308492,-0.266634240468988,-1.7560536932880406,0.6343030073878237,-0.7718685417754754,0.001803350536164385,-0.9730785159928925,-0.11219918068211449,0
0.08101160181139042,-1.0128087098774559,-0.2759884182883141,-1.497462746749818,0.5223212118482473,-0.784024939459493,0.0019264339402911609,-0.9681347339060199,-0.11639357265193158,0
0.08354885637865873,-1.0124905889931,-0.2825133094735917,-1.54670589887417,0.40021882501439643,-0.7698206361727002,0.001270180428505254,-0.9639813858600341,-0.11950820752574225,0
0.08504988837662018,-1.0149277869451823,-0.28257176403199163,-1.8744909841962156,0.31060849459573747,-0.7082344677363812,0.0004001600769878424,-0.9623806982092534,-0.12062917724265573,0
0.08336621430490473,-1.0167640936984412,-0.2767515857429991,-2.348499186243142,0.261212976935323,-0.6178782324262632,-0.0004848620479553429,-0.9641380939503794,-0.11938126359891778,0
0.07909441095621028,-1.017075593092761,-0.2704173749454612,-2.804086244720561,0.20866617254505954,-0.5294311039257676,-0.001469869930019929,-0.9682275786054423,-0.11600912016972675,0
0.07539072238434279,-1.0175558957909103,-0.2685343059802297,-3.085060194533498,0.1080426547200386,-0.45318426573502596,-0.0024151267041787354,-0.9722877299180467,-0.11134443005104527,0
0.07490149950619814,-1.0186432896634041,-0.2702452400099914,-3.0699974719502183,-0.03405294256363097,-0.3830563596115054,-0.003246451231062927,-0.9741562542514554,-0.10651177755757447,0
0.07720453877628064,-1.0177857746757095,-0.27074332017333697,-2.7146909094095357,-0.16883000531528633,-0.316570958178725,-0.004276558787800654,-0.9731895494688526,-0.10260208481447011,0
0.07978354573900995,-1.0129344178377948,-0.2679698803867175,-2.0985606077496057,-0.2606064717760444,-0.25621875904448027,-0.005448517388877146,-0.9703660541568979,-0.10050563991425794,0
0.08090629252840782,-1.0064034729220848,-0.2643792180491948,-1.4210736270677629,-0.32110818745058145,-0.2005130363194453,-0.005811444627914459,-0.9672106625980884,-0.1006359281293519,0
0.08050545037968454,-1.0036135385118599,-0.2619932471600431,-0.9172582308301463,-0.39432020606383517,-0.14604839294418065,-0.004706394241955888,-0.9646950366063319,-0.10256679097016715,0
0.0788617346203914,-1.0073865076598802,-0.2595346372921604,-0.7411073914910473,-0.5189740485745349,-0.09483837612719831,-0.0031571623797597296,-0.9631716471648045,-0.10498809457564341,0
0.07593640309311642,-1.0138875925482482,-0.2559230501474231,-0.904504469705237,-0.7011914081624763,-0.05454937612562194,-0.003097496787612468,-0.962908773978567,-0.10614915606681284,0
0.07205052548047763,-1.0161100316505727,-0.25308069664022326,-1.3023862854659047,-0.9098600614541464,-0.03297176320223321,-0.005120738847954618,-0.9640788662373276,-0.10480384750690522,0
0.0682957352345036,-1.0122921947473869,-0.25289557499461424,-1.7771475508330965,-1.097072927210626,-0.02981615875940876,-0.007720563422559609,-0.9663267088437193,-0.10126696909786236,0
0.06617746213385377,-1.0084613041588033,-0.2541213175818438,-2.1711449152729223,-1.231977157826324,-0.03296459950488199,-0.009107650593709452,-0.9689725620189369,-0.09741353591056563,0
0.06700159807215059,-1.0108894518521898,-0.2545746331269077,-2.3667033721782653,-1.3185530304018604,-0.031858537789812263,-0.00932327224956826,-0.97164372107738,-0.09512379196998313,0
0.07078023821480066,-1.0183104684531128,-0.2542229005106878,-2.327434745424502,-1.3816990775048377,-0.03674574011563896,-0.009979321594532381,-0.9741335530277041,-0.09470990003227069,0
0.07521835504347325,-1.0238125748122318,-0.25423465682861557,-2.1179270435259525,-1.4432084227170263,-0.07277382730302197,-0.01204629569313126,-0.975791985185511,-0.09508827119358802,0
0.07692631296038531,-1.0230707566495667,-0.254723004787354,-1.868697237736185,-1.514346409625344,-0.15067618709883404,-0.014654939901180039,-0.9759034721590572,-0.09529885658142354,0
0.07473469554103652,-1.0185231289990435,-0.2549787680742092,-1.7007469895271525,-1.602681770852275,-0.25070577705379243,-0.01632576805925411,-0.9747055570122811,-0.09558418224073481,0
0.07116517860202748,-1.0155133259721678,-0.25497135895449846,-1.6634531710641687,-1.7150859757730332,-0.3365153786367714,-0.016676982219442017,-0.973267318867929,-0.09692687478805721,0
0.06963156809171084,-1.0160789957525513,-0.25556116286378217,-1.7212642706669965,-1.8483948552271676,-0.3814813440479194,-0.016400314599026126,-0.9723111700686817,-0.09950654767925377,0
0.07054469828976703,-1.0176672523696615,-0.2572077682333102,-1.7853893422449496,-1.9793259096739622,-0.3858245212255205,-0.016010808158718418,-0.9717909359603837,-0.10196759309460456,0
0.07119862662193602,-1.0171213076661638,-0.2587097767450098,-1.7704995459039032,-2.0779672348688147,-0.37266763443756507,-0.01533875163245538,-0.9715245848370898,-0.10280202340879381,0
0.06953304499690015,-1.0141536629836436,-0.2582939461368985,-1.6487856432050276,-2.1436127165274077,-0.36507191196427563,-0.014327243161366283,-0.9714006825788588,-0.1022105197205349,0
0.06680016196690354,-1.0105405853678862,-0.25697435301139676,-1.4660605684601264,-2.216920216516417,-0.3650055424159072,-0.013747023556229868,-0.9708404979453041,-0.10183373671591199,0
0.06568119836957687,-1.0074742218866153,-0.25899809828501774,-1.308455801120453,-2.339116519525162,-0.3539897367953749,-0.014524463850448869,-0.9689945176610613,-0.1027107647706715,0
0.06663648963924032,-1.0050491887977877,-0.2662530246381281,-1.2530842276909715,-2.50632183560218,-0.30916760152496164,-0.016375713608476457,-0.9660419999347486,-0.10409826507974614,0
0.06756539180184454,-1.0037338703436136,-0.273631465339809,-1.3412253128249858,-2.685906437853003,-0.21673115526197437,-0.017721109696037917,-0.9636442489341593,-0.10443803133369955,0
0.06690974850742128,-1.0046445873388241,-0.27371884269601354,-1.572198505035794,-2.874694425492396,-0.08029548702148198,-0.017474340219891863,-0.9633611199436907,-0.1033149393006812,0
0.06538495766172109,-1.0076519807396125,-0.2662854762195222,-1.8988500108055386,-3.1106811743976746,0.0731545209263844,-0.016674657276865894,-0.9649115882352027,-0.10219540956805422,0
0.06403576486790748,-1.0103806644200568,-0.2598330762061902,-2.2399768674942893,-3.4144013405449334,0.20383743896422873,-0.017570516703150747,-0.9666506588016444,-0.10282932054564979,0
0.062240404724511485,-1.0107035125490773,-0.26203957654903837,-2.534106501688967,-3.7441498157586386,0.2912018771003172,-0.020907923428906496,-0.967662956709061,-0.10494191719220879,0
0.05902798829065243,-1.0100097399406216,-0.27067364992679854,-2.789268774194154,-4.0339709162816755,0.3524279471122626,-0.02496956089914859,-0.9688042511927439,-0.1061398334257184,0
0.05539149894689219,-1.0121378679380804,-0.27647924930284046,-3.043597259969864,-4.264427790576328,0.41664262104793226,-0.0277560272454492,-0.9715199610069751,-0.10443554759060011,0
0.053616669851955165,-1.0184090760245161,-0.27394213488472763,-3.2572850516697143,-4.469296169868421,0.48564041782624034,-0.029171656858043283,-0.9759545680920615,-0.10046309998784834,0
0.054386302307082884,-1.0253706551126227,-0.2660260345556234,-3.280751491237284,-4.669249003033399,0.5338430303231247,-0.030282539709528405,-0.9804145934034689,-0.09695366431112892,0
0.05598673653220503,-1.028716019918754,-0.25888384978152246,-2.9738149850581044,-4.823568698104844,0.5429727917618449,-0.0313215514310904,-0.9826130431793609,-0.0964209000122627,0
0.05674616679593477,-1.0281333703860884,-0.25580808573987757,-2.356131612111529,-4.872905201201655,0.5201531975941515,-0.03149453476418598,-0.9814883946085887,-0.09945589438214078,0
0.05679175067958116,-1.0265629475489846,-0.256922275774677,-1.6244064619324918,-4.826147790628871,0.47963216571833295,-0.030272388204552282,-0.9780136538776354,-0.104639841313078,0
0.05663467681766511,-1.0255121209703961,-0.2612032412375654,-1.0295885057593748,-4.773643919293854,0.42270602436256893,-0.028029489257068732,-0.974264692127035,-0.10970032038389421,0
0.05565082726788318,-1.0233454646259232,-0.2667555187841071,-0.7414380934399065,-4.79604215612197,0.3454895757653798,-0.025642274008091586,-0.9716025404933664,-0.11302894647558948,0
0.05348401672342721,-1.0184053689170722,-0.2709186663037683,-0.7970110589639511,-4.878049871474216,0.2542056187811253,-0.023917181818428147,-0.969729813866347,-0.11445948764581593,0
0.05185671385875573,-1.0119433027426281,-0.27233012423147684,-1.1294112537771586,-4.935244528017432,0.15563413254857542,-0.023245809143069396,-0.9674262520205188,-0.11473316195400649,0
0.05295594188656192,-1.0071041832632799,-0.2723545179141847,-1.6248808102096401,-4.92131774497135,0.037674501842389525,-0.023619696276707187,-0.9641483059739443,-0.11423549107742904,0
0.056004113077763464,-1.005965748291359,-0.272909407713855,-2.1676280273314217,-4.88888611229272,-0.1158688203089765,-0.024950625054353675,-0.9611743829015855,-0.1123236472450155,0
0.05743287669283105,-1.0083129876025325,-0.2733871981937137,-2.662211206322369,-4.935370262811073,-0.28020557438292,-0.027104042428444573,-0.9611890741181418,-0.10811923569309398,0
0.05555622748095391,-1.012743884390535,-0.27122722731962023,-3.0410001996529017,-5.097023207528363,-0.38388830071923075,-0.0294600879143489,-0.9658267004329228,-0.10192996966385595,0
0.053296621543872574,-1.0178010674716862,-0.2654334349378035,-3.261436475450685,-5.3123837345825,-0.38544680436119955,-0.03091782616107714,-0.9730029391626074,-0.0954379985741242,0
0.05436356582196705,-1.0218532622142236,-0.25856049231254197,-3.2989302365683644,-5.49964188805485,-0.3545143680561622,-0.030848737018877904,-0.9778455063789903,-0.09059527398148197,0
0.05820848934646215,-1.0233004068674942,-0.25493891793384277,-3.155579086810501,-5.661949166340135,-0.4260117577772911,-0.029778863416417875,-0.9777116597064281,-0.08903646413149789,0
0.0610031040193883,-1.022034806722931,-0.2568894137446689,-2.895615290297778,-5.890510213584211,-0.6398475172690302,-0.028699043678237463,-0.9754447249978252,-0.09199203713918717,0
0.06035299740751416,-1.0203721547583078,-0.26232881466208224,-2.6695812796828524,-6.242064387066932,-0.862925671558141,-0.028105239125906803,-0.9757644440885851,-0.09886584472373072,0
0.05708882337162879,-1.0219601150496262,-0.2659292386862691,-2.658573171918088,-6.634087609497216,-0.9212220286412494,-0.02803062431093431,-0.9790011951540323,-0.1057900142022104,0
0.05389769854852914,-1.028999705942601,-0.2634105583795973,-2.9307977657369575,-6.913091367581693,-0.7935834979907775,-0.028196180253969038,-0.9810270511489966,-0.10808321651726084,0
0.05380433384315188,-1.039275445297936,-0.25594435001294225,-3.33253040141053,-7.032427726605616,-0.6253011687395845,-0.027748764864032653,-0.9796462798008191,-0.10535779527061025,0
0.05813776787443103,-1.0462335312082514,-0.25005224990133557,-3.573475847408686,-7.104757212595638,-0.5550851690506846,-0.025936052664019386,-0.9778549943648662,-0.1022713625884026,0
0.06464673538390658,-1.0441087464565113,-0.25163412857547396,-3.4830678813431852,-7.250304936979921,-0.5825869526347427,-0.023313680960934096,-0.9790579847344543,-0.10305733125116896,0
0.06946889305466954,-1.0337207027695638,-0.26005848875506543,-3.1774154404986454,-7.43928184813287,-0.6273802697566028,-0.02108155216617366,-0.9818591540790439,-0.10726958019994895,0
0.07130308036689718,-1.0221251645649643,-0.269175085531713,-2.9331130321677588,-7.525321596394607,-0.6774951906047177,-0.019439431748379588,-0.9823255951180226,-0.11203272395101425,0
0.07131502064807588,-1.0162393266828849,-0.273926423799833,-2.909308628180086,-7.412909863744499,-0.8219158416244361,-0.018033141539782797,-0.9796466650399807,-0.11606188699460726,0
0.06973402103737178,-1.0173855416603543,-0.27509185155531324,-3.0358085401323023,-7.152697169216463,-1.1227178173174177,-0.0172161834469068,-0.9767912267108063,-0.11957432155169109,0
0.06629925516593745,-1.0216879722612424,-0.27729669734513285,-3.151211146998345,-6.873189599759664,-1.5178098941993439,-0.017094454466439774,-0.9763898746502274,-0.12212796327014305,0
0.06376362222426003,-1.0245978242710179,-0.28289467944404123,-3.1847296928769735,-6.65903975894637,-1.9150479976100363,-0.01638765466076105,-0.9780826648312366,-0.122955063400025,0
0.06640654925323225,-1.0246502012372471,-0.2889327825977315,-3.193209119599713,-6.518994993265249,-2.330033542887132,-0.01423675626793737,-0.9796340442531363,-0.12276303592386925,0
0.07332464694208565,-1.0233740327820626,-0.29037273613046694,-3.262182126443205,-6.431836522627903,-2.828953952288703,-0.01243229458604756,-0.979189971041734,-0.12292308901030224,0
0.07667099232316109,-1.0221851263605692,-0.28528591129968733,-3.3862401016566377,-6.3731886547308045,-3.3609466127049745,-0.01390991784317929,-0.9762599195072325,-0.12241904236788084,0
0.06992226384403015,-1.0201896512894582,-0.2764817539568725,-3.433430861138509,-6.324099916459426,-3.7564758991052156,-0.018870859471454712,-0.9713251393457457,-0.1176898361407124,0
0.056442000074066724,-1.0155991405653841,-0.26826013103529817,-3.232403322085264,-6.3118819729805615,-3.9029059589741415,-0.023926900005195706,-0.9651971797197055,-0.10729023632658052,0
0.046619241236231776,-1.0085075476380214,-0.262156566122515,-2.716501368324055,-6.4297048964725025,-3.844598964578859,-0.025998122995304296,-0.9590023799159377,-0.09567937979784441,0
0.04697372225491402,-1.0011886752488017,-0.25769333775368636,-2.0041486545206606,-6.762181118393261,-3.690425167760664,-0.02575834474687708,-0.954410140267693,-0.09033972553699869,0
0.054744363476661756,-0.9959598520520737,-0.25704247602164115,-1.3664564547589635,-7.28582462112563,-3.48220942968503,-0.025654667464570763,-0.9528635932240638,-0.09498640239407459,0
0.06302112033452506,-0.9934727120197325,-0.26404946731258677,-1.1185392233953029,-7.864561153347351,-3.188778366344195,-0.02562226597890263,-0.9538962704252624,-0.10626229783282908,0
0.06816441334730552,-0.9927511552127567,-0.275885922884672,-1.4665563722399217,-8.335794770294864,-2.7976911130931845,-0.023063303703254635,-0.954968089804038,-0.11649468813849433,0
0.0707215522555424,-0.9922998525544013,-0.28052301198239465,-2.3611325884836867,-8.594105373245679,-2.3804886187133083,-0.016974527458171917,-0.9542356935365341,-0.1191821876664174,0
0.07156556946906462,-0.9918077207113125,-0.26836965341302355,-3.4892964508443716,-8.629323773384192,-2.070848675122389,-0.010066543341964688,-0.9531105791303424,-0.11300715387255189,0
0.07057522953291882,-0.9935167468160367,-0.24526741933226312,-4.473693788323252,-8.531003436478679,-1.972573674944919,-0.00607736589518526,-0.9546522469864748,-0.10203574564206491,0
0.06865969903804194,-1.0005297698145312,-0.22837466712935156,-5.113217926729031,-8.450194823323173,-2.061958951886788,-0.00617126729099697,-0.9596891662213889,-0.09225450978292545,0
0.06779581832989562,-1.012175101156574,-0.2280964319070695,-5.426038188037332,-8.504013609621442,-2.183477390651563,-0.008733849861831896,-0.9660085580549189,-0.08727566455440036,0
0.06850564348195132,-1.0226059621077859,-0.23883447893033338,-5.495301465210364,-8.684853209503267,-2.175234665622041,-0.01183196715268859,-0.9710829314362873,-0.08667870210422671,0
0.06945361434426907,-1.0262226113756336,-0.2486821026500032,-5.347800263569312,-8.880444028511068,-2.0051679924495875,-0.014792360099949636,-0.9741156543690384,-0.08786376073657691,0
0.06975287851991908,-1.0236366922384588,-0.2523210841053436,-5.008226119781098,-9.00436557627344,-1.7679134506078618,-0.017453952585181353,-0.9755902312697012,-0.08898624065365456,0
0.07016726963577749,-1.0203190482111368,-0.2517806962477061,-4.606497939898472,-9.09363184305861,-1.569953630783186,-0.01869872351360525,-0.9759397171236214,-0.0899122919273961,0
0.07201360319032446,-1.0194691145865058,-0.2499527457125288,-4.334753777978437,-9.257184737845616,-1.458840844373562,-0.01656223720819409,-0.9747567929275206,-0.0909303402786593,0
0.07584871605390696,-1.0180218014993831,-0.24776765046377225,-4.262609031907749,-9.531766029728697,-1.4438301601812162,-0.010521592100309117,-0.9712604406705708,-0.09170049050907454,0
0.08130014284136326,-1.011012861594096,-0.2456899700723328,-4.243385433474001,-9.804781383247754,-1.5178220277517451,-0.003567864511236709,-0.9659495565469235,-0.09178910436020417,0
0.08733555875364057,-0.9992141839118727,-0.24461735898299222,-4.058788637114774,-9.893246184511641,-1.6466574226036155,-0.0005753783193101371,-0.9613517620931648,-0.0913011633362991,0
0.09204694024018163,-0.9903073922886457,-0.24503676186331022,-3.647134451254261,-9.708874301516838,-1.790215378218339,-0.00349022386395766,-0.9600437481932149,-0.09038722837922014,0
0.09284238474773,-0.991154866541542,-0.24659971822142662,-3.150707238294095,-9.340764479775263,-1.954055692809896,-0.008867804897330847,-0.9618374281263237,-0.08875299618013857,0
0.08835868958292442,-1.00021332235522,-0.24886327133506686,-2.7450201159025553,-8.959611482874394,-2.178587879801781,-0.011365646426987733,-0.9638576649533271,-0.08634548327544278,0
0.08056743744146766,-1.0098461025221044,-0.25161629868212115,-2.4674107601277138,-8.644644044818104,-2.4571542680234386,-0.009406678329675114,-0.9639600968861893,-0.08421394857827869,0
0.07393119214767283,-1.0150606485751992,-0.25387168976884283,-2.232869747112088,-8.32947396774878,-2.702128256074183,-0.006376974829682864,-0.9634786264757634,-0.0838940047347173,0
0.07172602665777202,-1.016752664943326,-0.2533329178009301,-1.9771344665095052,-7.9196551822751005,-2.820873119968787,-0.006229123349465486,-0.9655625524798079,-0.08566764089378077,0
0.0734395642713529,-1.0173604872776638,-0.24829722220108053,-1.7238478280569227,-7.428453807525675,-2.806235906355316,-0.00888115788768921,-0.9708209578845692,-0.0878326550996133,0
0.0760256724864858,-1.0177125278534083,-0.24026724814780898,-1.5069716599359564,-6.9682810701950535,-2.732683777229403,-0.010480266855404432,-0.975957920749711,-0.08817353397719377,0
0.07750741883840344,-1.0182330762607406,-0.23354171361740678,-1.291780594802377,-6.624592191895889,-2.68188956031101,-0.007814397052976207,-0.9775689483049635,-0.08621243369890626,0
0.0789427538688807,-1.0191906891517264,-0.23168112833745547,-1.0297084742728106,-6.38316097063331,-2.691767381976108,-0.0019213858501245257,-0.9762132116362175,-0.08368079738519124,0
0.08226166378728435,-1.0194237868227327,-0.2349406879571028,-0.7751521698159457,-6.198392691782817,-2.7544468953795462,0.002926591806430586,-0.9753907207362468,-0.08267253620475803,0
0.08634729986179507,-1.0183852674262928,-0.24094399907471908,-0.6813601307470727,-6.093137669576734,-2.826396332353102,0.003711918657109291,-0.97727394881116,-0.08369004752740256,0
0.08718872148555014,-1.019026758542773,-0.24657603716578363,-0.8388042949014951,-6.143650501461013,-2.847724560516367,0.0015819582994888591,-0.9809809339165421,-0.08555611621880096,0
0.08319564817150485,-1.0246134501396262,-0.24954421367788693,-1.14096529322835,-6.374286004835895,-2.785841655914736,-3.0049118121067814e-05,-0.9845078680619862,-0.08685129450433049,0
0.07821936500792079,-1.0330452164792185,-0.2499208069622806,-1.3582158050543354,-6.710609450911437,-2.6635895241221936,0.0004036698017892658,-0.9867387705580706,-0.08747857360146984,0
0.07698016355303956,-1.03803193931107,-0.2502041641867234,-1.3485005803299708,-7.049491476761191,-2.5305702103159415,0.000895280578095203,-0.9874576180917986,-0.08905839496235053,0
0.07919794165041587,-1.0357080837476043,-0.2526949447373751,-1.1601888685226531,-7.350359605818426,-2.4177244579509907,-0.0015329713275045488,-0.9864110884175724,-0.09340553567702618,0
0.08071535389417131,-1.0277213570760186,-0.2572296310928567,-0.9280833983383749,-7.641251103973941,-2.332102889897455,-0.007174995514722254,-0.9830330588676907,-0.10038924280143542,0
0.07925081899089188,-1.0185786581220617,-0.26222778645550887,-0.7225946763468442,-7.9514842319539705,-2.274333579835825,-0.012756081755631296,-0.9773551298775742,-0.107907278083196,0
0.07673223855342846,-1.0116950453585019,-0.26692706366467894,-0.5314198581380183,-8.262156632810798,-2.2350434764443916,-0.014277334981743755,-0.9707988988269409,-0.11410543543040673,0
0.075928695741187,-1.0071848202462752,-0.2713830916821076,-0.3465838334908146,-8.519569580917159,-2.1870037658792696,-0.011038359103132254,-0.9648856917260803,-0.11867811324944771,0
0.0760112670794554,-1.0021002692058283,-0.27499758698553906,-0.20733913462257736,-8.670901828210829,-2.118273268764879,-0.007300689769310144,-0.9589364537322166,-0.12171536053616713,0
0.07280254951745398,-0.9933934049952314,-0.27663252232424196,-0.15032280044413077,-8.681952778549014,-2.0838214882955053,-0.009301848644909983,-0.9506628948609007,-0.12248197047068207,0
0.06471799545084962,-0.9819369353015239,-0.27604266385560305,-0.17010497737985786,-8.557062812104196,-2.184324719169156,-0.01860474577737426,-0.9400516897599305,-0.12025202234182719,0
0.05747790817579152,-0.9733797549845361,-0.27372826399491995,-0.27342235346802946,-8.365538374008636,-2.445358257941379,-0.028106230333712675,-0.9312931626839366,-0.11567758380817583,0
0.059412879660125505,-0.9734020196212461,-0.2696926111666973,-0.5392101597063107,-8.207053024346466,-2.7362644201090154,-0.027643107463789243,-0.9291431285166809,-0.11022874847959438,0
0.07110698970329002,-0.9816126054801592,-0.26400375640984153,-1.0425808834577657,-8.102330916882279,-2.878968362338962,-0.015308131757189399,-0.9337191462106937,-0.10446131744888422,0
0.0833505021085329,-0.9915867268326122,-0.25786948767169915,-1.6955395377591194,-7.946627084219517,-2.8415464651633378,-0.0004626352929298363,-0.9404399642005634,-0.09798203514343691,0
0.08757254803036779,-0.9976124830411225,-0.25226140901867317,-2.2268448766948143,-7.63066089055518,-2.7552122403283312,0.006580571178401011,-0.945301873892489,-0.09131466114677686,0
0.0852833598112767,-0.9997933903630155,-0.24669577632365047,-2.3825481960693544,-7.196527000454092,-2.736535484438938,0.005197010269010613,-0.9487189312666507,-0.08662423385495534,0
0.08454236159043874,-1.0013140185998393,-0.2417927008745163,-2.151942309051906,-6.817653252132647,-2.7724195119738027,0.002551252177933163,-0.9533798860059541,-0.08582312946523568,0
0.0893746500543062,-1.002458258898047,-0.24165671870563576,-1.7831216250877535,-6.619006718674034,-2.799703322378571,0.0037201602608869654,-0.9596907537552971,-0.08855472194561852,0
0.09579672368748603,-1.0004798699033857,-0.2500441583589684,-1.5849365228525492,-6.558792720853698,-2.8208270593734768,0.006912056129280032,-0.9650800715992393,-0.09276207583446683,0
0.09783544075371921,-0.9957367204211302,-0.26383464844471743,-1.723650683321554,-6.495719756373293,-2.886376544524736,0.007726273880924147,-0.9676083666874576,-0.09682807141952532,0
0.0951231302767253,-0.9941895448516417,-0.2738131326650244,-2.181460866757633,-6.330249787906077,-2.9970249629580787,0.005442814231503966,-0.9685431772162219,-0.10039530075244117,0
0.09308785924643888,-1.0009096231881374,-0.273833906864808,-2.838181848433703,-6.052607324704288,-3.0804351339962226,0.003816854457308611,-0.9705469692745368,-0.10346784462882035,0
0.09568033283309584,-1.0132759712161898,-0.26690372877282437,-3.542687046205504,-5.685068805517127,-3.0716629821377466,0.006138330832857087,-0.9742933085875857,-0.10574345574644861,0
0.09979689000648191,-1.0234088598389195,-0.2604762562433571,-4.136636378835378,-5.2335353554368345,-2.9813854622283804,0.010907575568090348,-0.9778477346719886,-0.10689621008959135,0
0.09915103852992507,-1.0259352176816514,-0.2582308743576996,-4.481725919436511,-4.7134668519774685,-2.8687073332155872,0.013456451233506918,-0.9789430871395585,-0.10692509407658624,0
0.09261876545903105,-1.0214831707819723,-0.2588937450547194,-4.505651302615863,-4.19142067745812,-2.769121369699325,0.011109531866325855,-0.9769787918243421,-0.1063653225068806,0
0.08519002267628495,-1.0139601304426478,-0.26116619020859005,-4.2343910471201145,-3.7626307730045028,-2.6675789910739023,0.005235786325229951,-0.9727972967789088,-0.10662683377084807,0
0.08070002126415579,-1.0065233352982939,-0.26624523029249797,-3.797152899044923,-3.480995072341403,-2.524973289214995,-0.001269483399068411,-0.9671967752842618,-0.1097125674133608,0
0.07795981115445276,-1.0004229275760064,-0.27489754820294615,-3.4031656716347656,-3.3235961866254167,-2.310708521299926,-0.006399867156665495,-0.9601145050296764,-0.11661932818792943,0
0.07524778848848165,-0.9961160718740564,-0.2843868094065799,-3.2720943074745166,-3.222302219414808,-2.024433254496709,-0.008822896605840085,-0.9511813371189489,-0.12562122364992775,0
0.07422683902599293,-0.9932428663396173,-0.2901197887889935,-3.526827559160938,-3.1176385860312736,-1.7078176301905983,-0.007621976847444101,-0.9408124709350235,-0.13268352935987787,0
0.07688814691617589,-0.9894476152217775,-0.28982297658113443,-4.121712971929847,-2.9850187017080776,-1.4256817703286349,-0.0035329296123223085,-0.9305731138449737,-0.1343971334882892,0
0.08160819963604361,-0.9818425616299542,-0.28517227944476664,-4.876073162288735,-2.8279903001241733,-1.2184733941314627,0.0007510885681802934,-0.9223118879644843,-0.13075511832632863,0
0.08477105795643236,-0.9709166737134025,-0.2797442708834711,-5.591167090423276,-2.662136831622792,-1.0732408724307656,0.0027212710944713786,-0.9168225663768823,-0.12478964974425198,0
0.08461098574121212,-0.9611545207900065,-0.27578342864692373,-6.154939965063869,-2.5094533000858563,-0.9416077635445873,0.002235993375240927,-0.913468234107341,-0.11952999359774963,0
0.08168126494050847,-0.9564941717409744,-0.272458939481703,-6.565333302222168,-2.4037751583709293,-0.7833769200702241,0.0010036820488408672,-0.9113023647083263,-0.11567485739419123,0
0.0771448297026145,-0.9565047017608846,-0.2673074311464778,-6.8819246202888955,-2.392808580901423,-0.5985896761691681,0.00022677320982544613,-0.9103885616512449,-0.11203483226766564,0
0.07293753312392255,-0.9578190997700837,-0.26004087072140347,-7.152651479383521,-2.518870058490263,-0.42239978126615596,-0.0004398801200547709,-0.911526211388255,-0.10748229919741638,0
0.07273081969281496,-0.9578361738970641,-0.2545180838238737,-7.354536378339731,-2.774512939355625,-0.28626764648178504,-0.0015817614666236795,-0.9145630213466633,-0.10227752018496597,0
0.07951486504420933,-0.9565654389153623,-0.25550214207881583,-7.387629291729754,-3.0672454587228213,-0.1853316336061617,-0.0026297937233193337,-0.9177376626664013,-0.09806695601310561,0
0.09121099989442433,-0.9566663151701722,-0.26296000969806893,-7.1485204450843565,-3.2494589682320334,-0.08945117462153435,-0.0023688100762880933,-0.9195811849968394,-0.09678346248368491,0
0.10095646757381388,-0.9619086582108324,-0.27103028185290906,-6.637473464521024,-3.213659640285544,0.017379285867409715,-0.00041513330942730467,-0.9211959670456733,-0.0991610439047833,0
0.10330125144166165,-0.9734341082817117,-0.2740620945222403,-5.9935648159478125,-2.964518239738428,0.12409525823424905,0.002425712307174394,-0.9254456739320628,-0.1042871512344355,0
0.09921307528588251,-0.9872377895777015,-0.27267736264622605,-5.41616398715578,-2.5905638418162176,0.22504196765476883,0.0053654981726251015,-0.9334144425996282,-0.1107623944277867,0
0.09458702101119744,-0.9972911331677049,-0.27231556209879293,-5.058545659598373,-2.1774349597821767,0.34174172880594156,0.00884420570641382,-0.9425652980116039,-0.11789823435145137,0
0.09472680333694299,-1.0013978690992256,-0.2767369126983469,-4.993291969051197,-1.7713480507524912,0.4773188361331107,0.01386797709574964,-0.9493651846005976,-0.12540108297228578,0
0.09981029755397557,-1.0024441718861328,-0.2845218425742732,-5.2299501833985,-1.4213899415177866,0.5551819224276369,0.019645984494762868,-0.9531514727000188,-0.13224272649149313,0
0.10458570649807691,-1.0038530558753944,-0.2911938361040513,-5.696579106337136,-1.2150834020381422,0.4643479197254049,0.02261137899525627,-0.9558833545748087,-0.13651720601230094,0
0.10313992655391167,-1.0056738662314022,-0.29321097594414436,-6.19473482242391,-1.2343763502540106,0.20574170911445983,0.019312584944534642,-0.9583106991522425,-0.13692553770500546,0
0.09469979112353874,-1.0060950086609384,-0.2900172960483027,-6.453705339374599,-1.4841458358687074,-0.056719322649009654,0.010339089213367621,-0.9585506579998236,-0.13454589118581198,0
0.08390653302220055,-1.0049373771811734,-0.28386078891845506,-6.319156135979531,-1.8968175936446807,-0.1532955789840317,-9.042058367801664e-05,-0.9549744590057926,-0.13270144380925164,0
0.07544905841989907,-1.0031844626126534,-0.2790961105856813,-5.895944295656401,-2.405038049717028,-0.08655307590041272,-0.008515695774806854,-0.9485478716341094,-0.13441300375276843,0
0.06999035361416096,-0.9999223343869769,-0.2806700034365447,-5.463024705705069,-2.9735396724830916,-0.0011064678549809574,-0.014728487926159004,-0.9415266876946197,-0.13970415555287047,0
0.0653664281752422,-0.9928642721131463,-0.29012885688795625,-5.236985398555941,-3.5566661565570596,-0.012399617159182742,-0.020098873956829574,-0.9353006915715859,-0.14562071770233787,0
0.05982358491080124,-0.9822701748518904,-0.3026331615261279,-5.219608110400467,-4.068648330668022,-0.12275638288487836,-0.025321053003611448,-0.9300757748523445,-0.14915934180574378,0
0.0532070446588746,-0.9718916166392619,-0.3110515358266095,-5.234698023929822,-4.426015305262328,-0.27890829965740715,-0.03018075060543874,-0.9253374540503669,-0.1500728915710314,0
0.04643581473429499,-0.9652050833191945,-0.31341421757290533,-5.0700758676557465,-4.606805543575947,-0.44684018590638236,-0.034158736077655016,-0.9200779691006983,-0.15054123599030858,0
0.04131331767066575,-0.9619145267430922,-0.31299633352887646,-4.608368470233968,-4.647685278605999,-0.6254777811308532,-0.03666104189387371,-0.9136545836958696,-0.152155963998486,0
0.04019116149480825,-0.9587119557342614,-0.31148683726463494,-3.890630105516764,-4.587530521726339,-0.8341633714328457,-0.03730967097193632,-0.9069370637028378,-0.15357651213689744,0
0.044166735657282824,-0.953338139007696,-0.3072982867797166,-3.0891173834182055,-4.43367630869635,-1.108094776913907,-0.036360924120787785,-0.9020188792850362,-0.1515699895195794,0
0.05138403479888779,-0.9476829342114309,-0.30157087947144595,-2.3886546402293583,-4.187752807388616,-1.4774768867456898,-0.03447496791301464,-0.9006689728253705,-0.1446153190139324,0
0.05805542861461665,-0.9460482715670393,-0.2995130740934787,-1.848902105149225,-3.8842741996878956,-1.9230942078538917,-0.0318857984301901,-0.9032050494800539,-0.13509602262878995,0
0.061553205501381464,-0.9500422916712092,-0.3023310689791447,-1.3775706555414455,-3.5825534782990105,-2.365385076633084,-0.028101346639695154,-0.9082874356534784,-0.12744773399908346,0
0.06239609576217812,-0.9563553719128438,-0.30366301958013603,-0.8577804116855933,-3.3206474345724293,-2.7261289464311247,-0.02270722943321695,-0.9133825391283861,-0.12458001556981274,0
0.06344541973930384,-0.9601675657438066,-0.2987117761831115,-0.29148527280884534,-3.091237780288193,-3.0013355691697683,-0.016386320315597818,-0.9159476139458946,-0.1263559376310214,0
0.06726196980386309,-0.9598144266421165,-0.2913471820902019,0.21152323620151106,-2.870695557928938,-3.252547437492409,-0.01080845909431149,-0.9148443033303868,-0.13026968299672584,0
0.07370100474920589,-0.9574966558482445,-0.2868927088757043,0.5765978597674015,-2.6671160963752096,-3.5272026932660316,-0.007241527992068302,-0.9109759629777793,-0.13253556591396806,0
0.07973579921909466,-0.9558418445490815,-0.2832328209044253,0.8573665876278815,-2.529264294393147,-3.811393599855041,-0.00537554904075917,-0.9066461245130817,-0.12955548933764843,0
0.08210740177005965,-0.9544712313066075,-0.275112124161411,1.1799004202789312,-2.500432949069169,-4.064793039483311,-0.0038980908047625638,-0.9038192176167414,-0.12020659925711552,0
0.08066944767160172,-0.950680505657464,-0.26351581469399177,1.6130924131701556,-2.561708044765937,-4.275157090724272,-0.0022408270397514625,-0.9024661053155383,-0.10746889599262786,0
0.07896949571757875,-0.9438645302388982,-0.25455668684964167,2.086938522722609,-2.6223546732339704,-4.457791744629132,-0.00116795214229453,-0.9008834968901802,-0.09715841215407185,0
0.08095265686333333,-0.9382898255959639,-0.25058984147305413,2.4194819636383578,-2.5698417297185716,-4.61446997709856,-0.0014116837177925857,-0.8979632228722505,-0.09395522638196742,0
0.0865496371937709,-0.9392566153884231,-0.2488982265838791,2.4383645489609447,-2.338467001355113,-4.727072105595112,-0.0026050598818159318,-0.8944673576633807,-0.09839453823161398,0
0.0906608622257009,-0.9455204602328678,-0.2499905614299392,2.1036440707172104,-1.9443755889610597,-4.804848444899574,-0.004386467999777791,-0.8914115216674726,-0.10794605770727583,0
0.08752285568907786,-0.9480095324287464,-0.2599579286848476,1.5164732517257855,-1.4735814537353196,-4.906436477187662,-0.007832613592390528,-0.8879494683930178,-0.1200895471171453,0
0.07637251210409683,-0.938847915332601,-0.28042384469769194,0.8178204001834922,-1.053964937356253,-5.0839176070336585,-0.014467958023729766,-0.8820992967819103,-0.133071820587068,0
0.061863299432541555,-0.9200279069138682,-0.30196325890270004,0.11235869252468428,-0.8314372801804933,-5.328340267722587,-0.023916627897342127,-0.8733506172199621,-0.14462675388351592,0
0.0494818746781659,-0.9004556019228735,-0.3130864672404408,-0.5163508725246241,-0.9241576028384607,-5.609587271993546,-0.03343956408315845,-0.8631051992494463,-0.1522529566852466,0
0.042562504467274956,-0.8863857864825283,-0.31243868219312537,-0.9995012613061592,-1.3422765557772625,-5.948940847597954,-0.03968831006222479,-0.8522277864366111,-0.15507425807691028,0
0.04270017788253376,-0.8775229329251439,-0.3077457526075676,-1.359719466603484,-1.9327423008032034,-6.394319705807435,-0.04046046627356991,-0.8397795546614031,-0.15409870616728022,0
0.049243884447800035,-0.8701747133877652,-0.30512642446153915,-1.7656482461383518,-2.4208681903510016,-6.920040528535585,-0.03570598574540408,-0.8252584421535702,-0.15059972291822205,0
0.05769049883562866,-0.8607459204561458,-0.30372821277983025,-2.4450742584482335,-2.5469740539429675,-7.404257542403725,-0.02822538612622381,-0.8109480434564802,-0.14522192396599815,0
0.061818810530645224,-0.8475502225537737,-0.300459404633198,-3.525548103654912,-2.224301476503581,-7.7230534539888955,-0.022816970663296514,-0.8006014494529881,-0.1384142374408371,0
0.05965414389707994,-0.8328283437974272,-0.29598245434532483,-4.960187194052113,-1.607270638092056,-7.82413503379288,-0.022665028875428837,-0.7959934438943919,-0.13085943379243653,0
0.056480693243202686,-0.8228717799556275,-0.293717205929441,-6.575562729685791,-0.9815110611320903,-7.695550344148279,-0.02579527585455546,-0.7955959948689644,-0.1236950615391868,0
0.060068876964387334,-0.8228204486182091,-0.29481144289674105,-8.167998903441827,-0.5318144330141779,-7.325066582312034,-0.026199354917886525,-0.7965668910958432,-0.11861701856549621,0
0.07244630983543368,-0.8306481353689323,-0.2965452327285243,-9.590670778353154,-0.20624086346252318,-6.74287046469749,-0.019328064015436228,-0.7973150029252893,-0.11694431006357843,0
0.08779635071031987,-0.8393778363236212,-0.29497152207257177,-10.79758882204259,0.17298899035890164,-6.069144420845043,-0.006241073036643445,-0.7979805217721981,-0.1180439756324059,0
0.09914139688625184,-0.8457426417809001,-0.2882285229296702,-11.806990990707169,0.6806995700058456,-5.449033450546235,0.007811512343217271,-0.7993173891377652,-0.11946381695918236,0
0.1052422997029988,-0.8526865564550088,-0.2788533612615531,-12.610421178602277,1.2080590849337387,-4.926371620380659,0.018335344671222234,-0.8020237870886088,-0.11925449776654694,0
0.10970599082503193,-0.86226921743477,-0.2732056270519639,-13.137170299420182,1.598517151685292,-4.417677768455488,0.02468094034075383,-0.8068520744956055,-0.11772310409683424,0
0.1151388697025931,-0.8707882113130967,-0.27618009146301387,-13.333383277717246,1.8078107803605734,-3.821939235677557,0.028921004189627085,-0.814275696964184,-0.1166644117346075,0
0.12012120590823806,-0.8740232152915434,-0.2851604960609152,-13.268509064701966,1.9098516985034242,-3.1302897708635977,0.03296960434234688,-0.8235924678408898,-0.11741321251088685,0
0.1214787586162821,-0.8743379160829241,-0.2907949388395272,-13.137214899371635,1.9902991575845848,-2.427462795047369,0.03695987605270335,-0.8327992262275974,-0.11982040911187353,0
0.11814762886545864,-0.8783226051181787,-0.28620178079277303,-13.14161939158782,2.078508925896782,-1.8195743225174796,0.039432075459357036,-0.8398094484141049,-0.12269096521938405,0
0.11247209202943574,-0.8878029343797618,-0.27570630055915557,-13.371669772853437,2.1709498337024846,-1.362354275844278,0.03876759933934241,-0.8438350344961191,-0.12497098240645393,0
0.10841723738695429,-0.8970871022233973,-0.27145466291166753,-13.793535241857567,2.2745176179338182,-1.0232494085638253,0.035070925536883096,-0.8455086649824649,-0.12631252431858178,0
0.10868952885326066,-0.9001538617816195,-0.27918985837940863,-14.317283323617055,2.3983232171362245,-0.7092968093390953,0.030746075862235316,-0.8458346035033413,-0.12639428688915272,0
0.11257830932168889,-0.8974455482004121,-0.29036990994005113,-14.833878589823714,2.5125120468373305,-0.3654867894745685,0.028463219360463976,-0.8453871911012131,-0.12463408905453403,0
0.11599212797497663,-0.8940457982417337,-0.292039809325682,-15.207861019600317,2.5448472798225867,-0.04718909083923226,0.028228303950625405,-0.8445200807195404,-0.12161851330546351,0
0.11436823151467898,-0.8932366695124473,-0.2824326812849437,-15.322250839398755,2.4351585333457955,0.13511089804455334,0.02706783684788537,-0.8436584858554098,-0.11996457470581315,0
0.10638416623736263,-0.8933285692284989,-0.2727442809007488,-15.19234291464354,2.1865439388097307,0.13743787151391848,0.022016858083187207,-0.8428591090408064,-0.12217114779410786,0
0.09485039180661434,-0.8903634169860275,-0.27416966824226807,-15.012197971143314,1.8607961444042151,0.013396606390164526,0.012978947039679917,-0.841567658954789,-0.12792404735101282,0
0.08380956102970402,-0.8837084411738249,-0.2863814202929635,-15.032865906660135,1.548797016196513,-0.16824991189284694,0.002449610637358264,-0.8394807107891296,-0.13472979463744647,0
0.0749631393132704,-0.878659855637374,-0.29910628866136574,-15.371092743730062,1.3648546180519867,-0.3866030077488205,-0.006782277385760264,-0.8374239667501062,-0.1407572771717528,0
0.0674223788786738,-0.8817771797547185,-0.30342953207978796,-15.943968972287848,1.441225026809255,-0.6380944966882726,-0.013088827953377812,-0.8369201705151121,-0.1459506055905707,0
0.060981218613405365,-0.8928372433048134,-0.3009302841581529,-16.589690120096456,1.8713339433117602,-0.8913418847316532,-0.015932131310241196,-0.83909654814701,-0.15083201146013367,0
0.05828917134423467,-0.903996697291551,-0.30116518066163844,-17.223062521385348,2.624897725770993,-1.1059942948839758,-0.015495637911763945,-0.8441128488338075,-0.15542108836265894,0
0.062252328543870646,-0.908914511691417,-0.3098959594033619,-17.842533212714628,3.524082554075072,-1.277421599063816,-0.012588039030875879,-0.8509252076510846,-0.1593778192250465,0
0.0719449893208517,-0.9096116939358986,-0.32239471665570457,-18.407965765260656,4.330063707545828,-1.4365776309017941,-0.008287567108579506,-0.8572300443983794,-0.1625105955556908,0
0.08302399590418297,-0.9113367384916663,-0.3306763217439714,-18.783920850392665,4.8861146098196615,-1.604230503170578,-0.0031503456191128948,-0.8605421873667335,-0.16509273589075757,0
0.0923147504436822,-0.9140962738792436,-0.33403245800933556,-18.84673421181184,5.204929381435272,-1.7533536109168242,0.003254820408029779,-0.8601869504368687,-0.16810703475982194,0
0.10079015809176989,-0.9135412038103073,-0.3380895892523134,-18.62767650421208,5.428956981601515,-1.8222857258133136,0.011776899136259143,-0.8578739645234279,-0.17294198598181132,0
0.1117027326826472,-0.9080905780214162,-0.3456490857421922,-18.321131912182683,5.70023218515952,-1.7675507613627928,0.022431242824974877,-0.8557210519100822,-0.18002165805629194,0
0.125712184412906,-0.9011083496762897,-0.353140833826986,-18.152206931684347,6.0589850065378235,-1.6019929490156493,0.03370315439991485,-0.853959627037742,-0.18755606603949374,0
0.13788407059556765,-0.8965861176761143,-0.3553614687663041,-18.241598771625572,6.457846253424769,-1.3792478937010808,0.04333980934613732,-0.8510776442995502,-0.19239456764340296,0
0.14142127063675214,-0.8949668591143038,-0.3502154181363481,-18.580069431626402,6.850746674030509,-1.1425624748159608,0.050073806101474744,-0.8459920968203355,-0.19257617182805864,0
0.13606596602962803,-0.892859541074853,-0.3394290364738897,-19.09239496021365,7.239914024838701,-0.8927648127779295,0.05453887240094669,-0.8393363032135623,-0.18857809254141408,0
0.13049790050141044,-0.8861782919570855,-0.3274353997872024,-19.689666672530365,7.6324780747675804,-0.6123111432441064,0.05840921901142739,-0.8324727348434732,-0.18191017542143254,0
0.13351271237773718,-0.8746301751333956,-0.3190454488043991,-20.267382864109152,7.979395414107171,-0.32298880310996625,0.06275411168864788,-0.8260994635816223,-0.1734667117268346,0
0.14449680279935215,-0.8632212950212916,-0.31578320287566575,-20.71263753382691,8.193450880904368,-0.11007202148347492,0.0672192915643598,-0.8205193839405447,-0.16386802880028487,0
0.15505412298342094,-0.8582273695067003,-0.31427586023069565,-20.968507806388086,8.241847761195341,-0.0764443154659508,0.0703653327613537,-0.8167961689108952,-0.1545188225680886,0
0.1580954143021674,-0.8620597266784964,-0.3096351030606319,-21.084126874348012,8.207797927581911,-0.2714711654534831,0.07050499995392381,-0.8166882102200894,-0.14726424646261382,0
0.15296990980518888,-0.8724241647994775,-0.30110589055450626,-21.160097419313743,8.24536656155583,-0.664650620150224,0.06668802353966626,-0.8211012093130624,-0.14315925507188954,0
0.14375275409958016,-0.8843893949855732,-0.2941014519370494,-21.234609795380937,8.472822830180226,-1.1714943455348044,0.059454670873156965,-0.828838888574926,-0.14233087798530183,0
0.13560982292662951,-0.8921517141054707,-0.2958928132267745,-21.241595522866596,8.905459350984303,-1.6874280477055332,0.05052881159513841,-0.8372206261153378,-0.14497798227679165,0
0.13191270327198545,-0.8920727049043081,-0.30840914087526433,-21.08580615349029,9.469770799884728,-2.107778008636436,0.04164821124563846,-0.8443047409880282,-0.1514070713448153,0
0.13202868061735712,-0.8874766479196053,-0.3252563953776697,-20.754683051739832,10.064454940677374,-2.345993132561681,0.03410177890869203,-0.850718986792538,-0.1605116481571908,0
0.1319481775202674,-0.8882861066696882,-0.33677720067753075,-20.36520493958686,10.617032511260966,-2.357368101175956,0.029280316233098076,-0.8588758635104197,-0.16910395936233005,0
0.12853347704325316,-0.9013496752282688,-0.33800036691516394,-20.101085982093938,11.108543839565774,-2.159590759617117,0.028354253845831213,-0.8696765127399122,-0.17362180266841012,0
0.12232747719033278,-0.9217021380969566,-0.3305659355806128,-20.066588241741808,11.563159284112999,-1.8294844753531887,0.030508555264719225,-0.8802460314634124,-0.1722759905975798,0
0.11575137996054288,-0.9371928144150082,-0.318599144940218,-20.158855167695794,12.01380014478824,-1.4541402427672465,0.03256970830378589,-0.8861709576453244,-0.16561344068310252,0
0.11100247909658784,-0.9414061276896496,-0.3067085191821113,-20.0978624859062,12.461548485013994,-1.0615720271892404,0.03205457090922825,-0.8865195876550301,-0.15629735470578351,0
0.11039502326571103,-0.9385658319467035,-0.3013644496163546,-19.657591119060914,12.855449204273219,-0.6099668639872983,0.030421241868069177,-0.8854764980046761,-0.14900353510659523,0
0.11538521827926901,-0.93560796063976,-0.3080044270020336,-18.93469319082368,13.119300918221079,-0.06133800672112141,0.03165627055332234,-0.8874155739630923,-0.14863658160335438,0
0.12330364800161896,-0.9332936221324256,-0.323821384440321,-18.37517905648534,13.204239909337046,0.5540484129256614,0.03712828355198094,-0.8907453687708348,-0.15617568153363634,0
0.12740545456564045,-0.9275430151382839,-0.3378941204827627,-18.456342470214015,13.094375737486743,1.169666503709453,0.0430435836072718,-0.8889243279966639,-0.16686365723902805,0
0.12278264984788241,-0.916902603677539,-0.3424212144159438,-19.296646555164653,12.75479228129147,1.7554931088647538,0.0438879465237724,-0.8781668182743169,-0.17476854046808366,0
0.11205879613564163,-0.9046475231818862,-0.3411268441018531,-20.600586836414728,12.126985207935544,2.3214186868409326,0.038076227198332147,-0.8619157687584927,-0.178726157015233,0
0.10367374704857774,-0.893955711786652,-0.3432324504743249,-21.981866867026266,11.232644156500143,2.8552849699588645,0.029765862370450688,-0.8467847988541862,-0.18192003227894632,0
0.10383687776435681,-0.8847684326022359,-0.3511513218782651,-23.274483954698297,10.268238135372865,3.2891296177451377,0.025033312713110722,-0.8361854115634734,-0.18641827918122067,0
0.11086736932207446,-0.8764971058461452,-0.35743922696626856,-24.508777208021073,9.536354914183834,3.5286648902003765,0.026362789251027637,-0.8291334109601761,-0.19021076941494386,0
0.11807279920469274,-0.8712148162255742,-0.35400896865952464,-25.66406525183854,9.242464219122608,3.4927466494048987,0.031124199410888894,-0.823796172259207,-0.18970994973593047,0
0.12128711870711041,-0.8720140998457754,-0.34281678713054076,-26.542535694920968,9.353391550371004,3.120035295710412,0.03513891104020433,-0.820695880709188,-0.1844317699068098,0
0.12239555106404287,-0.8788602639671123,-0.3357107201224828,-26.93680113098391,9.666266070301461,2.371773425963153,0.036588066298942935,-0.8222516670759378,-0.17894965540591465,0
0.12554388605190475,-0.8879845144321675,-0.3419148201153527,-26.914954285011483,10.024466363975014,1.2768015973367244,0.0362293199432028,-0.8294688665458965,-0.17900473340605738,0
0.13055096758044243,-0.8960372818492474,-0.3559470198596784,-26.855335037263007,10.457639309246678,-0.00814977762646224,0.03539184961767717,-0.8399353599029219,-0.18460817881131425,0
0.13120614898187724,-0.9036554965131228,-0.3610430538770481,-27.09521977734381,11.09834502950623,-1.2093529039726618,0.03478212715156405,-0.8501945931194452,-0.1887598929820775,0
0.12200439569026618,-0.9136082700095917,-0.3466871359455694,-27.565101940082773,11.970673373177574,-2.0440441853804887,0.034256840078359926,-0.8596403942832048,-0.1850702857803527,0
0.10650408212058624,-0.9258625942159692,-0.32104611107683517,-27.88705820174204,12.876233964068161,-2.345964953572579,0.03291476852658243,-0.8703114882960424,-0.17511007557579675,0
0.09554782485375563,-0.9364120897588699,-0.30321536405662564,-27.833072324067313,13.48906987590576,-2.1232166863495494,0.029974435476432866,-0.8827535517951094,-0.16582592756610282,0
0.09513572043491025,-0.9417831558703205,-0.3035527497505055,-27.548744232108632,13.572434522445405,-1.5307332732011176,0.025607721184655624,-0.8941147117572698,-0.16104533439429466,0
0.0987881609946747,-0.9430638974402266,-0.31453408098033436,-27.302893118305267,13.127779327689872,-0.7765960734455104,0.019973743601716384,-0.90122134974064,-0.15848883723258564,0
0.09500537326579905,-0.9442180603367564,-0.32097190126720504,-27.18604029956164,12.340789833936983,-0.0048403844192978634,0.011957252665871752,-0.9040787117069214,-0.15456911567231063,0
0.08101793724903535,-0.9475995809645347,-0.31563427853202297,-27.1515255239183,11.383026642583317,0.7589133202311696,0.0007617944449703687,-0.90527418312691,-0.14876648587347116,0
0.06569752088104906,-0.9521604733401207,-0.30377292142483664,-27.21003475142726,10.285314201582091,1.5349601825649604,-0.01129067096568604,-0.9068207597989132,-0.14263542850163144,0
0.05855091095704101,-0.9553955083187344,-0.29565297123580575,-27.416204540489574,9.00828093437295,2.264134411829035,-0.019606190233512327,-0.9085996418295252,-0.13777473032531934,0
0.059566381702158895,-0.9567048148036672,-0.2971099439618722,-27.71444813288235,7.6020824696464375,2.7937243286728313,-0.02159732820214734,-0.9096135469732247,-0.13690444203102026,0
0.06205477776495686,-0.9589628156594545,-0.3064712783279421,-27.969946804573155,6.277621408189784,3.007508611569238,-0.01891387960714406,-0.9099750389720962,-0.14449539793233276,0
0.062466645518078054,-0.9658202166979292,-0.31873155592132973,-28.20001078518973,5.33372804016826,2.929860727662896,-0.014899620972834366,-0.9112584603944188,-0.16255747958286088,0
0.06425138279621913,-0.9769087514084731,-0.3311895649108399,-28.651693239214417,4.991249961561369,2.6604848437304223,-0.010595057581514,-0.914975770761248,-0.18572930380422378,0
0.07294766610458414,-0.9872644512161011,-0.3440526566661644,-29.510015390036397,5.232615832288498,2.2255301522598923,-0.004090821565926782,-0.9210706777900546,-0.20372565389494196,0
0.08903188691813879,-0.992635326417772,-0.35685894013133757,-30.52114241231153,5.792719100852917,1.5424610421076623,0.005958030014764813,-0.9280199478157181,-0.21044157440800837,0
0.1056284412883092,-0.9937714444071467,-0.3675622370504123,-31.02992434928099,6.378973098244625,0.5523122596062453,0.016837244486994488,-0.9340809792809583,-0.20951464624369495,0
0.11389748914308435,-0.9942041433295262,-0.3755393537200984,-30.514148575291536,6.946087328750517,-0.630759106813612,0.022968608222169794,-0.9382921034056907,-0.20973449635830665,0
0.11141888613338788,-0.995606809540496,-0.3821123567951343,-29.09153228568533,7.705185788782467,-1.726854392225872,0.021145092282074087,-0.9405707078516666,-0.21552647838803016,0
0.10428413880993911,-0.9970061631465976,-0.3866592580277951,-27.4407089414785,8.80443591218968,-2.4561644970741447,0.014006473169981378,-0.9413094870296084,-0.22285634560626805,0
0.1001620775455433,-0.9974101805436324,-0.38493287329058457,-26.212735547996374,10.026135097281973,-2.7000504587348972,0.0077549862529542575,-0.9413654454594147,-0.22425948625303935,0
0.10023126514404908,-0.997850051339619,-0.37378879626809786,-25.556072329521726,10.856044690138436,-2.5263311936545514,0.00657283164306547,-0.9425478374175145,-0.2167619576684007,0
0.09845598896139811,-1.0010822096930112,-0.3568163303728287,-25.184797970703546,10.855491582802578,-2.1040844434185533,0.009165165400530337,-0.9472949306498054,-0.2041893131978956,0
0.08841441396362486,-1.0095313277207754,-0.3426150920267972,-24.786045760601205,9.954423709922812,-1.5983764678988677,0.010142315855490844,-0.9568657688024734,-0.1925147542407824,0
0.07098246331614455,-1.0229507135292695,-0.3364300381634823,-24.27623659849489,8.430888418167282,-1.0901574343853244,0.004896094815211095,-0.969969646606718,-0.18432826475108904,0
0.055081339202603795,-1.0378998094326097,-0.33526235658660686,-23.715034188502916,6.681322119181753,-0.5529771309666938,-0.005851334096589912,-0.9838985305592717,-0.17800490089953253,0
0.049997898770259605,-1.0501214547724855,-0.3324300636151243,-23.1021137978435,5.01851283058421,0.07171029237216844,-0.015833357929922822,-0.996741000874466,-0.17118134920761485,0
0.05730105224086818,-1.0575914929444514,-0.3251470340214451,-22.343460951088375,3.6174531482815966,0.7400727878192945,-0.01829238870134269,-1.0075553219767253,-0.16391383898851933,0
0.07078187958314532,-1.0608779664460113,-0.31617223279427176,-21.399321874875245,2.567181485993491,1.2572506771996554,-0.012035008968040923,-1.0146955011897965,-0.15800563929561126,0
0.0830098651559897,-1.0611299455971304,-0.30955355548698643,-20.386711893034388,1.927643323333727,1.4017023003262936,-0.0022252547624741765,-1.0157655609346918,-0.15406598833858304,0
0.09079868791105677,-1.0587303988225556,-0.3065299952893261,-19.4864546426498,1.7339290588277303,1.1128673604812422,0.005090487790352546,-1.0102533305525523,-0.1507923458526637,0
0.09506830816336534,-1.0533563013819898,-0.3056043968952909,-18.77025049946366,1.96299685496404,0.5506469034726755,0.008384381689497008,-1.0009979385739596,-0.1474912215571796,0
0.09734234211825411,-1.0440035410190844,-0.30626080836286795,-18.15794179176011,2.520411580783001,-0.013370877233999372,0.01023815604260843,-0.9914775816952461,-0.1460404117111554,0
0.09868162304548513,-1.0295191144349076,-0.31180519768570064,-17.535715848763544,3.2832769946422022,-0.33922027419812834,0.0134885480418197,-0.9824260052539112,-0.14935492519423557,0
0.10213735502450036,-1.0114904415370707,-0.32631152948265746,-16.87502534964575,4.159283896248523,-0.30075471526991127,0.0196214004890941,-0.973085448645162,-0.15830253031936928,0
0.11202373968685109,-0.9968363038346006,-0.34781726019607107,-16.230882318431203,5.0819933898263985,0.0555694074490924,0.029317680514856538,-0.9652049068597113,-0.17108701741127247,0
0.12751577767797131,-0.9941698161494804,-0.36752259847375257,-15.674863258831351,5.9394783672833755,0.477265789652757,0.04143511891720608,-0.9630276153187256,-0.18559952433542243,0
0.1402645628765355,-1.0056580349799558,-0.3785469329416422,-15.261681694739316,6.539720761002215,0.6165707890085478,0.051647724096508744,-0.9687003800035534,-0.20102186695987165,0
0.1425513170504426,-1.0247187897284098,-0.3831672541142125,-15.008379377374968,6.692968177869652,0.27897161152475997,0.055066336432383234,-0.979753919727129,-0.21652186067550777,0
0.1361166723714757,-1.042922104771714,-0.3878828835989158,-14.835909225803286,6.356949620323985,-0.4410580360230817,0.05129559575622142,-0.9918141856533951,-0.22975931607674419,0
0.1300162923833274,-1.0564510031890533,-0.3930330807631932,-14.54541976766986,5.711406817038892,-1.2990200860807346,0.045515054304142204,-1.0019876821164713,-0.23786289192833043,0
0.13097668214118693,-1.0644852744319537,-0.39179514188594344,-13.911766551654068,5.080362391233068,-2.1168242633355026,0.04383307284177913,-1.008622247753987,-0.23915666765376176,0
0.13739900122888227,-1.0645185401368336,-0.3805775140517589,-12.813920324801138,4.741500928986835,-2.8122779622321596,0.04792599035592596,-1.0094996028373064,-0.23350265709793272,0
0.14164368770991925,-1.0530840043775325,-0.36722149181690694,-11.279632129814333,4.758420948199407,-3.303039013659431,0.05386452819859204,-1.0025657287787262,-0.22242889603728216,0
0.1374057589502477,-1.0315858927371762,-0.36438311356453196,-9.467439517605197,4.9658031264381,-3.513642631099501,0.05539774817403351,-0.9887826921614119,-0.20958980989093462,0
0.12532204528582427,-1.009035817788567,-0.3737798984432942,-7.649567147368593,5.11245089472447,-3.467017433725896,0.04862919727940254,-0.9730298855686053,-0.1992641047949318,0
0.11095795034459863,-0.9960920539038214,-0.3821012139304576,-6.149996381439779,5.031365326440818,-3.248547996405784,0.03453367743004903,-0.9612248372305845,-0.19316737780658605,0
0.09798028730428159,-0.9955721965932015,-0.3765868027140708,-5.211095089863134,4.705427612562012,-2.849587862566381,0.01776748778687936,-0.9562470438372671,-0.18991006041544606,0
0.08628841101986508,-1.0007744796145182,-0.36033615365424526,-4.902143238449212,4.222961954443078,-2.147877275804221,0.0033866034168076983,-0.9564071999281167,-0.18819791930086924,0
0.07662766266710086,-1.0039309042658005,-0.3474167429328595,-5.164270869375914,3.7103937488648664,-1.1110468725691798,-0.005699832967326757,-0.9577500633722609,-0.18913402632779278,0
0.07207456218536826,-1.0037039292882861,-0.34691896810121614,-5.923232240383547,3.2943266087372485,0.03865292524121107,-0.009474632209108696,-0.9579805372302693,-0.194623720914192,0
0.07340274153559749,-1.0032545662421244,-0.3570221506309071,-7.142792507248505,3.0657337219854077,0.9533586697593425,-0.010125912400505832,-0.958103270145388,-0.20467754166982496,0
0.07762712335954357,-1.0044548119642125,-0.3715628770339648,-8.77677800529964,3.0279228874280237,1.4667617493841578,-0.009795455935419497,-0.9602451783956134,-0.2171818772654545,0
0.08338742106498845,-1.0070130446730523,-0.3862794237726326,-10.680674245076206,3.089181153454951,1.7155337601080456,-0.007690346635547939,-0.9646567472076956,-0.22989293778486722,0
0.09344882187026113,-1.0115403570305812,-0.39827426320831777,-12.594262016177156,3.1453589210013266,1.9162200184402025,-0.00030617464915073706,-0.9696285007278357,-0.24205170437877646,0
0.10841100443030137,-1.0198532981222022,-0.4047379610980697,-14.253072070340547,3.157203048555335,2.0709850290097807,0.013570965527144145,-0.9737925258579819,-0.2539061189944417,0
0.12136263033188414,-1.031208334939145,-0.4064800881414112,-15.531017569002158,3.0981495471634415,1.9851722070840385,0.028899082516491426,-0.9774016627489099,-0.26497452306665903,0
0.12422928660995645,-1.0405891917440226,-0.4100789918091919,-16.445623681010616,2.851574153495997,1.5736198310330962,0.03841272548983547,-0.9813140299454254,-0.2735983744143013,0
0.11890429740012844,-1.0432275187890008,-0.42130931879377154,-17.01916022258825,2.2668738912033612,1.0293271698049868,0.04085758848330638,-0.9853456641966533,-0.27871270888352556,0
0.11666435383685275,-1.039969385714913,-0.4375568365791745,-17.18966461172857,1.3643795373202514,0.6153023957355317,0.04201989321224672,-0.9878963857607812,-0.28148687601470673,0
0.12466088135948514,-1.0360042367764957,-0.45090815399372064,-16.90694206550072,0.4080948958814677,0.37297452073340276,0.04654576673751108,-0.9874248498109457,-0.2844260073845698,0
0.13676517734178117,-1.035050814011763,-0.45710281080227305,-16.291821407080292,-0.3000824183309476,0.14728014539258044,0.051643524984305064,-0.9844541732682285,-0.28888594580259014,0
0.14037614499697934,-1.0365366803022724,-0.45807322463258143,-15.630600008822128,-0.669688184079198,-0.12085363565755479,0.050586482244502205,-0.9814725570999164,-0.2938735658902339,0
0.13009084008256333,-1.0373369649809872,-0.45777864143450764,-15.167896824203,-0.8188934420015636,-0.23110324668788734,0.04067790228098728,-0.9801126083007771,-0.2972862576180841,0
0.11209470081600292,-1.0345258140073674,-0.4582365163236166,-14.911390205839407,-0.8706361388100421,0.10197362378020268,0.026125889591511388,-0.9791473664147788,-0.2981909061009837,0
0.09626743147184534,-1.027741125371901,-0.4581704523028859,-14.666084968041835,-0.8361505916519962,0.945208592274779,0.013849324008397614,-0.976759450914712,-0.2980383955462571,0
0.08722289848122136,-1.0212140333647992,-0.4548982915261584,-14.271134325437382,-0.6946961935118441,2.0482432239358705,0.00786831709049652,-0.9746890235423677,-0.29956383333493175,0
0.0838915881658079,-1.0227369014530798,-0.449066267035394,-13.79262797833858,-0.5072396013888535,3.0293773302310645,0.007545076182360252,-0.9782180844242694,-0.30389714309071275,0
0.08460251934026046,-1.0375140998167256,-0.4457108790439914,-13.460702928428852,-0.41216238427190754,3.6431150436339417,0.009638549639429547,-0.9907917248066771,-0.3086775889672727,0
0.089176678580002,-1.0620206256150966,-0.4478598032886972,-13.40196085983356,-0.5269703523846034,3.909068092993139,0.01128992271159125,-1.009593610770062,-0.3098607009782385,0
0.09696284448011276,-1.085730647546912,-0.4518891861062626,-13.449554445772407,-0.8549919531685016,4.042145514951424,0.012032477205156728,-1.0278434563349041,-0.3057353222394845,0
0.1059724959528605,-1.0997344575788182,-0.45240783128946,-13.239452223362907,-1.2676574653202222,4.260084838569947,0.014044058570762206,-1.0408884187708711,-0.29852211267103285,0
0.11444636853230836,-1.1027327076429259,-0.4485679707133537,-12.477932286534129,-1.5833297596017646,4.611926689273525,0.02013102437664243,-1.0483555624583119,-0.291970860362314,0
0.12171623308256321,-1.0990171946226441,-0.4429742787990706,-11.099816012615793,-1.6914999063542833,4.9647104884350775,0.03039966085611664,-1.0507681805422795,-0.28833473796736137,0
0.1273399399672425,-1.0927437897699743,-0.4383579589256768,-9.232148660005846,-1.6248002830446584,5.157867112696227,0.04087949013496828,-1.046937444952516,-0.2878649779663486,0
0.1304030567405818,-1.0850102059256046,-0.4382933867206069,-7.11135689261879,-1.52386599399469,5.165852707183746,0.046556921639700745,-1.0363112697695465,-0.28999560572438676,0
0.13012342013415823,-1.075228945400491,-0.44723659729790793,-5.052684140341303,-1.5249805907010316,5.098533657436196,0.046217261593760765,-1.0221587701643233,-0.293946637630162,0
0.12702554141279981,-1.0640663570001394,-0.4652325983529824,-3.401743766902049,-1.6627098612793823,5.049899507666338,0.04342986852814932,-1.0101177582655965,-0.29862698061069454,0
0.12335397403577798,-1.0545540529179915,-0.48407543326090935,-2.4066592153339803,-1.8779669094120832,4.971809219844018,0.04239811930666834,-1.0036225750761623,-0.3031788201436574,0
0.12195208374007707,-1.0498474141814074,-0.4934288342853204,-2.0913449878371604,-2.1066028158233405,4.7147529632609935,0.04376820600567657,-1.0017317741324043,-0.3079051328668476,0
0.12394201458243516,-1.0500255241669136,-0.4915113532088397,-2.2473872627022926,-2.3003055888404624,4.191161152634733,0.044887721596066264,-1.0010750141501674,-0.3137922873051727,0
0.12724298032125964,-1.052319064429032,-0.48641590663355466,-2.5509657038328095,-2.3266666734083086,3.4894819676101547,0.04328270693609572,-0.9991745000960295,-0.32062136635910576,0
0.1285265710128965,-1.0544706984681842,-0.48641824646310666,-2.7154754803029593,-1.9234416072747686,2.8281107930226743,0.039483031489644306,-0.9962275914901318,-0.3261030269661953,0
0.1272955838910666,-1.0556540943431916,-0.49190465416291373,-2.5967134206611133,-0.8637970007225662,2.400755013364978,0.03682094165927901,-0.9941258444377693,-0.3274099874135646,0
0.12637685187578626,-1.0539672719237654,-0.4963306652167593,-2.2108644313781536,0.8026221707854959,2.252848356177573,0.03811253561393918,-0.9935637141748104,-0.3234954557546608,0
0.12714957328083706,-1.0472218557271007,-0.49210053580095797,-1.6679636677592882,2.7021134885581697,2.2788470197619,0.041988499897986135,-0.9925145886401814,-0.31597052087423233,0
0.126146952411062,-1.0382894195174337,-0.47637475446085226,-1.0784219242807689,4.3340984095169635,2.3248685580207367,0.04319077671422222,-0.988482033408791,-0.30807257933927623,0
0.11855579620826642,-1.034763535954561,-0.4538284397242241,-0.5002538158668157,5.320571737392316,2.31632241122963,0.0373976238259638,-0.9818621542201489,-0.3024681036605889,0
0.10450152010854494,-1.039070714308545,-0.4334854418909625,0.07384299063292717,5.541009001308543,2.3211049859264157,0.02548528197682872,-0.975774333691914,-0.29900443529747195,0
0.09010941885857209,-1.0433638029968886,-0.42144295751609506,0.7227514927082633,5.143141438772624,2.4941852284175385,0.01255977049893601,-0.9727733784024976,-0.2943670879955706,0
0.08170603101443753,-1.039517512633025,-0.4167197739940547,1.572325092867551,4.46180085268049,2.9358069740974915,0.003164990480574505,-0.973007472389996,-0.28512873271994765,0
0.0795563746454294,-1.030065738154019,-0.41454388908819395,2.7104079788764452,3.851924901732177,3.5853576086893364,-0.002099961651162709,-0.9752246801556752,-0.27193668516238556,0
0.07851317164098608,-1.0234896117207903,-0.4125590912573214,4.101892925233528,3.507337814637164,4.2571832872844535,-0.005576166912726967,-0.9779021152899073,-0.2599749982218087,0
0.07500911695416353,-1.0219388238338882,-0.41229014782187984,5.58042157214074,3.4036669522591603,4.784262469321308,-0.009108368864288698,-0.9791702122255647,-0.254639678169832,0
0.07152112271892427,-1.0191430898971912,-0.4155131959436636,6.898302147414968,3.402503557088719,5.124019865398226,-0.012179821168474549,-0.9769094135781812,-0.25707151715765164,0
0.07335214434400966,-1.0096706137375462,-0.42148707550276376,7.781297887548697,3.4003533515518494,5.338214883229765,-0.012699327863357604,-0.9698555800439241,-0.26372631209882363,0
0.08348442945254406,-0.997096141725216,-0.42716628253470806,8.000794327332033,3.4116612554096255,5.497195802173646,-0.008161879164072391,-0.9590254679186536,-0.2694628620087305,0
0.10142592931717653,-0.9916428633831567,-0.4282818128857752,7.489125915014829,3.5693203110391023,5.601712168532723,0.003566675782056405,-0.9482211447483612,-0.2714157073425485,0
0.12349553666708449,-0.9990566152378326,-0.42219463699989446,6.428820571169439,4.0398536945064105,5.570791056485021,0.022131493751556652,-0.942470260597684,-0.27101496008107934,0
0.14290835319554954,-1.0128949420622477,-0.41273498856597046,5.1914453983307105,4.86585870507287,5.307419707452058,0.04274353632892795,-0.9448153659448509,-0.2720844644297572,0
0.15398099541260307,-1.0209109667427347,-0.4093952854669525,4.119893882019221,5.866092342996052,4.803965278843759,0.05896210844752421,-0.9541195226902985,-0.27617078636307896,0
0.15853300864322598,-1.0191140689859317,-0.41698715453284035,3.3378658604277662,6.739864465168551,4.181515586055495,0.06894637755796554,-0.9661529917531164,-0.2801278771956305,0
0.16429924748250563,-1.0155478156465776,-0.4284707526865208,2.7800895023944654,7.294539782109268,3.5930117444208323,0.07703768581850391,-0.9768390359809075,-0.2791209497376881,0
0.17481303953912708,-1.0192498770891525,-0.4328102733283712,2.398850603890264,7.547600480208587,3.0752526580596213,0.08739450919814461,-0.9843351523755937,-0.27190647748616514,0
0.18417857367635684,-1.0294522770410242,-0.4278066177725904,2.2894374693561663,7.6225740651409994,2.514503586618394,0.09739179852168992,-0.9884454125407593,-0.26264762431251015,0
0.18368805607787264,-1.0375140429293024,-0.42113191939251815,2.5828063046112106,7.603941772602772,1.7715731440716673,0.09935382021938055,-0.9891736308033706,-0.25733596595686886,0
0.1707931588921843,-1.037066772286484,-0.42026456151165736,3.257657535222513,7.496372905610456,0.8365770888059806,0.08852706710071828,-0.9865746490080675,-0.25839656589571947,0
0.15042497621778422,-1.0303338981286727,-0.42455510339691266,4.113805217560913,7.266910922802481,-0.14266197009123213,0.06799292815742876,-0.981536847755553,-0.2629034852651024,0
0.1303543597026229,-1.02475513150214,-0.4272535011577467,4.916578732431527,6.909189777065902,-0.9771032122974028,0.04597559653582258,-0.9759522075187907,-0.2661190780396687,0
0.11604143716013231,-1.0243719004227168,-0.42380520251903875,5.521479122246215,6.509166026403125,-1.5756926513307734,0.029365401895550296,-0.971952184701237,-0.26617942540066747,0
0.10703782114584211,-1.0257737380917828,-0.4164659535606835,5.878007511749747,6.252140942173658,-1.9814438802483127,0.019342184081525243,-0.9707562324397028,-0.26460694029149945,0
0.09747669374847946,-1.0234063774891207,-0.4103007508163677,5.996995963095619,6.2954733267653245,-2.2967196491632373,0.011788286610209564,-0.971831778532567,-0.2629465310945584,0
0.08240474761071909,-1.017769610249866,-0.4072457155487831,5.965913892618461,6.5859092558100025,-2.591801565228918,0.0016076491144947679,-0.9734259181453124,-0.26069265862266944,0
0.06422181915384717,-1.015706342907483,-0.40642963006877786,5.960057889200124,6.837948278144091,-2.8728976203663317,-0.012531046884354588,-0.9744915174398587,-0.2569543318351203,0
0.05119048918305083,-1.0219808800631405,-0.4079198961776136,6.165446377160448,6.748422216696311,-3.1003470553997907,-0.027038436775477712,-0.9759011112463386,-0.252694153027898,0
0.04946078952995746,-1.0334726381996897,-0.4124615397466448,6.657745703189715,6.240212798189701,-3.217787060963883,-0.036537409326508945,-0.9793677460551613,-0.2502511333940867,0
0.0579023736049858,-1.04354841605977,-0.418040168661504,7.36950109813542,5.483590520065884,-3.188792191647559,-0.037575710090993794,-0.9854925604025832,-0.25103708759753396,0
0.07052298584972488,-1.0493534027770806,-0.4198507276329091,8.17725445595219,4.707251738666023,-3.044161075140154,-0.029677286255042602,-0.9930907202683427,-0.2541525762689607,0
0.08206766759487831,-1.051641760154293,-0.41531529193437966,8.99736873193808,4.03615148102719,-2.892301372948116,-0.014948181119302626,-0.9997309443527227,-0.2569423269400102,0
0.09053861550890736,-1.049667093881824,-0.4081559425276258,9.800171106176114,3.4905473883680673,-2.835289568359346,0.00198706078052871,-1.002543008706253,-0.2566905929239076,0
0.09598356267830269,-1.0410948141123535,-0.4050785190720879,10.567267381644017,3.033369306834948,-2.842712450423969,0.015445204621489319,-0.9994698143735986,-0.25254355554569713,0
0.09910911350171314,-1.027427959347396,-0.40762628129859024,11.248903651856237,2.5484527393920517,-2.741845842613724,0.02240895930570512,-0.9908739049809278,-0.24667849228978542,0
0.10144599470847795,-1.0157104715001637,-0.4097307221338382,11.75256872259504,1.8435878023089547,-2.381054301382119,0.024686319975989777,-0.9800940083356435,-0.24294604841081094,0
0.10519766029733775,-1.0127127174239996,-0.4050473389749063,11.99403228235978,0.8013447194766395,-1.7950796538519618,0.026390549037178766,-0.9719336563559777,-0.2429472216022059,0
0.11109183918753471,-1.018585118794074,-0.39468624742688013,11.998029570284583,-0.43972002172319236,-1.1759705823474684,0.029531122609327963,-0.9696851033493531,-0.24387754796229416,0
0.11624655765930152,-1.027142929480313,-0.38595403161254693,11.935122953110872,-1.5185650449613697,-0.690306382397197,0.03250898123124723,-0.9727602623526322,-0.241827585279393,0
0.1160671263610571,-1.0316352424534683,-0.38492262779948117,12.004355736304936,-2.1244256220352464,-0.3526303738830904,0.03244667875242718,-0.9772929011971434,-0.23670639742946514,0
0.10984402467695598,-1.0300034970107437,-0.3909634783228296,12.262364769090038,-2.2360488931369358,-0.06470819725115948,0.02850222502062506,-0.97957531196849,-0.23202110042903032,0
0.1029332712078757,-1.0256103147730964,-0.3969906354585767,12.594033602341616,-2.0756787042369194,0.2519335162942992,0.02294968420305256,-0.9788931429318727,-0.23021284054807148,0
0.1008664065956525,-1.0235936628226532,-0.395138663782084,12.848776628800067,-1.855566413845756,0.5560782667581433,0.018950000089965325,-0.9770918796262206,-0.23033930106028305,0
0.10213309919290839,-1.0260370791043647,-0.3844095430513309,12.964366731646422,-1.6185911022324313,0.7025363737366493,0.017093701903844613,-0.9762683576992174,-0.23017389557135928,0
0.09932070782560957,-1.0302394589046409,-0.3728282759043125,12.953059528890925,-1.3171508501325042,0.5812926526044899,0.014401366475957142,-0.977347992874171,-0.22832642469287356,0
0.08747320544572121,-1.032179472735784,-0.36971650446555077,12.829540047755868,-0.9732099142191691,0.2687422059995166,0.007231735277062072,-0.9799992218622051,-0.22429821114926196,0
0.06998639878577359,-1.0315793571233571,-0.3757084171330396,12.604517549870302,-0.7094367517129758,0.01604523817527327,-0.004504330576084538,-0.9830817167994349,-0.21903304575415453,0
0.05591640086043806,-1.0319483655202126,-0.3830762593729164,12.31705291708425,-0.6387974564656023,0.038905628347563524,-0.016197705924371683,-0.9855304271294784,-0.21602574075650044,0
0.05185426990980214,-1.035474503402513,-0.3858585178722031,12.0025528072516,-0.7514184546915162,0.31253451270370286,-0.02233579807313028,-0.9873290022946711,-0.21927397231126627,0
0.05660880385649725,-1.0406786827495764,-0.3857726834897491,11.625350961277482,-0.9058275878403267,0.6071270304649566,-0.02173593432846095,-0.9896749436172522,-0.2283535503999917,0
0.06286612840563725,-1.0459776417280793,-0.3870033391176026,11.122443719383721,-0.9269913781056164,0.7359677012339896,-0.01843907469395382,-0.9941649698880975,-0.2369911807173909,0
0.06303406214056174,-1.0519583317442187,-0.389302642029082,10.56678235418565,-0.7477400106202767,0.7452875799453486,-0.017453257807385977,-1.0013403786070594,-0.23867201702519708,0
0.05540967478120685,-1.058264716605394,-0.3892963842759823,10.226746603646744,-0.5014302129060703,0.8528435864350612,-0.020586795749797784,-1.009310600947685,-0.23344222303033277,0
0.04684065690444765,-1.0615805748111136,-0.3861113278884064,10.366000438563711,-0.47230232892551305,1.2201757432186362,-0.026521974970268227,-1.0142329945734918,-0.2275695636387608,0
0.04656145076851025,-1.0591703599891407,-0.3822183478779492,10.979860366335135,-0.8953942735565046,1.7984959504067513,-0.033408680123369935,-1.0132526987112338,-0.22651321959082638,0
0.05452095895915117,-1.0524486803425386,-0.3799240869954974,11.793428062016824,-1.7611626074590228,2.3963647882021637,-0.03999769558096388,-1.007049197091974,-0.22975621446336827,0
0.060038050826666495,-1.045376205594399,-0.3801456678303432,12.526098101477926,-2.8198763378154585,2.888700355081298,-0.04464904724978158,-0.9991075743470074,-0.2328887959882568,0
0.0561710342735096,-1.0405614646860841,-0.3835983305714843,13.103330210810578,-3.772399823437029,3.3309330886786905,-0.04469794326033751,-0.9928064859639132,-0.23333347721124056,0
0.05027925515401071,-1.0378032323819493,-0.3898625824824101,13.599005657829009,-4.425749321046852,3.839137388045014,-0.037866299504299365,-0.9893205670281771,-0.23278738775319952,0
0.054541341059467785,-1.0355716715620193,-0.3957254897334062,14.028527812449067,-4.678955761804768,4.382724454028705,-0.02473562261028966,-0.9876359924616783,-0.23426978052957026,0
0.07030184909945594,-1.0334716076295027,-0.3975346230669606,14.255171050148828,-4.4532065889723444,4.7664253647166435,-0.00944112204293311,-0.9862843762387831,-0.2378817520597178,0
0.0880854708078222,-1.0336237070928351,-0.3953954830187687,14.118333176458835,-3.729117856500857,4.842633963703751,0.0032378965150593767,-0.9855374572989222,-0.2402916321669913,0
0.10050352213705553,-1.0393378659354788,-0.3926862213660704,13.647019675691487,-2.64489569035212,4.681718640255211,0.011887121144376596,-0.9879236635411762,-0.23833370724955238,0
0.10926964157862727,-1.0521039133531604,-0.39118199841147,13.121790945978983,-1.4617796218248116,4.472693232495634,0.018976504819062313,-0.9960041578309847,-0.23249161588320127,0
0.11963169575213065,-1.0703092348706535,-0.3889705731920722,12.89583370687102,-0.3659027214474213,4.277195412330715,0.027588833730221,-1.009583135167431,-0.22641926386517924,0
0.1320506857309371,-1.0901598583546481,-0.384312674879934,13.148753372465904,0.6656304865968429,3.944113022619907,0.03819793759276801,-1.025230023576722,-0.2233069750239089,0
0.1410005842186168,-1.106191787617709,-0.3799365552030662,13.824927360142883,1.7480159277038692,3.287586709517036,0.04769811653596023,-1.0380473459899349,-0.2234534900764446,0
0.14029043731903035,-1.1124565653574037,-0.3810781686064596,14.782332145206597,2.8471038140636398,2.318947282477335,0.0506193552547056,-1.0441608359510233,-0.22549734271485983,0
0.12824121070906103,-1.107341736126623,-0.38862195457900056,15.936802171104405,3.706347528546956,1.2735772988544862,0.04270072929199795,-1.0431905974078595,-0.2286168801250666,0
0.10836122204506955,-1.0972652221844401,-0.39619921289489285,17.252500021065643,4.053624150023258,0.4173858774550152,0.02496266918833638,-1.0389474867461663,-0.2320566131771634,0
0.08623522120329914,-1.0913209883978174,-0.3963299479761372,18.66154376782268,3.8855287981692412,-0.14350724598582562,0.003591960828186816,-1.0362508585852237,-0.23349991597035644,0
0.066457178785389,-1.091203969638755,-0.38867673674311687,20.04151883683366,3.519231397676366,-0.46319403691651445,-0.015003083732271445,-1.03641017071568,-0.23052656057278137,0
0.052190493473758724,-1.0900268847556882,-0.37974689566314,21.244144577870628,3.330967490891202,-0.6203386052026914,-0.027952259522787917,-1.0370480850366401,-0.2241478978256167,0
0.0454986286121547,-1.0827306094599987,-0.37469158619680015,22.109491884891142,3.4406854395714483,-0.6317483265111054,-0.03471549732074997,-1.0364304740505093,-0.2187159296954119,0
0.04619934715190359,-1.0746706317887875,-0.3723771636463162,22.471415412279192,3.6570901646565352,-0.48711085762204076,-0.03464009745055595,-1.036064247420147,-0.2170948458864171,0
0.051653250774133165,-1.0763330064894723,-0.3690706375323698,22.21377081737003,3.695621487583794,-0.2163662300367996,-0.027454412181345266,-1.0382071465418858,-0.21721265986678162,0
0.05978019944616437,-1.0895509225007947,-0.36374258072837296,21.382952458857385,3.4096132405986914,0.10115577147371846,-0.015103415458815729,-1.0422474293768778,-0.21473504274659946,0
0.07165539238325155,-1.102959558142454,-0.3582277610005575,20.253114313760516,2.8429533955397472,0.37679771030257303,-0.00113671198034901,-1.0450213989676347,-0.2085735222328309,0
0.08940429350883398,-1.1043049470234447,-0.354638405898183,19.229276500149016,2.158867948531346,0.5441889627093343,0.01224100173085571,-1.0445633590282877,-0.20235238146154538,0
0.11169609652070425,-1.0945549836750819,-0.35409460937757054,18.631911954521655,1.5760330591133183,0.5607925114965698,0.02550526309406578,-1.0423829796480117,-0.20020120099276584,0
0.1326885086494843,-1.0854290413720835,-0.3562749453504294,18.55089252502028,1.3137614880318456,0.4070481277746162,0.03961871973206328,-1.0415042922424056,-0.20233884951452674,0
0.14629648823221034,-1.084757661954785,-0.35929635151862177,18.875247675240598,1.489583674854287,0.10099276073488522,0.05344103819884555,-1.0429857495965844,-0.20577934753150023,0
0.15150657371294912,-1.089291180957236,-0.361374741247087,19.41357757987397,2.03502891512506,-0.3031924660840569,0.06411639553250846,-1.045012926777875,-0.20846430839942223,0
0.1524108936540025,-1.0914641567881038,-0.3630756672446189,19.982681482850438,2.7544115005103436,-0.7579488464228589,0.06925977721503308,-1.0448138505825828,-0.21098073147838636,0
0.15199936358556596,-1.0881571958179734,-0.3667679274541853,20.445254863985618,3.4898366194811867,-1.2589487620823356,0.06798171669285133,-1.040858683144589,-0.2142392022334948,0
0.1474080378860451,-1.0812136173019096,-0.3734581483901884,20.723476107896936,4.206872050051129,-1.811391145524996,0.060567309591986196,-1.0339282922098196,-0.2172126620520925,0
0.13408839318984353,-1.0733767531415466,-0.38086928620253535,20.79160270979753,4.917707301003167,-2.357002802169007,0.04827705340227219,-1.0269136335123308,-0.21790094394226733,0
0.11430562640421173,-1.0671781997552334,-0.3847546361898943,20.66091887962716,5.56215653715435,-2.7643955583651656,0.033530235104896645,-1.0230388356091957,-0.21567472876049776,0
0.0978218994922134,-1.0657668640811897,-0.38163104325179503,20.38227716466313,6.003877087964577,-2.9152711106750337,0.01991921467405128,-1.0233599805895812,-0.21169282049791993,0
0.092482541347902,-1.0708357761263394,-0.37066305780972203,20.050985199579305,6.166104624234586,-2.8046292059269344,0.011268993051902498,-1.026158044605452,-0.20717230282709936,0
0.09651238421406011,-1.0797069848924585,-0.354436177649927,19.779961746480282,6.17419575001119,-2.5576838269921716,0.009009743995670177,-1.0291383129865894,-0.2019641587190767,0
0.10173009162567388,-1.0869846128549052,-0.33850887869666424,19.650188721919353,6.31262778211296,-2.3357932444701124,0.010034255421636423,-1.0317173270581343,-0.19523080838790968,0
0.10239451923438841,-1.0894101842997808,-0.32835175656273663,19.67658044121773,6.7620735337898,-2.194452033343208,0.009416552603800732,-1.0347607652688748,-0.18728127656061688,0
0.09944770903823537,-1.0881072868783568,-0.3249588771856778,19.811907661698537,7.378352363435911,-2.030917083925852,0.006524276518736496,-1.03869594987292,-0.1799313059717086,0
0.0977997168814299,-1.0866028541047168,-0.32453539443660384,19.99083250287946,7.806497585558982,-1.707243907472776,0.006058155434177389,-1.0426061053921738,-0.17462604435919965,0
0.10124485813660708,-1.0869428895027062,-0.32362598346485144,20.18691596255253,7.829770568003198,-1.2279560227098718,0.011399491451434738,-1.0449261698208039,-0.17092402849201668,0
0.10940833401860957,-1.0866436254698324,-0.32295592784044647,20.422976604161597,7.545666551286418,-0.7545357180065724,0.019363654221515342,-1.044235025378156,-0.16756668184904644,0
0.11790812778282996,-1.0803397923548663,-0.32489507058485617,20.710449699720257,7.198309877011279,-0.4415483053810782,0.023654078322286363,-1.0394692110601862,-0.16443014217454083,0
0.12097646026363017,-1.0667835041846843,-0.3285936038705043,20.988113411063473,6.9238928880444695,-0.3029436933335149,0.021745943710118194,-1.0306580409031465,-0.16234886706226015,0
0.11550457132502899,-1.0528154158850342,-0.3297319716982056,21.149595745758617,6.692030015467418,-0.24204823140556211,0.016400760394291936,-1.0201925028725416,-0.16119597461964105,0
0.10406772538395172,-1.0471826197626735,-0.3253515697940763,21.13999661159263,6.4219770050775296,-0.1615376818607068,0.011679260671905865,-1.0122505384728193,-0.159340204082427,0
0.09295582071464024,-1.0514173151651436,-0.31715062443757447,21.00573776600415,6.087030826554437,-0.024067833759828464,0.009202831313823333,-1.009400921222357,-0.155484591744313,0
0.08549731061362348,-1.0590571193588811,-0.3085750231084121,20.839247981177884,5.712371564090646,0.15853337727970315,0.007292785044784717,-1.0097998697124342,-0.15028350454101075,0
0.07833756376377182,-1.0622661248702807,-0.300414921694871,20.696130363877714,5.302239977115496,0.36613422650371896,0.002365594657622581,-1.0089991275861918,-0.14551927628169178,0
0.06670084402379106,-1.057971542261098,-0.291957354802068,20.58066059644515,4.7823733862299855,0.6090601502045384,-0.007526356815999263,-1.0050992275717987,-0.14216067219908177,0
0.05286322629520854,-1.0498234183243143,-0.2852551677216411,20.48001436045436,4.033270368002138,0.9337505618443662,-0.01928878031189517,-1.001284243456004,-0.13980684861035564,0
0.04588394947104208,-1.0451160594834652,-0.28449271897665485,20.373911907805393,3.0108065481052755,1.3730208250126525,-0.026639956875316274,-1.0022973908447699,-0.1376169080778811,0
0.05132939410443312,-1.0479202039240867,-0.29020012937901696,20.227782537144904,1.8421587094565934,1.8840572468196934,-0.026448077578855186,-1.0089380583362413,-0.13519403251357032,0
0.06441992084350112,-1.0551016092495333,-0.29649915552963285,20.027352448896707,0.7879599004236252,2.357359294541576,-0.021144732879127277,-1.0174157174502731,-0.13274020507020068,0
0.07634523921975396,-1.0606854073077265,-0.2960851595276309,19.83823359913181,0.09981620482901926,2.6977853327413035,-0.014125753093807893,-1.0239088874584967,-0.13055799183372724,0
0.0849217941279712,-1.06329888192827,-0.28759726383157586,19.808247913780114,-0.09907710126288595,2.878210831013003,-0.005382894712596059,-1.0279552940477903,-0.12828887671236128,0
0.09494594129728542,-1.0665946311294128,-0.2766361819239871,20.081436084045794,0.16710238479862377,2.9083270873454854,0.006996808828202512,-1.030872904139036,-0.12492761143936759,0
0.1090435530168384,-1.0724657642452862,-0.26943458720948793,20.692076649931398,0.7816232399340187,2.7846952933279354,0.022602504645659768,-1.0325167626712304,-0.119950039731959,0
0.12261943124439657,-1.0774483307613711,-0.2671629263710048,21.534094429251446,1.5964040369742805,2.5047339614584647,0.03724078714224801,-1.0312310743851116,-0.11421168744241145,0
0.12898014233920868,-1.0773919470923805,-0.2668764126450898,22.424112928388777,2.4621239130467596,2.1184542172031957,0.04571964233284729,-1.0270051173679848,-0.109457610240376,0
0.12676140760679638,-1.0727201237074329,-0.26587694209724433,23.189264518844723,3.2404742766615207,1.7267390504203495,0.04601964912078645,-1.0231127893105427,-0.10688858871534963,0
0.1209583720747042,-1.0670439655346349,-0.263842004085553,23.723044640504337,3.8263611777971382,1.4102772963273444,0.04051450017758203,-1.0230645756767394,-0.10616222457896278,0
0.11760947292003146,-1.0629800690147815,-0.26247497343486415,24.013971904669038,4.170986414727544,1.172116290762653,0.03304604207116884,-1.026500498599826,-0.10602797958891974,0
0.11756720028355719,-1.0614527942872063,-0.2642553053031954,24.14272178909636,4.275125159244865,0.9572262421995833,0.025511285866679865,-1.029862212432423,-0.1059993155876762,0
0.11522956104090742,-1.0632195681097107,-0.2696854192075961,24.21448125602178,4.161420901268619,0.7193642526611747,0.017596488044717744,-1.0308991759048791,-0.10656910769930747,0
0.10477632561096226,-1.0685515283419418,-0.27500984120515604,24.259095694135326,3.86323818207609,0.46770513714291306,0.008696205971386362,-1.0307876173347963,-0.10742708703736667,0
0.0878784061348276,-1.0757739127392314,-0.2748666181445802,24.207270164248527,3.4304646473131006,0.2594161436397579,-0.0009087882927041397,-1.0318664642250812,-0.10680924549725841,0
0.0728733492772781,-1.0817268701366212,-0.2678613317711672,23.9837428893806,2.922836614545426,0.15034670020164462,-0.010021103909796375,-1.0348458180470474,-0.10359220890095817,0
0.0661032869749742,-1.0841540302796353,-0.25780049686116596,23.61424483902285,2.39116103410299,0.1473633974662739,-0.016558093359544872,-1.0384562283669547,-0.09902709208630567,0
0.06680638201078191,-1.0835263843849128,-0.24966902600428859,23.222160772347056,1.8714395637426422,0.20602074004948798,-0.01810834516227005,-1.040797967031968,-0.09539017772025894,0
0.07054580240440149,-1.0824796945772368,-0.24612431516119607,22.925303243605413,1.391454556335071,0.2729840850965331,-0.013711659892776222,-1.04087107331184,-0.09354552344285848,0
0.074649947133366,-1.0832280848060198,-0.24707449485145147,22.75193962052726,0.9657070336014212,0.32608860967654535,-0.005197341741078534,-1.0395371705688474,-0.0927770172304897,0
0.07946769057078913,-1.0856155990453158,-0.25038074339782507,22.64740508172506,0.5791598250845968,0.37360134909385356,0.00392101631722684,-1.0391193249590087,-0.09272695996731314,0
0.08615093611197308,-1.0882497964742102,-0.2531460871492525,22.532194080239268,0.19441171419629777,0.4257786904953966,0.010916155524406012,-1.0414146581765473,-0.09432537013441042,0
0.09443499440920272,-1.091106412347799,-0.25426985342461367,22.347288211041526,-0.202220635438917,0.4806025810506923,0.01500219134180756,-1.0457991691028046,-0.09826866852764082,0
0.10226859367642643,-1.0953219014735862,-0.25606698724048976,22.0716214897856,-0.5570097227478708,0.5387240655025778,0.016699597597723936,-1.0496404026326127,-0.10335562400483726,0
0.10717135404353363,-1.1000625285514347,-0.261958017485593,21.721909155717103,-0.7637482361540854,0.619051961554103,0.016990233078363105,-1.0508452551896315,-0.10722415392946794,0
0.10833333184770971,-1.1020811923147134,-0.27189397133432314,21.33354057908628,-0.737410305236316,0.7450483513481072,0.016999548952219973,-1.0498504997449747,-0.10856271721894081,0
0.10766514103642345,-1.1003663798881012,-0.28088078202034994,20.92958079027197,-0.4827832310385044,0.9128535851367262,0.017637066981507125,-1.0489651469487147,-0.1079430640826317,0
0.10802030145103622,-1.0992879783516332,-0.2827783370481589,20.512298402707195,-0.09740543858446463,1.0782582629496198,0.019023403740975962,-1.0499898921540318,-0.10643767717684705,0
0.10999058373222265,-1.1041804532854742,-0.27540196801340233,20.095476981804254,0.2895932024829299,1.177522313438043,0.020347042353668604,-1.0528692821771637,-0.1040845237468589,0
0.11145591282364817,-1.1143944143260973,-0.26216340251784925,19.734460763694493,0.5949405146473878,1.163065221034206,0.020547966156368124,-1.0565393757409955,-0.10030025226975318,0
0.1104942409186912,-1.1228847696155815,-0.2502061065256602,19.4947783384242,0.8313309984678411,1.0311110684387461,0.01933421900334389,-1.0601684723413536,-0.09555234377708356,0
0.10713944988910049,-1.1224093840353708,-0.2470828865765058,19.37487072870422,1.1032260134141059,0.8296432879373207,0.01758284792414258,-1.0629155988897319,-0.091819953798275,0
0.1021775103182344,-1.111315842495864,-0.25596951009397384,19.27060778330501,1.535108486374543,0.6365961294594509,0.016601699108602888,-1.0633435862660383,-0.09103156949816446,0
0.09672761977144727,-1.0948589660424353,-0.2713292991787301,19.031136226499594,2.1639599541479844,0.5112310781716904,0.016788663535694158,-1.06059871262871,-0.09320377481554562,0
0.09348056739809389,-1.0822513828875622,-0.2815213017239826,18.55441760017189,2.885403709245978,0.45545728967401516,0.017147243319657616,-1.0562369298356709,-0.09623001773549203,0
0.0950793078492091,-1.0805993615760834,-0.2791526707598644,17.83725515686317,3.5221064013448946,0.42479320213941735,0.01643308006958256,-1.0535400207966,-0.09758746713923698,0
0.09984216359196739,-1.0893491634952857,-0.26783352087193923,16.949444551399953,3.961787796120466,0.37694115733714195,0.01453220466611675,-1.054390943615216,-0.09638710040511402,0
0.10193928234034602,-1.100763304692286,-0.25657414860303046,15.968265988338725,4.2235257842631455,0.3061980067050592,0.012287176471954283,-1.0574790413710533,-0.09360166308251872,0
0.09753958265982382,-1.1066392817913466,-0.24955694631062592,14.936868012528233,4.388643179563237,0.23669944447011043,0.01034246233737793,-1.059995379397328,-0.09024706123909036,0
0.08887936915577306,-1.104482664561031,-0.24415490705333476,13.878627140844234,4.4928480200462495,0.19416523655406354,0.008656486535439413,-1.0605828344359596,-0.08604085715620176,0
0.08125361528323943,-1.0978848567729267,-0.2371838796820809,12.831413547180196,4.505588768743097,0.1877288656129768,0.006796640002271194,-1.0601803453107974,-0.08043936064909968,0
0.07776961636257346,-1.0925486493815406,-0.22917776906211923,11.847021867729975,4.392370554439557,0.2130189122199649,0.004350986122971056,-1.0602770290726722,-0.07434896489902193,0
0.07778860370961226,-1.091930074206403,-0.22209750298602396,10.958883538723299,4.157504476068088,0.26404917103664544,0.0012468162465286915,-1.06097240292005,-0.06969234918153479,0
0.07852648007954746,-1.0951603844170394,-0.21613142667504337,10.16506488344974,3.815725344321212,0.33768785520036576,-0.002386669454043143,-1.0610400788864287,-0.06719528080371884,0
0.07665415192841371,-1.0985652586823873,-0.21079547127082393,9.449511918238617,3.347140279917846,0.4321669838294449,-0.00675290031026237,-1.059589518356487,-0.0654836618202318,0
0.06995863784916519,-1.0995959679125447,-0.20734631965261166,8.819963249880374,2.7087270696340906,0.5483239645665765,-0.012156364483922995,-1.0571582884933026,-0.06290610349182299,0
0.05999233887992318,-1.0989197697401538,-0.20776063307981796,8.320484525314663,1.893056377070642,0.6882379090664269,-0.017963219187657958,-1.0550039383124736,-0.059713910220217596,0
0.05249344623010256,-1.0981070986425865,-0.21161232393184476,7.992355276095596,0.9569740782732774,0.8494778538220165,-0.022511077846327932,-1.0535327037013893,-0.05757338259536624,0
0.05266361961861534,-1.09655024428456,-0.2151545567140615,7.812216564192691,-0.016216561538799024,1.0291604650352466,-0.02421603969246977,-1.0517455411188545,-0.05715068541131765,0
0.05991443981116373,-1.092287789188288,-0.21442949948402437,7.681166849143667,-0.967019872807401,1.2302077851302462,-0.022227462834664993,-1.0482968871391196,-0.05747474148083872,0
0.06894555425719737,-1.0848432412835418,-0.2105815421538981,7.494424817794377,-1.8568065376045328,1.440244035785715,-0.016583911701968792,-1.0426996695454354,-0.058029445799808205,0
0.07601122828795272,-1.0757216624237478,-0.2108259727277859,7.218336661428472,-2.623838193036077,1.6007057534134708,-0.008822431834978378,-1.0352952043117623,-0.05991061251157297,0
0.08251942941730661,-1.0672448268972092,-0.21956503254141718,6.882233394200546,-3.1668000193708443,1.6294941851017866,-0.0016932719901734269,-1.0268306243213,-0.0635180617832129,0
0.09162366882461744,-1.0619465110816733,-0.22820607948218066,6.502091747265867,-3.389571005180393,1.4991264349031872,0.0033197561625028012,-1.0188727663941854,-0.06589516765844493,0
0.10259624383932901,-1.0614436438625376,-0.2208424942712217,6.043800129336637,-3.266452439241374,1.2781432115094373,0.007855796770817795,-1.0138740875535872,-0.06219312173053735,0
0.11093808911557088,-1.06459623870702,-0.1941001461394217,5.478624297009243,-2.8655710721388847,1.0706188832460866,0.014475108733325807,-1.013326082824603,-0.05036395108416829,0
0.11423286300902993,-1.0679157690626233,-0.16517460862571903,4.86097301687409,-2.3150288165698614,0.9145396728978641,0.02259969765061084,-1.0157392059954218,-0.03373670627248127,0
0.11504666998162598,-1.0685202134999199,-0.15405595323522037,4.326602339492929,-1.7417020247364978,0.7533306605912979,0.028151207395817654,-1.017468494366127,-0.01865984748173658,0
0.1162770171203507,-1.0656988733006725,-0.16226514089272215,3.996701569707214,-1.2141943465301341,0.5086246687835738,0.027688859157585403,-1.0158649383158354,-0.01003387679020192,0
0.11612006394764762,-1.059815096192213,-0.1752501341438063,3.8735930264950107,-0.7147889012300835,0.1720547867326691,0.021884455925560906,-1.0112907150388442,-0.009030503576044815,0
0.11085151319121306,-1.051932620262392,-0.18156793127309634,3.8243629424588392,-0.168251924808749,-0.17517173434470204,0.01446094159264649,-1.0062273270370499,-0.013791947185669642,0
0.10138506320516988,-1.0449091051940016,-0.18266523979253205,3.670540098952073,0.4734183097632868,-0.42549180901594985,0.008551482807552187,-1.0028747806871097,-0.020955974173121863,0
0.09318713521211307,-1.041869939715464,-0.18561828000404598,3.3147709728273465,1.1517510718132333,-0.527720498964661,0.004774899520710208,-1.0014299809859954,-0.026819225096395567,0
0.0893083895729018,-1.041799395109861,-0.1925164959661937,2.8093277042639455,1.7059987215104657,-0.51850951000074,0.0023976549143701737,-1.00010554352642,-0.028662181088724686,0
0.08717123098376336,-1.0391566987844614,-0.19828643875245883,2.318839027150742,1.9695528573673264,-0.48230016470596393,0.001213114355067899,-0.996715761969849,-0.025956103327211513,0
0.08369602964706913,-1.0304858331583135,-0.19643031325547242,2.0090118421452012,1.8761573148294621,-0.4814909033654297,0.0015119701247488346,-0.9906486916664428,-0.020167988915411602,0
0.08011880692100795,-1.0197365465855686,-0.18578940717134,1.9428067133927012,1.4816501354997906,-0.518913357006948,0.0026795011011130723,-0.9835801660342294,-0.013287095209271132,0
0.079133791255666,-1.01436509776188,-0.17200217797920284,2.0543245331837374,0.8952786875105753,-0.5580094057336095,0.0030251083466311082,-0.978175949407306,-0.006789500582428284,0
0.07999983319174084,-1.0171308798929264,-0.16250494924149364,2.2116023954861284,0.2066223774476926,-0.5696932968950775,0.0014051039978596142,-0.9758465038570445,-0.0018554316175030264,0
0.07980682438444109,-1.0237806696204075,-0.16063944441879402,2.314173130407803,-0.5193625900130038,-0.5532685892400515,-0.0015927464072268125,-0.975682851505426,0.0002124821215980526,0
0.07802317626176564,-1.0279240862717764,-0.16493145827201183,2.3477180055743485,-1.2063804692066218,-0.5163603768004562,-0.004398205652380152,-0.9756552603696459,-0.0015907700971550844,0
0.07650403623197709,-1.026572773563008,-0.17255893595913635,2.3547112948233972,-1.7657307747127424,-0.45425321633336935,-0.00598178078277471,-0.9746902350823355,-0.0071530146915010666,0
0.07577292127700061,-1.021665533133226,-0.18155842148942353,2.354042561300979,-2.1389255018996356,-0.3668101423488801,-0.006362569189879987,-0.9733075612165294,-0.014961779701533796,0
0.07447733034664994,-1.0175737282267396,-0.19000183845400603,2.3007242036864937,-2.3230096137101843,-0.2891262027789032,-0.005956369758098659,-0.9725055654779879,-0.022585293040117152,0
0.07246391594951633,-1.016957874748116,-0.19509451198582442,2.145613618925436,-2.3508687751579007,-0.28180674806362843,-0.004975273278872581,-0.972598199047243,-0.027703938165590462,0
0.07168978349199771,-1.0183422970100071,-0.19450220381161593,1.9320128491839275,-2.2614070826934043,-0.38023028699301964,-0.0035534373338481817,-0.9730767134584817,-0.0292196262159271,0
0.07383917388739591,-1.0178448240485414,-0.1888369765249513,1.7962064245622558,-2.086415335983894,-0.5645180699315874,-0.001973695053722185,-0.9731285592756019,-0.02755683162306194,0
0.0787846720531327,-1.013592271611197,-0.1821411040966691,1.848009224368253,-1.8457929541568516,-0.7874699852872117,-0.0004602896998875475,-0.972241118781463,-0.023845964056586635,0
0.08494588320282621,-1.0078907489182671,-0.1785165516823945,2.070871946443771,-1.5463899014193654,-1.019519741569972,0.0009562096721869202,-0.9704259745463599,-0.018996161425308567,0
0.08975424385863662,-1.00449225395623,-0.1781272017539048,2.362463998294035,-1.1905738226429372,-1.254675439513814,0.0021745415290304144,-0.9678357693077506,-0.01365656270295216,0
0.09093847766121148,-1.0044876643092056,-0.177778497572408,2.6528536943177596,-0.788272074374643,-1.4854477695196315,0.002966569337058689,-0.9645191899696509,-0.008744286924195502,0
0.08906901900947349,-1.0058390213848054,-0.17507408979269753,2.9494176529923326,-0.3612534087140861,-1.6943567380600113,0.003427621726040262,-0.9609812522935158,-0.005567419186360318,0
0.08791149592297559,-1.0063388721039161,-0.17053431865860733,3.2724280414772906,0.0595900345511311,-1.8735768298734277,0.0042788508499574445,-0.9585173458821946,-0.0051313033076927535,0
0.09069086272678936,-1.00585273844023,-0.16637390360534174,3.5825242908860493,0.44075260413667233,-2.0369322336332787,0.0064611485786456235,-0.9582136854608572,-0.007126949732023981,0
0.09644886161097514,-1.0057087823440385,-0.16471560547836123,3.792801691888002,0.7573350440354168,-2.1976982342740303,0.01024683674557531,-0.9597063451516594,-0.009718093999874252,0
0.10124617815379527,-1.006722985872663,-0.16641133970081776,3.848023332255464,1.0010246906994336,-2.3375038818507856,0.014622086639968546,-0.9614593036952808,-0.01083409358261124,0
0.10265289003030224,-1.0081463768319587,-0.17045267825853735,3.7777928990737313,1.1716423743530617,-2.4153181349600117,0.01774091962604895,-0.9623378638744498,-0.009976933875143697,0
0.10176890259136326,-1.0083631834389917,-0.17433522382443,3.663468863552948,1.2585768075997024,-2.4198361969058584,0.01832336631803882,-0.9625747367447383,-0.008440632577489454,0
0.10070537580978456,-1.0065524217595492,-0.17495359683548325,3.5613109195936623,1.236452937328895,-2.404221493330722,0.01650806815733363,-0.9628595084095881,-0.00742973355853681,0
0.09958771336519175,-1.0036648370781105,-0.16986732866270365,3.4748081961856037,1.0842586420448643,-2.4495414861843923,0.013202027673550474,-0.9626571730662208,-0.006266503586982615,0
0.09679467931425767,-1.0014795216570105,-0.15958579041471685,3.4001629726750773,0.8100690171084659,-2.5874046759176266,0.009108427096389732,-0.9602570280918884,-0.0029455276664733937,0
0.09102226646271833,-1.0005062923215455,-0.14903601433448138,3.372571218019801,0.4601666567788629,-2.768241796575372,0.004749609423718186,-0.9549624540699687,0.003507027602174355,0
0.08268349207980989,-0.9993352664211427,-0.14467517508246788,3.446961081269372,0.1082232268793841,-2.9098396002104754,0.0008343804573773219,-0.9486905157797205,0.011437028240506434,0
0.07444632663525684,-0.9966457283697724,-0.1485847561354928,3.637937049261306,-0.16613078818131866,-2.9656109441937946,-0.001979691802148461,-0.94483581892001,0.017451815016932194,0
0.07016403426358227,-0.9933964805481247,-0.15615272116537962,3.8919794375778105,-0.30182837709116156,-2.9413696927068376,-0.0034438502253053564,-0.9456320542656957,0.019185316914519458,0
0.07148619119024126,-0.9921141427446901,-0.16057791785556816,4.119379821562782,-0.2856063791256449,-2.8694030796385013,-0.0036657765820792185,-0.9505039541837937,0.017395469680118705,0
0.0756505088265114,-0.9941208818195211,-0.15930134890294767,4.251347767745596,-0.17844374164996527,-2.7926297769036577,-0.0030263613102988604,-0.9564040220985032,0.015057093893491903,0
0.07829900192510794,-0.9981930506096696,-0.15535843551276868,4.279755306435901,-0.106655349907057,-2.7616793180204477,-0.0021192036511633403,-0.9598168096826147,0.014388459210538728,0
0.0782058530824235,-1.001779438061086,-0.1528064369275329,4.260071852953717,-0.19710201267588867,-2.8084464477082602,-0.0013181852927918066,-0.959376771294215,0.015369544422386444,0
0.07776560180621793,-1.00290673533093,-0.15208385111751263,4.273771687260334,-0.4992897656978928,-2.908268253105541,-0.000353647221895012,-0.9569560210103386,0.016890210198202235,0
0.07953477963726431,-1.0013909959555638,-0.15085868800255142,4.3663409370416275,-0.9668605424196317,-2.987358355151474,0.0013492080567161133,-0.9556534764367146,0.018015266309721244,0
0.08403506629651683,-0.9990704773681884,-0.1488098125349037,4.50606791022145,-1.5062966587374742,-2.982880997085606,0.0038423093327495453,-0.9565834362904736,0.01797459696634544,0
0.09017058674004477,-0.9983741345528211,-0.14909009414026522,4.604843715889073,-2.02744173724619,-2.8947111441043276,0.0064339009909733505,-0.9582921109870811,0.01638588253317135,0
0.09568805826067894,-0.9999015313842188,-0.15348160467148322,4.584445117686871,-2.456208302252657,-2.780017414394484,0.008440900216880699,-0.9592273664207742,0.014232519148090886,0
0.09769774613915695,-1.0019734654243555,-0.1580379768784856,4.42439916898179,-2.7397322775907087,-2.7032424984578376,0.009895594151807576,-0.9595616269842914,0.013621544781829401,0
0.09516064043002442,-1.0029630998043007,-0.15647334280335223,4.159288943455601,-2.86789303707795,-2.6870327033772266,0.011176482802868076,-0.9601821147226565,0.015585460346243762,0
0.09121509232620646,-1.0031174065009092,-0.14782067831057966,3.8556249903259774,-2.8783251142924855,-2.7020200533732877,0.012147225109866303,-0.9611021621148952,0.01857950104872501,0
0.0909781073425359,-1.0035826509636403,-0.13858765034647094,3.593693306217035,-2.817347391638512,-2.703782989934753,0.012307740322194368,-0.9617630623593383,0.02011058258791121,0
0.0961223371013767,-1.0045685974649003,-0.136333835027152,3.4352637673685855,-2.694378904150373,-2.682192951626115,0.012020522840299572,-0.9622185670443022,0.019730105108695217,0
0.102999533397693,-1.0054250905061246,-0.1418159968502519,3.3774947601314516,-2.489497539774895,-2.667897602294653,0.012876766005809044,-0.9632277300511082,0.019455915307673995,0
0.10691755860335354,-1.0064502977803294,-0.14838818302745585,3.3507150797591407,-2.2124597593952307,-2.6876196738359877,0.015996699660883375,-0.9654240075869976,0.021005475250559746,0
0.10689180719626021,-1.0094702351523055,-0.14906933577063086,3.2912094721424827,-1.9405085844125465,-2.729182328793975,0.020156414698700127,-0.9686591922311713,0.02351545635996642,0
0.10509796765276594,-1.0152995096104405,-0.14318167649525512,3.2221194389758123,-1.7772634296399,-2.7643969575157348,0.022497526615047305,-0.9718834072684855,0.024689005649971053,0
0.10322936606450067,-1.0211550274649375,-0.13573087227932962,3.246048168677351,-1.7694288498749022,-2.7915954712310103,0.02134948748831832,-0.9736756296967821,0.02368282501832367,0
0.10148613981001174,-1.022669225371887,-0.1317406020946351,3.440366132454919,-1.8730593448264865,-2.8320380342254157,0.017883586143691736,-0.9732243664447757,0.021948696551417058,0
0.10020661054492735,-1.0186267302186933,-0.13227847761413414,3.753470284649724,-2.0017504633134493,-2.889109275618709,0.014811046132313533,-0.9707694062397488,0.0212361299718195,0
0.09995038066366711,-1.0118755062686091,-0.13483441609756466,4.0122996540103815,-2.096259887786593,-2.934590353352378,0.01372424906306505,-0.9670710374978992,0.021566907520861545,0
0.09992046502685605,-1.005857482529244,-0.13630776564883404,4.046380958170355,-2.1468105009966254,-2.940862191653623,0.013863740217452085,-0.9629844742314865,0.021549698839629233,0
0.0982649374710931,-1.0025626552172764,-0.13593956778899025,3.8163659175902733,-2.1670015041303516,-2.914103199634728,0.013435648332254576,-0.9598962501104368,0.02023591387208523,0
0.09454454213177743,-1.0035933084296147,-0.13566155991989062,3.435910019967226,-2.1635558088113074,-2.8906071132830946,0.011876468173805492,-0.9598883109489776,0.018116083756324185,0
0.09095879280439928,-1.0100078167677908,-0.13743633729850632,3.0838096414955447,-2.1300775639735434,-2.9040811803408464,0.01033445716784594,-0.964433856617502,0.016343821200246134,0
0.09047545316041392,-1.019760999450857,-0.1404895125596126,2.891537021922165,-2.0599381753347306,-2.95338180753721,0.00987156153048212,-0.9727074192161809,0.015619689129355002,0
0.0937416582652595,-1.0276906323195198,-0.1415704977708308,2.8912571895152923,-1.9588803565384727,-2.9941344051774856,0.00995086932247857,-0.981621827744887,0.01616484283735655,0
0.09812250042458817,-1.0303307643872348,-0.13845487731201223,3.04519434812671,-1.8414250088606705,-2.961877738404928,0.009349694984411188,-0.9878081923564269,0.018071647865584073,0
0.10022112159392065,-1.0297154689072772,-0.1334590428467052,3.3027681341122266,-1.71435038063534,-2.8117956985596386,0.00822131852718621,-0.9897620654889033,0.020879126769734413,0
0.09937021951031988,-1.0305896306577849,-0.13229100533789204,3.6163810577879487,-1.5692299678412975,-2.545663558908443,0.008317906395843356,-0.9886296816234328,0.023262706710427846,0
0.0979651204534222,-1.0346618740215439,-0.13766254543842418,3.9141708017884187,-1.3947580984842247,-2.211435934402441,0.010827717782322721,-0.9872948908593064,0.024153958251201334,0
0.09812971660676034,-1.0392173421606534,-0.14455933370091875,4.095916415621888,-1.191350781119766,-1.8831970595671585,0.014667237623322405,-0.9881872874917046,0.024142466702066167,0
0.0992616473290707,-1.040854919799018,-0.14451987823835993,4.092944628797745,-0.9710148346533287,-1.6280398106874252,0.01748451414460406,-0.9912870014905101,0.024885007187271272,0
0.09989497061434821,-1.0393188623157217,-0.13574172140963808,3.9405053897598767,-0.7505725341757337,-1.4693181188709135,0.017957480012400672,-0.9943752882858131,0.026828269752418706,0
0.10062111325814913,-1.0375795138998252,-0.12683810398318213,3.769808214928952,-0.5500036255158223,-1.3794365955259211,0.016738294204981675,-0.9954496986407693,0.02819369704753545,0
0.10296953466221913,-1.0382978848088376,-0.12828472165502605,3.700987842594619,-0.3909605657751658,-1.3213790261815337,0.015575031977922985,-0.9944568583874832,0.02682282310178704,0
0.10603128051774778,-1.0401991871926348,-0.140762595034933,3.7321482704522015,-0.2892067965370071,-1.293913196506238,0.015821814849019178,-0.9925493913040762,0.022799438139138394,0
0.10694047845906779,-1.0388646017516088,-0.15416075143250763,3.7387583192450453,-0.24562309872719884,-1.3193612239250376,0.017437912659225254,-0.9904769266222067,0.018655013035576908,0
0.10499698350001456,-1.0321584139433377,-0.1584157237668237,3.5876748565312466,-0.24299316576481067,-1.389853447892749,0.01916915070108482,-0.9882406768768253,0.016825251996024096,0
0.10280212439348185,-1.023997127400008,-0.15316055372133214,3.2487966198462064,-0.2504905707339345,-1.4506868344835169,0.019845971054247347,-0.9858036956888838,0.01735487929373341,0
0.1026237464398589,-1.020801762262854,-0.14551430075153904,2.797790482407172,-0.23093464386381693,-1.4499766891188832,0.019426626147464356,-0.9836401010442478,0.01859034054740618,0
0.1037791609331592,-1.0243274399460498,-0.14093549410156533,2.3326565023110772,-0.14891930231294784,-1.3894798508337165,0.01858495907861148,-0.9828030098367588,0.01980173402506169,0
0.1044091972358154,-1.0302254215618871,-0.1393119758770122,1.910875497410004,0.012841430773021582,-1.3084081180060858,0.01777468610980523,-0.9843951304474883,0.02215651636815182,0
0.10401851552983488,-1.0341128380761804,-0.1384779823130435,1.558190873262738,0.23527826699213247,-1.227500561708816,0.017341122835676667,-0.9883033257304198,0.026838467875001965,0
0.1033862408877693,-1.036377933818028,-0.13722614008537462,1.300807314599288,0.46953823949015716,-1.136148613167471,0.018043017992499837,-0.9925429105321228,0.03299037880370409,0
0.10335177735598558,-1.0395444965470377,-0.13424761562698923,1.1599221472598424,0.6722605598657108,-1.035737541653412,0.020416442014945958,-0.9948260102104725,0.038133953605642056,0
0.10443619854836374,-1.0433141243325434,-0.1277170459748754,1.1158614994238223,0.8337288960016094,-0.9645028040192861,0.023738024555189283,-0.9949513125469204,0.04046984693165264,0
0.10671874271166469,-1.0448618647391847,-0.118252962372071,1.1000852964830563,0.9710339051208359,-0.9612018458815118,0.02653596466519973,-0.9949723726496064,0.04046755314067165,0
0.10969176055615402,-1.0434326521470216,-0.11088548739461188,1.0441625305627749,1.0986008978601505,-1.0204257627083055,0.028162787912962964,-0.9969856713745373,0.0400688885522258,0
0.11276237234842704,-1.0421974100605316,-0.11130852620444934,0.9389541396165667,1.2066270387028075,-1.10028179496476,0.029155054212364896,-1.0011460744531564,0.040325999425297764,0
0.11564040696604633,-1.0443617498780176,-0.11934241734130292,0.8319852353697912,1.2672195009612617,-1.1657224026264972,0.030098397679409538,-1.0055227631949495,0.04018941639557721,0
0.11768052366166105,-1.0487061386627645,-0.12812883259686914,0.7624013107402552,1.2611084955950684,-1.2121811390167987,0.030886875825872143,-1.0073980958827007,0.038120075650985207,0
0.11741039897070034,-1.0506825487028773,-0.13119656096883178,0.713906237584311,1.1921004380322426,-1.2532358982455214,0.03109448452810432,-1.0051001992834083,0.03465338897869913,0
0.11364359015353467,-1.0472417166994534,-0.1286722121838714,0.6422953195100368,1.0724501952427488,-1.3001422968454548,0.0304012294496803,-0.999352349283472,0.03239118372386657,0
0.107362829656315,-1.0391627407891242,-0.12544270753917525,0.5341320318361493,0.9106958026927944,-1.355865608086017,0.028723394613674562,-0.9929160466196815,0.03295502869048817,0
0.10212748877735937,-1.0298855203724868,-0.1252059966255671,0.41589906707626045,0.7308745193100099,-1.4166085098397099,0.026534032194410175,-0.9884391438175375,0.034656266528670654,0
0.10140234242991535,-1.0237110100431488,-0.12779031796886595,0.3086060651499082,0.5904613002949874,-1.4697806161372227,0.02484511821046248,-0.9864917749006071,0.034194481808651055,0
0.10466494940504845,-1.0234564723909911,-0.13075721870366605,0.19689111959132352,0.552815319269733,-1.4966891278987557,0.024211126113945654,-0.9857972254111464,0.0305895392714501,0
0.10743738106691189,-1.0276613022143946,-0.1319150935939762,0.04969331020012688,0.6375320647210296,-1.486587288495187,0.02397706881525006,-0.9850375022634791,0.026437127428422386,0
0.10653479056771836,-1.031206646703895,-0.1309452822297884,-0.14344150073344536,0.8061234067737147,-1.4453600214417373,0.023208094213477314,-0.9839430365814053,0.024874016713775492,0
0.10394223419456335,-1.030469171902086,-0.12992706937543652,-0.3618404053993001,0.9919100403024488,-1.3837028918690129,0.022120686035758647,-0.9828863793770883,0.026117044806466802,0
0.1037561077618101,-1.0270486913429497,-0.13162816471864466,-0.5692606948703259,1.13844605129446,-1.2999036586020283,0.021755636419817582,-0.9822192621801306,0.027822952299005443,0
0.1065278800126579,-1.0253748397138593,-0.1356861338262084,-0.7376890151433979,1.2209330605311473,-1.18200513153315,0.022405527453895614,-0.9821816092314332,0.028333340455040133,0
0.10890553003611454,-1.0277235201081978,-0.13738289744635965,-0.8647396143790064,1.2475719927156292,-1.0270614134659815,0.02334886842724714,-0.9828040046683384,0.028295620208862005,0
0.10851894070213618,-1.0324449298695455,-0.13292421350336314,-0.9749044415143131,1.245446500219367,-0.8524788590857476,0.024119577711614583,-0.9835920870052706,0.02900142210021242,0
0.10697572209193475,-1.036039378816325,-0.12544251316734878,-1.1072916410291958,1.23906613584861,-0.6864515553006982,0.025103444302621392,-0.9838546802732153,0.030349408768470604,0
0.10721857755564466,-1.0360954788556043,-0.12221259696075118,-1.300077871559097,1.231912039980958,-0.5515840186702895,0.026767192086478406,-0.9836237845671788,0.031064510863071746,0
0.10944941941250169,-1.0328208987953815,-0.12585143053743206,-1.5718536170432693,1.202260854724421,-0.4618698898833611,0.02887669217999796,-0.9836401091051493,0.030324858538518223,0
0.11122216323786435,-1.0284618596325201,-0.13202025008632856,-1.9001576290677744,1.1219103821486536,-0.4305560368233421,0.03053607322829792,-0.9840886105411583,0.028640790845735033,0
0.1109653678255224,-1.0251160962687997,-0.13606965370477028,-2.219015615672094,0.9882469143609496,-0.46799710294524527,0.03085949449350046,-0.9839900468971832,0.02728632501963586,0
0.10971186260320083,-1.0229094458654777,-0.13779554080949938,-2.45447995182757,0.8382784293227725,-0.5657568418082998,0.02973388751198747,-0.9823105308018135,0.027183063244230466,0
0.10918792557258501,-1.0205851558547556,-0.13847417108398524,-2.575610633227142,0.7241679204460408,-0.6895228425703039,0.027896534024603962,-0.9792233531173848,0.028347008478846674,0
0.10944122046068368,-1.0177115172232787,-0.13734565782546673,-2.6175552020378423,0.6726786703843319,-0.7945325907168138,0.026228515460106877,-0.9759124714460966,0.029953844465270447,0
0.1088886866770248,-1.015374293696016,-0.13378395892714542,-2.6607423733098954,0.6718784473932886,-0.8503034296597431,0.02518364925039645,-0.9734581362183028,0.030582145881703365,0
0.1064155604152017,-1.0145411646098044,-0.13008146743761345,-2.7821855366493087,0.695076553965443,-0.8569001193870751,0.024826735664397394,-0.9721812583385908,0.02908217807356236,0
0.1031863070833649,-1.0149933752604055,-0.1288146251840091,-3.009521305987415,0.7282990352546768,-0.8453475695783778,0.025020559075783252,-0.9718940278581609,0.026120366319814316,0
0.1018682405270658,-1.01650463756272,-0.12912746311857115,-3.311138008248987,0.7731547668027403,-0.8597259954217069,0.025498170834351068,-0.9724954043083216,0.024304851140137376,0
0.10359219728392961,-1.0196726494274095,-0.12852504681930754,-3.6250130052429457,0.8353372905992745,-0.9269550752237607,0.02595473774985711,-0.9741028521496964,0.025620642167637313,0
0.10630634498955,-1.0242032332016349,-0.12695935849490225,-3.882988847396532,0.9171344443929215,-1.036618170156248,0.026144117398258664,-0.9766261438490079,0.029103004318294906,0
0.10716177760390447,-1.0275612711287128,-0.12615371240602294,-4.0075514545553075,1.0104356124357563,-1.152967301122265,0.025983889451151803,-0.9795002996443681,0.032139328675140987,0
0.10630689153534503,-1.0275194222938506,-0.12579462287165458,-3.926435204132563,1.089832281510928,-1.2489950492924626,0.02570185554628576,-0.9818893865155592,0.033604244275233036,0
0.10690850381666206,-1.0255342556587332,-0.12368270346283358,-3.6332079810290057,1.1247676596499578,-1.3223176821834965,0.025732585294405766,-0.9828746461416249,0.03440875671464504,0
0.11064001768995103,-1.0249828879077063,-0.12007328665769153,-3.224505946318458,1.1086788315423712,-1.3749760936430093,0.02619382763332411,-0.9815788776464822,0.035330088677691676,0
0.11449608360839107,-1.0259130364096736,-0.11892645953385782,-2.841793424871357,1.067406044545777,-1.3923275249864635,0.026473891275072284,-0.9778275496333659,0.035941071408540096,0
0.11419861884728305,-1.0244115465861037,-0.12276254861008923,-2.5682578639180114,1.0315359298130762,-1.3555248724198175,0.025654603081094563,-0.9729420155824943,0.0359325051566165,0
0.1103152707822199,-1.0180905603390877,-0.1281235645502213,-2.3921784191069784,1.0095963904919178,-1.264501094706543,0.023616218122306767,-0.9691363755148434,0.03607753921101214,0
0.10817423731260842,-1.0095973937173714,-0.1293138405433675,-2.2587071513912025,0.9937635779930408,-1.1346541625649658,0.021607927048706208,-0.9675038655332721,0.037075918022219066,0
0.11107754537347136,-1.0033560429122121,-0.12584702570327444,-2.134529861154527,0.9791126939155091,-0.9816555214493726,0.02138307128182108,-0.9669742646092326,0.0381753985474053,0
0.11626015192642705,-1.0008781833084934,-0.12269659479965588,-2.025888534762355,0.9649747096614708,-0.8251873945629816,0.023568754704575232,-0.9657286269806462,0.0378975875668944,0
0.1187482377868484,-1.0005355872228352,-0.12344551746282088,-1.9613383698581308,0.9419790850782652,-0.6973054032945777,0.026871419940900518,-0.9632829427772618,0.03610304587542502,0
0.11697235533462494,-1.0002981186686817,-0.12667477050907164,-1.9741027839034047,0.8901501366436455,-0.6257317206398006,0.029094608225083602,-0.9607620172981397,0.03456959313917775,0
0.11318644190235636,-0.9995305614373776,-0.12908073977065565,-2.0880203859931767,0.7955761602959834,-0.6076793929829412,0.029169679114408043,-0.9595320867579888,0.035180791350504614,0
0.11017884614950217,-0.9991057024556455,-0.1286167652936831,-2.291693311606013,0.6648779194480132,-0.6131690876514421,0.02798921726986692,-0.9600744240349173,0.03810430498189203,0
0.10924658564604359,-1.0003927711614926,-0.12420194367335975,-2.5167721966004617,0.5168268921446436,-0.6144546336906264,0.027067260671293412,-0.9618704089229245,0.04206763468276273,0
0.11032925362304391,-1.0036094830523328,-0.11596071567801669,-2.6630639488800014,0.3630950704428478,-0.6026945596560178,0.02686116591653686,-0.9638723615597968,0.04566538687470646,0
0.11238763447183112,-1.0073520909656923,-0.10706947723961802,-2.6649939386977097,0.2093151193791282,-0.5806946082209927,0.02679582252269592,-0.9653122764000912,0.04793430267228891,0
0.11370716369660445,-1.0102426703611764,-0.10257040930607854,-2.529767869716019,0.07651834368825289,-0.5528856707926513,0.02642864366007296,-0.9663252477552761,0.04851941593886278,0
0.11285567647809817,-1.0122486738225258,-0.1045896140232236,-2.3097591848161056,0.004562769124342541,-0.5201268705290101,0.02590102064648011,-0.9674417577889081,0.04798627697114569,0
0.10974018389920054,-1.0137058517230477,-0.11011501875118884,-2.0576877964007303,0.020147878961942374,-0.47480404244365554,0.02531861329352924,-0.9685320717755248,0.047374145288713546,0
0.10582452552720462,-1.0141155821568706,-0.11451482192246398,-1.8173242518598829,0.10799330206923942,-0.4061850202810479,0.024314248670692568,-0.9689966914221627,0.0469050375270886,0
0.10338379574772685,-1.012951069011236,-0.11624536127152423,-1.6326706443341914,0.22701060884477794,-0.31908580885798876,0.022658106274052344,-0.9689549356867344,0.045686566755020655,0
0.10393852067727305,-1.0109120163443102,-0.11728750206799474,-1.5360598221370318,0.35139997886557256,-0.24050324072267076,0.021224026295091198,-0.9692588107453991,0.043152358673097274,0
0.10683596777192207,-1.0093002775826667,-0.11972454319028346,-1.5217335193112285,0.4790964941055243,-0.19739264366168138,0.021787314201822058,-0.970040317086517,0.040292001820828975,0
0.10978030236000318,-1.008466219967097,-0.12317353884378797,-1.5426197156974026,0.5975313864508632,-0.1906533157410654,0.02523233052539398,-0.9701089882013373,0.03893122669868555,0
0.11107488028816562,-1.0078404482513124,-0.12576853438212565,-1.5444392475085131,0.6634007357657711,-0.1991578553505202,0.0301077911435516,-0.9684977779168006,0.03988692786604291,0
0.11084096719328186,-1.0074638968386047,-0.12663571389881983,-1.508912264032196,0.6359827708888889,-0.2062505167444497,0.033716588736080404,-0.9661637345909292,0.04191954728462077,0
0.11010724615128173,-1.0083957479900065,-0.12660392959847194,-1.4630839815084409,0.5229606027539244,-0.21158040047114085,0.034636724824416834,-0.9652249408538628,0.042539633742635745,0
0.1096479025074487,-1.0110966523250107,-0.12657100950622613,-1.442636589118438,0.3753156905316413,-0.21846810962539318,0.033496884078312666,-0.9665163013225561,0.040314067855285116,0
0.10974264036765899,-1.0142912402440953,-0.12565492841198783,-1.447918770006223,0.23816053610640736,-0.2237741447911053,0.03155437674772275,-0.9687806768882106,0.03661987574926119,0
0.11010701184525773,-1.016207404285621,-0.12207575619709508,-1.4432721077341104,0.12151355914714027,-0.22354239431057782,0.02955223363403109,-0.9704594858877632,0.034549995709780644,0
0.1099407127159744,-1.0163661323616273,-0.11676367747792096,-1.398127345840878,0.01881066255020647,-0.21716983951314725,0.027913179437994366,-0.9714247251293321,0.03576231212414876,0
0.10865619901033165,-1.015636519867156,-0.11429108490076138,-1.3151812213379306,-0.06721588115096204,-0.20157413370125501,0.02686985129631144,-0.9724920367222745,0.03901247591386533,0
0.10647847423612401,-1.0152309171925447,-0.11740514676050524,-1.213018759586512,-0.1307128469190163,-0.16881062012141096,0.025860563855845457,-0.973874279431849,0.042070644737359594,0
0.10413610672636353,-1.0159391030835714,-0.12182564724405562,-1.0963234617711954,-0.18041929159833675,-0.11244216502544241,0.02360233646384626,-0.9748974664746617,0.04417550932735401,0
0.10254141448035284,-1.0175586589973065,-0.12035303698764806,-0.9584397964395746,-0.22961371046555504,-0.03108637899120846,0.019799108625661435,-0.9751657447241722,0.045896837649716575,0
0.10288314210172086,-1.0192082514960663,-0.11217827104128168,-0.8070241450398601,-0.27131612393712645,0.07402471103021672,0.01658803605215782,-0.9753167500050147,0.04746689411249888,0
0.10598212294977766,-1.0210982979545355,-0.1044368012956622,-0.6682003516419908,-0.2839445530061242,0.19488421380674012,0.017016483518709866,-0.9763666774231895,0.04851062171444973,0
0.11104426346692783,-1.0250697067222014,-0.10373232795965999,-0.5540139446120426,-0.2655496919566567,0.30503427950109463,0.02158931672537352,-0.9787469445749071,0.049040914190857654,0
0.11576070949440367,-1.0316398205542328,-0.10931940753562251,-0.42786134880760524,-0.24563015999197005,0.36309489999363054,0.0272815848432243,-0.982115502615411,0.049337312152933445,0
0.11799434874195429,-1.0373863545288824,-0.11602097761469177,-0.215566614175204,-0.25413834546007186,0.3432211843865123,0.03059823180392608,-0.9855281346205319,0.04878683521468541,0
0.11716053729918359,-1.0376374755082918,-0.1209391299097376,0.12724733205743263,-0.2885435525287638,0.26431251103604086,0.0308796287807504,-0.9876064384478961,0.0461309224524956,0
0.1143359397197064,-1.031783819646006,-0.12459784952400316,0.5431749030878221,-0.32155325790853456,0.18084841630423285,0.029926672897651947,-0.9872212213474784,0.04125705162110598,0
0.11133265195998006,-1.0241368507907176,-0.12711865633414707,0.8760500218981881,-0.3391098215463725,0.14058422731510672,0.029058068598847152,-0.9844359245875659,0.0357662641547191,0
0.1091325740169502,-1.0192801138730472,-0.12694658964332614,0.9676563218866197,-0.3607131279117747,0.15286644115498332,0.027718197998055655,-0.980521760688116,0.03131709225946602,0
0.10714127682922751,-1.017922742856701,-0.12404801066490131,0.7674366806385075,-0.413601200142105,0.19502306939564376,0.024986477092492524,-0.9770286516903991,0.028226378350737175,0
0.10461837523242917,-1.0178006424951516,-0.12185072830775415,0.3609856841642992,-0.4914106523952192,0.23900855542432325,0.021293883091107888,-0.9750772046125028,0.026144137357601835,0
0.10251443673162416,-1.0173738718625862,-0.12427824170592727,-0.09117808724806857,-0.5569375209946922,0.26730186001018225,0.01811843531557909,-0.9751177307801598,0.025238729255864963,0
0.10285441663955,-1.0171814986138745,-0.1313048193861142,-0.44387717066312443,-0.5920311044625867,0.272554142335846,0.01673506972801339,-0.9766479276103511,0.025941037246718906,0
0.10638773815967875,-1.0180094636817987,-0.13823284010913928,-0.6307277407174047,-0.6222619803365299,0.2532896120991056,0.017686106101131374,-0.9783823005325856,0.02789347838348995,0
0.11146777776999564,-1.0196267757513628,-0.13970327797238366,-0.6768092401964481,-0.6749446315076493,0.2108322945430188,0.020705574568473023,-0.9794664440729949,0.029818590973135238,0
0.11508624527398859,-1.021771035983313,-0.13475768507386385,-0.6635687899020303,-0.7319246230248587,0.14795665958230775,0.024490160791770882,-0.980436757341199,0.0306013035701972,0
0.115049696281865,-1.0248155852308765,-0.12792312572843806,-0.6732752464337378,-0.7467491328812994,0.07327975890617197,0.02697763058277018,-0.9823359521148497,0.03036914860120388,0
0.11177704087561116,-1.0286979917873644,-0.1245511045688972,-0.7476666146098668,-0.6969566570091343,0.007134496615878732,0.026802523751982218,-0.9850611297688262,0.03029319636623521,0
0.10796052419625195,-1.0322646815079206,-0.12500490835718653,-0.8780974197359362,-0.5998129502250152,-0.02515114047366977,0.024903508167476343,-0.9873150503839764,0.0312759093749314,0
0.10624442272536895,-1.0344033054301647,-0.1250396900645773,-1.0226660461091681,-0.4846632272993797,-0.014345036264380615,0.024067880398853343,-0.9881557398096912,0.03308141411490932,0
0.10744945161527397,-1.0350330476393539,-0.12232754229196051,-1.1367631442450028,-0.3670372653660282,0.016421147075497983,0.026045409624649532,-0.9879738909134177,0.03483883320954389,0
0.11051042937937247,-1.0344474639999615,-0.11972756620808123,-1.2026098888556154,-0.24721080134506165,0.019886133526246318,0.0294440957720336,-0.9877915682063063,0.035999207623802286,0
0.11328098775840736,-1.0327377178479937,-0.12050550288528768,-1.2399155049375863,-0.12093918847526353,-0.04389060280507579,0.03134715789659935,-0.9879744720864082,0.036440265091449424,0
0.11406908234919128,-1.0306585485391815,-0.12363096832821467,-1.284986772450627,0.012722595685304828,-0.1747480620550179,0.030677963899727503,-0.9879774173909538,0.03594899624883034,0
0.11324335840199147,-1.02986198897878,-0.1265709705937014,-1.3553176180253983,0.15000162044071563,-0.32560300125555836,0.02895152783040916,-0.9873560329229939,0.03429487319678116,0
0.11260847479537588,-1.0311009103435513,-0.1297812213364227,-1.4399900240544687,0.28364924860378854,-0.4341275533256165,0.027878706394867808,-0.9866188624318453,0.03196892924112691,0
0.11290274178502013,-1.0332189654904431,-0.13475457173443256,-1.5283807764479018,0.4030252046480297,-0.47143967856139,0.027484566659603322,-0.9866558358798293,0.030300347105392863,0
0.11301672990810442,-1.0350627057707191,-0.1395354447360574,-1.637229623422219,0.4946406806240152,-0.4629967872915588,0.026955073319180886,-0.9875167645097833,0.03038605677101162,0
0.11175484721446624,-1.0372505287273275,-0.14017521263545488,-1.792601626435416,0.5460662902984466,-0.46128649213347855,0.026149073706664017,-0.9883724131147522,0.0320258835870265,0
0.10935735906466469,-1.0406405271749077,-0.136057017311694,-1.982351857626288,0.5506000232982498,-0.4982408173833055,0.025391650698773152,-0.9887359298838108,0.033993266713427235,0
0.1073285254255996,-1.043944261894573,-0.13039657852334594,-2.142034538601168,0.5107944115760102,-0.5600299425083931,0.024582836077164185,-0.9890426577286883,0.03533203486237579,0
0.10713022951128871,-1.0443936253501052,-0.12557680741821933,-2.2027269075970435,0.4441565352455026,-0.6017237950382055,0.023553308785104796,-0.9897166780976027,0.03618503511530422,0
0.10859327078903833,-1.0406430720485185,-0.12121057438899178,-2.1506244614973604,0.3863533598513984,-0.5866772090012828,0.02291079424827264,-0.9901918111252354,0.0372816447230189,0
0.10979735522631325,-1.0344001371073661,-0.11740343924017298,-2.032794267323552,0.3772345882971049,-0.5156937258718682,0.023564181426738093,-0.989323029721918,0.03880070583693386,0
0.10938881782933207,-1.0293544116513131,-0.11668605280950547,-1.9106309659222047,0.43282490222485454,-0.419810367945181,0.025356308207788607,-0.9867023492848735,0.040087753858413115,0
0.10844549104019648,-1.0281979338939955,-0.1205670404054335,-1.8160155319751272,0.5333327948809307,-0.3292820491951376,0.026797356335244243,-0.9833331211244102,0.04061995818172508,0
0.10875379735462976,-1.029898535285139,-0.1259833560482555,-1.747875514475086,0.642246726815332,-0.25596856878451935,0.026492399917723033,-0.9807860915050435,0.0408231454953554,0
0.1099761385808943,-1.030392972574483,-0.1277400389996038,-1.7021997988983846,0.7299835641318603,-0.20072613202152462,0.024712549083692237,-0.9796694685050791,0.04141084542467234,0
0.11023363420092258,-1.0270135697728238,-0.12439824675704668,-1.7010778098656676,0.7769077086374776,-0.16268912980843486,0.023231834176712384,-0.9792013180290912,0.042171823629412956,0
0.10902873347282689,-1.0216086544332774,-0.12005220714920581,-1.7859403874672974,0.7714044496928406,-0.13831413773116985,0.023351353310090348,-0.9783462657684735,0.04216860186716596,0
0.10780269510515153,-1.0180683626044476,-0.11947931220593658,-1.9753073971955317,0.7217496365629199,-0.12438308468502625,0.024337691416318575,-0.9769989736377244,0.04108966875334986,0
0.1075250694293442,-1.0175583117637492,-0.12251325981993677,-2.2333773401652715,0.661712914206048,-0.1264221092192279,0.024435113815129025,-0.9758855246573717,0.03963092639561531,0
0.10723688028319274,-1.0180259429026561,-0.12479706853021029,-2.49012515608379,0.6283670895962744,-0.15375709552673095,0.02332210097117434,-0.9757009753129687,0.03851342223567389,0
0.10571434484949517,-1.018102951275796,-0.12372719033705402,-2.6912955074218687,0.6339695635955294,-0.20359178163309696,0.022574020943159984,-0.9766498147715872,0.03785907462659904,0
0.10377665292589462,-1.019157121795826,-0.12112580210955828,-2.8205823788946196,0.6655053832444422,-0.25943704519022226,0.023347821310761616,-0.9784112926116455,0.03764823430393349,0
0.10386050581737459,-1.0226209583448798,-0.11936828557051712,-2.8783663934533004,0.7076862495067809,-0.3070250521903051,0.024643979643186598,-0.9800044183501443,0.038133128520272286,0
0.10714419982677414,-1.027141870664029,-0.11786035627238786,-2.860595949713887,0.7573975056352589,-0.3430455279637419,0.0247453624850751,-0.9800834685977848,0.03937415054961901,0
0.11171166612979345,-1.0297345237096305,-0.11528351734996155,-2.7730702573669985,0.8151048093197749,-0.36634100194891556,0.023742793008722552,-0.9782605157944857,0.040673832516692376,0
0.11414259706196722,-1.0285452366899357,-0.11288212502594906,-2.65576727905325,0.8735240566487867,-0.3712721734936034,0.023461061334382898,-0.9759766715406406,0.04109796263027697,0
0.11289226395179654,-1.023644970491823,-0.11301135669230211,-2.5699935514244445,0.9249577493585291,-0.35771576445650705,0.02488393055108659,-0.9750825370723086,0.040592015009843344,0
0.10948930821862683,-1.016732126374472,-0.11571597632623765,-2.5510571394272343,0.973534156377715,-0.33796535083597545,0.026699295157220353,-0.9756182911057558,0.039965894677852776,0
0.10631744669260483,-1.0110026253752624,-0.11865609646158214,-2.578795070621036,1.0279505662153277,-0.31911640839510375,0.026920250538476402,-0.9760114158549343,0.03979192790258406,0
0.1043251595938184,-1.0095687618391258,-0.11989341791814087,-2.6001387274301275,1.0854328768923487,-0.28441768727969235,0.02533533796106466,-0.9753660178165215,0.04009444590904749,0
0.10340165025550105,-1.0126209463779896,-0.11961676241369293,-2.5804563446189595,1.133218985024786,-0.2105171424975062,0.023674898195138835,-0.9743792010767423,0.04101613024326622,0
0.1035742443739488,-1.0169306981185466,-0.11899061462611203,-2.5319906281393196,1.1615800299249521,-0.10382822922775446,0.023602211042442506,-0.9739449367281225,0.04278306370129424,0
0.10454731466135304,-1.0189380782702748,-0.11792868707994493,-2.4922239030462414,1.166073518776743,-0.005722980165566761,0.025112407486955576,-0.9740234948503691,0.04496023551771159,0
0.10484630373997604,-1.0179512921799603,-0.11508897665408847,-2.4764633604070516,1.1434816921622537,0.04044985584423119,0.026740375979963395,-0.9741899160440326,0.0466495159326997,0
0.10300951471159044,-1.0160267701017278,-0.11038669034529863,-2.4578176621641616,1.0979827808945652,0.021026550508575152,0.026790380339686753,-0.9743739623098212,0.047582071502137675,0
0.09969165384214004,-1.0151583334643275,-0.10636380453384418,-2.3981565195338765,1.0498256778348092,-0.04417553629728014,0.024496617505980128,-0.9745486627452622,0.04829872805911106,0
0.09715464074956026,-1.015100569749267,-0.10608248975081777,-2.2928455357647226,1.0275567778619794,-0.11976287252933508,0.020647501098037306,-0.9742288328179978,0.04908385994775716,0
0.09640703897868041,-1.0140090738467733,-0.10979061369675845,-2.1750187608523444,1.0468530274728598,-0.17721900147981645,0.017220168101179757,-0.9728659799229544,0.04945091553609105,0
0.09657748753534272,-1.0109708074258117,-0.11413232223544431,-2.078444430794656,1.0980820850384838,-0.20690159699368357,0.015916308392414733,-0.9705739855213696,0.049021822579060736,0
0.09747313367260901,-1.0075306463830953,-0.11510828030051372,-2.012222827331195,1.1562811401562718,-0.21372449273237593,0.016843388210529518,-0.9680822429160918,0.04823455222890636,0
0.10029583687770922,-1.0062596303012836,-0.1119185437810904,-1.9763899066288542,1.203978385010132,-0.20524909995494311,0.01883221840406659,-0.9662005621149826,0.047714746148654216,0
0.10474613023958874,-1.007842886516557,-0.10725589419374783,-1.9782284822189482,1.2440466449066767,-0.1865173894648697,0.020847704780580262,-0.9656487429912257,0.04747704021871472,0
0.10797507782015062,-1.0104729896698943,-0.10375808084662469,-2.0096829126893105,1.2925588439624354,-0.16778297002957956,0.022570420486704375,-0.9669312642098056,0.047154004665590554,0
0.10832160579192722,-1.0125819910981142,-0.10172039405818502,-2.023071525330589,1.3657840269644212,-0.1751221433114648,0.023822260064249763,-0.9698132583249567,0.0466012725632782,0
0.10816125367306563,-1.01496204241138,-0.10120708512004548,-1.9598178547367824,1.4751151937318505,-0.24154500638708826,0.02439818439371516,-0.9731784602782572,0.04596779548241578,0
0.11071194321952582,-1.0188934163143688,-0.1041266856670764,-1.8074094021038334,1.6229908642952169,-0.3734889632442969,0.024747476629899484,-0.9757358102101913,0.04547282900390231,0
0.11526617591424262,-1.0231310388381714,-0.11134248941777761,-1.6170887568571475,1.7945009004874939,-0.5291502355086415,0.025799637307864953,-0.9767199956706943,0.04534547237736486,0
0.11813257990627721,-1.0246670886030982,-0.11910963402641793,-1.4672227820700754,1.9581116030623227,-0.6466986579959877,0.027427283701579812,-0.9760749530379934,0.04577387344848936,0
0.11755231213747871,-1.0223830254229593,-0.12215824639389879,-1.409327525681512,2.080799355039954,-0.6982932210076903,0.028042474549196304,-0.9745006023363048,0.046667761701360375,0
0.11498191413296978,-1.0185439740869635,-0.1201673743138692,-1.4340549167355814,2.140555232817209,-0.7050581691212071,0.026603613239127608,-0.9732242814319081,0.0474803924919922,0
0.11186569884591353,-1.016617906067192,-0.11776524716863665,-1.4801944621276615,2.1257422381554925,-0.6974898307993141,0.024159203003399632,-0.9730769223258491,0.047453074813873224,0
0.1081685475203455,-1.0183119087950214,-0.11780408609880436,-1.4865395725886905,2.032113496886569,-0.6781852782429105,0.022574789859272203,-0.9736475587181787,0.04626402021433451,0
0.10460782893670759,-1.022340543251755,-0.11790779148780564,-1.445322926173492,1.8671999365812064,-0.6342209935425555,0.02244997986884044,-0.9737169884991934,0.04455936014039506,0
0.1033530562534937,-1.0253343992596415,-0.11491672241147963,-1.4023425820631383,1.6544925613864825,-0.5706818547447722,0.02283554691209226,-0.9726424829923943,0.04373644135772058,0
0.10495206148010089,-1.0243012581277042,-0.11012094936459839,-1.3992348039655575,1.4258735753402572,-0.5087335990017975,0.02242819571913364,-0.9711254373074217,0.04484931921463664,0
0.1068110627652856,-1.019141701438766,-0.10771379610457467,-1.4210887383355102,1.206870966310988,-0.45269024677584546,0.020835240274301798,-0.9704948289907488,0.04741131559683072,0
0.10652646040888125,-1.0129365193183515,-0.10903685818993675,-1.4144421660815476,1.010483583929277,-0.38251394028533015,0.019116466839734926,-0.9712571529633669,0.049525339180561,0
0.10491323822298898,-1.009308115633389,-0.11081029294251238,-1.3589157930959355,0.8423117911694809,-0.28664110512182184,0.019020344954814396,-0.9725037445683247,0.04978786577150777,0
0.10396642803941836,-1.009436691012816,-0.1097258851453567,-1.3012601479126884,0.7059284256440058,-0.1848620590619135,0.02124570719834628,-0.972902756875018,0.04893108149233834,0
0.10348226025417857,-1.0116381350378345,-0.10731484351830661,-1.2996378324040048,0.6050540957727345,-0.10784924260972785,0.02449642277043305,-0.9721461362335572,0.048788586504237105,0
0.10182271576847592,-1.013271837714118,-0.10850043931767123,-1.346282879066481,0.5452864082105899,-0.06346353640909509,0.02657281919113486,-0.9711564615798818,0.04965209844698061,0
0.09921464618011042,-1.0129499398661066,-0.11488970698860534,-1.376007159346858,0.5321631339866805,-0.03255545290449081,0.02649990975940587,-0.9709656079523195,0.04975449164585105,0
0.09831683895255372,-1.0115772678304285,-0.12121286343421779,-1.3549710748949493,0.5675927153733806,0.003025868280138366,0.025468945131860064,-0.9717325793933504,0.047905666651575765,0
0.1014532950114686,-1.011452694608354,-0.12076143289978944,-1.3287145260253979,0.6525232055886191,0.03338548462776614,0.02551574778517405,-0.972860755534923,0.04562067128116077,0
0.10841305803956,-1.0140626387150884,-0.11369641688976229,-1.359558793612855,0.7876054622278311,0.027812827185689712,0.02736778664437479,-0.9737358531380959,0.04550994427849398,0
0.11666031287447871,-1.0186814600703253,-0.10689765856642644,-1.4359018533178531,0.9606907630669607,-0.02965017289850941,0.02994384937634394,-0.9741988595655018,0.04804689209774979,0
0.12234946018625839,-1.022806789085127,-0.10556319390382991,-1.4786227702051278,1.139203711532955,-0.1195254973987885,0.031772399686239385,-0.9744680416103447,0.05108375046982231,0
0.12178694784743285,-1.023790208454287,-0.10827135530336185,-1.4391377296649353,1.2881643818856146,-0.20506095060674728,0.03208523125457703,-0.9747873184727838,0.05246882805655218,0
0.11439558666982466,-1.0211660753583782,-0.11088357509005356,-1.3558336070081924,1.3930850749222552,-0.2629127217802795,0.03051032600411178,-0.9751775571833801,0.052222330892059965,0
0.10466484871447353,-1.0179888508305937,-0.11192296827903647,-1.294059162428672,1.4551373553242486,-0.2893765319378304,0.02690275090830708,-0.9754714745740314,0.05187939340172444,0
0.09915791756524035,-1.0182678150378068,-0.11251370797965476,-1.2607891757043708,1.4691772472759461,-0.2812393130987373,0.022161800171921753,-0.9755453250148298,0.052169910820516786,0
0.10079142608226589,-1.022311751049643,-0.11338901266355836,-1.2151609901960914,1.4199639443961831,-0.2245727327643751,0.018379668879018898,-0.9754510787933441,0.05200913058684047,0
0.10668227308834591,-1.02635612553622,-0.11409124132595169,-1.149217400845435,1.3008839194138029,-0.11626006950309618,0.01723359323562049,-0.9752692354566215,0.05016832299579485,0
0.11131920148647749,-1.0272110687383191,-0.11443546396085104,-1.114704787740419,1.1290246363861762,0.006788096393032617,0.01843390797734653,-0.9749244625930845,0.04737482639899644,0
0.11128804844890772,-1.02523860960998,-0.11511298135023543,-1.160103263355277,0.941499363832697,0.08249704739702925,0.020317982541373347,-0.9743129401246888,0.04570386431426164,0
0.10742775491696592,-1.022476745386206,-0.11630972083158903,-1.2699454992807244,0.7795522256536334,0.08029126747403896,0.021728480849590864,-0.9736348886088217,0.04603713899972189,0
0.10328663346144094,-1.0201393488170876,-0.11658473449010179,-1.383262518812864,0.6703810258500593,0.028886736060193256,0.022706733515973434,-0.9734156602907537,0.04728928044565506,0
0.10188413281387412,-1.0186965045437886,-0.1142172449668804,-1.454787669749343,0.6136971563033513,-0.024201859764943125,0.02351321410709324,-0.9740183850990203,0.04822355418168268,0
0.10360742187826215,-1.0184999221168534,-0.10951544413466133,-1.4796166721175852,0.5828304279788994,-0.06664593145072703,0.02377255200787949,-0.9751911509903327,0.04884766614539594,0
0.10648712393467276,-1.0192537673518658,-0.10485509817823752,-1.4713699943168277,0.5474698560125386,-0.11834271462540522,0.02295912254687828,-0.976231049650577,0.049613476655029506,0
0.10826014048418416,-1.020053646047718,-0.1023446131208287,-1.4462096952084564,0.5026751536743669,-0.1832209697361094,0.021408512902360694,-0.9766304289875101,0.05025896372277271,0
0.10840728642104829,-1.0207645970487018,-0.10198215225154081,-1.4314865378452426,0.47017196039646214,-0.22604148404455857,0.020388420651134408,-0.9765729709684499,0.050341209796232925,0
0.10821808832880035,-1.0223493821958411,-0.10222316929721287,-1.4620038978507417,0.4671492633527464,-0.20582104837630683,0.02089793532246275,-0.9766885316157327,0.05042776186309087,0
0.10890791555258802,-1.025041201398891,-0.10214999481747034,-1.5498203851381087,0.4856730562765506,-0.12323661470121482,0.022401840254435455,-0.9771778231068073,0.05155318595007875,0
0.11010438610567218,-1.0270384885864619,-0.10255574600001645,-1.6688984538271472,0.5101132373042444,-0.023545116621892827,0.023078394869136286,-0.9774321469139996,0.053337676452491656,0
0.11039314273410726,-1.0260321870760083,-0.10437745009671906,-1.7828919588857777,0.5377833086540861,0.04864648754852929,0.021706312945533345,-0.9768494743330194,0.05385480673979873,0
0.10902305775650903,-1.021982247958371,-0.1068833185025567,-1.8836496071927573,0.5658999103667613,0.09013350037337864,0.019323550927587422,-0.9757158771410217,0.052063725954407,0
0.1068200651333594,-1.0178073177533888,-0.10874557973178554,-1.9942320472377928,0.5721488402519048,0.1328353642262851,0.01858567317356386,-0.9748500411565476,0.04946255016443424,0
0.105380087952764,-1.0167998251696764,-0.11015013467681581,-2.1360374091915904,0.5324639573910837,0.20644998199176345,0.0210573789090235,-0.9747773139337186,0.04837839135640606,0
0.10537887004394356,-1.0192717169960022,-0.1118659391282232,-2.294109770177981,0.45570787204541846,0.3108261784999453,0.025316929952967932,-0.9758008078312839,0.049156015374600334,0
0.1060591285837366,-1.0224918538183692,-0.1127489029549343,-2.407159129664256,0.381911335693914,0.41159323982696233,0.028342915179469918,-0.9782885370587346,0.05003525808837992,0
0.10661223697285915,-1.0243636398323301,-0.11090630763646786,-2.392674846566536,0.34637550670240486,0.45518359687596893,0.028734202355534564,-0.9818840997300706,0.04955547244899786,0
0.10735115622521307,-1.025789061452367,-0.10750676679760697,-2.2010624376816463,0.36074248438292045,0.4029091627693153,0.027814866005005615,-0.9848014217611007,0.04804377044913285,0
0.10895014228225669,-1.0280042805369027,-0.10628168254150783,-1.8637779626615327,0.4278411255308003,0.2645685397588003,0.027565014499441372,-0.9851146783045371,0.04664167561855431,0
0.11112144902077511,-1.0291203574404602,-0.1082152827527923,-1.4932161683012768,0.5544750027003585,0.0953033722226326,0.02831836216832722,-0.9827863760821394,0.04580086404827419,0
0.11246792868351481,-1.025960283475946,-0.10975862834463411,-1.2294402007105987,0.7363883730801963,-0.044173054075031304,0.02870332737609008,-0.9795875624680761,0.045212405474031075,0
0.11130713192192314,-1.018907142178607,-0.10812192226067203,-1.1670872124657568,0.9371615650482361,-0.12274707072830834,0.027355552690119005,-0.9771430765880408,0.04475646278117778,0
0.10715591966311822,-1.012431246219433,-0.10569743965572291,-1.3045876274970603,1.0950187045626216,-0.14558795694368878,0.024496451161897633,-0.9757620496466761,0.04500959449366122,0
0.10225690862669977,-1.0104415974208971,-0.10636426834021785,-1.5477427308073213,1.1553697414221176,-0.14181463924992363,0.021863952613977274,-0.9749658061329922,0.04669708954856882,0
0.10055047153315906,-1.012798958546186,-0.10913664333249859,-1.767143634090521,1.0978650712605715,-0.14299064489082194,0.021024739253725624,-0.974499422599967,0.04966871975169495,0
0.10369977298023388,-1.01682532466243,-0.10942738684606056,-1.8658834073083896,0.9416861598673657,-0.16078803404574085,0.02182309445107919,-0.9747219924789372,0.052586282951516405,0
0.10906278185170327,-1.0206986624514753,-0.10631800922712435,-1.8126841169984078,0.7346885753551866,-0.18254209431528629,0.022693046262302674,-0.9760248389741588,0.05390622797368784,0
0.11260625166755742,-1.0240695515900107,-0.10415941133800213,-1.6389799564396452,0.5294050091291131,-0.19033170461832413,0.022462936645454557,-0.9778879180598697,0.05316278660503729,0
0.11262538411087324,-1.0260686372961936,-0.10592227739765037,-1.4221338412758118,0.3552217898525358,-0.18129666687728688,0.021550301584211968,-0.9790273991560157,0.05114048896541517,0
0.1100610070749251,-1.0250560856727138,-0.10913772479430232,-1.260227365698054,0.2139729684213078,-0.1667009206835487,0.021265648361095284,-0.9788211864952777,0.049063912711705335,0
0.10695280621851015,-1.0216678057271724,-0.11029956599698641,-1.2326734420448822,0.10232247706267263,-0.15283000188685317,0.022215460370557938,-0.9781044757784333,0.047910667275667965,0
0.10536176838894944,-1.0202155177081351,-0.10976312414286275,-1.3571674029675385,0.022018714870360126,-0.12794210104432036,0.02366519522490555,-0.9781666687191488,0.0480854967249587,0
0.10610288340194542,-1.0242718104214037,-0.10989043337054676,-1.5712047417595272,-0.03773739967902587,-0.0757692682109563,0.024426756489572106,-0.9793714423195871,0.04908956201184477,0
0.10773674624683613,-1.0315872143899576,-0.11098298587835365,-1.7590994411667134,-0.10571850329755618,-0.0015903229165534659,0.02411687479581011,-0.981120570601508,0.04949003737227999,0
0.10820306213962488,-1.0363013404415353,-0.11192174381402493,-1.8158579841553684,-0.19988723592239613,0.06941476839724467,0.02333787721045917,-0.982671568621271,0.047795209437040714,0
0.1077511864864413,-1.0358147285055015,-0.11326596713821573,-1.713060002997635,-0.3049923668945252,0.12580759549703413,0.022686683915066747,-0.9833712239731792,0.043874617429418186,0
0.10869348204107533,-1.0324792136950012,-0.11656663125018932,-1.5239634951054883,-0.39075782531997105,0.18445963817827135,0.021965186523162213,-0.9825348960630682,0.039476898820690616,0
0.1120475530046218,-1.0288371749291019,-0.12095544280857991,-1.3785831475322683,-0.44483287462693794,0.2585845103164668,0.020762106714083784,-0.9800524941169545,0.036941271757704223,0
0.11592379669854995,-1.0248583685809813,-0.12294227746260736,-1.3696163241278434,-0.4792987321341773,0.3257064499344116,0.01969762784328955,-0.9770362169283031,0.03731748451111406,0
0.11762186839860322,-1.020750532879018,-0.120034371758462,-1.489377997699313,-0.5074485207316172,0.3447589342301251,0.020309793881347578,-0.9750946711475903,0.03990012696492498,0
0.11629493290978903,-1.0190487587857693,-0.11348746423692273,-1.6569797041430308,-0.5197754381462967,0.299732382832698,0.023113669745433447,-0.9749449190055433,0.04327078339546197,0
0.11310519234155306,-1.0214624464087807,-0.10705384215696928,-1.7932950797795653,-0.4871542143023612,0.21242496564105418,0.026299106996692575,-0.9761377977941939,0.04636411371776999,0
0.109534594257157,-1.0254187237807193,-0.10306987102941999,-1.8577134318654038,-0.3923748912235451,0.11167886293082549,0.027248899506242416,-0.9778767422335968,0.048829758273740566,0
0.10647406648263354,-1.0263514262605409,-0.10073092122162036,-1.8340564970975362,-0.2577562347530256,0.002259907442537774,0.02524108014057873,-0.9796300475248553,0.050924211811764326,0
0.10461208697301638,-1.0232339522795175,-0.09912182806881317,-1.7194095811178847,-0.1309220653905648,-0.12704846492005467,0.022066952401192552,-0.9810534985515711,0.05302178175369394,0
0.10430773635616385,-1.020081831035257,-0.09977351061820937,-1.5376948889155875,-0.03581400189276407,-0.2694222707268865,0.02016331900339885,-0.9816864262157341,0.05497829939457881,0
0.10487821523894277,-1.0211691419014959,-0.1035338731047628,-1.3437563020851777,0.052666841516378814,-0.3871792874082368,0.020520252323597634,-0.9809543185480485,0.056123600397717334,0
0.10521804385800297,-1.0253854595158527,-0.10719058202271188,-1.19395192106909,0.17268116051535418,-0.4403579781163771,0.022074523422759604,-0.9786421164203695,0.05605181064025652,0
0.10519398050689362,-1.026785729057621,-0.1071384505271554,-1.1107896021024355,0.32020049542614615,-0.4241318479310481,0.022758434798519318,-0.9753988016164887,0.05520140188241164,0
0.10528004532358855,-1.0213623374571386,-0.10484421347641892,-1.0818528532634235,0.44521547952261814,-0.37141789112974016,0.02141963980044175,-0.9725370412758553,0.05442016792100508,0
0.10502994065492456,-1.0118863496175154,-0.1046089685571824,-1.089370240555913,0.5028827314161866,-0.3200222911566038,0.019006950935351447,-0.9710624839408671,0.053991945849826445,0
0.10354977183203357,-1.0049684564231391,-0.10710873686439945,-1.1297724122103368,0.4939550025235091,-0.283421796243191,0.01766332945684113,-0.9708737827498025,0.05330867061320527,0
0.10181712915168735,-1.0046333477159692,-0.10927124930484224,-1.2028945007006946,0.4510715239215141,-0.2531099706817119,0.018547619814184613,-0.9710334938671638,0.05173925377636327,0
0.10270626796985606,-1.0096582819109126,-0.1098258447353675,-1.2948946312572374,0.4004104266132006,-0.2192041856953555,0.020819442424777714,-0.9708054499217341,0.04974169910297069,0
0.10732970601947968,-1.015595603468467,-0.11085350367572812,-1.3842966102328593,0.34747502623617166,-0.1804586144427165,0.022665172915040485,-0.9702642117956268,0.048735359244937486,0
0.11243722772863277,-1.0183894731427106,-0.11346854804384929,-1.463644342217986,0.28943371110292215,-0.14036829748048774,0.022831128736149883,-0.9698558803980731,0.04972777908696529,0
0.11317899996971477,-1.017284733331585,-0.11528795088239466,-1.5447610402783223,0.22674381131455978,-0.10590627966944474,0.02130480213572282,-0.9696634010786851,0.05223839689638905,0
0.10837932869650507,-1.0148695742291831,-0.11365329562477114,-1.6374256929228719,0.1661096127050393,-0.08671860779803867,0.019116117194958555,-0.9694528476665711,0.054659604455139406,0
0.10190580140507545,-1.0136579235313607,-0.10969456971526931,-1.7293365742703568,0.12045002067290192,-0.08007616235705597,0.017456456767068897,-0.9692489402340764,0.055583921415126004,0
0.09853816691194904,-1.0132143851467355,-0.10753365080337275,-1.7973818872201957,0.10048270187200742,-0.058435216601453885,0.016684746231287528,-0.9693433682290684,0.0547211595577596,0
0.0993410368050113,-1.0117429789711776,-0.10958347828559037,-1.8401771947861705,0.10030711169779272,0.008096850686409949,0.01633062787105704,-0.9697766444460287,0.052697874846342106,0
0.1017035621295928,-1.0095410708434862,-0.1137933798915051,-1.8898524939894987,0.09921482916394388,0.11250091902368951,0.016053808484205703,-0.9702764525290791,0.05038170839427455,0
0.10305737215075399,-1.0090105885403202,-0.11623215036154216,-1.9830654715471898,0.08401027585039202,0.21099839884262467,0.016180434050040084,-0.9707356717792445,0.048594500493957,0
0.10310379526406774,-1.0112657510813858,-0.11552042878325522,-2.124492346461171,0.06290958561994836,0.2684009462112535,0.01720204892041545,-0.9714362721274024,0.04804598924758142,0
0.10259935862075747,-1.0143030938122959,-0.11320804734412562,-2.28805771074191,0.0531554751728352,0.2891940574185706,0.019047013713245964,-0.9726723741822736,0.04898456661416289,0
0.10186491909351378,-1.0152863953231088,-0.11021613931040473,-2.449202262330511,0.0608368608076648,0.29749117763652094,0.021095972206602212,-0.9742056656237741,0.0508868623053326,0
0.10131482920913931,-1.0137825414217032,-0.10543335659009695,-2.5993979644613026,0.07672916303617991,0.3010018904844844,0.022924631912065313,-0.9752497625138492,0.05273605403459285,0
0.10194703060081456,-1.0119393790506712,-0.09883548505015624,-2.7277460928744435,0.0895039121620067,0.287853238306811,0.024608617156518055,-0.9751950108469996,0.05369458643925185,0
0.1040119518751878,-1.0120187458698837,-0.09354819942602983,-2.810595641997696,0.1020578426765277,0.250720699548395,0.025879904403122624,-0.974343338096806,0.05365355203599302,0
0.10607906226043999,-1.0143975073790146,-0.09263859176856958,-2.836268842730836,0.13620160701574682,0.19732122407517053,0.025551932504273577,-0.9736787264529323,0.05339662453908827,0
0.10657662519980203,-1.0175356679139995,-0.09555429378228138,-2.8296457288280807,0.21942496550049834,0.13623192139492094,0.02282402345239297,-0.9737803603389542,0.054097228647925835,0
0.105682826170922,-1.0193882252007964,-0.0998917737060751,-2.8327548937221145,0.3627102208955899,0.06684606854002095,0.019028556075685904,-0.9742086685761902,0.0561136535706915,0
0.10470355153469418,-1.0191299789301536,-0.10473424034836094,-2.8606407397974536,0.5506706064714746,-0.010069061741608513,0.01689180000816832,-0.9742546280333119,0.058230716216682736,0
0.10405521989314633,-1.0177265195834928,-0.10960633668644622,-2.890455057537455,0.7547691091504054,-0.08136705703024728,0.017608158802235006,-0.9741070047442963,0.05872164878222797,0
0.1031037405422469,-1.0166681194348282,-0.11209630237907418,-2.895629006204766,0.9503465353546214,-0.12968884723486673,0.019508419114870338,-0.9748115788105955,0.05732833559792512,0
0.10196676052952051,-1.0164969541377262,-0.11001265690043267,-2.877292580168037,1.1137329504636895,-0.15068301339681264,0.020303498801766993,-0.9769308471630669,0.05556980910512776,0
0.10207532183152372,-1.017124599547091,-0.10527733115023477,-2.8586882450035014,1.2142097687341527,-0.15851956022943867,0.019953998547590217,-0.9794861532760761,0.05493222098359385,0
0.10429230257881032,-1.0190178609000706,-0.10265623563716586,-2.8612538679878683,1.2323121143784856,-0.17520952399933845,0.02033332809343362,-0.9806358814854323,0.055408088546104246,0
0.10729120270492142,-1.0227643215229074,-0.10415289514637666,-2.8919850886202485,1.188285671861212,-0.21586241645355042,0.022431277220749904,-0.9797279535165362,0.056006141378554065,0
0.10855419487800033,-1.0272015125510523,-0.10660617684928392,-2.944271621751539,1.1300583409992146,-0.28161195924301796,0.025071874778692424,-0.978356215835691,0.056067234614203675,0
0.10705334256826604,-1.0293032467554921,-0.10574158882116906,-3.002013535266511,1.0823821673803327,-0.36240622147753887,0.026528364349757888,-0.978573040733255,0.055762061557057555,0
0.10477628881927797,-1.0273297915253055,-0.1014692927252431,-3.04753918424928,1.022712670197328,-0.44748862701273384,0.026453501481997203,-0.9801675132724164,0.05561182023543773,0
0.1049460176165847,-1.0234811993222608,-0.09803940674191595,-3.076727580116343,0.9185006852404201,-0.5366551131870395,0.025789729497091254,-0.9808896463326285,0.055753754569804845,0
0.10826104984339212,-1.0213917781121282,-0.09945332918926934,-3.1094866423780294,0.7780289702031273,-0.6393771243659471,0.025380950477483327,-0.9796017092323098,0.05567696078039076,0
0.1117948528614416,-1.0211098353478194,-0.10565733542737693,-3.1783978759579883,0.6521907059629789,-0.7601180324430816,0.02525118196593365,-0.9778557908359287,0.05471306348294882,0
0.1124289723549967,-1.0192320382736837,-0.11273937076701591,-3.3009711437448774,0.5901022006732615,-0.8873776484013044,0.02507396524265288,-0.9775842431389572,0.052824131504748705,0
0.11040335491371761,-1.0145060217676718,-0.1160460751482928,-3.461424932284899,0.6028691633474641,-1.0002574885636253,0.02478184094419749,-0.9783490948646604,0.05090909869320199,0
0.10854006710416522,-1.0102211575992934,-0.11377627452492112,-3.616663982200142,0.6677959244720805,-1.0852178871136193,0.02444487034281055,-0.9781024724025218,0.05027782276610475,0
0.1087845364681461,-1.0096114326987295,-0.10814704937508603,-3.7181621487645438,0.7539289011919046,-1.1451573455197686,0.02391970658829079,-0.9761305333770508,0.05159841435861988,0
0.11043626428740036,-1.0115475730677068,-0.10257376343772524,-3.735444737223566,0.8389980021628443,-1.1909468299791701,0.02314877343225259,-0.9739655987870313,0.05415449863706594,0
0.11151166893040004,-1.0128382246331753,-0.09832631970601313,-3.670059306986119,0.913557378667868,-1.2251771199821515,0.02262928189758416,-0.9733548505950337,0.056246569736775276,0
0.11124296783216037,-1.012893077084945,-0.09536719065893537,-3.549444192598596,0.9804977893996847,-1.2398091915814324,0.022941645237919136,-0.974244029535432,0.05656236062336023,0
0.11068987817204048,-1.013760361344008,-0.09515556334173376,-3.403412257333502,1.0506172944103032,-1.2300263292884224,0.02383752109020426,-0.9750635362536225,0.05519273949502197,0
0.11071188519789338,-1.0165844544044695,-0.0995190140822058,-3.2478604034517975,1.133608027426504,-1.1991547707808468,0.02442971271150006,-0.9746287329878315,0.053328607452783235,0
0.11047679931551567,-1.0201566102823785,-0.10672416341981254,-3.0900987170579826,1.2281413113521145,-1.1458281308655505,0.024353107137620105,-0.9735018137700258,0.05219521098169177,0
0.10910236269252244,-1.0225700277172498,-0.11161194094999616,-2.936677820053373,1.3153311961730716,-1.0602509343090423,0.024141505800926895,-0.9732969373037286,0.052321600533794144,0
0.1076467410905324,-1.0227899493367614,-0.1110113856583585,-2.788263904120391,1.3636137996406223,-0.9403381236735107,0.024280271975716052,-0.9745725087543622,0.05342120041250117,0
0.10782961974046923,-1.0208068266963495,-0.1075567547259432,-2.6384085443374534,1.3509381595031584,-0.7972213760925323,0.0244735989051578,-0.9759312289154154,0.05460320282506237,0
0.10954058894055237,-1.017384323574957,-0.1065177710430783,-2.4896058734395585,1.2881993147607278,-0.6371019674383125,0.024286164152020097,-0.9757263581263864,0.054835185407821216,0
0.11113278689203199,-1.0138700931931164,-0.10926779089174009,-2.366337894807059,1.2146605165444984,-0.4566117943842032,0.024058789437627032,-0.9742202918788533,0.053673565495569335,0
0.11156074354974518,-1.0118497260214243,-0.11174398105243401,-2.3001629716468917,1.1615718572665088,-0.2733397779860787,0.024504884081444356,-0.9733363909037372,0.05184823266164971,0
0.11098390873728592,-1.01271281591891,-0.11010668351697162,-2.297266189740555,1.1173626094110412,-0.14439900484029325,0.02561236763991426,-0.974460735944312,0.050910851669031434,0
0.109957387335273,-1.0169819329099992,-0.10624970379292267,-2.326168270975561,1.0338961374769406,-0.12333462400096915,0.026654265322507004,-0.9771398872463977,0.05190166698076485,0
0.10909769942983341,-1.023225937566594,-0.10555930003437947,-2.3413825721264927,0.8787895628602564,-0.19580433043179546,0.027193262726126384,-0.9799049919023145,0.0543322346980066,0
0.10884185527238734,-1.0279147450175952,-0.10949954970449825,-2.3140743749120753,0.6869515155913785,-0.28206339423175036,0.027474228400267822,-0.981655819994575,0.056614347774365116,0
0.108675344219019,-1.0277960169214262,-0.11316615124203455,-2.2380907687439455,0.5492091921745851,-0.3113762041502827,0.027908584775459412,-0.981969852361749,0.05745719876695838,0
0.10731144872147265,-1.0229688328460826,-0.11157218619662518,-2.11938972879802,0.5359507330973746,-0.2784959119950427,0.028578246325062246,-0.9808463466465509,0.05691858031462142,0
0.10448465465672283,-1.0168890927314749,-0.10585900495990015,-1.972544645392586,0.6338971290480307,-0.2250306361141648,0.02908157393537516,-0.9789094826074889,0.056251832859374684,0
0.10205239385401874,-1.0131575590362032,-0.10093733943293572,-1.8230431680998218,0.7676476742814878,-0.18734985589703892,0.028647943626371273,-0.9773695197206256,0.056558471016609255,0
0.10239778700767534,-1.0127730670636304,-0.09923283987463014,-1.7003223024286378,0.8795843339098853,-0.17434226132655894,0.026685506306014323,-0.9768909941973738,0.057390920144154846,0
0.1057821464530754,-1.0142210026937504,-0.09979255205719767,-1.6238146374431903,0.9759498883399544,-0.17966398794791547,0.023445671301238626,-0.9767350512682798,0.05704547581129549,0
0.10970878858890516,-1.0152762758647702,-0.10178339920132588,-1.598836443305046,1.0951402580811123,-0.1941123585211448,0.020105878308203054,-0.9758147798674044,0.05462102244588153,0
0.11076073856758269,-1.014584551078272,-0.10527097800189185,-1.6278573036893327,1.245246785329285,-0.20414980264509835,0.01817140219972955,-0.9744044699637301,0.05133341094626513,0
0.1073329419592314,-1.01254422276274,-0.10905727934296297,-1.7192530002810174,1.3823085625410865,-0.19340183132479213,0.018486807256281105,-0.9739649942794976,0.04923605262191454,0
0.10164452842388769,-1.011352263562769,-0.11074968311083906,-1.8722780755089463,1.4472114729713046,-0.15600803070760125,0.0203045185126232,-0.9752341251624949,0.04910390319878832,0
0.09883686689446641,-1.01342835138514,-0.10926584636737097,-2.0497536213368495,1.4152955051659897,-0.1029549632527075,0.021560429168041625,-0.9771405381761067,0.050227942627059874,0
0.1022921778012802,-1.0188415609811086,-0.10541017083115072,-2.1817124251852484,1.305135922422915,-0.04786953785461165,0.020902837230438145,-0.9778904198412345,0.0518145796527914,0
0.10955442829313243,-1.0245915548453266,-0.10002589798499636,-2.2152212326002836,1.1472478152982193,0.008439938455788411,0.019394368571565578,-0.9769206377278019,0.0536779478728111,0
0.11452801155353388,-1.027193469005823,-0.09362523833035949,-2.1596846778747985,0.9598365211753052,0.07316514738144293,0.019376690688903398,-0.9754268266996379,0.05562297313537614,0
0.11401528083092574,-1.0258391987114812,-0.08818760327823588,-2.07259782735264,0.7583615702146497,0.14764898007113683,0.021704338562081097,-0.9747941238366618,0.056991788334040026,0
0.11056450000340427,-1.0224719563394824,-0.08682678920441163,-2.004265291315137,0.5753259346881401,0.22643814622324437,0.024909876385971266,-0.9750136835995427,0.057269436165683855,0
0.10870027473425127,-1.0192028961323392,-0.09011908357588554,-1.96524955522281,0.45597889597303015,0.305310000713383,0.026951821452703615,-0.9752449028401756,0.056842305573463016,0
0.1099775377619317,-1.0167046370907875,-0.09459975755508171,-1.9420923203207803,0.42925281761674333,0.3790849708956385,0.02693542799388348,-0.9753662048546758,0.05666997794744229,0
0.11221312986533805,-1.0150764163806496,-0.09663858143391955,-1.9300728345687763,0.4853770550217674,0.42938191492552213,0.025398150214218745,-0.9759305241197317,0.057051294284909945,0
0.1123219546355767,-1.0150375390367274,-0.09647692681898158,-1.9423294493193446,0.5858636005626624,0.42465535869271676,0.023851210274759234,-0.97685521203272,0.05703093289581932,0
0.10921310320521863,-1.0172355734936378,-0.0970625571225231,-1.9902183071118993,0.6937149053724633,0.3432426033954655,0.023756475651609113,-0.9772616707909231,0.05548584810741773,0
0.10450364710653325,-1.0204696846687153,-0.10005748485209441,-2.065003390042249,0.7895026414377682,0.19562998945903087,0.02513589500975158,-0.9767066937604344,0.052745400703329365,0
0.10114645292295225,-1.0218807785448873,-0.10420052878860848,-2.143587225706578,0.8630270284017119,0.015496276054548754,0.026448307485354938,-0.9757709453358098,0.050570856504420364,0
0.10140091340067722,-1.0199851912116842,-0.10706008878217974,-2.2063730628607447,0.903630763867976,-0.1707590773556054,0.02635855839427821,-0.9752962570914654,0.05039429668184445,0
0.10539824647869504,-1.0168287360665462,-0.10754463685935076,-2.2466287504800593,0.9068966160434428,-0.3548094855703872,0.025321974181588863,-0.9755502168700734,0.052097254539314436,0
0.11105617510905601,-1.0160367481304888,-0.10627115763358772,-2.270671363194025,0.8863906203483157,-0.526390231855635,0.024985720830017318,-0.9761416521983228,0.05457363961981619,0
0.11563276756273036,-1.01910743221743,-0.1037254528361219,-2.29512696449941,0.8709514762399235,-0.659591958832,0.026227107135795943,-0.976440106459854,0.0567594225882038,0
0.11751546966871981,-1.0240575465518216,-0.09964218891441914,-2.3367067784279003,0.8856516751720984,-0.7312596845336886,0.02831208484486395,-0.9761418475876316,0.05796445426659867,0
0.11628976821395544,-1.0270946852350369,-0.09517416537108402,-2.3930445010340957,0.9328700604312892,-0.7459075841679617,0.030020357467268968,-0.975555896581008,0.05807028513300544,0
0.1122220560745081,-1.025748722906288,-0.09374244594136423,-2.4333284998148983,0.9936571727059109,-0.7331708533038487,0.03096311532916411,-0.9752957717491267,0.05776869703134543,0
0.10724648520682148,-1.0213575247801348,-0.09746239929634437,-2.418141274069492,1.05165786543721,-0.7244589498619707,0.031475817827231585,-0.9756965839752983,0.057896161992493006,0
0.10513392129365799,-1.0182059407850332,-0.10376358080586559,-2.3341746974894235,1.113491414045967,-0.7373442458940541,0.031756192518283474,-0.9765061213117727,0.05827583187805924,0
0.10808518229488835,-1.0193460389138922,-0.10793964842523827,-2.206686214259647,1.2003519062241867,-0.7763344274465264,0.03163431238910486,-0.9770707760848183,0.05787672158877197,0
0.11358184458908792,-1.023706234562732,-0.10856809325783043,-2.0803187694749035,1.3225104991684327,-0.8386519957947538,0.031033612986404904,-0.9768454986211385,0.05618892835172898,0
0.11656474551346535,-1.0277155423115811,-0.10803341656563377,-1.9971502017178535,1.4682290309252932,-0.9182619230435975,0.030233853596695375,-0.975845873746743,0.0537997096069014,0
0.11447870697115793,-1.0288842527467026,-0.10780995461536197,-1.9900262398231785,1.6126953390067342,-1.0092162779477172,0.029526896864667296,-0.9748187505171685,0.05172855836807126,0
0.10918024126101782,-1.0275207982984522,-0.106172266811901,-2.073231031058396,1.7247874187908192,-1.1062095341596438,0.0288196958687524,-0.9749312905561178,0.050856841170668486,0
0.1045888128692773,-1.0259854930782841,-0.1019294289037816,-2.2193221755820978,1.7640032135571178,-1.2024518331452922,0.02777983196233754,-0.9767648034189103,0.051819734846180514,0
0.10319034623642893,-1.0266034774766053,-0.09778591248249094,-2.351467978489053,1.6887214398728654,-1.2921837206852869,0.026204151397292763,-0.9793945851567423,0.05462734069282994,0
0.10423576473778753,-1.0293745146614897,-0.09711262246311142,-2.380295275864496,1.4856840776320832,-1.3756094119734357,0.02412508287258367,-0.9809378420975972,0.058188275109797544,0
0.10499001498348051,-1.0312803129466668,-0.09885494260174339,-2.2636369026177094,1.1935642202873844,-1.4513434957166902,0.02186476563171054,-0.980225411593169,0.06077424736890475,0
0.10397296227615432,-1.0285683892566373,-0.09915924293711839,-2.039873778260086,0.8908920690460954,-1.4979621057194603,0.02002487230332511,-0.9776348964677256,0.06127159532247126,0
0.10254539670587873,-1.0204060055032862,-0.09769505367475415,-1.813054944655595,0.6559782182600427,-1.4726128806183147,0.019067423538552893,-0.9743188087566379,0.059659067651319606,0
0.10283258529318515,-1.0103411260218897,-0.09873421445770333,-1.7052646308690054,0.5323270481616182,-1.3440086146444619,0.019090986429087,-0.9710727304169036,0.056286019636865345,0
0.10494265217591463,-1.0039400060048629,-0.10509018695867614,-1.8055463674971481,0.5198169562845195,-1.1350638932797061,0.02030803837207741,-0.9682179299160123,0.05150800184552822,0
0.1072903485324355,-1.0043323872596843,-0.1138665705508931,-2.138104594862115,0.5860663905893838,-0.9294508269552983,0.023076802099862237,-0.9663636214204058,0.04637993568049557,0
0.10906941209559455,-1.009456182810637,-0.11981969964593997,-2.651263267965758,0.6848612827878596,-0.8258269030499925,0.0269406405117965,-0.9665795356068871,0.04280682866527968,0
0.1111348246415941,-1.0142572539354202,-0.12117846939740819,-3.2217397106377206,0.7728661778026477,-0.8760178237897757,0.030413280175214108,-0.9692056130468719,0.04214290528556937,0
0.11444764327502309,-1.0162781521334645,-0.1201773325994992,-3.6911584666602764,0.8184571435938198,-1.060408331966609,0.03236738745554825,-0.9728660792567007,0.04391093809644442,0
0.11834282974308337,-1.0179043302813604,-0.11843245585808797,-3.9421530243395573,0.8048318050335612,-1.3130451704098298,0.03302998283924852,-0.9756260232083946,0.04647748031410976,0
0.12042428135315113,-1.0219991921782128,-0.11440393264613193,-3.96074649726815,0.7375537454037031,-1.5624314378505288,0.03310738588607599,-0.977113371064343,0.04883309115752632,0
0.11826346878343678,-1.0271994073525441,-0.10702285372091196,-3.82293528145579,0.6525574163567524,-1.7566785721257743,0.03258233675456585,-0.9784980467338369,0.051256370667559135,0
0.11182522053076975,-1.0299042702089942,-0.09974354570736635,-3.6249654069652992,0.6039902334152766,-1.8720205766210378,0.031000317390973007,-0.9803535628086343,0.05430332284335952,0
0.10440939032828883,-1.0296619319747342,-0.09752371649776859,-3.4313957685524294,0.6325645359590537,-1.9118017287085154,0.02842539116723974,-0.9818882527947438,0.05762647070378038,0
0.10050366049809753,-1.029559334437979,-0.10019457351349212,-3.2707224574156246,0.7469902397227947,-1.895231363938615,0.02540450165507305,-0.9826902015177211,0.060091465121299203,0
0.10189826704121871,-1.031404929076782,-0.10252747128208232,-3.14740234552899,0.9329568567632742,-1.843773638358068,0.02232526354137386,-0.9837816685956164,0.06086589218494452,0
0.10578203998892174,-1.0332892171982697,-0.10150665877683362,-3.0468538483584275,1.1612153694812786,-1.7808155847591147,0.01941102417623273,-0.9859242628585503,0.0599399599286199,0
0.1072910637967068,-1.0324921457065568,-0.1000616477020866,-2.9511600825263913,1.3759367302225152,-1.7367325440295593,0.017090077173518816,-0.9877617455350387,0.05760487462142016,0
0.10444329711590616,-1.028712118636119,-0.10239866866172133,-2.8746879476206133,1.495085551991684,-1.7326157953268724,0.01603097032799694,-0.9868831975234124,0.05401643733617078,0
0.10016742733507215,-1.0236927989995968,-0.10869230473453742,-2.877615083402044,1.4552833208738962,-1.7488664522475283,0.016954562655748635,-0.9826211651616555,0.04948767727951511,0
0.09899833609967049,-1.0190656904811641,-0.1156893454285262,-3.020720650811824,1.2669931283284999,-1.7249652129220767,0.020054039691050775,-0.9769443646934252,0.04487849841467399,0
0.10227594876848288,-1.0153886918363204,-0.1200297435372274,-3.3068483166724247,1.0094163647309116,-1.609518726900678,0.024095832233233427,-0.9725488632545691,0.041572797354911366,0
0.10721876748787491,-1.0129401005468621,-0.11996729521504816,-3.6817481486655246,0.7582849892944756,-1.4121310807903773,0.026746636231173865,-0.9707840069546737,0.04098478197668066,0
0.11030992555992093,-1.0127897931301602,-0.1159072454453855,-4.0791242221850235,0.5293430019880017,-1.196773232474443,0.026632911774133936,-0.9714749803421135,0.04349306512647289,0
0.1107195669976608,-1.0161010050632628,-0.11031109526371406,-4.439806074525888,0.3062334352038585,-1.0237588402615876,0.024730271247388975,-0.9738420820340002,0.04747980658585186,0
0.11006038423585304,-1.0218043859845143,-0.10610992456787348,-4.707366897266433,0.10890549070709751,-0.9082777304471751,0.023150996321570368,-0.9769713940443179,0.0501088812331078,0
0.10945750734006303,-1.0260815846106603,-0.10456441310315287,-4.856703792990858,0.002904379503150447,-0.8365148160994478,0.022840712004980564,-0.9798273660514332,0.04994157944798013,0
0.10841409853177988,-1.025803893004276,-0.10471950663012285,-4.936739524400678,0.03655320951381157,-0.8040695653955986,0.02299186405993911,-0.9816403796873461,0.04850805239577964,0
0.10701473574198642,-1.0222713977797164,-0.10484293878162977,-5.045572766458993,0.19687726459030866,-0.8216334622415471,0.022723031856152848,-0.9825275919410492,0.0484519294332015,0
0.10726251679339709,-1.0199979982655267,-0.1043418503518175,-5.240021056718713,0.4414352164143405,-0.8892353280203767,0.02280578381097635,-0.9833963154568982,0.05034066546709069,0
0.11067499574595449,-1.0216695957133022,-0.10435856596239756,-5.482770405541343,0.7471239723898223,-0.9843135322493792,0.02514789433549549,-0.9849616876713227,0.05230617278048742,0
0.11587089591172463,-1.025726030059058,-0.10625565754980432,-5.682411422162659,1.1006117693279833,-1.081964411102154,0.030428119767452463,-0.9867934471289332,0.052779056308293285,0
0.12007811219273903,-1.0291008086505538,-0.10943594154097303,-5.767067385023903,1.4597986083083216,-1.1775293971271268,0.036579788013075445,-0.9874155743396459,0.052254311969305724,0
0.12208307695803684,-1.0306440846077631,-0.11141466877378187,-5.721098354186181,1.7654435566445223,-1.2821372233116914,0.040133320876878036,-0.9856580388490881,0.05184702601609954,0
0.1222284859771397,-1.0309766020992497,-0.11065848322706454,-5.581912637185701,1.9939256185022192,-1.4011570831681042,0.039364908904232644,-0.9820287543185234,0.051475610122467604,0
0.12037607278279118,-1.0302092796821294,-0.1085940106904028,-5.4182174049793375,2.167233144818606,-1.5244701486920085,0.03582937037578392,-0.9783606086023076,0.05064760906888444,0
0.11584013201876231,-1.0272446946100597,-0.10768738857614804,-5.295539776331463,2.301880413004866,-1.6359908097083367,0.032316644492712376,-0.9759625824789132,0.050042420351240124,0
0.10929531030891636,-1.0215926715755703,-0.10810005380519444,-5.2439149995077745,2.375677103646594,-1.724331703054137,0.029672665316379254,-0.9747262748303616,0.050786688798781315,0
0.10326542580155722,-1.0153661359563804,-0.10793371231461626,-5.255810963751279,2.3658530132920954,-1.7817805199316352,0.026635038331691875,-0.9743086959279552,0.052558915625682504,0
0.10041218136428805,-1.0124317359383388,-0.10651660361714282,-5.316881494616935,2.307778113394314,-1.800936903449605,0.022842824949510322,-0.9752052952089408,0.05375932287057567,0
0.10180373715487388,-1.0145873380571928,-0.10520217956832958,-5.4341543029631545,2.292528503718093,-1.7792953928401136,0.020669877800789493,-0.9777091816953297,0.053565042981412805,0
0.10654650202946135,-1.019037958956247,-0.10480804733226616,-5.623582018060921,2.400717529899397,-1.7228250398532898,0.023173290739886106,-0.9804069879069467,0.05286736542075863,0
0.11269778304246676,-1.0210858241122998,-0.10485029159943687,-5.86423267459879,2.650753246844417,-1.6389145303371166,0.030894520010265842,-0.9809734725403545,0.052905663162638734,0
0.11886068904819541,-1.0192555778037384,-0.10590457002243224,-6.0807513351686815,3.015627300517787,-1.5306007033222384,0.041309064624222125,-0.9786872893909363,0.05344886038574082,0
0.12517420348196787,-1.0162443793869052,-0.11004717483329413,-6.200195599877107,3.4681251191570457,-1.4066704009971451,0.050748106274535146,-0.9754174884279807,0.052825815483549546,0
0.1324461521828091,-1.0149129585044612,-0.11729156649073728,-6.233687590759786,3.9866265330992463,-1.2946283299710823,0.05638775187117755,-0.9736800271580165,0.04995755221003684,0
0.13996031042711027,-1.0153004246442556,-0.12317702598913337,-6.278543608065168,4.528085058513565,-1.2279299654462157,0.05713517171251229,-0.9740825903511344,0.04611743690266934,0
0.1443094426300609,-1.015901131793677,-0.12210844647726221,-6.416857019883886,5.026778986488567,-1.2096655099269056,0.05342382603637486,-0.9750583759778422,0.04419256970585428,0
0.14133147404079424,-1.0160278272266805,-0.11346742086435224,-6.616572298158386,5.432286286180454,-1.198623110261092,0.04644924042705102,-0.974802989776139,0.0459140497898044,0
0.13028766262155841,-1.0162344341819156,-0.10350897235365258,-6.757119153393835,5.7428375766537885,-1.1489009610984893,0.03779066842646023,-0.973168131487551,0.04986909998141447,0
0.11586206163945852,-1.0174673984440288,-0.1000447564566445,-6.768781092390679,5.996136781555441,-1.064695413793322,0.02944649007741151,-0.9719616546608001,0.0526401090924415,0
0.10455147852985108,-1.0200853432239998,-0.10434165918828754,-6.7369815762373335,6.217729970245969,-1.0028781476300468,0.02312936619490347,-0.9733947038032015,0.052329681309042315,0
0.09877219321368552,-1.0231145279696539,-0.1089671667592728,-6.842306300101785,6.365069372502101,-1.0119722832679232,0.018932460905381608,-0.9776778673625492,0.050732201223042325,0
0.09592122149107603,-1.0247484974199377,-0.10561752709525474,-7.179533974943637,6.332582939923075,-1.0692019209058479,0.015474694644247914,-0.9823030159513173,0.051343694581281095,0
0.09363746105653331,-1.024294976746633,-0.09507169128917717,-7.644083184871122,6.045569016554157,-1.0864216237456212,0.012251838501056937,-0.9844353086909919,0.05523959302483459,0
0.09394515646845539,-1.0233169499660464,-0.08692065113117639,-8.017998456399836,5.561842874566604,-0.9866379987654532,0.011385213102758135,-0.9838703991715307,0.05967384919670863,0
0.10025364697433072,-1.0241431012174727,-0.08855616426464522,-8.17157362771532,5.0544225347924465,-0.7732330648239129,0.01581058379283396,-0.9829438800337204,0.0610273623032558,0
0.11132469129646999,-1.0273669919523414,-0.09677424830116228,-8.168461122401219,4.66965164649045,-0.5211601091867496,0.02538544530990796,-0.983649125861723,0.05859605182166518,0
0.12108118458787852,-1.0312215615857205,-0.1021896304401149,-8.176597415382043,4.411579694662459,-0.3073296221086473,0.035673284037173514,-0.9855474422712992,0.05502030258123677,0
0.12503559285848467,-1.0333579233304142,-0.10036911142845856,-8.298471385325126,4.178762831808403,-0.15312519989654658,0.041343196683864804,-0.9866987772625515,0.053233099631700496,0
0.12439682018049596,-1.0329643398308088,-0.09581823148051626,-8.496929134076543,3.8933731017478883,-0.02451747475451966,0.04049053869874281,-0.9860415819824357,0.05356660167362525,0
0.12224055888463574,-1.0308939662106136,-0.09538311310512061,-8.668288441337685,3.5630179950282224,0.12221735223075424,0.03521945838762428,-0.9841991901594028,0.05395646636126747,0
0.11811192423240818,-1.0279598716943952,-0.10079741186094895,-8.764308691387003,3.2302730389126166,0.29600222145670824,0.028644510146454864,-0.982144708182287,0.05237117862990575,0
0.10974515951185475,-1.024158556155832,-0.10845126510493067,-8.835123634534861,2.916912289222848,0.46591935757828123,0.02237843026134528,-0.9799275734204077,0.04858585269601455,0
0.09921421258200094,-1.0200975451733971,-0.11398660263103746,-8.96406352943461,2.643428628448558,0.5907512580309096,0.016928106025031333,-0.9771311501194031,0.044008294935763685,0
0.09335857517582646,-1.0179563835435907,-0.11599620567056805,-9.180368719487344,2.4664644848589368,0.6497594316837789,0.013355357955076707,-0.9742066118716796,0.040426750420908326,0
0.09647990117187522,-1.0194090393656718,-0.11660164938476039,-9.445144450918441,2.4515748975578777,0.6526799515346418,0.0133653336664384,-0.9727558088445125,0.038907830772162734,0
0.10487572858422001,-1.0228822984018866,-0.11883566384988022,-9.708672688261611,2.606130761584276,0.6250815676815152,0.017447367916364313,-0.9742172238266653,0.03946310411213829,0
0.11090268424869941,-1.0248360977971644,-0.12278132848110655,-9.95811986491147,2.8554583954547583,0.5776352508936499,0.0234279860074397,-0.9784188337383407,0.0415214113728219,0
0.11160117202305546,-1.0244087263419268,-0.12489574800026006,-10.205389835272069,3.085022496943298,0.4910400729525239,0.027693723298114536,-0.9836369821243935,0.04462335657515142,0
0.11088848594211827,-1.0248996183836891,-0.12188141448951172,-10.448868124978016,3.2027545887236473,0.347450600706344,0.028450755353424548,-0.9879798826982151,0.04850483569793627,0
0.11314903705949499,-1.0292478415956996,-0.11436020692461957,-10.664224111411176,3.1756712606030004,0.17952470061222284,0.02755715533402513,-0.9905989177519819,0.05251012316472473,0
0.11739750056121542,-1.0355923316593685,-0.10622218764563834,-10.824008790453306,3.0285058631594426,0.06650585597837111,0.028346443278167842,-0.991881217856235,0.05537362554822929,0
0.11943503720100682,-1.0394760912180367,-0.10152808368046774,-10.90874606417413,2.816528603110794,0.06800886748707285,0.031626109287360905,-0.9929063255313215,0.056083118786091575,0
0.11793210069079292,-1.0397269575815855,-0.10237627730868079,-10.904575089872587,2.593785318162439,0.17332859823775076,0.034804609054455704,-0.9946242958831372,0.054815350861368094,0
0.11566492106188932,-1.0394539387804815,-0.10792778288652102,-10.813592373355634,2.394030538148757,0.324417186161903,0.035298178512223284,-0.9970965992308559,0.05251313161936893,0
0.11486300644419312,-1.0409057753989253,-0.11433401276845674,-10.67413859469532,2.2326792705597653,0.4739621171509743,0.033763409993533444,-0.9993812289679225,0.04958494712761093,0
0.11405435216080614,-1.0424807660124134,-0.11714888351503587,-10.555757713188509,2.125720365263927,0.6073401196167679,0.03305439429201849,-1.0004134302147178,0.04558319273870795,0
0.11114645943687616,-1.042551423454354,-0.11561731253013033,-10.51837593913594,2.103304008422026,0.7215255074151682,0.034539368458800714,-1.0001638980923528,0.04039103276967321,0
0.10796395396278732,-1.043234830412745,-0.11396225095655806,-10.574101596118046,2.19626865127687,0.8096086737099996,0.036701045477666734,-0.9998516284752718,0.03523375599331092,0
0.10894835521337971,-1.0472351188054143,-0.11674931522468865,-10.69651993303519,2.405297318916121,0.8738808770147108,0.03751892437501372,-1.0009893380361243,0.0318581522152214,1
0.11504307697076507,-1.0529631722174568,-0.12337182787049512,-10.869451288906776,2.6841887785672274,0.9365777361064994,0.036963521895020154,-1.0042378997859769,0.030740578759684202,1
0.12119156049956388,-1.0564657283300798,-0.12900073191326586,-11.111994863726121,2.9550569360547265,1.0188046529281463,0.03628091031895744,-1.009098060297746,0.03067858140563766,1
0.12153167585390358,-1.0573843185037346,-0.1305870483239423,-11.440391866329877,3.1457731139942164,1.111361092918163,0.03575350272050232,-1.0146806066438592,0.030210556997228372,1
0.11595146433334404,-1.0596249673260334,-0.12959000382317076,-11.818488743962433,3.2198750313491873,1.18398882283907,0.0346077963016702,-1.0207885858657673,0.028896820124013886,1
0.10976747113693049,-1.0661931850385813,-0.12915067166950286,-12.182554621558666,3.174740486658994,1.228505728164389,0.032809395574732864,-1.0280393723680559,0.027098751331570508,1
0.10732112146585854,-1.0763449401000214,-0.13122681266901998,-12.528314447822668,3.0189828975547646,1.277359077768133,0.031204893544054802,-1.0366907174398066,0.02503020926265397,1
0.10754826505994473,-1.0879312796172782,-0.1361021480049337,-12.93868825654922,2.7576502481616547,1.369569495582425,0.02956207707303499,-1.045524235309543,0.022373044701011483,1
0.10632835860350162,-1.0992818312245876,-0.14217887813462943,-13.490281958561646,2.388574729646244,1.5098382294678938,0.026330867362121008,-1.0524372703124854,0.018699967425309136,1
0.10209127202382894,-1.1082170034527932,-0.14708857183400567,-14.148534175019885,1.899345775268333,1.6689576477964594,0.021431600041383517,-1.0565379575034723,0.014047341565354102,1
0.09782856033200965,-1.1127132959172543,-0.15096287150616058,-14.789280706848276,1.2784236362749515,1.8062411276372392,0.017876635976760133,-1.0594480894161264,0.00891415475723028,1
0.09760901116200471,-1.1139557076618234,-0.15644849743141445,-15.320037493273428,0.5578088726046395,1.8753391407831255,0.01918753979598254,-1.0639751424088555,0.0036795457535115836,1
0.1023966904077945,-1.1160795291122456,-0.16358061655250367,-15.76036945279645,-0.14408552933056787,1.8259238729961478,0.025601120161852932,-1.0713490412139057,-0.0017422190931610587,1
0.10980328678559115,-1.1215488736795227,-0.16818476415674813,-16.21136766999181,-0.648567293519484,1.6289433804399671,0.03340991866917399,-1.0801166913248847,-0.007440826003101405,1
0.11647438516365675,-1.128671076705913,-0.16815074962646626,-16.764846786819387,-0.8272833429784633,1.3054121429388639,0.037753949541685615,-1.0878237994742976,-0.01285029189537546,1
0.11942882091962946,-1.1347508046997792,-0.16765304880479356,-17.43782087085415,-0.7020013795214755,0.9208830329524147,0.036201349432955124,-1.0933841554917387,-0.016876130130168795,1
0.11681528975301675,-1.140343388556427,-0.17162491601869315,-18.175802612805295,-0.42211245207993336,0.5504106597044256,0.030486866570149772,-1.0977601730815791,-0.018759080552242784,1
0.11033672790968155,-1.1489384763503783,-0.17863210911161764,-18.904133432644386,-0.14036556410278003,0.2460412865474656,0.02529306522106874,-1.1028359338088911,-0.01871860407507309,1
0.10616449704866038,-1.1621916499989202,-0.182647166672137,-19.5705320861613,0.08216620411963614,0.01661807055955226,0.025045427405709073,-1.1097361179921401,-0.01789334520172638,1
0.10971554127013247,-1.1761740773117064,-0.18094243284813705,-20.152149346772877,0.2675403501936104,-0.18113161148627638,0.030874849606953438,-1.1176223041031417,-0.018015713387814488,1
0.1189566374539379,-1.1837128110815622,-0.17808353467021207,-20.65646238268916,0.45599004099432683,-0.4186162248829202,0.039625715745785314,-1.1237979280090993,-0.021091068485744626,1
0.1257962487167989,-1.1814751415241465,-0.18167172385583702,-21.13831624543725,0.6587133951035972,-0.7343567531882274,0.04582549772040308,-1.125703772752117,-0.028459245225320322,1
0.12477324452813282,-1.1742902379863556,-0.19405156079383085,-21.69783947808334,0.8497082579654022,-1.0977586517622817,0.045511593190713316,-1.1236655318053232,-0.039055173155929254,1
0.11805831593307305,-1.1710272388351533,-0.20851153917264426,-22.426191651144055,0.9800804585162904,-1.4544439456185376,0.0387592672399015,-1.1213277791095406,-0.04870651535246668,1
0.11138438376191942,-1.1756086528838192,-0.21495540357967755,-23.33720008539689,0.9990923199305689,-1.8012754308854908,0.02887728028178684,-1.122377618700182,-0.05246010769588269,1
0.10753851656339519,-1.1834097287292766,-0.20976718690221247,-24.347184522776512,0.8775974916301317,-2.184689464813065,0.019706629649584664,-1.1268724168815027,-0.04850091057666745,1
0.10526628171624927,-1.1877210918002028,-0.19905408490337884,-25.3149013690801,0.6277894687460475,-2.6186213646834635,0.013612798066589073,-1.1315866938946006,-0.039708706411278605,1
0.10256627756298574,-1.187810658854956,-0.19182387128660416,-26.114951821751237,0.301449502661351,-3.037281566654455,0.010948706942672422,-1.1337683785536636,-0.0312302870603885,1
0.09865680958140859,-1.1878661780425084,-0.19126952200348962,-26.710609840234536,-0.0447654804574697,-3.3516426696546904,0.010391804653200769,-1.1335592719327985,-0.02656233585428115,1
0.0934059611354461,-1.1896695462875337,-0.193809772927724,-27.178922044106745,-0.39922059499377033,-3.5292949273250676,0.00976814974771682,-1.132794972181284,-0.025714281103708984,1
0.087158340275537,-1.1902843746266119,-0.19531075571105663,-27.65365407740114,-0.824273110769725,-3.587355783981287,0.00733711450269658,-1.1325488708429157,-0.026661857150431102,1
0.08160827587403835,-1.1868815682291105,-0.19552473096310674,-28.221243309581837,-1.4355958895890617,-3.5240879231025892,0.003202410283118966,-1.1322930890003426,-0.028148123918939675,1
0.07965023414834672,-1.1807451964970688,-0.19629512037512364,-28.86127972725053,-2.326499828691528,-3.3105579880033122,-0.0001403605569805014,-1.13096108140428,-0.030715374096276876,1
0.08351342497791986,-1.1757175452007669,-0.1982573529479696,-29.48425184656497,-3.4758770625762314,-2.9694916871703745,0.0008887001920599811,-1.1284381450968677,-0.03503215164610322,1
0.09268536910040019,-1.1743672718683293,-0.20054788987208014,-30.01927915894476,-4.717699005461595,-2.624890876771479,0.008100175897143123,-1.1259067764890696,-0.039955720280806614,1
0.10355894215684323,-1.1766088770735732,-0.20212151262782652,-30.461653174276442,-5.814186439401116,-2.430430465719395,0.019249250837585066,-1.1247036012074312,-0.04310017863387523,1
0.11157294161714817,-1.1807966565424182,-0.2026424815153949,-30.850797670957405,-6.576269486348964,-2.442621183690913,0.028879412779410238,-1.1250613117712596,-0.04341048459571604,1
0.11430573189900206,-1.1842957960550518,-0.20308241432439433,-31.224508572657015,-6.934635447892726,-2.5780795249243114,0.0323768896685877,-1.1260846959345454,-0.04255555225044924,1
0.11279874991066083,-1.1838413249877198,-0.2052127682483982,-31.597257895102768,-6.928218910211456,-2.699496020773694,0.029551721290600293,-1.1265802781959564,-0.0432728196360693,1
0.11014129464993841,-1.1783578358136797,-0.20922184286491052,-31.96672049826735,-6.649142899560958,-2.7367061885447925,0.02406201401092181,-1.1256846618186869,-0.04657309842760085,1
0.10892998144009454,-1.1715230061196826,-0.21233308809464735,-32.32803948144888,-6.190140796755861,-2.716281798981541,0.01973364262267058,-1.1231543900387353,-0.051001727534802116,1
0.10977865205354392,-1.1686374109088036,-0.211530528967457,-32.681251545124816,-5.617318894927583,-2.6786739579986665,0.01796710157251255,-1.119680474490338,-0.054282732868909514,1
0.11159785605191619,-1.1707684564140426,-0.20761336890445148,-33.03072989815478,-4.97774056365093,-2.598278779050979,0.018057928153392376,-1.116963650806222,-0.055104037998541196,1
0.11281126314101353,-1.1744787574495295,-0.20490793001027147,-33.377299713706314,-4.328844897414554,-2.41987342277566,0.01877712057590958,-1.116870842629125,-0.053700862961265736,1
0.11244673882078958,-1.1768407386556996,-0.206610499295932,-33.70138431796486,-3.74720928052117,-2.164588813090644,0.019463517166578494,-1.119765826966668,-0.05158172954961513,1
0.1107209730894529,-1.1776901200592942,-0.21177618692131173,-33.95087861157226,-3.288891759859229,-1.9515009610317673,0.02040649954657107,-1.123317784971572,-0.050871304208805763,1
0.10908837170748623,-1.1769249694953845,-0.21756788090718399,-34.065593662162826,-2.9330141188981607,-1.8914704144487386,0.0225300235924239,-1.1234253739915263,-0.05346627314156005,1
0.10949701575102948,-1.1725670206466816,-0.22320253593566325,-34.045244752071184,-2.5713224878235703,-1.9866573958410052,0.026339208640037193,-1.1174169137911296,-0.060187707162282535,1
0.11280010634088902,-1.163061918413287,-0.23010882609876424,-34.00332900835087,-2.0703557726566295,-2.1581661309159594,0.03115976461402797,-1.1069885567553996,-0.06999683273878249,1
0.11768164268317055,-1.1509516744958033,-0.23845217618632614,-34.124951689256356,-1.3674210964828555,-2.353764917546721,0.03587376693254666,-1.097614426889725,-0.07973527214777248,1
0.1219647227671232,-1.1429317995291202,-0.24532976248824562,-34.522556720812545,-0.5229577043727196,-2.604373943132551,0.04020430494249334,-1.094222744412956,-0.08552952327165599,1
0.1250368815598737,-1.1438687633839422,-0.24770522822228366,-35.104381613489345,0.32448198028268627,-2.9847713690559603,0.04432297926575974,-1.096681926991771,-0.08593229547148606,1
0.12750092727056228,-1.1496613363174013,-0.2467925424112915,-35.60881102155408,1.0740574300798567,-3.531925041282845,0.04711459036323135,-1.0993449662886,-0.08413801592463803,1
0.12831172631647778,-1.1494159732680258,-0.2481230886461194,-35.829066855601496,1.7482261903703056,-4.178711852457376,0.04627162531795202,-1.0959178283624886,-0.08601069364320743,1
0.12464352169093439,-1.1378562860450652,-0.25613012668115404,-35.8305522082256,2.4539560821799915,-4.7455219168448535,0.040980656000145325,-1.0857296515947943,-0.09464483980714782,1
0.11572245582595621,-1.1223408418549943,-0.2689051555467634,-35.905323961623594,3.2317090805591513,-5.028207364361364,0.033362877916009386,-1.0746408391052595,-0.10687163220895046,1
0.10537631676591969,-1.1135167010609344,-0.27947721547481846,-36.274377883601666,3.935613321764408,-4.949647345709682,0.026555694531744316,-1.068742402548258,-0.11598516799430982,1
0.10011515037957928,-1.112243147311555,-0.2828154833646523,-36.865944662255544,4.2990563217148905,-4.647996787380193,0.022932368948542555,-1.0678749806908077,-0.11828913203480367,1
0.10457410196769094,-1.1108106831142412,-0.28093171733245526,-37.433044916894886,4.158523271281219,-4.40698613408654,0.024406526064314364,-1.0666198339255284,-0.1166842682729761,1
0.11707629083289603,-1.104736969269728,-0.28029059004753965,-37.866318900144,3.607980847829112,-4.470613066008881,0.03132179707538005,-1.0608975957250457,-0.11747161692822734,1
0.12931037182791782,-1.0976304586003285,-0.28465269699290796,-38.32216842715377,2.912779172584033,-4.875678093399222,0.03989696924093893,-1.0519700079943344,-0.12378690444303929,1
0.13302166480098837,-1.0944265341933592,-0.29179653211777523,-39.02194269753356,2.294959764763101,-5.428416778877372,0.044187707801286905,-1.0442486503491708,-0.13300900586303838,1
0.1278437814509196,-1.0945866035343181,-0.2972152810257922,-39.97790829408986,1.8370349773960235,-5.8553399516119535,0.042412455081989445,-1.040803972917328,-0.14069167628887985,1
0.1209627501934993,-1.094369616204401,-0.29928122585111827,-40.96110026598491,1.5571085357677301,-6.00788966217504,0.03898990115734919,-1.0414783131553316,-0.14536741508336193,1
0.11962192864482826,-1.0932977500688632,-0.3000468837716294,-41.703084114164106,1.4834928318291105,-5.9425802002535235,0.039224069680503126,-1.044168501651469,-0.14851107730096177,1
0.12523485909187193,-1.0945131863936932,-0.3023229771961489,-42.06716522319329,1.6142869616099091,-5.82766158043571,0.04381531509964047,-1.046802893940712,-0.15144539722853254,1
0.13344132904024253,-1.098490897084855,-0.3071161981635979,-42.036245235022335,1.855981227846599,-5.792927666961715,0.049213206330215004,-1.0482821381832588,-0.15404022212615642,1
0.13837201430065754,-1.0998915846350918,-0.313093297215583,-41.62506768145323,2.0734241804718794,-5.8569296766935555,0.05196750095762763,-1.048281475536183,-0.15576505160099505,1
0.13752783592621187,-1.0929556778453693,-0.31725453859337915,-40.87005849015782,2.2133897248881573,-5.961562688171811,0.05198486653220069,-1.0465294138266314,-0.15654872990809696,1
0.13373873713352288,-1.0786990492547426,-0.3169991373508744,-39.87781518614213,2.346324744560905,-6.049532796861212,0.05189971530052291,-1.0425400166570897,-0.15680049517835734,1
0.13280728509672995,-1.0646768253692327,-0.31334320479781863,-38.81939874336131,2.5797322680596135,-6.10658336054976,0.05389929566459156,-1.0361011406891045,-0.15755983199530305,1
0.13848817845726888,-1.0575884390067254,-0.3112785274994246,-37.857770597497954,2.9616424192283106,-6.1466463167442384,0.05766937929123811,-1.0276329495192604,-0.1601601125999015,1
0.1483772001389241,-1.0572827558716738,-0.3148584662928041,-37.086811529991955,3.466999532524795,-6.177682926875608,0.0611534397959455,-1.0180451990140955,-0.16458963977219898,1
0.15502127251128786,-1.0579955839833386,-0.32244733988286756,-36.51451141890735,4.024333822514182,-6.189635659557276,0.06251913020845459,-1.0085351202109634,-0.16862441125004815,1
0.15289447866907263,-1.0541130097457025,-0.3283712744947242,-36.073476321389414,4.5284202478464035,-6.170641208788625,0.06137342231971493,-1.0000725697274953,-0.1698508892468903,1
0.14409166085458733,-1.044315331708919,-0.32868625824741887,-35.664813725391106,4.867622303227565,-6.130780597143788,0.05864465702072802,-0.9925680232271984,-0.16837636564228214,1
0.13545153531878332,-1.0313639461413555,-0.3243000119103752,-35.2292347530372,4.992792563017654,-6.103090353507227,0.05551093347557705,-0.9850379421654654,-0.16652327020442978,1
0.13112086670209583,-1.0192057290779575,-0.3190550086994238,-34.78152514098851,4.9721455137451525,-6.109296567177716,0.05260292813580325,-0.9770102504253743,-0.1658780034105616,1
0.13034492712773513,-1.0104745155376744,-0.31568534963711425,-34.368306375171805,4.9562659234567565,-6.126613694286736,0.05037616508768273,-0.9692602956684329,-0.1654594037866051,1
0.13123470473554796,-1.0056880717633498,-0.31365818400970724,-34.003219376508966,5.067077894289582,-6.105612051208027,0.04961051460114855,-0.9628564617223854,-0.1631112870085643,1
0.1332691819234412,-1.0034339996269181,-0.3107923497963618,-33.653911279390144,5.315574183160167,-6.028628220842185,0.0507206413795333,-0.9580083034609557,-0.15841551640701687,1
0.13606339040475132,-1.0013150621444757,-0.30697989344977344,-33.28194081324376,5.621681701304725,-5.942917246447197,0.05284574490509261,-0.9541570729289535,-0.15396243492100362,1
0.13846949491872088,-0.997802340592365,-0.30584792093815155,-32.88599620821845,5.89634762044262,-5.922522807583014,0.05443877692986447,-0.9506674899718385,-0.15362209974868082,1
0.14001686754686626,-0.9933856636374738,-0.31175890787692817,-32.51943150074593,6.104456425361643,-5.985800816539718,0.054893754207529843,-0.9470448748079847,-0.15928614748186443,1
0.14203908271914498,-0.9895885580422827,-0.3244026587137257,-32.2779758249855,6.281609819059163,-6.062350761763585,0.05522096272404893,-0.9429971428102291,-0.16888407520757495,1
0.14612388056725278,-0.9873118421207608,-0.3368606802007038,-32.248256912061514,6.513385449012397,-6.073551465683463,0.05679112796190657,-0.9388978980224264,-0.17750300354028423,1
0.15122751046625277,-0.9864239742359663,-0.3410525297176791,-32.43209048944725,6.879946320627578,-6.041440853657357,0.05930062055267138,-0.9359128056897597,-0.18108454028575646,1
0.15331639323110227,-0.9862844778427035,-0.3364525181978469,-32.7166355788135,7.392478576516765,-6.064010633769497,0.06049972186085274,-0.9349379464446758,-0.1799942773237355,1
0.14928066218463504,-0.9861081528033641,-0.3318524341221036,-32.94135545470724,7.972451558668686,-6.16405737647658,0.05860999533334839,-0.935332562341313,-0.17918104409289187,1
0.1409077895422941,-0.9851110045246859,-0.33643246589120107,-33.00835367061355,8.484311562315993,-6.221103883953672,0.05438562418049127,-0.9352975963895668,-0.18397560522167652,1
0.1332357285285978,-0.9829765744626604,-0.35012856286692945,-32.930707565682575,8.789435326316266,-6.097005886697926,0.049683072849508784,-0.9336558532270754,-0.19503577037307163,1
0.12900781884134055,-0.9803179401435574,-0.36457596781511176,-32.78438932849385,8.806525843421294,-5.785792801971653,0.04484349206241148,-0.93071605120686,-0.20759111814674006,1
0.12688002262466197,-0.9781738105948267,-0.3721064163933808,-32.62699064652477,8.567767737294,-5.386896754357376,0.039292324752081,-0.927427776222064,-0.21568264442968052,1
0.12556045516389916,-0.9770997423632904,-0.37187343056459043,-32.456975030321104,8.22170509680145,-4.964682238112229,0.03432454273425502,-0.9246013299115804,-0.2168290411552893,1
0.12697093009720226,-0.9773159541596651,-0.3684794683518433,-32.22526353452816,7.955837618495791,-4.507328106829027,0.03324533267006933,-0.9231176134531548,-0.21314530176655458,1
0.1330497298845874,-0.9793218606269077,-0.36678635915805924,-31.871652036938396,7.899386462421561,-4.0244481212361825,0.038090924642064115,-0.9238856661566633,-0.20899560956590063,1
0.14119642540455726,-0.9834314729670546,-0.36803660735523425,-31.365902988461585,8.080629132596505,-3.6116840329766644,0.047096259406602434,-0.9271147109248569,-0.20741967349516754,1
0.14631781420462953,-0.9888762032801314,-0.3699694603509741,-30.73609887845643,8.436977569405448,-3.3718197476145053,0.0558919616760527,-0.9321410574121571,-0.2080466296450364,1
0.1474136327426345,-0.9941518182796807,-0.37008321742574324,-30.0621827372474,8.842496620027752,-3.298583339599081,0.06100621784276221,-0.9380421591174978,-0.20845171543029106,1
0.14892909780825012,-0.9982610970001937,-0.368269014005272,-29.435081781690165,9.152558313243265,-3.2807587134734617,0.06224139785586112,-0.943911909948803,-0.207408970225963,1
0.15432417897922837,-1.0010254134625998,-0.36591761003313533,-28.91103034889267,9.270087108995398,-3.222828926776423,0.06198364300970403,-0.9486764169055233,-0.20592824562842765,1
0.16078847862562548,-1.0021710437073144,-0.3632550301685061,-28.492725101195862,9.195003381955235,-3.1384915132725713,0.06250874752692692,-0.9514140913795631,-0.2052323220455168,1
0.16237555727197783,-1.0010361201715106,-0.3594707379489306,-28.152423801064206,9.009102484378083,-3.1162327497825006,0.06412745820358169,-0.9521818277622063,-0.2053692770275671,1
0.15705050977539253,-0.9978714760010415,-0.3561252460364861,-27.882680200239136,8.807062717117045,-3.20774019133881,0.06562370400171395,-0.9521969557904202,-0.20642844066826316,1
0.14869261310019213,-0.9948636664729003,-0.35803649040521857,-27.72280873570215,8.644325399011962,-3.3683483710688398,0.06574755147371199,-0.9529182122257872,-0.20956051751853724,1
0.14290011329863656,-0.9949758879096259,-0.36817651826097425,-27.714081624755703,8.548296393884089,-3.499889281335193,0.06423172935638753,-0.9550376977887853,-0.21559327280992874,1
0.14264553890078033,-0.9996525433268402,-0.38280478034267373,-27.81304342449431,8.550895114525066,-3.5280641807179687,0.06210990868781547,-0.958344131758438,-0.22346545693342912,1
0.14720288223155126,-1.0074982594946604,-0.3944337237610276,-27.86104032915004,8.674774495409903,-3.4422126261017265,0.06102670545729116,-0.962028983412927,-0.23093701129024718,1
0.15278188229097814,-1.0147686537949276,-0.3990570140088128,-27.667147295258346,8.886104912625878,-3.292872739663102,0.0613796013511598,-0.9648115139649597,-0.23630288311384456,1
0.15439312108275796,-1.0178051263011922,-0.3980675915185708,-27.140753952587506,9.086230506826572,-3.1597611570421424,0.061312388623402485,-0.9654636730067644,-0.23904697721419288,1
0.14973234729334833,-1.0160965414011476,-0.39437327035384667,-26.353535240351356,9.161331756167165,-3.098338590902992,0.05862475228536239,-0.9639995141469753,-0.2397414173290226,1
0.14169495140234117,-1.0125743728237375,-0.39026325376417265,-25.48800175681443,9.035876533362927,-3.1053289790183487,0.05354800477977685,-0.9619887752700171,-0.23982878245042152,1
0.13526977181868358,-1.0101612986807391,-0.3886218517276794,-24.738266664608943,8.68807902680267,-3.138313914525285,0.04854080178790942,-0.961028425612154,-0.2407880922564516,1
0.1321519021251479,-1.0088941931058868,-0.3920508271291796,-24.240120081092616,8.141501715181752,-3.1564747854162944,0.04555329109643175,-0.9611865945252231,-0.24303672835867185,1
0.13044585775533887,-1.0073276757739884,-0.39939736114151336,-24.040686471636672,7.45794089150904,-3.1350576057865203,0.04470385903993724,-0.9614000163020169,-0.2458429526999926,1
0.12932139240871227,-1.0056283507267807,-0.40579681467919354,-24.08380100425162,6.729010169442674,-3.066157129049829,0.045521215639578616,-0.9610161383061558,-0.2482962322345092,1
0.13093295775110772,-1.005650609460386,-0.4077977211927674,-24.219292781478845,6.0572537090307526,-2.973600452178637,0.0480284446193684,-0.9605043578766468,-0.2502209062107146,1
0.13635941660925063,-1.0082042578398516,-0.4070370251613335,-24.265766408347528,5.532850861404955,-2.9195391693214017,0.051969381079588574,-0.9608704169326452,-0.2521801838003225,1
0.1422065061857205,-1.0118050986734886,-0.4077264392409107,-24.110592866587385,5.209279449522367,-2.967332408142022,0.0559287558334304,-0.9626650493944457,-0.2546272268586972,1
0.14429046189656633,-1.0146420101634512,-0.4117269443938121,-23.774167210796367,5.078669311970569,-3.1224912697734037,0.058385192491460264,-0.9655368831794925,-0.25728333076372295,1
0.14358977658488953,-1.0167060916768895,-0.4172833693254774,-23.380880013675544,5.0730755324624495,-3.3183354724294882,0.05957497441967512,-0.968663070678505,-0.2595500119717156,1
0.1451759771828692,-1.0193279127717112,-0.42162789950445817,-23.05397896311635,5.113022988746911,-3.471776076528518,0.061415861205237114,-0.97157450274109,-0.2611167655127763,1
0.1514908763769907,-1.0235146710551895,-0.4235152542138255,-22.815044932042888,5.160725541941227,-3.5508497189659303,0.06531517395395137,-0.9745149546288006,-0.26195622024399795,1
0.15973597562872724,-1.0293419822997745,-0.4237957022079124,-22.57759240958755,5.218103207953384,-3.5842128016035817,0.07064748598586038,-0.977929725175679,-0.2625540029557995,1
0.16599455250894363,-1.0359040137969313,-0.42465345965369566,-22.25514075678197,5.288279894839544,-3.619965470143817,0.07572348969555148,-0.981612831414006,-0.26453989615656087,1
0.16943544350327083,-1.041149429320793,-0.42791112304900936,-21.88805260598394,5.363310313885622,-3.690292273335412,0.07973721567342842,-0.9846574431579914,-0.2698787889242719,1
0.172070430594133,-1.0431863057491002,-0.43304196841854176,-21.656605544115024,5.4349171838063,-3.8000331917242622,0.08311787075823206,-0.986599669501076,-0.2784138292184916,1
0.17576062141082452,-1.0429585242539652,-0.4370443818648737,-21.755684215978,5.478338039725415,-3.9197412163485916,0.0861524537303076,-0.9883581307429048,-0.28694642221262356,1
0.17969842094733007,-1.044184316764463,-0.4374152841996,-22.236648411832565,5.423405962345575,-3.9883336192796888,0.08813186060872055,-0.9913794302414389,-0.29176287842544446,1
0.18087388276807295,-1.0489882263088701,-0.435458904046161,-22.937601218821396,5.1765954684524615,-3.947556122720989,0.08826888776273313,-0.9958221490086208,-0.2919153482895914,1
0.17789546534405395,-1.054866980295028,-0.4356162492603808,-23.547905139929643,4.689959978613127,-3.791428782720612,0.08687566776538123,-1.0002189066727678,-0.28974883011118846,1
0.17361295549043995,-1.0578168631090465,-0.4408867330713405,-23.771592771517696,4.003208281611877,-3.58056325775861,0.08498456281767673,-1.003029844948685,-0.28869149309698805,1
0.17183532295227416,-1.05725769358768,-0.4494763190525054,-23.493026133953602,3.22357911025396,-3.3995395887614093,0.0830705844667261,-1.0039021089776,-0.2907096970808105,1
0.17200030062355698,-1.0557381462559616,-0.4565809006677095,-22.827371913328896,2.4746602548231835,-3.2959900302806284,0.08079316662596218,-1.0033778413963719,-0.2952708208589675,1
0.16979647820505991,-1.05468772335471,-0.4590583435054119,-22.00914646358813,1.8503815569197803,-3.263255928501083,0.077963390458614,-1.0021896274643347,-0.300272029308659,1
0.16329226519821494,-1.053160410099851,-0.4578353916955364,-21.211679987806185,1.3876006075834302,-3.2781547806965237,0.07524710206910513,-1.001052505751678,-0.30401919088088764,1
0.1562099922734459,-1.0510974552394383,-0.4565189641722221,-20.4609618160298,1.0632015376341837,-3.3363246439628966,0.07376431771100508,-1.0004770754054544,-0.3064071127005017,1
0.1539901885123021,-1.051114215330105,-0.4584267622572407,-19.708338491889915,0.8176028522237885,-3.4373714261990784,0.07411096038350186,-1.0005467185624968,-0.30830139882560165,1
0.15747395852562884,-1.0549208062405144,-0.4640460981128519,-18.95496954043921,0.5932624799567681,-3.5498000708817217,0.0756408420900669,-1.0011151439417825,-0.31019749277855735,1
0.16181521980320948,-1.0593357361907392,-0.4705863970417906,-18.28367429380907,0.36353027985886155,-3.6120472764248324,0.07665756930461848,-1.0020332405470596,-0.31193035947527975,1
0.16164034511924047,-1.0587922619105732,-0.47479952134584413,-17.787591971864895,0.12904246917695433,-3.569009922279874,0.07565592974158729,-1.003009516082869,-0.31357539440147897,1
0.15601156320775356,-1.0523524902129036,-0.4764361710672543,-17.494899409805175,-0.1170448646149723,-3.403308917824661,0.07256481989948137,-1.0037080982564026,-0.31589227881124443,1
0.14854005928509928,-1.046207910864286,-0.47789373358694365,-17.347737493696666,-0.4205178979938123,-3.141436284620055,0.06865589101549228,-1.004274002219573,-0.3192425884959262,1
0.1444953815774168,-1.0477266309776037,-0.48069475001991274,-17.21778324692577,-0.8506115335864216,-2.836131101732244,0.06544698548885312,-1.005286971340114,-0.3223105021908251,1
0.14751019335449414,-1.057470793632715,-0.4837487442448278,-16.950006077894507,-1.4319448493001516,-2.531625336377745,0.06408789992238072,-1.006775478127907,-0.32289396178734775,1
0.15659166084510515,-1.0681628052650045,-0.48503244121619077,-16.444243783177715,-2.0810855407369315,-2.240688045113855,0.06536866569634829,-1.0077087181014825,-0.3206274427882532,1
0.16574657374367757,-1.0717825838879245,-0.4838000664956127,-15.728098059013073,-2.62735226849419,-1.9637956807128918,0.06913573742624357,-1.0071565539117397,-0.3183997940012969,1
0.16843451699462508,-1.0671099899222558,-0.48138186670171557,-14.941357186155933,-2.9306196795963966,-1.7213684528755657,0.07342216079279977,-1.0057882851405073,-0.320030003206774,1
0.16380095300980355,-1.059998392122463,-0.4807249010693219,-14.239842045016196,-2.996253796100281,-1.5374404971894808,0.07550899358136624,-1.005463763048349,-0.32632170870211163,1
0.15825170727273238,-1.0571156575200276,-0.4842500008864656,-13.718578249042583,-2.9585954457274437,-1.3893250738327205,0.07501395602896467,-1.0072468545846345,-0.33396557098685775,1
0.15981337569502882,-1.060368672604716,-0.49088079342996077,-13.39874435096376,-2.9315821004189226,-1.2122250215465789,0.07509608168804605,-1.0104017183071496,-0.33851170598159536,1
0.17015848926228366,-1.0666679863280044,-0.4962126406594953,-13.221034888780645,-2.8867704288055984,-0.9763941803616685,0.0790327150464137,-1.0134667875277692,-0.33825176002768753,1
0.18251880650746505,-1.071479442859745,-0.49703784280832003,-13.032993619721509,-2.7056076284707173,-0.7335876119272456,0.08584794597867482,-1.0157634675354656,-0.3354617403802472,1
0.1883164394373675,-1.0723678524400748,-0.4948605931370259,-12.66088207688884,-2.3477507240180167,-0.5613708075102821,0.09100411704169926,-1.0174783057592416,-0.3341104809358065,1
0.1856530539478901,-1.0700250556670312,-0.49373481898910554,-12.072363756494388,-1.9277822895800953,-0.4766844412835382,0.0916764618377078,-1.0185817871353697,-0.33597413048875274,1
0.18034556137056862,-1.0665472463334118,-0.4953594970727758,-11.44263437167425,-1.6065863408445973,-0.42272272906021036,0.08969209547544203,-1.0182684845213352,-0.33887558927301425,1
0.17889648494502516,-1.0632709000883727,-0.49759342630883385,-10.987701558394823,-1.4449625279930498,-0.3240029194284461,0.0885405387310223,-1.0156834191348865,-0.33931068369665224,1
0.1819114639904619,-1.0605766572319717,-0.497703999991746,-10.7350498657735,-1.4040278545310494,-0.13163069754876877,0.08902860770724087,-1.0110553945741807,-0.33672186820955724,1
0.1849691698055934,-1.0589275324446907,-0.49584646593738224,-10.511468389765506,-1.4568784597959847,0.17210072594859974,0.08926388296459989,-1.005971146280409,-0.3341336757710523,1
0.18477557399997424,-1.0587168041139827,-0.4944903624301241,-10.144434293248318,-1.630059091962877,0.5722964867883766,0.08805422164566151,-1.002234210615852,-0.33431667933736303,1
0.18285698846836818,-1.0588032472899411,-0.49499828835147697,-9.611779718649792,-1.924165642556417,1.0006077434563436,0.08660252606187935,-1.0000845147966089,-0.33645607345650747,1
0.18265618006041578,-1.0563260210033163,-0.4960070706934289,-8.995223124877928,-2.2402681869615613,1.3400306503943367,0.086685879536882,-0.9978670452306598,-0.3373101198494289,1
0.18419646914458263,-1.0493583739588528,-0.4952122893252915,-8.362984122219554,-2.416838987904514,1.4956441041459718,0.0884295533936106,-0.9940754408804698,-0.3348143162947204,1
0.18370384075545457,-1.0397641787137075,-0.4916449077136761,-7.737537927569893,-2.342951812344633,1.4745316779078639,0.09041738099002042,-0.9892206075383528,-0.3296625244277266,1
0.17894554769779591,-1.0320723144873443,-0.4861153966058045,-7.133496146400411,-2.0373132992909158,1.3822107909635333,0.09117663652001731,-0.9846835285318112,-0.3238736572202622,1
0.17295209723722513,-1.028702213454398,-0.4804745034591417,-6.56987766351635,-1.6189231972458429,1.3392144632283014,0.09006123088036783,-0.9802071093461181,-0.31869801488226057,1
0.17089264269671456,-1.0268928136194424,-0.476223415480713,-6.0432337982276,-1.2009324461314823,1.4057446204079482,0.08732567795472028,-0.9739032901882589,-0.31388305979384407,1
0.17417053542057032,-1.0213386024353701,-0.4727945647251053,-5.522701745851311,-0.8156471647042005,1.568466651656382,0.08393410356375819,-0.9647309605176744,-0.3086465236789866,1
0.17901376415499254,-1.0100120687323484,-0.4681266520830163,-4.992841820019367,-0.43833683369528,1.7745120560246619,0.08107382469857127,-0.9538167475239301,-0.30333084380937164,1
0.1805675855839568,-0.9964783791214614,-0.46246472733060345,-4.497317510459027,-0.06460624362679925,1.979408805112992,0.07939813192809822,-0.9433357400982614,-0.29983959284153766,1
0.17737383349767843,-0.9861677284458437,-0.4600785491382371,-4.126478153981172,0.2548440881261908,2.1798458819878856,0.07862557613045254,-0.9352532153064407,-0.3000363445537466,1
0.17196549985911205,-0.9817122719880624,-0.46443237367048346,-3.9533717572104488,0.45376042128561234,2.4040771250640427,0.0779512733480559,-0.9310605384583945,-0.3038073755099028,1
0.1678548538821911,-0.9823120781840957,-0.4724447246619098,-3.9780249742832514,0.5066605606888934,2.6650406985024424,0.07681359775860819,-0.9312066257414118,-0.30910987684788327,1
0.16632994717208302,-0.985573639090509,-0.4770665873987623,-4.126468134651127,0.43874701212887063,2.927837067754631,0.0752174968197954,-0.9343351567001664,-0.313928673810967,1
0.16604696866952995,-0.9888587508293387,-0.4759732798154331,-4.295776683343182,0.2908609762516495,3.132607178599781,0.07347503024964824,-0.937981405794369,-0.31764866513664697,1
0.16481323244697801,-0.9903820583705627,-0.47421924804055365,-4.397775150714744,0.09058836872850817,3.2488701872409944,0.07177700190238984,-0.9402178391478124,-0.3203429399650052,1
0.16090481333899181,-0.9899572785584886,-0.4770591433884675,-4.3656324328180665,-0.12627193085822558,3.2992672183198946,0.06983553636586363,-0.9402148378501516,-0.3216438683380411,1
0.1537331502665135,-0.987992448643949,-0.48333484050387776,-4.1462907397724935,-0.26194677012242434,3.3256306444875086,0.06685933095044402,-0.9377158699098647,-0.3211253303361561,1
0.14519497814348445,-0.9840046978685323,-0.4877674114123971,-3.7265925365122765,-0.15737949042484725,3.3436654937724812,0.062469334439880474,-0.9328500133227061,-0.3190819414861904,1
0.14005293423802048,-0.9774316303442793,-0.4871603265493763,-3.168526084451292,0.29849243422526434,3.351494415339129,0.05810625888537487,-0.92634859571145,-0.3159243597166238,1
0.14248228882140684,-0.969738610939278,-0.48201230254913896,-2.5728633876661924,1.038250948348046,3.3766225670505325,0.05663090020045354,-0.9193248267039514,-0.3112786070253594,1
0.15092057237304557,-0.9637669751634232,-0.4736455734727988,-1.9789822133713677,1.8180099808320211,3.479081664594733,0.059265047153096294,-0.9126782079579382,-0.3046578851031119,1
0.15794977354926573,-0.9599736290833843,-0.46272705615927623,-1.3257395093054782,2.3720018769060167,3.6976828038860297,0.06345005076718052,-0.9067009306868539,-0.2968336213532833,1
0.15735033828190975,-0.9549410249557313,-0.45115127865493426,-0.5476451422324321,2.5678272918441887,4.0230905020524865,0.0653324860225504,-0.9010345668769394,-0.28984161512169015,1
0.15061877382298475,-0.9454814982859205,-0.44309565724525407,0.29181914229091116,2.4312507054220793,4.430487104813273,0.06426035998941801,-0.8949569781467066,-0.2855700655250913,1
0.1447787685864373,-0.933249392524478,-0.4417954920256549,0.9910931149300749,2.07686332757832,4.897500997857774,0.06321286580527509,-0.8879067698167427,-0.2844386544504127,1
0.14473790581174828,-0.9232700700814302,-0.44540280608569777,1.347087149616827,1.652472954059696,5.372777821315406,0.06474809166940096,-0.8799520527453426,-0.2852341582267557,1
0.1499906185028769,-0.9185269272910268,-0.44798333311594496,1.2942891276424295,1.3155318031133763,5.771125799777698,0.06834839085103737,-0.8720584046536106,-0.2861141534871626,1
0.15781925979370595,-0.9177932031304818,-0.4453563285329549,0.9286496969840946,1.1874285355537435,6.0349179854676125,0.07233940392696808,-0.8659244747374244,-0.2858571073080171,1
0.16646108642461957,-0.9179352156632904,-0.4391390956391245,0.45100535264884284,1.289740799384369,6.172096274161117,0.07669910446935366,-0.8629804833094243,-0.28435273218416746,1
0.1745346880089859,-0.9164449390975833,-0.4347874877306138,0.10718450576941221,1.5399346474310314,6.195973935427932,0.08247217092159745,-0.8630941044719114,-0.2824409157953835,1
0.18012623523830504,-0.9126568435117329,-0.43599361603273534,0.11578932379195811,1.8344634243216809,6.050884223571373,0.08910855870642637,-0.8643024324446292,-0.2815869785034791,1
0.18234092111216485,-0.9083906985942222,-0.4408981846333739,0.5623689609250182,2.1371657724487454,5.651865577623697,0.09408170886867868,-0.8639504672508219,-0.28300363443418264,1
0.1825055288787159,-0.9065785413327636,-0.44423177633206157,1.3340504436678235,2.481345084811597,5.004624208000668,0.09546228443717994,-0.8605061841162585,-0.28639489060832735,1
0.18213603996073086,-0.9077377385943137,-0.4437812095212389,2.181550487750868,2.89827042009634,4.248601348758193,0.09368911685452946,-0.8549028273498367,-0.2900814634551321,1
0.18047071810825607,-0.9086375091199799,-0.44322600893993047,2.8681595920169367,3.361572583411367,3.564283990567149,0.09033940233948512,-0.850025314403731,-0.2928684226818393,1
0.17566070953592502,-0.9056041127289169,-0.44677006208540077,3.2792472356776545,3.80245866392658,3.047369513417103,0.08621579196771872,-0.8481018279153063,-0.29492733032414975,1
0.16788910917716587,-0.8983954618166186,-0.45242326847784153,3.4324710093606807,4.169131794141834,2.6676841752027762,0.08121970831400344,-0.8482185236218065,-0.2961200683749911,1
0.15967085182065321,-0.8900285684495556,-0.4529985921416851,3.4245411811866115,4.465954034241737,2.327260803984041,0.07518167765348172,-0.846711422010004,-0.29457464139597644,1
0.15319322650586015,-0.8834416237971088,-0.44339607666272873,3.360277163464565,4.734891487649123,1.949112296576204,0.06817600563319309,-0.840467936400072,-0.2883562376367238,1
0.14844197037246784,-0.8789198763522479,-0.4257715468034233,3.2951925193418554,5.005121132446099,1.5256354079566423,0.06054831233030325,-0.830078299330927,-0.27831818997342866,1
