ADXL345_Acc_X,ADXL345_Acc_Y,ADXL345_Acc_Z,ITG3200_Gyro_X,ITG3200_Gyro_Y,ITG3200_Gyro_Z,MMA8451Q_Acc_X,MMA8451Q_Acc_Y,MMA8451Q_Acc_Z,FallCheck
0.10937888910781898,-1.0078075402488125,-0.249999838168746,-6.530671878370677,-17.028740665211213,-1.647941805510018,0.023439475067702265,-0.9589811362325739,-0.0761742977834014,0
0.10445422080561154,-1.0045551357877007,-0.25010963100009337,-6.979134122753068,-17.62003730463244,-1.4171297444921487,0.024254483084549458,-0.9602927706321703,-0.07843370968560132,0
0.10554903763109029,-1.0063323127413866,-0.24758355060782292,-7.373513189016545,-18.146309979856284,-1.1984046081125006,0.02527657661142978,-0.9643156368337547,-0.07909399669315124,0
0.11336985367948003,-1.013428423614012,-0.241609001887669,-7.635171644415163,-18.556397040707413,-1.0013668790724184,0.028053378501648293,-0.9706879084260408,-0.07790774033359203,0
0.12273872535263732,-1.0214315358780197,-0.2344239458482403,-7.7008088565401165,-18.82053909342156,-0.8319408303663528,0.03378887140029834,-0.9764588917759763,-0.07588022254543196,0
0.12793766338396592,-1.0261855577146612,-0.22975728884916152,-7.579235107065572,-18.92748349333708,-0.6938882879596702,0.040928649679736605,-0.9793849968512824,-0.07415771520252583,0
0.1287446126840356,-1.0281510322187073,-0.22931998835871656,-7.340159638088875,-18.881777765319246,-0.5928030191056333,0.04624791191997492,-0.9802021364417074,-0.07327347877025468,0
0.13002205140936485,-1.0308363748242022,-0.23172925552196186,-7.048217104030709,-18.710927810204744,-0.5375376851451706,0.04855157725210649,-0.9814348006250807,-0.07326507936976467,0
0.1352661749917252,-1.0353467024994372,-0.23497619568428807,-6.726940508736171,-18.46938351460097,-0.5330868679950771,0.04985575049423574,-0.9842965753013732,-0.07415531981589261,0
0.1424302483005779,-1.0383465049438814,-0.23875420443721285,-6.377378257235614,-18.223511445424926,-0.5707502235566863,0.05256243838327281,-0.9873052284377256,-0.07615001742231196,0
0.14696466391662932,-1.0362286536425118,-0.24400395319738938,-6.006584347145016,-18.026259723883967,-0.6310847133892037,0.056759782978532965,-0.9879656991849156,-0.0792782131371968,0
0.14732866153832674,-1.0299002841136518,-0.25070606554975494,-5.640769456318374,-17.899687799998993,-0.699586724650552,0.0608312290102348,-0.985387321872151,-0.08280337566739795,0
0.1461901895157883,-1.0239377772443026,-0.25644990188210787,-5.325957015087951,-17.83028232445008,-0.7730214985590971,0.06371653589318624,-0.9811608354182209,-0.08531327284482344,0
0.1472128489586987,-1.0215843458568072,-0.25773491453205377,-5.1081423657032605,-17.77915021063812,-0.8461600275242076,0.06581808859881168,-0.9778057668359202,-0.08588465294030538,0
0.15168498358027402,-1.0219924038987496,-0.25324518215277847,-5.002041804954957,-17.713513102951527,-0.9003160997443579,0.0680278082371285,-0.9763248626977765,-0.08506152460335462,0
0.1573637842464599,-1.0221860981335973,-0.24530735082649188,-4.988359806213192,-17.643189636707827,-0.9137388402321315,0.0704190358728864,-0.9754572179366131,-0.08415525174762815,0
0.15992302338735317,-1.0202786621868318,-0.2377865610809931,-5.040809144015191,-17.618515929986934,-0.8804627393414066,0.0720713954993255,-0.9734917230975721,-0.08370113166311621,0
0.1569177143507991,-1.01637677772872,-0.23363057578984164,-5.131489079043845,-17.675999672937706,-0.8117682729745086,0.07221152445003587,-0.9702210766524759,-0.08322897375923395,0
0.15136061661992217,-1.011674483427607,-0.23440812444485443,-5.2070018531088,-17.782952487043563,-0.7180591099522003,0.0714076981690169,-0.9666508594079347,-0.08247813545064626,0
0.14998119729652126,-1.0076846591397095,-0.23984873992417102,-5.194247424851631,-17.83959318089409,-0.5926143317434944,0.07116427523693268,-0.9635600948213141,-0.08220717410584427,0
0.15647626283928734,-1.0054283072646382,-0.24702061100188943,-5.052123115191831,-17.73451861522836,-0.4165395004982385,0.07213814705578418,-0.9610446504558432,-0.08366443927413256,0
0.16727938016936045,-1.004267940799141,-0.252201054194031,-4.808602123239556,-17.403413292694704,-0.1800276356523113,0.07346425453463996,-0.9587872594249508,-0.08746228437525032,0
0.17508421995354115,-1.0022538241435215,-0.2544434453149114,-4.548944179561294,-16.855583801522844,0.10596793526940937,0.07434974842976283,-0.9560833472594991,-0.09285630944119205,0
0.17593214841434143,-0.998539132464125,-0.2557077266040475,-4.384673799027405,-16.163589139419628,0.4204721101906678,0.07551162749556274,-0.9522207951968329,-0.09798942768104904,0
0.17233989151974027,-0.9948176131563231,-0.2576614915505132,-4.420147857474253,-15.424236645825973,0.7449536990164328,0.07814153661980275,-0.9476386200130242,-0.10115867380018062,0
0.17018352753520888,-0.9936228046340256,-0.2601852488642962,-4.703918584790816,-14.711613704364396,1.0561790484204883,0.08190759492664479,-0.9443691504177334,-0.10221163293641966,0
0.1726961951947856,-0.995594449382824,-0.2624221823964942,-5.1851677471473545,-14.052404743142375,1.314444513831344,0.08493311969863013,-0.9443946065245076,-0.10257402950973747,0
0.1772912259952709,-0.9988811422599136,-0.26362433626923587,-5.72626941281877,-13.434042792438357,1.4761253539270773,0.08592167967197621,-0.9473786695871543,-0.10371013058661334,0
0.17889894684470609,-1.0009872939763806,-0.26371958474388735,-6.1816733715912,-12.825030867060612,1.5268019656300458,0.08575016991568055,-0.9508004868381712,-0.10587010045133723,0
0.17624732779548186,-1.0010168206098646,-0.2640205113924795,-6.488228844767062,-12.189108669247908,1.5002974434977072,0.08635935802541918,-0.9528525855198221,-0.10851198418331445,0
0.17320418197813298,-1.0004758204828992,-0.2661110995721743,-6.695601641081242,-11.501348817456952,1.4607584084942467,0.08821200096933286,-0.9545595562168974,-0.11117751526222344,0
0.1736915254115104,-1.0020028185748056,-0.26922412865022316,-6.908657944885348,-10.771232435365224,1.4604233884235724,0.08977948090901948,-0.958154835399183,-0.11325221211050311,0
0.17707794364348745,-1.0067581526235643,-0.27005437308286556,-7.184620905644516,-10.047574085372988,1.5056349458469231,0.08973955596896607,-0.9638415589824847,-0.1136090374975668,0
0.17949817813309712,-1.0130089938546438,-0.2663271173571401,-7.473677329138374,-9.385591602882263,1.5572135517898176,0.08854259139188195,-0.9694926477650258,-0.11164848671610393,0
0.17870950197698923,-1.0180859541135177,-0.26013045134862234,-7.657934257545219,-8.802853437924538,1.568805359257217,0.08730992179074867,-0.9735084963813156,-0.1084246572220578,0
0.17642082654820154,-1.021514752754056,-0.2565621505834521,-7.645609638381393,-8.268135329172651,1.5322946992311897,0.08622663909769247,-0.9764446067220793,-0.10582037118939082,0
0.17563733807677795,-1.0246756983092533,-0.2584113261326095,-7.425446679502723,-7.729061430692384,1.4801829848420116,0.08465788442833068,-0.9792983145911822,-0.1047575255288102,0
0.17647565729896825,-1.0273107869305995,-0.26296950797593666,-7.048100314131629,-7.145611401912286,1.4406885786233607,0.08220986101384566,-0.9814003637005116,-0.10480222895953896,0
0.1755383773545586,-1.0265641856000682,-0.265336077096847,-6.586144612535678,-6.503068761012832,1.408243990261884,0.07919643286364265,-0.9809749855703256,-0.10522552019009167,0
0.16967339839608572,-1.0207097772179843,-0.2642556153700815,-6.119740451110107,-5.809436964921949,1.3666767856036897,0.07627443292910269,-0.9774652240859639,-0.10583392069748522,0
0.15974970500010735,-1.012391512958623,-0.26306914709178175,-5.735601893115075,-5.092753318405783,1.319125094944835,0.07371386186668831,-0.9725193178238072,-0.10679053289308388,0
0.15001396314074628,-1.0064877866271764,-0.26514064840923735,-5.5074753679297865,-4.397360685990257,1.2816397933612593,0.07102683730198066,-0.9683953517363825,-0.10801084957967896,0
0.1439781957761369,-1.0051566228543343,-0.2700171575457086,-5.456707643189101,-3.7702764946268212,1.2669307295528875,0.067560412771764,-0.9658739453747939,-0.10900946545201884,0
0.14186249859736894,-1.0065216667631964,-0.2746452215666793,-5.52893166281715,-3.242392048060516,1.285226816379545,0.0633271765610609,-0.9642572432837979,-0.10950711291925558,0
0.14180549411090312,-1.0082844632792554,-0.277234657349106,-5.627175709425279,-2.819313451523493,1.3396855672497057,0.05877293233354552,-0.9629710523362343,-0.11007506020854957,0
0.1418974433269618,-1.0105464095743868,-0.27854057769682744,-5.6861791758438835,-2.489895900172748,1.4079192203624045,0.054013305779809416,-0.9622424714056659,-0.11173121906894729,0
0.14040724247161612,-1.0138032447001493,-0.27954664700807147,-5.712250953704594,-2.2445706932546363,1.447093682437746,0.04909641908462084,-0.9622087270278529,-0.11471889818494851,0
0.13567421386839446,-1.0160460838886893,-0.2797789053904015,-5.748183064632073,-2.0806759620660813,1.432311607208432,0.04487576855812609,-0.9622783218934159,-0.11806573322422154,0
0.1276579875431744,-1.0144017411751236,-0.2788095551792811,-5.817621420164784,-1.9809169956883037,1.374709923113808,0.04263555352397085,-0.9618932078897628,-0.12057607913846101,0
0.11941771371398327,-1.0093124981540318,-0.27787363466708614,-5.914568907310582,-1.891059628603189,1.2865788648754632,0.042456136630953524,-0.9614797869597675,-0.12189093712630968,0
0.11517690011134368,-1.0049448540583203,-0.27845017356330476,-6.024581766938334,-1.7416952649830426,1.1486265761360832,0.042590862891146074,-0.9619743585450021,-0.12230728673037607,0
0.11597375383622625,-1.0048976045243871,-0.27992950504474695,-6.129716780738993,-1.5085890024063215,0.9418645064851201,0.04111928007519692,-0.9634398989435248,-0.12195802177822172,0
0.11861479595268827,-1.0086568750711369,-0.28003429410569713,-6.19893589576383,-1.2430400324415856,0.7003151465454561,0.038005670570857464,-0.9647439578288297,-0.12073359983324805,0
0.1198456261886106,-1.0126409419600502,-0.2772167605649667,-6.200925446037126,-1.028838712567916,0.49117191206772515,0.03495108236863761,-0.9647395419600224,-0.11902761932746916,0
0.11956056369276927,-1.0137861280430818,-0.2717819446708656,-6.142217541255896,-0.9168471198677187,0.33703602237071817,0.03324274398275662,-0.963389193362562,-0.11797526216497578,0
0.11859449894055955,-1.0118108648536603,-0.2655574507748331,-6.0875365422597385,-0.9161769271878557,0.19359066135576147,0.032292242795418126,-0.9618144289792556,-0.1183250536405755,0
0.1161213950891732,-1.0090005649134013,-0.26150853255032114,-6.127617518871994,-1.0369467369625813,0.018455116408817692,0.03063671529933754,-0.9616390352317039,-0.11913462826756864,0
0.11186350740111431,-1.0084367988145493,-0.2623485300217869,-6.31364929913213,-1.3100584211708497,-0.16711976301246811,0.028144944849909148,-0.9639794652006145,-0.11840806736891807,0
0.10880952659352654,-1.0116787236505764,-0.2678720716245681,-6.615400995359443,-1.7533585082909406,-0.30727597337255586,0.026493800871681225,-0.9684031734509837,-0.11556473916339235,0
0.11045037040073855,-1.01728895699413,-0.2741919039794452,-6.94053561626005,-2.3339557123543733,-0.3845238804066178,0.027023178325617236,-0.9728567848804388,-0.11273284929468604,0
0.11583302620802907,-1.0218398453890931,-0.2767402447814924,-7.194435225518399,-2.9778022586284623,-0.4350711010975414,0.028820195489940477,-0.9750714918780806,-0.11280288586816405,0
0.1198441476038254,-1.0228294899983614,-0.2743511007907768,-7.326158699597752,-3.6108441651139187,-0.48982976519879823,0.0298113726847481,-0.9743052370124637,-0.11630826157671716,0
0.11858477654077154,-1.0205459068022413,-0.2705712732891402,-7.337572106538923,-4.178551317492862,-0.5258845104584567,0.02916481161963321,-0.9718407642480836,-0.12086641800827384,0
0.11313800049684651,-1.017306073567819,-0.27045198305641016,-7.276759622768638,-4.634922573844906,-0.4945921111823684,0.02757078185458282,-0.9697593432823259,-0.12359251842956011,0
0.10823670383357781,-1.0153900479536706,-0.2749635901316267,-7.218607355446846,-4.952760739191426,-0.38294595994959957,0.02597338289582143,-0.9688119771070207,-0.12329519951130238,0
0.10817869364266923,-1.0155087469717325,-0.27940561441935735,-7.209718961203167,-5.172119057751842,-0.2239483367554334,0.02537992783318607,-0.9674900092721164,-0.12070293303019332,0
0.11330213296517276,-1.016769771150328,-0.2793335038783483,-7.22132676647495,-5.403910541442118,-0.05119696196545419,0.026672657009856524,-0.9641493542290646,-0.11818122157057012,0
0.11921886936446287,-1.0178390173589869,-0.2767577635234985,-7.20790035374388,-5.722177500115403,0.13755616375899038,0.02879267608436191,-0.9601182814816072,-0.11900415792480867,0
0.12021681939823538,-1.0177449291880007,-0.27715929542673895,-7.229227723901465,-6.047398088090933,0.3689453462272959,0.02873322657949204,-0.9589150050361179,-0.12440644516294157,0
0.11455780986452815,-1.0159189035849503,-0.2815675609723904,-7.435465517133716,-6.196880757118833,0.6475762147285794,0.0254094897145866,-0.9616987505813216,-0.1309339366085041,0
0.10613688926147465,-1.0126873797997586,-0.285718974984618,-7.881015185185958,-6.086511761522988,0.9114624226099605,0.02180474777946135,-0.9653012180970836,-0.13309522207311503,0
0.10104155457733453,-1.0095706890629146,-0.2861220315144126,-8.422612225865775,-5.852112537040517,1.040992155693984,0.02153853343653406,-0.9656733720197884,-0.12916875032136213,0
0.10294972582525524,-1.007721445203186,-0.2828071252840992,-8.861964591338442,-5.740000349235685,0.947125767016971,0.02500471945687095,-0.9620330176011531,-0.12254626456559944,0
0.11052259484630493,-1.0065301332634538,-0.2768768161510874,-9.147840031025767,-5.888407318133867,0.6703300910028509,0.030031811483773343,-0.9572742727846809,-0.11729528378753679,0
0.11834824481431962,-1.0053673277029547,-0.2692792651210037,-9.398595773650253,-6.232911991417414,0.3763783637159247,0.034689532472522516,-0.955405591362933,-0.11427924416821462,0
0.12183977115260539,-1.0058512654451661,-0.26216384004401033,-9.741905361889563,-6.624126476517626,0.24109379339364764,0.038205147570598424,-0.9585885611693474,-0.11208869935536127,0
0.12135498689092276,-1.010111988710855,-0.2589919922249869,-10.131733608488542,-7.0176667538623905,0.3425417352484464,0.03990978485946965,-0.9655049245054868,-0.11041275686261129,0
0.11999929620200586,-1.0170897966440724,-0.2625154759540319,-10.323681266502994,-7.492779950729877,0.6467652295370327,0.03864360866259129,-0.9722496803672184,-0.11125107483039255,0
0.11867004360984298,-1.0227892862197712,-0.27238144085522725,-10.101599460061758,-8.028014377879463,1.0548444209974626,0.03385369862102576,-0.9754419012210798,-0.11634791185108422,0
0.1159742050138392,-1.0245578949013134,-0.2836607289313747,-9.58235327094854,-8.31797662231798,1.456947661944516,0.026946085907549672,-0.9748545269191047,-0.12376652915070524,0
0.11171843716575972,-1.0235188703114806,-0.288843261631759,-9.212253724743103,-7.991054910966249,1.7835369999613633,0.020598122364745775,-0.9730069088120972,-0.1284255194999156,0
0.10722455452102088,-1.0224791315093391,-0.28454729534196255,-9.341092871996075,-7.09252219370033,2.0332331219957682,0.016226677122272527,-0.9724411635366326,-0.12718290572085192,0
0.10301831933434677,-1.0227778725643026,-0.27622676227625925,-9.821587619858677,-6.206675678625626,2.245714427725588,0.012962380929587534,-0.9736212022653685,-0.12237510747274301,0
0.09901789429105406,-1.0234110798581892,-0.2728408010331471,-10.127249484515978,-5.935534849349037,2.4454176463860344,0.0098458584656583,-0.9750326035458488,-0.11894410062244747,0
0.09625550273823333,-1.0222387541179925,-0.27682332105595536,-9.853909832528648,-6.2979373234118325,2.6165166395952504,0.007765989834484212,-0.9747593024537388,-0.1191929761498498,0
0.09627628260775699,-1.0179966870964443,-0.28250570839410327,-9.04152513675509,-6.751778719455071,2.7294908568370237,0.008090554537526162,-0.9720404430333606,-0.1218890476373548,0
0.09920979950172623,-1.0115341548883854,-0.2839177498835989,-8.062014346729864,-6.763652355033312,2.7832656045668447,0.010761940306950293,-0.9675359865317981,-0.12521244161516423,0
0.10304600156082147,-1.0048976062305102,-0.2810488601674422,-7.311207472979872,-6.256836773218192,2.8031920358884936,0.014764374457009607,-0.9621752308481855,-0.12857580772552454,0
0.10446831151174085,-0.9995881967268546,-0.2791179701152308,-7.008261896564432,-5.546598241314734,2.7886142710876642,0.01881399152764408,-0.9562446692692027,-0.13199780091063923,0
0.1015272102937484,-0.9961798772419925,-0.283770238965192,-7.178521757985345,-4.977859050493969,2.6945213044470395,0.020787559992371668,-0.9500983073121478,-0.13522989078793682,0
0.09663613755540362,-0.9947633647122096,-0.29564913774388196,-7.7330958038955,-4.674672237734798,2.496947354148062,0.018832342977146168,-0.9452933786163173,-0.1377314297863067,0
0.0952918289247703,-0.9952477079148365,-0.3082969603088664,-8.539056504234761,-4.5567213521880925,2.2470749406892065,0.014581340034335139,-0.9441312821933926,-0.13887273719791646,0
0.1000903205957878,-0.9979181780786154,-0.31293691909600774,-9.438307684654355,-4.491300933726332,2.0149281648990605,0.012999569715444017,-0.9478079301512788,-0.1380506751029342,0
0.10709594419985213,-1.0033082649941751,-0.30653055014048936,-10.251820733714148,-4.402921986231374,1.800030174446456,0.01663116944449342,-0.9551654700042849,-0.1350337883446961,0
0.1096683642425104,-1.0104933812598602,-0.2945858346065247,-10.815067016967873,-4.288350287444989,1.5542252787593502,0.02132033759301769,-0.9632554411153847,-0.1304135105766021,0
0.105383956692412,-1.016443228744346,-0.28574405199699976,-11.024770570803323,-4.18247722407459,1.28695137780551,0.02031737157720084,-0.9690172317384321,-0.12552819544715466,0
0.09820640121342467,-1.018422177454156,-0.28387952256270005,-10.840633577555723,-4.12330578614962,1.0773016367450623,0.012552964181893516,-0.970648558043284,-0.12178593256105978,0
0.09417518786644538,-1.01630937685675,-0.28579867039488216,-10.25122434334683,-4.137653753112394,0.9518048792935585,0.004651407359443981,-0.9681714009665016,-0.12011749826378584,0
0.09583757956990659,-1.0118080759839008,-0.28668292450685834,-9.294680642842154,-4.245190560634762,0.8102281523995909,0.003946060092400833,-0.9633418199349286,-0.12096511640277909,0
0.10101375831728407,-1.0066059731375938,-0.28646996711141365,-8.158373800452388,-4.453469113633793,0.5356611295886374,0.010982673462785097,-0.9587101668234047,-0.12430054850369973,0
0.10608781172942792,-1.0021981237496802,-0.28918496143748323,-7.2069139987864945,-4.729116927704098,0.15504099408896277,0.020133749980619082,-0.9561146649336764,-0.12933861466166102,0
0.10941120171655598,-1.000215296920886,-0.2967200175087364,-6.797477375386019,-4.982536199157135,-0.1747765176676513,0.02636356796084884,-0.9558447913478685,-0.1346386929350572,0
0.11173978848355948,-1.0014640040826301,-0.30563559495140186,-7.019547038299161,-5.110795182667814,-0.3431080517401069,0.029227755248267297,-0.9571387039326815,-0.1390481431409454,0
0.1146937572263422,-1.0049690491932155,-0.31050921818693195,-7.656676256250982,-5.0748371456475265,-0.3859983541134141,0.030594763426052742,-0.9593779026838781,-0.14229945527770413,0
0.1188400384211429,-1.0089466448227609,-0.3089982314459965,-8.414789494757336,-4.933729342142681,-0.39028946152592275,0.03125604653895191,-0.9628183695908394,-0.14416698540013545,0
0.12218840395347397,-1.0128184727644296,-0.30333161953357074,-9.126890901336585,-4.79598089156799,-0.3615960966550636,0.03103425657602566,-0.9680203108598495,-0.1437863334018266,0
0.121363346029894,-1.017911337889345,-0.29792616771260705,-9.720054343670206,-4.731296064298364,-0.24122174789517992,0.030466541198615846,-0.9745730537356212,-0.141104026127582,0
0.11607457412173744,-1.0259329296674908,-0.2957524387635489,-10.089245313576004,-4.722305167288944,-0.01791101329985606,0.03074683704462948,-0.9809482348342956,-0.13832266319680947,0
0.11118374895787646,-1.0362541305835498,-0.29612904466678536,-10.111646654410409,-4.695816609773567,0.2311560928705442,0.03228333118142631,-0.9857761584788135,-0.1379539002570726,0
0.11145132547213377,-1.044557739464681,-0.29590200236478414,-9.760661400619934,-4.602145061475778,0.3957782811702962,0.03380062772254982,-0.988499763009662,-0.139680667897301,0
0.11508900154211514,-1.0454298185966413,-0.29348978397507164,-9.122156469535497,-4.467563382021709,0.39954506292736935,0.03295899341789094,-0.9886037038710349,-0.14115136977120268,0
0.11596840874472163,-1.037597837144583,-0.29146352220934996,-8.306642629911016,-4.365507284395381,0.24160209808870142,0.028495168518960425,-0.9854564420951291,-0.1417603143474467,0
0.1119218722821392,-1.0261255869095862,-0.2938392444898617,-7.4233148797530575,-4.331007150608251,0.012395545947471113,0.022190097987653007,-0.9798312220126228,-0.14354058652490098,0
0.10721946703813587,-1.0182902603633652,-0.3008945763416125,-6.644617461337762,-4.306565883195444,-0.14992711568122746,0.018037529773381376,-0.974749790658865,-0.14789399569217118,0
0.10654011662265006,-1.0172679489612253,-0.3083157445592657,-6.195065372181423,-4.178774937048933,-0.16324316867399316,0.018741009839219357,-0.9732754242938104,-0.15291404142899756,0
0.10995381928392836,-1.0200438301845023,-0.3119354293398269,-6.1781789494046455,-3.8731949819666966,-0.08129744715030059,0.02326057182258443,-0.9748946408657808,-0.15476807166653941,0
0.11474018165659634,-1.0208886420463632,-0.3117814431235605,-6.410642041429477,-3.4218932552946146,-0.06856972139257833,0.028311957174367557,-0.9750548380746634,-0.15174153549405736,0
0.11913953127712165,-1.0167279493554902,-0.310794491726674,-6.509015726931723,-2.9457686765527966,-0.2768314257620773,0.03178415915723679,-0.9697883119274868,-0.14697594248978776,0
0.12234639060489946,-1.0097081302114468,-0.3111970729002649,-6.224700261952394,-2.5662042300404972,-0.7068608585870672,0.0334369048640306,-0.9607710618481964,-0.14646953513582164,0
0.12234095923652542,-1.0045705666715952,-0.31328116709679743,-5.700425056505616,-2.3206125428952338,-1.1676837368722535,0.032615720934661696,-0.9541997589619722,-0.153211052266084,0
0.11657533109814149,-1.0038044482176767,-0.31671730793577074,-5.351085675776302,-2.1558780443658714,-1.3948144983845565,0.027867312084987817,-0.9543487698255626,-0.16375405696346704,0
0.1058517722395096,-1.0064802260769576,-0.3216239317961075,-5.490780573773663,-2.004228934722534,-1.2510858827374578,0.01992672000842598,-0.9599022556678627,-0.17174366414575196,0
0.09563221054165427,-1.0112302830783695,-0.3276050380943865,-6.1033118332008005,-1.8643552193168458,-0.8326324292615481,0.01275999459913397,-0.9669309216672879,-0.17408358148022668,0
0.09125578116175259,-1.0179356157162238,-0.3319225682043341,-6.919835096340625,-1.8025987056945092,-0.3780709914362878,0.00968334476089277,-0.9733238190557459,-0.1723889464560818,0
0.09240043408864643,-1.0261022780104152,-0.3306243630513229,-7.610080395470828,-1.8775394236808953,-0.0717891684506709,0.009713768820340973,-0.9791703273751533,-0.16948499918320817,0
0.09408967757112952,-1.0336088706906361,-0.32337787410883445,-7.895255045439063,-2.0789826626896324,0.07320967023557187,0.009415558368531902,-0.984290819245037,-0.16651461885611304,0
0.09283022120122693,-1.0379770567386553,-0.3159376838771561,-7.5991538001165075,-2.346464909085647,0.16607055734540563,0.007587583993740377,-0.9869948540166095,-0.16352540961589201,0
0.08999413982775296,-1.038226113181123,-0.31527016128577806,-6.706717219537612,-2.628316159039383,0.2927390163179672,0.006522395167156634,-0.9855119605640761,-0.16138765928788296,0
0.08894675684480786,-1.0353723376909587,-0.32235155029884854,-5.414366604796451,-2.9021821849861387,0.40919199419396984,0.008439955043974514,-0.9805446302343535,-0.16210678552039523,0
0.0903103401655191,-1.0318385845815297,-0.3317508612154356,-4.115298761860116,-3.150023383212135,0.3727386730090088,0.011777949869649666,-0.9761272734651465,-0.1672364844095147,0
0.09151377110291632,-1.0304535349701116,-0.3378996597375248,-3.282579936740105,-3.349948484108884,0.1136079407502634,0.012547323260694358,-0.9768509996605151,-0.17600694266486713,0
0.09165005305979122,-1.0323901294428723,-0.3388596405438354,-3.242078653460163,-3.4959503227180178,-0.20299555050471887,0.010270264337134223,-0.9829882397040005,-0.18424457421603876,0
0.09521119442898114,-1.0347358923690335,-0.3337709659669505,-3.8929252743308482,-3.56983058997653,-0.2583256670300225,0.010956558647438212,-0.9885423619178726,-0.1851538031103076,0
0.10703679164560717,-1.0322739943742008,-0.3214415462882478,-4.5846933545775865,-3.470375335439974,0.08459376504975767,0.02057215636620095,-0.9862629987058724,-0.17413269707669113,0
0.1225745271159215,-1.0245826730541345,-0.3053660557470834,-4.449228517337448,-3.075680070979078,0.584213732038463,0.035077281441861397,-0.976448990236485,-0.15586649994832616,0
0.1287604300017601,-1.0192357172756308,-0.2965968718612152,-3.15616247974829,-2.4961866962813732,0.8981564872157677,0.041793629511751806,-0.968943882274181,-0.14431080440314223,0
0.11898882274990076,-1.0235049303387675,-0.30423769485080887,-1.4043600365168916,-2.1873386008122604,1.0165355191260677,0.03377553368301549,-0.9724054921545118,-0.1499780313030416,0
0.10268518198581773,-1.0333460537398815,-0.3223185004556719,-0.39746751076054193,-2.5901806664669604,1.2186800887041396,0.018562862904307947,-0.9817082019860431,-0.16682069603736094,0
0.09371707157871768,-1.0348826601792533,-0.33318508853309087,-0.6219773952877661,-3.596477437493528,1.5779699191613057,0.008039989878201979,-0.9809958080415977,-0.17730187887148796,0
0.09256725534132516,-1.0187076021882935,-0.32743917818466356,-1.2930808792968804,-4.533827017668063,1.7548323903354934,0.003506371770300567,-0.9619518383637826,-0.1724905793352696,0
0.08856670046506174,-0.9914360932328858,-0.31531702357115154,-1.2541686014551658,-4.7999599599739415,1.4371121144770065,-0.0021025990315102967,-0.9358918724176394,-0.16219979084626007,0
0.07878338194102574,-0.9718427302404384,-0.31410284214824485,-0.3724671189742915,-4.431552134759394,0.8160068432665065,-0.009430558565528177,-0.9242289970760595,-0.1622672847630263,0
0.07388336836980827,-0.9752548173358544,-0.3278969428045723,0.20028799044376194,-3.973457097547954,0.4119895241266732,-0.009940768763861553,-0.9378097109523061,-0.1756360655648572,0
0.08226293395071438,-1.0007007194441115,-0.34391715666326733,-0.7710968698089333,-3.904534177231769,0.5009925232416654,0.00038852103678028706,-0.9672984376103643,-0.1891944334930416,0
0.09794086051085528,-1.0312270601224958,-0.34638008290723704,-3.2224274013426992,-4.302385903398508,0.8866607069702768,0.013708758151180526,-0.991955026085249,-0.1871815804090276,0
0.1090321755881095,-1.046330985544161,-0.33079158777079276,-5.594821788750298,-4.92832380345341,1.1831263059378583,0.020534730809258484,-0.9957922125050138,-0.1662455276047784,0
0.11118348434466148,-1.0372460589189798,-0.30714330981467736,-6.004293180816136,-5.429152866225801,1.1576847466863427,0.02032974167976207,-0.9781878958343698,-0.13968207021697085,0
0.10789566573295077,-1.0137573117381118,-0.2924817029190615,-3.8128147863443513,-5.516217395664737,0.822394027652943,0.017964560835404042,-0.9535454772823707,-0.12746926304103431,0
0.10289175339817593,-0.9961430049646237,-0.29786989252102936,-0.3003724596935852,-5.179535720865597,0.33357888197025604,0.01567239938854778,-0.9402665586174308,-0.1388617197909021,0
0.09754426300172879,-0.9976307811868245,-0.3184314682958264,2.2439657315442987,-4.76683079732343,-0.17070210382190254,0.013167632761746772,-0.9457624783253272,-0.16330991156308017,0
0.09336127837202893,-1.0128825423728705,-0.3367211640505342,2.3570609152107593,-4.700260624595908,-0.6683761735763065,0.011463032217495124,-0.960547145161344,-0.18054506470998946,0
0.09234316348700088,-1.0243625896283661,-0.33843223448884235,0.5227147239700058,-5.065297796096099,-1.1581051692502107,0.01187972310693461,-0.9684380028669475,-0.1800227039165591,0
0.09471788676925293,-1.0206907108040923,-0.32474739119346246,-1.470071026297238,-5.55578706150506,-1.4910018752612688,0.01338361912423868,-0.9627401421200319,-0.16850996645064856,0
0.09825190933353084,-1.0072665139348242,-0.30895569401466694,-2.215579479845601,-5.814452007774874,-1.4395149916215855,0.013952400229220237,-0.9512747797300853,-0.15947949438605752,0
0.10028489671329649,-0.998258030134679,-0.3029459368308767,-1.7325064474241267,-5.740672798676818,-0.9744407814119828,0.013405892475951543,-0.9463828823788191,-0.1589746609059536,0
0.10031071670901634,-1.0010897076123615,-0.308033042290695,-1.0375054775405916,-5.488641489114389,-0.3495543215478857,0.013301180778608297,-0.9524396424261785,-0.1628800296110486,0
0.10003900576980124,-1.0111423426206074,-0.31672051203534524,-0.9869219208539382,-5.284271216750489,0.13856399778784198,0.0146088517569203,-0.963615108359493,-0.16448055310296797,0
0.10060503684219486,-1.0195448031234202,-0.320823416598254,-1.6080399606986195,-5.275075472563682,0.3993717934004532,0.016377635858087356,-0.9715313579695924,-0.16138110300447825,0
0.1015197239011177,-1.0224621203089148,-0.3178269261433673,-2.3322745754060494,-5.464821509872127,0.5550612319635936,0.017284137683739553,-0.9728516212998702,-0.15568948440584443,0
0.10328469058770234,-1.0216124674965643,-0.3112783217427025,-2.615178467209961,-5.715077115162119,0.7761447545295158,0.01827648439916265,-0.9696099262706457,-0.15057488806940303,0
0.10767488941052453,-1.0181508151326235,-0.30662474964276376,-2.3052215664992532,-5.835770262173674,1.12023003066555,0.021787858675967955,-0.9644361391033762,-0.1481576958526385,0
0.11337938167223609,-1.0102980196848834,-0.3062883027256984,-1.606053125418095,-5.745694226583111,1.4998002840084308,0.02747364526092454,-0.9575906395127571,-0.14906277177597171,0
0.11532878635581323,-0.9981412000751919,-0.30752199498061566,-0.8567469956890754,-5.565022293982139,1.8097783217825332,0.03121783998848047,-0.9487442753415263,-0.1521756760847952,0
0.11148589392894225,-0.9867947118683381,-0.30541500054326215,-0.3450795408378609,-5.51177489918997,2.0657154876982293,0.030431464060918373,-0.9398428256918635,-0.15534196767623215,0
0.10710917621058941,-0.9816709007477882,-0.29921013353518716,-0.2150150169877737,-5.675075675601256,2.3612969724428643,0.028188611171429793,-0.934428965018293,-0.15711409383178196,0
0.10888959054488095,-0.9828220899434419,-0.2946932471021933,-0.4636375906514146,-5.901603498459933,2.708487371360644,0.02929855306918885,-0.9341616059337753,-0.1572857982912093,0
0.11672644348032532,-0.9864953746914884,-0.2979987223729099,-1.0032570490799166,-5.931435476743737,3.002942124925308,0.033760847930077095,-0.9374066002724313,-0.15588458943164255,0
0.12431647538559677,-0.9904458299572768,-0.30749969289693585,-1.724884151124665,-5.64959920676333,3.1558162544806025,0.037249576266716426,-0.9417358361240779,-0.15301891214901095,0
0.12700728676229867,-0.9953604618522045,-0.3148478230226122,-2.5072412662998387,-5.19279478057133,3.1862221430618196,0.03731514634992383,-0.9466567280394877,-0.14972805317102522,0
0.12595977933599387,-1.0021620365843786,-0.31457640340729465,-3.2017140274000115,-4.812843375103584,3.1561259578606853,0.0359921061005696,-0.9531524983936367,-0.1474792068935703,0
0.12411984303906053,-1.0099419722613314,-0.30970253830295075,-3.6688304004732952,-4.653088928726975,3.0672896069796947,0.03614633030996632,-0.961344444316,-0.14658409364051173,0
0.12147516066919734,-1.016621263426322,-0.30649347721449555,-3.8586582819606736,-4.653265403492771,2.869603118628291,0.03764558525896376,-0.9695006666498044,-0.14620716756679833,0
0.1169337501672037,-1.020843746601129,-0.306583144309257,-3.837757711190653,-4.637567623738196,2.5554556239636113,0.03804755936585236,-0.9753251583770536,-0.14582614841820302,0
0.11279402021006221,-1.022735703904176,-0.30674261907794476,-3.721681153263608,-4.474107792666388,2.1989452994510326,0.036120863657371396,-0.9778553941171942,-0.1455658562048628,0
0.11336910778570147,-1.0227006395421692,-0.3044357617062528,-3.592397739249578,-4.162039464310899,1.8823683191768517,0.033667756059562286,-0.977886451019694,-0.14526664718474944,0
0.11887718099379913,-1.0203262755271867,-0.3006131587628686,-3.4816311685499826,-3.7873122126513232,1.6086085284003442,0.03335946859771956,-0.9767056713947225,-0.14439043000737045,0
0.12392211700794853,-1.0156060241205418,-0.29752366397266283,-3.4044361267974024,-3.4187016349071175,1.316195566320093,0.035263520262502866,-0.9749504332243513,-0.14297765422717562,0
0.12363457187599035,-1.0106951386812861,-0.29598358818727954,-3.385083278648771,-3.0671169606906985,0.9750758514649907,0.03679227710617802,-0.9728254787277122,-0.14182615063357823,0
0.11944202622516996,-1.008856681596209,-0.2954598175045895,-3.4523299277609136,-2.727305968289415,0.6366974175756129,0.036218167217911844,-0.9707512569301501,-0.14142452450846751,0
0.117052959917627,-1.0111976791435753,-0.29572210198825755,-3.6150183442974644,-2.409480137159647,0.3771168935986108,0.03488020825491371,-0.9692000544976541,-0.1412499540799668,0
0.11972361553365665,-1.0150500034696182,-0.2967603949531018,-3.838848001714948,-2.1148912792762697,0.2108789162836325,0.03525779918233273,-0.9679974796143973,-0.14042127502655694,0
0.12508667382383007,-1.0161559225069428,-0.2971748846152034,-4.043949678927007,-1.813024709504745,0.08285237132973108,0.03769048376995352,-0.9661409610308049,-0.13878252048425682,0
0.12839827798689796,-1.0128382507860243,-0.2952074188648371,-4.133969972013295,-1.4662265391734455,-0.0633672278250455,0.03985522875008484,-0.9625801851861089,-0.13721502133366104,0
0.12750010760642194,-1.0078133345855491,-0.29237154021480133,-4.056303206946529,-1.0683185030884974,-0.23304115647238147,0.03937102695135379,-0.9574393091188405,-0.1371013495248213,0
0.12387144765640641,-1.0052489113761054,-0.2933215908644203,-3.8668007711155994,-0.653157053306249,-0.39053169145772654,0.03618241104002251,-0.9526085686992061,-0.13954597444166153,0
0.11984157270518364,-1.0064696224459109,-0.30023096911634867,-3.73336679355869,-0.2750551657079855,-0.4874868582498204,0.03209294450330227,-0.950884882162227,-0.1446780248029668,0
0.11639829239445496,-1.009510803674076,-0.30909649645498505,-3.8288383419489533,0.01952483614197035,-0.47510502848759006,0.028667033743244297,-0.9538791395644859,-0.15106510929808264,0
0.11343006250592434,-1.0120373154014357,-0.31344577223127956,-4.171212607006255,0.2156393311205241,-0.32741939915149293,0.026199493996091325,-0.9602310008008864,-0.15583859781956225,0
0.11037071529964715,-1.013203989818289,-0.3110175819978454,-4.567511139265433,0.33045148882490255,-0.07489844336099763,0.02421256563138481,-0.9660545570392511,-0.15635694656882895,0
0.10661970979030658,-1.0131695555701061,-0.30543121191452083,-4.753367615641063,0.38749945067280683,0.20816999457231444,0.022171282676364153,-0.9677782783508582,-0.15251078346553365,0
0.10270959417069979,-1.0121907492801512,-0.30135047057890046,-4.612126833920361,0.3987875376380909,0.46574402465307835,0.019829098551748848,-0.9649518480363164,-0.14717946383710154,0
0.10066034121460912,-1.0104602446938442,-0.29961624701506184,-4.251404320143632,0.37772720840341684,0.6936187450163203,0.01743548260829129,-0.9603345747855372,-0.1440141611793754,0
0.10183556796824264,-1.008423438614002,-0.298423181975543,-3.8740832077434035,0.35459589578256806,0.9096581228255155,0.01561354750674485,-0.9572573572345672,-0.1448248870831532,0
0.10474580857444028,-1.006865421646626,-0.2981118654528308,-3.6094603677537607,0.36515746692348927,1.1175991374546683,0.01474789125765076,-0.9569010634184715,-0.14900041844638112,0
0.10586822936975264,-1.0063579930992008,-0.30183992124685105,-3.4769145910615364,0.4250855542000911,1.308473377896885,0.014616199411438855,-0.9580146743894408,-0.15469290940414487,0
0.10277152021272043,-1.006732812289161,-0.3103126014708213,-3.46511271179075,0.513718357066534,1.4722416464107835,0.014715546848764272,-0.958973615726748,-0.1599063494879584,0
0.09656308298924395,-1.007448958580322,-0.3182808246097283,-3.5902710826629782,0.5799079988265903,1.5917572193284815,0.014580422826151618,-0.9596285547026787,-0.16276090743585866,0
0.09109661560989804,-1.0082435534843996,-0.319176806155474,-3.8658125445706535,0.5770950839651153,1.641080854448727,0.013758544643916572,-0.960884346494161,-0.16188253248991008,0
0.08908744436754061,-1.0090321403781626,-0.3126278853920409,-4.239862489719371,0.5081564568217336,1.6083850810395086,0.012082471757660671,-0.9630385204363382,-0.15753573969867746,0
0.08946750999078483,-1.0096097100967591,-0.3048140289208179,-4.586206774447788,0.43270985820133984,1.5151546016265727,0.01015218715204879,-0.9654006900586045,-0.15214608034672142,0
0.08972514168651355,-1.010017199025858,-0.3013988646324988,-4.76946638960619,0.41678988195095046,1.3984105117186592,0.009057335896597098,-0.9673458813361495,-0.1486260867369508,0
0.08990449920229034,-1.0108569567913421,-0.30253527199004404,-4.730061521103886,0.4694530607145627,1.2759819411785092,0.009368215411233227,-0.968777268894123,-0.1478200299478341,0
0.09203079209959784,-1.0125771281152096,-0.30514341770946735,-4.513259476290029,0.5384299243245577,1.1405838183964752,0.010560025963518224,-0.9695182583176066,-0.14820492610204095,0
0.09593347373570346,-1.0143745261197228,-0.30726844360272987,-4.217247907084351,0.5777992119182651,0.9855375690519954,0.011445051217389379,-0.9690487629188157,-0.14817429393205106,0
0.09834139232183665,-1.014360740679643,-0.30852605460074506,-3.912776944624981,0.602928489954733,0.824031269480871,0.011083403493554609,-0.9669433342176891,-0.14781990025352296,0
0.09677253878530498,-1.0113298746294686,-0.30823537751202695,-3.6131146333380624,0.651882025675416,0.6826442356886568,0.009401942660045527,-0.9631799526636277,-0.14832971336773879,0
0.09237154881841966,-1.006156972207892,-0.3058378287439568,-3.32122679976674,0.7042619720799886,0.5848370729648709,0.007074147654036928,-0.9583144878300253,-0.15035729292584168,0
0.08803785487895995,-1.000965405764482,-0.3030300782705444,-3.0985495483177483,0.6775809197055802,0.5401923857290425,0.004738601062624639,-0.9537320751554615,-0.1531372513562298,0
0.08490836857981848,-0.9971787695381569,-0.30306502114256273,-3.0645376713544055,0.5106125435630239,0.5410046803585059,0.0022651332190265203,-0.9511425394299006,-0.15490171500695077,0
0.08170394141059266,-0.9951927497331844,-0.3068221324597699,-3.3024461352488825,0.22133689124075281,0.5673649982308366,-0.0010521055971353815,-0.9512556155180045,-0.15455852870644188,0
0.07737188925562542,-0.9959489550642012,-0.3110128433543449,-3.7646510964793793,-0.1248127912511933,0.6018898899853236,-0.005271335255032094,-0.953466209939619,-0.15321167401191277,0
0.07332222874745238,-1.001351832973699,-0.31160870539492286,-4.290514604844513,-0.4759832788101988,0.6432601466792223,-0.008876555297307792,-0.9571277466261107,-0.15307387665726552,0
0.07224620439351272,-1.0116543723568483,-0.308385581134343,-4.718899005609292,-0.8089865941491304,0.6991398456912572,-0.009854898476174653,-0.9621386440633968,-0.15440235946280012,0
0.07524110755347921,-1.0230284567282757,-0.3051544727310394,-4.966241428538617,-1.1045287270395734,0.7574821950672183,-0.008069397026686024,-0.9678001834614993,-0.15481131163826536,0
0.08073813788342311,-1.0296037302968815,-0.30594216551685494,-5.005827080895388,-1.3317678594315057,0.7717954166546059,-0.005737096622644772,-0.9722773099055296,-0.15248803717724238,0
0.08553915451254915,-1.0284321360762125,-0.31135726714395123,-4.815909541680094,-1.465926012511858,0.6935557033543488,-0.005025919738137694,-0.9739948009632667,-0.14893585328834472,0
0.08640066187927897,-1.0216703077108578,-0.3179991418945542,-4.380158573156186,-1.5208424311677584,0.5237594004331226,-0.005929200622181021,-0.9728932801376444,-0.14748677565879775,0
0.0819600405249456,-1.0138966183599327,-0.3211110099904314,-3.7400879462557803,-1.553291087527389,0.31928336349298303,-0.0068926292887813755,-0.9699781847519278,-0.14978712258915078,0
0.07453790618428342,-1.0081264180783447,-0.3186396261596714,-3.0353556182149926,-1.6188957158622468,0.1425299469760328,-0.006781897304364181,-0.9663889487545175,-0.15455377021642594,0
0.06925904661598098,-1.0046092656899204,-0.31319212502781457,-2.4718298377001315,-1.7253596790750323,0.013225799381529285,-0.005895529890831573,-0.9630945948307825,-0.1592789648775682,0
0.0695077202373412,-1.002592948906306,-0.3095406562687307,-2.218132378508665,-1.8457643215801196,-0.08581093756699545,-0.005576688792893546,-0.9606928691395656,-0.1623254225450185,0
0.0731260089038759,-1.002084418035616,-0.3099059186442471,-2.3050461155982522,-1.9781063062636621,-0.16516115686840707,-0.0070911159050322916,-0.9592696356686956,-0.16353381925312574,0
0.07470779273706532,-1.0035956109026254,-0.31222446104999513,-2.616972990058507,-2.1704798436068424,-0.2063125874024941,-0.010566867844602054,-0.9589186391743185,-0.16366877710813957,0
0.07203029954016998,-1.0070043721243127,-0.31334536551679115,-2.987900382280017,-2.4738022125854684,-0.1850696583081638,-0.014675182017081422,-0.960116973504864,-0.16364765694021605,0
0.0686963484354324,-1.0113553140692906,-0.31285400380753725,-3.3118424719792725,-2.8782254761302437,-0.10146362002479997,-0.017254824857497242,-0.9628850795990915,-0.16385845987603287,0
0.06966613827077742,-1.0153891436362499,-0.3127006540797574,-3.5674467904159446,-3.308138689037271,0.02448648463868616,-0.01656937043171504,-0.965937566691563,-0.1638387527255371,0
0.07537474879751854,-1.017883349679092,-0.31413903312180225,-3.7586544754048496,-3.676836569690327,0.1737232649737604,-0.012577415154928651,-0.9675324966553845,-0.16281620827255097,0
0.08150431474286352,-1.0181412548091902,-0.3166200947579594,-3.8603594555934784,-3.939789668352233,0.3295781847617026,-0.007226274428171326,-0.9671327159302687,-0.16065699699390748,0
0.08413836134720881,-1.0167099826713706,-0.31899684183874916,-3.8301386024495434,-4.101946832421804,0.46552890964579513,-0.003064562237879677,-0.9657601983956842,-0.1579729602610626,0
0.08371034397267454,-1.015140691183531,-0.32040516768881566,-3.661419488357108,-4.187839670991067,0.5491091991570921,-0.001176134147561324,-0.9647769589837917,-0.1555145201420935,0
0.08333309119142063,-1.0147048903775484,-0.3205141209920428,-3.4131583068153772,-4.21265097735208,0.564783763742863,-0.0005788806884092716,-0.9646253836735711,-0.15410752379905676,0
0.08433641482701931,-1.0154996616272496,-0.3198105931599813,-3.1800589949349063,-4.179390653334255,0.5300638967841252,0.0003958451173595085,-0.9648635343972887,-0.15475830440658614,0
0.08498399154881761,-1.0165920710859773,-0.31902023961718506,-3.0274210342090684,-4.091810495301304,0.4845465657780087,0.00245368853195099,-0.9652759287828689,-0.15763847418228233,0
0.08367703206005644,-1.0170260624866243,-0.31803888571630556,-2.952359297473153,-3.960122733563591,0.45709312968372795,0.004897834463592721,-0.9663490620176372,-0.16103793999470262,0
0.08181154446512054,-1.0170745239474301,-0.3164852539520984,-2.9063984013066877,-3.799237180657443,0.44049480916583716,0.006376897466448487,-0.9681907538441941,-0.16255527361382519,0
0.08237960105478083,-1.0180700937334877,-0.31526612589103437,-2.8464720099935588,-3.6324186341396176,0.4028039197927922,0.00607363559622989,-0.9696900491703349,-0.16176497448594393,0
0.08643162631186918,-1.020384058402967,-0.31625703957833173,-2.759188847333556,-3.4952106305467847,0.3250242047835918,0.0043514060167219775,-0.969699082450664,-0.16090314438802195,0
0.09156614692076503,-1.0222148120327246,-0.31989544420393934,-2.653137899796551,-3.4225754584765347,0.22092275112599852,0.0022572334494367343,-0.9685426968349464,-0.1622579382218352,0
0.0936098047980162,-1.0213532971930952,-0.3234784588980761,-2.549011087674232,-3.4233783446254598,0.12205744036561951,0.0005634141160976119,-0.9674312015851906,-0.16534046474526493,0
0.09000823698572298,-1.018029889376973,-0.3227711559573147,-2.4699429111463993,-3.470829454594125,0.056182176104700936,-0.0005370074532158801,-0.9669270299189032,-0.16744048370571993,0
0.08238254293499596,-1.0150790376182623,-0.31668587303229645,-2.4201655282184062,-3.524524491743251,0.037977530180952804,-0.0010841404755381904,-0.9668942797320937,-0.16678580025283588,0
0.07579417773542907,-1.0146427225196266,-0.3100185123942514,-2.3756256486412415,-3.562143315534568,0.06103328977893062,-0.001088620442252909,-0.9673325232695128,-0.16427714416705513,0
0.07479948212021623,-1.0151682990594675,-0.309030040066813,-2.3109314966870302,-3.5880290394302814,0.09284139761972593,-0.0005914873531952802,-0.968206617402125,-0.16206915564372049,0
0.07962413951497704,-1.0129599546818138,-0.31395779201297763,-2.227279537271535,-3.615393811645681,0.09563703017707934,0.0002152436921989385,-0.9688068332225936,-0.1612450771276536,0
0.08604613572577285,-1.0072337941966736,-0.3188429703588998,-2.1370873968355535,-3.6473806047577257,0.06481157643328529,0.0009939162670208944,-0.9682364303340786,-0.16116310272454884,0
0.08931293591852005,-1.0021824278282976,-0.31935825654849126,-2.035667682758946,-3.6771548243520065,0.03686729043106167,0.0014143663003010009,-0.9665250052448645,-0.16064949082758856,0
0.08829461581767788,-1.002309147703796,-0.3172711476885848,-1.9145218462405433,-3.7024016402556756,0.05017672167816625,0.0013917012476231962,-0.9646256231217752,-0.1595306728242803,0
0.0855514453062095,-1.00670997044719,-0.31607100222668244,-1.7940437199759787,-3.7340825959716146,0.10599611849693076,0.0011912859323669287,-0.9632562444518836,-0.1589803842648506,0
0.0838813599186793,-1.010339378606314,-0.316106011920849,-1.71562218053468,-3.78569474774456,0.17308255688364885,0.0012131323490518402,-0.9622975765479613,-0.16030499556567257,0
0.08394997517424568,-1.0104188059997004,-0.3161068836563439,-1.7022933070902315,-3.851760881028741,0.2189552222481954,0.0016346865769819507,-0.9614418264343443,-0.16330250999446352,0
0.08487277479813701,-1.00890783231322,-0.3162178364260095,-1.7469367422399042,-3.901210357203259,0.23050789678977662,0.0022917869737319636,-0.9608206021973429,-0.16595696999030116,0
0.08547826344434424,-1.008494424112615,-0.3169803661483598,-1.836366480077609,-3.900164505721702,0.21702698097738873,0.0029259587808617964,-0.960717446076601,-0.16611494809261307,0
0.08485627619867504,-1.0088904272979078,-0.31737003237284445,-1.9632173451094825,-3.8459579447174996,0.20254238047688308,0.0034887921053791487,-0.9611089357896222,-0.1636315670892787,0
0.0828375422645257,-1.008324617734288,-0.3159772613571749,-2.1067737337345043,-3.7753644640268313,0.20634516983354176,0.0039877060080983524,-0.9617211107070658,-0.16062761694319524,0
0.08032795137315425,-1.0067215297999204,-0.31330275612735303,-2.2252530951639247,-3.7302170825031906,0.2240972695127762,0.003997386363477216,-0.9622725963980788,-0.15942103372533314,0
0.07883764907008028,-1.005592752151308,-0.3116494132682744,-2.2922098293899063,-3.710369275545758,0.236166184591321,0.002852468798065658,-0.9626171318255526,-0.16035263103084374,0
0.07946568407954868,-1.0056284299521594,-0.3126243758263964,-2.335722271085521,-3.670222650726016,0.23816270739989018,0.0007327076989887205,-0.9628911416472438,-0.16185141384809862,0
0.08208147703025478,-1.0060255951995962,-0.3152514448578572,-2.4165049688313744,-3.5748211883704752,0.2501983850170261,-0.0009160985663490947,-0.9634290440513732,-0.16247668117297748,0
0.08519790592872555,-1.0063498611416806,-0.3174313512054102,-2.5600885297657516,-3.4527816142173196,0.28559946117511315,-0.0007188840444838078,-0.9642286529085192,-0.1624066256044292,0
0.08670855054103178,-1.0079214094302957,-0.31877924780944755,-2.7277593062857397,-3.373712843706985,0.32043542415202664,0.0009126279764496368,-0.9647403905795986,-0.1626238170590596,0
0.08528621242826216,-1.0120919161417983,-0.32020528590844965,-2.8587403745544897,-3.3724509157400373,0.31148547438233615,0.002022307118354914,-0.9646464461515233,-0.16308745462411445,0
0.08179233045470471,-1.0171408642579596,-0.32156861188479946,-2.9167567017132185,-3.4141501020639087,0.2464708462755515,0.0015224911777204258,-0.9644556842861207,-0.1626256610243216,0
0.07934668843453038,-1.0186139267476022,-0.3225094001625947,-2.8861523938720093,-3.435937171701229,0.16360150855477787,0.0008738572625809479,-0.964595373417215,-0.16083246996691392,0
0.08081484812549018,-1.0139693497443074,-0.32429536930307484,-2.761768008725655,-3.4032426265543045,0.11277165013251406,0.002282950098263091,-0.9643004878862267,-0.15915010765675036,0
0.08543124104853701,-1.00578887459241,-0.3272440325361318,-2.5803688080880547,-3.323142590788256,0.10361200424873404,0.005334643346668352,-0.9624062299269097,-0.1593200936188185,0
0.08901939314159107,-0.9991836384927387,-0.3277082805920502,-2.438233541445328,-3.2286587260899156,0.10399752190422228,0.006947338207012656,-0.9592034000802985,-0.16119314119515574,0
0.08859674283294576,-0.9968790590836714,-0.32192676819901517,-2.4290814313285245,-3.1622889543074186,0.08895497788439327,0.00523164903506655,-0.9566107388160133,-0.16278586129714978,0
0.08575247268736089,-0.9978767714196968,-0.312247615024392,-2.558406595395397,-3.1518262560631425,0.0725823542209132,0.0020013847120054964,-0.9562516073323482,-0.16239300452416497,0
0.0843826160147041,-1.0000658363976263,-0.3055039872698912,-2.741625742102132,-3.1810944093284665,0.08016862336908698,0.000491131241888572,-0.957929422011945,-0.16019766720298634,0
0.08586249343688285,-1.0026504618942265,-0.30531815272988205,-2.889360913800884,-3.1958979906783176,0.10448569114380649,0.0015756920342672608,-0.9602318606819852,-0.15784591297624517,0
0.08761577935355216,-1.0060089433451251,-0.30919737930037766,-2.980789617587209,-3.1583692288608365,0.11230707424770281,0.003297152709717945,-0.962162513616642,-0.15683665155419466,0
0.08640577396799919,-1.0103337310062628,-0.3126848473397733,-3.0562779647075597,-3.091442715381344,0.09269397041612114,0.0035269648699481353,-0.9638602461619699,-0.1575452499200412,0
0.08230309148233549,-1.0149372590413972,-0.3135707538141094,-3.1614316059964738,-3.05562235298869,0.07930043076103727,0.0020824727704623594,-0.9659348611833116,-0.15944903260398813,0
0.07884952375565024,-1.0185389809363814,-0.3129074969925176,-3.3090102246868476,-3.0839547300387506,0.11719959733427239,0.00035478175229543697,-0.9683906233366064,-0.16160812545195016,0
0.07930411393237152,-1.0201393669287597,-0.3137894351944514,-3.4706104859345452,-3.1495248378260294,0.2169536120859913,-0.00038649442040303815,-0.9703474499509602,-0.16294646435654314,0
0.08325494093869956,-1.0197123059559312,-0.3175536186916812,-3.576929660417966,-3.1946811610678214,0.3452893452017888,-5.052039327239738e-05,-0.9708183316189752,-0.16289334034500866,0
0.08734401259977596,-1.017824567274126,-0.3206415240707771,-3.543002075877837,-3.1845517398807255,0.4530973258549945,0.0006079023766032182,-0.9695833593892444,-0.16209773821412868,0
0.08900158225379483,-1.0148841447206998,-0.3186006913597021,-3.3390961591192867,-3.1331063022494936,0.511367158343377,0.0010228148900298809,-0.9672661627245146,-0.1619908509197788,0
0.0886167746106562,-1.011554228072623,-0.31376308490839516,-3.0476471759339314,-3.0848676675169306,0.5299737447714137,0.0013404522622624787,-0.9648744266813803,-0.16332981212030742,0
0.08776014887997287,-1.0093335416613667,-0.3141413235988403,-2.817103522839636,-3.07594673606276,0.5462493224247245,0.0018892315277639368,-0.9634064064308709,-0.16546843220078813,0
0.0865977159882433,-1.0091456145239197,-0.3225640283301978,-2.738394790885246,-3.109852336036484,0.5883465378929297,0.002371495624353322,-0.9633797702168904,-0.16717618535659434,0
0.0848512692610149,-1.0096351441277456,-0.3313516428176232,-2.781653902492496,-3.164649498141388,0.6445715352464076,0.0021167467956256566,-0.9641896651553401,-0.16783102937250755,0
0.08455972526798568,-1.0086773533469193,-0.3313906824511857,-2.8624894011242756,-3.218478863255537,0.6732925052196792,0.0013409121211440428,-0.9643183141650671,-0.16765415453563673,0
0.0887119479882672,-1.0065241991516196,-0.32349906758350205,-2.9417866836880795,-3.2634020635956125,0.6466805271074096,0.0014814727419346896,-0.9629497014063672,-0.1670811396609647,0
0.09628626197583227,-1.0057582861099101,-0.3164249402108631,-3.0354875002045714,-3.293587038036663,0.5787043763024665,0.0035600244945235876,-0.9611651513242736,-0.1662108139716762,0
0.1016084927901315,-1.0080287757151174,-0.315116491795803,-3.150086164859112,-3.290732473018288,0.5064852188026406,0.006545155549918512,-0.9608202987047423,-0.16483580263061817,0
0.1002952504852856,-1.0122050237447522,-0.31603772340483316,-3.248310314537999,-3.236170374233334,0.45380762125513524,0.008120413159800059,-0.9624903760909646,-0.162847312434837,0
0.0939936579722769,-1.015952038204277,-0.3145180110530969,-3.2781565190689888,-3.1383448704713848,0.4204519475938631,0.007097558692900886,-0.9651861492783558,-0.1606371161267626,0
0.08826297046429457,-1.017928359839881,-0.31171183795495794,-3.2141164376075944,-3.0327856916565676,0.3959053448349658,0.0046379766027419495,-0.9676421676141267,-0.15915400228543297,0
0.0871556984270474,-1.017801051106007,-0.3115263373714634,-3.073654661577874,-2.942966391856868,0.3698371465174739,0.003023648301327837,-0.9690479696129942,-0.1593111301818714,0
0.09012191480039279,-1.0151522755016542,-0.3139315625377851,-2.908108040386061,-2.850371060568423,0.3363009574234469,0.0033598184951409444,-0.9689448977038375,-0.16111271584622996,0
0.09295718088496566,-1.0101435396286744,-0.3153530266654061,-2.7729689656885985,-2.721274101557319,0.3014077875814139,0.0045336537877440405,-0.9673504986495589,-0.16360333172043812,0
0.09174090928765097,-1.0053695222806813,-0.31492831109958236,-2.69870760190532,-2.56181123070139,0.2823547006818078,0.004536264575998752,-0.9649346771214052,-0.16587268391191987,0
0.08667679076115253,-1.0048230164030758,-0.31643621320197823,-2.690737398345831,-2.4265459226105275,0.28751854138750266,0.0028197932333309905,-0.9627038376167717,-0.16776582804303636,0
0.08183995749722228,-1.0094605326202262,-0.32266571347116424,-2.7461848001852776,-2.3640916856657874,0.3010520728307574,0.0010091456539258637,-0.9616189912450811,-0.1694435683140332,0
0.0807439553088358,-1.0151661751752858,-0.3305080544087156,-2.848701219441774,-2.366211237857206,0.29567803852249613,0.001039268518744897,-0.9623067592126653,-0.17083435018230425,0
0.0829365354469394,-1.0168977918920352,-0.3338073642261833,-2.944528595908204,-2.3777550979816606,0.25716109276805293,0.0029606935230048104,-0.9645727854306084,-0.17186629778124363,0
0.08549421338183108,-1.0142200919177364,-0.3302448177921919,-2.9441247795689582,-2.347438199669794,0.19017983101993347,0.005039713328975471,-0.9672473878313315,-0.17265985703294195,0
0.0867493977827936,-1.0111994834690137,-0.3238722629184397,-2.7689592440109725,-2.2621622167105238,0.105939551707885,0.005793685959044337,-0.9689589150158958,-0.17316310797917714,0
0.08745403792570466,-1.0110616795636949,-0.3205614969645537,-2.4155070105240863,-2.1388018235355695,0.01334921985814512,0.005453308847364615,-0.9691641729696101,-0.17312542225984312,0
0.08891198958340718,-1.01259111087881,-0.32172685611898466,-1.9888854141097714,-1.994148332704137,-0.07946946960758618,0.005488235788825897,-0.9683831361308977,-0.172543452541567,0
0.09109219911282088,-1.012456949749911,-0.32352997757512286,-1.6648835751351498,-1.8322968962917696,-0.16582978352754837,0.006980066668083529,-0.9674971032627947,-0.17152805787428702,0
0.09271794713076309,-1.0097638861825888,-0.3220610524147835,-1.5823326599396739,-1.6628186724518996,-0.2492491927786679,0.009413870690131299,-0.9668084396578107,-0.16975882310450935,0
0.09278209976653551,-1.0067814194142068,-0.31765816659674234,-1.7452797953962935,-1.5165522676432004,-0.3471625705993527,0.01099181044353171,-0.9658671497496856,-0.16677775372893194,0
0.09167257585937681,-1.0056174824231072,-0.31343968040327574,-2.0326836271198934,-1.4262012737420828,-0.476599030223787,0.01026240344812362,-0.9644393239093055,-0.16282837082253923,0
0.09079301993809206,-1.0059931241697049,-0.31125331866158745,-2.3080954453243363,-1.3941291857975608,-0.6336102079914487,0.007511194072198556,-0.963370874953839,-0.1587610520411619,0
0.09121178353110568,-1.0068943366125271,-0.31048023197660607,-2.5121141485987106,-1.3904033378774465,-0.7916816141229169,0.0046000034644611415,-0.963865428687043,-0.1551968286573038,0
0.09253873580315507,-1.0087342852431977,-0.30961698515618635,-2.6578081919616894,-1.3774558600134221,-0.9210335116256159,0.003495557095834927,-0.9660238068277789,-0.15244650947131122,0
0.09305545929980484,-1.0123577841083093,-0.3075977394978605,-2.7717925197595856,-1.328965577158813,-1.0059139536691295,0.004734045194598252,-0.9687408936616126,-0.15096569483995592,0
0.09167740818406477,-1.0170316549406013,-0.30460109938651725,-2.8581764515391126,-1.2379592236421781,-1.0486897374767103,0.00711466558820279,-0.970912867765357,-0.15090028270652941,0
0.09006550756597717,-1.021027318075345,-0.302827020073032,-2.899973852838198,-1.122501069822381,-1.0684587141533,0.009070986310978406,-0.9721051287699757,-0.1513449114209393,0
0.09131637883435681,-1.023298489291324,-0.30526382271000285,-2.872649353010315,-1.0145143706652888,-1.0947397500966245,0.010250887222147202,-0.9722315024073988,-0.15123260192532695,0
0.0956664631280778,-1.0234230107749516,-0.3121215568858827,-2.7577671693592176,-0.9273082245943841,-1.1500488867468979,0.011140760435640124,-0.9713922482732994,-0.1510177268113949,0
0.09930276949940488,-1.0210874631198794,-0.31931473338866484,-2.5570022675265,-0.8412029811859962,-1.2305459618403227,0.011372146453514625,-0.9701030069556524,-0.15224463128155014,0
0.09883236403830721,-1.0168165427963425,-0.3219276875654104,-2.3017497031365073,-0.7338282178303196,-1.3060995325901843,0.009796533867231502,-0.9690321217482619,-0.15518464823564793,0
0.09515961934579284,-1.0122782255140517,-0.3187452714378198,-2.049176364757364,-0.6149788951689867,-1.3476634426707905,0.006591716109602497,-0.9683276584489873,-0.158077978659387,0
0.0914442755114927,-1.008865173118856,-0.3127655704943798,-1.860452494990077,-0.5171522074120192,-1.3586039979438571,0.0038308415427853637,-0.9676020798096148,-0.15916013840436896,0
0.08906280374605435,-1.006577089059778,-0.3085419181042119,-1.7693399453363354,-0.45874318937363173,-1.3721408489671163,0.0031517280749144374,-0.9666186050958632,-0.1584978314117913,0
0.08733648649466344,-1.0049384596909479,-0.3095641714135263,-1.7614320719373275,-0.43068853618256253,-1.4135065514675504,0.0038901174444400635,-0.9656076640733797,-0.15743988034040654,0
0.0856998076654343,-1.0041640619378427,-0.31597643035743067,-1.7871751861206828,-0.41535398472182955,-1.4747993352505415,0.004325541189903485,-0.9648799208131734,-0.15719360183545183,0
0.08422586884006321,-1.004489162533351,-0.3235669787314032,-1.8106587082708163,-0.40386100911470524,-1.5326824570645647,0.0040696654071168325,-0.9644663436717986,-0.15843928526229178,0
0.08298235535468143,-1.0052270323658494,-0.32710947279483,-1.8511744044919012,-0.39329100952066476,-1.5774554785005699,0.004312328422279496,-0.9642063651606996,-0.16131768836815666,0
0.08253126671815815,-1.005771625964425,-0.3258966265037777,-1.962728123239164,-0.37912126604783536,-1.6177996141661766,0.005862542792682002,-0.9639776451637619,-0.1647738340260628,0
0.08432840933234372,-1.006749733420472,-0.32393320905226675,-2.162476643811012,-0.35667352133141267,-1.671554212741924,0.007826963209457407,-0.9638080899262164,-0.16657037658479354,0
0.0890285226277571,-1.0087253579187678,-0.3239597017638571,-2.38896864829849,-0.32501097445187954,-1.7581653333050553,0.008675317165548025,-0.9638810293565283,-0.16525985849403266,0
0.09473999857197127,-1.0105971804865916,-0.3239525953671545,-2.5438152910556835,-0.28724349952190287,-1.8838459494387012,0.008066709591483551,-0.9643651654270626,-0.16197319512992803,0
0.09833818242996538,-1.0109951391230132,-0.32085085605885183,-2.576202085814981,-0.2527544649982026,-2.0262849848096898,0.007018077667211513,-0.9651505338908094,-0.15910390259784407,0
0.09851518880054336,-1.010612071047099,-0.3155028323682386,-2.523975443631012,-0.24151486462070587,-2.14823655816464,0.006671112745554066,-0.9659165760390346,-0.157433094759839,0
0.09652458989198125,-1.0113666322516237,-0.3118930157796926,-2.473396852252926,-0.27744320818296453,-2.234776920821378,0.007478292290974408,-0.9665032999480672,-0.1558844772026043,0
0.09407164291392378,-1.0134652029502853,-0.3120399688153256,-2.4830692015337577,-0.3651632028208299,-2.307564917591087,0.009191929428566002,-0.9669393478638594,-0.1539969101356494,0
0.09181313678413129,-1.014832434113087,-0.3134693915251459,-2.547272631109117,-0.4730898842719708,-2.3958003278216577,0.010978520116256843,-0.9671478952726159,-0.15303388378888455,0
0.09000795279170822,-1.0138201292827833,-0.31280546836672524,-2.620912694636644,-0.5539789557778466,-2.5006531167490804,0.011714633864681178,-0.9670202165411332,-0.15423055167881133,0
0.08903835327399391,-1.0115007901686455,-0.3105614578083875,-2.6628970132434606,-0.5910653526743812,-2.5952069915233884,0.01077401613243033,-0.9666885021739415,-0.15718423998227754,0
0.08878463468857886,-1.0106055617240115,-0.31005590070241085,-2.657539864821482,-0.6164209908253688,-2.6551606583959995,0.008610816185808012,-0.9663483301675215,-0.16052937414721896,0
0.08861908123843074,-1.0126038100225643,-0.312426927958195,-2.616905053610337,-0.6809839532272985,-2.683427866300081,0.006224966140399489,-0.9660237086639156,-0.16327443042370976,0
0.08817468513196582,-1.0163327363832604,-0.31578849379820956,-2.575374064128536,-0.8173657712000254,-2.7057775632182763,0.00419504374028174,-0.9658539676135716,-0.1649396032788605,0
0.0874055909093389,-1.0192254012750939,-0.31889866197294553,-2.5699468840195023,-1.0291288474298628,-2.744658078574089,0.0027085248196157905,-0.9662816382454846,-0.16526230504585088,0
0.08646174652911295,-1.0194759008246814,-0.32225139159208177,-2.608896796264615,-1.2917744502743147,-2.796477368867486,0.0020614169999771323,-0.9675762170171158,-0.16460848964337643,0
0.08601351876807187,-1.0172678381628875,-0.3252998309485552,-2.6560165528767006,-1.5556799545753655,-2.837719107667255,0.0021575024846337337,-0.9694060563767505,-0.16417017235428677,0
0.08641285810752714,-1.0144745942861135,-0.3258771407993158,-2.652257830376186,-1.772766129856211,-2.8554156611840344,0.001899044826680574,-0.9710855705477774,-0.16493862833183734,0
0.08610821942319989,-1.0132436142919004,-0.32347325867643834,-2.5609025920488375,-1.9396514454354568,-2.8612366721814224,0.00022379027518577187,-0.9720584524646368,-0.16664640987182155,0
0.08283866105378827,-1.0143820369999266,-0.32067883597054847,-2.3959506579238865,-2.105510674591966,-2.869527160921016,-0.002393047660975097,-0.9721291600028305,-0.16812636972510786,0
0.07715552736512035,-1.0166759239348586,-0.3201719690484434,-2.208957916794144,-2.3294808817897685,-2.8776674664850286,-0.004401380489183237,-0.9714362740736562,-0.16849177846608107,0
0.07272145615198781,-1.0177473217534851,-0.3218687358480276,-2.054194890185388,-2.6366576275289866,-2.8805824804560496,-0.005033602565876798,-0.9702139685244368,-0.16784373526460852,0
0.07211592935608527,-1.0159716631160904,-0.3236289679807831,-1.9700049854830386,-3.010801732601026,-2.887364160984041,-0.004921716384278668,-0.9685169096453626,-0.16709466173580734,0
0.07425114291454055,-1.0121331510010634,-0.3233902644828517,-1.9816308447500373,-3.4136475299573372,-2.9047557976366347,-0.004921241428194973,-0.9663334583692477,-0.16700524645193013,0
0.07688480883619277,-1.0091585310531888,-0.32045598775859574,-2.0964828932330155,-3.809692506201027,-2.9160456058631774,-0.005103288972119978,-0.9641516671269551,-0.16714377168360303,0
0.07940561374514957,-1.0094430045770435,-0.31602851926514725,-2.278936130545045,-4.181428320614397,-2.8955305380737912,-0.005159021622279029,-0.963182974216212,-0.16614121719734024,0
0.0817563119775697,-1.0122876550773683,-0.3128484509391865,-2.438942594243257,-4.522428239128109,-2.8397101286521793,-0.005178702210902402,-0.9644551612742565,-0.16343350766905998,0
0.0829434612244195,-1.014764849711059,-0.3132219060563576,-2.4755319984719035,-4.8183597789152115,-2.7740333141309836,-0.0053659400777611365,-0.9674960952089973,-0.1604729298128716,0
0.08251244252786255,-1.015162483668818,-0.3164780836731819,-2.352004347777815,-5.046601773067243,-2.7340574632952674,-0.005114252168922552,-0.9703272924858664,-0.15952851619303318,0
0.08191708853910053,-1.014659583216097,-0.3191552677504917,-2.1201178933200895,-5.200043871672275,-2.744153431775507,-0.003304822846024421,-0.971143674767812,-0.16117548255486144,0
0.08284333517823286,-1.0154663409635425,-0.3190367465131626,-1.855711112846045,-5.302342284035245,-2.80579723284691,-7.577273187829987e-05,-0.9700614799295797,-0.16356941924613239,0
0.08512987702244115,-1.018188823402974,-0.3181318719280986,-1.5804630207189898,-5.391087866385383,-2.8993322487717523,0.002594803446077407,-0.9691419267830655,-0.16447094868180753,0
0.08726116377267211,-1.0215058101344765,-0.3196864317737235,-1.267482794188827,-5.488311576833362,-2.99866506370486,0.003125679531755791,-0.9705214566886806,-0.16340090899084433,0
0.08808064340108893,-1.0239784404904788,-0.32293408007981117,-0.9149288746893552,-5.592481295662285,-3.088803745218937,0.0025108230124655613,-0.9743111893213005,-0.16142495172277987,0
0.08750384527848261,-1.0254149655610558,-0.3235243723303147,-0.5778215745544578,-5.6955778259295275,-3.1728540690132507,0.0030829980944482756,-0.978347169042334,-0.1593934820338213,0
0.08636848343010492,-1.0262624367458668,-0.319423630835345,-0.3092397247350918,-5.798346032254295,-3.260822638700061,0.005536512883919138,-0.9802084300603817,-0.15702545244079688,0
0.08595565202524062,-1.0264138216745118,-0.3135681106170995,-0.09003111018367857,-5.905175607810788,-3.3482045935149887,0.008337203246274972,-0.979478208508208,-0.15369401003738856,0
0.08707930565964496,-1.0254230977701295,-0.30953320095517867,0.15718034889880986,-6.008604567974245,-3.409827996979012,0.009889487686011835,-0.9777238612667777,-0.149823980655623,0
0.08943649586506269,-1.023548337073037,-0.3072904167564698,0.48588353901539216,-6.083903259615591,-3.42332925344427,0.01020860724292047,-0.9763168573201958,-0.14718863919380293,0
0.09214039409100591,-1.0217547422155606,-0.3050508755650707,0.8769962652399025,-6.100731693247683,-3.398455397005138,0.01030757329691487,-0.9750231979976819,-0.14737278044419477,0
0.09487206061633403,-1.0207090492656592,-0.3028719471583975,1.272256528143465,-6.040594365181082,-3.3739070037274312,0.010801547133134188,-0.9730821241613089,-0.14982981598889486,0
0.09800189054713673,-1.0200803329339143,-0.3020221966416593,1.630889806086111,-5.906078233625829,-3.3785577603726735,0.011621715892342267,-0.9707308842026086,-0.15201994995403986,0
0.10122261130208321,-1.0187578201873513,-0.30231848914828885,1.9411449003087748,-5.721168159457027,-3.3990556510877616,0.012586146000061424,-0.9687221314222851,-0.15184377648284983,0
0.10271875852985082,-1.0160416635134226,-0.3023939899793517,2.1998207833113184,-5.524896209588427,-3.3925711728777945,0.013490120359499267,-0.9668994997223412,-0.14946288763024762,0
0.1008490226386108,-1.0129240650003581,-0.3018182477527636,2.408680897856933,-5.351653218562731,-3.330331038233203,0.01370979556157101,-0.9644199266723569,-0.146494773940238,0
0.09670541217540948,-1.0114566221384,-0.3011961248166248,2.58647706831655,-5.20604263562095,-3.222958823089142,0.01249736398460633,-0.9614196266905082,-0.1442244053040206,0
0.09378136388768347,-1.0122475740723227,-0.3005914037668647,2.7587482707613433,-5.062439989447821,-3.105732916947981,0.010043930252636227,-0.9594839232900448,-0.14303831007003617,0
0.0942111243890842,-1.013404748220605,-0.2992679400553615,2.924194736433138,-4.896072731987231,-3.0055067783934377,0.007813015338333782,-0.9598741649810232,-0.14281014872646786,0
0.0960538244997509,-1.0126679980441236,-0.2972026600943557,3.0404767737475713,-4.712517120446496,-2.9194149189657357,0.0072898842736849,-0.9616945932228934,-0.14326990984598786,0
0.09567725481304999,-1.009847779905029,-0.2960305972616756,3.053923792587128,-4.550985444383674,-2.819754215461542,0.008408535172693288,-0.9625596880139174,-0.14436592143381213,0
0.09237620202323067,-1.0064421289692296,-0.2977427432647567,2.9476650869148036,-4.468462539712385,-2.6826847636784406,0.00947089591420968,-0.9611140642854442,-0.1463115456501443,0
0.08858758936439676,-1.0036093088201747,-0.3023412711038447,2.766167185926573,-4.51434973047298,-2.518736001753795,0.008629794315549881,-0.9581487724362433,-0.1488356346759546,0
0.0856952897570269,-1.0015290243727555,-0.30720770737618813,2.595890497756661,-4.69837103186247,-2.3718844578351073,0.005419667681109527,-0.9550769677875032,-0.15069351503629924,0
0.08250899337444959,-1.0002709909455867,-0.30930176005108584,2.5126711607420997,-4.968088023368756,-2.281135361869351,0.0010570733661828854,-0.952454736263391,-0.1506345634472449,0
0.07869261152358038,-1.00007830230769,-0.30815091772372,2.5321355005508246,-5.222074277053942,-2.2467630791939506,-0.0025300039834626194,-0.9506131046094022,-0.14873592153810833,0
0.07685448767332542,-1.0007298120071713,-0.3062773282823798,2.602551488973622,-5.360586176364578,-2.241353418082448,-0.004053147528150726,-0.9503607104979994,-0.14629846919606468,0
0.07944010181971908,-1.0014520412827628,-0.3062182101481399,2.646445996565405,-5.337713529500728,-2.246244332172949,-0.0035861358054745393,-0.9517459461703762,-0.14454976252721174,0
0.08498574910191016,-1.001607253173092,-0.30740874702004567,2.6158431926036005,-5.175797692216377,-2.266062908280295,-0.0022011319256780627,-0.953083149202317,-0.14377520718553516,0
0.08879090047105363,-1.0009597035065896,-0.3069225991106881,2.5201036043639466,-4.940661776932003,-2.313151847381155,-0.0009548585491889448,-0.9527484229086434,-0.14359873871194442,0
0.08696645278676744,-0.9994275916402273,-0.3036552918646983,2.4167159021125055,-4.7064967385003875,-2.3894790714169685,-0.0002735515593767091,-0.9514968483664391,-0.1437248092359842,0
0.07987378299884001,-0.9974176449241919,-0.30067280232977756,2.3773574021775263,-4.532725639225135,-2.4825489747439535,-0.0001907069714096541,-0.951539295207714,-0.14425973048797378,0
0.07237464395558019,-0.9964622360583947,-0.3019349671622183,2.434266192299127,-4.452903628763209,-2.5685749985592956,-0.0006692548651821897,-0.953505866566289,-0.1454610170574457,0
0.07043505149466694,-0.9984240103973282,-0.30701467187327763,2.528863708099943,-4.464116105182725,-2.6168299475708148,-0.0013672591673778477,-0.9558409594472806,-0.1471159170274337,0
0.07620355083681263,-1.0032307026926126,-0.31087366591153737,2.530490617625988,-4.51750718283044,-2.6023920377719563,-0.0015051211408965768,-0.9573155180881117,-0.14792180742670666,0
0.0859753094123409,-1.0079257589716277,-0.30929171482439033,2.3549870292501227,-4.534251995404352,-2.524368092974194,-0.0005026891646024787,-0.9586334693327281,-0.14592304790392288,0
0.09362493148143097,-1.0092105722322584,-0.3030515057359744,2.076833641777879,-4.457793551409017,-2.4023668070530775,0.0013919202842693067,-0.9610999324312468,-0.14057938010937354,0
0.09625501526904282,-1.0072700227167195,-0.2963682231419262,1.8919599576277268,-4.299783612804836,-2.2463357913252837,0.0034746822008052043,-0.9648028182255965,-0.13454119029273462,0
0.0959871171230599,-1.0060665887896463,-0.29287182251422067,1.950672276851385,-4.126319788160919,-2.0485756625089833,0.005450369280659762,-0.9685066727974876,-0.13229742594736135,0
0.09634384158817516,-1.0089260078995188,-0.29391597465333963,2.2342289501354764,-3.993775132128925,-1.8241820550301733,0.007622851858779664,-0.9705388381929492,-0.13620970219873693,0
0.09813409756069268,-1.0142040844913498,-0.29895179117224707,2.5879158750956606,-3.897554010373595,-1.636176405439656,0.01027543817805794,-0.9696055308405871,-0.14411253275668356,0
0.0998538448677111,-1.0165448080292916,-0.3056897384967591,2.846413934841005,-3.7800705303728654,-1.5432119592523987,0.013131426467157037,-0.9657139665860692,-0.1512956736929794,0
0.10104302356451958,-1.013159864581036,-0.3109835759085812,2.916427073524069,-3.585776407511917,-1.5276822459774073,0.015597661179108721,-0.9608861043837006,-0.15472362209796922,0
0.10304205479448929,-1.0078530706893116,-0.31369257757052715,2.768173003689713,-3.3095264943263265,-1.511361421172832,0.017373874724750018,-0.958291982315378,-0.15515567388688242,0
0.10617841053966577,-1.0068519137147738,-0.31607723448214764,2.403226192715865,-2.9942269891366124,-1.450262500582352,0.018458324643152477,-0.9597711615829239,-0.15558728315939982,0
0.10807718222077227,-1.0107825499908007,-0.32047439230696695,1.8712082930799188,-2.6839303648849206,-1.3864836387072017,0.01856144678571451,-0.9640939164782969,-0.15804818612902685,0
0.10589279289370741,-1.0135237621454332,-0.3254634262947511,1.3065595665525291,-2.378171668553986,-1.3883580770069315,0.016952716927246307,-0.9679326556668232,-0.16181903940406828,0
0.09987037845681561,-1.0101336243220045,-0.3275102510128526,0.8971736554243941,-2.0267328681442613,-1.4535077729548376,0.013279105454284582,-0.9685613978942005,-0.16462828783868147,0
0.0941590661984326,-1.0032105975278938,-0.3257955060393487,0.7685277179072745,-1.5676997253340967,-1.4927546923561728,0.00862281974007363,-0.9656293075581991,-0.16544842426711925,0
0.0933172710919893,-0.9992277175673284,-0.32328935422691113,0.8791817197784707,-0.9793664869344859,-1.4131071457092483,0.005358936709744605,-0.9607949561352352,-0.1656536907073788,0
0.0972953773435043,-1.0005313746851152,-0.3233004808240011,1.0361183941308605,-0.3059359663706619,-1.2079330956546748,0.005345621897952727,-0.9563513880010034,-0.16725300059610207,0
0.10096956131654103,-1.0037480377768915,-0.32669684753971223,1.026678432094818,0.3646717028138434,-0.9681709188015676,0.00821624613880534,-0.9543163815565996,-0.17063619456999465,0
0.10026708997741345,-1.005513049297989,-0.3323109784111817,0.7438410882170061,0.9538742579549208,-0.8228844915349347,0.011874414525191357,-0.956037131989718,-0.1746555848407035,0
0.09740743586529546,-1.0070738710438614,-0.3385047072357124,0.19901278833944128,1.4351664392565864,-0.8726669029823247,0.014597054004330558,-0.9616238308182444,-0.1783706685236495,0
0.09760287370186008,-1.0119085649474595,-0.34403671266116975,-0.5411585583264875,1.8431524000265957,-1.1466056546062386,0.016276817240129894,-0.96933968437498,-0.1816654579308074,0
0.10195427426318134,-1.020003199723616,-0.34797343034744843,-1.3819814507781019,2.259867339072123,-1.5807221214169862,0.017820518835137498,-0.9760214737448539,-0.18427492320687483,0
0.10699159353901323,-1.0266377140961251,-0.3491856363347361,-2.1738409285414386,2.7920534907565075,-2.038811723795857,0.01995883753586926,-0.9790312366696142,-0.1854215395816705,0
0.1105896216486307,-1.0273953488967325,-0.34688930261199585,-2.721664931465831,3.5342036412882782,-2.391576921424988,0.02277903449799254,-0.9782045254660126,-0.18492841879307464,0
0.11452065194027952,-1.022972548963343,-0.3423637692214272,-2.876802252525647,4.523252142952856,-2.5963934927088808,0.025974399183366057,-0.9754806178901072,-0.18395487739064645,0
0.12040593645242459,-1.0179640202890143,-0.33901427088633773,-2.637818050898901,5.719659088098352,-2.699780462875478,0.029317977966589248,-0.9724504702904421,-0.18392614555239725,0
0.1264597118934735,-1.0155183412954187,-0.33929053739136733,-2.162342113433446,7.037491313322997,-2.773927824689218,0.03302395173262889,-0.9689327027695241,-0.18496839310911065,0
0.13017953047850572,-1.0143282846697583,-0.3420353235226794,-1.6726777975833802,8.399263725889236,-2.862912848626076,0.037467609617283446,-0.9643011209668183,-0.18600655081018602,0
0.1320262452968602,-1.010996211217232,-0.34425799660894835,-1.323827609214707,9.768704554212865,-2.9722241461669587,0.042315823059347335,-0.9592089300677025,-0.18636875098320643,0
0.13417842352756937,-1.0044096695382707,-0.3452106960374506,-1.1344150416275895,11.137544509496214,-3.0815840472004594,0.046406711093850785,-0.954862162069821,-0.18666675999525345,0
0.13707006400724306,-0.9970291821954341,-0.3470153461914807,-1.0341827181598768,12.484437789685716,-3.1639487712179575,0.048940101331842185,-0.9510382428429315,-0.18791388910753332,0
0.13928409041377574,-0.9921688149664318,-0.35104289940339267,-0.974492136229313,13.746251657832062,-3.2055531512812583,0.050220874819577835,-0.946170962479541,-0.19026132894213912,0
0.13979937264893927,-0.99063952040962,-0.35538365648700626,-0.9911579261819089,14.82405907615938,-3.2163825381439404,0.05051089336137262,-0.939678654397386,-0.19281516909675303,0
0.1381762106531492,-0.9900333081411973,-0.3566157213091285,-1.1764980792112905,15.61288730688652,-3.223751176232906,0.048528790730259175,-0.9333270184308449,-0.1943546757258646,0
0.13307706129877026,-0.9871785571311693,-0.35298344313236546,-1.6109000671803018,16.03721161750594,-3.2525300366832135,0.042122655378602644,-0.9297248257381489,-0.19414149832650313,0
0.12282228607544785,-0.9817748978163894,-0.34579230609618833,-2.309314574017775,16.090997483744022,-3.3011035944121425,0.030877265623503014,-0.9297916749728101,-0.19240811559655055,0
0.10801738472921214,-0.9774961833718906,-0.339109279514025,-3.1992275064231745,15.876460782330069,-3.3308939913294844,0.017629785013265432,-0.9320900267087884,-0.19021211318931375,0
0.09268828959041393,-0.9783540970892077,-0.33766966053087877,-4.139799605538635,15.599137981526017,-3.2912909451433072,0.006878347744976671,-0.9344990582766874,-0.18858895012268667,0
0.08218842164431818,-0.9840400203249104,-0.3427761638369757,-4.986696056045975,15.478617100022438,-3.178654175340431,0.0015552342158490782,-0.9362978096481224,-0.18777074167932994,0
0.07954036346396577,-0.9903714102027172,-0.3501003611708985,-5.664556821445042,15.61999004471946,-3.0838338587133944,0.0011884857600585098,-0.9385970261859433,-0.1873605483030155,0
0.08303272987187901,-0.9940580009903739,-0.35359754276035815,-6.180398001999884,15.960726122617382,-3.162460557248374,0.0028798282009703463,-0.9425803064309288,-0.1871686787662938,0
0.0873956425338428,-0.9950055393954201,-0.3518166661755069,-6.561024933346923,16.342206409669803,-3.5206346153764123,0.004091524860728806,-0.9471602805161293,-0.18753919273029163,0
0.08829112382199648,-0.994105529556663,-0.34862380039328905,-6.7882172812874355,16.625350132106508,-4.1155772994420925,0.004609670541626669,-0.9489484059648575,-0.18884240837849714,0
0.08583009584699196,-0.9912962830423018,-0.3478487562419843,-6.819273262882057,16.745134248961147,-4.7838044757450575,0.005542560576349399,-0.9454171919051008,-0.19104178785397935,0
0.08322154377048349,-0.9865935053068156,-0.3494562207652274,-6.675422313017478,16.69228223550744,-5.372667608773295,0.006726594788777412,-0.9378219857404714,-0.19372492731552912,0
0.08264920321028843,-0.9810644034831221,-0.35133206657842775,-6.480939325741542,16.48023359029018,-5.832661587724586,0.006470038743418848,-0.9299412104473243,-0.19597630423086934,0
0.08355089503337056,-0.9754940996841399,-0.3520864954649336,-6.3849424035439775,16.13169009102759,-6.188943606426591,0.004230603154427736,-0.9241076051274123,-0.19629357529584535,0
0.08455309797029757,-0.9693089720818745,-0.35060433608387126,-6.443783442082647,15.675253178508987,-6.458172361732656,0.0020644163524552945,-0.9197504780086088,-0.19355635543920172,0
0.08582717154705635,-0.9622208373149492,-0.3453819090286249,-6.594142284248781,15.142663706768582,-6.615541830839922,0.0025442392297176965,-0.9157591559374703,-0.1884240705129113,0
0.08894662215744407,-0.9562465955300898,-0.33661103037673545,-6.741490268254566,14.570145037619927,-6.6300462389820805,0.006201224851948218,-0.9126059963272045,-0.18309178555652444,0
0.09472737731735482,-0.9542829554963529,-0.3273661135943633,-6.861757544040477,13.999927505065587,-6.507514646221029,0.01167048245878235,-0.9114132099805167,-0.17919556263290748,0
0.10198523848892932,-0.9562022785452619,-0.32107257022839203,-7.0078175025070255,13.471576720483503,-6.286882530747769,0.017540668488424283,-0.9118963180690592,-0.17637285071141107,0
0.10906211038581326,-0.9580585151972849,-0.31890530213271884,-7.217589700689976,13.004906730580998,-5.996504179380818,0.023404886534403112,-0.9121045154555596,-0.1732382785426902,0
0.1160880195063012,-0.9566633505184219,-0.3200867818857552,-7.423874791649191,12.590013832976402,-5.628954148798146,0.02964790069283076,-0.9101874572204434,-0.1693008302201245,0
0.12447563891588358,-0.9534856973070935,-0.3229166608875482,-7.473012941225901,12.198410552237654,-5.174141729403872,0.03687771565773981,-0.9062210824121023,-0.16548070280251231,0
0.1342381766776523,-0.9517183076793625,-0.3251401988199084,-7.256843496995028,11.809954848308635,-4.668905613266318,0.045303566063457666,-0.9021303574636371,-0.1631842814332466,0
0.1431658297847573,-0.950850583223816,-0.32539966231317774,-6.83557903277413,11.425591228909006,-4.183402979188867,0.054023434118379815,-0.8996616583393972,-0.1633724710502078,0
0.14896772020490612,-0.9475269291408008,-0.3252478871939669,-6.420201169439107,11.042797844107948,-3.744707694558104,0.0610270905796562,-0.8986246747283253,-0.16623885207280797,0
0.1514741215699896,-0.9413964716632193,-0.3283110324727095,-6.226735944055412,10.621494077564652,-3.2975177394992086,0.06477075025876487,-0.8975757721708962,-0.17131185984551547,0
0.1525643625017864,-0.9366961289109094,-0.3364173524325372,-6.347875152086877,10.095640323430437,-2.7687091574197047,0.06607286081965973,-0.8962383936472198,-0.177821763992225,0
0.1541651347739773,-0.9375249980738025,-0.3470207027949474,-6.749293570393215,9.433467339498424,-2.1685964264970123,0.067522862850834,-0.8966008939726707,-0.18495251598330845,0
0.15628799942278343,-0.9440307110995465,-0.35504958384336555,-7.349623098093819,8.682234820747171,-1.6072134684660666,0.07035515627710708,-0.9011096026687828,-0.1915440479749214,0
0.15720910120359619,-0.9537926461514135,-0.35743723762113344,-8.070401048773538,7.946137334237328,-1.198829513113007,0.07290629281824908,-0.9101363219699881,-0.19590165808542326,0
0.15602975827975255,-0.9651289952559706,-0.3557707659648206,-8.818687083625735,7.319864784234088,-0.954192956626382,0.0731476801440916,-0.9218659347124861,-0.1968900443785017,0
0.15484960088483185,-0.9780869478008514,-0.3541316842315409,-9.471451233465901,6.843362026082554,-0.77476436151384,0.07187769592000182,-0.9343609858342647,-0.19542593923952292,0
0.15738315542666215,-0.992515979919013,-0.3544058625233155,-9.911294520356268,6.512458860601577,-0.554241968393909,0.07221521488585493,-0.9467085086072953,-0.19386255232333657,0
0.16498226284233228,-1.0058663723359622,-0.3549282397733172,-10.060946278040287,6.315424952313553,-0.28146011608746163,0.07625958045221409,-0.9581060684286448,-0.19347450180770898,0
0.1748049962088021,-1.0142042259621293,-0.3540254364738781,-9.867751763452196,6.242078188356944,-0.0438939496337252,0.08303839311049603,-0.9671052799624659,-0.19357790274420003,0
0.1825268538156355,-1.016127296709804,-0.35282721897359387,-9.294471709568066,6.261573470733618,0.06265889693165823,0.08957224600080581,-0.9723939044399359,-0.1936763379666878,0
0.18642392255224238,-1.0142841403245921,-0.3535725907748321,-8.37182325297029,6.322404521452152,0.024792179272277195,0.09339462418781416,-0.973427432634598,-0.19523488395716648,0
0.18819736367421244,-1.0116312139404482,-0.3570625634248836,-7.244637005276369,6.402133862073986,-0.07666286313533752,0.09413663193236607,-0.9697865758089808,-0.20008218762642427,0
0.18987627793048675,-1.0073053361721986,-0.36268196790161705,-6.119895100446538,6.554685530549371,-0.1306979277710118,0.09327082147195323,-0.9609700906644152,-0.20767800466671466,0
0.19077114686365707,-0.9978088477817094,-0.3692223768024691,-5.155753768914894,6.892482308301928,-0.0733078363010368,0.09258077443630457,-0.9475428112063172,-0.21517210976319384,0
0.18857085767557072,-0.9816214102882849,-0.37499690997233975,-4.408208812642351,7.518200359448553,0.08366684330379895,0.09266296167703034,-0.9315371475123223,-0.2199136981292632,0
0.1834228594808518,-0.9611547344256672,-0.37840392216486807,-3.8694947628164753,8.474836141219807,0.289129802584643,0.09283933945461992,-0.9148829259303617,-0.2210506426091555,0
0.179413239952395,-0.9402970330069688,-0.37892452815607214,-3.528217560946965,9.748531892115096,0.5145845426429668,0.09260132477265137,-0.8980305597509235,-0.21906920728704612,0
0.18087335184878087,-0.9212897640724119,-0.3771213486201673,-3.3870286504219105,11.293710512902306,0.7786970980203275,0.0928250241194089,-0.8805921551220096,-0.2149676088941414,0
0.18780539297310844,-0.9044968182284544,-0.3738498353770807,-3.4465103099288728,13.03682695798503,1.1156775662044256,0.09509315070268555,-0.862695058413353,-0.21021570042822618,0
0.19589455760849778,-0.8901269756713783,-0.36994335144913115,-3.698322280362084,14.861702739410973,1.530144111142627,0.09979876922541354,-0.8452926913238639,-0.2066237869743102,0
0.2006980236868643,-0.8785969135838527,-0.3662138077136934,-4.14066329519924,16.618237542552468,1.9882929591411445,0.1052242678568898,-0.8296290464368963,-0.20518974561289696,0
0.20100299883473624,-0.8692098580539902,-0.36317466134449927,-4.790769248857343,18.1719385744443,2.4481641700969834,0.10862886556354263,-0.8167535175783774,-0.20498318691250708,0
0.1985136944781253,-0.8601700456002634,-0.3609217292077339,-5.6739545765901624,19.45592887895594,2.8908652712502483,0.10823255399894027,-0.8073204748985977,-0.2037858987406744,0
0.19548535994217223,-0.8511022803784856,-0.3588994536790925,-6.800283346403933,20.473662882618868,3.321083473934699,0.10424797866453112,-0.8015746173265484,-0.199950874480868,0
0.19265184999286022,-0.8449051939197109,-0.35508301092881417,-8.148339804254414,21.2506090710997,3.740570406007533,0.09816765312043384,-0.7995373962464226,-0.19336584948998517,0
0.18851232887542352,-0.8456326002951332,-0.3468818439878101,-9.660517184426428,21.79195445978015,4.123213587144665,0.09125026938274698,-0.8013054462058572,-0.18517475005422476,0
0.18086123772970045,-0.8543148596504477,-0.33510628868787323,-11.25154424739641,22.096683241773423,4.422026575231429,0.08381355901071214,-0.8071129685879528,-0.17743688893586668,0
0.16965426998966032,-0.8680307743061585,-0.3258955536417647,-12.831988262523058,22.204914954154386,4.611282809958149,0.07561682820793579,-0.8171127864393302,-0.1726025039406513,0
0.1574342013088166,-0.8831726708850411,-0.3256198677169319,-14.329121117043705,22.210112733330725,4.718926924622105,0.06635093263740684,-0.8312266059560991,-0.17221524262008508,0
0.14626192131404694,-0.8980022073940412,-0.3338499682813282,-15.68477055965694,22.215567473564207,4.798715318494488,0.05599664370568275,-0.8488189166226948,-0.1760795970905,0
0.13596600123101454,-0.9117084933890546,-0.3438844385415127,-16.84386093052783,22.287855127904336,4.864414326054827,0.04550879257698722,-0.8677943199841822,-0.18294548040382486,0
0.12665948635730592,-0.9229967219888087,-0.3503877262579591,-17.759303961915233,22.461405731904094,4.867890094917629,0.03715361880353527,-0.8842341571631174,-0.19127226671402653,0
0.1209040929980549,-0.9306717029215955,-0.35405548906398854,-18.401864721995675,22.783709874907395,4.752856849977748,0.033316289996035614,-0.8940220827618114,-0.19896102827333229,0
0.12107045452366119,-0.9344204423390826,-0.35833638568682186,-18.74984337104299,23.33680814378942,4.52085342384298,0.03449356797558838,-0.8955365552671445,-0.20364711056361576,0
0.1256014914739594,-0.934414017039722,-0.3641935781270984,-18.77680691901926,24.18789093262701,4.236198628847428,0.038786116569465075,-0.8907688196293942,-0.20455950866724626,0
0.13033626278057187,-0.9310056972601073,-0.36950569409398687,-18.47447462811123,25.30696663219014,3.974501055152746,0.04373752238192165,-0.8835355436655141,-0.20370498791789274,0
0.13377408109867336,-0.925103949718624,-0.37225395060151645,-17.898528202922392,26.55184064884642,3.770899992959759,0.04854453216251884,-0.8764638590540537,-0.20435270792565705,0
0.13906186072093812,-0.9183013004749873,-0.3735632394757069,-17.191395475923766,27.762178030892674,3.59481962467822,0.05408252204577658,-0.8699726768992547,-0.2085623059270181,0
0.14922283028375508,-0.9122748577373758,-0.3780745964097271,-16.571070576759915,28.87458086962816,3.3450733876811043,0.06065414098575403,-0.8638606481936351,-0.216463209182987,0
0.16135988974568163,-0.9075911232176784,-0.38962506863034163,-16.2993137242151,29.936644751660943,2.885918543514695,0.066296745240771,-0.858415076505776,-0.22685250952593303,0
0.16809480708001073,-0.9028330269981738,-0.40473570684416155,-16.607028814019955,31.01395695427734,2.147278169286405,0.06819339793251786,-0.8534269743049958,-0.23738293484623949,0
0.16547961418644044,-0.8958989275066185,-0.4134570419172121,-17.564951921162486,32.10378335582359,1.2188671978293524,0.06575487566334158,-0.8477019892853167,-0.24498205205628362,0
0.15751101650751648,-0.8870749767596877,-0.4103246575784018,-19.00106600573975,33.14419171768409,0.31247859497694036,0.06140857739606944,-0.8407471677505902,-0.24769665295368662,0
0.15125253463912847,-0.879694687306761,-0.40180400290830054,-20.596564891210775,34.08026259275239,-0.4055360930243316,0.057962970542277475,-0.8340872262846264,-0.24633608757724712,0
0.14859470701110913,-0.8766597368729427,-0.3988903696862169,-22.098328865611304,34.89052462921098,-0.9352725843589302,0.0557439642441781,-0.8300529783463001,-0.243667928140087,0
0.14500907527883777,-0.8776482534221745,-0.40439558064589803,-23.41837827659495,35.55873634821616,-1.3783328392761296,0.05285031386568461,-0.8298580491904815,-0.24211386597451012,0
0.13658069166782788,-0.8806658917478257,-0.41135556067000956,-24.54273062550049,36.06639292660926,-1.7747327553143546,0.04800139795964845,-0.8332226746205273,-0.24245288813934368,0
0.12573660624257707,-0.8845554592919724,-0.41280408723857137,-25.43205600433351,36.43314111800871,-2.0474298110457863,0.04230385369009078,-0.8389331177511409,-0.2439807197544975,0
0.11827325199976221,-0.8890026204985877,-0.409165173303808,-26.06055300866213,36.72822705747617,-2.1124172901106073,0.03785448242929866,-0.845205618519116,-0.24513116790635234,0
0.11634182720742768,-0.8936820117964376,-0.40486328793868914,-26.496070467577074,37.001840830343,-2.006865632870067,0.035341258411608754,-0.8503836425234895,-0.24421826478995193,0
0.11630415398183379,-0.8982849654744348,-0.4004250521176716,-26.87617521558242,37.206510333052314,-1.8891172416876136,0.03345595480595901,-0.8540263541424786,-0.24013693305588316,0
0.1127170852114746,-0.9026064472238556,-0.39142127584546516,-27.311629163202493,37.20281590253084,-1.9299101838012431,0.02982976225178806,-0.8569307334910186,-0.2325292787271058,0
0.10308446230534273,-0.9065588779348525,-0.37551592790846133,-27.836270754979978,36.84350845558867,-2.211385658699112,0.022176539433415052,-0.859846388805274,-0.22161886666648545,0
0.0890085613893257,-0.9106609239242345,-0.35746343256711904,-28.429244058714964,36.05215801882832,-2.7030087243763194,0.009718137430137915,-0.8626290291266928,-0.20842334805303991,0
0.07382710320335428,-0.9157512659171984,-0.3446855928288622,-29.05647165616721,34.84005312421614,-3.302997730055622,-0.005572867171038597,-0.8646733783601459,-0.19511226998470232,0
0.06015590459977463,-0.921027854155228,-0.33913127731833026,-29.69861258151414,33.28170865401462,-3.9027500049652515,-0.019734305100930976,-0.8656162701713518,-0.1844468367507428,0
0.04968430202961353,-0.923156674927636,-0.3363498725391078,-30.35892294427787,31.496278180011295,-4.437848143913997,-0.029668036727912676,-0.8654545628874171,-0.17813729632554162,0
0.0435468006744688,-0.9192218020651509,-0.33273325186093994,-31.04234794668762,29.63848867569253,-4.904562064378046,-0.035311336522600816,-0.864228747713732,-0.17570796590174292,0
0.041340988153029015,-0.910550333565985,-0.3306517189475948,-31.7181630174898,27.870847794492057,-5.332916348988785,-0.03887587807488338,-0.8619526513271053,-0.17559677302696158,0
0.04055255613058531,-0.9021808970987586,-0.33455518267206974,-32.31558734978491,26.32326656377551,-5.728466366349466,-0.04218912767648736,-0.8594085067840795,-0.17759694451213395,0
0.038416674623030306,-0.8986437308782214,-0.34399817568282803,-32.78402074016974,25.075224548684645,-6.035608137664519,-0.04506704882784596,-0.8589260397657201,-0.18335696769993767,0
0.034409702827714356,-0.9012769505906195,-0.35373551160740596,-33.16132815488276,24.15347033464066,-6.17308996779417,-0.046250489056906416,-0.8630448082449226,-0.1937732262543271,0
0.030541512952165468,-0.9088085938481708,-0.36076973713651406,-33.54665684088144,23.505023012479196,-6.0999906057873705,-0.04530892641845226,-0.8715698453274239,-0.2067821221058466,0
0.0298786375417619,-0.9187288794339286,-0.36811017638873733,-33.9776642245714,22.96800238637195,-5.814297917923147,-0.042531380898510183,-0.8810103424045482,-0.21897361735173013,0
0.03539777303957605,-0.9283872648504257,-0.37997755491426805,-34.35156458074046,22.325733339948847,-5.294679523487954,-0.03675556837340113,-0.8880184183012573,-0.22887821187512777,0
0.048879494043530994,-0.9365609016133571,-0.395615382786114,-34.4893568851531,21.446567038026338,-4.515288331286925,-0.0252244569627991,-0.8927011155265991,-0.23744417923669095,0
0.06854197871729592,-0.9443572998240298,-0.40984353906069715,-34.2750408173107,20.362989606434308,-3.565421605479742,-0.007679466828856934,-0.8976955683990587,-0.24578504823314826,0
0.0878537014291846,-0.9537478042015535,-0.4185149584870593,-33.749254465533525,19.16927069703895,-2.707252278746096,0.010348158425714236,-0.9047970159060305,-0.2537195782751143,0
0.09938695727382105,-0.9651101717133326,-0.4217799595236246,-33.11266947901864,17.84166860392512,-2.2277095329035554,0.021212385287541637,-0.913621225866728,-0.26006780629512255,0
0.10128474583471447,-0.976592884289519,-0.4222634263576004,-32.63532075236937,16.217414903233866,-2.2026123002432163,0.02273888661815702,-0.9230161873165063,-0.26334146188822705,0
0.0989436103962828,-0.9858147626397673,-0.42141909210105727,-32.4962258575017,14.194524688621497,-2.4450470902760753,0.0202241766172495,-0.9323048887794796,-0.26274480221945823,0
0.09954683062191375,-0.9919304096918825,-0.41849885204602655,-32.67116126983813,11.926801668364389,-2.7192894891020463,0.020158313387491744,-0.9408145627455003,-0.2591905874375863,0
0.10498167817622113,-0.9958588082199478,-0.412519660234552,-32.986667034253095,9.759914375645447,-2.9799353737424945,0.023417386109330262,-0.9472040278479891,-0.2543782375070067,0
0.11000085510287742,-0.9987112230124349,-0.40406370299615435,-33.268820019669874,7.95252056465089,-3.354696271606503,0.025452030372290456,-0.950212684488075,-0.24844320383101662,0
0.10780091128689775,-1.0007701686163477,-0.3946992796535538,-33.404048527101075,6.496075891928402,-3.902263748351617,0.022108858171930156,-0.9500977217363732,-0.2398815041116866,0
0.09798931257158809,-1.0020230013128146,-0.3851895815072217,-33.28496870186159,5.234473428293654,-4.458863352249888,0.014167700560566791,-0.9485985356157538,-0.22821853422152213,0
0.08786545225757034,-1.002414725305818,-0.37510844348011363,-32.77691964923036,4.118801873508539,-4.776839545915269,0.006376737045769637,-0.9468385584797868,-0.21530228455768272,0
0.08467492711204397,-1.0010726198466866,-0.3641861505859419,-31.76850359036599,3.28915178446011,-4.788948226447108,0.003019381473158368,-0.943626182052624,-0.20363505737357881,0
0.08829788048281308,-0.9964592737616542,-0.35335899749807803,-30.236608933888515,2.9216070597666834,-4.672918961041099,0.0049560298396177736,-0.9368600103240673,-0.1949198484201179,0
0.09360170832777212,-0.9880450626521258,-0.3449130258145976,-28.27306679392645,3.0566039278479478,-4.644253539340393,0.01035205023710407,-0.9267801707609445,-0.19056096964651673,0
0.09837520255199464,-0.9771328541824411,-0.34254494809308667,-26.0883456672965,3.594513624570042,-4.736416801884363,0.01723907722976783,-0.9167032553466348,-0.1919839298685017,0
0.1055980592012172,-0.9655354590241948,-0.3500888771528554,-23.990524925251087,4.409510035596598,-4.81455622362843,0.02511324448817236,-0.9097428373457744,-0.19946705451163677,0
0.11768125223683447,-0.9541549300923129,-0.3676596877050768,-22.30617502294896,5.411306263375611,-4.7611928834023916,0.03424294376600958,-0.9055597030250158,-0.21121998994624544,0
0.13151199546823591,-0.9435289103947483,-0.38893500901180317,-21.260583837329783,6.49254502288369,-4.5852424673069105,0.04360838001988877,-0.9013156125904792,-0.22420773110270653,0
0.14117898439934673,-0.9349902214360603,-0.4047391111885045,-20.903517224226373,7.464125234145078,-4.349170152940352,0.05040793072293861,-0.8952577530449884,-0.23580480286328998,0
0.14435994060161744,-0.9299318743678365,-0.41101189892490775,-21.138515288732382,8.088183388747447,-4.054121857537319,0.05269762934277715,-0.8883277925460473,-0.2446857027385432,0
0.14410092113043088,-0.9281236710810413,-0.41233385932677735,-21.812162270565263,8.186978001658826,-3.6495545148933513,0.052118001555479056,-0.8827495421336987,-0.25065966945208407,0
0.14468993792687088,-0.9281371630690438,-0.4157795975144376,-22.775962499485566,7.726917019409533,-3.1407499781282766,0.052551817868157984,-0.8802509819815068,-0.254026612707908,0
0.14736893653127026,-0.9294598512580589,-0.4216716521258957,-23.885167381001203,6.819865358647788,-2.628031008490048,0.05579041161696983,-0.8815293684668506,-0.2548558205743142,0
0.15016725972402284,-0.9329279372221985,-0.42309232549853637,-24.96311399333852,5.648828357745351,-2.2048786394758912,0.05967651707639188,-0.8863329991965854,-0.25295327129990297,0
0.1509623894742799,-0.9390555933685267,-0.41564617029371675,-25.80060586627885,4.3663370105417805,-1.8460266684215851,0.06116137221444509,-0.8936319010982173,-0.24941537550917403,0
0.15016220604322658,-0.9470114758217728,-0.4052025541450015,-26.267908745925855,3.0492056434714585,-1.4541920182001462,0.060188002423762724,-0.9019275024881517,-0.2480350221769984,0
0.14982282073518446,-0.9551868233312821,-0.402937768647905,-26.494260746467532,1.7528790274004047,-1.0219579425440075,0.05920365362519067,-0.9095032399194249,-0.2528385149012752,0
0.15004969286820186,-0.962015768486105,-0.4127763040302646,-26.871780507117446,0.5791061564922084,-0.6826570795572813,0.059164982072339625,-0.9147722852919556,-0.26280443595506714,0
0.14794824227313255,-0.9663588056061394,-0.4265649941662484,-27.727749302446153,-0.35718441413270813,-0.557310683198419,0.05793795150841335,-0.9171120532355321,-0.27106994274211416,0
0.14165106599367977,-0.967606968104042,-0.43307824312341886,-28.951114169486612,-1.0218634383238334,-0.587023618376172,0.05370517361861297,-0.9173154488333845,-0.27161972754215186,0
0.13436047937074058,-0.9658837515105294,-0.4292322875967929,-30.039148190139613,-1.4793615778134441,-0.5753451208903262,0.04881684586313227,-0.9166029693609357,-0.2653531833113695,0
0.13239543840738494,-0.9626689569995729,-0.4204440006918117,-30.55142250120747,-1.8110933862826752,-0.41569159358461344,0.048563195405245445,-0.9154796849155762,-0.2575673532785532,0
0.1385490728780782,-0.9607068251469228,-0.4133394011992232,-30.455601148002767,-2.0349952486673097,-0.26322275444100846,0.05549338654964223,-0.9142926133028862,-0.2517105438245334,0
0.14810627857887332,-0.9618472274037466,-0.41164640373992295,-30.04840367811323,-2.091309535224279,-0.4398715927424824,0.06534520265747484,-0.9142355972318569,-0.24863583970033792,0
0.15298290136613296,-0.9648418904900361,-0.41624911488825234,-29.67193258391218,-1.8853721511787382,-1.1019652205772328,0.07009190333487939,-0.9164178937628473,-0.24947804885916885,0
0.15058949011633757,-0.96669278903495,-0.42464480584327585,-29.532053978299565,-1.3616896432696421,-1.9868119447870503,0.06652244958632224,-0.9201793354652767,-0.25467265993274374,0
0.14710989336559546,-0.9667539078229772,-0.43153743189608085,-29.630114701638316,-0.5625957463213177,-2.573622887805833,0.06062833639210586,-0.923671212642738,-0.2612599501285221,0
0.15031453817374224,-0.9681674003206624,-0.4335188483023094,-29.75136289981442,0.3848635844086248,-2.556095714007227,0.06086520834012868,-0.9260930343238672,-0.26544768729918455,0
0.15992202533194522,-0.9738029232714085,-0.4326348145206871,-29.6001806421208,1.3405073233510265,-2.0929567154386612,0.06767445608161632,-0.9282519560688789,-0.2673781697312619,0
0.16695665163727408,-0.9816177078980235,-0.4331132818106796,-29.057931317909794,2.202213030187144,-1.5472877544964634,0.07283976532873584,-0.9309689313786836,-0.2698199093292691,0
0.16313137945823747,-0.9863970810645664,-0.4355503454471569,-28.280151212542332,2.8992648893972226,-1.075425327070369,0.06959909641288124,-0.9339432027081076,-0.2727103215731241,0
0.15002192031640557,-0.9861331714748058,-0.4363622991762319,-27.48236568328644,3.368404213763432,-0.5581371607492022,0.060608038353899184,-0.9361613425566526,-0.2725128009695224,0
0.1380497934146451,-0.9839784158035012,-0.4322177944862654,-26.674906956440907,3.555969141110742,0.13841017578315296,0.05456103455956958,-0.9366146454893822,-0.2671072229316065,0
0.1363803001887635,-0.9831681985728448,-0.4233817040379098,-25.669133071242605,3.438013341798551,0.9510454257561505,0.0565672932401533,-0.9346964348989251,-0.2585999281353397,0
0.14449121014804633,-0.9827132615077102,-0.41342905589781126,-24.321049055866048,3.031510315994315,1.665996540082125,0.06343773470822252,-0.9305928370584913,-0.2510793652497644,0
0.15353847156343264,-0.9795527473702497,-0.4072549452594914,-22.73604334637478,2.3939166563705143,2.103711025470432,0.06787551386689504,-0.9254281519767862,-0.24794205224624177,0
0.15481784609350754,-0.9730752818206465,-0.4088199251814533,-21.273201686799872,1.618576240954553,2.239596297770091,0.06577699273238406,-0.9207749201280936,-0.25156530236736485,0
0.1466168092508647,-0.9659503737142151,-0.41896515738479134,-20.38509720672672,0.8184854434273621,2.1888686232313934,0.058876864786775555,-0.9177724660816597,-0.2625789725723584,0
0.1342455344599679,-0.9614407539470068,-0.43463483530105945,-20.385883216052516,0.09443007306806701,2.1112717878757357,0.05132184928808747,-0.9165325036006684,-0.2778719616249439,0
0.12475894417349626,-0.9610794856774205,-0.45051941838244897,-21.25142672619091,-0.4939642933485375,2.115459527093096,0.045500230128608536,-0.9165365440513421,-0.29144698252873885,0
0.12134946783774851,-0.964314948002925,-0.4621964590869937,-22.5966391846768,-0.9425355991787323,2.2042096886163476,0.04159254858116254,-0.9176327122075212,-0.29938031988012725,0
0.12157155345362367,-0.9690612555979797,-0.4689742065399647,-23.900649265268314,-1.3124630759107305,2.2733669375051573,0.03914199648563426,-0.920082800151521,-0.30333033238041873,0
0.12025601160420027,-0.972845048161639,-0.4741094726722715,-24.82231014505209,-1.7195361402048865,2.1734473784106005,0.037242137302744775,-0.9235820579380944,-0.30794076977214485,0
0.11427919162111821,-0.9748707924788532,-0.48079574252132257,-25.338887901279477,-2.2657590698834715,1.817351426830578,0.034088470140499025,-0.927166410999801,-0.3150233472865906,0
0.10482717417226609,-0.976906748360798,-0.4873433738184635,-25.61364320119823,-2.9588947574955244,1.2572190111960984,0.028076239916460098,-0.930396576441105,-0.3213259884228567,0
0.095172110494315,-0.9806903359957544,-0.4885798905709974,-25.74580571188522,-3.7278830298444747,0.6443788671733712,0.01909134671285251,-0.9337934639498656,-0.3227038151141054,0
0.08643849995392071,-0.9849245086734117,-0.4833627215611603,-25.64884239094826,-4.519829601552368,0.10078122894669278,0.007661529730879616,-0.9376865846290395,-0.3198413836364633,0
0.07617741729593897,-0.9870845374013654,-0.4777438360230728,-25.185768328004578,-5.337245959289791,-0.34894374984857773,-0.0064399187026260045,-0.9411945005129311,-0.31795360826675173,0
0.06193037554661479,-0.9878749313760014,-0.4779144162716795,-24.410877177488292,-6.177284061309629,-0.7006122978840806,-0.023129884079139185,-0.9427795984780699,-0.32022632400869067,0
0.04571534102617517,-0.9906221908649352,-0.4823746737094177,-23.60344004736101,-6.990275743321172,-0.8626499387950225,-0.03983834740516529,-0.9416249340649179,-0.3236863662603124,0
0.03303961259988259,-0.9952906463693258,-0.48429930377637137,-23.02173020420593,-7.722125991031192,-0.681251414644135,-0.052223024930199285,-0.9381734769231401,-0.32314182687348775,0
0.02715474119297475,-0.9963137229164447,-0.4799880846151031,-22.668703366123395,-8.36767050749048,-0.07469292014102323,-0.0575830106002192,-0.9333269632882794,-0.31743189210709816,0
0.026597185141778952,-0.9887567010901301,-0.47175651478317754,-22.311585240324526,-8.967043052341005,0.8963144622445861,-0.056472135017978826,-0.9274411597917206,-0.30973577536897995,0
0.029281453339905172,-0.9747971926450932,-0.46353902260325847,-21.664505733867315,-9.569305095436158,2.0869382864984964,-0.05070132388066349,-0.9203951101478364,-0.30307613016101187,0
0.03648058089724785,-0.9615824851920876,-0.4572262199922844,-20.549779921050437,-10.211260775266659,3.3502922016370635,-0.04096653436717155,-0.9124100649997677,-0.2980960416361171,0
0.0508737715684859,-0.9534604034081101,-0.4537139155976821,-18.997832771811947,-10.920166887915238,4.563672810225268,-0.026973954779726375,-0.9041653275976949,-0.29490760583765413,0
0.07247516279276336,-0.9484319588569705,-0.4544721530614978,-17.2701198869098,-11.724383578484122,5.626293759135941,-0.008813520813557654,-0.8959469627688297,-0.2946278963559682,0
0.09857829855412807,-0.9420286085776718,-0.46056802910623257,-15.731286309106656,-12.65105663290762,6.447620107774326,0.012728416812993065,-0.8873885390642355,-0.29857127671601225,0
0.12619222977593333,-0.9326838953058497,-0.47198779587242284,-14.632933784840755,-13.688698859653934,6.916606700707948,0.036504986725462624,-0.8786038901095643,-0.3079108501099374,0
0.15240441558627177,-0.9223442374237806,-0.4890364331267152,-14.0578040885942,-14.727058920423412,6.902751422405061,0.06054787850873186,-0.8709020931677838,-0.32452197687593554,0
0.17393826939747137,-0.9130566046876667,-0.5122341213332272,-14.107842007879743,-15.554694484974524,6.342495871440002,0.08171886457653911,-0.865391429585822,-0.3493956301178503,0
0.18884290808060816,-0.9050902137907618,-0.5389951661783197,-15.034186827976272,-15.983232705565834,5.331577778917266,0.09725791754854782,-0.8612134211111168,-0.37884617988048097,0
0.19817114310957498,-0.8985128267333948,-0.56235570962596,-17.02689008172811,-16.015037823693337,4.0866893644172935,0.10723685684051441,-0.8562173781758464,-0.4049226015165543,0
0.20496451417769798,-0.8941878359505078,-0.5757394956733956,-19.877703528928905,-15.8629020884357,2.7859669170143198,0.11471645335198309,-0.8493823563529056,-0.42160546655708037,0
0.21164813305666366,-0.8920317772258644,-0.5786219494172432,-22.967975340509998,-15.773757249325628,1.4534102278105028,0.12219990614506278,-0.8418929057241225,-0.4290662986333873,0
0.21752483578277138,-0.8901823323249622,-0.5760004876515705,-25.645248657652413,-15.845346249391975,0.018083407372145033,0.1276069488975655,-0.8359919519901718,-0.4309477221147699,0
0.21848686880765766,-0.8875985996214141,-0.573004100744346,-27.601358082292986,-16.019145437226566,-1.5014091663295828,0.12562104885816577,-0.8335090344060885,-0.4298378524946209,0
0.2117073504640343,-0.8867113478926109,-0.5715343287155829,-28.91444609147509,-16.20158690166142,-2.895814571870711,0.11514707963643567,-0.835564078427833,-0.42706359456595905,0
0.20152523355123894,-0.8919865428477229,-0.5714907350087606,-29.80494260674365,-16.338340676111454,-3.912051903963617,0.10393346768904477,-0.8429619909250647,-0.4247205274386746,0
0.19711246356690829,-0.9054866916006874,-0.5727575207577635,-30.402616552967963,-16.378660572355113,-4.516586419187618,0.1019120538391793,-0.8559594462337358,-0.4246295642364736,0
0.20240366797788278,-0.9242963114392428,-0.5745888993865153,-30.71556491617834,-16.228133455042276,-4.931451008081891,0.10978003770935235,-0.8730183134697429,-0.42515017277506434,0
0.21128031304030948,-0.9424418311898091,-0.5742352253917574,-30.72007496061135,-15.79542958749872,-5.356291396192405,0.1179385557399603,-0.8899744050768374,-0.421699797889385,0
0.21422785732587893,-0.9547773588133107,-0.5681993598142053,-30.401837982039964,-15.109129794854985,-5.724298114226432,0.11745731964121957,-0.9016354101213536,-0.4118504445636413,0
0.20724813738139505,-0.9589473249409434,-0.5556389326819481,-29.7425523969464,-14.384705243438233,-5.795587258644093,0.10862479962863562,-0.9053624550841657,-0.3985426290343348,0
0.19367431084120632,-0.9553013059887113,-0.5401999644118617,-28.759370787866608,-13.958110459369601,-5.437744055012248,0.09802547137265873,-0.9030234866075736,-0.38709901187377793,0
0.18039998745004368,-0.9468058095842442,-0.5278309202413521,-27.58940489492463,-14.107276618052113,-4.756891750197963,0.09096595355260244,-0.8987822840116418,-0.3801082580480457,0
0.17331604042690174,-0.9382904317017702,-0.5221332773483738,-26.485449866855426,-14.868565878580888,-3.9942965914020405,0.0883788102772941,-0.8951624746776641,-0.3762346175795427,0
0.17356308520370461,-0.9335409785794185,-0.5215628760725705,-25.667388033380547,-15.9885289049565,-3.352992725538653,0.08826187399848708,-0.8919652650405604,-0.3729013744178155,0
0.17678016070645525,-0.9327542699825195,-0.5212099903462607,-25.14859277715985,-17.07660200928161,-2.914645486446119,0.08790793539019075,-0.8885352108476267,-0.36873956208832603,0
0.17755373425323084,-0.9336033576039374,-0.5175408997430109,-24.714258909731647,-17.84198486628282,-2.67267533841114,0.08578018324876409,-0.8854001160459587,-0.36412816167458156,0
0.1750859132663134,-0.9340424341062981,-0.5119611180780819,-24.104722964039084,-18.200857128357523,-2.5994577562952714,0.08256334858086842,-0.8831328018125846,-0.36084200375143344,0
0.17317380346150177,-0.9331948364082172,-0.5097949824583644,-23.246262250215572,-18.189959391957764,-2.665993827474914,0.08030547027277589,-0.8810594694001569,-0.3609888443382527,0
0.17477982847670578,-0.9308200704067676,-0.5148507381990447,-22.283956381564476,-17.84335643830885,-2.8291271793408477,0.08041938560900236,-0.8781292336910251,-0.3650949599014105,0
0.17864802070950941,-0.9273553372533081,-0.5249274669907614,-21.3698000385597,-17.18632521672162,-3.049124521930383,0.0827483372266074,-0.8741313233256436,-0.37122531396568054,0
0.1821238451300528,-0.9236932599805673,-0.533845672735685,-20.465064648918382,-16.304648712602006,-3.326661058445589,0.08629150838404799,-0.8692041692135849,-0.37681391733120445,0
0.1852106904521204,-0.919759905028324,-0.537630745792366,-19.411754119239102,-15.350349388384087,-3.6927664799598485,0.09012749779067507,-0.8629280804296546,-0.38105204907580387,0
0.18911795070981455,-0.913751677720588,-0.5372593213819618,-18.17092863466423,-14.459506959786005,-4.151466706764078,0.09325762483809488,-0.8548609400442236,-0.3845415025522887,0
0.19186508634566274,-0.90384157646864,-0.5360549275263631,-16.900946603210777,-13.69156879586402,-4.646819720438042,0.09417427249208854,-0.8458108994586239,-0.3872534724931268,0
0.18948473588166867,-0.8910725220469805,-0.5364413410266103,-15.773697583490287,-13.057304477372005,-5.088955766209793,0.0919121335814729,-0.837879722626407,-0.3884799870716021,0
0.1825668680408027,-0.8799903290994142,-0.5391256101862495,-14.77894309743251,-12.562303095844483,-5.398527205643957,0.08790508804073503,-0.8328111717052132,-0.38888339479038275,0
0.17802094640281174,-0.8752041437930144,-0.5438209674889155,-13.765684171155696,-12.181581469166863,-5.525857273648382,0.08570681007753458,-0.830472363467378,-0.3911580020223192,0
0.1819981500514495,-0.8770707657629586,-0.5502630126669202,-12.64826269095114,-11.816911383080463,-5.454356910096937,0.08811194303616166,-0.8295393642860599,-0.3977358832330325,0
0.19291776685745357,-0.8817124096525343,-0.5586695883959771,-11.514971432107101,-11.342124878551733,-5.214684643770991,0.0949723190570263,-0.8296302656050164,-0.40803231455924116,0
0.20383985083105954,-0.8852568467830337,-0.5687368733455603,-10.539728157395736,-10.712810590408555,-4.894141677576756,0.10396697146842035,-0.8317601659026348,-0.41852476822428114,0
0.21058851048766963,-0.8869534174172682,-0.5781842039861618,-9.845600312200771,-10.009011229786145,-4.607171574022697,0.11268773229354219,-0.8361044536807197,-0.42567632094651187,0
0.21435980396626217,-0.888040126606619,-0.5832348081293424,-9.472702400634399,-9.363585666217515,-4.437854594065273,0.11942478013100913,-0.8401089186708606,-0.4282192191141679,0
0.21639679360400826,-0.8884969974883333,-0.5808436788216664,-9.415782357303861,-8.869790210081746,-4.399911017387442,0.12256664588936693,-0.8400384599470847,-0.42631970385314877,0
0.21473476585250575,-0.8859860667537619,-0.570373543444349,-9.623366360835682,-8.561649766921212,-4.445808565324402,0.12095877265877712,-0.8348042179670397,-0.41965299553558527,0
0.20918129615456837,-0.8791812816174807,-0.554260625355777,-9.96754778945869,-8.461901068703378,-4.540928460576248,0.11631461537266877,-0.8278183471740578,-0.4077208059167089,0
0.2056334509666195,-0.8719686656379313,-0.5379972018297495,-10.262523817516863,-8.63398855651592,-4.781612904322273,0.11408887187187654,-0.8244467576763146,-0.3918023370603223,0
0.2096517969665033,-0.8717677614992445,-0.5276637012917365,-10.328084111282797,-9.171965008358754,-5.434627493360511,0.11853744123491979,-0.8274333617216996,-0.3753146649608957,0
0.216524823264109,-0.8818126928548903,-0.524857484745131,-10.050386823145493,-10.106254841956355,-6.758381211794602,0.12583566393771045,-0.8350921394667326,-0.36197050182539536,0
0.21358452507302683,-0.8966886646824592,-0.5245076064382844,-9.437965590342266,-11.308618015133838,-8.701866187399279,0.12521298619937982,-0.8438500792494075,-0.35388939171909467,0
0.1942147650511972,-0.907793550846602,-0.5200930174537756,-8.644334307938433,-12.528314047836213,-10.82451241576168,0.1094549846246347,-0.8515641338901099,-0.35099394400117434,0
0.16549473945896348,-0.9122399368114088,-0.5112915966751568,-7.879650256642293,-13.554689287237982,-12.599839882292322,0.0826455855583247,-0.8577780972111021,-0.35175775346961974,0
0.13966448261872383,-0.9136911121687017,-0.505046686078242,-7.246490259062064,-14.331888029005285,-13.795584420808913,0.05555429588040528,-0.8618015936504758,-0.355072523534068,0
0.12153256693346988,-0.9149795632039128,-0.5088817389658671,-6.680586231403336,-14.908634403615867,-14.527764612131294,0.035364865053196186,-0.8622565028849467,-0.36164652361576627,0
0.10774779637536008,-0.913862071680273,-0.5237015248972205,-6.090806181183626,-15.32171285509897,-15.013484480022667,0.022322384907326742,-0.8589069663948057,-0.3728095454704038,0
0.09578690403714582,-0.9077235282748964,-0.5428389755951222,-5.545942160555057,-15.571250301024653,-15.361949692654745,0.014055252493218904,-0.8537215412199054,-0.38755545767715904,0
0.08817442398389273,-0.8992767420854598,-0.5575602166642121,-5.267514643148735,-15.688376074338866,-15.569231061026803,0.009030352692203368,-0.8491474009791127,-0.4015562843888746,0
0.0871685002409378,-0.894358561081861,-0.5635170168321844,-5.3946848114440975,-15.784006438998508,-15.61040388537751,0.00610291352240417,-0.8458626243168461,-0.4100438617040475,0
0.08981114631730223,-0.8952013873548129,-0.5625367070840632,-5.770713041736916,-16.029963896791745,-15.513848518996795,0.00416183138079418,-0.8430789503478602,-0.4117527731311891,0
0.09115490508916364,-0.8988802193629314,-0.5592734507534302,-6.009234807173767,-16.598667144678004,-15.382443435853865,0.0030448496705144383,-0.8408719297350914,-0.40956096126890673,0
0.09028845181042748,-0.9025111431309669,-0.5568594888548578,-5.79213424139065,-17.57620745830382,-15.325070906792707,0.003084244753260458,-0.8415553258178691,-0.40729652807677974,0
0.09030552907079378,-0.9074500622948009,-0.5555832815040224,-5.098923768055622,-18.87066302116837,-15.328827748948298,0.003933098086065492,-0.8483528146993043,-0.40674920269719084,0
0.09317704867614102,-0.9170782221248791,-0.5550231103511984,-4.160888238785183,-20.202557572447667,-15.236339789429149,0.00544284230359628,-0.8622937288871805,-0.40809997171450363,0
0.09762577280690711,-0.9315407655762937,-0.5562740802754876,-3.2168107370549754,-21.250358816836325,-14.912724712999546,0.009059185141171785,-0.8801882935978325,-0.4116679084790341,0
0.10282586863797848,-0.946185838076701,-0.5606710230104446,-2.30095405271094,-21.86190686284125,-14.419020493734912,0.016606195152727005,-0.8961560605450841,-0.41719127514965004,0
0.11164133267444358,-0.9557832530440264,-0.5666003386716586,-1.2288246881351572,-22.117501816540656,-13.968637965509966,0.027956640097699745,-0.9057571372919502,-0.4219529832530127,0
0.12711174321836313,-0.959496513071279,-0.5700032922786361,0.22460626693920085,-22.164027455288963,-13.717350602351218,0.04084651025222618,-0.9085609164328957,-0.4222163354051147,0
0.14595027557923845,-0.9600930640808297,-0.5688789313309351,2.1135754108724156,-22.019632564966926,-13.621497470403545,0.05253705934920858,-0.9066056712413099,-0.4173190286382542,0
0.15962670695965223,-0.9585295576661697,-0.565100467997923,4.264443834758941,-21.598987349318463,-13.486125754357037,0.06144618344684299,-0.9012858027728354,-0.4107887540940883,0
0.16453041851233682,-0.9523059642942898,-0.5611592193543423,6.406162052189416,-20.91905498463856,-13.136203954322083,0.06827490756003354,-0.8929014274373707,-0.40673784626378895,0
0.16766347739107226,-0.9405670616967055,-0.5577613480912078,8.329887204630452,-20.19267324495043,-12.564982411011618,0.07589420117589026,-0.8827731988144562,-0.40618377292513946,0
0.17789111418110617,-0.9280149146452263,-0.5554462930329576,9.924231188839382,-19.667464065584884,-11.93868160878558,0.08688648955095335,-0.8739078898766166,-0.4071778512660686,0
0.1935952250865499,-0.921006808979905,-0.5556966656472793,11.116274938412618,-19.421520092178348,-11.459619542788253,0.100361009407665,-0.8687400549261438,-0.4074240902832943,0
0.20385813057000293,-0.920628044871719,-0.5588215282380141,11.846800055438006,-19.378180493887513,-11.226280687735148,0.11150286541829775,-0.8669457964838877,-0.40632701262848675,0
0.2012436796471581,-0.9211893343773504,-0.5625440030485772,12.106913226809144,-19.482186628600783,-11.196677340878951,0.11472783988903983,-0.8656425941049604,-0.4053083683356519,0
0.18928897269637976,-0.9151758746721719,-0.5644080284457988,11.95103462654901,-19.7616398954212,-11.212786190741605,0.10802275353878284,-0.861059227187845,-0.40664024736183163,0
0.17773806358336194,-0.8993439056774396,-0.5653186339945677,11.444115938823813,-20.188083441460186,-11.04018079289875,0.0953237266357201,-0.8505544521292592,-0.4117715349347426,0
0.1741443694488966,-0.8770199095470367,-0.5697480580576512,10.591661358719296,-20.549630405793035,-10.489386873681283,0.08460475086114683,-0.8345865529875216,-0.42075506434453,0
0.17955355486687022,-0.8551494508178228,-0.5815076794159173,9.304048484745996,-20.545229843476093,-9.614026277301475,0.08190532847121891,-0.8168700143751407,-0.4328742019613914,0
0.18821619775951165,-0.838733251506978,-0.5987513664046321,7.431729249247282,-20.02098305766735,-8.76471741086895,0.08605378245535597,-0.8014310306840091,-0.4465478158958105,0
0.1914773255106683,-0.8277699386454858,-0.6138622299209605,4.904468721543741,-19.081400462582618,-8.334068376816848,0.09012115461242479,-0.7895014456731002,-0.4585052873985767,0
0.18546911262515375,-0.8194128271350036,-0.6198322715810612,1.8957368367161078,-17.944066110662824,-8.40845952789277,0.08886569487701332,-0.7801435655786533,-0.46500566350938527,0
0.1750251755271141,-0.8124335320521651,-0.617184077571207,-1.1893805486688034,-16.710806447722113,-8.709293053906501,0.08345592909531266,-0.7730771088693315,-0.4651817861034643,0
0.16732808868900503,-0.8088041593567343,-0.6134638253294085,-3.9590956964977133,-15.347161919212185,-8.876128884126627,0.07768021432779572,-0.7692168085118307,-0.4623311655541546,0
0.16231715231012397,-0.811009234019014,-0.6153089985797422,-6.272892233847717,-13.910000134745019,-8.768278047582658,0.07131612357595786,-0.7689080724525699,-0.4609643757180763,0
0.15288861574980786,-0.8189050606953491,-0.6216157495797421,-8.227584959604997,-12.710360642969526,-8.494337488765623,0.06030198670249809,-0.771619485578927,-0.46259487681485545,0
0.13509661233342046,-0.8302470438750401,-0.6247296652633169,-9.954711487918711,-12.12942448860703,-8.192614839533437,0.04345280679968161,-0.7779027718286451,-0.4641828913888548,0
0.1136679369691433,-0.8440555026919913,-0.6180523782804026,-11.467424166984753,-12.248953624197659,-7.827891432958583,0.02526274072224116,-0.7904522800139983,-0.46046009717420927,0
0.0941893355027685,-0.8622629301388071,-0.6023839645135697,-12.646344782023833,-12.74470623707057,-7.229486246558158,0.00955810672256344,-0.8120757780410252,-0.4486355944927152,0
0.07439118008825378,-0.8874337208086124,-0.5848016097282299,-13.274716939213565,-13.204895362486578,-6.29379315269004,-0.00649937901338866,-0.8422026664845426,-0.43171288534618174,0
0.049824380495614586,-0.9190766892342764,-0.5717946031247008,-13.076110001193491,-13.511185934356627,-5.067238446228633,-0.027396714825680256,-0.8754987804786711,-0.4166935743137211,0
0.025863290143394113,-0.9521745031653277,-0.5642356086195777,-11.825145551537776,-13.829454695805453,-3.6253502086100684,-0.0494851022975169,-0.9043683174348142,-0.4084552631604228,0
0.015809810528428277,-0.9791335794273012,-0.5585382446988368,-9.523752372691549,-14.24446037880042,-1.9780106686036523,-0.06168767707154142,-0.9233019480356897,-0.40523988503483127,0
0.02534137502820182,-0.9936020328770563,-0.5511144558580368,-6.454843287560423,-14.53197578962546,-0.15727733195550817,-0.05756264800683246,-0.9312649452364539,-0.40087999361648763,0
0.04440575482773196,-0.9933952859526449,-0.5412462898064679,-3.010337912064305,-14.382922088815313,1.6855198986333826,-0.043124728630645766,-0.9305461408721201,-0.39168580046413015,0
0.05766097678294258,-0.9811026904174777,-0.5310853921402444,0.49835790031047045,-13.799615726665833,3.374868048334313,-0.030254731953365886,-0.9240081531885627,-0.38030607526985916,0
0.060348177132046016,-0.9629663900099013,-0.5243106122183611,3.822470296106241,-13.166469497542598,4.875856129791364,-0.024082634368591312,-0.9138257656435134,-0.37252334985697105,0
0.06120343196493954,-0.9465684691850913,-0.5242229321746892,6.685958546911421,-12.90704774295943,6.264976757853069,-0.01933162397157719,-0.9025181158532043,-0.3715034219244591,0
0.07105008155998391,-0.937585210439292,-0.5311675405810022,8.892688406962648,-13.103252435406773,7.536715970146501,-0.00864322427777352,-0.8937321188957574,-0.3758828742739761,0
0.09139368853704959,-0.937082470407135,-0.5411197130965592,10.553078147853315,-13.45068965218182,8.55995538010198,0.00825103731647502,-0.8902618926797212,-0.3823417206057147,0
0.11502638184809198,-0.9413127218395632,-0.5487933103174603,12.077315763564835,-13.544204501786012,9.296353353767868,0.02563760376875016,-0.8912538497226176,-0.3893096814375916,0
0.1361578061856081,-0.9450794968881192,-0.5539950012104158,13.831701642954256,-13.144231006270548,9.953127756683548,0.04102098236882752,-0.8932510042647175,-0.398592284012704,0
0.1568542618539049,-0.9470101422143129,-0.5629133012223309,15.810638591420837,-12.145723492591333,10.757072146329007,0.05921147892653091,-0.8948522775496294,-0.41272581706732087,0
0.18167687513488565,-0.9508491612755874,-0.579997838151125,17.717127815196854,-10.425526815692622,11.591168524606474,0.08459701872752028,-0.8983704167463589,-0.4299561383413327,0
0.20895951190122558,-0.9593693171398712,-0.6001510038087624,19.35481064440028,-7.935827674932359,12.023025730822487,0.11275116164150802,-0.9053700098932381,-0.44374072861759006,0
0.2318723881883535,-0.9682149325848157,-0.61271796553173,20.823300725183834,-4.943042947496427,11.750145762045266,0.13464888498490776,-0.9125056190357328,-0.4489903215543636,0
0.24636052090669433,-0.9689155149268447,-0.6121672307653622,22.274663953732535,-1.9399184199781134,10.892814066700591,0.14683982071502577,-0.9138675407915703,-0.44684599835970684,0
0.2526744476771173,-0.9576414742782282,-0.6017212567089777,23.595540076201456,0.7659300941360134,9.78470326672311,0.15171724180782734,-0.9063330972724415,-0.44168661365716877,0
0.24989160812150715,-0.9389703027567431,-0.5881965142636383,24.452741450674594,3.222456515557901,8.594402857065322,0.1496319318344637,-0.8915270570326606,-0.435899808631901,0
0.23465621881185772,-0.9218796316202946,-0.5765750743715461,24.61589759194837,5.550936081387914,7.262258889568944,0.13714767352520385,-0.8745553159720298,-0.42932235856584167,0
0.20629567964511636,-0.9136682049851432,-0.5681230970832576,24.14848767781477,7.66723546168881,5.753489393869647,0.11294233339127326,-0.8624487901261784,-0.42136407278169036,0
0.1690942670449651,-0.9164183938262882,-0.560783297520718,23.307972861682995,9.374606131210719,4.245064110827944,0.0805096369027081,-0.8613820398081272,-0.41184338236629997,0
0.12838560426454843,-0.9266492611548526,-0.5520393485570462,22.342595423004273,10.623432490654118,3.016161518376406,0.04445082586318962,-0.8720192091111061,-0.40133469384568665,0
0.08760537523643601,-0.9379410774344976,-0.5428780845509911,21.382125158761372,11.570649761514177,2.218107768683056,0.007542687250217076,-0.8879720023488071,-0.3917943432707268,0
0.0503161935638488,-0.945471512975169,-0.5376427812667971,20.43817415630106,12.394975419646425,1.825051105764745,-0.027538130057795325,-0.9010824693100286,-0.3856731648833339,0
0.021751134739537638,-0.9490802075273593,-0.5385853122184634,19.457612120580794,13.10756174033462,1.7773788938571624,-0.05615072144971704,-0.9080419047702738,-0.3838817319098876,0
0.005453422080312204,-0.9521408362279065,-0.5421214003176491,18.402105409954395,13.55842870436267,2.0587464205578123,-0.07371417019623146,-0.9108878955064758,-0.3853567037932117,0
-0.0004219230926413521,-0.9577973789021745,-0.542687860506092,17.307291304283964,13.596550771924623,2.5900854782569325,-0.07973380044341208,-0.9129391033142134,-0.38832628678984316,0
-0.0009890616184905525,-0.9665241469255784,-0.539536768036555,16.25622354021732,13.185511237434762,3.146977480114775,-0.07815124410761193,-0.9166721024953415,-0.3910005087407195,0
0.0013431930677139541,-0.9770611335872565,-0.5369905684358397,15.304305036676649,12.377443796196356,3.496092680525072,-0.07280284118082947,-0.9243332210731898,-0.3915583873160467,0
0.009143409310250272,-0.9891617542253239,-0.5375736121575502,14.485183239119863,11.240986001049562,3.6065872819524873,-0.06376826448502448,-0.9374713787595799,-0.38882068430187955,0
0.025317578163242465,-1.004558025773083,-0.5377390284511143,13.907213035678156,9.850537859680585,3.6498027470105523,-0.049539602276062716,-0.9551614458467615,-0.3830154264702491,0
0.04729494056205605,-1.0244154075692373,-0.5324863898980142,13.774509437594949,8.304212126341456,3.7825336323400767,-0.0314452002223928,-0.9741484217760611,-0.37546245814916906,0
0.0680685937403477,-1.0459397245442401,-0.5226412112108091,14.24737505401329,6.693985899934657,3.990114866925614,-0.013498246410179448,-0.9910861907611114,-0.3680159464570199,0
0.08297376079062845,-1.0624050921705703,-0.5148425988362973,15.293309216750199,5.054608786065932,4.143616537601181,0.0015418177639123596,-1.0035946151709794,-0.3630873874677634,0
0.09264089965677176,-1.0675568952507495,-0.5145581471509239,16.700548715758977,3.3744042574700117,4.133969113630394,0.013197644171845359,-1.0094266885709824,-0.36323664109013704,0
0.09916684973723532,-1.0609459408243551,-0.5216295141690129,18.216006082597257,1.6693714415303744,3.921723002187,0.02090421877860344,-1.0069091878315721,-0.3697513768328944,0
0.10360666511332992,-1.0491855657070452,-0.5326420119400783,19.65030070310677,0.05200584583743026,3.5212177338695274,0.02449651636329751,-0.9975600342989838,-0.38137672322423666,0
0.10868522253149011,-1.0408508896998934,-0.5440377304239598,20.88673228483618,-1.2450227203257658,2.9836728823399103,0.02767354793735703,-0.9868457392824089,-0.3942374637089062,0
0.11958699629258308,-1.0391978421471204,-0.5515321222804525,21.858138548647386,-1.9217610787045794,2.3703511670431165,0.03685382247547284,-0.9804080669611188,-0.4030399591981599,0
0.1383707847939968,-1.040548538471284,-0.5503612821995311,22.56022595805427,-1.7784548356545056,1.7215122199331039,0.05404806586871339,-0.9794736854690295,-0.40348636646806135,0
0.15876792198076467,-1.0398807653973123,-0.5395119806362401,23.082389034573595,-0.910351191285606,1.0622084660006121,0.07257193798459889,-0.9806834005573035,-0.3951374200775566,0
0.1694792393018219,-1.0360989679025818,-0.5243868606611152,23.579091541542287,0.27652531365026667,0.4278286452457114,0.08193105652735974,-0.9800777184040519,-0.3824557112294373,0
0.16424597046341058,-1.0313271162779312,-0.513175736216871,24.15831094454957,1.2854622570375187,-0.13523827607143918,0.07728108783999911,-0.976751485822008,-0.37221791125469933,0
0.14849399381148806,-1.0275354028484363,-0.5109041342219662,24.7761543329508,1.7926938268454167,-0.5829888159120038,0.06377554169177474,-0.9732538429828099,-0.3689135198172289,0
0.13486063437697,-1.025572359397353,-0.5173195916393754,25.25195770479889,1.768785862543802,-0.883298016771738,0.05149803183646666,-0.9729545249749095,-0.37223904959620774,0
0.13154434635037765,-1.0260534589196417,-0.5289565188294151,25.409602665944053,1.4556545380698118,-1.0379640858367023,0.04646254128201581,-0.9765545638327625,-0.3785718680087895,0
0.13543816875197404,-1.0289324952716556,-0.5412881246573595,25.230886480110414,1.252449395554522,-1.1050246925574352,0.0468545228797541,-0.981097452918528,-0.38413733228154257,0
0.13664578943040315,-1.0318801764576087,-0.5490355064582845,24.89238634640504,1.5184638500470307,-1.1772003756362375,0.04692404894271952,-0.9828878815046062,-0.3868850793428339,0
0.12883596417145662,-1.0309877638176652,-0.5475945585280447,24.646206099056602,2.361520581611276,-1.3211101775809377,0.04277031288642645,-0.981091714410398,-0.386518837304448,0
0.11497415978808795,-1.025060737486329,-0.5373268108763487,24.635884949066906,3.5769093998286783,-1.5286880194023074,0.03448334303996243,-0.9780439529247724,-0.38364123201599926,0
0.10367967725348624,-1.018714701233883,-0.5252158680661664,24.81516617394371,4.813390499561749,-1.704050235423047,0.024653375619450107,-0.9766115266721376,-0.3789340129816838,0
0.10036974823971213,-1.0188008822258192,-0.5187655541640172,25.050870979503355,5.809090813162524,-1.686045627006132,0.016103770878027737,-0.9776847489017971,-0.373066568127394,0
0.10203307865360467,-1.0267563357140566,-0.5183716840403725,25.28583323254662,6.463342463851037,-1.3269049114987252,0.010469455156716063,-0.9796324626562274,-0.367254068000501,0
0.10127522662240822,-1.035898922641639,-0.5183430608118132,25.56015431784915,6.727445109143527,-0.6047108550476904,0.007773508716663024,-0.979890650785004,-0.36325710668719996,0
0.09546605001332108,-1.0375584263803064,-0.5148531393900526,25.8762540878949,6.525993418135212,0.3413257567414779,0.007231933912782262,-0.9776035378803871,-0.3620626237425277,0
0.09008275284951377,-1.0293784210200845,-0.5099493371812662,26.109129560933408,5.833766297995916,1.3139835988983684,0.008784630044627812,-0.9745494695257967,-0.36262637731757574,0
0.09196196528756434,-1.0167775942151847,-0.507607931630922,26.09666808138902,4.77550584735257,2.1973339669214043,0.013419522385023796,-0.9725197533572657,-0.36280738831651116,0
0.10138947195818993,-1.0068870159740757,-0.5084976685140297,25.789499320312984,3.5886198766283393,2.9914755262056922,0.02169899644457399,-0.9702402473611216,-0.3619114931359498,0
0.11307581190597484,-1.0024837106182023,-0.5101518487092302,25.26490693751454,2.4978192295113133,3.730650213366183,0.03240392094354777,-0.9648510670479429,-0.3615167825128612,0
0.12311386085471472,-1.0018396465599508,-0.5111332082784774,24.601481191907418,1.641039541659497,4.393229600957944,0.04279461269409748,-0.9567571362115341,-0.36328891521017537,0
0.1314188277304379,-1.0024182597929143,-0.5128093677486255,23.78281947524034,1.0720957897783752,4.904632111009186,0.05018592471267762,-0.9508169225579487,-0.36674890170836577,0
0.13782946470067084,-1.0032535625175343,-0.5164334452323075,22.742606409841983,0.7889894153406982,5.215085312593397,0.05367996475754547,-0.9515207605111814,-0.36980548954136,0
0.14032495790238456,-1.005104549599995,-0.5202826526240856,21.491723143841746,0.7694052182604696,5.339387294321226,0.054473372353824316,-0.9586604757283175,-0.370857515722859,0
0.13885944257690372,-1.0102416902220872,-0.521161952268361,20.184566170235108,1.0020247409009073,5.309502246426299,0.054181805394649715,-0.9691064090525388,-0.36967442072099027,0
0.1373890184498363,-1.021416888462659,-0.5178601137084775,19.053851447717452,1.477954247489431,5.1210484439145585,0.05317776818458833,-0.9811732648790956,-0.36662471080127296,0
0.13938428320355853,-1.0391205809232404,-0.5120202979916477,18.28370023244176,2.1444082250612944,4.749120245880319,0.051125357012471465,-0.9951147799257118,-0.3619698363195367,0
0.1432614208988611,-1.0596887341167975,-0.5061729534876165,17.940062090894557,2.8893757472257926,4.197568012616707,0.048642456188076284,-1.0100867406638692,-0.3561591806016064,0
0.14424778427591822,-1.0771565876187459,-0.5016673448031428,17.985815162887597,3.6022573501279203,3.514768517563442,0.04722691116769557,-1.0229064356734092,-0.3501278759910586,0
0.13985645226546736,-1.0873445287149284,-0.49824111320934084,18.323067248270085,4.246103017015622,2.7699033666529456,0.047346444864922274,-1.0305161740731739,-0.3445847534267701,0
0.13264534603030523,-1.0900914877974592,-0.49501146568361765,18.834486751494584,4.846868008793008,2.016577816980524,0.047703758769551914,-1.032690332268602,-0.33921644569582216,0
0.12805039792586737,-1.087841071528646,-0.49163073523363277,19.433039520309585,5.421944236477362,1.2627414011888973,0.04706171944111706,-1.0315074510217208,-0.33332957103258753,0
0.1296427403989001,-1.0826530091078765,-0.4885081665995657,20.08887582965025,5.951894843608782,0.4709818511290176,0.046136877375582176,-1.0285113601394709,-0.32727384295558853,0
0.13612582365031964,-1.075085472094939,-0.4858611214182342,20.79028651426512,6.413087396034324,-0.3932584695063957,0.04693214717807101,-1.0232734048560228,-0.32236438187027144,0
0.14275736679414894,-1.0655916938943337,-0.48249104149555444,21.484973646489426,6.7898525996234165,-1.2972993490709044,0.05030044294812425,-1.0148910974910192,-0.31895156255827545,0
0.14540708089214274,-1.055520615504818,-0.4761398562980462,22.09751802312769,7.0373640266511,-2.127555332490686,0.05448117648314554,-1.004062471364762,-0.3153377607275301,0
0.14295633580215117,-1.046048042804022,-0.4659567014781931,22.612777403111224,7.070780271148166,-2.7534321605240524,0.05606310458206049,-0.9930065032062438,-0.3095790976595874,0
0.13652639526100624,-1.0372768150542493,-0.45433600132121693,23.102824943360922,6.832671615062525,-3.1144542125960126,0.05262341654950603,-0.9836831131726937,-0.3020475070727824,0
0.12801312676035637,-1.0291195330091187,-0.4453396218115715,23.645456639335425,6.371320392034072,-3.2493390054838844,0.04494682327255888,-0.9767377451922219,-0.2950945435151531,0
0.11974705839331547,-1.021987760273789,-0.44115580095082996,24.234363385114484,5.836851273610989,-3.2496974731441512,0.036732779147768575,-0.9719940822258708,-0.29011191703320727,0
0.11409984762696436,-1.016071510986719,-0.4403932747837869,24.7857562912781,5.412635140705736,-3.19531720677891,0.03171277914453519,-0.9691353705195667,-0.28597801536335044,0
0.11233002600981194,-1.0111738077833428,-0.4395261229671021,25.21508733544411,5.269015529550069,-3.1242674661999343,0.030890694437422556,-0.9676146011141873,-0.2807705649993638,0
0.11377228190006977,-1.007822776734198,-0.43567847723313563,25.49227265770647,5.548487534500089,-3.038282556685317,0.03242097405748678,-0.9665460793679447,-0.2741072631241564,0
0.11551102497866793,-1.0071831560553826,-0.42842284762284444,25.644890448226803,6.30475135346608,-2.920754452064008,0.03321593830207058,-0.965358676036451,-0.2671126740587986,0
0.1128311082931799,-1.0090011849087304,-0.41947812962423886,25.73573293737017,7.3873169121993545,-2.7518315425370554,0.03024815664910754,-0.9645176586816955,-0.26063379695471733,0
0.10269519202081873,-1.010970931160473,-0.4108755390777282,25.825402542717928,8.415080894045925,-2.510061784790876,0.02202101470673075,-0.9652024802792118,-0.25435910892290314,0
0.08833707578055242,-1.0114101746605486,-0.40335589476005157,25.924778788360886,8.973444129649451,-2.1695872857152563,0.010477686133950254,-0.9680332996799895,-0.2476492527644555,0
0.0776134673330889,-1.0115217420325777,-0.39646705635924495,25.980604327482197,8.9209574840254,-1.722638864640933,0.00047752598623227284,-0.9721062868799575,-0.24061272838274006,0
0.07523792221713095,-1.01366395215799,-0.3902567214344802,25.92845543888025,8.489968856776462,-1.2167170629005106,-0.004128092106562682,-0.975556611844315,-0.23424843472926654,0
0.07941119021214038,-1.018176639648023,-0.3863935251630979,25.767824022321296,8.049446819934326,-0.7419097625741601,-0.0033227717977624503,-0.9773331660971406,-0.22982313089562467,0
0.08654836178450451,-1.0230587076357247,-0.3863763733480016,25.578983585311303,7.795521540424271,-0.3557516737086448,0.0006409228027581362,-0.9780305351731968,-0.22799478914928822,0
0.09522861408178802,-1.0262219398766648,-0.38864561024255717,25.467515746496783,7.698638778140277,-0.03623816766990457,0.006001656905421903,-0.9785278859162216,-0.2282228740780566,0
0.10417818421263862,-1.0272725651638797,-0.3895005351666302,25.49752165318835,7.680287023708101,0.26822137426289483,0.011554782246775754,-0.9784638050732324,-0.22914933600944362,0
0.11027602828577784,-1.027360302884721,-0.38761583091506724,25.667462059557888,7.74740765671634,0.5591119162893162,0.015619032773119925,-0.9769693375820373,-0.22981661974360465,0
0.11148308750246202,-1.0278137716641973,-0.3856100289672833,25.923253163997096,7.964857595663309,0.7936003480818902,0.01712134153303326,-0.9746024474397998,-0.23047067076254688,0
0.11021852696866356,-1.0291279708842298,-0.3860893262133216,26.17945534324231,8.3759845078709,0.9702513844829463,0.017543119572122543,-0.9736098486877177,-0.23205551898180762,0
0.11131253816688057,-1.031005617266467,-0.388298212730977,26.346827399060214,8.992600967556221,1.1645170305048447,0.02017626604614401,-0.9758713873727581,-0.23490943551237162,0
0.11686111280055646,-1.0327799044490127,-0.3903721704795443,26.37519160447749,9.84868650340026,1.43896897594317,0.026945236271104775,-0.9807674401981802,-0.23800836130589864,0
0.12488445652165028,-1.0340237490193616,-0.392750958380151,26.286418441919267,11.01329481317408,1.7330463862819638,0.03663252586708806,-0.9855531196096139,-0.2397558343711815,0
0.13271399497327005,-1.0355616969776413,-0.3967351950229804,26.155343214396073,12.491201026882313,1.895218870631435,0.046087215056453905,-0.9881215707748469,-0.23983718508731866,0
0.13924629854436177,-1.0392006810922894,-0.4013420118347709,26.039366945937292,14.111994984661797,1.84752966068128,0.0519664030331548,-0.9889659679159387,-0.24007311578010176,0
0.14295246907642106,-1.0450549731653458,-0.40454318256630206,25.914148706166344,15.590587286241092,1.6859978211948032,0.051317799774930006,-0.9900673740996686,-0.2427847266957461,0
0.13990340916709895,-1.0500282917763861,-0.40613970962885776,25.67729336156353,16.73732917374379,1.5881608704263372,0.04246638576419797,-0.9924579687290023,-0.24814183460532457,0
0.12659555468507042,-1.0509018343323295,-0.4066417771871925,25.224570887253726,17.562645863725354,1.6409670957186369,0.026642849748597007,-0.9953522362441085,-0.2535189080491565,0
0.10473275334153227,-1.0483844584761508,-0.4050158377145008,24.535033490567088,18.13971330360925,1.790403032266818,0.007824261895711244,-0.9972565800483392,-0.25555235739461635,0
0.08081616048252394,-1.0465345323564395,-0.4001957184102442,23.692496081892394,18.418324053479793,1.946390161317701,-0.009961632945624601,-0.9977860852081193,-0.25274160821771974,0
0.060401568073980165,-1.0488468886825166,-0.393508429300007,22.835612300133644,18.248193042324964,2.0959194811596586,-0.024749705780314286,-0.9986416797039868,-0.24654317534853532,0
0.04477334605344895,-1.0558631624581913,-0.3879948032497928,22.093402129033485,17.581128903275438,2.301827457145419,-0.036080421162146666,-1.002317325636566,-0.24042663443994441,0
0.03360950595396704,-1.0652079219316226,-0.38654888115273855,21.553849857301156,16.583448493540935,2.6175854524318884,-0.043468791099358306,-1.009268363691942,-0.23749126744361063,0
0.028082675912199654,-1.0727508715596767,-0.3907604841460951,21.25657568837431,15.513397597402571,3.0234762444567638,-0.04611844559068314,-1.0168849656610208,-0.23837174431409916,0
0.02927395427827888,-1.0751634952149085,-0.39892367247409855,21.181925356497594,14.517492670486428,3.4355790545510514,-0.04402022484463511,-1.0219011261800097,-0.24118823048736895,0
0.03511349107650711,-1.0729474995208346,-0.40484287994624535,21.246443340509625,13.573436145289438,3.7673990083398317,-0.039035428679901604,-1.023361994638889,-0.24321793201284508,0
0.04165766150789957,-1.0704738988016966,-0.402189685540177,21.336552773097875,12.595440753776808,3.9984261904047513,-0.03428302487188175,-1.022726191271889,-0.24240105863085348,0
0.04718723607996521,-1.0719729864581922,-0.3917759890786756,21.37287581211768,11.54652290110506,4.194228845302606,-0.03175903202197343,-1.0218408981042824,-0.237944077443483,0
0.052649000705091174,-1.0774585523357256,-0.38165679080715076,21.350119304047155,10.462957291702434,4.443737320913941,-0.0307470450516666,-1.0218738389548703,-0.23074780783102464,0
0.058136186609699984,-1.083110833107361,-0.3783926836772281,21.311673438566586,9.421398451258918,4.764937494934008,-0.029269621777767825,-1.0237215929848031,-0.22350720707449376,0
0.061610099180146746,-1.0856979911535283,-0.38099922214472787,21.284899476368953,8.501896141134827,5.0858776723849,-0.026789354501699416,-1.0279140565222464,-0.21920865989929794,0
0.06178145120025947,-1.0859982025126826,-0.3846044973898673,21.24790041023463,7.765997919715496,5.323083513237811,-0.024446771713039717,-1.0337051550939713,-0.2184645205294816,0
0.06039577072188902,-1.0874213674583366,-0.3862432230134335,21.16283263299727,7.25018804575356,5.455656809007328,-0.022897168147580464,-1.0392590630683527,-0.21857802926266795,0
0.06084240548650059,-1.0917246897169797,-0.38485134976400165,21.02920372817606,6.965808082649984,5.5142176207465505,-0.02135628041991161,-1.0433185981107607,-0.21601532116659083,0
0.06513774723018519,-1.0970372892385587,-0.3788611217418826,20.890332948740422,6.897016451094187,5.528689972970461,-0.018941188272841303,-1.046158056873504,-0.20991394192737303,0
0.0722882504030422,-1.1004783942832834,-0.36748226643483584,20.79646901308092,7.005874543943201,5.514057229802317,-0.0155554928402195,-1.0485665904639678,-0.202802144450371,0
0.07932497588410554,-1.1018414438915625,-0.3538912638297207,20.779855739711767,7.256756316433347,5.489174538339216,-0.011011916015251127,-1.0505583495291912,-0.19792026108788052,0
0.08445319565829125,-1.1034204891392816,-0.34427759092456994,20.857818144445687,7.64031095111675,5.472932822101316,-0.004484225812633278,-1.0516456026479566,-0.19632582095582773,0
0.08948119294318453,-1.1064853032004012,-0.3422089689141876,21.030666417685225,8.160406554790772,5.454470318698544,0.004417674007114321,-1.051941880900658,-0.19673454171660784,0
0.09843031084146985,-1.1095572864632626,-0.3450339369038159,21.263632100477352,8.791099759962867,5.387362894728889,0.014612781023577926,-1.05234570315289,-0.197519439623379,0
0.11303558305891279,-1.1106438772851002,-0.3472983557386007,21.487065383291085,9.457084334141388,5.2269489920405885,0.02413307169015503,-1.0536385010989155,-0.19807109151198718,0
0.12955881754099755,-1.110014969233407,-0.34688343556205753,21.63758656583225,10.065801878266315,4.971890420424743,0.03145823775186738,-1.055694380311657,-0.19822797132700593,0
0.14037871396799262,-1.109913574314713,-0.34591931064516035,21.705581352557306,10.55780066627843,4.668617422751393,0.03587613776326429,-1.0576639825972813,-0.1973139944329789,0
0.13946958879894236,-1.1118492413640775,-0.34613302234748405,21.729450675215194,10.923389537024878,4.379987006141453,0.03677609479140426,-1.058945144285397,-0.1946027849967097,0
0.1271957615362879,-1.1148468570915235,-0.34600756143280215,21.73385551398158,11.169129167474697,4.149401040775192,0.0334804074806053,-1.059991777540397,-0.19053374951793808,0
0.11001652203326429,-1.116503782740487,-0.34350606544681683,21.68696433087296,11.26785124165598,3.987053876635481,0.026427322708442662,-1.0620841452867809,-0.18667327077971493,0
0.09537381372076573,-1.1155458811125893,-0.3392704777997866,21.53367518684555,11.149343712940828,3.882038058753715,0.018051947637917905,-1.0661971087336235,-0.18427269608263178,0
0.08694851081873295,-1.113502323376963,-0.33545354448043874,21.259135659474644,10.753918374012228,3.8220466037737926,0.011604436328624217,-1.0719408604784262,-0.1832587055459704,0
0.0846044151018,-1.114001430221712,-0.33317129945898266,20.899122372982248,10.096897002794945,3.798607514763793,0.00908488477019755,-1.077423211263616,-0.18285377928001195,0
0.0874161345551027,-1.1196035932728579,-0.33273195709018316,20.493731751860082,9.269707704759863,3.8004677953068344,0.010685644617811631,-1.0804167574776025,-0.18295099651688354,0
0.0948827402390075,-1.1286861039372076,-0.33467290478163364,20.051231409174047,8.379697738830433,3.8187681307058767,0.01564112094558294,-1.0802739014327387,-0.18434019479462638,0
0.10509635625733817,-1.1362761235765517,-0.3387037443503375,19.557116126494968,7.502757102549659,3.8619079402224603,0.022550448949060983,-1.0786508520778593,-0.1872238315548297,0
0.11384543302381692,-1.1385067255889534,-0.34256543261900224,19.003018917271213,6.682758844098519,3.947512779731264,0.029007486836196434,-1.0777776867973496,-0.18993831139780265,0
0.1174454407980748,-1.1353230357871147,-0.34331401346549284,18.407146536121203,5.935844683998219,4.072270135594441,0.03242716686373127,-1.0781179020595009,-0.19002058757683105,0
0.11620334235765456,-1.1289440150303767,-0.33969971990686987,17.81591985431344,5.236368626437141,4.2045118368460335,0.03225493887247929,-1.0782663852943362,-0.18677535029396267,0
0.11396923499214387,-1.1217608053127008,-0.33350808584995073,17.273079180041403,4.5261642490319245,4.312947820917577,0.03065230802651878,-1.0769488174615758,-0.18222857284903018,0
0.11412748396570932,-1.1162494363638,-0.3289307580614528,16.76859731718961,3.7648494876636667,4.391468546994039,0.03011966598452088,-1.074468631758553,-0.179216973900246,0
0.1165830443899146,-1.114521460020925,-0.32930751703959044,16.231876885087555,2.9627444337026945,4.451829722880867,0.031174634419045263,-1.072095603289231,-0.1788768456953368,0
0.11913905080361889,-1.1161563307816544,-0.333390456638572,15.596904882577165,2.158475969976024,4.49851844272865,0.03329626803067974,-1.070484823016137,-0.1802385881767671,0
0.12149749359933609,-1.1176630704178487,-0.3364647294221521,14.85697924464158,1.3957589166339412,4.514306987802263,0.03711057788136779,-1.0691290012569314,-0.18182557620379056,0
0.12642656661415538,-1.1160980399344818,-0.3364192300756058,14.03166414693552,0.7488160989112856,4.474637733252855,0.04388508952298504,-1.0674328617056241,-0.1829899556835004,0
0.13600696478269578,-1.1131092785458052,-0.3362889709828684,13.106671229474687,0.34330934807711655,4.37651129815832,0.052866143967633346,-1.0659890786824484,-0.18359925123394324,0
0.14758222650638875,-1.1136451601632218,-0.3388686953956517,12.054991985555361,0.3003410006825272,4.237550392853633,0.06044999698384431,-1.0663775631996466,-0.1830121304105758,0
0.1546516381497245,-1.120081526020356,-0.3416364416902599,10.921875688903876,0.6385157726602417,4.05671132763698,0.06273953272029446,-1.0695598878845114,-0.18007552884246703,0
0.15227473221584306,-1.1288146740481617,-0.3398372395489433,9.851960417221626,1.2382987959509655,3.7932594737869922,0.05875078219415441,-1.0746077126743123,-0.17447392475853385,0
0.14174645359763322,-1.133384886856053,-0.3325197583962053,9.00506798762386,1.90845843249095,3.400508079339838,0.05089449559368463,-1.0791068228529304,-0.1678860095980635,0
0.1295804977677389,-1.130501042307943,-0.32304344518160877,8.444071540956068,2.49395630584524,2.8723165610661123,0.04263255838434865,-1.0807113936514121,-0.16306573350288134,0
0.12143780521713149,-1.1228382333950395,-0.31513798400499066,8.10325608589249,2.936109434908122,2.253482986021142,0.03606529357545044,-1.078512935567078,-0.16113616081606852,0
0.1173165451417224,-1.1161867922069493,-0.31019794625239605,7.848162762557788,3.2424704302303584,1.6220214829445598,0.03132536334625417,-1.0735350559137327,-0.16011742851826305,0
0.11280622954875043,-1.1137398971869104,-0.3073607038134323,7.559380801591865,3.405466379620696,1.066983389260032,0.027184407088143733,-1.068047497093838,-0.1568951405629706,0
0.10430604291016102,-1.113357151032252,-0.304838184485754,7.187429436576481,3.3619290938086923,0.6623301821904152,0.021887493124172635,-1.063839387427072,-0.15055619814946586,0
0.09245254367834002,-1.1108358058307544,-0.3010046501682096,6.7647708608027015,3.04030754241537,0.44109364078900587,0.014196927047344576,-1.0608908673853858,-0.1430825266373991,0
0.08095016602957457,-1.1050458725758272,-0.29481258552018386,6.369646625761874,2.4318397281289994,0.3910536826361811,0.004455318199574569,-1.0579212987903355,-0.13675048295873576,0
0.07314916830876078,-1.098735367650836,-0.28650068238763243,6.05507784585479,1.5894476982656809,0.47875624552176044,-0.005251375787080809,-1.0540718883350957,-0.13168379378455852,0
0.07006435906470196,-1.0948345996978455,-0.27832990019727094,5.798341804025747,0.5619224680813855,0.6797872170114868,-0.012243364378784547,-1.0496470656364625,-0.12655752394805236,0
0.07066345214224508,-1.0930429896881486,-0.27317070273026184,5.523193137471626,-0.6319001403151088,0.9871801067100572,-0.014844201790511154,-1.0454075587747789,-0.12119312758175466,0
0.0731082311046503,-1.0901289603830033,-0.2716325007439822,5.172152280090855,-1.9445671552404085,1.3899816181450189,-0.013147678049986103,-1.0416884416247825,-0.11720967063397894,0
0.07603208906231744,-1.0835875958117447,-0.2717007205970387,4.747495010905612,-3.2451294625656866,1.8447684734416303,-0.008520609999145173,-1.038139205933858,-0.11568638799712196,0
0.0793572641468682,-1.0749158925232358,-0.27155439565652817,4.283149302458158,-4.357869136009867,2.275089723678782,-0.002553091694218094,-1.0339255088457482,-0.11532151949869798,0
0.08396829295924556,-1.0680903844172884,-0.2713511930296412,3.7998039283017193,-5.156753154565226,2.6032211498758677,0.00354248701475888,-1.0284500224407123,-0.11400108183199012,0
0.09023148158552269,-1.0645533279815695,-0.27159195440067035,3.3034791627927746,-5.61384810338321,2.7809319683547518,0.00883250139136507,-1.022308551079735,-0.1116578893054306,0
0.09673978340291918,-1.0619183800870602,-0.2713801718346227,2.8106718513990976,-5.773133687250675,2.7963330748776087,0.012426367179298264,-1.0171468834440236,-0.11043956743761923,0
0.10088350836829209,-1.0583628169594304,-0.2699298551073872,2.34785574494419,-5.702227448503262,2.6693989191917495,0.013705494491754053,-1.014077485929182,-0.11197081381562835,0
0.1011252915426373,-1.0553624790634706,-0.26867185045101494,1.92655100888094,-5.462474428851891,2.448832035467921,0.012963194767337783,-1.0124933748223683,-0.11517436505011441,0
0.09891625844498161,-1.0545915179051386,-0.2697439770911301,1.5398671804362527,-5.093547867341693,2.197580367940964,0.011682525683492588,-1.0106956119691721,-0.11719542360296058,0
0.09794904123608635,-1.0547396355527858,-0.2726528959938609,1.1925041814637514,-4.614329412003497,1.959223210602956,0.011720266402667373,-1.0074210105703953,-0.11623924400009572,0
0.10060446885653088,-1.0532147171985078,-0.27410048674946236,0.9210287628891859,-4.055638751676713,1.7328961409823276,0.013724596030719025,-1.0026465167310366,-0.1130582505287188,0
0.10501648501039515,-1.0492544828225325,-0.2712719863341867,0.7681385240488772,-3.5002255107866684,1.4922575823437714,0.016220307644268836,-0.9971695864830675,-0.10962857226547439,0
0.10667152621778922,-1.0437854244540132,-0.2645022590004871,0.7377066037839153,-3.074781481578945,1.235430731205592,0.01656715435971241,-0.9916949997696443,-0.10686550122188297,0
0.1031666131579105,-1.037440732859338,-0.2568850844789596,0.7898290970247016,-2.892947205711419,1.0041161645900751,0.013176121337043127,-0.9865273378357061,-0.10394872188326786,0
0.09618917066886556,-1.0304450368287128,-0.25174068572251906,0.882866008682538,-3.0116231171166143,0.8423273710801789,0.006770224206591142,-0.9818818973012253,-0.09961604586572972,0
0.08839260649903541,-1.0239936271020835,-0.2500333577082596,1.0039559131970441,-3.4316735241849123,0.7496438542375199,-0.0005688140345630149,-0.9777412049525659,-0.09375424602378118,0
0.08007979421753292,-1.0198785332267981,-0.2497628312345034,1.152914267320606,-4.109318556349657,0.6927633763305172,-0.007161702637360818,-0.9733711975303726,-0.08766581641610215,0
0.07074601540511873,-1.0180053337955435,-0.2480972921987469,1.317266113096637,-4.957720270675212,0.6530568559418014,-0.012193728566342172,-0.9679014007969865,-0.08296518559503008,0
0.06284723087382148,-1.0154009104774873,-0.2442854782333397,1.4793029493812926,-5.862553527283403,0.6414591290541396,-0.015013997857984985,-0.9616318180582888,-0.0804218660585632,0
0.06112589203073883,-1.0091008933149874,-0.24023044111847575,1.6351548482140035,-6.714008712902912,0.669550017645689,-0.014994371693678423,-0.9559440039376192,-0.07975152026346967,0
0.06736568405226906,-1.0000065319633944,-0.2382566361540944,1.787593451403808,-7.422447783626805,0.7285250575912288,-0.01215794637457744,-0.9515716843547984,-0.08013570621798538,0
0.07778513186202143,-0.9924755773789131,-0.23887163913526083,1.9218410689618604,-7.917061817587816,0.8053351257634206,-0.007199704134946444,-0.9476367223753683,-0.08085052837008752,0
0.08670711514817098,-0.9892952886165537,-0.2407925489949902,2.0057786880758,-8.16329329353373,0.9009729897569803,-0.0008989944198760985,-0.9429856360669086,-0.08156888557083129,0
0.09152278013929983,-0.988344892250839,-0.24219682752958,2.021587012652721,-8.193999483164696,1.0127170668832204,0.0056948294243856865,-0.9381202175816713,-0.0821283909240977,0
0.0932619783327694,-0.9857882501276375,-0.24129626774855048,1.9902261661464886,-8.097550201423392,1.107669534308647,0.010672250517504055,-0.9349516682607817,-0.08218879047493834,0
0.09355570144708185,-0.981594328473831,-0.23679783165732496,1.966058596536305,-7.947753584735043,1.1383836184304723,0.012157951005210882,-0.9344491629088618,-0.08135825411804204,0
0.09272384574789388,-0.9795322796429007,-0.2293490093362557,2.017359135114486,-7.74660704114586,1.0850655239911016,0.010402070709155808,-0.9352866450426759,-0.0794990705023283,0
0.09124487345472149,-0.9817282331729369,-0.22231764624766517,2.1990177616295767,-7.4453535221147815,0.9635566340535728,0.008240318769525402,-0.9353842788333154,-0.07667726814630964,0
0.09154004238619301,-0.9856282612532397,-0.21975912469338685,2.5166168150320485,-7.015170767616259,0.7911083656669206,0.008604140155949024,-0.9341846109340093,-0.07300223995771932,0
0.09596754096375855,-0.9870025705018296,-0.22286822809549744,2.918574367003147,-6.490016464654758,0.5624025882483661,0.011616861162053642,-0.932486890141436,-0.06880291841521453,0
0.10295509500397913,-0.9840682542644321,-0.22855863103974025,3.3399320226852955,-5.948999593683507,0.2663480277478053,0.014791721434530744,-0.930498594623949,-0.0649793969392873,0
0.10744380457592939,-0.9781976476981314,-0.2320247113296969,3.7415479141647854,-5.466336006574021,-0.08291501400716145,0.016119700719114796,-0.927545423407953,-0.06292747457259407,0
0.10617371688427991,-0.9723762174828359,-0.23101274146823117,4.092689023857401,-5.074806212384642,-0.4398233157900376,0.01598777308418048,-0.9239028936337734,-0.06358775474328826,0
0.10095431711103736,-0.9693743976469501,-0.2273309717398132,4.3482392789733915,-4.7692282052338415,-0.7524380311132515,0.015655615886384398,-0.9214310128234775,-0.06621416326541252,0
0.09574855388237839,-0.969926908420315,-0.2243783548438941,4.486243240260751,-4.536961966108506,-0.9952844887616237,0.0150450607716478,-0.9216320234487118,-0.06858047442437276,0
0.09204592542027122,-0.9723022762113558,-0.2242510892797959,4.558594313589585,-4.375664044249852,-1.1827914140661884,0.01305339719004778,-0.9239517663894884,-0.06916136876469761,0
0.08860597797162001,-0.9743361651354243,-0.227128670332633,4.6640582053990505,-4.281750079592633,-1.3514801530039036,0.009348838344622934,-0.9265612042939421,-0.06884114628031252,0
0.08457567742143624,-0.9755293284349538,-0.23185060582432937,4.8600862119404376,-4.23435351511496,-1.5258997330792712,0.004804405482642091,-0.928141401454142,-0.06965919934445063,0
0.08070218723097686,-0.9767492735840461,-0.23665288596497475,5.117918809158763,-4.195488014715744,-1.7013212340654555,0.0003719639123368002,-0.9285737746913386,-0.07209423973584071,0
0.07779322466767423,-0.9788659542973779,-0.24039322533101165,5.366634491162657,-4.118277935978012,-1.8558886336517675,-0.003531076756593085,-0.9286493047001212,-0.07452642900951362,0
0.07601127133511444,-0.9821526823985915,-0.24314581079587372,5.566041771249135,-3.9583862150903664,-1.9687455248017403,-0.006296922237624802,-0.9295030130973224,-0.0753541607061007,0
0.07579273725332196,-0.985964531195641,-0.24489888478050884,5.734450472770369,-3.697821855960347,-2.0254166043253066,-0.00671476130914618,-0.9316556303064705,-0.07466645740372865,0
0.0775503543934544,-0.9886336070915311,-0.24451819432168304,5.921673549087473,-3.3702508889131084,-2.024170299757906,-0.004231358546956572,-0.9341857577055868,-0.0735091833280211,0
0.07988806924087763,-0.9886572531558591,-0.24151820355830836,6.165369782025353,-3.053406084508583,-1.9904559946662592,-0.00038394196916960785,-0.9353586940304852,-0.07231314555321681,0
0.07992453022911615,-0.9863055061003215,-0.23805694638651018,6.465157740944766,-2.8203635054877916,-1.9712523202704455,0.001985561250654318,-0.9344734747824218,-0.07077623685644097,0
0.07683172192288623,-0.9833509598998778,-0.23696233835758038,6.784818176257651,-2.693030485924145,-1.9953418950015753,0.0013004290403524194,-0.9327967658491607,-0.06898497619029711,0
0.0740599287468682,-0.9812707025749152,-0.2378458117918906,7.076650279697738,-2.6451432471118466,-2.0438577891842877,-0.0013161614216123788,-0.9323618956301243,-0.06779568774284414,0
0.07633611865567584,-0.9806237718525126,-0.23742974578706477,7.312635182745341,-2.6453348108151884,-2.0775913579865586,-0.0033031743163949804,-0.9339030638281556,-0.06789052352709454,0
0.08439270735105264,-0.9818970559393437,-0.2344142258908587,7.498644670235824,-2.6843203579840753,-2.090377274418465,-0.0030142243883007325,-0.9360864120870028,-0.06904465265749837,0
0.09365920498381591,-0.9853999347240282,-0.23195021784456132,7.65504826766518,-2.754792767867891,-2.1166983031495663,-0.0007142471153811508,-0.9369223461523083,-0.07063865799363014,0
0.09851181150871867,-0.9900895830648545,-0.23385484315651028,7.782781428979249,-2.816262197404108,-2.1852782986700388,0.0022336866247821834,-0.9361663414659571,-0.07247314043541232,0
0.0974762803953585,-0.9939499392503863,-0.2398255379187565,7.861225078448193,-2.7981108290459686,-2.2809484717204964,0.004652359383250653,-0.9361672424339782,-0.07466512600517311,0
0.0939149509388003,-0.9960549186226595,-0.24575826664213127,7.888226742965426,-2.6468749699298644,-2.357024534634618,0.006122310453928403,-0.9397948705685034,-0.07679909996746456,0
0.0917204872248282,-0.9973713342231778,-0.24766135092177644,7.908867199612524,-2.3671115816005015,-2.3765511837611317,0.006698262081448123,-0.9473616503071115,-0.07753035337173321,0
0.09128107410802569,-0.99938680763378,-0.24436720030699263,7.989641118381549,-2.0113394812653316,-2.3372718272388453,0.0063809630265115385,-0.9558925024510858,-0.07547415171944373,0
0.09046962955985864,-1.0027229262259707,-0.23746500245286237,8.171293807407423,-1.6368148001823999,-2.262253159037954,0.005061356894995014,-0.9615346687948175,-0.07069936814188268,0
0.08841840436939095,-1.0069047260064068,-0.22942472729241975,8.455428286081446,-1.2800652754164923,-2.1756259487099405,0.0029501814519975007,-0.9625584288057384,-0.06504219336641015,0
0.08629243311641498,-1.0104892773461278,-0.22187611393856058,8.81947220235705,-0.9619014804540136,-2.090571305941426,0.000809001890188128,-0.9602378403132728,-0.06058366319839597,0
0.08477120715627584,-1.0116326258833657,-0.2158169696014507,9.219552242245623,-0.6920819148767052,-2.0137679613350987,-0.0003612163836269785,-0.9574193230897373,-0.05802083823959038,0
0.08322706764721378,-1.0097712497048492,-0.21238029268213168,9.582442588046181,-0.4602155988582293,-1.9530120938565447,0.0001462866900399579,-0.9564674394681497,-0.056842399889859015,0
0.08201263927747202,-1.0068212526079878,-0.21178809618501704,9.825424324678968,-0.23980095032771473,-1.9171980550442256,0.0022803648194431882,-0.9580956084133998,-0.05660551641198124,0
0.08349924553191508,-1.005755019511568,-0.21251521465485945,9.908403190895635,-0.01898079718557158,-1.9072803221664552,0.0050718249151102505,-0.9614504177682649,-0.05728484528910922,0
0.08918568663940718,-1.0078948346333307,-0.21349728097728693,9.864829686610914,0.17964978273548404,-1.9099145177619004,0.007250974196706758,-0.9649540052038948,-0.058687076502828055,0
0.09653102143958166,-1.012027938412038,-0.2161659785394945,9.765748628163953,0.325558720715908,-1.9083160092320024,0.008396582556533602,-0.9672724706981084,-0.06044080010529117,0
0.10050975795911715,-1.0158021149303227,-0.22201836408223777,9.64666735972772,0.42315778485142136,-1.8987023254176338,0.009154263679222915,-0.9680954476471927,-0.06246096197260068,0
0.09883445716204438,-1.0175215345446023,-0.228981873388288,9.477766020372782,0.5141562361168213,-1.8856782369359633,0.010033537899633307,-0.9684578268833147,-0.06461565827035552,0
0.09456966670572996,-1.0171199428711415,-0.23266034716016984,9.215119401980497,0.6365245517169483,-1.8653677716855792,0.0106532883016482,-0.9701695538160786,-0.06603359176742342,0
0.09289243696653773,-1.0163541502785103,-0.2310700441993399,8.877738303899783,0.7892906286999021,-1.8296378690061235,0.010715094409108708,-0.9744631420832113,-0.06550751322175506,0
0.09578504623818189,-1.0180351661079154,-0.22635128810398256,8.561476909435296,0.9356114978709624,-1.786850825014594,0.010932737848090563,-0.9809504561540291,-0.0626685508229653,0
0.1004275834547717,-1.0237905267530112,-0.22195997143904217,8.371759141011031,1.0286997222287753,-1.7629936504535146,0.012103223537697124,-0.9878089803583544,-0.058405037065033354,0
0.10257313925118337,-1.0318225016035825,-0.21970468734640988,8.348823480707017,1.0326680380547362,-1.7776093425500623,0.013777161078860381,-0.9928672048893192,-0.054143713157720375,0
0.10093179219078999,-1.0378048427198845,-0.21956579890772152,8.456519190234998,0.9344612380076204,-1.8260101262579953,0.014734495321737207,-0.9947336199213112,-0.05080430174850536,0
0.09799457693684949,-1.038783455135917,-0.22086270606043562,8.620680710538734,0.7528363174709688,-1.8882398499441109,0.014390823162174477,-0.9934660329703033,-0.04835641583300795,0
0.09693068158404762,-1.0355843370477704,-0.22250608823847842,8.758761667815453,0.5370660408568766,-1.9509591008270104,0.012975383922982614,-0.9904604784595835,-0.0464060606534327,0
0.09816171028119802,-1.0312577568266863,-0.22280891043048523,8.789338748866317,0.3519437192361957,-2.0156238200333805,0.01084702848012095,-0.987579920179026,-0.04507155749243395,0
0.0991933551804194,-1.0283454134340084,-0.2205377549824852,8.655880546418732,0.25912452203516484,-2.0854194068982888,0.008554924048047037,-0.9862473683202783,-0.04479317385525844,0
0.09797511410454725,-1.0281053539235414,-0.21619671746614177,8.364561690262114,0.2966607073576802,-2.1515241683853583,0.007178441977043157,-0.9871661195706927,-0.04515172176797426,0
0.09593887880466866,-1.031259131964375,-0.2112964667508231,7.988240950202329,0.45966217174734286,-2.2009476775517984,0.007649371081023412,-0.9904106512798273,-0.04446534227195647,0
0.09640267175921445,-1.0381709107356534,-0.20652298955497012,7.61993031442791,0.7049024784483008,-2.2355184456886947,0.009799617798289749,-0.9953310412446003,-0.04120508938128449,0
0.09996793322819239,-1.0477010238904014,-0.20148197812006863,7.3209828313920955,0.9831419728258594,-2.270626863986321,0.012676728854237613,-1.0005492828135445,-0.03588456333918083,0
0.10351219864060385,-1.0564760904815083,-0.1961039718324576,7.107887378383479,1.2611963491473983,-2.3123137220242995,0.015719073990425946,-1.0047720144948284,-0.03101430429405874,0
0.1045225465384094,-1.0609845221107645,-0.19151952894336902,6.9730415107148636,1.5144615489669562,-2.3473480999952545,0.019155568522940286,-1.0079249835013084,-0.028633791988073854,0
0.10450549843982185,-1.06101095016231,-0.189347819993769,6.905955213231015,1.721210560342775,-2.3615967027133653,0.023249409834958993,-1.0109372783466437,-0.028156484830947334,0
0.10680765883607761,-1.0596193068817832,-0.19052857971430556,6.891286702839764,1.8777532955466245,-2.3606690153924426,0.02746750992819532,-1.0139988051797895,-0.02741956351761134,0
0.11217382998747426,-1.0592649258543665,-0.19482324501666687,6.894288271077673,2.00578684201971,-2.3676078183821616,0.030577273749139183,-1.0157078005593687,-0.025661785552353822,0
0.1174483460771054,-1.0593331580301188,-0.200538474629003,6.86478217331257,2.1306005086581736,-2.401659405483528,0.03163441679983497,-1.0147141012971128,-0.024357784768638625,0
0.1183796563603078,-1.057766384509647,-0.20437446276788115,6.764989893556955,2.2528166527268385,-2.4594796654400852,0.030833364769006492,-1.0116314295254596,-0.02502733887028491,0
0.11368920021872052,-1.0536755702733474,-0.20318255571106222,6.5902652500615515,2.3440548054992907,-2.5200216552496446,0.02919249251003571,-1.0082444072206542,-0.02739507274295203,0
0.10653459206607957,-1.0480427860232915,-0.19762273822086387,6.360418605951948,2.371189789735715,-2.572967886466334,0.02735396724690207,-1.0051910073297448,-0.030064677911621783,0
0.10150944175694154,-1.0429403884621231,-0.19297558474851711,6.096323422121924,2.330261976459096,-2.638422807297249,0.02496356337039554,-1.001712501980319,-0.03197882341804053,0
0.1002633695214983,-1.040179211074304,-0.19396112114244612,5.810815458328679,2.257315306436426,-2.75083123569089,0.021522588579419195,-0.997581683056323,-0.03261123795953226,0
0.10082842091069599,-1.0397116899968921,-0.1989938398575844,5.521803698838425,2.1982338634662133,-2.9269223860780014,0.017704891888579655,-0.9939382573507715,-0.03143095475989748,0
0.10088700469237484,-1.0392808494169599,-0.20151782793549217,5.264462702452941,2.1671982615280747,-3.15664029084075,0.015257725988680335,-0.992033010397335,-0.02812741221836608,0
0.10031183802751706,-1.0368042216542128,-0.19705245696407547,5.076030989760515,2.140865926469883,-3.4188805357654943,0.015314175216300926,-0.9921868799849698,-0.023532799685001226,0
0.1002841948356325,-1.0334904304041845,-0.18756861019398255,4.963652725501746,2.0891137865014233,-3.6917499945997796,0.017213415625261144,-0.994127021822822,-0.019718605356916157,0
0.10121808675762538,-1.0333674677859017,-0.17906049806779503,4.897530941847588,2.0024637988568434,-3.9467853742573284,0.01933035596829685,-0.9974165427959109,-0.01840162062796775,0
0.10243130809111733,-1.038723213837557,-0.17597401755053163,4.844905123204547,1.8935455620681572,-4.147911198854443,0.020700218659597293,-1.00122577991533,-0.019108294262527168,0
0.10334715567469134,-1.0466767638012402,-0.17808304654473733,4.803169841361917,1.782974931131086,-4.265738364697801,0.021461727949401842,-1.0042279895205453,-0.019620214808494893,0
0.10416185725039043,-1.051308362954509,-0.1819103542889659,4.7851927513532075,1.685774095619198,-4.288919163870857,0.022040983978967196,-1.0050791463745978,-0.018775235631448388,0
0.10528077505163035,-1.0491443455186742,-0.1845638001404807,4.770402671580354,1.604584906039726,-4.220212265138621,0.022381275731338,-1.0029771036019133,-0.018220781085416866,0
0.10668335114662221,-1.0421141535980891,-0.1861361535007914,4.683382815303845,1.530835870790316,-4.0731023165644205,0.022034056187422782,-0.9979800665878261,-0.02043782233387468,0
0.1080451475832817,-1.0351748937807852,-0.18851800929854018,4.434356352407091,1.454898846806855,-3.879714989643989,0.020945958702551313,-0.9912018264160708,-0.025299543444042165,0
0.10906005607551504,-1.0313902914582593,-0.19229739292873935,3.9861191932387707,1.3795598280263932,-3.6879752056689776,0.020062348840538115,-0.9846591816990025,-0.029757009909374774,0
0.10951200889211243,-1.029841402430883,-0.1956516432986533,3.3859777585867774,1.3200030251331643,-3.53252193953421,0.020675679496143386,-0.9804348107565597,-0.03110172121050851,0
0.10939075851709994,-1.0283637229597082,-0.1963737953436343,2.7428384028885864,1.2840426157319347,-3.41359021263038,0.022819383438697542,-0.9795148076494333,-0.02952072699259759,0
0.10892231931125386,-1.026954259810514,-0.19398275361433714,2.17342063649821,1.2565948508106732,-3.318924155418257,0.024911594301205847,-0.9811161958348444,-0.027135680427550598,0
0.1083355079810855,-1.0271722784965065,-0.18958730779995256,1.7474707775498663,1.212346967123242,-3.2540713391178673,0.02570271386439615,-0.983147548363731,-0.02552488040717073,0
0.1079911975871709,-1.0290308620878392,-0.18456710331324558,1.4596508722300532,1.1417033285078042,-3.227922119755825,0.025982772838695337,-0.98381393343377,-0.02474768741731666,0
0.10870333998357126,-1.0304134572251455,-0.1797657638151272,1.2486576522443276,1.0585489140982416,-3.2209054365494647,0.027350195053490192,-0.9831095463436267,-0.02399862939053426,0
0.11106585763018957,-1.0299754558663263,-0.1756959945105251,1.048865383847483,0.9846207519108509,-3.2013607023149113,0.029726225840764935,-0.9824669549173767,-0.022343777478962,0
0.11433557983252085,-1.0290830581867358,-0.17318102210520453,0.8321585561174154,0.9270905047751183,-3.1731007162220872,0.03135669898250766,-0.9828659965140966,-0.019043773959000355,0
0.11673824125497045,-1.0296361873874798,-0.17307214896056405,0.6148420962157368,0.8670722391957291,-3.1743168776990807,0.031232714584670158,-0.9839047063710582,-0.013992796478494758,0
0.11706370306399394,-1.0312011033354942,-0.17483032543624244,0.4349742136944112,0.7744463405085812,-3.218557810329019,0.03027198646399055,-0.9849468434105266,-0.008262751613648412,0
0.11566968291259394,-1.0322907423632401,-0.1759140473479795,0.3211689439660428,0.6446455601185405,-3.261678411693659,0.029849452419770488,-0.9862197721083291,-0.003896024019089497,0
0.11393804235121449,-1.0334941497349608,-0.17351878325840875,0.27942201826602553,0.517201279838887,-3.245107787764049,0.030275161064229526,-0.9879288659692909,-0.002535646116570422,0
0.11302340584858998,-1.036432162749663,-0.16761414491515567,0.30791053922776473,0.44285231117523993,-3.156856468438816,0.031240194591066812,-0.9889716383807816,-0.004067036926365127,0
0.11344601572401115,-1.0396720578516347,-0.16216195769164066,0.413401514348525,0.43102177226612487,-3.030262205363902,0.03285552207387088,-0.9877715480712803,-0.00691349318626809,0
0.11559604070437554,-1.0387668757636306,-0.16212153192647255,0.5965769027903425,0.44374651417049604,-2.8925880866039932,0.03541024060352731,-0.9842972004998347,-0.0096061905630436,0
0.1196040988374521,-1.0315056078011293,-0.16846571962485277,0.817855234449399,0.44413957634833723,-2.7438974903588855,0.03849957658154738,-0.9801675680747954,-0.011566954377632192,0
0.12445482622823939,-1.0211108288955215,-0.1768707840604159,0.9915311375280333,0.4351649070644913,-2.5922082645133773,0.0412224060254326,-0.9766592406704032,-0.01254823104679619,0
0.12804210376593456,-1.0129798118155715,-0.18175014477112073,1.030293604897818,0.4421732778077652,-2.477086465198505,0.04321697174032049,-0.9737338838768181,-0.012174425849409296,0
0.1286927914499345,-1.0095250219986336,-0.18084647615869667,0.9063367051842841,0.4699439694931773,-2.432888908506985,0.044849266462710514,-0.9713125845179371,-0.01029033636157456,0
0.12676982631787292,-1.0093432411115761,-0.17591117041985374,0.6754944193836258,0.4909497095095296,-2.4485619945892925,0.046381623932012894,-0.9701914221199034,-0.007339436147454246,0
0.12456139988837368,-1.0103985225467718,-0.1703088965275103,0.44242455493591476,0.47283724713927877,-2.490630322815663,0.04755822874014021,-0.9708850964923068,-0.00417970606692222,0
0.12408884585069,-1.0121838283483644,-0.16660708901457544,0.2933668876683886,0.40844308483850544,-2.549275642058319,0.04793658086185352,-0.9724355707548633,-0.0015765023487713924,0
0.12524249413174326,-1.0146409444292162,-0.16543057418215137,0.24747264422469467,0.32139276345136275,-2.63144527743161,0.047094080743403904,-0.9731976894296075,0.00013111547752675727,0
0.12663662370294315,-1.0167721094081907,-0.16562514896735858,0.2610578530011528,0.24962691152296743,-2.717069288162088,0.04468262678457661,-0.9725022413935747,0.0009743573012298925,0
0.1274139700309356,-1.0175705923159215,-0.16562399794397273,0.27784918484277404,0.21911670680470471,-2.7530000295331885,0.04077458139592686,-0.9711726258066423,0.0011186196862257424,0
0.12699460060924456,-1.0174183883686019,-0.16493562310267784,0.281378791508178,0.22420211886284958,-2.699925853498147,0.03614523489983225,-0.9705145475504497,0.0006987958002650361,0
0.1242050477174956,-1.0172998540470912,-0.1641453460897467,0.30035323616605597,0.2352233193454666,-2.5752604341320526,0.03203616183768622,-0.9709070411630619,-0.00024356441284178367,0
0.11888023797876496,-1.0171140434776873,-0.16353319564606592,0.3631828333883357,0.23013656964471893,-2.441635709458141,0.029608353524791905,-0.9714562612985786,-0.001680849067568581,0
0.11387608576582166,-1.0159687241461346,-0.1626362631627318,0.4572833062658285,0.21215500245011376,-2.349697002892372,0.029471172125907507,-0.9710876215106192,-0.003374076045909449,0
0.11293988799725242,-1.0139104573410382,-0.16198365855360153,0.5410503610838824,0.19047649604304578,-2.2914911738580614,0.03146465646845855,-0.9697348862896095,-0.0047953340376263535,0
0.11635051334249785,-1.0120714261243458,-0.16408285529892822,0.5858579225343201,0.15355306141926342,-2.2129523107979066,0.03482031844769612,-0.9681890479826716,-0.005475259499228648,0
0.12110308922678358,-1.0109462971403538,-0.17046559595070546,0.5960353430778415,0.0747518298302928,-2.0718504430677664,0.03863560489978758,-0.967000150000922,-0.005540689540911007,0
0.12567123050447274,-1.009688021065327,-0.17778667659004269,0.5975039066986353,-0.05458383193559476,-1.8782379107806244,0.04220666634966794,-0.9659811221060751,-0.005780551450531537,0
0.13162630432740602,-1.0074794837280923,-0.1795588469815258,0.618555843166976,-0.20234055390307337,-1.6810064331304406,0.04505557014781232,-0.9648257312576427,-0.006816443457443382,0
0.13958423934155778,-1.0048217213195763,-0.17355248818647667,0.6734263236883076,-0.30750760652864606,-1.5279622050067627,0.04712466086109641,-0.9637829196971739,-0.008035237641245812,0
0.14640063312171367,-1.003411177563926,-0.1655698352478993,0.7510103013425325,-0.3186324815311173,-1.4405818927302476,0.04904671223342312,-0.9633982312857645,-0.007796827384966191,0
0.1481382465018612,-1.0051771925481825,-0.16296025397194988,0.8221113244946937,-0.2256156295363827,-1.4100359704444139,0.05159238392033895,-0.9637613210782249,-0.005267484314830987,0
0.14439526450352044,-1.0105798859346342,-0.16554967837615742,0.8686809016158751,-0.05454041868773013,-1.4072180247899637,0.05452103270770991,-0.9644124481422468,-0.0018009246855582497,0
0.13871881586232868,-1.0169923614012735,-0.16676584099999334,0.9071474546493106,0.1638320701420006,-1.407625344063734,0.05649054151783653,-0.9650467215060952,0.00029889014794497046,0
0.13531034147313484,-1.0199691507307653,-0.16344965100282244,0.9745968317663639,0.4089382108747743,-1.4160198041024152,0.05643540056271143,-0.9658775817761095,0.0004553607444858953,0
0.1353047633995988,-1.0175063031330072,-0.1602288414984347,1.0871026327119693,0.6547889107856296,-1.459956585220952,0.05465485000244983,-0.9670561252086963,0.000435262390878366,0
0.13598672680425142,-1.0123043023021179,-0.1627519012635289,1.215933431176968,0.8598276130572957,-1.5533865922580135,0.05238972209048505,-0.9681608543669576,0.0020294700067835045,0
0.13394941185994175,-1.0086568752543739,-0.16959439115964706,1.309546281587031,0.9886010756102735,-1.6732481889289925,0.050755838839208,-0.9686481158794429,0.004992276880169728,0
0.12891375465185395,-1.0076780306235242,-0.1730056557149285,1.3353370652186203,1.0379789862322053,-1.777451504379819,0.050189167873069165,-0.9684221474932534,0.007821812615989123,0
0.12405255065802964,-1.0067948564939724,-0.16696378521564298,1.2957229371712087,1.0318726885464982,-1.8410926285630125,0.050466853438007164,-0.9675737445571416,0.009768855149092348,0
0.12278205331424827,-1.0039222857807255,-0.15378842185324798,1.211217064433627,0.9964200962795162,-1.8697596010571254,0.051035372215494895,-0.9660883533492898,0.011165083715910884,0
0.12553731502269488,-1.0008842721224886,-0.14274271988041892,1.1000948940569204,0.9500457502989702,-1.8819399792943106,0.05149182665772481,-0.9643834151976831,0.012242573828512304,0
0.1295292815699455,-1.001388843922815,-0.1414384376701559,0.9752340579261571,0.9107775063782847,-1.8881513437559507,0.05177343771360995,-0.9634860852401941,0.012682164894033841,0
0.13133642275654783,-1.0057057378180183,-0.1485121446327719,0.8507927361516686,0.8999299408371695,-1.8907219563731383,0.05176162064620125,-0.9637860141362203,0.012256480970043445,0
0.1296926071443456,-1.0092596258845028,-0.1557958808570472,0.7440705421276023,0.9348820951807927,-1.8970680302920317,0.050915832786761865,-0.9641612101415343,0.011100525904179592,0
0.126248815419519,-1.007945461105636,-0.15736605775150958,0.6699468982988892,1.0173242284118333,-1.9215051179841658,0.04873241987679966,-0.9633820176262632,0.009337677766375025,0
0.12396676201957811,-1.0035936932835092,-0.15460432760056417,0.633282087668313,1.1237665705013056,-1.9673092758763642,0.045612664845634275,-0.9619921518824336,0.007140555812122386,0
0.12418344497560424,-1.002141123303591,-0.15246083842881167,0.6226342168988052,1.206886879742774,-2.012526128920605,0.042830096610639246,-0.9618325901321565,0.005355776088526095,0
0.12497850142680586,-1.0066883862413116,-0.15328496911048053,0.6122841840009778,1.21363896711959,-2.0257606801750163,0.0412840275442983,-0.9640207638440722,0.005490277678443989,0
0.12336780694325067,-1.014206439831879,-0.15543804526425367,0.5856666158418671,1.1104784756506008,-1.9978486637094965,0.04046316050060897,-0.9682414723849647,0.008435915522000906,0
0.11915744324943388,-1.0196553953983716,-0.15620908429322528,0.5737104886841742,0.8952372434327495,-1.9474120554100565,0.03903376939841,-0.9736483293518616,0.01312516669058865,0
0.1151827786418014,-1.0219231630927637,-0.15467809375091698,0.666095415433779,0.5887537808384502,-1.8929408697897132,0.036444713386006286,-0.979378008185639,0.01683716193283666,0
0.11380950698743195,-1.0240046898503907,-0.15236390936817423,0.9601260495153119,0.22395897709307308,-1.8323972066696825,0.03365545214537843,-0.9841912447969323,0.017213498242204896,0
0.1149777284741707,-1.0276180217809134,-0.15170128613192838,1.4778346423223563,-0.1503362661086791,-1.7586993774998843,0.032344456550881154,-0.9867483833118418,0.014215038101117357,0
0.11760106006133286,-1.0301079869821417,-0.15365896551308292,2.131969967382204,-0.4648083089795978,-1.6856460727398697,0.03363907123648313,-0.9867514003601934,0.010098440075607982,0
0.12100104183468238,-1.0282405877830734,-0.1570354533329301,2.7775918089724336,-0.6513479750159845,-1.6416764556749488,0.03739933775393887,-0.9851329655002128,0.0071173988984867525,0
0.12471844040766157,-1.0232729697331886,-0.1601677839520652,3.294582547071748,-0.6825489830278918,-1.6334131187634067,0.042385303947216346,-0.9827261475549804,0.0051766011971892106,0
0.1281614935521124,-1.0196143890912674,-0.16236420900084533,3.6284867715854836,-0.5886735588554335,-1.6278575893004508,0.04708542795954713,-0.9794720663204487,0.0023553679206742566,0
0.13078523787586244,-1.0190422743777736,-0.16329905082299914,3.7806736947094564,-0.43786143251078036,-1.5815588798125388,0.05046767032040529,-0.9755242906668866,-0.002020275767033494,0
0.1324702978367838,-1.0189500661180526,-0.162267697941944,3.780418657961674,-0.3028007120388083,-1.4815409600144656,0.05217119784183227,-0.9723427338290159,-0.00572218961480567,0
0.13390028757810507,-1.016675376623739,-0.15924360162351425,3.659956907772862,-0.23164142991347977,-1.3494479086073268,0.05235364080518491,-0.9714215622528966,-0.005908297725517919,0
0.13590647396062058,-1.0132643071949738,-0.15655804422916764,3.4426982628875136,-0.2297975166581573,-1.2125580039369668,0.051406979943015595,-0.9720575388822567,-0.0026497343706753007,0
0.13755664975315818,-1.011794000494772,-0.15824338811470093,3.150339142226381,-0.2687398727391561,-1.0805338039671846,0.04964632315570047,-0.971792407632385,0.0009028232166236631,0
0.13604606393628377,-1.0133313813872367,-0.16600689439337232,2.812119175606835,-0.32065524786324734,-0.9453784401227703,0.04727165914406184,-0.9695635439808121,0.0020009481348342404,0
0.13029636456001842,-1.0159710903297883,-0.1757611229679992,2.4513628642422742,-0.3796011354607881,-0.7945779336119426,0.04461275949979091,-0.9672083013100614,0.00098659625869915,0
0.1238071327723993,-1.0174174296193585,-0.18038815623157273,2.061214498797093,-0.44519268474288437,-0.6277352275528872,0.04224738869762206,-0.9670040301310393,8.185381357110334e-05,0
0.12170358095415616,-1.0172093218018938,-0.17706941297202466,1.6123040788173364,-0.5012883606706675,-0.4680361778687493,0.04084964719275946,-0.9687024242667804,0.0004397212425815948,0
0.1251319504337201,-1.016130351031773,-0.1698816466268746,1.0987614268819463,-0.527224090636262,-0.3542257271227371,0.04101728441318169,-0.9701427048398141,0.001297154883813867,0
0.13045324096949468,-1.0145588838869932,-0.1642878569564575,0.5668927952488221,-0.5273191340084491,-0.3146069430769056,0.04311295031429685,-0.9702463143822125,0.0015739623677605197,0
0.13390029596651853,-1.0125573274457969,-0.16156531476746364,0.08265707681219146,-0.5374589135910173,-0.3481685787070132,0.046853190618925934,-0.9702342977295197,0.0013651244644029557,0
0.1349667438815458,-1.0111443092990433,-0.1596167382953046,-0.3242588809435622,-0.5968376569230903,-0.42914413751630465,0.050899615329327574,-0.9719246191674027,0.0018079952690856435,0
0.1347912769288513,-1.0119638661754717,-0.15673142790508138,-0.668771574975156,-0.7148483444604901,-0.525150720550252,0.05338371736381657,-0.9756318534468752,0.003935438037607113,0
0.13362692400298545,-1.0154141343150345,-0.15314949608558115,-0.9658104627718556,-0.8683859691528493,-0.6141251247699896,0.053416702182682116,-0.9799732974596198,0.007748567145564912,0
0.1314974833026487,-1.020228415079873,-0.15018792382293375,-1.196558741279476,-1.0257434630990676,-0.6919970528548751,0.05190677847080594,-0.983436870736254,0.012248368703648772,0
0.12964811364676293,-1.0252508248143402,-0.14859833660855126,-1.326579835127837,-1.1620803620386924,-0.763879524272034,0.05039766746593168,-0.9859518111496118,0.016191661222534105,0
0.1294140972318232,-1.0306183732279446,-0.14748436234259613,-1.344613270709985,-1.2553527848503445,-0.8241937868316337,0.049251828497450724,-0.9888003824961878,0.01876730792723932,0
0.13031940958609273,-1.0364436739578238,-0.14514607875634702,-1.2745080065961838,-1.2868835438587505,-0.8495989442699217,0.04754734880713485,-0.992862365260776,0.019955805733997467,0
0.1305580505144548,-1.0410702351701338,-0.14124273736607387,-1.158222851071989,-1.2587543797047442,-0.8160007275961839,0.044790682688928385,-0.9972182400253551,0.020600272489890527,0
0.12914767204055458,-1.0423493860615942,-0.13731161975922304,-1.0341788922155926,-1.2085500422721427,-0.721024260525602,0.04214344948620559,-0.9999173126895733,0.021715974153222416,0
0.1270430481804258,-1.0410245499823552,-0.1349411778638086,-0.92072778745212,-1.196158842934487,-0.5900495121045111,0.04151051521098914,-0.9999893841145665,0.02337973685140363,0
0.12621270312740657,-1.0407077353394751,-0.1344786271873849,-0.8067679873853467,-1.2599143563057889,-0.4621534501500838,0.043503405640575074,-0.9983742503769966,0.024756381651697527,0
0.12780793687203032,-1.0430642990541021,-0.13543250292673564,-0.6616406167618204,-1.37871084892749,-0.36767909615824956,0.046634585640935984,-0.9970535438954672,0.025331538491440327,0
0.13125139702188907,-1.0450888661173157,-0.13675518671055895,-0.4684402124493515,-1.488644651529566,-0.31550254703962677,0.04864068470712582,-0.9973595181996631,0.02534499512247356,0
0.13492221464884682,-1.0432808294364728,-0.13703730107019893,-0.2538490234059273,-1.5445123929107136,-0.29679004523494823,0.04853828037823798,-0.9987267939092447,0.02489415709233795,0
0.13728692692286884,-1.0389748507969074,-0.1357746350662875,-0.07957900913826396,-1.5559624001692285,-0.2937832719123761,0.04743278908640994,-0.9990529804626777,0.02364117402635893,0
0.1375148706317823,-1.0370936785859781,-0.13394777843470113,-0.00016041228495457943,-1.561831790063253,-0.2864135028445323,0.04733660693070274,-0.9967193522212087,0.02177970888776487,0
0.1358471148008838,-1.0399736215263502,-0.13282349857891076,-0.029914152766202948,-1.5847886246106968,-0.26244846560301827,0.04902166457718891,-0.9922731316643675,0.02037198442867611,0
0.133445443993417,-1.044176095747768,-0.1333078330425643,-0.1445718444579341,-1.6189517223238954,-0.22810560690692702,0.05102877395494634,-0.9878908981217791,0.020186306945390226,0
0.1313325285408038,-1.044023735727299,-0.13608571229151695,-0.30143828968605163,-1.6504550523561246,-0.20566759166933687,0.051124823422974704,-0.9854825739501104,0.02078985745703477,0
0.12976719772030315,-1.0378275678994398,-0.14058618735636716,-0.4587378659774767,-1.6748676803308071,-0.21645904676026673,0.0488445133393465,-0.9855552742770344,0.021253697295675802,0
0.1287959105134719,-1.0298485147654204,-0.14449947001008578,-0.5950791547926325,-1.6898724259833737,-0.26209076030975226,0.04614574591094276,-0.9873058590694169,0.021288070080726067,0
0.1283434026802814,-1.025744096278778,-0.14608768230168626,-0.7216524308895574,-1.683055466342795,-0.3181274938060052,0.0452628652854222,-0.9892606990686494,0.02114131028294225,0
0.12767221707353815,-1.0269645405195214,-0.14643317265842012,-0.8652762282775098,-1.644277608906132,-0.34881028958508253,0.04640084764284461,-0.9902812883768715,0.020714210113897916,0
0.1263548229213106,-1.0306196110149417,-0.14826908649045045,-1.0321342640261313,-1.5836916161534358,-0.3357297279566316,0.0480423319362803,-0.990379227295919,0.01953851937052812,0
0.12589378850828642,-1.0337134563897752,-0.1528628147701863,-1.1994565827140644,-1.512857884127366,-0.2923419134594865,0.04903929295710179,-0.9901739470254576,0.01771684255572829,0
0.12857762017135488,-1.035478962559368,-0.15834966073613235,-1.3506743073034673,-1.4104565182348041,-0.24695510813512675,0.049615663501042566,-0.9896086351312254,0.016228993545859858,0
0.13441291904690134,-1.0359548919891426,-0.16087691233046075,-1.505643098525427,-1.236720968301485,-0.21940591989905478,0.05050684083682859,-0.9880152758401516,0.01588197785154897,0
0.1405342270504859,-1.034496052551975,-0.15788200131976265,-1.6997600731200873,-0.9879074286256438,-0.22218075621374228,0.05189676896872554,-0.9854307705133714,0.016251087090922163,0
0.14390585520683136,-1.030521540842864,-0.15101810207955532,-1.9351388739569406,-0.714118866634317,-0.2689391120253169,0.053316304302193314,-0.9829417795093781,0.016118489979004863,0
0.1436558549937844,-1.024867771995012,-0.1451412818391776,-2.166621108487081,-0.4777203025531686,-0.36020017169126445,0.054082612465362105,-0.9815349118028457,0.014956336845689243,0
0.1405252981551133,-1.0196627287499698,-0.1434873572558946,-2.3409623124902246,-0.30695924695688764,-0.46739520120840006,0.05368535224117567,-0.9811690496042286,0.013647759144665799,0
0.13536028108928796,-1.0169903195094778,-0.144934811049731,-2.4417368499871692,-0.18682496276202806,-0.5528571798145201,0.05213685319288902,-0.9811810633128232,0.013557510138719924,0
0.12959069579758317,-1.0180226553169875,-0.14684759643426595,-2.492513944811107,-0.0801213726872978,-0.6046595261407887,0.050185535901775005,-0.981392795976622,0.014953875505622565,0
0.12625823096344335,-1.0228978125439105,-0.1484079285398625,-2.524624893984243,0.04097484533099686,-0.6379380578719782,0.04890134396772,-0.9826029902156026,0.01648381358381634,0
0.12797987149985857,-1.030145808484398,-0.14945461820653128,-2.5476306769486863,0.1711859954962441,-0.667351656637901,0.04873476945471172,-0.9856238112574562,0.016310995982932355,0
0.1334650777202537,-1.0361516377196938,-0.14878641729744235,-2.544774124855284,0.27728789113895186,-0.6919584945001129,0.04908335452186369,-0.9895503909945996,0.013866742598560617,0
0.13808484752646538,-1.0369431276357552,-0.1465509622566342,-2.487656390152328,0.33199719733601596,-0.7032849931481722,0.049037913925272486,-0.9915188959415677,0.010557592128066494,0
0.1385731567053307,-1.0317928667537277,-0.1461725005603715,-2.357785234666687,0.34272308405072827,-0.6964181550216665,0.04850390718646135,-0.9891025952178825,0.008667778834166367,0
0.13580095613812432,-1.0242166767479686,-0.1505590445059163,-2.1690027147509383,0.34622909374135613,-0.673358588426532,0.0482202503165693,-0.9829455227998328,0.00931426924066434,0
0.1327566500313142,-1.0183189942463995,-0.15739092480373784,-1.9769695347195468,0.379371465148234,-0.6447838995294621,0.048560419212554294,-0.9763706093447545,0.011359369846430748,0
0.1313947501221679,-1.0149284965857441,-0.1606527553154545,-1.85615963713164,0.4540374796691044,-0.6322380384032286,0.04883694636552122,-0.9723875349305913,0.012508936976334484,0
0.13194341989025704,-1.0124743727612713,-0.1565824484976587,-1.8536921845632206,0.5492397053589116,-0.6603104352985224,0.048270408538836136,-0.9713797627363566,0.011695898379452122,0
0.13384835807180598,-1.010523617538837,-0.14726856826849913,-1.9586092530730732,0.6213676136959714,-0.7345000984338645,0.04731038470584273,-0.9714084467660996,0.010252233237629419,0
0.13615885253794482,-1.0102990218363332,-0.1389127106050582,-2.108642706325943,0.6317756388262267,-0.8238231943474096,0.04730168898903667,-0.9704789608534036,0.010371076475557722,0
0.13747444785840332,-1.0120373102826394,-0.1365710198708406,-2.2251067769141333,0.5756369700180243,-0.8743433460244765,0.04873973954653062,-0.9686116169989013,0.012590389917987053,0
0.1368690725828646,-1.01403967554995,-0.1400581732961701,-2.2576663370383625,0.48263044356985435,-0.8503581551882389,0.05043184598031039,-0.9675310020312927,0.015484718146186034,0
0.13512256067049405,-1.0147490845106406,-0.1451937653399327,-2.2163307759169366,0.385791153724739,-0.7633030140239812,0.05076517713869058,-0.9682665664659613,0.01768176769209294,0
0.13389460254898422,-1.0142844032592637,-0.14866205852189315,-2.16480754273074,0.29588729331278196,-0.6569056912265616,0.04934979498890369,-0.969792683060991,0.019054573868624077,0
0.13325412400299771,-1.0134252872248886,-0.15027152723256912,-2.1729298735313147,0.2121378159477043,-0.5679744514391712,0.04693413651828076,-0.9705237925054586,0.01975771475782655,0
0.13136745512171036,-1.0122311253477998,-0.15076728679310136,-2.264870840439951,0.14851849642735768,-0.50625589760081,0.04429605978753969,-0.970448526207289,0.01939693008094729,0
0.12758090252221224,-1.0106485873591584,-0.1499024461502934,-2.4096827662460614,0.13232031142317846,-0.46375910718825464,0.042044235175124595,-0.970917347705664,0.017850282835337242,0
0.12434623371229421,-1.009877709229174,-0.14779252897590933,-2.559758422163175,0.17211871665502848,-0.4301692712153834,0.041059390043409166,-0.9725295338567346,0.01598035743807449,0
0.12413226735937187,-1.011516266123567,-0.1463082901889359,-2.6884839609182856,0.23572890684610476,-0.39935808810794793,0.041964718528266914,-0.9741449545998213,0.014656409628325423,0
0.1254669897920531,-1.014927496469509,-0.1473802921904555,-2.783196776343102,0.26548085299689406,-0.3694823168833159,0.043911757549794025,-0.9742539576740988,0.013529748160007075,0
0.12474023995644302,-1.0170596954669084,-0.15074638430176307,-2.818499555894174,0.21623580955716207,-0.33736277360958544,0.04470987954366051,-0.9725946881185152,0.011553585879813812,0
0.1214291762225354,-1.016025722610784,-0.15453902882509374,-2.7673025450918285,0.08543270177011247,-0.29154885589420004,0.04289826571776946,-0.97002266436528,0.0085557078783278,0
0.1187520138899062,-1.0135716404739261,-0.15740110623761194,-2.6431178042874293,-0.08379568670976428,-0.21943728121319103,0.039561585954488374,-0.9674246667523189,0.0056644579217118,0
0.11945209818864339,-1.0125385779097915,-0.15916767307544505,-2.505916927965379,-0.22815602076220926,-0.12629230488988202,0.03751006702210402,-0.9652097454499847,0.00420114802032631,0
0.12327997186742368,-1.0129339642914044,-0.1599824259746312,-2.4115882609653436,-0.303559428563865,-0.03819959928190808,0.03851576908741004,-0.9634947188714954,0.00465083134198216,0
0.12801009169638353,-1.012364409164787,-0.15947049411990594,-2.368294650736446,-0.3113958468407611,0.018942940965775902,0.041582254084400326,-0.9625226139326287,0.006687844437993183,0
0.13082215442118172,-1.0098891133713659,-0.15689703323062218,-2.3505772370574505,-0.28947953556779826,0.03550421596605964,0.04391583341171246,-0.9629170907010134,0.00973366193223972,0
0.1295999482807065,-1.007469554196893,-0.15207931952933323,-2.3408375271096347,-0.2718113006900751,0.013110979374905081,0.04348185041335517,-0.9651854004851681,0.013397247072169808,0
0.12526225893979506,-1.007340883373842,-0.1460032445148892,-2.340190189514653,-0.2523483913847057,-0.04252555891280063,0.040749501294066195,-0.9687114026036012,0.017534067737301276,0
0.12227254510764982,-1.0095290288501042,-0.14028871590239173,-2.343640766513704,-0.1908339915081089,-0.11810110850178575,0.038162176332646104,-0.9717486539620385,0.021813792014782528,0
0.12438989301499367,-1.0125925346879159,-0.13596286569180127,-2.3247708776850047,-0.059049631117521637,-0.19097903706488406,0.038005951158329394,-0.9730016704075947,0.025337648537070916,0
0.12978544787753113,-1.0157219930844166,-0.13285870786278184,-2.2566273927995475,0.11950241067018218,-0.2374414622534928,0.04062728169047741,-0.9730499965840207,0.027155123721537836,0
0.13228873555265153,-1.0190845052168542,-0.13034991589673967,-2.1407614924261122,0.28023228262011907,-0.24184444572550595,0.04435212584189301,-0.9736928063269393,0.027209267668694727,0
0.12800595741060103,-1.0223381369387987,-0.12869826155600997,-2.004849519430013,0.3686933707734444,-0.19946584181228877,0.04701724701746311,-0.9757820495612619,0.02624470972865046,0
0.119752770110184,-1.0240304442614314,-0.12923547320207995,-1.8745121512451113,0.3765069190324614,-0.11781603669156666,0.04776204796972567,-0.9780907501995829,0.024715276741305792,0
0.11453835107165347,-1.023260858449517,-0.13269946105823893,-1.755085663554474,0.3262195294694854,-0.02000709324700454,0.047401670788864474,-0.9787145386922877,0.022436826196557264,0
0.11683136886729177,-1.021168404010953,-0.13771255675862498,-1.635789543034408,0.2382234896844817,0.05912010659031635,0.04713362139808569,-0.9774060240869664,0.019582504690284257,0
0.12439776664861188,-1.0196720818347542,-0.141443785453562,-1.5054443566957918,0.13005907217080775,0.09141423371691677,0.04720753502406918,-0.9757899670315436,0.01728921339149459,0
0.13086468965167242,-1.0190033951669335,-0.1418690257482557,-1.374541448118998,0.03425229242575947,0.07375886155345611,0.046990521609610134,-0.975073882411998,0.0165406000117995,0
0.13206803981400086,-1.017554760079657,-0.13993330830240053,-1.2899031551222402,-0.01203087246167302,0.026318039589142042,0.04603456253834835,-0.9745549417064597,0.016860976608797734,0
0.12928997835393335,-1.0146477995214664,-0.13976469510792083,-1.3114695836769148,0.0015392190951763868,-0.02578794504265829,0.04483063656517354,-0.9731311002798777,0.01696361139486134,0
0.12670842080493355,-1.0125387627617664,-0.1450926084573894,-1.4551907217638878,0.05204863010917575,-0.06708842827483143,0.04450075867829792,-0.9713220355276896,0.016418424550773893,0
0.12698456010274556,-1.0139773946141972,-0.15410978226857736,-1.6629939298195389,0.10975304641332241,-0.09207150596359567,0.04570078013272682,-0.9706331303937316,0.015840659923332296,0
0.12952665763897714,-1.01788218854113,-0.1597151477172165,-1.8449309647200014,0.1615389436615119,-0.09991824038133429,0.04779594742390452,-0.971429337663659,0.01571210181041218,0
0.13182758986717316,-1.0197296383577885,-0.15706262863974957,-1.9526397617323965,0.2094083321630673,-0.09659086749298726,0.04924091634072624,-0.9725275645269772,0.015885370753493482,0
0.13177138010132375,-1.0169532435688202,-0.1495357588657748,-2.002074979214591,0.2567180024478646,-0.09847851315264608,0.0488630313923504,-0.9728361623804503,0.016096412825203257,0
0.12923779237523803,-1.012169148488167,-0.1447990170487266,-2.030644505926714,0.2989578376661608,-0.12136010105881553,0.04682410283630305,-0.9726032484858516,0.016265254548608908,0
0.12629326746314348,-1.010340795895843,-0.1459424801910799,-2.058178622595058,0.3207381404043567,-0.16143831608394119,0.04450417976158455,-0.9727414228137595,0.016419289753370238,0
0.12575398279004846,-1.0137298193586537,-0.1492313791329395,-2.0978727003385576,0.29965042718062984,-0.19293514169367756,0.04347378487766021,-0.9734082318393994,0.01677215925256048,0
0.12861498370514468,-1.0198620173129667,-0.14999183384527734,-2.174309941631566,0.22127792389488263,-0.18627162666744035,0.04424587869191321,-0.973912721331456,0.017603410416639414,0
0.13236533509303577,-1.0240293864228631,-0.14760698290966082,-2.3003158441338805,0.0964847525452929,-0.1289889027019476,0.04584273200658946,-0.9739860272967596,0.01872468175620104,0
0.13269938588637814,-1.023680563255712,-0.14443470424003407,-2.444653197085299,-0.03949186256278756,-0.0365423763424223,0.04679533527785973,-0.9743542315171188,0.01944065067665959,0
0.12803801993122138,-1.0202477212481633,-0.14270834509216482,-2.5474842617295645,-0.15144377795103134,0.05306299443539404,0.04665681672660753,-0.9756325573683847,0.01933360525939782,0
0.1221651852300746,-1.0172193670418403,-0.14331874084070767,-2.5752689255568426,-0.22915975618266596,0.10523162201737854,0.04632867169073255,-0.9772583411785121,0.018700927891224323,0
0.1211035609035976,-1.0173944804017643,-0.14541930576584883,-2.5563525462510204,-0.28381052813923635,0.12041599230315575,0.0468677623897083,-0.9781354369332996,0.01797298999246007,0
0.1267098010266361,-1.0211281721100798,-0.14669366763112834,-2.5612352004164487,-0.31871275780883984,0.13600741081278347,0.048289360138566835,-0.9779927813365511,0.01719134337080666,0
0.13417329330844158,-1.0255275966131496,-0.14561955868102416,-2.644317849500457,-0.3147241610618389,0.18561468292049976,0.04978979270679811,-0.9775056141969427,0.016383752378641047,0
0.13690726489908137,-1.0261715454808056,-0.14333315300332963,-2.795637389164083,-0.2533489876211462,0.2548461846032163,0.050842919562144116,-0.977199088788883,0.015854881211850767,0
0.13358189549014893,-1.0216058553059415,-0.14215405372325227,-2.945663428960623,-0.14295293825513095,0.28633128993324847,0.051480774675849814,-0.9767658884018251,0.015643998406231274,0
0.12898341348852183,-1.0157745098455202,-0.14304813270251798,-3.025476929426068,-0.006933273197893934,0.23597608159568997,0.05159211307137915,-0.975609299709248,0.015274056153685173,0
0.12766291985675055,-1.0143004367590747,-0.14526012504547217,-3.0314161775536586,0.14850940255053838,0.12235788865991502,0.050858496194822564,-0.9738170132729373,0.014518869865076502,0
0.1286191283961991,-1.0183446197084163,-0.14721983712155298,-3.0280588262167125,0.33993056211547207,0.012630374489666632,0.04970461432552212,-0.9723994983712627,0.013906727684774384,0
0.12800829225971408,-1.0236114917765995,-0.14726466724522758,-3.0806132618642983,0.5782963930089275,-0.04408937341919246,0.049345706433366575,-0.9724770375249382,0.01405683874243004,0
0.12553084749522847,-1.0256578469214308,-0.14486196157135367,-3.1880657891831707,0.842196102820039,-0.06352764690754353,0.050117990898473665,-0.9742275167207879,0.014981357179610523,0
0.12481774454500953,-1.0243442373162774,-0.14160463203916282,-3.288964729640839,1.0818501717083224,-0.1000498462133224,0.050467874466911686,-0.9767302547962754,0.016351569433036797,0
0.12742392391032828,-1.0221752638401558,-0.1396925192020262,-3.3238043761740514,1.2487620880726356,-0.1797953112381157,0.04865584043450527,-0.9788102038192097,0.017932259316729413,0
0.12982108363800268,-1.020539648921774,-0.13936206071780174,-3.2805225648387086,1.3249741410199545,-0.2753262203159633,0.04515595416221588,-0.979863355443197,0.019376378463059323,0
0.1280868566538384,-1.0196363549515455,-0.13946431532354703,-3.1898025921134283,1.3318370764052412,-0.3485745159247331,0.042288123889730966,-0.9799407406261149,0.02006238716267216,0
0.12339617244095097,-1.020262784873567,-0.1403243773353088,-3.0970751901160756,1.3150504037793649,-0.39843720749570744,0.04153342144751615,-0.9794144551642202,0.019632228576931438,0
0.12036318757089,-1.022933769337404,-0.1435568337230409,-3.0402898869328485,1.316487926875866,-0.45014533891203823,0.0421580811848974,-0.978788488767206,0.018513905265064783,0
0.12092396265961003,-1.0260326535382749,-0.1484797238474756,-3.0350547651529896,1.3507714580460048,-0.5105159151468491,0.04244768636398906,-0.9786231330959142,0.017620007817377433,0
0.12269696749206885,-1.0271636439791774,-0.15086105060512514,-3.0654602470108907,1.3994400918335506,-0.555334326399908,0.04150684227168462,-0.9792488114974259,0.01758082622304671,0
0.1234258140340962,-1.0260593975887098,-0.146948577182274,-3.0913166811874073,1.4227753458271657,-0.5607317020285834,0.039847575981139194,-0.9803970999750165,0.018286898027690825,0
0.12397719569820043,-1.0245124462384956,-0.13860789260527345,-3.074413746291384,1.3844592491282672,-0.5327990877267618,0.03865556362781603,-0.9812761867977838,0.0190613610986532,0
0.12561048732768518,-1.0238010857905087,-0.13299216803891667,-3.0034242490620477,1.280678704957576,-0.5023886426528413,0.03849965900820382,-0.9811986813022293,0.01931557810626462,0
0.12682441174617856,-1.0237195911702495,-0.13550726152459688,-2.896415551483377,1.1523814363924272,-0.49649185288370995,0.03884535429687386,-0.9801803048771641,0.01903407100268637,0
0.12533327269027664,-1.024016060369611,-0.14336321687489528,-2.78636187180834,1.0608098293787545,-0.5156633743686984,0.03904144367491876,-0.9789676988566349,0.018532937740763384,0
0.12199001595662712,-1.0252139001937066,-0.14788979061163054,-2.7084723683405407,1.041436120956665,-0.5344657913024925,0.039366165656431834,-0.9784696503147146,0.0180699110427596,0
0.12031526378886974,-1.0273556501090488,-0.14363022335874728,-2.6900268863463115,1.0822744042066084,-0.5223788326488008,0.04054681832066806,-0.9789332081553769,0.018011525348132402,0
0.12220825370111685,-1.0289223995088648,-0.13410184685592716,-2.7352832178344006,1.1490894722186855,-0.46914069948602477,0.04261419808286727,-0.979612158292381,0.018821644783138067,0
0.12593651298720673,-1.0282129571060126,-0.1284519858050997,-2.8200445849629214,1.2236156652802566,-0.39203367025967273,0.04483644841327737,-0.9795458179589513,0.020272334734729936,0
0.12868167904324038,-1.025814160002647,-0.13265120538517894,-2.9113353228924,1.307432084628548,-0.31457297948679463,0.0464929894815723,-0.9786887005319516,0.02119041217960988,0
0.12966945699756702,-1.024517981011975,-0.1434698245060759,-2.9933239191997036,1.3948980403199878,-0.24017411382440357,0.047310102555747094,-0.9778860696072518,0.020697230732414678,0
0.13018691221308584,-1.0258389442030005,-0.1515109863791039,-3.0712433480096535,1.462193091025369,-0.15715897526135392,0.04749000678354632,-0.9777288040443134,0.019334952997947772,0
0.131452832050887,-1.0274864912380617,-0.1509366647406572,-3.1527270183299505,1.4929102752778496,-0.0700109363625911,0.04750612611876985,-0.9778713818310629,0.01834985245770134,0
0.1332835356515085,-1.025996411572404,-0.14505520551055037,-3.226995554114346,1.5032089279388743,-0.010463222238054464,0.04750212267121598,-0.9776063361610537,0.01818498419257399,0
0.13458991198883424,-1.0214236084176818,-0.14146285067726005,-3.266483709409703,1.527033711234831,-0.006818611857460728,0.04696336620165863,-0.9768225559727731,0.018283625654471655,0
0.13448592227024322,-1.017231890362194,-0.14343555907342115,-3.2596682823123113,1.578115658854383,-0.048169160813442385,0.0454468811832262,-0.9761898506147114,0.01812851864332936,0
0.13274400539240805,-1.0156817694213491,-0.14736397412910965,-3.239838571703456,1.636404630605643,-0.09039208167938562,0.043481275740377405,-0.976453024701007,0.01787380670034492,0
0.12978977403107447,-1.0160506544580747,-0.14759994333779464,-3.260087099008182,1.6702637721116929,-0.09961772095008294,0.042111902514094024,-0.977715680107685,0.018026385733247,0
0.12661120634716558,-1.0176665104498348,-0.1428317218598244,-3.3316371524856145,1.6599796243529108,-0.08091929113056612,0.04145399728822297,-0.9794546882757197,0.018910302750261104,0
0.12410525320920966,-1.0213403308847593,-0.13739633620748698,-3.4042284461674623,1.5949757911937863,-0.05779286272186347,0.04034469540207902,-0.9810142168797805,0.020416078872157694,0
0.12234805620266914,-1.0263939953113874,-0.13614649674613027,-3.418300299508085,1.461211628286942,-0.03359176434898224,0.03790261523558978,-0.9819372393647321,0.021975832690730335,0
0.12121761659613857,-1.0291980831842407,-0.1389252124555899,-3.365986089401208,1.2517725024905058,0.011718404057274224,0.035024492185431653,-0.9820226557489712,0.022753844564144882,0
0.12153506063202109,-1.0270934054457415,-0.14127452635856383,-3.293764535034556,0.991535960606793,0.09066762082485365,0.033762137889282985,-0.981336114571816,0.02220360268635874,0
0.12429013060178938,-1.0224206579573627,-0.14008899571366373,-3.2546588095119597,0.730256860630915,0.18865780866836512,0.03535088620258748,-0.9802242921986678,0.020665528013189327,0
0.12844100673996978,-1.0203649675506523,-0.13727750025023183,-3.2653689294834467,0.5020015137853291,0.2755334960503108,0.039131755766160015,-0.9791951377089968,0.01918703326919712,0
0.13078691359000938,-1.022943033610511,-0.13743991734891797,-3.3014798886375245,0.3079536868217699,0.3297884014405901,0.0431739581605235,-0.9785678802074853,0.01858820695887981,0
0.12937539331737005,-1.0269774337765611,-0.14242521606371425,-3.3208043567483356,0.14495828070663358,0.3524787792176407,0.04581562190201384,-0.9781504234190114,0.018870977897139467,0
0.1267353517649104,-1.028460924812271,-0.1491066174002415,-3.2931415513348266,0.028727695412916004,0.35857232226333735,0.04693994991448891,-0.9774490945200099,0.019419267091159657,0
0.1277679322885179,-1.027034451412836,-0.15274482250068655,-3.2225730346516865,-0.025292935694996757,0.3535907303150964,0.04782071919882659,-0.9763569419536873,0.019459893365178924,0
0.133527928172443,-1.024834755674174,-0.15157294396950802,-3.1444608927638256,-0.02772200712586913,0.3259749045874608,0.049349123768081087,-0.975500523667295,0.01857680910860292,0
0.13896693068969856,-1.0225758090456498,-0.14781193914666219,-3.0895423585412094,-0.003129486832483343,0.26776895758281805,0.05051483310343096,-0.9756875504275727,0.01714528497348889,0
0.13845517750867153,-1.019242202116658,-0.14515425265865842,-3.0512613350751105,0.04139256045319525,0.1919521737066859,0.04938461629058772,-0.9769292921857308,0.016034849841111237,0
0.13218088228349564,-1.0153321891016824,-0.14540162741099394,-2.999579135798933,0.11573803206527661,0.11949371857844095,0.04581892780274542,-0.9780920059189775,0.01570667662335603,0
0.12535605259937938,-1.0137552227941884,-0.14708313448986937,-2.920160467574027,0.21069395851432848,0.05790700295832778,0.04233505569383259,-0.977798609701067,0.01590793713836653,0
0.12204565806967971,-1.0162341566089506,-0.14776629226233967,-2.822740878099834,0.2803994156460335,0.0037315645690770708,0.041477388382053816,-0.9759319258573969,0.016226870541936257,0
0.12174488393089358,-1.0203439822428586,-0.14757716643129287,-2.7181992823875034,0.27766686290641907,-0.03952536845694197,0.04288287111085755,-0.9740093711658572,0.016476473532783135,0
0.12187795326103058,-1.02199412011234,-0.14881416816871748,-2.610172580759278,0.2012710945378459,-0.06101317160160075,0.04398433239082742,-0.9735711508970754,0.016594671952729623,0
0.12162333179490797,-1.0203856635841038,-0.15169298140139692,-2.5068138493178753,0.09295280734055979,-0.06337532975222566,0.043361252050194934,-0.9743447669397363,0.016720471721930627,0
0.12214377262479009,-1.0185326289453687,-0.15262425006815303,-2.4167345394214177,-0.009358025025463783,-0.07078872045926618,0.042157735855905015,-0.9746784125082016,0.017348077375017146,0
0.12407139938756681,-1.0186864752278892,-0.14853563693455932,-2.331455668639214,-0.09735534371091437,-0.1062679506723471,0.042023874282197914,-0.9737245387961991,0.018771023446402236,0
0.12633215900930098,-1.0194100145665306,-0.14187681062989127,-2.237938005889896,-0.1711649490247801,-0.16646556599997397,0.04294043627570888,-0.972350504488747,0.02019128949910197,0
0.12759471569663075,-1.0182377212203633,-0.13891383967196835,-2.156208028637161,-0.21457165574279138,-0.224321708111472,0.04375471869591382,-0.971758056012864,0.020029196957367705,0
0.12772979656496716,-1.0156114951540562,-0.14275023562598455,-2.13526963026975,-0.20332403971526392,-0.25270302568936687,0.043884748617229415,-0.9720561712083564,0.017664214153245233,0
0.12731462972151206,-1.0146765733407141,-0.15005928874502383,-2.1917186230538652,-0.12689184454959002,-0.24632980173120073,0.04356649177788928,-0.9725385547830874,0.014542240691872686,0
0.12675732931632847,-1.017627827009169,-0.15524147437900576,-2.2740185982312493,0.005998905470600072,-0.22886771783372573,0.042973803479214374,-0.9727262840797297,0.012998088312368058,0
0.12662640958960902,-1.0231663946391203,-0.15591427904295813,-2.311106480519027,0.17286057395510163,-0.2376415887468608,0.04197602779312129,-0.9727864185697204,0.01404319389051284,0
0.12750065052852752,-1.0276149176102733,-0.1537925320947265,-2.283068023619371,0.3390796677763787,-0.28808897987938537,0.04061311649089013,-0.9732653809403111,0.016595845067239337,0
0.12839919129129918,-1.0281161036712538,-0.15174921529171262,-2.22421117115319,0.4631233131958783,-0.34713790357216745,0.039272308580520644,-0.9744853388747317,0.01870911555893343,0
0.1269188450333377,-1.024679215999521,-0.15054003034225272,-2.169914041615145,0.5149038311486158,-0.35394452834191675,0.03839363280058728,-0.9759741676024556,0.01923429012892814,0
0.12248167543073417,-1.0197441800633478,-0.1481290356643135,-2.125163430016675,0.49094107332244974,-0.279600436226471,0.03820231270923635,-0.9766920909869663,0.01838470861179879,0
0.11811270341270964,-1.0163648043055362,-0.14294650322142682,-2.0799799009423428,0.4079005027227061,-0.16049700149855348,0.038691103228147235,-0.976192036679798,0.017088162964244532,0
0.11737680739988435,-1.0165034596037488,-0.13756917109556732,-2.0281843246786786,0.28876725154851973,-0.06111443302089169,0.03964472157999045,-0.9754109940904736,0.01612625512952444,0
0.12050741961059223,-1.0201590623271286,-0.1370004164062487,-1.9606645211071212,0.16150658031530188,-0.008249082181868147,0.04052078814017378,-0.9757964545394112,0.015882330389685704,0
0.12477682763861185,-1.0253476452584291,-0.142500885161218,-1.856812452706274,0.05673330935148879,0.024754417443653996,0.0406354720403689,-0.9774795599420789,0.016473239479953043,0
0.12761981830838123,-1.0288760445000549,-0.1490157652712547,-1.7011346869222734,-0.009299636241582476,0.06995289671171898,0.03993811970496032,-0.9787691338773442,0.017729121263283857,0
0.1281218062602261,-1.0282503701783614,-0.15013073267944582,-1.510760431095315,-0.04229959513117181,0.11870298571302561,0.03924910858641725,-0.9778216214490458,0.019194011784120914,0
0.12656311389214792,-1.0237830680132014,-0.14468330067623494,-1.3369873927589344,-0.051083127254485765,0.1340368036232765,0.03924754228607645,-0.9745371697498696,0.020428395380502312,0
0.12438571686791729,-1.01816676319979,-0.13752747231418855,-1.2296498801155342,-0.032900266136780654,0.09761291290661822,0.03977374176581097,-0.9705937901940715,0.021226308368453482,0
0.12403061396447788,-1.013661702964897,-0.1345118038121661,-1.199068778945348,0.012773567534766281,0.028584799042321,0.040519340031147946,-0.9679994072572726,0.021458802842758945,0
0.12652898449336292,-1.0111604308202935,-0.1373445342253478,-1.217891384699287,0.07096591883854671,-0.038376454943760026,0.04154592378455152,-0.9678822904563869,0.021029067890620947,0
0.12916446197532544,-1.0119009920027247,-0.1426170884098383,-1.2537236077057097,0.12531885594453468,-0.07752910618353805,0.04260559033087753,-0.9702781983602472,0.020272286932086683,0
0.12782828587320172,-1.0170728535812996,-0.14542690458840468,-1.2826417022411583,0.1731706200353162,-0.08006342448781108,0.042861123096614565,-0.9744183282695835,0.020037547599105428,0
0.12232930812741641,-1.0246367721416056,-0.14445670324790985,-1.2709103195986962,0.2145002115458862,-0.05677378001803885,0.041992510236352934,-0.9789205628295699,0.020692324581651687,0
0.11755318539086167,-1.029360699382197,-0.1430716529441852,-1.1714295670206258,0.239343157814214,-0.030862842734259526,0.040899562257121054,-0.9819455128663899,0.02113505082734443,0
0.1184552474512617,-1.0278024517732445,-0.1446666958473638,-0.9641661499622677,0.24219920428555694,-0.012646805036559789,0.0406165759025773,-0.9818026016948636,0.019682513847343104,0
0.12473716222447814,-1.021682255909647,-0.1482371316952431,-0.7003339523175789,0.2417772357264839,0.01367510667437777,0.04102988895162609,-0.9781210962667131,0.01622159473055289,0
0.13112402556974528,-1.0153773204390828,-0.15026568969715076,-0.49209674193009567,0.271451222480124,0.06113744928126024,0.04125177553738232,-0.9726613994669695,0.012741044833709901,0
0.1327090750198882,-1.0116377476844316,-0.14990260100680827,-0.4421604702202712,0.3495198883111313,0.10353486119474103,0.04088751494968307,-0.9684520869655359,0.011300887509083531,0
0.12945508348598597,-1.010720055812791,-0.14989111873855618,-0.565458919662233,0.46527500428239593,0.08956854907643891,0.04041490596743321,-0.9675488003385893,0.011958098747006886,0
0.12527948049770493,-1.012260521541981,-0.15217794425048542,-0.769879852888105,0.591591053583033,-0.0026773494248592987,0.04040956433252053,-0.969574092908871,0.013059035525738217,0
0.12358348510979436,-1.0158807370231708,-0.15457649860944497,-0.9216916740664786,0.7045857181639189,-0.13965610954610955,0.040748627644558784,-0.9724035116755723,0.013232012056196974,0
0.12454297295399408,-1.0198414058008411,-0.15321975634119964,-0.9466216253766931,0.7948912356874295,-0.26655819981759926,0.040835724560554315,-0.9740737191252885,0.012727152136947835,0
0.12635509538624032,-1.021481120217926,-0.1476533890421396,-0.8786495336032251,0.8695769331526843,-0.3579614978544466,0.04054723466381184,-0.9742070347761838,0.012870246649081277,0
0.1279188939067676,-1.0204553794772142,-0.14205063491890516,-0.8157819991166002,0.9445659008413002,-0.42473711579079626,0.04049676721838636,-0.9739684267880676,0.014394192257702167,0
0.1294595896491202,-1.0196333869703817,-0.14103887524360303,-0.8319719892313692,1.0298384751698197,-0.4774772792190215,0.04118152419248011,-0.9747179652102719,0.016512377534866545,0
0.13077136515994886,-1.0211649554180802,-0.14476746585886618,-0.9296657484674612,1.120549975404058,-0.5046681958226158,0.0422954712358291,-0.9767200155484326,0.017889444781572318,0
0.13030769363071507,-1.0235883466231215,-0.14861157087099505,-1.0622698566821047,1.203912948115716,-0.49511581599597704,0.04314947688379554,-0.9791902216785906,0.018374511508301737,0
0.12731909483048506,-1.0245832803640598,-0.14805402128044554,-1.180689672278592,1.2708332256541286,-0.46184601512814394,0.04345741144234996,-0.9812571029758896,0.019188665080917277,0
0.12394891333740309,-1.0246011458634348,-0.14318970786095223,-1.2511756277316368,1.3167974970951994,-0.42728209517320676,0.04344219550903782,-0.9825218047704471,0.021266951863602678,0
0.12298959024288296,-1.0254768873164308,-0.13781741020384877,-1.247693309663373,1.3380719177821314,-0.39738490353755906,0.04335300984026161,-0.9829642399435004,0.02395903118295967,0
0.12384329608383333,-1.0268987326144348,-0.13536823065391762,-1.1552477977272657,1.335484290079593,-0.36530029899438066,0.043074384243280604,-0.9827976852072662,0.025673971605496317,0
0.12329072447204273,-1.026909004839358,-0.13682143717409742,-0.9892450315075082,1.3179267065573967,-0.329930299564352,0.04212270551872809,-0.9823275429935446,0.025480874432272226,0
0.1204984270537124,-1.0252255701124466,-0.1410040440040341,-0.8002083992670589,1.2951042004121018,-0.2951413351553046,0.04009906056894625,-0.981612991362573,0.023755155676654954,0
0.11865922676097046,-1.0235168013348321,-0.14511539636449,-0.6505659534423957,1.2707751750184404,-0.2568510311661629,0.03750145887757314,-0.9804083908191398,0.021450989201801857,0
0.12076082197159736,-1.0226656394198532,-0.14605721866040203,-0.5860516753842085,1.2519239785611411,-0.20708408298396952,0.03606290080451607,-0.9786986874292983,0.01919837054324892,0
0.1256748176837754,-1.0220923866006622,-0.14317737147251422,-0.6247220707164026,1.265006712291787,-0.1523783723961145,0.03759829666517611,-0.9770195571725262,0.01721840668704926,0
0.12971193602857786,-1.021519320548793,-0.13919470597957967,-0.7606064018518119,1.3498751041982198,-0.1181292624468485,0.041874068197795045,-0.9759195524806267,0.015701479904568622,0
0.13092384275843538,-1.021210084132751,-0.13713331779887045,-0.9656935371460322,1.5205932867815104,-0.13105815390925266,0.04586760551025887,-0.9753392963835481,0.014860272395078046,0
0.13039013648113054,-1.0207124665989287,-0.13727225368215548,-1.1887373790003213,1.7338951192013505,-0.19932295197651176,0.04610310639417239,-0.9748298185415935,0.014723432959439318,0
0.12945867096502675,-1.0192195593586624,-0.13823973910261017,-1.3690695066103373,1.9176558129367876,-0.3036760052933824,0.04217814237079147,-0.974222361335157,0.015226257173884955,0
0.1273987784654598,-1.017113553835761,-0.13943222105928005,-1.4710281501183815,2.0395186980729605,-0.3996758399623117,0.03741363177436946,-0.9738130188773386,0.016454016851482556,0
0.12305217191048469,-1.0160597611114155,-0.14046791881805115,-1.5080590589398937,2.1317261741013063,-0.4371776771316947,0.03553142709308626,-0.9739349959974759,0.018436167633204676,0
0.11774161673669843,-1.0174190717047882,-0.1397710144823774,-1.5237644698660338,2.2381241030500774,-0.3976584336054282,0.037051728253078585,-0.9745816215394263,0.020753067290311948,0
0.11447596862499022,-1.0207060384247901,-0.13626419203819554,-1.547635748575499,2.351253449832992,-0.31748700968991295,0.03934963728510677,-0.9755349217074101,0.022783173696679565,0
0.11463989455003074,-1.0237586621190535,-0.13197199132542964,-1.5765896655445066,2.41786595458093,-0.2606076568972122,0.03983859865631844,-0.976582527020886,0.02433331854119641,0
0.11720985244851435,-1.0248019144411593,-0.13076526253000953,-1.5965680292367006,2.399435922550223,-0.25826759866116306,0.03834650438454929,-0.9773054689956215,0.025542483091592506,0
0.12053934677552451,-1.024205841220068,-0.13430053210766982,-1.6072374457668446,2.308265505358224,-0.28123776069581313,0.036349109419732475,-0.9770706303243774,0.026123156687210727,0
0.12326748576387515,-1.0237694210390589,-0.14025373596605786,-1.6210776772164555,2.181448066157059,-0.27734266273510383,0.034881700929524403,-0.9759044197395038,0.025379731916872796,0
0.12433238369122429,-1.0244727730206367,-0.14454119710298485,-1.6480599064024346,2.037511816702064,-0.22874738607604117,0.034043064580635995,-0.9749874433067656,0.02344060206198797,0
0.12359228818012874,-1.0253775251205652,-0.14496866884074616,-1.6866895463808902,1.8723450107437642,-0.16366480291990634,0.033935856921833894,-0.9754175729210787,0.02190173763549201,0
0.12199801453042958,-1.0248366542957492,-0.14302133280437412,-1.7278326065900589,1.6887820318320004,-0.11879681900607107,0.034839652061036036,-0.9767635492462889,0.022340928804749794,0
0.12047665376038161,-1.0227098603544176,-0.14182398127093235,-1.7657346846115054,1.5143485900556815,-0.1047342342472749,0.03640645104691655,-0.977616653003968,0.024322423006178356,0
0.11907099618713202,-1.0209438794863281,-0.1421218120407715,-1.8010254509585495,1.3892892574343794,-0.11154043400442387,0.037687686571819964,-0.9772760891730142,0.025806009707601982,0
0.11753319154143936,-1.0213594052427608,-0.14172931663612395,-1.828216981922571,1.341868236280414,-0.13584965116922415,0.0382510708241956,-0.9762659958446505,0.025610008637796687,0
0.11652676184293832,-1.023254896007511,-0.1396953603694213,-1.829060012706894,1.3669400949410697,-0.18517261405655952,0.03856120712156391,-0.97549629493112,0.024568227342831025,0
0.11760895783589802,-1.0242503263087577,-0.1385926309125122,-1.793171035644594,1.4205239838249866,-0.2538989985093332,0.0390246648297589,-0.9753836047769783,0.024099844374721444,0
0.12124091978107344,-1.0233389556637023,-0.14072977142678714,-1.7426893422816692,1.4458123070518534,-0.31414228902262376,0.039372289095634866,-0.975627895002802,0.024545831854950257,0
0.1250659725229265,-1.0218520928251995,-0.1440735462483174,-1.720079162822912,1.417822365563706,-0.3427475246405784,0.039297167433779846,-0.9756693041102994,0.02523763357684985,0
0.12561433239105574,-1.0210678016898265,-0.1443924702772914,-1.7462943087086815,1.3602030040956343,-0.3464328873581298,0.03902030413508015,-0.9753973824440834,0.02551171397442563,0
0.12222858841925577,-1.0199735698880095,-0.14058942372141925,-1.8000690089346865,1.3132744304455288,-0.3501063447929294,0.03882047116188586,-0.9752534986400305,0.025279722854381143,0
0.11805304728165056,-1.0166511887220135,-0.13597429606741943,-1.8428215164368265,1.2921047578834286,-0.36950219073928114,0.038653325351940736,-0.9755671120145654,0.024946457743235798,0
0.11639933910486693,-1.0117747121679022,-0.134371989136435,-1.8570423879405522,1.2817238162803448,-0.4043855621631575,0.0387194462784684,-0.9760635055378936,0.025013192840001468,0
0.11729399760154326,-1.0091145394266656,-0.13617520955125176,-1.855566510868826,1.2639709868725244,-0.4491823756169321,0.03966580893710982,-0.9761327333436223,0.025675619051048423,0
0.11859998496887444,-1.0114843501380661,-0.13864131329916116,-1.861705918574556,1.2337143447822225,-0.496575465537275,0.041443387774814405,-0.975403868477246,0.026671108521242326,0
0.11935095897844815,-1.017087623695791,-0.13947144948439966,-1.8920041240816805,1.1888837905622907,-0.5336958288575769,0.04260505427357797,-0.9740963481631861,0.027386103232460254,0
0.12033430503240725,-1.0212093350386897,-0.13883288529614726,-1.9543332502099093,1.1198884984209432,-0.5480694144263593,0.041784677939873796,-0.9730383420839438,0.02720469525475398,0
0.12190141075130566,-1.0215653298771652,-0.13741945295744923,-2.0471128160602667,1.016565291342062,-0.5397150935285693,0.03955581607906501,-0.9731925574624891,0.026116484419370072,0
0.12294126340730009,-1.0208928906163734,-0.1345724731130273,-2.156224437921855,0.8790899941454976,-0.5184847531666781,0.03775254426093626,-0.9747162506651234,0.02502781383284473,0
0.12240280662644597,-1.0231240884077195,-0.1303897396298924,-2.26151621619805,0.7178572087927739,-0.4883538408936532,0.03705147365519228,-0.9764605824421555,0.025024885382278605,0
0.12081536048231503,-1.0275586902194715,-0.12790775275832236,-2.349049558019967,0.54694154634206,-0.4446129285575628,0.03644226873335661,-0.9768173460498989,0.026119053764653847,0
0.11958220867131698,-1.0290908201322482,-0.13007366506643256,-2.4132340120983944,0.3804595033562027,-0.3885293682037726,0.03532623122173606,-0.9751837849092566,0.02710527911819616,0
0.11909811411237536,-1.0248092685933512,-0.1353187559500851,-2.450756337772421,0.23203498899315986,-0.3320768328586125,0.034777699691245126,-0.9724138723947211,0.026962422062158285,0
0.11851311207453756,-1.0180896427294186,-0.13899050415497316,-2.4614829662271362,0.112391760147554,-0.2828452812145952,0.03600497033858055,-0.9700474748372904,0.026084754703142955,0
0.11773253758152788,-1.0148052768751645,-0.13884328416726918,-2.457859374178463,0.022869581812182075,-0.23566755354926858,0.03870218960231919,-0.9694291676263398,0.025776929878940272,0
0.11841603232487663,-1.0170588060220305,-0.13655639994378568,-2.4656999115473894,-0.04797908350922354,-0.18462138108281195,0.041722633573464236,-0.9711735443733361,0.026752875496388783,0
0.12156484374689067,-1.0219900056225868,-0.1339971357647492,-2.5020935512783584,-0.11311608083212552,-0.13215275798452725,0.044319743037755495,-0.9748203182589119,0.02853397951706066,0
0.12514115762049238,-1.0256788180316372,-0.1309570793236494,-2.546725344897198,-0.16915812453095772,-0.08081234158050413,0.04588803923678111,-0.9790342952882712,0.030304697460993343,0
0.12639606710631485,-1.0267835313272213,-0.12752625732683254,-2.5464675908976426,-0.20020110682965836,-0.02897842346250208,0.0455809184503003,-0.9824474170267282,0.03185258065248845,0
0.1260745290345113,-1.0267159155974104,-0.12596913569516097,-2.459913958869784,-0.2040795675404114,0.015103203947826724,0.04344862841058595,-0.9842879554255228,0.03311878893451861,0
0.12741525760893266,-1.0274056765903306,-0.12797373815779356,-2.2915611608778805,-0.20010828228032887,0.02735187321414507,0.0413864171461439,-0.9843452068502484,0.03314999573681543,0
0.13083913629074534,-1.0290206190030138,-0.1315089630754376,-2.0777337957923643,-0.20197121179504554,-0.006794448231438577,0.04157081346404366,-0.982819835798261,0.030715009381918547,0
0.13287319385918167,-1.0294451662318413,-0.1330493713367778,-1.85557575330152,-0.19915220184670573,-0.06630101212474189,0.04382450103880616,-0.9802772366206689,0.02635406748632412,0
0.13125576486428572,-1.0263654233926214,-0.13233785470979903,-1.6589274990486595,-0.1796153502704479,-0.11148586102248557,0.045583058619288686,-0.977299963698664,0.022652523750563137,0
0.12819718200174982,-1.0204868323417595,-0.1321093608477078,-1.527273840801953,-0.1581282540913779,-0.12546848733488708,0.04487417507110262,-0.9741220564216287,0.02166800249736879,0
0.1272025796553877,-1.0159769827695944,-0.1332134650849756,-1.4922400150774395,-0.16327576916412817,-0.1221914040291752,0.04245019015749767,-0.9710168599399183,0.02285273225149228,0
0.1286549799245978,-1.016224675575579,-0.13327698351963063,-1.5508053450320896,-0.19991071113084233,-0.11533886983327929,0.04034972248480701,-0.9688778052381795,0.024203957482990274,0
0.1298427231889583,-1.0193779173438229,-0.1309367584307462,-1.6616262009055038,-0.24127530786722523,-0.09980207378694307,0.039170925653907535,-0.9686047664794618,0.024714639151398304,0
0.12828478030537405,-1.0200142245324781,-0.12842343078986,-1.7715365398947829,-0.26368140469265733,-0.06768724470810676,0.03794097670876541,-0.9698293523771824,0.0249255528030705,0
0.12406437381878499,-1.0156478343521618,-0.12833059720161086,-1.8479600518395634,-0.2780052505772543,-0.023663531706410865,0.03639942147437993,-0.9710382410301146,0.025677675195566126,0
0.11947214495843163,-1.0098039558344905,-0.129574741038368,-1.8943783217954684,-0.3152562941404836,0.0258272862875165,0.03584287469799218,-0.9711907990699693,0.027186640987182445,0
0.11723474241387959,-1.0078613676831618,-0.12858352100508638,-1.9370389582554812,-0.3859655529359405,0.08649483667624867,0.03710790978049806,-0.9707142988683563,0.029083546971067985,0
0.11881872247364025,-1.0111800232466757,-0.12442316186629694,-1.9883088607267898,-0.4689149409226078,0.16549560415630385,0.039089077993107985,-0.9708083453323032,0.03070722025536071,0
0.12335998983205207,-1.0163821807095252,-0.12098548923009252,-2.023999943855632,-0.5377475399111149,0.2508385056748714,0.040369489364880586,-0.9721334429849853,0.03147426051613667,0
0.12786847421745862,-1.019752258560281,-0.12269994234323617,-2.0090561109330918,-0.5785570044711013,0.31811327011344404,0.04129274150752601,-0.9742562406140628,0.03143080115064129,0
0.1295042288765941,-1.0209410699585395,-0.1288958037739208,-1.9408134561374453,-0.5790457057749328,0.363379580570086,0.04310414295183111,-0.976175919544455,0.03138116989528397,0
0.12848398402643402,-1.0218545472265608,-0.13412323927356565,-1.844999730637559,-0.5239656361418921,0.41240268475539615,0.04569213138610151,-0.9773078603910956,0.032121891831231375,0
0.12774459505988767,-1.0232028319566502,-0.13396841098662618,-1.7280086715946588,-0.41345473043082487,0.48146204038592666,0.047522305535372907,-0.9779651661187913,0.03349174800306048,0
0.12870990850968664,-1.0238954633990578,-0.12914096985040693,-1.5583115301511727,-0.2730035408106476,0.5397960635661223,0.04762712772671,-0.9788803767463148,0.03437094630535273,0
0.1289763104555825,-1.0235096873878977,-0.12364243316209228,-1.3061204980038543,-0.13422068232499493,0.530823198296716,0.046567795530361306,-0.9803169838555371,0.03377942177056594,0
0.12621030026252053,-1.0232489295626863,-0.12046801943764228,-0.9855973632704019,-0.0077861747210577325,0.42925125825440624,0.04531485296989417,-0.9816383279056166,0.03193943517020636,0
0.12270974822142894,-1.023657371013882,-0.12017240698850187,-0.6477096075773595,0.12188814091131142,0.2618947359201815,0.044049202554119204,-0.9815898272250989,0.030013654939334396,0
0.12289369285762175,-1.0229805541415307,-0.12245109588493971,-0.3412396897747103,0.2764081430499806,0.07075054949173687,0.0424682422977799,-0.979163713888742,0.028771544106588567,0
0.1270415611070226,-1.0193953423076436,-0.1270285239855643,-0.08934352993184534,0.4607050628263658,-0.12776947196181707,0.040736944968599226,-0.9747184859825775,0.02800705094989395,0
0.13080919315589182,-1.0141815595045434,-0.13247926304866656,0.10041640632920466,0.6621219585199534,-0.33514351465556663,0.03953968627979929,-0.9702557571045427,0.027482497454167035,0
0.13067736639815408,-1.0108094877043388,-0.13566875147810858,0.2139289491240639,0.865032414268919,-0.5333193403565164,0.03917960883604658,-0.9678900914716801,0.027695009607650506,0
0.12721129735334194,-1.0108334688224059,-0.13425131678142196,0.23000457575674618,1.0543361415542525,-0.6779339158588961,0.0390907882015353,-0.967833170350171,0.029150506061820017,0
0.12330503356229025,-1.0125156675074378,-0.12996510222309174,0.14873735858251388,1.2051109560084052,-0.7370085827155904,0.0386903234488279,-0.9685390905903154,0.0314643926385472,0
0.12134082184119803,-1.0138269357683913,-0.12775626535311493,0.012887554042021255,1.2838274736713426,-0.7211295527024042,0.03838151507141375,-0.9689273673680413,0.03363525063509292,0
0.12196984876833275,-1.014718921454259,-0.1303947947926078,-0.11468372383323351,1.2701712973575614,-0.662125142567126,0.03884284996228482,-0.9694997270894385,0.034755287543354815,0
0.1243686809870845,-1.0156692468905724,-0.13481299490107712,-0.19737891390559906,1.1756756026645676,-0.5758410694883045,0.039510880215645396,-0.9709777085017613,0.034338881645119654,0
0.12706729052482282,-1.0161625249680946,-0.13524086374461813,-0.2409786225975941,1.0383724560912757,-0.4661543987906876,0.03897272437173602,-0.9729323437222768,0.032530244378913976,0
0.12837600995872187,-1.0158278846260882,-0.13013976470021793,-0.27118061516694003,0.9028860536917748,-0.3551281547299158,0.03698860268859796,-0.9743684521402971,0.03014634544525799,0
0.12688294062010075,-1.0153476935671928,-0.12449522084765291,-0.3111259107319007,0.8073437050375627,-0.281279174940742,0.035064016560500885,-0.9748584062922533,0.028206109457002387,0
0.12301038504600864,-1.015219968182683,-0.12365216842790376,-0.3745536224889445,0.781993841076675,-0.2636026355856461,0.03474941905213855,-0.9745898813926506,0.02733673772414903,0
0.11964741845636535,-1.0149424696098246,-0.1265570168307239,-0.4611195677031559,0.8480623576233866,-0.28406244760059896,0.03602893581913307,-0.9739824640321519,0.027543218701840868,0
0.11933385660422234,-1.014073687925571,-0.12862711851043515,-0.5577410679456726,1.0089573534883949,-0.312304399798522,0.03753877914745976,-0.9736519837261908,0.028233994216441953,0
0.12083039274973462,-1.0132399732345223,-0.1298976373179599,-0.6547657012636878,1.2415144222715964,-0.3383124321735647,0.03797283640204587,-0.9741684088842673,0.02854956273080691,0
0.12046864040826472,-1.0137456499251924,-0.13475869661319825,-0.75546101153035,1.5022653711843206,-0.37304456955164056,0.03717562884370088,-0.9754780792274821,0.028145598854545435,0
0.11726890955542958,-1.0164014666763617,-0.14328012165135165,-0.8621761988390166,1.7509353862238142,-0.4224654959016543,0.036077474089846635,-0.9768285700965289,0.02764279400129538,0
0.11461477034559672,-1.0204423990096994,-0.14850915217176303,-0.9654782549693508,1.9712652747064552,-0.4731738188968593,0.035703345766151154,-0.9774739593452033,0.027801021510387623,0
0.11579612844093647,-1.0234876868769196,-0.14467856544712757,-1.058090062236138,2.1654554282931917,-0.5068801072444585,0.036250723448059165,-0.9774221108971207,0.028273796927710534,0
0.11969336130905273,-1.02341457522213,-0.1345079380653876,-1.1477366231702526,2.3286724665369807,-0.5197688092121356,0.03709720491211307,-0.9773621751349316,0.0278476929881956,0
0.12249033582431977,-1.020824396679419,-0.12612878066415706,-1.2429261479595959,2.44129786178918,-0.5186413681526425,0.037671346056217594,-0.9777843983403306,0.026154224440070314,0
0.12255650506932614,-1.0187450268236964,-0.1247887340144894,-1.33330548498528,2.4944542906169684,-0.5009085153797875,0.038168205423056156,-0.978366960032996,0.024574156758083086,0
0.1218350729089705,-1.0191550012854516,-0.1290570228285966,-1.3979976104093967,2.5109777659489607,-0.4511838626617848,0.03917670058534089,-0.9784200487507075,0.02489847350163855,0
0.12255668709418584,-1.0209366501904016,-0.1336318382392144,-1.4319084242875717,2.525480673924733,-0.36585061580872846,0.04069735941226248,-0.9777338131112996,0.027189501082254243,0
0.12422140387478564,-1.022095761278884,-0.13432004751043686,-1.448361248149356,2.5475218580829098,-0.27345548970577455,0.04195858364411754,-0.9766992902396363,0.029473206956450455,0
0.12483200107827538,-1.0223311525419168,-0.13091000563285352,-1.4508603922550924,2.5585299602137903,-0.21791607299477145,0.04231873247141806,-0.9756619183678226,0.02983509667329911,0
0.12404036533054925,-1.022001640091045,-0.12658892951325715,-1.422208651343586,2.5457593015303006,-0.2203845714094648,0.041987500766027475,-0.9745484892362163,0.02841430234959872,0
0.12313285718405087,-1.0202479977881043,-0.12489806781038666,-1.3583583423190706,2.5250449011154954,-0.2644127422166535,0.04162554176149434,-0.9733335641771923,0.02680241383043286,0
0.12227634764114352,-1.016353089805275,-0.12644006725128956,-1.2973888841563115,2.5215730112209385,-0.3189806745618472,0.04147909666440425,-0.9724541870904078,0.026026946968812515,0
0.12021920335538692,-1.012287609944602,-0.12803185856563312,-1.293572416530026,2.537403626527882,-0.3695627771292101,0.041264114993458556,-0.9723641301107524,0.026173350157914135,0
0.1171221221455604,-1.0115981846157749,-0.12578521622877442,-1.3682482066387078,2.549409309716719,-0.4236162379829127,0.04087048620999789,-0.9730513152767185,0.02753757153584931,0
0.11558311410773364,-1.0152214005093758,-0.1195899520221568,-1.4963122713489314,2.5341315941514657,-0.48997760294709347,0.040782823575703474,-0.9743028756286274,0.030540081032399104,0
0.11797992985069006,-1.0199642326809608,-0.11392642121253072,-1.63480948549298,2.482441654211116,-0.5583882095231829,0.04153745617790107,-0.9759262719775811,0.03431490430662886,0
0.12378393608600671,-1.0219265879602548,-0.11360553273889978,-1.7612234396036912,2.3914916168155806,-0.6017550590635801,0.042943724863127086,-0.9774364687924699,0.03684488419006164,0
0.12985348574690214,-1.0202506736391526,-0.11874097959946596,-1.8880023198616338,2.2559700494298904,-0.6003413033153896,0.044192939048805946,-0.978143096936329,0.03711184219544661,0
0.13289583613543085,-1.0168952361601236,-0.12430712589300925,-2.0389169916701095,2.0767569944258697,-0.5651782123680601,0.044792624354591574,-0.9778730553941913,0.03626850331915017,0
0.13191010703023226,-1.0141440978471232,-0.12520020918741995,-2.2115611949527985,1.8781068734956554,-0.5363418648174362,0.045181300744382376,-0.9771731654444705,0.03622550984245941,0
0.12901035996124272,-1.0133927461339143,-0.1215076048275456,-2.368713846124652,1.7083483661369185,-0.5540537255419853,0.04629273366042769,-0.9766968682013337,0.037530632076767254,0
0.12776599353122256,-1.01529429617876,-0.11785479215834717,-2.468384410680251,1.6104680969385547,-0.6268675108237797,0.048467683815204374,-0.9767652082277779,0.038874699958993536,0
0.1299243549574776,-1.0194926824471888,-0.11783183684163806,-2.5012049559128338,1.5841418111373091,-0.7276672141686865,0.05075868553651927,-0.9773740797691339,0.038514684452391236,0
0.1337547421728994,-1.0241211617044044,-0.12013902378807727,-2.4976415130645884,1.5832602531451991,-0.8248966430252406,0.05155955587997267,-0.9781224539633679,0.03617591013309939,0
0.13636013793555174,-1.0267063449624811,-0.12018534468464206,-2.496485630610693,1.5622409148911756,-0.9163538768099992,0.05027951467158334,-0.9783286096163039,0.033584531203241695,0
0.13722354786948127,-1.0262934243640978,-0.11530634757223818,-2.508879948866925,1.5242285684314156,-1.0225813086788038,0.04821315412024576,-0.9778197142841342,0.03291013239270554,0
0.13809047601319147,-1.0244265672299158,-0.10870768486879528,-2.5203432082103894,1.513650687911648,-1.1467430330478503,0.04731340949014248,-0.977419499198874,0.03457078388445298,0
0.13964923616800717,-1.02359602786379,-0.10713080936464282,-2.5229576246322147,1.5603884823468113,-1.2578113616175097,0.04821225807508629,-0.9779566604643675,0.03682210213532523,0
0.14030515905421245,-1.0246392685518755,-0.11336385592668832,-2.528294172247777,1.6422422768789053,-1.3222491138699775,0.04983741095704713,-0.9789906095566446,0.0376834054953762,0
0.13871199680121712,-1.0260335107744387,-0.12265756881448611,-2.5451854472776394,1.7057089492562314,-1.3382571797076956,0.050869290570326964,-0.979371609370334,0.037008236159555376,0
0.13594876482895596,-1.026085408603518,-0.12810613051478642,-2.5618231173074704,1.7126179924128844,-1.3284308060388963,0.051099240168651014,-0.9788913159807415,0.03633065509588468,0
0.1342048864868924,-1.0250692202768241,-0.1276029843949272,-2.5615637711028185,1.6600615499301064,-1.3122894538518886,0.05117045503977583,-0.978390361393564,0.036850098833359976,0
0.1339180143900737,-1.0242636720718512,-0.12401108150731985,-2.5478733553245934,1.5647749264512,-1.2982671218365573,0.05131035473642416,-0.9783202695760342,0.038140520170023604,0
0.1333072760862426,-1.0239560778834171,-0.12098174754835983,-2.5406108075682665,1.4418815822656146,-1.2909362460875269,0.050783611665132906,-0.9782615622234702,0.03898564720595884,0
0.13112001499502643,-1.023891993716561,-0.12056575651802934,-2.5484632418800928,1.3024512171634348,-1.2920305714768292,0.048762005444849495,-0.9779661685479957,0.038878696230982855,0
0.1288008482877296,-1.024472326438665,-0.12288377287220217,-2.5567528189996067,1.1636435825649076,-1.2987680029475879,0.04564650619299612,-0.9779268417608673,0.03820819016479603,0
0.1286179484550441,-1.0257262608346747,-0.1261086125106475,-2.547964274010787,1.04641617967605,-1.3064030214546565,0.04329844767537828,-0.9786109059746577,0.03734699229035732,0
0.1302377979793174,-1.0261710852979158,-0.12789063536304157,-2.52696751512082,0.954915090815169,-1.3046878866038636,0.04350131347572062,-0.9797263331108799,0.036317061145441074,0
0.13096354671744334,-1.024396233300791,-0.12777760038260133,-2.5201350490641117,0.8683425650950347,-1.270441543450857,0.04598130130144202,-0.9805279438465099,0.03543756375480725,0
0.1294593563525372,-1.0211527609745479,-0.12681045352130801,-2.5547855110593325,0.767222746186246,-1.1781342527169463,0.048422567684720245,-0.9805757577544894,0.03548717402275202,0
0.12759119293715457,-1.0186561800066236,-0.12465278578330202,-2.64123690611781,0.6602476171709547,-1.0257072778845902,0.048761560218085594,-0.9800818566241838,0.036592821199867655,0
0.12799722554587295,-1.0182038772409527,-0.12000376610168677,-2.7645753384173988,0.568618461388378,-0.8415751263464106,0.04707981443200274,-0.9796593044432255,0.03751683900800763,0
0.13094436238423393,-1.0192709579024206,-0.11451223808834796,-2.8887961466837893,0.48970877559067444,-0.6604079375556947,0.04513265936947664,-0.979763863530285,0.03696078266658184,0
0.13418260372192306,-1.0205163695681134,-0.11273583588466592,-2.9787317329228515,0.3941463047710622,-0.4946959247976116,0.04459605619603604,-0.9803704938885974,0.03530433601757675,0
0.13532649768962293,-1.020973885479181,-0.11652494964605083,-3.026026518138952,0.2579613862437646,-0.3296230971022505,0.045932446191790675,-0.9812391023939835,0.03406290889868285,0
0.13419477408859937,-1.0207486377223294,-0.12234215537272594,-3.049818108558669,0.08557085891629948,-0.14466990511732195,0.04833730165663241,-0.9822531687100398,0.03376612481857339,0
0.1330606182293595,-1.0211548082899649,-0.12590784436350239,-3.0681670726474404,-0.09968307447698999,0.055889171409242364,0.0503531027268668,-0.9831117759884063,0.033537253700685575,0
0.13413058087169985,-1.0233953687961983,-0.1271381457951257,-3.073950542841868,-0.28083254812842107,0.2343855833752667,0.05080996969564974,-0.982959125861133,0.03286912989958837,0
0.13649936359674597,-1.026421156436767,-0.12877761511076924,-3.0446618460578145,-0.45741958179564957,0.3480711266022349,0.04959970244092478,-0.981033543452464,0.03252094585283008,0
0.1366162545005726,-1.027120102647731,-0.13182499117550991,-2.9745993444250582,-0.6266426483021494,0.38618651886297556,0.04758649923219072,-0.9777168405742999,0.0331266681477968,0
0.13246680515333562,-1.0235063362677914,-0.13399664555206958,-2.8924470762188452,-0.7601477136007038,0.37362302453871754,0.04563860656691682,-0.9744101079362212,0.034015086331195696,0
0.12640909524616872,-1.016994613064871,-0.13227204967847095,-2.8422786837344893,-0.8145841423241484,0.3394513049621452,0.04391287284329143,-0.9722622994297173,0.03428610005215045,0
0.12293040423930929,-1.0112594544191502,-0.12609338276896312,-2.8424473360381013,-0.7730151673650911,0.2889792454633012,0.04236087124056112,-0.9712705024831952,0.03439598591647415,0
0.12396815563642231,-1.0095997153454799,-0.11822463275960411,-2.862881178406138,-0.670218144701141,0.21043820783526535,0.04161586113146124,-0.9706712848422977,0.03566693640105465,0
0.12735597765101625,-1.012727896688459,-0.11303462476865482,-2.8510907756012203,-0.5682122407140923,0.10712106995376,0.04263291564047131,-0.9700306338853086,0.038349387237643244,0
0.12987487612861462,-1.0177329613988904,-0.11344192905065413,-2.788325554487419,-0.5045085293349453,0.014106234046780014,0.0453807153707432,-0.9697045275846052,0.041041926632179766,0
0.13065836278802256,-1.0200262091138448,-0.11836350304095786,-2.714528935559125,-0.4701032386794986,-0.028044490262480088,0.04855139869532418,-0.9702062722866382,0.04230692128907642,0
0.13098974259197146,-1.0178072969473488,-0.12336858599890255,-2.6848258680679393,-0.4405248451263422,-0.014988853556444755,0.05077899278274355,-0.9715266636451254,0.04226074203261353,0
0.13201965734895924,-1.0140195244404806,-0.12486190518092809,-2.699838983573836,-0.4144172502385354,0.017876231013073608,0.05175359995558771,-0.9733221927652307,0.042147575060110805,0
0.13388438739972125,-1.013108279414142,-0.12317830104935809,-2.6924368927012807,-0.4071252707751996,0.03288835675460961,0.052130852337867836,-0.9753318144028202,0.042762316873906026,0
0.13613843353057747,-1.0166446673576728,-0.12092282367393317,-2.5938458740023442,-0.4190288628142294,0.01789355342850366,0.05266216257905255,-0.9772253579887354,0.043798116318416985,0
0.13778898005797655,-1.0223071373821668,-0.1196310543153038,-2.4063430773704173,-0.4339846999371021,-0.020485111289548007,0.05324610004369352,-0.9784773073819215,0.04451805681603807,0
0.1375213369916674,-1.0260940181355027,-0.11932745758139891,-2.20064063039489,-0.44402244085648684,-0.07088438317456158,0.052711961309255005,-0.9789077781112456,0.04446614340592158,0
0.13495976586492736,-1.0256382837021638,-0.12000917753040194,-2.0508940400598585,-0.4524126788993412,-0.1188374052755944,0.05012311376641338,-0.9790070080548181,0.04338098675928273,0
0.1313461272201431,-1.0223878194387768,-0.12163277598951058,-1.987360965024922,-0.45330051062205184,-0.1500687713281021,0.04644214531591802,-0.9791593794417061,0.04094144760952755,0
0.12826667528823651,-1.0202658412866654,-0.1230938095353611,-1.999937551618617,-0.42931153651653814,-0.16118659153021703,0.043993632008980266,-0.9788209920233937,0.037171776670237314,0
0.1261466688730861,-1.0214116969027431,-0.12302635730718506,-2.059207399787201,-0.37417958321393063,-0.16024555101250257,0.04389642741684131,-0.9771409751260682,0.03302472245119883,0
0.12471436080092045,-1.0238378057448572,-0.12186463515677606,-2.131372148893719,-0.305539987997843,-0.1538693640714795,0.04481741718275632,-0.9743958382015482,0.030035511712988766,0
0.12441571842962765,-1.0241012794993802,-0.12167765750078086,-2.1949038878725045,-0.25135641416068877,-0.14157686362999247,0.044658443113944436,-0.9721813160079156,0.029141254361404304,0
0.12614928611166096,-1.0214977043554485,-0.12337701942234278,-2.2546626338531293,-0.22985077692727252,-0.12421543437629322,0.04291369298389089,-0.9717964359940905,0.02995530746256711,0
0.12951197852108967,-1.0184246417382266,-0.12529993137328405,-2.333118021925578,-0.24144399985264386,-0.10770259603385383,0.04102138183767498,-0.9727525700693405,0.03126468520306683,0
0.132392181571189,-1.017158438645018,-0.1253150309976684,-2.440671140373517,-0.26928703872374593,-0.09462283944883874,0.040694255500781915,-0.9734105695420705,0.03213136186139449,0
0.13293941312089286,-1.0177487596216508,-0.12323683035538721,-2.5557089216815854,-0.28241217477028246,-0.08108639023619256,0.042237516705038794,-0.9729867188556806,0.032437282336885497,0
0.13161002016232962,-1.0190041052783445,-0.12032468148323039,-2.6374201888045032,-0.2469049326638054,-0.06441211678543497,0.04453446165050041,-0.9723762450481644,0.032531449815152706,0
0.13076165978276993,-1.0200866726020652,-0.11756555089141886,-2.658848117512393,-0.14723409234080348,-0.04612820851465051,0.04635594024947774,-0.9729447415723651,0.03271443043374873,0
0.13202373676114104,-1.0207534194176096,-0.11556950399986245,-2.6238265670818026,-0.0033062418683148676,-0.0295811930088393,0.04724426373151282,-0.9749079363282965,0.03320451556727985,0
0.13421854676540151,-1.0211189887835954,-0.11504926076206086,-2.5481363048358854,0.13706847125656618,-0.023988368293216333,0.047287470856191116,-0.9770466935532426,0.03432504073432159,0
0.13430466032306568,-1.0215943173399058,-0.11607950864056822,-2.4320694498252524,0.23199313182649056,-0.044949770725981844,0.04675619116001982,-0.9779211883836283,0.036389100725561035,0
0.13063464176438477,-1.022062114047426,-0.1176215726693144,-2.270105226614379,0.27612553464011635,-0.09674555818816336,0.04603312325902275,-0.977218063684012,0.03926689561787022,0
0.12497340374418986,-1.020894317799399,-0.11849287219262354,-2.090999584462024,0.29561712094525044,-0.15568345139764694,0.04528001253720882,-0.9756692847948334,0.042083609080708455,0
0.12081165567467712,-1.0164941079447496,-0.11813580097082463,-1.9638249409404878,0.31698479852432093,-0.1849229899088147,0.04425482309653677,-0.9738216525105303,0.04356285681554901,0
0.11992319731996276,-1.0106893917148385,-0.11678716811586279,-1.9436754497172262,0.3515928991218553,-0.17111501177945285,0.04302114224979368,-0.9716571006956451,0.04304955855193001,0
0.12136759403533169,-1.0085136112127975,-0.11594611353953342,-2.022169938243062,0.40897016165924116,-0.13900565419029126,0.04243745813227877,-0.9696633727165934,0.041315607931644995,0
0.12366433802160258,-1.012607983255061,-0.11756392356282057,-2.146239649130854,0.5060010823325974,-0.12393547553596303,0.04317342971175618,-0.969369663105364,0.03997907429795553,0
0.12655407560092263,-1.0192991751626979,-0.12123674990886314,-2.2682638480226087,0.6474021873582598,-0.13515257518568785,0.04456906253343359,-0.9719681708546567,0.039847379238462835,0
0.13011098355716527,-1.0227205220343802,-0.12347775110258047,-2.3552670412897143,0.8046491983431348,-0.1551608974628861,0.04521623287373161,-0.9766061483592832,0.04020110110971212,0
0.13320102387186886,-1.0219106435986458,-0.12161807296282712,-2.370248991651518,0.9331853936837897,-0.17236708984787943,0.0445968983344079,-0.9806676969916295,0.039941657272918825,0
0.13388699878744134,-1.0208267431344331,-0.11741716434095746,-2.2865103861290677,1.0141974759340386,-0.19704380466019547,0.043680513000642504,-0.9818885180006671,0.03881319947058009,0
0.13160848958499075,-1.0216147191141638,-0.11505545434239443,-2.124517475156509,1.0672840095293301,-0.23413266622481832,0.043737310613550975,-0.9799681672060463,0.03712411560490023,0
0.12846331868754426,-1.0216172348501051,-0.11653649075792269,-1.9536325464600601,1.1182380272593182,-0.25625371366826233,0.04465373177939961,-0.9762121903276434,0.03506703919455893,0
0.12718030530064695,-1.0181916345963185,-0.12067365688486176,-1.856199606928562,1.1660457585169495,-0.2292466541890624,0.04478557122290083,-0.9721815052711728,0.03304952845218485,0
0.12761866663325003,-1.013161208280956,-0.1251473801827254,-1.8904540652235493,1.1876545615361018,-0.16141386986769976,0.04284638644969062,-0.9690050523124211,0.032205804493353515,0
0.12679020077657727,-1.0104329246995123,-0.12737914345646725,-2.063719407405961,1.164945912386301,-0.10017525250970005,0.03967650068096092,-0.9674956591419631,0.033662488125771384,0
0.12292099769201158,-1.0113449339706262,-0.12483241935007006,-2.323018461277946,1.0999219560551212,-0.07569939185700357,0.037579793004386575,-0.9680938864195923,0.037171294850919155,0
0.11808384888316606,-1.0142932915235736,-0.11737295561995002,-2.5821436909265016,1.0125429019406242,-0.07497181166206941,0.03797025015097935,-0.9703269122370942,0.041036089251930113,0
0.11630157878807022,-1.0176442364067955,-0.10891827246463086,-2.769466401524435,0.9305926176715816,-0.07909551743800403,0.040147031686626575,-0.972642439705358,0.043668470845012824,0
0.11992308570273082,-1.0211516533429739,-0.1045132832587958,-2.850476230859634,0.8729910758555556,-0.09541541235813507,0.042377921235421355,-0.973474984443768,0.04487406585204807,0
0.12759052242733415,-1.0247297785739664,-0.10575206990830142,-2.8185185818796,0.8357527504981407,-0.1358266840681025,0.043710377817833296,-0.9728799818583694,0.045412801990721015,0
0.13477268358122949,-1.0272646104217196,-0.11003701729205545,-2.6903826583466732,0.8010712284398565,-0.18950286534201402,0.04454383192919322,-0.972733492791416,0.04576480054739828,0
0.13685566468969237,-1.0273913989698262,-0.1137126745205156,-2.516303338392586,0.7664863547487973,-0.24004130496146747,0.04569693450346864,-0.9747289213235635,0.045793348274129134,0
0.13311590777191434,-1.025179088846034,-0.11514104496585763,-2.371741398004597,0.7579971762449131,-0.2927985245229225,0.047121571845247,-0.9783371936739607,0.045389028021476374,0
0.12777556586246006,-1.022573449110674,-0.11520242452679559,-2.315229310864245,0.8039378555372516,-0.36395753348224497,0.04762467392214853,-0.9813421757027954,0.04497037388742333,0
0.1260453019179264,-1.021815560594206,-0.11538190215404565,-2.3433431847461024,0.8956038242557116,-0.45382332933673697,0.04604436604483383,-0.9822947007986702,0.04524341378680486,0
0.12857903613139945,-1.0231182003101316,-0.11557276817335313,-2.388958772344878,0.9802737922733938,-0.5488009336383848,0.04266426894912257,-0.981715005707709,0.046485399720538,0
0.13064219808502844,-1.0241273136829834,-0.11429086897668558,-2.3781237945668576,0.9979672455271541,-0.6401634434997505,0.03908471719878965,-0.9807754165854721,0.04795786267681841,0
0.12756428155433297,-1.022307764941609,-0.11134820915974217,-2.3041680031124225,0.9293990506145845,-0.7233159631576872,0.036656303409045236,-0.9796257432013704,0.048124093222983964,0
0.12037373202823942,-1.0178356000066713,-0.1094780025400854,-2.2474166176942747,0.8111207497118069,-0.7832236909385208,0.03552770360244325,-0.9775766890948399,0.045880157965399244,0
0.11493975980649934,-1.0136046641456593,-0.11218651257869569,-2.313663490896961,0.6999897678790457,-0.7956502876401003,0.035275517817605545,-0.9745226518824212,0.04185311657554984,0
0.1157404609310097,-1.0124342539786064,-0.11970468959732453,-2.546520341224072,0.6196313020589248,-0.7460219760941091,0.03573709579163979,-0.9715684754016568,0.038180576953217825,0
0.12143214866698263,-1.0145341882091106,-0.12749735592962672,-2.8962330580109463,0.5483784508965979,-0.643727380764174,0.03694475470160373,-0.9701910303510602,0.03659896992262361,0
0.12682765789761694,-1.0174660211054174,-0.12959173602700014,-3.2693388333742095,0.4612625087151695,-0.518768497994745,0.03888693004106429,-0.9709973368064305,0.037020663008863475,0
0.12872535832932172,-1.0185134893365235,-0.12418327074415611,-3.598399604777468,0.3684000523168712,-0.405333301656592,0.04156113911877983,-0.9733234920513613,0.03835466632921352,0
0.12880413458020176,-1.0174049638239524,-0.11589417417100933,-3.8555485793106006,0.30102412378759486,-0.32504767463319895,0.04463587044335823,-0.9759024801692058,0.04006240942564484,0
0.13030465324716498,-1.0165859972029565,-0.11160672012676606,-4.017120122206476,0.2712023912847521,-0.28078523470596506,0.04703195032791401,-0.9777883018896064,0.04211245660267134,0
0.13336832639302887,-1.0184341177079197,-0.1135915295649721,-4.055760918319062,0.2625589974869639,-0.2621696415620406,0.04770421163093519,-0.9786214067957103,0.04402521727518811,0
0.13536197860719576,-1.022394110816001,-0.11726660206605367,-3.979369435566183,0.2606686996495693,-0.25642485225595385,0.04699298746400563,-0.9783084327869304,0.045080320857699724,0
0.13471006105625485,-1.0253973701159986,-0.11638507384629085,-3.8441401947091727,0.2756704691476405,-0.25821775437623784,0.04638113005882385,-0.977010715397374,0.04523720420859151,0
0.13245954008910646,-1.025229017692939,-0.11019382722045913,-3.6994541468068447,0.3212476031099356,-0.27112287838678506,0.046720411352905146,-0.9755902699898454,0.04480291574072354,0
0.13058496920811288,-1.0229021961677551,-0.10449774742622672,-3.5291650505413568,0.38107289718550463,-0.2972361340352318,0.04738777262255635,-0.9753374305031318,0.04324383157938933,0
0.13003723243009224,-1.0209897965285892,-0.10514587012197829,-3.274762803905563,0.42256305193740284,-0.3288649617066121,0.04734205397281549,-0.9765324279666833,0.03956302430696388,0
0.13003689292001608,-1.020109567369923,-0.11130276841444667,-2.9325555199459816,0.453199809915897,-0.3567919831294866,0.04644675542912725,-0.977692126390524,0.0343643328753112,0
0.1288615819268765,-1.0186516508941117,-0.11662296584653804,-2.615787256126479,0.5409698374803348,-0.3809409026488794,0.04558357690869858,-0.9771318512661097,0.030484370442322793,0
0.1262172441373528,-1.015966194392924,-0.11709374097191247,-2.4830536171763384,0.7554643229940297,-0.4045941753045013,0.04572712973751836,-0.9750963490946724,0.03056439684135775,0
0.12466340377084051,-1.0136961581428263,-0.11565436661400233,-2.584131118856204,1.0908243124499852,-0.4245377982217199,0.04693949943916576,-0.9734210172549635,0.03432020873619143,1
0.12690902129183274,-1.0133071909012896,-0.11774393876261,-2.8000545303626345,1.4569731258901855,-0.4345096751374815,0.04824483583155868,-0.973100447113806,0.038764304302094016,1
0.13170165508719817,-1.0141486142099494,-0.12406344984422087,-2.9581802318280745,1.7431654122131257,-0.43306477548537803,0.048564353002386575,-0.9731941030392017,0.04082345709739606,1
0.1346488060579346,-1.0148588886370877,-0.1300187798429244,-2.988291372298942,1.8871370869652133,-0.423473645508618,0.047582253197790705,-0.9724355754816515,0.03951806572113618,1
0.13361534876677497,-1.0154248729301372,-0.1315402149020831,-2.952115751108423,1.894812404183049,-0.40952254617186484,0.04555183040725837,-0.9710642097060341,0.03616006405787533,1
0.1311350177430648,-1.0169388651714977,-0.12918809421020813,-2.951101431613229,1.8086469485844137,-0.39142282168297127,0.042788268995532175,-0.9704936565973847,0.03292731331590029,1
0.13035444014297892,-1.01993701269984,-0.12650032472788492,-3.0351794025801775,1.6638651790021963,-0.3612996373655129,0.03991453754657784,-0.9715852030197698,0.03106618261348419,1
0.130393658351858,-1.0236963837826227,-0.12626736261979504,-3.184633326568442,1.472538381856365,-0.30583440964562225,0.03809652422910212,-0.9736953240236865,0.030158594712464442,1
0.12772035690758732,-1.0268214611916582,-0.12913797445534542,-3.3462438783513457,1.236984368783224,-0.2217958413893944,0.03807920935639693,-0.9753322272340599,0.029056181298195437,1
0.1213727863448151,-1.0278440025173132,-0.1339914151277213,-3.4767254958284455,0.9656941056364441,-0.12762421655345682,0.03911985310304742,-0.9755512941926344,0.027469347671397804,1
0.11474018146788156,-1.025684563522373,-0.13787805083704563,-3.56455651627418,0.6788250243828782,-0.05010184504838673,0.03975548578189503,-0.9746590837711879,0.02644491976219071,1
0.11201724665844537,-1.0206561165919084,-0.13721463935682038,-3.626503734747773,0.4090084010753635,0.001756772657710532,0.03962462138983611,-0.9736541658047914,0.02708940392844442,1
0.1143164686208744,-1.0150705511620401,-0.1318289375718385,-3.688657965616452,0.19652903775266337,0.043887251725424264,0.039730659439171895,-0.973232190352599,0.02896712411592025,1
0.11957755060118787,-1.0119899594211625,-0.12669388490615507,-3.7618515680107674,0.07258499225176006,0.10073182982521145,0.04081317033719907,-0.9734294390684446,0.030313401489203494,1
0.1251670487634836,-1.012981736394988,-0.1267124687539097,-3.8236955679468942,0.039132655358695465,0.1856871887740159,0.04224407174930335,-0.9739822767761479,0.030091684028632777,1
0.12971440075794013,-1.0169848051569514,-0.1308896352488485,-3.8271113607136003,0.06346097945325437,0.28959205487609774,0.042942346777469054,-0.9747535943447723,0.029307961038237514,1
0.13277397794986423,-1.0210864357788139,-0.13427137530840205,-3.7405091088704503,0.09458117404649288,0.38169130245257105,0.04286304149520256,-0.9757236951464446,0.029794195604083574,1
0.1339171030616802,-1.0226331456465918,-0.13375410926572184,-3.584274023780454,0.09451301119427159,0.4310526450241213,0.04297321133751936,-0.9765915715821392,0.031996350250878616,1
0.13312648258861348,-1.0212331250962623,-0.12927375738167718,-3.4191199645121144,0.06593730949248285,0.4357185955969767,0.043946797633947765,-0.9765924356020625,0.034434234188551814,1
0.13177310181515325,-1.0187847824586296,-0.12218279384184808,-3.296232752112159,0.0481421707879179,0.425461703707559,0.04551758167608914,-0.9750807162004124,0.03532213884528396,1
0.13194300026189146,-1.0173604442755075,-0.11592638549558115,-3.226679235815779,0.07723791548743672,0.42895626679206866,0.04716808325207951,-0.9724240936515124,0.034500414422980755,1
0.13412696241292862,-1.0174005697575845,-0.11506242296742811,-3.195940601796983,0.15472943662912772,0.4398070652298516,0.048793602299308306,-0.970110055190444,0.03365174547677407,1
0.1362232520841662,-1.0180047802307755,-0.11961515723759981,-3.188586586750686,0.25986872857071314,0.4206323877191087,0.050203366189877176,-0.9697377669354212,0.03459431060106836,1
0.1357101905781421,-1.0181024309093567,-0.12320710075344493,-3.1902375232213034,0.37681240968092267,0.3447797968596752,0.050390437159732945,-0.9716763173292137,0.037490148581804585,1
0.1325450779074955,-1.0171843222423886,-0.12037213593783791,-3.1819471807830615,0.49518137273591234,0.23059793660739156,0.04827378707038215,-0.9745601517905209,0.04081101861950928,1
0.1289237368179118,-1.015867360286095,-0.11353777525421865,-3.1487607195092933,0.5967634458819774,0.12462624923604347,0.04434486600816259,-0.976346204183976,0.042782459109848875,1
0.1263732148017695,-1.0157542342578172,-0.11011520010032916,-3.088124530401617,0.6611446421161703,0.05195579327661336,0.04057363420732177,-0.9761955994189819,0.04263455297789987,1
0.12453710888797359,-1.0178870415457895,-0.11426868854645048,-3.0022049774914747,0.6831019874408999,2.9109231861977787e-05,0.03827138694019473,-0.9751886846125226,0.040841654315784466,1
0.12289695520817258,-1.0214803647809043,-0.123201838552253,-2.893707610799181,0.6719357473695258,-0.044747793486910825,0.03709217339539704,-0.9749669635015451,0.038602444881989814,1
0.121871418091268,-1.0245783723421265,-0.1304494175191595,-2.780089018866291,0.6331093796143396,-0.06746780156611568,0.03652648242618161,-0.9759060357655794,0.03684958693633055,1
0.12162521711539095,-1.0255712237712642,-0.13200946769121052,-2.6963912616848638,0.56199175617587,-0.046487924773561236,0.03700955452627153,-0.9769989897680752,0.03545363151217797,1
0.12137879340289533,-1.0240228023085312,-0.1299060323841009,-2.6627290352437334,0.46039056299263587,0.01066938210104246,0.038778541504846956,-0.9773587475387048,0.03367781790471071,1
0.1208095612351982,-1.0206806526174284,-0.1295449442882212,-2.6540103027008106,0.3496938503256356,0.06888483107741696,0.040812276574789794,-0.9770911567247533,0.03146440874006709,1
0.12108285545328323,-1.0170173123993995,-0.132835047740514,-2.6220373340119476,0.25772557195858714,0.0977803141592922,0.041975939649596304,-0.9764359522498663,0.02962889983853081,1
0.12346454927436408,-1.0145224542559454,-0.13522513375423797,-2.554279646891008,0.19505882700885516,0.09552093801722841,0.042598242015743665,-0.9749961258206267,0.02871039556414457,1
0.12735483415372323,-1.0140774482346944,-0.13148456030516634,-2.5000200913290187,0.15311830217796926,0.08496683207900574,0.04387304516596008,-0.9726731894347109,0.028509578194122094,1
0.13051387867156347,-1.015733708536967,-0.12318081176463036,-2.5221139943400983,0.12626495867500545,0.0912330930849213,0.04586607336949827,-0.9707365853839559,0.028912827375392126,1
0.13098855137676785,-1.0187860228653265,-0.11750124468848532,-2.6194339539605074,0.1246663415942818,0.12108092334363402,0.04708708631355061,-0.9709147277966869,0.03014498183957932,1
0.1283069217873036,-1.0217804832748452,-0.11889994409892599,-2.7147471095722704,0.1567565596726133,0.16069320073963578,0.046289219649434256,-0.973495010262153,0.03189777996350493,1
0.12363190112668639,-1.0228211822710669,-0.12443764997208981,-2.729729015661117,0.20672577355362834,0.1913362223631436,0.044000489830738634,-0.9769259937891286,0.03325633593598564,1
0.11981123236372378,-1.020978896010892,-0.12757281943033202,-2.653727396292546,0.24351568795170478,0.20530597718800547,0.04187830529964787,-0.9792273307915118,0.03405944716133243,1
0.12018755820198705,-1.0179106286476018,-0.12492904223856749,-2.5263898256379336,0.2524322383675781,0.20830943593025747,0.04099126622010689,-0.9794704585033817,0.03546820028700933,1
0.12547942084311073,-1.0171145320174197,-0.11911687140747361,-2.3756370105761513,0.24785884386293294,0.21127959356599602,0.041183065948180844,-0.9782348879209,0.038391032866293626,1
0.13209885257550563,-1.0203432690306915,-0.11538288122319898,-2.2003521681078912,0.25379761957905167,0.21940161521143897,0.04184609198575431,-0.977016576813613,0.04191661702101007,1
0.13487790162139357,-1.0248820862798664,-0.11556194703302525,-2.0102109515270863,0.2795508073422496,0.2234519144103921,0.04263004989349045,-0.9767687159309895,0.04421995076077388,1
0.13155379486698,-1.025582297317753,-0.11634276900320577,-1.8535342308650302,0.313230589315949,0.20233729661209016,0.04317409034029667,-0.9767720856233201,0.04479671547722691,1
0.12444965951898788,-1.0201721546936355,-0.1142242624411766,-1.7812647282804719,0.3283489341346433,0.14109370605568097,0.04272962581859107,-0.9755968037519014,0.044986133996756356,1
0.11831752056796493,-1.0119537344532228,-0.11022165968764223,-1.7845555911374813,0.2956090279847065,0.048629461424470895,0.040711643982349506,-0.9733638517716358,0.046235262234696414,1
0.11630318343977371,-1.0067800011451988,-0.1078834925195133,-1.7874220674063237,0.20008012090029997,-0.04599564404570291,0.037568877633300496,-0.9720978606043039,0.04839953963260425,1
0.11717986851047142,-1.007772831326823,-0.1085306781682914,-1.7112255958067086,0.051073505274206905,-0.11477721328509984,0.034589087582384215,-0.9732740108489198,0.04996323721976286,1
0.11689727478403218,-1.0131011717447176,-0.11066693016770883,-1.5384022577621983,-0.1330007606084349,-0.14328586043650984,0.03266280179432143,-0.9757601677812423,0.049696946061872596,1
0.11351423936249266,-1.0180994893403772,-0.11265576593144049,-1.3080519280734968,-0.34772799887314065,-0.12380845698405302,0.03151532187726663,-0.9770430590161484,0.04786556315936635,1
0.1098044872857955,-1.0192015062104114,-0.11380665314571192,-1.0614136091231356,-0.595214805113792,-0.05009958131406111,0.030297541397425465,-0.9761025330868017,0.045874714863911974,1
0.11012468647274472,-1.0165148056768933,-0.11371491514200288,-0.803160564028942,-0.8520901180082345,0.06737685099496005,0.028793251320363058,-0.9740054225412578,0.04499168379005775,1
0.11540603322508872,-1.0128698976700523,-0.11248565371483304,-0.510357371115783,-1.0663339503922644,0.18375736328411324,0.027997496618251533,-0.9717618449430792,0.045378344921972985,1
0.12207983177441144,-1.0100849900682587,-0.11144975431330158,-0.1724090392650919,-1.1995037570879856,0.23417374784911962,0.02938092860194999,-0.9690375157765999,0.046013691648365426,1
0.12563023785010788,-1.0069570234461738,-0.11242089634374838,0.1717089960804864,-1.2573604161366667,0.1807016540513986,0.03322775071881685,-0.9655088282812863,0.045513776262446716,1
0.12478746731868964,-1.002164074785658,-0.1160695425714871,0.4347740637193012,-1.2631966436917719,0.048043706461115374,0.037821464835628635,-0.962185269132912,0.043395101057923206,1
0.12241649678061488,-0.9980401689258,-0.12117745239376651,0.5354908568995433,-1.2161825493691731,-0.09361395859662333,0.040908273874513824,-0.9604440980559779,0.040663369957394745,1
0.12248588013864305,-0.9986226730327822,-0.12512473850112918,0.4639247773137938,-1.099712876257039,-0.18785484828263455,0.04195254848727002,-0.960456719765139,0.03888562584761613,1
0.12617341552330194,-1.003756805894178,-0.12575871378037085,0.292357287057047,-0.922384569123434,-0.23557637152046718,0.04226294662812729,-0.9612978356186632,0.03856696301071081,1
0.13086745954018827,-1.0082514006811243,-0.12406745839937088,0.12038614241658267,-0.7245351359445474,-0.2791775175941408,0.04290605883243802,-0.9622184263195634,0.038719319164172365,1
0.13275689278491815,-1.008138948877022,-0.12392872972800255,0.006934298131106567,-0.5433707823172855,-0.3481550259887614,0.04331664081203007,-0.963250608662248,0.038181654474359526,1
0.1303470355959747,-1.0052983329007967,-0.12710680875945954,-0.05789712328401242,-0.38978751148795604,-0.4266088293684982,0.04225800655921647,-0.9647523942811411,0.036996946002975616,1
0.12562588673296327,-1.0046088194033032,-0.12986266081707037,-0.1278222971296811,-0.25995611380182293,-0.4712910082087409,0.03959991448611353,-0.9669276758140761,0.03611630096258643,1
0.12184768100002674,-1.0085193379161033,-0.1274587289113926,-0.2443894007589934,-0.1535841580731636,-0.45061889444706665,0.036748204687071025,-0.9698170399616829,0.036015024360020284,1
0.12046587418333803,-1.0153941298438025,-0.12094901690889262,-0.39514773512580065,-0.07369116934191028,-0.3640986112455056,0.03547914956878159,-0.9731268312715741,0.03607760329863546,1
0.12070859148585869,-1.0215380306422992,-0.11636126057856454,-0.5276725567947588,-0.012518603045127814,-0.23726273195134148,0.03653139660608601,-0.975833732997488,0.0352675094049287,1
0.12152332614467756,-1.0239346632132684,-0.11771996485465848,-0.6107370271230659,0.055557969905051366,-0.10876587486297479,0.03926844490931791,-0.9767020297832529,0.03313447826338895,1
0.12266973963483356,-1.022166668473679,-0.12350220474208212,-0.6726323286944783,0.15818371368284934,-0.014296065611987284,0.042546679096201946,-0.9757844153233068,0.030337302230112117,1
0.12429196493398197,-1.0187465402557372,-0.12956035288663578,-0.7631545386547764,0.2989577694049927,0.03177306642813893,0.04567647169242525,-0.9748277004338909,0.028320628060263066,1
0.12684093550475203,-1.0172839982330744,-0.1331834893685936,-0.8852860744328146,0.45606530688320834,0.038154109812994656,0.04837649973498371,-0.9754410680859147,0.028169120092683523,1
0.1310299448336957,-1.0193816468855668,-0.13410741808193125,-0.9878630630834655,0.6115488879143124,0.010647346775670048,0.05009968110308191,-0.9772412367413182,0.029599685078781485,1
0.13634069396500567,-1.0230652413998176,-0.13342430496732618,-1.0241113851603922,0.770831471009854,-0.06912325870564472,0.05007401684467035,-0.978549681143997,0.031248055572144325,1
0.14001819341092459,-1.0250414024673795,-0.13252105907454886,-0.9948175927405118,0.9455636279220013,-0.22097351559645262,0.04829414418301596,-0.9786452505085808,0.03194429724851705,1
0.13937549769200053,-1.0246241043847695,-0.13224225815659052,-0.9343990145429655,1.1290440449174373,-0.4234896114137809,0.04608110592466082,-0.9785145853390815,0.0316153403959128,1
0.1350843885873124,-1.024202595628709,-0.13199273377488976,-0.8771441292490761,1.3031171210507808,-0.6168662651271377,0.045167638456700784,-0.9793979119352947,0.031193567771755203,1
0.13062400207881292,-1.0257340285924077,-0.12987588143090703,-0.8398858847424594,1.4658127239005996,-0.7580806349155074,0.04616729217288694,-0.9813306387968324,0.03186477071238729,1
0.12843165265160375,-1.028499158586755,-0.12477157632972734,-0.8172412953551313,1.6377912317684462,-0.8575153079123582,0.04807059923528291,-0.9833510838839542,0.034110334464998684,1
0.12794489127981531,-1.030814281972905,-0.11858176182761891,-0.7843984794662925,1.8364466882951056,-0.9505753270990943,0.04918960747936991,-0.9846244257886156,0.03714060738497558,1
0.12736369252999008,-1.0323252006467085,-0.11555800847127082,-0.7159894620044408,2.050207791287315,-1.0479962268877965,0.048626886322450394,-0.9850031021060239,0.039394728763131034,1
0.12597238929706933,-1.0334982203190337,-0.1184176711060546,-0.6133668117890231,2.2415578538983443,-1.1298463209330714,0.04704530258612195,-0.984798262824085,0.03983991546105714,1
0.1245498488742416,-1.0338701558832721,-0.12504149951722693,-0.5136392203292126,2.3709922492951367,-1.1796490297722044,0.04593172326167262,-0.9844957168744596,0.03869072436899601,1
0.12431597360849073,-1.032639435504921,-0.129955865747005,-0.47107551727075836,2.418066276474052,-1.204152994552328,0.04591182418422607,-0.9847249805863553,0.03679267813993692,1
0.12555200420866622,-1.0309403944220514,-0.12987247181520947,-0.5297567133439607,2.38753058443208,-1.2151555439572854,0.04610753258238829,-0.9860861329876475,0.03477027855013591,1
0.12726228255932792,-1.0313666787975597,-0.12707296594740192,-0.7042189059206706,2.30107765504102,-1.206576890100809,0.04549068486040487,-0.9886404133905763,0.03317983770091576,1
0.12879581658057543,-1.0345333975491298,-0.12623612257093464,-0.9707913838324008,2.1792915795074936,-1.1626563613468217,0.04442078163382687,-0.991528143879351,0.03286934705456856,1
0.13120810560651164,-1.0380679115497107,-0.12866881504647146,-1.2775259811891442,2.02426232810032,-1.0847933339940612,0.04425280349926346,-0.9932775290285727,0.03417980544554971,1
0.13539421052182804,-1.039670977588893,-0.13139264449802426,-1.5790268490148116,1.818048357909849,-0.997014167139365,0.04560286569945881,-0.9928666481622891,0.03589168860709584,1
0.13926106815788633,-1.039279380369888,-0.13164302455771582,-1.8712788605842738,1.5421142923912416,-0.9212543962880124,0.04746267039684607,-0.9908459298161749,0.035917011370220846,1
0.13888782684037393,-1.037779242552502,-0.12998160469618328,-2.1859539363406304,1.2045287080705847,-0.8582987424305548,0.04806271959483393,-0.9892684332276692,0.033372111581214184,1
0.13299376301071258,-1.0356114236672258,-0.12829213277548002,-2.5439365539323466,0.8538464961765372,-0.8033778537840749,0.046518530893606344,-0.9899858494012505,0.029519616709022478,1
0.12499543779401252,-1.0334723440995672,-0.12719370193823049,-2.9180870335258624,0.5657501232212658,-0.7726027845683532,0.04372115341113431,-0.9929110581793696,0.026508173888627307,1
0.1201026838687577,-1.0330346039338645,-0.12707575973942106,-3.2455165624277953,0.40589682436368596,-0.7951761851794319,0.04167653704668668,-0.9962589622904182,0.025612885707241732,1
0.12096520900116628,-1.0357510652505977,-0.12925064608045603,-3.474047072043123,0.3915084463776936,-0.876727696018478,0.04194892962127904,-0.9984413603292874,0.026789191253377156,1
0.12647661590750264,-1.0409428639643223,-0.13362787364608955,-3.5985546143224245,0.4799665950355007,-0.9878988699977749,0.04464041048672079,-0.9994065903579785,0.029206043109735742,1
0.13405279455921182,-1.0458326732551277,-0.137065634715606,-3.662345351197559,0.5963375074620891,-1.0978603269435603,0.048569455469753775,-1.0001474664205185,0.03171976556649068,1
0.14171980744804202,-1.0481447169046396,-0.13638676680877562,-3.7307535438019266,0.6824495068981342,-1.2050319782064618,0.05221721518693499,-1.0012950598206332,0.033443709016174425,1
0.14771176781915307,-1.0484744373014099,-0.13187941776340714,-3.862629958226803,0.7312492748784256,-1.3240949627617744,0.054784723057073034,-1.00262790738715,0.034522066938660216,1
0.14981452246703675,-1.0493991130946143,-0.12654431627761858,-4.101600920733425,0.780251487959455,-1.454249932346946,0.05668364640240901,-1.003984796194042,0.035936075912987184,1
0.14716692993509023,-1.0522498901208874,-0.1231928560224298,-4.4810906113495905,0.8687461778967203,-1.572500604282041,0.058787371975267295,-1.0060665577363868,0.03804375565003919,1
0.14244076094753055,-1.0557231630319301,-0.12285076025428895,-5.0160730647847345,0.9920087376547487,-1.6545914946818356,0.060898635096495145,-1.009741777587583,0.03985039389271846,1
0.13996806689595478,-1.05833637676662,-0.12446145783559963,-5.677799841345008,1.0948269754282438,-1.701970244291756,0.061242626066357414,-1.0146930270471386,0.0402717778288257,1
0.14040802086588805,-1.061204757326219,-0.12541972430756756,-6.386195595136661,1.1188106371995987,-1.7565097245268453,0.057913793704057234,-1.0194153831705763,0.03956074114802631,1
0.1386976145664424,-1.0665006288358394,-0.12330621189905201,-7.045369496805,1.0594581845977928,-1.8798911652228738,0.05083608861292064,-1.0228486718834142,0.03886330669964061,1
0.12953500207224236,-1.0732421202135152,-0.11807203226780129,-7.598827338386385,0.9643493387447719,-2.0939598557291843,0.04219892179406939,-1.0254423843732523,0.038741467768102826,1
0.11477840006786195,-1.0771531706684965,-0.11269553847357613,-8.056997794918447,0.8666833779373488,-2.3375540675804487,0.035058278154393774,-1.0281479620864256,0.03869425292373568,1
0.10325110289003817,-1.0761692005960128,-0.11084186341322179,-8.476500831714295,0.7360540667559906,-2.500841018142195,0.03150559208173952,-1.0311292101056813,0.03801167310361522,1
0.10240392157616718,-1.0741310799643642,-0.11326392637216236,-8.916203597124438,0.5168462621024414,-2.5104034924757976,0.03190000763579036,-1.0342434783345373,0.03667679732863228,1
0.11158117415897773,-1.0767780444894348,-0.11739512134803377,-9.40964145719773,0.21041432990705092,-2.375463453965652,0.03545637741253949,-1.038005809121859,0.03526712467825968,1
0.12421858236366397,-1.0850982358498396,-0.12064698899912439,-9.961985806405451,-0.10744873536567771,-2.1554586499073913,0.04129932504849375,-1.0431240434860145,0.03416827449057821,1
0.13505643188677144,-1.0948749055704996,-0.12259425264909694,-10.551876309192942,-0.3602380639666305,-1.8976475596075641,0.04889257766597197,-1.0495461485510054,0.03320775172752585,1
0.1435438546993089,-1.1022855961402487,-0.12410585997341257,-11.134651699660713,-0.5440377434158764,-1.6134980265449368,0.05751422682104218,-1.0565542037647724,0.031971207196638894,1
0.15085553549834352,-1.1074177632773865,-0.1260870787287571,-11.662842648796923,-0.7124121307185898,-1.307036551526518,0.06558887200600083,-1.063336715369238,0.029947556353737734,1
0.15598711259030915,-1.111896793135746,-0.12896774877671507,-12.118010617220397,-0.8960252624278267,-1.0093876088466638,0.07099656737819582,-1.0689862562452508,0.02637466794995307,1
0.15649284279548092,-1.1156482647786705,-0.13273931406265826,-12.523867722519624,-1.0553986552340342,-0.7747975198099567,0.07224116523868587,-1.0723318372111363,0.020752100902593384,1
0.15219653390627585,-1.1174466284805513,-0.13797879481446543,-12.93293009953724,-1.1219947527042806,-0.6442580212388109,0.06922330742351658,-1.072572519154036,0.013793040481152758,1
0.1458872609594368,-1.1169619956045598,-0.1459175816434592,-13.411558528896393,-1.0780747331970486,-0.6182653774428103,0.06303532233473405,-1.0705138722339362,0.0072951116271910525,1
0.14006645632263576,-1.115050548405801,-0.15564253786670332,-14.032067902680328,-0.9818407037163339,-0.6639205068840642,0.0554421708553967,-1.0688989363621202,0.003011014159996318,1
0.1350299944563186,-1.1135529201545105,-0.16249994720476144,-14.845490836332262,-0.9143665724704231,-0.7443536470368173,0.048627125910793614,-1.070711105251701,0.002084280592836043,1
0.13080255982886996,-1.115724938105149,-0.16213787004099325,-15.827422528076424,-0.9198449309167378,-0.8450837839749609,0.044802560177116056,-1.0766532260260453,0.0050332199982818845,1
0.128840596956578,-1.1246264379023385,-0.15559426300615528,-16.84779463064663,-1.0037541688051472,-0.9822278463803406,0.045153430983603554,-1.084608869902308,0.01108337278717892,1
0.13021228532996232,-1.138907741637395,-0.14803466388748215,-17.721948552144386,-1.1658649007715272,-1.1862233996011222,0.048725361547554864,-1.0918424240435856,0.01738691965473665,1
0.13340695776274913,-1.1516749345819615,-0.14333700588519846,-18.323880263086078,-1.4126530725937334,-1.4640305072793154,0.05276004307669699,-1.0971865385397874,0.019903709357014986,1
0.13585884669660755,-1.1563095670056025,-0.1422979983449388,-18.669148447937708,-1.7433940323198074,-1.7684933434955459,0.054946714535666734,-1.1007510574592654,0.01604423480075228,1
0.13707636320328004,-1.1531784245923065,-0.14502201862551978,-18.89783948076006,-2.1363208460257432,-2.0162610082209502,0.0555859655932885,-1.10241833143003,0.006886686550426934,1
0.13853553485425077,-1.1484547226875093,-0.15198371385883458,-19.18069547039631,-2.544317699483365,-2.1491329165755184,0.05689324808502091,-1.1017051905840656,-0.003348317612475161,1
0.1408433548773701,-1.146530140385873,-0.16246008699870995,-19.62814022653594,-2.902482865499106,-2.1728131999493923,0.05989700815663517,-1.0988711232991677,-0.010472502067078476,1
0.14291988576615478,-1.14610533015485,-0.17364880544317537,-20.259507065465833,-3.156966124218368,-2.1315174568884756,0.06303558710125445,-1.0952933762911776,-0.013355784045285882,1
0.1442372485336746,-1.1442447328509733,-0.18202749320952016,-21.035345544162006,-3.301665093455476,-2.062178358250623,0.06460157349732466,-1.0925836339298243,-0.01408327087551081,1
0.14615965573730824,-1.141331087316552,-0.18574512147849973,-21.914938655198746,-3.3826493071385544,-1.9880066917612695,0.06552802484041417,-1.0914913646515565,-0.015416037434860011,1
0.1501066586501228,-1.1399220173196305,-0.18593596816825275,-22.888136501365047,-3.458047407392785,-1.9418105220518413,0.0682893568672697,-1.0914228185498152,-0.018228309919542555,1
0.15529021504721077,-1.140463500301788,-0.1851978975742552,-23.958031988799828,-3.553060613830217,-1.9706546217139989,0.07331366447830626,-1.0909503858531024,-0.02130706791644843,1
0.15933936297658302,-1.1405338723513532,-0.18467419303162871,-25.103755704635912,-3.6513584806336103,-2.111535320306986,0.0778201904999093,-1.089093390747228,-0.02324500622103547,1
0.16091129209060323,-1.1379757588671493,-0.1836800059591027,-26.27404253248565,-3.719362073614171,-2.3696622935489553,0.07859358796158478,-1.0860297016044267,-0.023893796556972404,1
0.16066806438710945,-1.1331482754021156,-0.1820722597720165,-27.428103507696342,-3.730583118774308,-2.7215616377900593,0.07514589509542437,-1.0824127862436494,-0.02390019847763659,1
0.15943868103935135,-1.127942867982306,-0.1812032633235391,-28.587970062031044,-3.66915579401491,-3.1302519128284114,0.06967251451665588,-1.0786369725315665,-0.02381577938016146,1
0.1566469694746,-1.1238901694134134,-0.18225675502796632,-29.8388045984174,-3.5200952358740674,-3.549907685200322,0.06463650656629621,-1.0753321149925732,-0.024357485600173517,1
0.1518843102680018,-1.121800844502142,-0.18541670492205015,-31.246945656886908,-3.2661290029262355,-3.926480558345277,0.06133209350499726,-1.0738491132205472,-0.0267427549196491,1
0.14736690180228865,-1.1221036866425722,-0.19107604066289055,-32.76270116704278,-2.8995187663921733,-4.221480586642526,0.06021872166105385,-1.0752608660094713,-0.03174395105922124,1
0.14667419003582172,-1.124602454577782,-0.19975732584658612,-34.22512590269656,-2.4382666257690966,-4.449365422616886,0.061073509435165124,-1.0791312155679642,-0.03853310700841031,1
0.1501962783692797,-1.128575968427529,-0.20958809750842988,-35.48029278029874,-1.9295549291416059,-4.6718105442491185,0.06249008933125067,-1.0839854560389968,-0.04500292462134786,1
0.15306927436144196,-1.1335385557585027,-0.21596017881365145,-36.48243304517642,-1.4372773170645967,-4.928685820376522,0.06233273807654405,-1.0887791955096406,-0.04934535888273247,1
0.1490411027618685,-1.1390351237654188,-0.21617542796045855,-37.2755039306522,-1.027086229042461,-5.176384819643942,0.059331494723767746,-1.0933287608297853,-0.05133018949394812,1
0.13672238543251292,-1.1436944074794257,-0.21320652044740993,-37.90641720340392,-0.756202898296072,-5.3094055318003335,0.053800359782246086,-1.0974969150571146,-0.05221760676949518,1
0.12147495043964422,-1.1460470378862824,-0.21235997711173074,-38.38239346727142,-0.6616729474664833,-5.240243951812898,0.046477637259497474,-1.1006414024648916,-0.05355509489853427,1
0.11043723324486031,-1.1467189623208598,-0.21533273484109547,-38.70254980033861,-0.7495225176141672,-4.951751179328292,0.03740122555597021,-1.1021446306809437,-0.05603820302589531,1
0.10605613611367247,-1.1481896415785282,-0.22001580048853922,-38.902855480638344,-0.9973243065494303,-4.487000694033866,0.02690876974480561,-1.1021079056879106,-0.05943821333643158,1
0.10550823389240625,-1.1515387627873463,-0.2246540078754995,-39.04944379510549,-1.364431857242205,-3.9097640133469547,0.017352365350857945,-1.1011526569099557,-0.06338624108120222,1
0.10559920190236166,-1.1548373674306767,-0.2288263125627373,-39.1799286306568,-1.7888840012825162,-3.2763828772102497,0.01226791764931565,-1.0999362513890996,-0.06770312168019779,1
0.10603843608779805,-1.1558535622186716,-0.23108306743955423,-39.25665105657144,-2.1743299765358133,-2.6316209340554195,0.013142835097718627,-1.099386350746053,-0.07165266207463263,1
0.10794369059500902,-1.1553842977120543,-0.2295187041560639,-39.18977590865386,-2.3995912166513556,-2.0162603256261518,0.017628183122632323,-1.1008640012298279,-0.07360368439133665,1
0.11110596969616522,-1.156665442732343,-0.22560984477726814,-38.9107104317117,-2.364977913308712,-1.4692834198329556,0.021465001745462505,-1.1050079799345858,-0.07265982338482241,1
0.11357106143336282,-1.1615990198553547,-0.22461467617883232,-38.422840474831766,-2.040650435170652,-1.0218620123872522,0.022180190417767066,-1.1103061682850008,-0.07065483370292742,1
0.11363393823324104,-1.1683161243884914,-0.23008615814888947,-37.79394858853526,-1.4679257581194127,-0.6928740215544693,0.020989299671076427,-1.113806673129336,-0.07124793432914615,1
0.11193016390282505,-1.1727167450151053,-0.23908143061626327,-37.117262293895436,-0.7121325654120605,-0.49238618863560485,0.021152236001366426,-1.1139561235862199,-0.0762480299562965,1
0.11095067447886513,-1.1723478665122478,-0.2450825170813766,-36.47413694979544,0.17504054863326834,-0.4266174123125005,0.02439814478253712,-1.112238908469413,-0.08343154141208162,1
0.11225288965937953,-1.1689592696450575,-0.24576794172639793,-35.909238436036894,1.1367995358709524,-0.48789313920685,0.029141532102360923,-1.1112984243760446,-0.08882451436037718,1
0.11487862094493415,-1.1669171213833696,-0.24549453189086023,-35.42711680560213,2.070162826688302,-0.6302230283065343,0.032453834583554,-1.111776186875832,-0.09098667227626347,1
0.11710377819914165,-1.1680573697582237,-0.24919318032068064,-35.01577945190914,2.839428401720223,-0.7722551287009327,0.033547126782361596,-1.1116168333787864,-0.0923680483483426,1
0.1192487142918004,-1.168399554600887,-0.2563943974936794,-34.68217545774898,3.3566005966778363,-0.8599606080041818,0.034688334886402,-1.1081408997177498,-0.09641068587196239,1
0.12334603971651681,-1.1616932798567594,-0.26312868131537026,-34.47325906119546,3.6485302347173314,-0.9317978011243957,0.03838485037070501,-1.1002158664345105,-0.10395110997534016,1
0.12945747525487541,-1.146415392956426,-0.2677453508029555,-34.46509118544127,3.834175441837422,-1.086346638057043,0.04424920710258147,-1.0887214488663814,-0.11276103398303078,1
0.1344509473250718,-1.1275297732902132,-0.27255577486936017,-34.72264309304923,4.035887400625813,-1.3618407231399619,0.04950495372758464,-1.0756590975094642,-0.12014851748243778,1
0.13632596159023555,-1.110786211027033,-0.28042669879643367,-35.26082130406613,4.317027297928721,-1.6696169603837328,0.052362253388342814,-1.0629746852257091,-0.12549769230241314,1
0.13737078624079202,-1.0969466189760428,-0.29127271199390414,-36.04512043548106,4.687672233223724,-1.8778638282540074,0.05370537624467536,-1.0517505438241836,-0.13023264242169086,1
0.14031219389225008,-1.0830285810500249,-0.30173841175388577,-37.025358086973064,5.131551291910618,-1.9549062700016873,0.05524649662415597,-1.0421163232406894,-0.1354611799149873,1
0.1438033673844805,-1.0685563888008116,-0.3076174842735958,-38.146225110469075,5.608934613743871,-1.9972060146503792,0.0573190327713518,-1.0339790387160426,-0.1399882679281283,1
0.14502617669387383,-1.0585366510985033,-0.30690485194133105,-39.312797323143315,6.05795942953994,-2.1092716869480777,0.05927278096974942,-1.0277575740782832,-0.141289127653039,1
0.14478573551021676,-1.0583818493503132,-0.3012076902967798,-40.3720530048671,6.428393329931373,-2.292898244880795,0.06110349578149733,-1.0239502010450803,-0.13856981269823673,1
0.146653632620766,-1.066194128699555,-0.29422195000941115,-41.1655628820165,6.722451227617812,-2.481818932904399,0.06351593216064984,-1.0221822140540624,-0.13395171572820624,1
0.15204307184829063,-1.0732054760594263,-0.28857568114689064,-41.608065707475085,6.987491297545923,-2.6508545084621193,0.06653675915174852,-1.0215833295657708,-0.13008493356998582,1
0.15848410856315567,-1.0734564660805168,-0.28422762503848675,-41.70713065314868,7.257448802373544,-2.8338721621416045,0.06892630356378722,-1.0217911427194344,-0.1275392304252783,1
0.16191866332621227,-1.0696555473587583,-0.2797451738538871,-41.51964877492168,7.506452616924574,-3.0342125192031397,0.06924224018612034,-1.0221493358215235,-0.1253339632806177,1
0.15935655504512247,-1.066948605622441,-0.2743786975151611,-41.11079434543479,7.667622447732632,-3.1749048385811354,0.06727048052937981,-1.020415423337299,-0.12286631342236598,1
0.15086209977871629,-1.0648891734026076,-0.26849923826947186,-40.54759918592572,7.693937752613722,-3.1764021956001667,0.064199390874878,-1.0145103150431178,-0.11989325671386775,1
0.14043621900379688,-1.0595799850755103,-0.2626640673386502,-39.89938018861853,7.595909903938826,-3.0609743978664863,0.06123730342098591,-1.0054420590338322,-0.11564532265790425,1
0.13365702626344608,-1.0505457502300226,-0.25744173267030745,-39.2205874931623,7.429936396753029,-2.9382018849345175,0.058336714154009976,-0.9962867938654975,-0.11005627289932808,1
0.13324091531505688,-1.0408317914140555,-0.25422824375202274,-38.53208348226785,7.267150213594139,-2.885791586305984,0.054893952734692504,-0.9884980278613464,-0.10544265272919215,1
0.1374674693084538,-1.0320639067766706,-0.2545827685504041,-37.827649979137554,7.171520071405575,-2.8750945281717506,0.051551125265011766,-0.9813801510513931,-0.10474401370263402,1
0.14274782579842815,-1.0234114594930475,-0.2580352613978027,-37.103150956152355,7.180019526895143,-2.8228234664858007,0.05029232976942136,-0.9747838553506755,-0.10791907831401402,1
0.14646863407790267,-1.0146371514280677,-0.26222925124433455,-36.37640456681388,7.277443356172802,-2.6937827709037383,0.05227686021011101,-0.9698503142968714,-0.11172883474840718,1
0.14777804930356028,-1.0074156937144598,-0.2659898478232861,-35.6733018382973,7.391662368664628,-2.538618604031321,0.056217808178083965,-0.9668221296848698,-0.11321869714500096,1
0.14744891345286099,-1.0037762719522982,-0.2702824074214796,-34.994470403045185,7.432582850143946,-2.441825593508794,0.05962274412298458,-0.9641139590357383,-0.11223484955618226,1
0.1472715498412829,-1.0040371808701556,-0.2749563637345771,-34.302876339347485,7.349337416894672,-2.4463762003327916,0.061380627078175924,-0.9603080826197332,-0.11064185712349935,1
0.14860204485927614,-1.0058525480457763,-0.27665819094647465,-33.552437768238406,7.154828676476843,-2.5253631076394285,0.062386547723379135,-0.9558751465242639,-0.11025832404985295,1
0.1513960628918212,-1.0059191675311225,-0.27269597501621656,-32.72940424914354,6.899366298310674,-2.611328466927845,0.06375972195683716,-0.9522304660370866,-0.1117704423594326,1
0.15464299363633827,-1.003495046102851,-0.26638317889708213,-31.860525245651278,6.624920662014037,-2.645425748246605,0.06539328482928053,-0.9497528498857963,-0.11480684050954423,1
0.15694079699248487,-1.0008435485866727,-0.2651459290125301,-30.98588781876239,6.347179016066966,-2.6108796398500083,0.06645508426156312,-0.947343530402648,-0.11845350400337963,1
0.15692955512124748,-0.9992917078324756,-0.2720160855111792,-30.137935650394773,6.077234475936786,-2.5379061329753974,0.06657616917429024,-0.943998284691285,-0.1217873259437265,1
0.15460309955361654,-0.9973079606953362,-0.2817320171327652,-29.335729297682644,5.844309740312221,-2.476728167221666,0.06629083667764232,-0.9406020825006992,-0.12432395557150065,1
0.15223481530702054,-0.9940747742453785,-0.2872658663368642,-28.561515617468277,5.680248717410866,-2.4513466127214527,0.06663981646855321,-0.939391883395797,-0.12637384438541902,1
0.15291189647030784,-0.9920114648899792,-0.2880131946821914,-27.741765053908928,5.58281854221588,-2.437199971689221,0.06832092874216,-0.9410249301064357,-0.1291953299447747,1
0.15804051254909127,-0.9932436538068863,-0.28926287723059907,-26.80846516441273,5.516159151966127,-2.395985196435357,0.0711674177602757,-0.9430734538463221,-0.1345068191901368,1
0.166278422599487,-0.9958662996823053,-0.29532572931480844,-25.8123001270373,5.468078001678898,-2.3310185206327474,0.07461557365456829,-0.9427593363119251,-0.14307046716694274,1
0.1741068986022366,-0.9963284689065267,-0.30561609847541293,-24.93198479489318,5.495189824392716,-2.2887575049316924,0.07829959200519099,-0.9407981210295107,-0.1532960411313582,1
0.177933122893844,-0.9942900308155956,-0.3164476007049152,-24.322492855962388,5.673095278818314,-2.3017004413433253,0.0818074519358321,-0.9409921934389881,-0.16180940875935498,1
0.17736285010512493,-0.9929185911883069,-0.32437042765739,-23.963385014065036,5.988831319936496,-2.3542638279230386,0.0847040670759119,-0.9455256539719912,-0.16640832802386754,1
0.17636674741279948,-0.994704886601597,-0.3278254457732952,-23.680636395101228,6.314437469789012,-2.416730311981419,0.08759794148268087,-0.9517565048787094,-0.16848778280195448,1
0.17963829909858353,-0.998967179768058,-0.3271999589637526,-23.30947590844574,6.517211618011651,-2.4846013310993498,0.0921134171382034,-0.9549631038230765,-0.17150325946079376,1
0.18749954837094143,-1.0038978703370427,-0.32421276937387233,-22.827178550173894,6.591845183448323,-2.5633369419367775,0.09863272132419235,-0.9541049385442438,-0.17675971629676995,1
