ADXL345_Acc_X,ADXL345_Acc_Y,ADXL345_Acc_Z,ITG3200_Gyro_X,ITG3200_Gyro_Y,ITG3200_Gyro_Z,MMA8451Q_Acc_X,MMA8451Q_Acc_Y,MMA8451Q_Acc_Z,FallCheck
0.12891439566240373,-1.0156220479630058,-0.2539026264087917,-5.981370661498369,22.46076361569594,-2.6854129159691356,0.04687327149725701,-0.9658238858847764,-0.10253767394113458,0
0.12611001815921347,-1.01137635326014,-0.2540496210085377,-5.9640756868318965,22.903906765598382,-2.833761082859872,0.04585637485662008,-0.9647992939760244,-0.10295035495623214,0
0.12405226939160313,-1.009015105308839,-0.2532240596720192,-5.879245567936075,23.331346189252095,-2.967837626773624,0.04494568733884808,-0.9650979057374158,-0.10298942745306541,0
0.12379143140914044,-1.0075488800318608,-0.2515395556085591,-5.727895016309116,23.740730303057347,-3.0662171894881487,0.044647398964842946,-0.9660460522156556,-0.10277186931463586,0
0.1257336955050205,-1.0050219329595682,-0.2504170995952653,-5.571724132184192,24.14503675987524,-3.1086454728406623,0.04514517824813457,-0.9658028880198339,-0.10309398213478964,0
0.12889399140319988,-1.002288582584451,-0.2516540191998455,-5.487065021898606,24.569426032518948,-3.095316453893138,0.045848400703433,-0.9635357238377923,-0.1049187874995918,0
0.13184059663908926,-1.002293930471441,-0.2560776505062187,-5.537846622158554,25.041215994558502,-3.0505443562218453,0.046346184359075865,-0.9600372042956147,-0.10846664527508612,0
0.13404668533850342,-1.0052829827785827,-0.26300108361936075,-5.757335500537202,25.56720675611849,-3.0016300843487405,0.04718441939050817,-0.95666429345982,-0.1129586042807194,0
0.13591416170737425,-1.007314645912856,-0.2707398222128637,-6.136154178366404,26.119255415345776,-2.962522989519215,0.04908261004367274,-0.9542285457986527,-0.11735289547031985,0
0.1382700981256235,-1.0050534652378151,-0.27721734187641545,-6.640831500111491,26.651877149082306,-2.944090788243578,0.05198501541973977,-0.952693686889364,-0.12089848818445902,0
0.1422939509073442,-1.0003245641109018,-0.280256206021317,-7.234580455545776,27.135008662987307,-2.9665858143283894,0.05541279495029035,-0.9517251952116423,-0.12257324897773451,0
0.1486088129716272,-0.9980871261864439,-0.2784042130321376,-7.8588912644445434,27.564707718249053,-3.042806697076572,0.05925645834709741,-0.9515673463259876,-0.12064666299155828,0
0.15553125868456413,-1.0007956247879073,-0.2722272360144408,-8.416767442530729,27.940563851809653,-3.146550047733506,0.0637551700018923,-0.9531957230807441,-0.11401047201833601,0
0.15961002356114348,-1.00642779267545,-0.2642851023931746,-8.813720654379667,28.230008944464412,-3.2095596255907957,0.06872729441875482,-0.9575071738734545,-0.10412632713543166,0
0.15899176171193063,-1.0118256276600235,-0.25726051910168746,-9.021076863177758,28.355176279134767,-3.1583834219375255,0.072808917292947,-0.9645281773232686,-0.09474745313361986,0
0.15503593987334421,-1.0166588187779289,-0.25238616533174263,-9.092173068058953,28.23240902885004,-2.9576425555425416,0.0737943493548557,-0.97330733699514,-0.08914882941915357,0
0.14995595156485547,-1.0234929831221096,-0.2496835350873504,-9.124954888748592,27.844662664820778,-2.625133207730451,0.07054152502806521,-0.982416200702292,-0.08782420688104287,0
0.14443826784816224,-1.0341075349317392,-0.24868292705444978,-9.203455598960382,27.27109139689734,-2.2130342977704514,0.06444987551622454,-0.9909198872662499,-0.08882161714002852,0
0.1381079517991597,-1.0464833486305465,-0.24830875057072133,-9.340742724635993,26.633884107455238,-1.7730085194447782,0.05807311005760337,-0.9991185686801496,-0.08977431315019373,0
0.13067261521803858,-1.0565117335497838,-0.2470866113346725,-9.454105469757755,26.021276602124306,-1.334276647946411,0.05232647260318524,-1.0078772007493342,-0.0895873045056096,0
0.12227423769876856,-1.0624611240722506,-0.24476347298632717,-9.414575186984358,25.458787444817446,-0.91331087909569,0.04611921096132699,-1.0168982569358551,-0.08873319835759323,0
0.11427051725006022,-1.0661177379367404,-0.243413801493645,-9.157910759289079,24.92343241704611,-0.538633736258485,0.03879025873884351,-1.0241250269562994,-0.08819696048924071,0
0.10939950025348319,-1.069501065805889,-0.24540077318221393,-8.752170772186238,24.36750071972183,-0.2527858296890342,0.031825034705084444,-1.0274096195404605,-0.08816487703727746,0
0.10915605175497131,-1.0723705313515104,-0.24971779047314202,-8.327813507703523,23.751129265496463,-0.08058376372168578,0.027613004974546232,-1.0267708342035435,-0.0879698954221471,0
0.11134998707116173,-1.0731599465951331,-0.2518724539027704,-7.9349424128683586,23.077996799217814,-0.0008803817249116441,0.026991167412217236,-1.024573872005115,-0.08723837066273263,0
0.11241165296012405,-1.070719550570552,-0.24889208513928196,-7.502946858918937,22.400717799124926,0.03573250490466286,0.028587684019910176,-1.023021220308653,-0.08647619373551618,0
0.11176111260038234,-1.065124897260187,-0.24354442209853452,-6.956273129413018,21.78562267926757,0.056573949083218014,0.030422012629514328,-1.0215534863510625,-0.0863982943794924,0
0.1119158863545331,-1.0580720749343726,-0.24160618958936622,-6.339953826276215,21.27187679555491,0.04584144475997877,0.03157495566215862,-1.0174008994279407,-0.08734575316559934,0
0.11469658030828625,-1.0521516076358797,-0.24507881594836056,-5.807450337145424,20.86063076478803,-0.0181850871280586,0.032346540455672285,-1.009014490314827,-0.08950400422789322,0
0.11925412320607756,-1.0485206763942279,-0.24999261764205882,-5.493906936196914,20.533027142693463,-0.11866159931458796,0.033501460597130266,-0.9984454262272895,-0.0928084937392042,0
0.12384657057830936,-1.0456217385429905,-0.25114220883695515,-5.407345840810644,20.272202611167316,-0.21458480328818633,0.035607617810609796,-0.9897910554911141,-0.09618651981902032,0
0.1278448790189517,-1.041009756557338,-0.24760970278752692,-5.43455769672608,20.07229212424967,-0.30092334905622375,0.03866993245137944,-0.9853196342620616,-0.0977458303880965,0
0.1312358335097295,-1.0338837407901154,-0.24383501651753053,-5.445348417508749,19.933369321377967,-0.4303247060566285,0.042231138506163786,-0.983415789967631,-0.0965479304742021,0
0.1334425641771989,-1.025384499450821,-0.24607092867347946,-5.385352790137392,19.852419193825956,-0.6513349366264443,0.04590894782989116,-0.9804887005075532,-0.09379916831568565,0
0.1341806323694593,-1.0174200049379205,-0.2560927070089275,-5.271640227146284,19.826713419843276,-0.9294621278561588,0.04951655178085735,-0.9748710941632498,-0.0915619500485163,0
0.13481134825592694,-1.011751733347562,-0.26718823039102835,-5.1280343083818485,19.8662176271111,-1.1577200601130155,0.05258772780396107,-0.9686174169636602,-0.090542087500653,0
0.13688496910487422,-1.0092370445621794,-0.2693728260520938,-4.958189346361938,19.982706195552698,-1.262160420257897,0.0544879905611861,-0.965151032147849,-0.08985010274769906,0
0.13963860438840128,-1.0092120046073931,-0.26065349307637065,-4.7796116034950185,20.15117162468596,-1.2832816573216976,0.055274050500858686,-0.9653696214022045,-0.08875173922219093,0
0.14103120955489148,-1.0099901449817308,-0.24962488247196382,-4.650643435530502,20.299113424705663,-1.3365402882796664,0.055876214302591556,-0.966916377994681,-0.08772778057385267,0
0.14093203479845465,-1.010321756196369,-0.24470980110562254,-4.638158985759179,20.36035007777195,-1.5011046377512853,0.05727145861182808,-0.967349355663273,-0.08750298499686357,0
0.1411761563513919,-1.0101596508398265,-0.24519357085439755,-4.756333810741537,20.33868326194009,-1.762915332227643,0.05979528568915684,-0.9667711263465628,-0.08777825098557557,0
0.14303366776589213,-1.0098517641080234,-0.24583257439870823,-4.941773742793091,20.302210495668316,-2.061482821795183,0.0630780424343497,-0.9666197679893711,-0.08772644204184077,0
0.14669890036945699,-1.0089748423626939,-0.24567903011026532,-5.093244129410927,20.317562854930284,-2.369953779013232,0.06633944347824716,-0.9668382776587823,-0.08756457260137201,0
0.15233768669609685,-1.0064932278851018,-0.24751803714759654,-5.1523449406677955,20.407415055402158,-2.7086793111619056,0.06893196092227392,-0.9654360761750669,-0.08874218745552702,0
0.1591913455282175,-1.0020288207772041,-0.25111401595281324,-5.166931324060549,20.569260127104563,-3.0811467527655063,0.07069764258837669,-0.9608418731759729,-0.09227176507400157,0
0.16439607488844848,-0.9966622607404204,-0.2526592716114965,-5.271723968235342,20.80577556333517,-3.4270344801464256,0.07170813488158533,-0.9539864890018355,-0.09755324083107042,0
0.16528397225111155,-0.9924592707358522,-0.2513989943452052,-5.5750596882167,21.117365498054866,-3.668821873625182,0.07200145494272094,-0.9477727881970159,-0.10328520281623646,0
0.16253048601290293,-0.9909787569165565,-0.2519976998929471,-6.0470752375809385,21.477374354261524,-3.797738476516399,0.0718680474279392,-0.9447089526419388,-0.10899800309281948,0
0.15898550342084494,-0.9918984592777169,-0.2579111660324514,-6.54018926166189,21.837722477538755,-3.883081281930358,0.07192380489973464,-0.9451737938957551,-0.11497125628452734,0
0.15621880261119633,-0.993586383371754,-0.2660118242089964,-6.939619967895318,22.168535355027327,-3.9881250576221348,0.07240619998724117,-0.9478256474456521,-0.12059296009954705,0
0.1543325191537942,-0.9954848420416285,-0.27076157871672435,-7.26611866707264,22.48279670912426,-4.098787173974537,0.07273738777614944,-0.9513823623248671,-0.12363103018028655,0
0.15393791460491368,-0.9989878941654604,-0.2708757460578035,-7.589033880930063,22.802471296575835,-4.149312479716347,0.07228980373689627,-0.9555829227295097,-0.12227253591651963,0
0.15551382715612028,-1.0050029275489334,-0.2692354955975505,-7.8626047479191135,23.096270904194483,-4.100770786126424,0.07126437417832196,-0.9603096440736089,-0.11791946774900662,0
0.15714984007513452,-1.0114925519705629,-0.26873221589865093,-7.92903489615024,23.272679450684087,-3.972996218869437,0.07015733160557976,-0.9644351954044884,-0.1146869221904183,0
0.15527278368136313,-1.0147961230061167,-0.27023102526105625,-7.712250965379691,23.249783671385536,-3.8083678386584907,0.06848405194420867,-0.96641322662093,-0.11544660093261175,0
0.14813807717870495,-1.0133500728646165,-0.2726304032534329,-7.346927247514307,23.020676159600075,-3.6314845516858885,0.06471473090920651,-0.9659877011046856,-0.11903515836477001,0
0.13760261979523078,-1.0093566172393924,-0.27389225319924787,-7.06249610257125,22.644846713307633,-3.4514775448597317,0.057788987155585135,-0.9644994714498631,-0.12180645939546704,0
0.12733014026509654,-1.0066214857909275,-0.273468474020677,-6.966631689087037,22.195702394085544,-3.2807541895029146,0.04860563370429961,-0.9633230548886653,-0.12139226979225565,0
0.12000146908550209,-1.0069285828371681,-0.27329030203088944,-6.986177259995757,21.726549363297906,-3.130641316365626,0.039816459347245876,-0.9627318733766195,-0.11861356498988697,0
0.1161488533526371,-1.0086200315045981,-0.2746869768727786,-6.997908439747397,21.26439290516625,-2.9991623279833877,0.033874569110402,-0.9623906844155281,-0.11626828004230344,0
0.11451587013769146,-1.008796997323259,-0.2757509197534224,-6.955042905307221,20.812141396175434,-2.8849905898179795,0.031261756452305015,-0.9620772061813432,-0.11653892051530194,0
0.11325946277738116,-1.0067385814745229,-0.2741843720883686,-6.875338438633055,20.3598693958719,-2.809448684069832,0.030860977497977827,-0.961678497598971,-0.11917557420820858,0
0.11195397138687525,-1.0046478828776988,-0.2712439033649386,-6.766268979745657,19.907675844081805,-2.8013833656654112,0.03180846830995275,-0.9612567344059367,-0.12164892720887033,0
0.11259386817248619,-1.0048607797510414,-0.269869790759614,-6.609475894790843,19.47749248809722,-2.8530307408174003,0.034275634916415415,-0.9614095860132053,-0.12134628644756064,0
0.11713786469124068,-1.007045156591382,-0.2700069713255044,-6.397346315436706,19.094573466740144,-2.9087108306734106,0.03836749100124941,-0.9628511687603291,-0.1180815089874298,0
0.12401540941718836,-1.0089948404232052,-0.26897019977239567,-6.152446422236589,18.75808157547017,-2.914235709779757,0.04311314960750612,-0.9651896086532104,-0.11418361860401563,0
0.12928697477834356,-1.009633441156879,-0.26599830732485896,-5.921974265355289,18.439846098009554,-2.867597153868987,0.04725970930420096,-0.9667345856182796,-0.11191288060877574,0
0.13191929627516805,-1.0098167914587441,-0.2634584565026348,-5.765903427728549,18.119090632514762,-2.797978245536521,0.05077807947127314,-0.9662718968499295,-0.11138949851672737,0
0.13551270828976966,-1.010440463253174,-0.26312618536687266,-5.726464164137833,17.809863437594018,-2.701566105022735,0.05485376293479587,-0.9648329287581962,-0.11130319552590791,0
0.14328785158989643,-1.011577338563396,-0.2635310341336321,-5.788829261858986,17.536201940810017,-2.532400617090453,0.060226212208854005,-0.9649673996051977,-0.11078225399053283,0
0.15319984857369665,-1.0136409794837546,-0.26221747378908206,-5.8850488209518925,17.281195452222853,-2.2641889473559025,0.06595556395452168,-0.9681081786451556,-0.10983501442126418,0
0.1601494181460067,-1.0175490384234607,-0.25943987910765565,-5.946077078843855,16.98801438124035,-1.9312631208168303,0.0702439387474904,-0.9731180064614594,-0.10842302986151356,0
0.16221931427467395,-1.0230740730254317,-0.2577810582565904,-5.938213174077163,16.627776389734176,-1.594207997355861,0.07253908727184051,-0.9776160388066043,-0.10615138780964238,0
0.16252395304044737,-1.0283872973726254,-0.2580788300991332,-5.854154336118995,16.247361698113178,-1.2863441064542867,0.07437770193529195,-0.9803478380392929,-0.10324854745450439,0
0.16467874197699356,-1.0319446321884818,-0.25771917389681315,-5.69580825218836,15.927121083986837,-1.0080705934625385,0.0775575649177305,-0.9819086056562606,-0.10105638606345159,0
0.16825912302411475,-1.0338389910786454,-0.2543204909360776,-5.472553045586455,15.696346225614102,-0.7584673226159914,0.08159773595216856,-0.9834067775988149,-0.10064882084819966,0
0.16983490135717122,-1.0348369763522651,-0.24983624990035488,-5.200715301164321,15.503208980652483,-0.5583044777390609,0.0837820639317068,-0.9851701764626309,-0.10127367128948465,0
0.16757479892447263,-1.0352407595425586,-0.24875390035618805,-4.900638935069422,15.262298182943148,-0.4445448823495416,0.08208502393431928,-0.987070987909467,-0.10101249925791582,0
0.1635969195932459,-1.0353277825377363,-0.25220836263255897,-4.6009090610150745,14.922913780179769,-0.438195080251399,0.0776717067684462,-0.9892437556695315,-0.09888894082543458,0
0.16197866720111492,-1.0357503990751562,-0.25614775291364694,-4.341812973891698,14.49806261287184,-0.5045415409518399,0.0741019081815577,-0.9914525961311748,-0.09574157269530056,0
0.16506971223965794,-1.0364569574426532,-0.2562232904117205,-4.158238969280623,14.042081455351575,-0.5511621134533811,0.07422823319860387,-0.9922392107507509,-0.09319047132960682,0
0.17136883004082784,-1.035809348789954,-0.2525821986233361,-4.043151986952464,13.611313941208898,-0.49007026813480886,0.07819362722340757,-0.9899666794757813,-0.09222248903640547,0
0.17679770405284886,-1.0319271852971441,-0.24863916427336183,-3.9347441541908075,13.245225632748207,-0.3117340209716332,0.08404895144919632,-0.9847315748504182,-0.09261530065180856,0
0.17885853467200316,-1.0252836148456161,-0.24676489184978884,-3.7707426703401157,12.964764095131105,-0.08549474301786944,0.08949681833286167,-0.97855577714114,-0.09330294907599737,0
0.17957955103427345,-1.0194194921498985,-0.24665864926301428,-3.5670436574482376,12.765044758297236,0.11583472273553974,0.09329131328214015,-0.9739540411890317,-0.0933010882041846,0
0.18324444367640755,-1.0180624602078283,-0.24688763881818948,-3.4124577639680687,12.611724516168382,0.27674335605578226,0.09612120492089181,-0.972671940906618,-0.0924911310861535,0
0.19116280628596669,-1.0211378991025117,-0.246498247058931,-3.3624022377342966,12.468085603178368,0.42498162713649057,0.10016980532109196,-0.974973216865123,-0.09145373286231014,0
0.19991033557087323,-1.024657689221572,-0.24548241635720158,-3.358029637763888,12.337921098602601,0.5773047745288306,0.10660530829126662,-0.9792543879402237,-0.0905559380248767,0
0.20497135432027005,-1.0253943122695894,-0.2448304515489835,-3.277910154619133,12.27194670162148,0.7068135007561825,0.1134281920229232,-0.9826705254517423,-0.08976324581380483,0
0.20506007858621475,-1.0243103931947777,-0.24604430923027587,-3.069571649445007,12.319896250904128,0.7586585431794652,0.11714819644651234,-0.9828590723059115,-0.08964517176776286,0
0.20258153731421644,-1.0238369327491692,-0.24976570016518343,-2.8200519699444766,12.476325562924805,0.7028337866105516,0.11691076449949236,-0.9792762469022296,-0.09167010562681896,0
0.2009585248419655,-1.0232822894374192,-0.2549377541517387,-2.6933705170912163,12.676807697426062,0.575571245746294,0.11574729438586726,-0.9730144337793991,-0.09651983374512273,0
0.20208186960441618,-1.0193667118308543,-0.25976953185798934,-2.793401844207634,12.846107538236621,0.45675053158553497,0.11713474256779548,-0.9656579744859118,-0.10262552858559104,0
0.2054283059781035,-1.0105847692577439,-0.26331472433720754,-3.0831188587402143,12.954888030634274,0.3973344941528977,0.12107052707507303,-0.9582939178163348,-0.10754755057217304,0
0.2088050744067806,-0.9990517992451668,-0.26614074825615075,-3.440368403668061,13.043655683876764,0.37320568600967907,0.12425150373473164,-0.9513009295884116,-0.1106970327665059,0
0.21030397140014984,-0.9885939415847094,-0.26987811415796836,-3.7901134760286608,13.198155177437597,0.3111414893703453,0.12392536394461398,-0.9449201076644832,-0.11366553538438182,0
0.21013168732274573,-0.9823745156956738,-0.27556565838414404,-4.168956503465732,13.492212536398945,0.15469362604241121,0.12104897094599865,-0.9397934419866331,-0.11786796705407669,0
0.2105825585626692,-0.9815095920377235,-0.28192954860763025,-4.656273793018476,13.942965170095084,-0.09204116727434807,0.11952527156098168,-0.936640140268595,-0.12289005481037851,0
0.21395419350586967,-0.9844146263001403,-0.2862217560136222,-5.259753499472851,14.517888457063792,-0.3731711773196611,0.12252637060207494,-0.9356066429069222,-0.12736279745418166,0
0.22022189837707434,-0.9877656107103658,-0.2870954673700506,-5.890364262548713,15.180973032091961,-0.6270003809435981,0.12968046010787965,-0.9363080492814994,-0.13054238703643514,0
0.22681640899003092,-0.9893807892446517,-0.28564320176960406,-6.4539007539375515,15.922224043593566,-0.8313124971536406,0.13769219961997323,-0.9382742131617976,-0.1326366690954674,0
0.23096496966217947,-0.9901211688364345,-0.28391039487568864,-6.952213139214209,16.741077627415617,-1.0144073334842165,0.1433177631124813,-0.9409731275619153,-0.13425473085832415,0
0.23211117878780213,-0.9919430392127119,-0.2837424228969608,-7.4775458547211375,17.61567407977593,-1.2211975224831866,0.14554594744019597,-0.9436285645964161,-0.13601859120307852,0
0.2318723134776698,-0.9947329771980197,-0.2864483182543937,-8.107813213419437,18.500499454447336,-1.4640647096895527,0.14539597777973545,-0.9454968516394587,-0.13835604093590134,0
0.23216598840671726,-0.9969031545954026,-0.29180683275950803,-8.823823216978136,19.35059078460974,-1.7149098875019462,0.14448028332286378,-0.946454600212609,-0.14119058674176263,0
0.23363520820948994,-0.9985348155477736,-0.29746503082149317,-9.533221604484503,20.140905808969414,-1.9519570604994119,0.14399739369081604,-0.9472315661927146,-0.14384157202388956,0
0.2352430684908694,-1.0014605110236807,-0.30071259406749196,-10.15194279266771,20.86267448916004,-2.1997873937809667,0.14441720200079483,-0.9490180896330261,-0.1455396480288561,0
0.2352468369130837,-1.0061118210471152,-0.30127677801029595,-10.644418225217628,21.503473115768646,-2.5082696824699853,0.14537442559374186,-0.9526511216135031,-0.14617426618566595,0
0.2330195084788074,-1.0104347134838654,-0.30156240026485376,-11.00606177720018,22.031537489642094,-2.9001489206677853,0.14571670094333353,-0.957837789531935,-0.1463812770411255,0
0.2292935138560485,-1.0125660757501045,-0.3035402290085341,-11.241693347223109,22.405086215919834,-3.3527304208858473,0.14385623808227868,-0.9631852674292009,-0.14682757072777344,0
0.22388687871753546,-1.013301043748669,-0.3060693611191503,-11.365033487164514,22.605779760239038,-3.829645272889436,0.1383218303803073,-0.9674121669128953,-0.14762021114816717,0
0.21475166010363328,-1.015265499568827,-0.30634643959752716,-11.398250038444756,22.660996486819613,-4.321975114942317,0.12845678132702767,-0.970549071648617,-0.14850696804467445,0
0.20108871382395105,-1.0201944981140452,-0.3036795854271124,-11.35823524875666,22.620400548936544,-4.850733203417772,0.11505524163603692,-0.9734882368862379,-0.14929451499135113,0
0.18577691289202317,-1.0273354660181102,-0.3005179843865,-11.243103176670239,22.506533746531453,-5.4245713036120655,0.1000253338911521,-0.9765354015481953,-0.1497694507138272,0
0.1720338295308277,-1.0340286420718974,-0.2994331007055661,-11.036092566369524,22.296182731391678,-6.000701757212348,0.08468350290713979,-0.9791704587294278,-0.1495985041381424,0
0.15879397944808304,-1.0374047723358362,-0.29998231449820073,-10.728236715847027,21.946844480049602,-6.5019995155405095,0.0684525057970781,-0.9810476475689331,-0.14876246229551046,0
0.14222842856122578,-1.0361019448819566,-0.29937308654038086,-10.342034877691956,21.423811832408642,-6.880150962150865,0.050113751162681325,-0.9822581790980576,-0.14769420305787276,0
0.12132336976549435,-1.0314549116158622,-0.29624736918956585,-9.933309665655162,20.699306628739187,-7.153246234899126,0.030530634664381762,-0.9827131894213642,-0.1465111584847628,0
0.09977849616343819,-1.0271602568410259,-0.29274955702445893,-9.563716465898635,19.748085380520806,-7.3703389278732026,0.01320999876413899,-0.982296681009841,-0.1445896364482607,0
0.08271141196110797,-1.0267727697504208,-0.29146397798621404,-9.255723764102596,18.563132588106516,-7.547189038614783,0.0015225730067966964,-0.9816152941214362,-0.14131303785056415,0
0.07277468972398153,-1.0306476651899188,-0.2908843781132317,-8.95618626897798,17.17462257609282,-7.657182287242344,-0.004230273623168797,-0.9816137484064227,-0.13654383344730303,0
0.0690093450344139,-1.0354157519191727,-0.28637600997537865,-8.543124482881995,15.64743500411654,-7.686244288821384,-0.006548680107674797,-0.9823401165558558,-0.1299598179150668,0
0.06861555034660273,-1.0371713934147078,-0.27610948645193134,-7.893167682999609,14.05887213346162,-7.673590802450758,-0.007804915981177095,-0.9829005104591862,-0.12095849871548438,0
0.07011539803064745,-1.0354452214967107,-0.2635291971814655,-6.976905219019296,12.475651941302889,-7.687429044421625,-0.007869511200102333,-0.9827346964274035,-0.10990184655109868,0
0.07518059770206464,-1.0333190083213841,-0.2527954821397638,-5.905679731207333,10.948013065825245,-7.777659369016856,-0.004443695044116522,-0.9822322643387784,-0.09853182194095077,0
0.08708091404855754,-1.0331965475268963,-0.243940032134942,-4.871346942658732,9.523329705359235,-7.965004508245402,0.004612147976370401,-0.9820420120966918,-0.08846150054959134,0
0.10695857241894739,-1.0338345543651013,-0.23422156202755168,-4.014166851426937,8.256186484085793,-8.258968528545903,0.019358680425492027,-0.9823929112612327,-0.07989149515402634,0
0.1316356270936396,-1.0330499574136822,-0.22299488936022568,-3.3415182618245227,7.1902432736832065,-8.659688965510561,0.03782015760566424,-0.9830109879626755,-0.07206939269149348,0
0.1552613101508323,-1.0316457230246543,-0.2130328215329404,-2.775603795154199,6.326498950452832,-9.136874813715938,0.057448339865290014,-0.9831172024088772,-0.06419966949338314,0
0.1733650397735536,-1.0311980745528753,-0.20650879068198386,-2.259890805024379,5.619991645424258,-9.622543160100479,0.07641650932936186,-0.9816832880261602,-0.055677254014182345,0
0.18581602481916443,-1.0286510116182397,-0.20138109490929396,-1.8010714742741885,5.015292008308095,-10.040411637081931,0.09374683557515358,-0.9782616284832997,-0.04621951366517269,0
0.19620056582543788,-1.0184654274823124,-0.193642408831984,-1.4307884753448306,4.482646899680291,-10.349017835500577,0.10868246905912762,-0.9734981963704488,-0.03611026764541554,0
0.20813946436868258,-1.0021710747574828,-0.18243633727383235,-1.1606507646359987,4.0233752407776935,-10.558252716490186,0.12057454242636664,-0.9684778291979397,-0.025996102322356718,0
0.22187920946070805,-0.990167291076806,-0.17090387781479022,-0.9698386983976884,3.660211225330549,-10.704079057226219,0.1295735934590165,-0.9635510439243734,-0.01654646328959604,0
0.23415800857100344,-0.9893287982445553,-0.1625052216480213,-0.8178870350474735,3.4335489499721183,-10.805475474750788,0.13671149253736978,-0.9579018488384019,-0.008583836309612175,0
0.2410962508531009,-0.9931509766371562,-0.1587489881256728,-0.6805285659647069,3.3824828161981912,-10.847516805977383,0.14264912308510266,-0.9503201863940668,-0.00311186358223811,0
0.24137966520330623,-0.9896912081773176,-0.1599362151321167,-0.5889647302167617,3.4932561885827096,-10.80941620031922,0.14687807258505384,-0.9404994474614663,-0.0006484115310035708,0
0.23718729840504552,-0.9759916748814079,-0.1651454131319307,-0.6170190217607046,3.668175123869307,-10.702400965841218,0.1487410867727105,-0.9295030753208686,-0.0006926791912033317,0
0.2324021105326676,-0.9592266786163585,-0.17123050973750148,-0.8078675463613731,3.7808447892988237,-10.565346899457449,0.1484483609589819,-0.9187593630025168,-0.002327555328948275,0
0.22987248665737112,-0.9461088208776584,-0.17463917661035983,-1.1304567223623982,3.77553233065573,-10.419198473260094,0.14647842945975909,-0.9088191534608304,-0.005278079264016724,0
0.22985295236462625,-0.9369353434324382,-0.17506211714223066,-1.5399313025503332,3.6926082092694266,-10.240074545584967,0.14307354914519502,-0.899597780509402,-0.009768269371591715,0
0.23038462646363114,-0.9295811134172737,-0.17545244800834325,-2.0700230783253977,3.5938669552011904,-9.989737702532928,0.13901909480773778,-0.8916451172957114,-0.015207982060114165,0
0.22904650412468577,-0.9241169783379154,-0.17824725640562694,-2.8164322583865835,3.488740393714592,-9.664424698301632,0.13566085589468518,-0.8862807587040811,-0.019857366262053252,0
0.22476490675400682,-0.9219079506253547,-0.1832234465268106,-3.8068424171971618,3.339837800363961,-9.300127973967156,0.1333677214769824,-0.8842810116105786,-0.022475789328050225,0
0.21846744861888237,-0.9235772670757931,-0.1888328737318708,-4.922092482185022,3.1162460441522657,-8.933523853236833,0.13115031833134613,-0.8852890818290844,-0.02392984319086569,0
0.2124015917912584,-0.9293619919722426,-0.19382243859013779,-5.984496931849706,2.8284456274700283,-8.568632528343931,0.12849723866628326,-0.8887571761271289,-0.026389854314995277,0
0.20861272468687425,-0.9386812929705671,-0.19730300011156346,-6.908391269226001,2.520047608131484,-8.179050244927062,0.12636043264206712,-0.8945622092518519,-0.030648438600904517,0
0.20733689344096148,-0.9483797226742409,-0.19849041839338086,-7.7247290744010275,2.227556020221455,-7.732291177784969,0.12538602817416816,-0.9023993657896566,-0.034623679003770405,0
0.20681046502083555,-0.9545284061833073,-0.1972492770345433,-8.472634458329738,1.9417846953355027,-7.209399597778481,0.12428652746812971,-0.9113212951555559,-0.035142439672973154,0
0.2052917960459216,-0.9574298750963155,-0.19479073793867144,-9.124979059729501,1.6123692906842932,-6.60582376496907,0.12150566394796483,-0.9201225320698498,-0.03125842207746053,0
0.20320414199898804,-0.9623300413836915,-0.19282332879429487,-9.62913308270544,1.197261525199386,-5.921638871353647,0.11810594862638756,-0.9278961077845874,-0.025255759105504767,0
0.20269536907844457,-0.9734671479395633,-0.19118157545512915,-9.964531001256459,0.7051890418100005,-5.1618693025446705,0.11727510979013835,-0.9345541384889722,-0.02021312972645745,0
0.20525149842333157,-0.9888360932906473,-0.18729693978178724,-10.130604182975533,0.18515560831575176,-4.350403844093755,0.12054413945156962,-0.941137667779495,-0.017053917141910305,0
0.2102169243500654,-1.002124379364642,-0.17961383057714128,-10.116892288930472,-0.32282134870488827,-3.5342532145020487,0.12581966695447053,-0.9489479422549246,-0.014253904209657667,0
0.21535503497329317,-1.0090043451685942,-0.17077380008019089,-9.922634353389421,-0.8177974190633405,-2.762515869589208,0.12986778487615555,-0.9577532595265691,-0.010142955952217163,0
0.21849191625138134,-1.0106138351177087,-0.16520033514958843,-9.589866508981826,-1.3101914346749959,-2.058021222468264,0.13180993096334315,-0.9653896142684731,-0.005107990271534941,0
0.21933102906089674,-1.011485143733024,-0.16360540118380693,-9.18961764577211,-1.7674094127517022,-1.4100440041022062,0.13339100290058908,-0.969854930533814,-0.0014419906870099294,0
0.2204325854262287,-1.0151405561560614,-0.16241660837222896,-8.779614202242023,-2.10630720397034,-0.793523627334485,0.13643978578919577,-0.9714959503541244,-0.0011468983200243323,0
0.22548679478294698,-1.021538894163358,-0.15969315650792298,-8.38389516878091,-2.2537284558715647,-0.19806463567271168,0.14104539897841767,-0.9724456791916957,-0.004000637899510541,0
0.2350863143221662,-1.0274699997134489,-0.15908199438190768,-7.998125072883612,-2.207794781786646,0.35455464405626536,0.14624921204131194,-0.9740802342598194,-0.007803669212364909,0
0.24476093267433527,-1.028841555255569,-0.16512990178000195,-7.602901937821634,-2.0295988824300752,0.8218850187174552,0.1517026293452192,-0.975696555394411,-0.01041608883271479,0
0.24934754222945532,-1.0238358426909555,-0.17607863223739997,-7.186042625816654,-1.7818084520473183,1.1795667427163123,0.1579100914256532,-0.9756273463312723,-0.011434286997490255,0
0.24935127937231177,-1.0151159736079016,-0.1848050945248751,-6.766078429626728,-1.4880267525537818,1.4495044531970867,0.16494156688528178,-0.9730641864872812,-0.01202095341154959,0
0.25026347467854226,-1.0082855590339095,-0.18663127112202188,-6.389007242519292,-1.1457149874475703,1.6793513682214574,0.1716400397841151,-0.9687666404080291,-0.013372083122880575,0
0.2549039812864533,-1.0069030990830172,-0.18332151704389546,-6.094831954477839,-0.7575334080392471,1.895268107915515,0.17643469661424843,-0.9644305428935127,-0.015342999451377353,0
0.2598690448919758,-1.0091793163184068,-0.17952942487365298,-5.891286792083365,-0.34483494295052003,2.08541033355369,0.17855689701678917,-0.9614559226512294,-0.016460915957905997,0
0.26120394569152905,-1.0103316621943976,-0.1776459641401665,-5.766212044752922,0.05419410108228816,2.22428448775247,0.17831045973253656,-0.9601025511278917,-0.015387558301778457,0
0.2599430362582908,-1.0078765334271482,-0.17645570634133995,-5.71943929543389,0.39688315638398564,2.2987746044169075,0.17668746685553163,-0.9597728736434465,-0.012411936785870364,0
0.25940547347582055,-1.003861945911989,-0.17379015030325898,-5.7663235829160495,0.6638193858111526,2.313378922648416,0.1750124956516331,-0.9601093448640323,-0.009329373147506034,0
0.2600055914984012,-1.0020148127935902,-0.16985889558555703,-5.902856116696408,0.8791568869815581,2.283727502440608,0.17439620604584638,-0.961469808332756,-0.007805659699161885,0
0.25983764894656414,-1.0036263685327516,-0.1670980955113335,-6.0793978710908005,1.0890922934565501,2.2278399679359002,0.17493938536327017,-0.963986073814318,-0.00798948967857463,0
0.2585172253835074,-1.0071002928456836,-0.16640151344378634,-6.2270118685560965,1.3147784964109548,2.1580009255849637,0.1756265073698724,-0.966701723634793,-0.008642739691526758,0
0.25746203439025295,-1.0112232557056804,-0.16509718273692994,-6.315535407656374,1.5363664624785802,2.0791523677800416,0.17542394242859213,-0.9686780881962824,-0.00822788800645842,0
0.2573388178573526,-1.0171535351954126,-0.1601122550938805,-6.37349720525698,1.7272109183970972,1.9984133010022709,0.17448916177507126,-0.9709461865579027,-0.0056755211243961715,0
0.25794174023211863,-1.0261295609822234,-0.15221474003236674,-6.4329844308218265,1.8926011470934372,1.9367523237908364,0.1740396596755814,-0.9762801023331327,-0.0006258068196016589,0
0.2601191492455942,-1.0367633541684733,-0.14552688141310663,-6.451492371949558,2.0634727124294354,1.9227935396711104,0.17502464360801437,-0.9864273582808981,0.006291363905957628,0
0.2651284859812962,-1.0465602704690304,-0.1430839918488621,-6.303890574958247,2.2550630758602686,1.9673476417600324,0.1772920358553643,-0.9998575423161122,0.013413145280555691,0
0.2718879034878805,-1.0551174164828079,-0.1441451569377615,-5.872379218087971,2.445181135357751,2.052612794806592,0.18029313584955703,-1.0125290666554798,0.018973937909427366,0
0.27706955289346913,-1.0634280487533023,-0.14550496662729473,-5.157910055586952,2.5978010977413377,2.1601703802475614,0.18408580644832068,-1.0207985528808603,0.02241604807985791,0
0.2785016473697328,-1.0702106242830896,-0.14369930523088523,-4.305929838574304,2.692854947246163,2.303117782615732,0.1887823124314045,-1.0235668360491557,0.024642611940755812,0
0.27713744477899876,-1.0714582994777968,-0.13643668033634085,-3.514276533678947,2.7182183196375345,2.512188446421394,0.19315423055039113,-1.0219927711147478,0.02708439630346997,0
0.2754985524423006,-1.0650973578281335,-0.12475583010137317,-2.900506801617674,2.6469744384001124,2.790387402016227,0.19502012269599933,-1.0178704670187801,0.030741326610843892,0
0.2753801940071645,-1.054867890039598,-0.1139897020301317,-2.446173593271915,2.453150658793961,3.0975792977595376,0.19355531452500419,-1.0125970342155646,0.03579402062961143,0
0.27700195777587344,-1.047283630876042,-0.10941938444772928,-2.0594601878956658,2.1568193992367743,3.3844444185765186,0.1904359091121373,-1.0069899401080613,0.04151399290176512,0
0.2791008208603027,-1.0445378796828138,-0.11017173640298053,-1.6781748255401205,1.8322168132231955,3.6340299320568357,0.1882377600229141,-1.0012167375708296,0.04648914257784699,0
0.27978419207114563,-1.0426241941151004,-0.11012743536439305,-1.3108703737702443,1.552961840839396,3.869635742992261,0.18823352376744246,-0.9949629369971053,0.0495088286224744,0
0.27823274154320043,-1.0370850940858571,-0.10561549234187931,-1.0062443709808053,1.331940351308104,4.1272800489936685,0.18992729273377795,-0.9881198344491431,0.05062857040127729,0
0.27568910341684805,-1.028176250994409,-0.09965058939412975,-0.8102785626823147,1.1248154002941442,4.417138216554685,0.1920988130595973,-0.9811512775412564,0.051080216584682425,0
0.2744958083600126,-1.0192357884890315,-0.09724969627708034,-0.7382841393851071,0.8903562358444451,4.704044420216359,0.19390530186836763,-0.974583735174358,0.05183396491781713,0
0.27615223261591226,-1.012229830112406,-0.09866640684134131,-0.7550834349813623,0.6359876986975954,4.927406363289641,0.1952116669361252,-0.9686820991664229,0.05266370323936692,0
0.2798528877447232,-1.0067651381186873,-0.09989324259113759,-0.7867205469284916,0.39956297411638075,5.0492296090533895,0.1962342409096745,-0.9640923730113777,0.05283796493182037,0
0.2826014377238762,-1.0026767517793376,-0.09937568076158074,-0.7854165934981553,0.1932074786982402,5.0845805501868835,0.1972035693735814,-0.9623206690556718,0.05184306696725903,0
0.2817341316009,-1.002055702418564,-0.10108135594221035,-0.7948140366547458,-0.024618866152583303,5.079334989398162,0.1985501692374067,-0.9649443260643366,0.048845277896773946,0
0.2781787393493395,-1.0080399088592271,-0.10966483812882132,-0.9382261666182241,-0.31663517103642375,5.058127816174016,0.20091133223774282,-0.9724288183472576,0.042455839102703154,0
0.27617804075897984,-1.0217037682646675,-0.12483299814551262,-1.3309257090261726,-0.7095160284297338,5.000773267373824,0.2040180527708132,-0.9839657606994833,0.032210182583743224,0
0.2784762906443137,-1.0404646814609193,-0.141736113218822,-1.9854040749512591,-1.1715028714176787,4.869996432540977,0.20572965449112443,-0.9981124794001324,0.019948380555484157,0
0.28259547839922583,-1.059425225520956,-0.155120019241431,-2.772813483509104,-1.6410073294981737,4.654913445995196,0.20367805881237389,-1.012992611011031,0.008676719067100418,0
0.28347744659863444,-1.0741576261255779,-0.16273703520318789,-3.4692410575147195,-2.0714393415594934,4.386069395135501,0.19840189003792383,-1.0260723514882335,-0.00012866733733402883,0
0.27930465454390274,-1.0827512674070021,-0.1669519962750065,-3.8661347549905667,-2.452601018783547,4.118028561437568,0.19330165254801168,-1.0347039572117787,-0.007585081383311484,0
0.2730432621037877,-1.0856475984659553,-0.1730076216953924,-3.870403356081608,-2.7970535791808304,3.9049915242771833,0.19054994072368373,-1.0373335651507916,-0.015770365420321883,0
0.26840351825779724,-1.0837019917922812,-0.18362908990335935,-3.52907549249041,-3.105986337515567,3.783556097706057,0.1885818807050585,-1.0340281011252686,-0.025588163504974722,0
0.2658338022867383,-1.0770998539869117,-0.19614610190908766,-2.9857692202151855,-3.3422423998410626,3.758366777453793,0.1848796219274856,-1.0262399978898202,-0.03651515406632364,0
0.26302320277669783,-1.0664935450884736,-0.20678074597238555,-2.4137356673154664,-3.4382669749787604,3.7950304932835355,0.1796840653047696,-1.0164398533139567,-0.04802078286996588,0
0.25854980506421704,-1.0542619084505203,-0.21599693839316506,-1.9487251751359025,-3.342323114889913,3.835348184047596,0.17517901724314813,-1.0071239752176189,-0.060537251433516015,0
0.25398340661059776,-1.0437093976632905,-0.22749294760228966,-1.6386850471875873,-3.0630380776219517,3.8300395767546696,0.1720794912102319,-0.9994063971686984,-0.07480931614686578,0
0.2518860902290495,-1.0370079793186435,-0.24341575454703734,-1.4441773688578448,-2.6650927564161204,3.7608086774869345,0.1689971330324281,-0.9930279149190043,-0.0906336661647855,0
0.2521530555756855,-1.0341479619003429,-0.2618558041339001,-1.2925263043436142,-2.225592509851962,3.6364764014757758,0.164803807534764,-0.9878634900432562,-0.10648523471914766,0
0.25115870070897317,-1.0339109109570732,-0.27783964800017363,-1.1263563426685472,-1.806442475810634,3.477889993237878,0.15978675326246558,-0.9845435527513653,-0.12032967275539877,0
0.24484661382266787,-1.0354602156452952,-0.28714496065735506,-0.9004966850477217,-1.465716343544709,3.310936559283301,0.15399982895172418,-0.9832753853133074,-0.13098996445773325,0
0.2323487205526011,-1.0380391743066877,-0.2909320496809954,-0.5665256550322538,-1.277230882252269,3.1698242545637156,0.1457500509052467,-0.9827409403264885,-0.1392788611904327,0
0.21615016759127575,-1.0389536820779952,-0.29557912957449584,-0.10486225283465063,-1.326257625937036,3.1020918945739457,0.13290053235445667,-0.9807600659542977,-0.14805599931624408,0
0.19885743416091786,-1.0338458769258112,-0.30648401813337484,0.41605108323114365,-1.679166593526728,3.1633996390546693,0.1154674462865119,-0.9760846961054107,-0.16058098062115456,0
0.18074444963434727,-1.0212471610081373,-0.3238226441895171,0.8309607715109067,-2.3450829196478473,3.3912593735355987,0.09601349227422444,-0.9694326177558127,-0.1779489966907361,0
0.161168571511741,-1.0062242554153296,-0.344932713696903,0.9522109222676024,-3.2587639323524042,3.767806910149936,0.07734750637201102,-0.9629503213487061,-0.19805645744337202,0
0.14147852919162268,-0.9969520456422993,-0.3672995114880409,0.6756026461442762,-4.305872443785784,4.2083993516836875,0.060507101238235675,-0.9589454489698906,-0.21729424909494235,0
0.12474269240102043,-0.9973795077867436,-0.3875020268145344,0.037629957334576816,-5.372568134853332,4.6018261073064926,0.04514473964947939,-0.9588669292416182,-0.23263781776304587,0
0.11260398610295605,-1.0053561607012187,-0.4001213685122993,-0.8037621881428068,-6.377826396986426,4.879062793090543,0.031188396534275513,-0.9629232975721533,-0.2417404194223775,0
0.10425242746987717,-1.017903161965472,-0.4004885674196283,-1.6327959393819864,-7.281476340985081,5.053873207439132,0.019630104455094086,-0.9705797006982891,-0.2427108879750043,0
0.09879535955285705,-1.0348182156444443,-0.3892025888345202,-2.2579249371880583,-8.089347223328225,5.202959868302829,0.012066663867055925,-0.9815038306224947,-0.2359609244423353,0
0.09694446377232946,-1.0552299935686176,-0.3735229988690812,-2.6073297890869425,-8.837353235616366,5.417175175905779,0.010083167160350907,-0.9956567925662362,-0.22563332653277424,0
0.10019598496515901,-1.0741285820851165,-0.36213174782342306,-2.7843622026981114,-9.52228647291081,5.781366664853789,0.01470025481810842,-1.012196272854849,-0.2166784214499943,0
0.10929958756492882,-1.086454022759746,-0.35700628431553894,-2.9941925697788,-10.042299099738289,6.386124469583931,0.02511863751078545,-1.0287840588595139,-0.2101315827179947,0
0.1225857787244821,-1.0930256415422663,-0.35291025841699875,-3.3685240001127523,-10.266798795647057,7.3180481984534556,0.037827187017395236,-1.042650412689389,-0.20323989920226718,0
0.13533617158594458,-1.098740796759015,-0.34637494459423773,-3.8674863278459988,-10.211346928482618,8.611532058290113,0.048576508465713264,-1.0524602541957004,-0.19455268737796186,0
0.1431301509984835,-1.1060973715459557,-0.34115995056274506,-4.368765605589864,-10.113068358851963,10.222226779971194,0.056010503235178144,-1.058861048855555,-0.18669362070472,0
0.1463249247581469,-1.1130505358016918,-0.342177386323919,-4.8176978314810235,-10.277787989527994,12.068479864137224,0.06183345380067711,-1.062957606225843,-0.18323559198086262,0
0.14814630924296815,-1.1154384132436328,-0.3479160589779632,-5.251978093063625,-10.840451285047322,14.087765948255278,0.06645469494897308,-1.0642043989139116,-0.18465934377793125,0
0.1479248957832923,-1.109786761716997,-0.35260204885505964,-5.709586829009642,-11.689490408386863,16.22381496029182,0.06632095350893419,-1.060268764402625,-0.18864331487110883,0
0.14019301618003113,-1.0961630905489812,-0.35392973094294694,-6.169137068179435,-12.614138847309471,18.36547505519078,0.057539176142121756,-1.0498644898602696,-0.19308559077366022,0
0.1219654324067083,-1.0796837084498485,-0.3553292399188216,-6.5822177923778575,-13.491943726486435,20.355913621813812,0.04112148974842838,-1.035693022626068,-0.1973653237083839,0
0.09768258979069157,-1.066739301319722,-0.36048997184556897,-6.925480214972667,-14.330176206975167,22.11059786480073,0.0224129063084808,-1.0229487431661988,-0.2012043093141824,0
0.07505686643301969,-1.0584839703191502,-0.3676308960064475,-7.197766771526015,-15.177074202188878,23.703026651099236,0.005529592168320182,-1.0138609680649506,-0.20378704226102723,0
0.057986959063584226,-1.050295287285638,-0.3706761808108011,-7.356437893537243,-16.050894188012972,25.27111520510066,-0.009753279312688252,-1.0052702992607492,-0.20435258657940625,0
0.045043901353787025,-1.0384317086478063,-0.3662780620811506,-7.257638142695221,-16.953667497211022,26.827503742792484,-0.025484585710541265,-0.9932060804582168,-0.20308705099337654,0
0.03347003218734344,-1.0242372913603883,-0.3585238473611854,-6.710702843030743,-17.893600858952183,28.21029785194057,-0.041696583081761746,-0.9782030566026589,-0.20111218980291873,0
0.02253044799294841,-1.0105282723879738,-0.3550760635118715,-5.669808496977208,-18.844774321212512,29.237570833022033,-0.056212318897790006,-0.9638820608016705,-0.19941780594174274,0
0.01248120110235454,-0.9971018218947311,-0.35849749851466994,-4.376747796522082,-19.704514764861536,29.8626442043868,-0.06787724633762483,-0.9516942978092446,-0.19767823851633717,0
0.0017547534119951211,-0.9818875697840119,-0.36281813712145916,-3.2373696648008026,-20.346596766636956,30.15225238257568,-0.07872959282873643,-0.9395733871726283,-0.1945801985968545,0
-0.012535471341070166,-0.9643722857599518,-0.35932634293838994,-2.515549366867056,-20.728830544673478,30.17046847959033,-0.0918930572280149,-0.9251617753513559,-0.18957769105250868,0
-0.030364749376755713,-0.9462638596507515,-0.3450054954358784,-2.1816546641643333,-20.914976063461282,29.95684158568369,-0.10745089818789554,-0.9087010534782959,-0.18327180262293447,0
-0.04646565668723641,-0.930310193649159,-0.3251010416928203,-2.0581220723483775,-20.98298016629903,29.609206734716725,-0.12142877150261831,-0.8931843446319598,-0.1754462055112463,0
-0.05389192944357897,-0.9198175183326156,-0.3081775542676123,-2.0304726704508824,-20.93324124022355,29.304509778880576,-0.12918742977596284,-0.8825575210211459,-0.16456367418997636,0
-0.04966065311037055,-0.9181327880097925,-0.29894693766455527,-2.0853447151755815,-20.675935409236285,29.173996704235154,-0.12894997643532627,-0.8794620444900594,-0.1509414299749985,0
-0.03585070286862536,-0.9267533860839908,-0.295613956442745,-2.24615770907951,-20.075302446310843,29.167739725109836,-0.12138036569575493,-0.8844241481937676,-0.13888262643231739,0
-0.01587758191540103,-0.9438010025212827,-0.2937002682283389,-2.579212713543566,-19.019238979118935,29.081141128351955,-0.10688667702263524,-0.8969007395464607,-0.13325165324454077,0
0.00800673853526042,-0.965036999143323,-0.2914128586332155,-3.223797615479559,-17.499426851250377,28.726517444762717,-0.08561228767698556,-0.9157118486827527,-0.13442524385695181,0
0.03266440692597799,-0.9860591703380276,-0.29058716677513297,-4.2826412651912005,-15.65595482496713,28.08099805514654,-0.060697106127976685,-0.9376013893167987,-0.1385206458529496,0
0.05192755145934397,-1.0032462659574002,-0.29335927981152476,-5.621483721147,-13.7375795151227,27.291288973488527,-0.03929910378233515,-0.9569536240360461,-0.14237445702053997,0
0.05976781801570377,-1.014032704452052,-0.2994699867216019,-6.84496449520902,-11.996154793718608,26.558001847403297,-0.027973131185667306,-0.9690209597094193,-0.14641297730128652,0
0.05610783684473388,-1.0179118525433073,-0.30690688334092875,-7.568349253720582,-10.586305692047649,26.006714385108385,-0.02738527151909507,-0.9733249157512711,-0.15222227211109599,0
0.047421923989046995,-1.0167613228231838,-0.31394367312898996,-7.735340071056729,-9.524215059171024,25.640725594974548,-0.03301453295484889,-0.9727228680418878,-0.15907941077920398,0
0.040345970208330376,-1.0130562957582883,-0.3197835488402287,-7.634839888184955,-8.713932905865772,25.391268084652594,-0.040222826519969064,-0.9695701931119128,-0.16433819351577825,0
0.03590412047690433,-1.0082192188945298,-0.3237457122253454,-7.603849950041512,-8.01356452793268,25.197761737830895,-0.04689721257124883,-0.9641894595270666,-0.16653651610342907,0
0.03134042206086179,-1.0032161561099573,-0.32487486870369997,-7.746904233485962,-7.296661005121823,25.038425905366644,-0.05218898547759064,-0.9568720041626535,-0.16654875374560676,0
0.02596479854561983,-0.9991791411128753,-0.32279671393206,-7.93025567927262,-6.485717263035455,24.899155963494426,-0.055588768149268504,-0.9495099972111312,-0.16547778713480576,0
0.021995238208202556,-0.9962960547995066,-0.31849384223153965,-7.971434240155046,-5.5703997075569545,24.73358041123692,-0.05797378739514823,-0.9443071164629734,-0.16267715864574697,0
0.019735949196117195,-0.99378020106098,-0.3135955893899416,-7.785239750298698,-4.61014747583079,24.466529793785096,-0.061686793243441965,-0.9419912626674591,-0.15665538278366467,0
0.01572293086040993,-0.9922390763496032,-0.3087269839210101,-7.375482442912374,-3.6920482236959384,24.046707455726033,-0.06814852011053339,-0.9423721097085049,-0.14731869882724782,0
0.007712685949709875,-0.9942164922585736,-0.30257453412435276,-6.741448852392154,-2.8574874462026387,23.49763277944765,-0.0758041729802278,-0.9456752717561595,-0.13649951432047294,0
-0.0008636452775822167,-1.0006221447400645,-0.29303167913322087,-5.827022854373492,-2.073594055080242,22.89555100394214,-0.08124388664016938,-0.9519084635332957,-0.12640889517499465,0
-0.004158130194380132,-1.008079701731392,-0.2804863030291352,-4.583056596151883,-1.2858308687918845,22.278537946764725,-0.08226481942998583,-0.9595306321062401,-0.11835159166194197,0
-0.0008880995552371804,-1.0117816717149986,-0.26997013039545936,-3.095386419068229,-0.485027993781335,21.59669083354947,-0.0795911021661737,-0.9660022108242134,-0.11329563304172378,0
0.0041517807998756465,-1.0101642678819998,-0.2677717407742992,-1.6394079854755261,0.29276653206386705,20.779777651152784,-0.07619262334177443,-0.9690826620052686,-0.11273587863178766,0
0.005710377023403861,-1.0051845535799857,-0.27492535391501094,-0.5609407586082011,1.0220100731291903,19.8373883341648,-0.07520984235214934,-0.9668064232006329,-0.11765275969352922,0
0.003613482696255137,-0.9987113740409959,-0.28617121533787476,-0.05382673383414721,1.7215093058420587,18.85134665927892,-0.07737737743834351,-0.9575637297312322,-0.12684839470508247,0
0.0020559796304370154,-0.9902911386449484,-0.29618478119334546,-0.0427289946578244,2.4288193488005128,17.870160906067362,-0.07976124885924032,-0.9418908433106226,-0.13751462932019157,0
0.004337423067277312,-0.9783872225823037,-0.304269223075002,-0.2955622992606561,3.1502485737039403,16.85445305961842,-0.07827766137550175,-0.9237070182121038,-0.1474306947702252,0
0.009121682818647728,-0.9626745020571288,-0.3118547027631513,-0.6437346672307191,3.8392929447824766,15.743553770800744,-0.07231259372900567,-0.9083002278169175,-0.15586508424953197,0
0.0119367494795137,-0.9450686065259065,-0.31839833048647875,-1.083162774964069,4.422903489553624,14.541180107492842,-0.06567262217224534,-0.8984273325063897,-0.16267891017145558,0
0.010321028125936117,-0.9294195771722353,-0.32210588962201203,-1.6924428390431798,4.855856921411615,13.306656705637973,-0.06231289489274613,-0.8926057417974379,-0.16745572651333318,0
0.007040008814387662,-0.9199208142172118,-0.3228488982431838,-2.5007818495778578,5.162023622287296,12.083483802029514,-0.06251976964164813,-0.8876809063082878,-0.16954351708975615,0
0.007134071113323735,-0.9182721010144594,-0.3216475563672373,-3.439846936614306,5.424530788756713,10.87348999385476,-0.06399823039861305,-0.8828688300432712,-0.16849192873270152,0
0.011846199902217977,-0.9222819532906263,-0.31796852158314953,-4.386866561293062,5.724731987979826,9.679743468208603,-0.06504737278980381,-0.880420704120267,-0.1644643181049249,0
0.017153060730995946,-0.9285614409333814,-0.31044124743580537,-5.231395947796342,6.082923164383792,8.543546217156113,-0.06536323165518368,-0.8824886026524201,-0.15848465461822497,0
0.018686355723339074,-0.9361871331803916,-0.3007926293903751,-5.92488191928354,6.459711901294608,7.525108553529469,-0.06500006089269766,-0.888843167907709,-0.15220548053514815,0
0.01612452646030323,-0.9461672625844575,-0.2941232112725409,-6.507311462821466,6.814961345206961,6.659990372537987,-0.06431754846660594,-0.8979358082135065,-0.1470409806654892,0
0.011913064153329073,-0.9580702158319364,-0.29305977984775006,-7.081849851340662,7.156566447195813,5.942948509613853,-0.06451056455146807,-0.908412296725876,-0.14314212498092332,0
0.007878869267455646,-0.9693180185111999,-0.29348405302977565,-7.712022395078237,7.521009868389156,5.3487810001984615,-0.06654887999050497,-0.9188512328234658,-0.13923489712999523,0
0.004815963439454383,-0.9779220815460052,-0.2890724565881426,-8.321453553067837,7.914198323642831,4.863778422064281,-0.06947023224783595,-0.9278140402746491,-0.13385571703995444,0
0.0037609459024597054,-0.9845464918160937,-0.2793930946821539,-8.738326602965612,8.301133256214367,4.494842781832966,-0.07099283908333666,-0.9354662723638609,-0.12679427571498322,0
0.00545632701371608,-0.9915053511813525,-0.27016038992486435,-8.878665656578416,8.665619604288096,4.24476293043371,-0.07004563958235073,-0.9440164246395707,-0.11896173470637934,0
0.009131378050025991,-1.0003534200952524,-0.26507766374269454,-8.856541258808306,9.051330947941302,4.082452635493464,-0.06760773129436998,-0.9551543811228216,-0.11100368893695507,0
0.01336667693282694,-1.0105308544167486,-0.26107523280994405,-8.861788776446414,9.517481116640157,3.9492904810530662,-0.0649327442814319,-0.9673155610278623,-0.10272515412323716,0
0.017566514768382595,-1.0196053292428446,-0.2536685898867803,-8.936559445423873,10.06503910859692,3.796803727845854,-0.06220241100962455,-0.976411750681874,-0.09409902521713001,0
0.021473337983701903,-1.0246190851688568,-0.2441882301654482,-8.92252424812886,10.624656648430424,3.6075542302792356,-0.059296848809145396,-0.9794839823803523,-0.08641204781984707,0
0.024274592953340685,-1.0241073346090588,-0.23843088250938876,-8.642637487127326,11.109596475662183,3.3824704482551864,-0.05677231017574348,-0.9771436006897105,-0.08184251426506245,0
0.02532639920066531,-1.0193122267512107,-0.23936863653557017,-8.105221758111323,11.466158949196215,3.1328858894421203,-0.0554207132131849,-0.9720989749235152,-0.08158439597550987,0
0.024854518666678226,-1.0127991511348908,-0.24444807639097527,-7.51558177293425,11.683088186798168,2.8940988330074147,-0.05536851379811074,-0.9659073128636149,-0.08456640209693661,0
0.023309848413363653,-1.0057209484888803,-0.24971109751875123,-7.105409016012251,11.782873662848154,2.720600601428611,-0.05596688611576705,-0.9581995992077935,-0.08834983364493043,0
0.02113197262747655,-0.9974617845888177,-0.2531968154378285,-6.954018756167215,11.819694472061197,2.6440799090896183,-0.05627950819028456,-0.9489830729366429,-0.09113317017367409,0
0.019790922938073968,-0.9882714513737526,-0.25396036961671553,-6.948718943056435,11.870450938917974,2.64129866119515,-0.055522930709327394,-0.940313268089573,-0.09259874892637275,0
0.0220174959746156,-0.9805614809459969,-0.25139993541863787,-6.903293371640415,12.009205344413463,2.657642488433464,-0.053234668109802506,-0.9347504867669459,-0.0931430029785681,0
0.029656765085034946,-0.9764130159624825,-0.24710063605213775,-6.7299919982282175,12.28943597655986,2.66626916469907,-0.04929293893592632,-0.932699928216924,-0.092819155673502,0
0.04095763997223831,-0.9755330270881732,-0.24441144565216646,-6.510293245852846,12.73904347986835,2.692904038565297,-0.044181272081527376,-0.9323621556911655,-0.09103569697396294,0
0.050589365612095386,-0.9770253709518221,-0.24430146749065365,-6.392912239509092,13.331989752911143,2.7569892306620227,-0.03932934740314457,-0.9323702981977046,-0.08718641343161629,0
0.05329625681596647,-0.9808114898013829,-0.2439511793456329,-6.423213523163289,13.95191433065695,2.779508496705306,-0.03648506163725024,-0.9332338173615191,-0.08181119249984405,0
0.048307936093665134,-0.9856193324830295,-0.24109453893974567,-6.49701429151739,14.437357347306124,2.5867126348612817,-0.036318567837668396,-0.9354918078547942,-0.07699980407394458,0
0.04000410878318869,-0.9883273473564743,-0.2374955238957686,-6.4982923131318815,14.71046712663454,2.050080105592513,-0.0381726877488335,-0.9378003749686254,-0.07487881535699761,0
0.03357269947539793,-0.9875145270854285,-0.23639234429514722,-6.450621182819701,14.839259834517605,1.2180605654673133,-0.04117997057997824,-0.9384358428966084,-0.07546086402991561,0
0.03043090323978553,-0.9858507349398693,-0.2381250954486846,-6.488686849337342,14.946825727295076,0.2820034491915171,-0.044770353593271195,-0.9380628354550125,-0.07666307784424026,0
0.028596476295784833,-0.9873752829883371,-0.23970781094535076,-6.69514392283013,15.090263418040239,-0.5798726985821314,-0.04830087416063792,-0.9393498584383129,-0.07662497994220493,0
0.026153234922440458,-0.9933444388597508,-0.23819412448392044,-7.010905116898862,15.256089872168378,-1.3025262880409814,-0.051376221232618445,-0.9437798463158478,-0.07526934835109993,0
0.022595049717460087,-1.0012356909906979,-0.23434751826140515,-7.2911472200676455,15.438261376915888,-1.9038742605092567,-0.05452285648874829,-0.9500141319753488,-0.07355205083676954,0
0.017917198849810006,-1.0069377283428393,-0.2330837057535369,-7.394328039371684,15.669830572858135,-2.4130923445540287,-0.05849161951151211,-0.9556624338038116,-0.07229000304983138,0
0.012524934680935138,-1.0078783643810931,-0.238695735976383,-7.223493909798639,15.977746232054477,-2.851366261163179,-0.06281324466904974,-0.9597193078433002,-0.07210179163464464,0
0.0077703130281584105,-1.004959956101665,-0.2487613347079276,-6.751099988558969,16.34208194583416,-3.2497211060826205,-0.06595690184115328,-0.962522860314281,-0.07345065948179536,0
0.005222948563528736,-1.0016078394179848,-0.25520112267997835,-6.0477973933036635,16.716746613557287,-3.6438818147734002,-0.06714269006048718,-0.9637900850529302,-0.07607854674016139,0
0.005176883424843612,-1.0004344284947213,-0.2530077988743288,-5.27861508168378,17.073560855578826,-4.047081630290167,-0.06729304224985316,-0.9621289260329371,-0.07897434872296331,0
0.006066373661013442,-1.000934834576566,-0.24550828961909318,-4.644926130493898,17.40898299309363,-4.447135843823825,-0.06794274769387149,-0.9572992292165761,-0.08125730300089419,0
0.0055446617099159014,-1.0008196411825159,-0.23966446873807568,-4.290623078812144,17.721525942438905,-4.831393427672606,-0.06982164347417884,-0.9519307998238911,-0.08253392350280528,0
0.0027635082375926374,-0.9992445952261008,-0.23896122701985395,-4.2139551476969626,18.010492282343176,-5.195731951587243,-0.07279207725483591,-0.9496550319667028,-0.08220475302835947,0
-0.0003842762149521853,-0.9979232255268462,-0.24204329468157537,-4.250701588474607,18.29476723263722,-5.526386930714906,-0.07654108690472151,-0.951807420420429,-0.07925923695668563,0
-0.0012017518573753424,-0.9989885261059495,-0.24506450367027918,-4.169356933552492,18.601577088259535,-5.797596499934943,-0.08071689775579227,-0.9567530687131639,-0.07345959935831213,0
0.0005943615430151773,-1.0028074715265434,-0.24323713610047548,-3.815736966082379,18.925659204723058,-6.00708244310724,-0.08452720145443281,-0.962021173485625,-0.06641051597420043,0
0.0026383234955264703,-1.0086047601454828,-0.2326570621567884,-3.185362102238815,19.220124592672583,-6.204334612614315,-0.08676850702270696,-0.9663243365801842,-0.06074967361735305,0
0.0028637845306266,-1.0161326798035888,-0.21445102315862966,-2.38065370824271,19.43833885915835,-6.461983762321954,-0.08680369640158778,-0.9698204290007113,-0.05805302401876378,0
0.0014850836132058289,-1.0253892744049413,-0.19737738646871786,-1.5207293825235944,19.575719268369415,-6.8131062563349,-0.08561538365371729,-0.9734270004066313,-0.05767035392659192,0
-5.449449552489554e-05,-1.035435388874313,-0.19234492877396475,-0.6791405354961447,19.672988181130993,-7.222665383231191,-0.08515407577128847,-0.9783023525849613,-0.057517258337798076,0
-0.0008303463729619188,-1.0448558858526802,-0.20101354997085466,0.13559039593027805,19.794036846839035,-7.617655196310331,-0.08590198722931232,-0.9854839003064841,-0.05577962635918343,0
-0.0005155660336755923,-1.0529589305357991,-0.21215608113860954,0.9599950885312193,20.000947781679404,-7.939671133763573,-0.0855813500243679,-0.9953358909985697,-0.05221857252215455,0
0.001513772909671462,-1.0596874623932016,-0.21356598232387722,1.808010777526756,20.33564407137783,-8.181439888783434,-0.08126403622675016,-1.007046487209892,-0.04852758769480225,0
0.0062884854741107055,-1.065089223753673,-0.20579581492804974,2.5949379299840194,20.81708492267025,-8.392115555025558,-0.07256395980284883,-1.018746238950026,-0.04714091593543116,0
0.014461083137851096,-1.0697188827244357,-0.1991752336926614,3.1514567127965427,21.45102001007931,-8.645287635372926,-0.06187809755479913,-1.028447133297907,-0.04860415429198459,0
0.025666171645863968,-1.0748044814773692,-0.1988869160832078,3.355756701992278,22.22645287996232,-8.986552118225301,-0.05168966725277627,-1.0351549374008429,-0.0500815010802885,0
0.03838417153969538,-1.080948754068836,-0.1994826966865188,3.257972434761733,23.090097493683558,-9.403404718239711,-0.042576273320054495,-1.0391884374297369,-0.0475572564860947,0
0.050145010247957096,-1.0870530388290047,-0.19458893703176905,3.0523640753087493,23.93548686812341,-9.837576097959667,-0.03390025159596674,-1.0417295424016533,-0.03979211707428657,0
0.05833448630741433,-1.09156765271835,-0.1855728453868075,2.9180763092490705,24.639395808428635,-10.219504131570867,-0.02564148374735107,-1.0443952541715857,-0.02929823073762743,0
0.06149518730595049,-1.0946593494392491,-0.17767155054512554,2.8932387953316807,25.124399015159746,-10.503794292094716,-0.019115092803600128,-1.048721229098421,-0.019279659122942785,0
0.06008507858793012,-1.0981672173142072,-0.17223012165800053,2.900359182705492,25.400823415706007,-10.693862539910842,-0.01613123479772052,-1.054946113746383,-0.010574588233995624,0
0.056090726117357444,-1.1032995308653761,-0.1669061995900918,2.871457752577962,25.56364088707601,-10.83587750679929,-0.01771171837567106,-1.0611490066194156,-0.0020737028903145198,0
0.051785947642552864,-1.1089589533914872,-0.16057434920832547,2.826164125795356,25.745486861988987,-10.980111161073914,-0.023316633416705135,-1.0646041973505376,0.0067891232283840705,0
0.04802164931775581,-1.1124745972933994,-0.15355043202120683,2.8316509797901137,26.043884960220286,-11.149091830290825,-0.03094182940344159,-1.0644873444995184,0.015120614968540698,0
0.0431322613097405,-1.1119465316302568,-0.1448131936540437,2.915211799772537,26.463838897625514,-11.34316948057871,-0.03852083633144774,-1.062600843010936,0.02200199701662315,0
0.034339553288985025,-1.1081937572603506,-0.1334076145697558,3.0382058706858626,26.924450955364048,-11.559396849363669,-0.04597901430830751,-1.06117759667169,0.027790282193116852,0
0.02138189703979834,-1.104419901500889,-0.12183926286645017,3.147120777877506,27.33637850507367,-11.789393831285789,-0.05528392195667903,-1.0607931299718274,0.0335245254417454,0
0.008386742731311498,-1.1035123612085431,-0.11460278332714177,3.2261191282406556,27.689785405339162,-12.009137386951387,-0.067448386023167,-1.060771251145237,0.039488401895919616,0
0.0006907390632116849,-1.1056755196343881,-0.11322746804435785,3.2944440171491607,28.068759301911903,-12.191463922780478,-0.08014543241125477,-1.0606830490850576,0.044798915565525316,0
-0.0006919973975503037,-1.1088731863901382,-0.11458372999535384,3.3716087475632066,28.565722874244504,-12.329292817272027,-0.08963627046344341,-1.0607288875796543,0.048311910121773,0
-0.00056917792469338,-1.110987308227165,-0.11434475057249222,3.454255099014552,29.169883937726304,-12.430463132438739,-0.09478039537879723,-1.0612828804183847,0.04963387667998947,0
-0.0049321031682712695,-1.111476259535398,-0.11177203670672338,3.504412667643655,29.743707434261484,-12.483856204157268,-0.09800310070174402,-1.0629648905787128,0.04906888672418195,0
-0.015132180063075675,-1.1122053323420353,-0.11129241647495719,3.4357364584916326,30.111134039818438,-12.44041257002494,-0.10247703216306528,-1.0670179277321585,0.046321330770686564,0
-0.02697392255467079,-1.1169943994921838,-0.11918828882731992,3.1213549363516497,30.154234142163244,-12.23448393710662,-0.10930204538905157,-1.0748481893790236,0.039076587408202065,0
-0.03536994568712602,-1.1288493791087681,-0.13831570570941137,2.4447332625863476,29.824951507570592,-11.82414269168576,-0.11728116148000625,-1.0869090651190598,0.023664023744353366,0
-0.03950857008501155,-1.1466603190774456,-0.1660755131014466,1.3504005624178685,29.112134419115236,-11.216745313374561,-0.12446417165862446,-1.1021156809320363,-0.0015839029091702502,0
-0.04307064002063003,-1.1652945700120796,-0.19729569950760628,-0.16260666836948784,28.05195630708417,-10.464495171477514,-0.12969930553225667,-1.1181637881937447,-0.033941841935587753,0
-0.04945096243628353,-1.17986955803274,-0.22854882278227145,-2.072003689495021,26.761834462924757,-9.634850754105615,-0.13324227595574356,-1.132449029723102,-0.06857715647328481,0
-0.05786700851271415,-1.189963124357483,-0.25957340245820715,-4.3037686406314775,25.403862940046285,-8.776105928500929,-0.1361823387610839,-1.1434026441720457,-0.10262713177320491,0
-0.0650968307449477,-1.1991317793374576,-0.2906436803931402,-6.6569501181000685,24.07386838420669,-7.900175837432483,-0.1393673353692155,-1.1514316495715806,-0.13528123362242345,0
-0.07005433140709583,-1.2104213801308443,-0.319139189363818,-8.800429522801094,22.727621858760195,-6.9869188309529795,-0.143070004718783,-1.1581501452715381,-0.16449511714635395,0
-0.07506037957367367,-1.2231697740696776,-0.33994848929788624,-10.394590494039948,21.224088419484428,-5.9973339748811645,-0.14765089992813543,-1.1643064404747818,-0.1862259405138677,0
-0.08284980216739964,-1.23427601895333,-0.3498492693012623,-11.23438793580006,19.43692778825728,-4.885252944758235,-0.15410939184973832,-1.1688674705915139,-0.1977734969830942,0
-0.09355211309661886,-1.241351091096318,-0.35067295761340916,-11.279693594058841,17.330115351697682,-3.614202974736179,-0.16349765360016205,-1.1704409896656924,-0.20032883600093324,0
-0.10494719969199418,-1.2436030638821203,-0.34695381296741434,-10.571680737124735,14.957080804411381,-2.19402567192506,-0.1755561572658286,-1.1688444536928306,-0.19718499149131924,0
-0.11508855348817924,-1.240179175555867,-0.340637149268853,-9.154674219413486,12.418989739524868,-0.7242017390284509,-0.1879540401881443,-1.164358435176249,-0.19053846641141597,0
-0.12315107917293562,-1.2290193906555698,-0.33042397827355613,-7.085922750972614,9.82810028337351,0.6090791503316507,-0.19689582187433063,-1.1557612644849644,-0.18146887433783943,0
-0.12664434161947133,-1.207953759451618,-0.31788399667795114,-4.493404420380983,7.297641595114053,1.6106379300014877,-0.1986821955742803,-1.1402376749533494,-0.1725991322120566,0
-0.12035712539459792,-1.1765906818488463,-0.31157029574336964,-1.606478923227312,4.954832413444879,2.164799800523286,-0.1915583938584349,-1.1157827419071022,-0.16894372048788023,0
-0.10173234707900443,-1.1372783476265598,-0.32122738100713194,1.2542360621521784,2.942176233558326,2.2422395590397977,-0.17674785831972395,-1.0835499783875948,-0.17503119176063184,0
-0.07559320309861674,-1.095185168023862,-0.3479117871368002,3.7169683542760965,1.3746505373827302,1.8428424154031187,-0.15727913303187033,-1.0477397311411936,-0.19149345040713175,0
-0.04935131843240104,-1.0571711031992737,-0.38191526553207933,5.446874152301532,0.29487658481099543,0.9888569331641364,-0.13552091092481464,-1.013202345154558,-0.21479084275698543,0
-0.025148253654110823,-1.0281531789146938,-0.4104808164191002,6.273176406573532,-0.2965148119818243,-0.20286309279092918,-0.11244136501795834,-0.9828362712314052,-0.23959504693364234,0
-0.0008072182199204288,-1.0068385394631767,-0.42705309648950723,6.268564054054372,-0.36935903448558993,-1.497025632944568,-0.08888793770717345,-0.9565905941322944,-0.2612037491679517,0
0.02398231658877377,-0.9863446502740093,-0.43471424033506567,5.689931433065054,0.12135078378893044,-2.660623802425692,-0.06580448210974846,-0.932209408200876,-0.27730748828875684,0
0.047763700811942714,-0.9607964566130193,-0.44253108559592913,4.797501205315794,1.1299630207728864,-3.6150383295843875,-0.04267105704659948,-0.9068701754435337,-0.28926931031036207,0
0.07204175378872933,-0.9305476430657931,-0.4577343889313591,3.690964240231166,2.4827987132512375,-4.43438041795648,-0.01746479816220619,-0.879173807228071,-0.3013212299035807,0
0.10053724849117653,-0.9000568434858063,-0.4793637981267955,2.3085534254482516,3.9896710995614817,-5.203357311650482,0.010576478559398316,-0.8505705881635608,-0.31686995144958474,0
0.13355967790884582,-0.8726273028777514,-0.49914835824377274,0.5882844190420258,5.578888053457892,-5.921708814986666,0.03919511927329713,-0.8244867765117885,-0.33501729262895635,0
0.16674329993615822,-0.8491080493302672,-0.5094461653743143,-1.3796237473860455,7.302287093440168,-6.54152208355319,0.06553665437410433,-0.8034501348372052,-0.3511592845635402,0
0.19586059879004156,-0.830240840687153,-0.5103355223985852,-3.372543060690194,9.219577612220244,-7.038674210091515,0.08991362459974912,-0.7876876550063653,-0.3611055184443879,0
0.2205675677874812,-0.8180125945746255,-0.5083253948971875,-5.19711388459334,11.294708167300497,-7.419127215610753,0.11559143623807557,-0.776964771773511,-0.3642799734992314,0
0.24259397975578703,-0.8147339688396262,-0.5084775553068873,-6.812246822186107,13.389103998666599,-7.68178116513057,0.1441328531036448,-0.7725609139738722,-0.36299364188806316,0
0.2615225369202689,-0.821573585391848,-0.5091834652097738,-8.292860472841369,15.313374658131577,-7.805387269895891,0.1716385499738229,-0.7762704114753042,-0.35934777502326976,0
0.2741224130711121,-0.8375790607490391,-0.5052828285312126,-9.689150211501966,16.877928311827084,-7.773957445029,0.190684355755433,-0.7880467063579267,-0.3534760978156537,0
0.2786334954495179,-0.8591682317157263,-0.4949219357750874,-10.937726318240014,17.957547205958917,-7.605020079525098,0.19665803109880112,-0.8054179517621878,-0.34452938935199856,0
0.27815050816553694,-0.8805482914224783,-0.4816363793290836,-11.923220885207591,18.577244437091128,-7.355902420990007,0.19229935947828988,-0.824626717730741,-0.3325283726877821,0
0.2775821234979171,-0.8962209046499967,-0.4699943001052144,-12.617956052596085,18.929906944168472,-7.114635370522616,0.1856338381268034,-0.841819459747274,-0.3189308887001725,0
0.2780107960716338,-0.9048373880105862,-0.46076103160460424,-13.124392383732484,19.255537273625745,-6.9769780283255445,0.18292991335247447,-0.8543115506155085,-0.305800349178774,0
0.2761722927973365,-0.9104282671248515,-0.45099755727449614,-13.571966207396205,19.67407133053957,-7.001738356396657,0.18335911995217807,-0.862378068170229,-0.29458809195238594,0
0.2685526112781734,-0.9187772760753911,-0.43831936872750765,-14.01957165357757,20.131809825665403,-7.1748910808580115,0.18045037965512284,-0.8699111274628752,-0.2851892307845629,0
0.25395618146068205,-0.9327286513060299,-0.42392311177847,-14.481215544788006,20.48809372338051,-7.436294663484591,0.16874805620685573,-0.8819290073337107,-0.2757530802467417,0
0.23353991050574632,-0.9511017661431918,-0.410601621448471,-14.98947813160271,20.62416656864466,-7.7539939156604945,0.14895582319073983,-0.9001940699596362,-0.26380150521654955,0
0.21069890242342001,-0.9705066429609072,-0.3987110478078357,-15.574502194049733,20.475903298082812,-8.15298981591919,0.12657330430214908,-0.9211434734627965,-0.24845700226970915,0
0.18957533022349238,-0.987071123555019,-0.3864471405959975,-16.197631500558643,20.00249955545173,-8.652751204355612,0.10609150510151744,-0.9387554080876526,-0.2322193727460395,0
0.17146019851920782,-0.9980654571131313,-0.37475741804631824,-16.756077019527392,19.152459480012713,-9.191471632182704,0.08743801280364166,-0.9498772682869704,-0.22019761210877803,0
0.15367871110030357,-1.0040425423184636,-0.36937551286729525,-17.15715229053429,17.864454976863772,-9.635238531186387,0.0681576750428297,-0.9565330875869164,-0.2164728018124602,0
0.13357439133844873,-1.0089704080528368,-0.37491235646204785,-17.348983859645543,16.106548903416655,-9.859541792819977,0.04777426549384097,-0.9629007331009796,-0.220513187034105,0
0.11216067173724728,-1.0163686330458859,-0.3872192647584799,-17.269502046581636,13.920210273638101,-9.819200111425642,0.028524955970373193,-0.9706778337567668,-0.2272038019557499,0
0.09207355106482606,-1.0250975615480975,-0.39507258796898875,-16.825937800615847,11.410195907653463,-9.578564961046249,0.011926774067518036,-0.9778772869189478,-0.23044791778422224,0
0.07371587572563844,-1.030214557449073,-0.39129042764462807,-16.00104274109516,8.677166772401824,-9.322309214994824,-0.003343894193882705,-0.9812919782221989,-0.22701760797928,0
0.05669563387230545,-1.02811119292888,-0.3796865649878808,-14.984915149870535,5.794048494896842,-9.305083256264934,-0.01851937427027908,-0.9789970659366608,-0.21792729021626356,0
0.04428779184098768,-1.0197934369805708,-0.36871031767196605,-14.11273789196004,2.896257203782793,-9.681425430137539,-0.030978396734454672,-0.9710434032315705,-0.20699166727086576,0
0.04180387012606295,-1.009187973340143,-0.3612998776162097,-13.569335095083485,0.2639053532516315,-10.326303857576423,-0.03620508841105964,-0.9593854908127554,-0.19821450908078447,0
0.049080294167066704,-0.9995554478353725,-0.355424339818322,-13.159079233547558,-1.7801724224005506,-10.874323629677402,-0.033680486247852234,-0.947331475511502,-0.1942393644014777,0
0.05859772106767586,-0.991920474903108,-0.352169254997506,-12.47178828235754,-3.0942353394640763,-11.000327455737247,-0.02838693607046693,-0.937739967921509,-0.19601205410629938,0
0.06333417936334226,-0.98544664441064,-0.35632554335739813,-11.324517401295726,-3.8179061008028694,-10.68098966547593,-0.025732353009763627,-0.9311098088303584,-0.20214498890843924,0
0.06370587865771789,-0.9780188271147005,-0.3680562153028649,-9.979944472860947,-4.256757060663748,-10.209065887767961,-0.026497271824428827,-0.9257383263542787,-0.20888069048849275,0
0.06523505529511903,-0.9675774985319789,-0.3798794918097693,-8.901239973735915,-4.67592653925189,-9.973569825820189,-0.02689612274703467,-0.919681544758484,-0.21275656496252215,0
0.0718809646312263,-0.9546790655093599,-0.384618575340369,-8.350469876184441,-5.140457732476434,-10.170368391241222,-0.02228989540826977,-0.9124689307394425,-0.21359230629582882,0
0.08296966917144839,-0.9433511098555052,-0.38235439143088257,-8.241998053357593,-5.493929331555112,-10.653920078571879,-0.011051058127775043,-0.905576311349094,-0.21335404700486577,0
0.09512516617363478,-0.938365854487204,-0.3765530048355105,-8.307966802776914,-5.526873706899013,-11.080277487284084,0.0041259034774249305,-0.9014626849470282,-0.21241294065641644,0
0.10632805281824263,-0.941905147338524,-0.36683683409664664,-8.343827632022931,-5.210863082795024,-11.228849705122839,0.01896448019074106,-0.9012714355599121,-0.20892200018752807,0
0.11802835902478223,-0.9518647253186835,-0.3506973285844085,-8.315449099252438,-4.7351667554022,-11.161132146275833,0.03195072718976765,-0.9031322946919368,-0.20199065871974403,0
0.13270735013449958,-0.9611785728599385,-0.33172051043032824,-8.28789651387256,-4.294759814958931,-11.054137378023713,0.04501110014288757,-0.9033940207304774,-0.1936793051139731,0
0.15010414803365152,-0.9605689502414722,-0.32021045477019366,-8.298013956661565,-3.9039084753857325,-10.949303256004454,0.05986977529292335,-0.8995981370308321,-0.18715500950229563,0
0.1676338919291152,-0.9464108419962913,-0.3220299970767335,-8.308763888641524,-3.453038934119688,-10.729948517731307,0.07560453641783421,-0.8918021504612053,-0.1836290468955085,0
0.1837429675739226,-0.925920536126841,-0.3299977328378025,-8.255624413470919,-2.8955258802475212,-10.318842572299063,0.09046653239220633,-0.881694658757026,-0.18149120484758205,0
0.1984047591910439,-0.9114797046500047,-0.3312517074112264,-8.112305487840064,-2.342625055386271,-9.83910610371858,0.10409806800735331,-0.8716326004358653,-0.178237037735997,0
0.21099056681274414,-0.9094522556335431,-0.32240284254731527,-7.956336523627941,-2.001434268849977,-9.561647101660888,0.11660462594087029,-0.864202847946173,-0.17325457632037888,0
0.2206117937460232,-0.915779843040141,-0.31282222487625716,-8.021191032152293,-2.0008075298633483,-9.67530235800345,0.12722020553058724,-0.8612972333514242,-0.16867054317528812,0
0.2283289731618143,-0.9220696444938008,-0.31218347404587904,-8.606740546942552,-2.2010027507920875,-10.063263459504197,0.13575746637119537,-0.8631320006306464,-0.16697322741038528,0
0.2361591289595925,-0.9243221575952856,-0.3189499601357456,-9.778939797967878,-2.191340602810472,-10.321361493073596,0.14393173892306468,-0.8684824860237712,-0.167849628197702,0
0.2440104449286187,-0.9248403148136926,-0.3238675831874055,-11.13405631095626,-1.6015542558127938,-10.09736858202383,0.15313347094261448,-0.8757320996005241,-0.16837972956374495,0
0.25010639155262865,-0.9273983031074309,-0.32223501031196305,-12.015913783363798,-0.45943573940658367,-9.457333677925316,0.16204517656886747,-0.8835425101053476,-0.16662665483646694,0
0.25409050905853453,-0.9332208255060086,-0.3186328689778784,-12.078266462961388,0.8360607951364623,-8.850919930627347,0.16845827962296211,-0.8908830925149666,-0.16366094329267375,0
0.257250244122044,-0.9407667834737631,-0.31918066958124125,-11.576650768579723,1.909524843417878,-8.675730184259113,0.17227209720941944,-0.896708322394473,-0.16123943407140656,0
0.25977831887538827,-0.9466984575662678,-0.32250525204499836,-11.04587453170681,2.6980919331564173,-8.916945322545027,0.1747742584942877,-0.9000357582155678,-0.1589264014627864,0
0.26010148447927783,-0.9480055544349788,-0.3213199567343382,-10.76416356528584,3.351978557446606,-9.22071131928336,0.17609377500739065,-0.901085525864771,-0.15496381425611547,0
0.2574753885741038,-0.9457928057730426,-0.3120998793042008,-10.61255950506592,3.964298652645494,-9.253332686681937,0.17528763358243252,-0.9020307863929686,-0.14905663002968444,0
0.25349077335141623,-0.9461292847421521,-0.29974687095514785,-10.376491161707568,4.468496599968363,-8.952757544537237,0.1721390526667716,-0.9053621064141254,-0.14265163432627787,0
0.24975649904621794,-0.9548071319833508,-0.2914350031283524,-10.02367298485519,4.752154774654388,-8.480203334267713,0.16695516879992095,-0.9115417611117415,-0.1367255680465558,0
0.2448067395403977,-0.97133638111506,-0.2883952016139225,-9.658307252598389,4.792066984141912,-8.001416782377133,0.15871072620865145,-0.919429624460042,-0.1305816824039998,0
0.23464672156457056,-0.9893013021653148,-0.28584464189072917,-9.32697938223283,4.662008570945043,-7.540185468009289,0.1451243976394749,-0.9287077313150259,-0.12303483210568122,0
0.21670277394327064,-1.002363972573398,-0.2796283252416121,-8.964766728834688,4.452982934176411,-7.008998583157401,0.12541456139814702,-0.9401434374363995,-0.11423838942858658,0
0.1926712819142244,-1.0089278900508887,-0.27062778598134596,-8.493766845003663,4.2238565778329145,-6.3257779976972595,0.10223088085179076,-0.9530202092440607,-0.10611135322425312,0
0.16727809055971457,-1.011285110995692,-0.26260329484268646,-7.891839650673177,4.00996891433191,-5.483772787439106,0.08005697372188854,-0.9637305738577748,-0.100796411343625,0
0.14478083194497535,-1.011682402940956,-0.2576473354349199,-7.157432257683185,3.823553337160214,-4.553042994436505,0.06190062582067885,-0.9679828198805421,-0.09857949234823539,0
0.12699227780718986,-1.0097207834417303,-0.2550541741644397,-6.271654543715609,3.6250812780211628,-3.659057149015936,0.04796969634037312,-0.9640955668126807,-0.097787966957134,0
0.11424212834527879,-1.0030384050653245,-0.2535470738153131,-5.245794845269129,3.336593537820248,-2.930901401429,0.03726175817752259,-0.9538566886535452,-0.09696700105116766,0
0.10718356790914287,-0.9905357544319613,-0.25256836624887674,-4.1918947659326475,2.9291789691155863,-2.3999180083848564,0.029609247967434787,-0.9408754915073668,-0.09624977567448514,0
0.10651831174708717,-0.9750948677122179,-0.2513904121157675,-3.2877553802724506,2.4911377079445676,-1.9322386050589002,0.025860307050434156,-0.928528399587846,-0.09597123252282745,0
0.11103846176752814,-0.9622849041824644,-0.2489840067055884,-2.6287793200691345,2.1779914104720013,-1.3055574019698712,0.026662977988044737,-0.9186681311277078,-0.09502464192178275,0
0.11740200998505931,-0.9557402621106456,-0.24560652259276722,-2.123454604658069,2.0850906386892496,-0.3819634616225514,0.03145504128424218,-0.9115246919714074,-0.09187309824437459,0
0.12265419503992622,-0.9545127945468597,-0.24316146096772295,-1.5714250521344584,2.1765785210056037,0.8014372850576357,0.038144301784788066,-0.9068865387717839,-0.08683089670280261,0
0.12616891802808022,-0.9552302071318666,-0.24301314548249933,-0.8607782313322935,2.3404051472072585,2.1042516415196233,0.04370797454915276,-0.9049961567258029,-0.08214180606047679,0
0.12853797791777266,-0.9554273462271721,-0.24421616312073696,-0.07424283775245744,2.5044974123700543,3.4135653815891915,0.04601082749748226,-0.9055623553454842,-0.07947635626119089,0
0.12973394521282175,-0.9541107523645228,-0.24466203080134588,0.6169699790735008,2.687290017654794,4.701157171839055,0.04548293063787583,-0.9065103544173237,-0.07807647024291274,0
0.12961691209366388,-0.9508595179088707,-0.24327381180102914,1.1564620279810631,2.933595798541458,5.987724842242406,0.04458136471527206,-0.9051166920858955,-0.0758597828792144,0
0.12937877879875428,-0.9458790410117094,-0.2401469387093078,1.672530210869791,3.2284610063051806,7.2827871304773915,0.04536291849965668,-0.9005153004123198,-0.07184069045033321,0
0.130812971209146,-0.9401437044532498,-0.23539889843591363,2.3362226449516497,3.5134155398597526,8.560177030243304,0.04776652905486545,-0.8943432649269177,-0.06693055672463406,0
0.1342323295226533,-0.9346040946314139,-0.22960236351216706,3.169394093212872,3.790824271878008,9.769529571933207,0.05033175051475878,-0.8889326741908811,-0.06282364725747289,0
0.13842357927372873,-0.9296102285452673,-0.22494008280076686,4.006620797384448,4.171375298608152,10.847782159337676,0.05235839280422164,-0.8852067949032688,-0.06079924324124762,0
0.1430660817784641,-0.9251511277026088,-0.22392112233360334,4.634746046886608,4.788527660631401,11.720900768393053,0.055043636400335015,-0.882127451598774,-0.06138289611662316,0
0.1502019601506874,-0.9211970334764676,-0.2267283767196478,4.954961198982118,5.678821250408776,12.32526328512541,0.060465690456449464,-0.8781860162730967,-0.06431215295392301,0
0.16199523527874207,-0.9178447143033444,-0.23109053783879077,5.011265381319381,6.7606086709649675,12.649986518066036,0.06965990161889163,-0.8737651175886226,-0.0684172628017581,0
0.17675467729782618,-0.9153281709157413,-0.23445882566302015,4.888435771784365,7.908531140136539,12.747093867116874,0.08153795204851687,-0.8714987430689707,-0.07187263231017896,0
0.18849668965586858,-0.914137551571346,-0.23523626237312686,4.63006042820266,9.018230945018994,12.685896314758608,0.09312778941098276,-0.8735490096542161,-0.07313920075402451,0
0.19205538052405674,-0.915539025285352,-0.23316382450500092,4.278425919872028,10.001637745351442,12.505668666241975,0.10101807563874765,-0.8792695665637156,-0.07206404304659057,0
0.18867104834896056,-0.9214988356107003,-0.23050075142431461,3.9375863375809574,10.75751303596495,12.216556378999979,0.10388856241770776,-0.8865126634887638,-0.07013965664592772,0
0.18527163774029878,-0.9328814212327875,-0.23146151375461124,3.7077517262374453,11.185690791230842,11.830011951400673,0.10426715076301508,-0.8943234920650772,-0.06936912331907763,0
0.18752253312587325,-0.9476256288526633,-0.23753449608888358,3.55397809094594,11.237668526702778,11.38167110996621,0.10639015627523853,-0.9031533849781908,-0.070446726255357,0
0.19409973813290857,-0.9619164846307589,-0.24359661022671714,3.325928489956463,10.931171016642612,10.936162237736765,0.1110656972866259,-0.9132977283196315,-0.07191250984035041,0
0.19830751111809658,-0.9739632057382,-0.24146808800332556,2.9517867424656603,10.29750252862263,10.569533533139971,0.11369093585372597,-0.9246604128402971,-0.07120312935831344,0
0.19455746340676028,-0.985998536790301,-0.22852119490112113,2.5584542361446965,9.327959315585193,10.332864128983385,0.10869177216665869,-0.9377043386173001,-0.06672890619718817,0
0.182187835982172,-1.0014250119938115,-0.21137808345527337,2.348844584096093,7.999838148167513,10.230984473727128,0.09514167534175046,-0.9531423442903392,-0.05917182992811094,0
0.16372926188183085,-1.020199610561729,-0.19982755564256408,2.3921426579992233,6.355552075346035,10.2452873895368,0.07672822964658166,-0.9705109519343,-0.05089030388564964,0
0.14173466194549808,-1.0385203703080683,-0.19787641334411368,2.5842978203632083,4.520426565696248,10.37358499548168,0.057047632633017806,-0.988078995219283,-0.0439461243885815,0
0.11823461728266996,-1.0533666686241532,-0.20153917609053978,2.794986925056298,2.616617399696528,10.633024772093698,0.03688111658845901,-1.0043343796201254,-0.03848949002414457,0
0.09578042260447116,-1.06560238684539,-0.20371318795749527,2.9976501823432553,0.6808049576933529,11.023502728331367,0.016138377423141753,-1.0187677938688888,-0.033073316702031716,0
0.07704165674547758,-1.0774971911241413,-0.19956079922571374,3.2541125661098977,-1.3008906339194868,11.510422386229903,-0.0034894764503486247,-1.0312960071747148,-0.026789582926990803,0
0.06303821893914983,-1.0888597703026934,-0.18880046044215126,3.6269068563611486,-3.2955318955450448,12.059455964241586,-0.019002738590114615,-1.0420480921731137,-0.020798840597485116,0
0.05304789392829323,-1.0978866277145838,-0.17538698571923336,4.134512219726081,-5.212857380056028,12.667434368771502,-0.02846240681000605,-1.051940181398084,-0.016863066572414785,0
0.047012662477114824,-1.1052848659516317,-0.16471866719815906,4.7588799227993395,-6.998704844429721,13.325422453544263,-0.032014993734018164,-1.062408698845314,-0.014516689981787147,0
0.04655097028574394,-1.1149462590526336,-0.1592573147875224,5.461474722288885,-8.692389615639435,13.960118059109112,-0.031049583785627204,-1.0740761658095126,-0.01108962776469284,0
0.05184003553824448,-1.1295115835163567,-0.1564514995618245,6.196744157602157,-10.36739770493105,14.454656898713544,-0.027288947797642217,-1.0862435453671084,-0.00480408602820835,0
0.05894044238650912,-1.1468467745051898,-0.15163327217426215,6.924059758838324,-12.044980651737898,14.73820451153066,-0.022433620755161462,-1.0979459633925832,0.003466265871845596,0
0.06335068718980917,-1.162535731395441,-0.14281394011736004,7.610996751458413,-13.688797971557474,14.825137265210095,-0.01742749194562087,-1.1090527310595157,0.011862059309616618,0
0.06573102666486892,-1.1751079679100982,-0.13208578365288182,8.240137272424397,-15.26000963235294,14.758039022525466,-0.011797870108418665,-1.1200850604845984,0.01974060758975028,0
0.07034140801471836,-1.1866903907613613,-0.12276539070025816,8.833802908003365,-16.754704993698862,14.544730092901647,-0.004753821993401863,-1.1311602127820675,0.02767873282042845,0
0.07759292789186024,-1.1983829873915264,-0.11589655944291138,9.473501512851454,-18.206566667561678,14.16789290660283,0.0027260546949624607,-1.1412044846057512,0.03619062865882745,0
0.08278594654262006,-1.2074023942078356,-0.10921765515954095,10.279715890241203,-19.67163488821962,13.629626461150965,0.007906654780968995,-1.1481060225087947,0.0452851786163662,0
0.08391983379676751,-1.2102198869415037,-0.09920159760959477,11.354845864589594,-21.191706012879088,12.962181144943179,0.009213074143914078,-1.149977122783283,0.05501032536427199,0
0.08610995497439833,-1.2071177648456741,-0.08492782079626772,12.721250960972933,-22.753860088366686,12.207335057538776,0.008916213259105757,-1.1469395218579614,0.06546304365181428,0
0.09502802504376648,-1.2017506123584671,-0.07022425015240215,14.288818185165246,-24.295057025997558,11.403942478206645,0.012090612838174053,-1.1414627252994098,0.07572992166410518,0
0.10941006119250068,-1.1963128110378773,-0.06081108540251398,15.886415354848664,-25.75118702100727,10.587524964853758,0.022142196385242355,-1.1359021049455293,0.08334506457432199,0
0.12356399776926454,-1.189132459139127,-0.05923789119219452,17.355465581385676,-27.08933304173551,9.78246523760537,0.03733557323454208,-1.1299127361579495,0.0856053574965352,0
0.1345614217118961,-1.1786183277083073,-0.06430935747893811,18.614253506389307,-28.298842728677204,8.991661915089301,0.05221252928763495,-1.122058665602845,0.08135021094880077,0
0.14311161790799493,-1.168395546984303,-0.07567452652118829,19.594198320285656,-29.381350230035412,8.207035861906219,0.06223365933166616,-1.1143143642502467,0.07073653491292892,0
0.14910759140533675,-1.1658742167228908,-0.09659055717039154,20.109304992626416,-30.357065610341575,7.4396057383105445,0.0664449650086042,-1.112831776474136,0.05304042372478484,0
0.1505445857317797,-1.1755570491177578,-0.1306997593521579,19.832856879066796,-31.247714339619904,6.731386320832054,0.06632645966360508,-1.1229831332515112,0.02518131676346131,0
0.14719755773350948,-1.1958514762777,-0.17789142780205297,18.42031973119438,-32.021311386444644,6.120395099587154,0.06368105070016943,-1.1449498410884236,-0.016889226423400936,0
0.14272641223163404,-1.2223555055615567,-0.23515083634142803,15.640017294875488,-32.55969995662036,5.58550987541526,0.06008996496971414,-1.1748899257768786,-0.07452228578295843,0
0.14213223327063998,-1.251788025982836,-0.2990161753508141,11.436770731652569,-32.712183146724655,5.029815716662344,0.05768022107490638,-1.208620945113568,-0.14300294206719788,0
0.14824256903804603,-1.2826076267917308,-0.363413624586598,6.02138703846979,-32.408451572474874,4.328731373382249,0.0600085901760074,-1.2429039577337342,-0.2112616894643511,0
0.16145183222023501,-1.3142015304566028,-0.41700497553909166,0.026201407515796415,-31.729511750280437,3.4130100913662926,0.07184791766315599,-1.274681823718806,-0.2660997962253492,0
0.1825201167604199,-1.345650967282651,-0.4490841831261305,-5.467950882280558,-30.861246675386713,2.3229634734260363,0.09690989270289262,-1.3009223660705762,-0.29930349349918933,0
0.214323041935415,-1.3733426076866502,-0.460159690779031,-9.265441465493366,-29.958273945858863,1.1779283703339152,0.13469641400727983,-1.3189579949062575,-0.3127002430450433,0
0.25868425484161733,-1.3899401557834503,-0.4626041940853196,-10.650525279100757,-29.035464256796008,0.07155292800718817,0.17974448266740498,-1.3260388415782063,-0.31647989650088815,0
0.3106683890469285,-1.3876823468675863,-0.4685900729755087,-9.78500064514391,-27.985991338190253,-1.0124367349866752,0.224481106452232,-1.3188870659853391,-0.3215999763476098,0
0.35865373073609463,-1.363194041257004,-0.4807710434280643,-7.5384729217457185,-26.691796466552887,-2.1804997438192277,0.26281777038291554,-1.2948100864076841,-0.33318218070636063,0
0.3924645845962366,-1.3184438620552916,-0.4970308318153853,-4.894334497410015,-25.092445805911183,-3.5368680949700075,0.2912535065842008,-1.2536907078769415,-0.35102386035680694,0
0.4093488618615995,-1.257709991478355,-0.5197925643923043,-2.457737586879469,-23.14992367005861,-5.112239358320164,0.3075339206455202,-1.1983407091810705,-0.3749349600651426,0
0.40994761615441283,-1.18513531370423,-0.5547612380523848,-0.4043806554898547,-20.802249084174047,-6.845236707378535,0.30916589931009136,-1.1324037333737729,-0.40675942991730873,0
0.39237702126498114,-1.1050394616968497,-0.6010268200906709,1.2993348340230373,-18.029921838917726,-8.588223067578983,0.2936788420011161,-1.0584471886193416,-0.4463218173419717,0
0.35481801440392824,-1.0226532645530888,-0.647178419365856,2.756644944520551,-15.014689640561526,-10.127399549726983,0.26061919158945995,-0.9791011479407081,-0.4875257593976547,0
0.30136260130275117,-0.9436849769808812,-0.6790262913309391,4.132461731073179,-12.21840588913558,-11.218170669392325,0.21316948493343627,-0.8999062042592547,-0.5202424750679867,0
0.24037467004780677,-0.8742997616100799,-0.689425842545931,5.588845084862055,-10.247468234510535,-11.61547897512128,0.15718010324688958,-0.8295967449335379,-0.5359719078866207,0
0.1777182923701161,-0.8213512644383237,-0.6802079961456908,7.149403537695057,-9.577135588932702,-11.105107264395686,0.09810022437275977,-0.7764411051366666,-0.5321410040459252,0
0.1146561474634145,-0.7896471996278263,-0.6575099198386353,8.674760855880063,-10.35018532404443,-9.585168147855123,0.03873374352452201,-0.7440121079593195,-0.5125872004933987,0
0.0514564227673853,-0.7774925969490102,-0.6278283880757657,9.977002301069607,-12.373409995562382,-7.192085799222694,-0.020137296211803237,-0.7302440799397487,-0.4846967737461325,0
-0.009894116313755228,-0.7773913408850258,-0.5972333861359387,10.88845740356725,-15.237377146188626,-4.350572718155792,-0.07749827183694709,-0.7301259233457644,-0.4554572564677257,0
-0.06660402792353431,-0.7829694244820387,-0.5707048732974784,11.206536873403987,-18.417785464963867,-1.6285526645967048,-0.1312978746853874,-0.7390006327755249,-0.42896591561148195,0
-0.1165729863217484,-0.7934942846606284,-0.5499858463880887,10.686472550824435,-21.337588527563828,0.5469463914249187,-0.17976918231322414,-0.7534725925077608,-0.40583107609212804,0
-0.1576575955182909,-0.8106254198034687,-0.5321075017282666,9.23560905763841,-23.491238887424178,2.0886851749396538,-0.2216862886584977,-0.7707268101728573,-0.3835252663500345,0
-0.18523215417253444,-0.8335298211427841,-0.5113079873225089,7.149816977425622,-24.649884145517184,3.1982019531935415,-0.25351856881963486,-0.7893482977681746,-0.3581969437253859,0
-0.19134307660183944,-0.8596311239378344,-0.4843791232422552,5.054559602309655,-24.957854198329287,4.146415254524423,-0.26717713084775685,-0.8108232816805709,-0.32849232620940205,0
-0.16875426717715825,-0.8880706704481077,-0.455130603323777,3.4816712229953746,-24.732705447313613,5.112724596064752,-0.253426513344591,-0.8374234016924126,-0.29847168515216227,0
-0.11808659883949384,-0.9190840360278656,-0.4320008229179589,2.440432008861581,-24.10518563483729,6.190013263359552,-0.20971812339556672,-0.8676077910070547,-0.27535235851785866,0
-0.05061471446214657,-0.9508814057210095,-0.41937636110331794,1.40728819441057,-22.89662105394659,7.446523633720389,-0.1451529392359847,-0.8963757338498234,-0.2627059653072283,0
0.01798559164062697,-0.9802097576006672,-0.4124033218004222,-0.2115735446720021,-20.91496624805696,8.895748808877471,-0.07661487856254605,-0.9215080011560726,-0.256117197002222,0
0.07781407551324186,-1.0052937799945736,-0.40249521036418634,-2.525781697017994,-18.332344928389045,10.406073997537899,-0.017748036159749396,-0.9457661763168191,-0.24735178362301258,0
0.128580250297269,-1.0255590828438486,-0.38700766452377566,-5.016125995998237,-15.654195715329166,11.724375082147795,0.029507934328974902,-0.9703911634501505,-0.2331851652826121,0
0.17391291487103272,-1.0394952561629125,-0.3714969766615653,-6.94977585822505,-13.30223781974621,12.651785857011113,0.07187913594893124,-0.9902614661218986,-0.2184505308074269,0
0.21450440153455566,-1.0454596680370503,-0.3637952889098183,-7.944402390413399,-11.343064589880123,13.178897837413526,0.11402335314603614,-0.9991468064039166,-0.2104103264034985,0
0.24809345109979972,-1.0439820682187735,-0.36777738620379835,-8.13522098894487,-9.63362399863521,13.442464961688366,0.15301736976499675,-0.9969557630369329,-0.21233103017707833,0
0.2726423596074996,-1.0375543823583036,-0.38072982682136663,-7.885273371930748,-8.055389332459592,13.615103762693478,0.18218499271836353,-0.9886611270269086,-0.22231575898123185,0
0.2861553711178707,-1.0286711882383477,-0.3943787449446014,-7.431261396182649,-6.528400281330811,13.853595322201034,0.1962851052879047,-0.9785470204201198,-0.23551812944024442,0
0.2857078233289362,-1.018692500245803,-0.4009074784030896,-6.768114420524942,-4.955507064895797,14.248086987742951,0.1933097948645073,-0.9680713026765561,-0.24681834588438228,0
0.27039559887977005,-1.0077270719908877,-0.40041948279856776,-5.768756221849371,-3.2778085302725715,14.746450331710394,0.17579838052570085,-0.9572300223747267,-0.2531626038576248,0
0.24478950236381228,-0.9953019142041355,-0.4000231156907574,-4.396111424426407,-1.5065274405086369,15.200551493966799,0.15121351531884786,-0.9456405247144457,-0.25414535272464944,0
0.2171477175961049,-0.981676581238803,-0.40380374126158286,-2.833277795184838,0.3618452496750839,15.55067435431297,0.1272396816631113,-0.9329282551300325,-0.25058665792632695,0
0.19337777404361098,-0.9680541522311314,-0.4070621474146422,-1.4041212774648544,2.363326315874172,15.879869763870744,0.10530531167469438,-0.91887352767895,-0.24372334108188645,0
0.17245688432608758,-0.9547231006476151,-0.40282911789586817,-0.35178216782608257,4.434576152659389,16.217679053167487,0.08084115464198019,-0.9031532754111878,-0.2356548588518343,0
0.14780435379048434,-0.9397765596975767,-0.39120263245589787,0.303859882209831,6.355329399455867,16.410350322275004,0.0503961834422953,-0.8856912866007214,-0.2285403237950238,0
0.11465368291287625,-0.9212709541240576,-0.37945607266425846,0.7056281104089869,7.913473628193779,16.336201909203588,0.016760964390010145,-0.8676852460004841,-0.22293892787652772,0
0.076744334887941,-0.9007249886702658,-0.37405160168882223,0.9686151821128178,9.108320217706028,16.20692816390136,-0.013533913712398205,-0.8512026990965347,-0.21839379311372267,0
0.04357713418542593,-0.8829194721866684,-0.37428845510103237,1.0187786770647032,10.139155898204992,16.488549891770752,-0.03702970708765315,-0.837390397904472,-0.21520416283965377,0
0.02018206520561435,-0.8714931879065808,-0.3737285649136849,0.6122141486037656,11.17002228853851,17.439537446751693,-0.056840558249351844,-0.8260974753744069,-0.21367686557697244,0
0.002604235009222775,-0.8655582158202698,-0.36724300877023897,-0.4161805762366029,12.109652945452856,18.780548614546664,-0.07850877230594898,-0.8170742994891314,-0.2121416548065508,0
-0.014959674513522507,-0.860976412301363,-0.3562941713132177,-1.8809116237926335,12.660052811556506,19.90795104247989,-0.10236684831330033,-0.8101702346916239,-0.2080789239426408,0
-0.03154164823384591,-0.8543315637285671,-0.34729186617208435,-3.2953926240503626,12.615934319238557,20.433776559819446,-0.12151236495152744,-0.8044725310012574,-0.2015799277262282,0
-0.04018104519881545,-0.8455997355399792,-0.34547450712190375,-4.270037849198946,12.10522338222886,20.460505845743846,-0.12816085609355893,-0.7985884488309958,-0.19608509715432926,0
-0.03589681964182703,-0.8374018707998798,-0.35087791281172237,-4.839822780061912,11.520733753128324,20.376870128082487,-0.12081983710953362,-0.7922007290215046,-0.19492373851787292,0
-0.021264934078137045,-0.8320672433825096,-0.35917599015988755,-5.375053286739479,11.224404793661975,20.507675475682525,-0.1047108814391166,-0.7869731908203939,-0.19770599781045087,0
-0.004394507858699153,-0.8300624573399986,-0.365086817572247,-6.223389398677306,11.298786381340262,20.919541454109023,-0.0869695748979061,-0.7855259137110102,-0.20076853222726954,0
0.007722145308134603,-0.8311896065743788,-0.3658837415897996,-7.465511646898026,11.544112006550154,21.389805433825845,-0.07252995707202896,-0.7889397864404548,-0.20113790609424165,0
0.01368971845812594,-0.8359665974737012,-0.3634573729479138,-8.947264548928542,11.712488048118336,21.537490813920545,-0.0628638232790794,-0.7953812205126256,-0.1994145400840234,0
0.0167014230956834,-0.845165928892168,-0.362426043336868,-10.467823583585874,11.766020346756681,21.11188864417397,-0.056665574759699876,-0.8025562335133332,-0.19831343466660856,0
0.020765628249375674,-0.8587875814749502,-0.36475484573259315,-11.928758579729614,11.914417111521498,20.204906256497175,-0.05181297770162886,-0.8117455302513709,-0.19891448917386728,0
0.0281480632527499,-0.8760295581144754,-0.3669577343707378,-13.340972523571029,12.415141712639754,19.152179755408557,-0.04712445316125536,-0.8270820843746084,-0.19914890971323235,0
0.03878315617229981,-0.8958973165322873,-0.3636094806160784,-14.722341069932888,13.359969357298217,18.24615055624063,-0.04209247447755386,-0.8494192689390386,-0.19578736770533997,0
0.050505706563814104,-0.9173832656423981,-0.3527212601924152,-15.991579931733872,14.637920464749326,17.570387087880956,-0.03596651742680485,-0.8731367683030392,-0.18734475819997373,0
0.05996000074721118,-0.9389153896559976,-0.33732411683312624,-16.939826195174604,16.04428493012229,17.057455194463177,-0.02874968227017262,-0.8914578672709975,-0.1753120924787214,0
0.06459170946078206,-0.9578316835197086,-0.32293405206015513,-17.312491744564472,17.386841414529105,16.628892026518187,-0.02246398809740525,-0.903620643830755,-0.1631602749588674,0
0.06440059832252927,-0.970971790211777,-0.31342309862994766,-16.985965366981137,18.51146694202218,16.25506872068079,-0.01956210049051285,-0.9139597438044155,-0.15399785812824884,0
0.06128647236336811,-0.9765078924889259,-0.30838783146265236,-16.117536124059708,19.29243775047545,15.903933427702551,-0.020418166796838676,-0.924235783951421,-0.14862529409219583,0
0.05652338188528767,-0.9754042941661819,-0.30493662961457374,-15.082668084925645,19.656266129803914,15.480864797444362,-0.023878129902786874,-0.9301641512216896,-0.14582291760251243,0
0.04941800006931769,-0.9705752444483289,-0.30214830865197134,-14.201510590080241,19.623975566379958,14.870297586966215,-0.029668426489623763,-0.9270842870242351,-0.14461023000352313,0
0.03866956607537632,-0.9644947561677377,-0.30178104778044496,-13.536614806646524,19.302535562634542,14.048512486004462,-0.03861728975142016,-0.9167632539346924,-0.14527210663267198,0
0.024819519280280675,-0.9583021724550851,-0.3037680050061217,-12.971643895835733,18.8175102910273,13.122937462362158,-0.05073676359895213,-0.9061470451728088,-0.1471931256529153,0
0.010955555178168213,-0.9531248609324412,-0.30368617345112164,-12.409295087869994,18.255123255457317,12.235874568649184,-0.06426339784766005,-0.9005222892766376,-0.14685847058275114,0
0.0005147024211687671,-0.950994459818433,-0.29699599964633144,-11.823734609104095,17.6605961205432,11.440422233385885,-0.07651316299817787,-0.900313556129661,-0.14027085839113856,0
-0.005220105449804978,-0.9536272308087458,-0.2845812944956113,-11.190469054353255,17.067282046195896,10.678486163035357,-0.08525081724653047,-0.9037723953458885,-0.12758688421655676,0
-0.006769725126692873,-0.9600681855696099,-0.2722554376923701,-10.477971878752863,16.50709444479989,9.851913917696672,-0.08982634241251904,-0.9094373422781795,-0.11373636079557273,0
-0.00518005380830532,-0.9655302427752483,-0.26509989842000814,-9.69939113551294,15.991603610489427,8.886582233210463,-0.0915532653155835,-0.9149230970576334,-0.10389482965218369,0
-0.0030403014111353875,-0.9641034791482425,-0.2632003321090268,-8.891026490647489,15.496957872289528,7.7493664198010705,-0.09264884569113382,-0.9162451571065013,-0.09929731404057196,0
-0.00451243190629345,-0.9548682663956437,-0.2628465262647328,-8.042667531547234,14.979992495212564,6.456386323554444,-0.09457760557087709,-0.9113384538344547,-0.09760935611050818,0
-0.0108601181902888,-0.9446918276057856,-0.2610773948677528,-7.126165894395105,14.410209263493028,5.088404034365477,-0.09757138445902833,-0.9036135084000007,-0.09598289018591916,0
-0.01763335579348875,-0.9422313963325066,-0.2579465677176656,-6.2020861874642,13.78533031781573,3.7746204151133766,-0.10120537267138584,-0.8994647162908274,-0.09287092414896014,0
-0.019802577933086117,-0.9488954817257536,-0.2541279102006953,-5.416416710739439,13.12471710108288,2.6225408085872806,-0.10458152726140327,-0.9016998608922788,-0.08776423143268619,0
-0.018079614687070943,-0.9575540148849311,-0.24819045635998196,-4.847535857413341,12.45828413533068,1.6440714093038407,-0.10634837433048257,-0.9069373133819585,-0.08063889839131995,0
-0.01678219957373594,-0.9603335210194799,-0.23826149217047302,-4.411525348288295,11.821656070643174,0.7608699637829914,-0.10574457303145632,-0.90996883084756,-0.07211535058706015,0
-0.017007925969599335,-0.9565810721296089,-0.22549218416841613,-3.972694152009504,11.254152945640776,-0.10081492586234729,-0.10374351125166227,-0.9094691236451117,-0.06342875718489442,0
-0.015607072757604529,-0.9529408890476578,-0.21358919721272254,-3.5119926742815775,10.794577868310505,-0.9273532759748054,-0.10223518260085192,-0.9086772007699152,-0.055455441086436866,0
-0.010489909343829488,-0.9558973515073387,-0.20486070405077367,-3.1264844212611544,10.473835455462153,-1.6458044027101488,-0.10181928052569272,-0.9111312774455282,-0.04783862015524964,0
-0.003735525895293766,-0.9647884803325669,-0.19826642054066007,-2.8765631740082993,10.30382054415419,-2.225097540666562,-0.10114930236431194,-0.9166874021723144,-0.03959336619056692,0
0.001268162375264299,-0.9730537829061828,-0.19173322734248013,-2.692522728709836,10.26368426331057,-2.7188591550376917,-0.09876392832883746,-0.9219731593816436,-0.03070858089847525,0
0.003495881499200574,-0.9758128881700002,-0.18536776099533303,-2.4437760577949925,10.29135554226444,-3.198413895267328,-0.09495451659878178,-0.9240884648902709,-0.022902352601181033,0
0.003895318976314007,-0.9741060600686882,-0.1813784746772379,-2.0579894431375916,10.290292848681233,-3.6706552805827344,-0.09149802470372177,-0.9229453390583232,-0.01855051680732915,0
0.002850476355646166,-0.9714801275877217,-0.18111168716334217,-1.5473533518266498,10.15589240537671,-4.084888954734021,-0.09001688709713357,-0.9201460927057419,-0.01880853890996001,0
-0.00030194256746432946,-0.9689176161373327,-0.18375612289855345,-0.9524947347018333,9.820029652245442,-4.40031926208782,-0.09088035913264234,-0.9169188325446765,-0.022914258788751713,0
-0.005399233265578479,-0.9646671621599291,-0.18855933700961608,-0.3178398877317609,9.300656999114366,-4.616524475703915,-0.09322828561214293,-0.9139256996730712,-0.02927702229963268,0
-0.010168253059164637,-0.9582622951451389,-0.19645076608840586,0.2675666894011423,8.725528750653979,-4.75101709589693,-0.09538376829590345,-0.9123582818530126,-0.03684015811687477,0
-0.011230140766100577,-0.9534999439411845,-0.20777081247855944,0.6570872908025175,8.301274721813414,-4.825001025801377,-0.09509513586690144,-0.9141144012437749,-0.04518752510580029,0
-0.006066982344073413,-0.9563656860307858,-0.2194181355407737,0.7283380921106072,8.234793580904178,-4.881264852907593,-0.09004699601292464,-0.9205994787333638,-0.05352380225555155,0
0.005966835190850278,-0.9694328475599656,-0.22614719702887473,0.487916868949761,8.651366219095602,-4.998302148999134,-0.079031330159706,-0.9317521049209473,-0.05978531615384766,0
0.024009097274081702,-0.9894221192033171,-0.22491951521546338,0.08838705347119682,9.55434884775807,-5.2718784064148885,-0.06268344737695397,-0.9464879622056441,-0.061217583689679264,0
0.046835215591266376,-1.0110698913701295,-0.2173484172578586,-0.25184581065644746,10.835228330565325,-5.7756189422411275,-0.04256991161142689,-0.9636935824650299,-0.05655417143558247,0
0.07339834592676758,-1.0317437437702472,-0.20812086316798736,-0.3548861384047008,12.308816085628527,-6.529438837643438,-0.01979831994162945,-0.9823630316842109,-0.04786410445346187,0
0.1015391767332036,-1.0513300122460099,-0.20173372242079907,-0.15739286970733601,13.751672686069426,-7.494948776979695,0.004730822361063274,-1.0011142901240533,-0.03983570376084489,0
0.1264980025800374,-1.0695851348283618,-0.20037809843882334,0.2746279149342592,14.947779029405048,-8.600118487656273,0.028823930957229457,-1.018308386127737,-0.03674389045457248,0
0.14250760745999533,-1.0850668631445748,-0.20366103185397297,0.7957078739150264,15.748746558799056,-9.775360092162927,0.04859194875933844,-1.0328595176795936,-0.03978896335312923,0
0.14699063860939982,-1.0960012456661214,-0.20989208523312927,1.2633582540320019,16.127261836732416,-10.968133327025397,0.06004300785729474,-1.044552171433368,-0.04705955095344814,0
0.1424264079261376,-1.101979047022843,-0.21796702063468654,1.5986207280529974,16.183331091387267,-12.124808115479498,0.06125487133837719,-1.05337039895926,-0.055520520214965494,0
0.13333719786558215,-1.1051445877328032,-0.22732433839464344,1.799468625630792,16.09253506784244,-13.174057152993395,0.0534574392526133,-1.0590355146622559,-0.06265180003304495,0
0.12280816895483662,-1.1088681224945245,-0.2351811853635948,1.9173943510382994,16.037427137731175,-14.045823033163408,0.040590917077956506,-1.06176376088811,-0.06670498645637925,0
0.11308025506483105,-1.1143830203423644,-0.23545517631260682,2.0119778721379014,16.16473910298691,-14.7081562456044,0.027562145229463222,-1.0630229744163577,-0.06634458917426828,0
0.10662983337830796,-1.1193061752085829,-0.2234853092017208,2.108205250815219,16.560291181731476,-15.17679371174269,0.01763486129766277,-1.06451866699307,-0.060470535222424494,0
0.1032278984628997,-1.120124569123596,-0.2018684783863846,2.1937982742947804,17.216047218797545,-15.481480509094677,0.010617427974872432,-1.066317011078499,-0.04863505633589989,0
0.0982719847074869,-1.115792635465272,-0.17867953666312095,2.2528869010048758,18.00727017475346,-15.618364739001958,0.004026955249079764,-1.0667624035713097,-0.03189026688897217,0
0.08814928414224119,-1.108682719188859,-0.1596010678802301,2.2854929074537416,18.72440363084247,-15.533442212355855,-0.003502359749519999,-1.0645722544572638,-0.01280201649251137,0
0.07566977501111775,-1.1026099296177947,-0.14455389490818388,2.2997543081011993,19.16445803400594,-15.15246103825213,-0.01040888751112006,-1.0605412521321855,0.0060026467403407145,0
0.06694474449843035,-1.1001948057651425,-0.131183123387273,2.3159765992477386,19.230769345216334,-14.430845857404227,-0.013923399972307663,-1.0569058930137563,0.02329199774600165,0
0.06472178779385018,-1.1014688529714882,-0.11747774005298575,2.381657850356928,18.98236829442482,-13.391722845884027,-0.01285178254482542,-1.0554213556681775,0.03933106903642103,0
0.06737666634132149,-1.1044086010237038,-0.10133655126191947,2.547719420180821,18.610637100113447,-12.13869821202628,-0.008350699879524434,-1.0564482096805767,0.055122750809266104,0
0.07244725854821124,-1.1070638487667825,-0.08156541466922741,2.814686685399637,18.35700495742006,-10.833681952091762,-0.0026244308924851132,-1.0596247041606384,0.07160911281925864,0
0.07864924612924293,-1.1097730265469448,-0.05974340332199545,3.1329231559187365,18.405626269240493,-9.638618655688324,0.002611002075948608,-1.0647130486980112,0.08909156998817294,0
0.08552804953499935,-1.1150626349549262,-0.03895106896651063,3.486817576314488,18.80390263202912,-8.655031460374627,0.006836605621735789,-1.071449728023435,0.10732842048264776,0
0.0929474189498441,-1.1243371967003715,-0.02053186346677973,3.972999737975859,19.46711065497175,-7.909344041444343,0.010710677937347547,-1.0788521587935191,0.1263937134878829,0
0.10042743722624291,-1.1347724414155629,-0.0031791341975511865,4.775440285426879,20.268182069911695,-7.3884227943427305,0.014990788941193567,-1.085137415149354,0.14696701379306762,0
0.10552311636014314,-1.1411035874141753,0.014358730628780427,6.048021042993011,21.121957587719287,-7.071139951491501,0.01819917797914299,-1.088805120363222,0.16856211552416606,0
0.10318799893470924,-1.1413645456093238,0.029578172593974907,7.782235059452332,21.96252155401481,-6.900018116917022,0.015704282930702695,-1.090448979053409,0.18677582266842724,0
0.08944120576538238,-1.140333364889775,0.035526671088744376,9.72347760747644,22.64366245670654,-6.717708820969279,0.0036199882472732463,-1.0937023791834695,0.19345128707588097,0
0.0672962952669181,-1.1466473751760011,0.024355136831128398,11.391115154244519,22.924031520254186,-6.2765153096070145,-0.015387095178002332,-1.103529557669622,0.18146392423488203,0
0.0464288215315209,-1.1659220234625234,-0.008464121009275447,12.232913677715777,22.62642563607644,-5.382474936708071,-0.03279859948764401,-1.1227113400515398,0.14916289355445486,0
0.033434243375093195,-1.1963551347958639,-0.06355118642421749,11.816403513208268,21.828303146742687,-4.068334978664364,-0.043362335140931366,-1.1501299383163615,0.09849412401603373,0
0.02319895390603583,-1.2312786724838884,-0.13962783590968234,9.877512175258406,20.84158988745296,-2.604602268458711,-0.052331456762841295,-1.1824428849016104,0.030025595639121213,0
0.003057971888785623,-1.2654560332235238,-0.23253678684206402,6.262547081040093,19.935666026486352,-1.296928568272899,-0.07083449128992289,-1.2165017490165508,-0.05581112945695368,0
-0.03472155614365283,-1.2974467107999799,-0.3304281464776281,1.0821957987809134,19.042152202699373,-0.24384025944941273,-0.10450526567081045,-1.249745973235912,-0.1509939673809332,0
-0.08770827547769164,-1.326077312815912,-0.41355504819760397,-4.856421717601214,17.724780212509533,0.7284316100115257,-0.15011971219001383,-1.2788567285496728,-0.23741714408134737,0
-0.1504050069028829,-1.3471265515287496,-0.4647009271649585,-9.929043120326492,15.451117650960267,1.9250261099824038,-0.2040339339340623,-1.2986251535665976,-0.29660107957845416,0
-0.22151536827363125,-1.3549074563444214,-0.48175889910982755,-12.461527363695243,11.94441426416755,3.5834948220102936,-0.26887080991066936,-1.3028449071689603,-0.3226562234853129,0
-0.30020879771280035,-1.3457143910244809,-0.478542148398339,-11.928935927758918,7.3694966395315396,5.752977074426513,-0.3466315739947958,-1.2876168184297323,-0.3252995696638968,0
-0.3769365496575359,-1.3188168277804182,-0.473141399946368,-9.383581679467332,2.257058351852659,8.285139205504963,-0.4262248943670014,-1.254635856890711,-0.3215744423036272,0
-0.43209992861706376,-1.2762043998828079,-0.4772455073580099,-6.618337112915304,-2.7749536433604436,10.911861174052197,-0.4834667765081122,-1.2108123432491584,-0.3256340936424136,0
-0.44627522686031684,-1.223185396676845,-0.4959301910876715,-4.9090346433297745,-7.327001711917731,13.354949756576175,-0.49717698906325325,-1.163766070754343,-0.3445695211321577,0
-0.41331403366895153,-1.1674934602600722,-0.5324609956456682,-4.474831323126647,-11.32877893947817,15.39595361733339,-0.46512538171627055,-1.1172148205353356,-0.38039614265752747,0
-0.34461246679644614,-1.1152498090576626,-0.5882327229631553,-4.866314727060294,-14.863767098629319,16.879437985485087,-0.4035233589238399,-1.0705625908316119,-0.43281178689015215,0
-0.2604450283053172,-1.0677423489596878,-0.657844099603271,-5.622840543615004,-17.868178352100788,17.706752646422395,-0.3320755413865732,-1.0225188745046927,-0.49809081249915227,0
-0.17631896388888393,-1.0232014657817432,-0.7269211791294461,-6.575130716205702,-19.98529071257937,17.88226085249322,-0.2604619401054851,-0.9747076265290395,-0.5656971592923941,0
-0.09611376320202691,-0.981976971722562,-0.7770452868790105,-7.7261997121622725,-20.717282520349173,17.56419272662979,-0.18711156506913385,-0.9323327623911548,-0.6191688565046216,0
-0.0148819218379364,-0.9498080135423949,-0.7951047149814535,-9.023421825100113,-19.761627437176823,16.999477078461705,-0.10655475224054044,-0.9021987595385909,-0.6440578878681085,0
0.07455017675464022,-0.9352128777316469,-0.7804010089670791,-10.292980469778373,-17.25895220735563,16.348434456775383,-0.01582379980068261,-0.8893193981418623,-0.6367270044001027,0
0.17586894749374637,-0.9423060012587001,-0.7440701932855437,-11.32699627220594,-13.728811023947607,15.598401079976586,0.08339492121927898,-0.8936937571744422,-0.6054957409550688,0
0.28499433542945285,-0.9660129369883264,-0.7013909146383245,-11.944560013534062,-9.72362285985104,14.69438476547139,0.18448297878196251,-0.9099532139871802,-0.5634364250114515,0
0.38882720864529396,-0.9949854046111198,-0.6630318723874383,-11.968699514191846,-5.500491312250167,13.703932709099616,0.27696960619470634,-0.9307351903203384,-0.520476225811943,0
0.47051463713280695,-1.019023104800859,-0.6314398763641169,-11.244531671060452,-0.9966984836312847,12.756444078918413,0.350401170444806,-0.950622213490207,-0.4816401191105734,0
0.5195441678500259,-1.0341382841868298,-0.6040407032130694,-9.77491634380754,3.923842322841009,11.826108392088988,0.398948216751599,-0.9674629333331818,-0.44996754549871,0
0.5376427353524913,-1.0425464482471405,-0.5789219474652624,-7.853542919693686,9.226444694222772,10.667434769198447,0.4225828558239159,-0.9812235948947737,-0.42764112243586355,0
0.5344121763883738,-1.0488473179647904,-0.5567782933719856,-6.008667741637626,14.647157007144767,8.994497051045114,0.42473062799837663,-0.9919501832992326,-0.4133443425396946,0
0.5175710300442252,-1.0554054584994574,-0.5383086874350795,-4.7107801272983085,19.7896545120109,6.6796817579788925,0.4095520687724354,-0.998636983532333,-0.4009058491489037,0
0.48740152127813524,-1.061051111791213,-0.5217980498198406,-4.038376008850683,24.266338378320057,3.7825163452344954,0.3800629371162909,-1.00087653042842,-0.3834132684352897,0
0.4399153688189476,-1.06443874634244,-0.5039090962014773,-3.6404201143249426,27.810780862967963,0.4568547323935005,0.33711297733626616,-1.0018099840085943,-0.3591107709105693,0
0.3753127352170189,-1.067677394707709,-0.4823121314956678,-3.1246121097521167,30.34175425878151,-3.135642563056043,0.28099345346475424,-1.0072454372241852,-0.331999215136433,0
0.3030243973395392,-1.0749899434984371,-0.4577556646646684,-2.5039330291191884,31.985043922175446,-6.861677673780618,0.21580232932309557,-1.0199675727311202,-0.3065813142367195,0
0.23675974220032062,-1.0871806075584673,-0.4338280474679491,-2.1639039596061016,33.0481458507322,-10.62077564881126,0.1512204364798651,-1.0359467508847657,-0.28356171316630724,0
0.1838286665298353,-1.0985790451350137,-0.4139631787200642,-2.3559290616601642,33.91953616984135,-14.339752855106752,0.0970824614492324,-1.047638999117674,-0.26138857288659895,0
0.1410256884175033,-1.1013227953091866,-0.39851987048436255,-2.8446214101917575,34.897800615892294,-17.96157168267698,0.05580428954868878,-1.0502240968872367,-0.24057801526602546,0
0.10165897538853655,-1.0927854219628061,-0.385835770490613,-3.144379307723024,36.050465233766325,-21.414966710782064,0.022090782748878983,-1.0436135159533886,-0.2246019466607235,0
0.06385836535490279,-1.0770157252331116,-0.3760015501535699,-3.0088264067471084,37.22315065797062,-24.573927064426528,-0.010173169310009101,-1.0298227220465073,-0.21633475445453604,0
0.030097007087203885,-1.0588117512593944,-0.37139204004610527,-2.574960446081319,38.18735605365887,-27.261265739402567,-0.04283673892828425,-1.0107138073100495,-0.21507414929058175,0
0.001379316997924365,-1.0389446348918538,-0.37248703009486106,-2.102485316359111,38.784198485270174,-29.322709400192714,-0.07437895810494288,-0.9884230700241687,-0.21759764879907678,0
-0.024219212025961126,-1.0159709546941993,-0.37546640676468457,-1.7213796739213194,38.96127102285399,-30.705924986690334,-0.10268253023064741,-0.9657445535298824,-0.22063678091258215,0
-0.04754946274431102,-0.9899995382575149,-0.3758861893796848,-1.4210068313108253,38.730551072114004,-31.449304501927777,-0.12614034149266207,-0.9440242279140586,-0.2214421919999667,0
-0.06607916670362146,-0.9626890264176605,-0.37299551069645703,-1.1380645512620686,38.12223530564121,-31.575371032171308,-0.14366529146652768,-0.9211615075692491,-0.21778613664822818,0
-0.07656612860114831,-0.9349591263194162,-0.36838261997747745,-0.7899637428737546,37.164188793913674,-31.009619753122564,-0.15444207825625186,-0.8940786434685276,-0.2094593363727128,0
-0.07816844872928405,-0.9070121626096513,-0.3621069257918593,-0.3092489285545204,35.879844665906674,-29.654292583970186,-0.15754096005332507,-0.8639877316974607,-0.1991813154472197,0
-0.07202694051332267,-0.8807153493572031,-0.3530449520050701,0.2529313497702066,34.30124693225785,-27.576192791278334,-0.15213778921116705,-0.8371851085765346,-0.19049089074891368,0
-0.05926083185029885,-0.8597949976648003,-0.3424515442932356,0.6709781198138223,32.49671785678676,-25.09908750494352,-0.13847341753521114,-0.8190908380217925,-0.18473164665458086,0
-0.04049932427821566,-0.8460491465226776,-0.33426408500955224,0.6849031275283457,30.591999605966866,-22.666565539380642,-0.11843026778443057,-0.8086832813033425,-0.180603769090432,0
-0.01694534326017521,-0.8366875270174651,-0.33087078783732915,0.24458902125446488,28.74992528326083,-20.59369226547595,-0.09516133500165412,-0.8000891644391899,-0.17598152377745774,0
0.00856338486599027,-0.827586581566112,-0.32978002321804306,-0.41180341892396843,27.097090938555823,-18.945863235165103,-0.07217554533361616,-0.7888103013721232,-0.16946537017900729,0
0.03171905148054211,-0.8181910826315668,-0.3254459192341928,-0.9477825956526087,25.637293624742895,-17.64081108303559,-0.05222623641768202,-0.775367757849748,-0.16086803915700604,0
0.04886213234410301,-0.8104224899673198,-0.3143943530738626,-1.1927248589418495,24.233588669137262,-16.63778422277629,-0.03635457189649273,-0.7633856795809622,-0.15113407071190402,0
0.05996610135417351,-0.8034147726211036,-0.2983306828642075,-1.241275606210935,22.71663984121108,-15.996263053807544,-0.02361852919028087,-0.7549699948725329,-0.14163557722250456,0
0.06901448802655798,-0.7931631227342366,-0.28256824283249427,-1.3473756182214538,21.05904443587142,-15.742602578935779,-0.011946616736006454,-0.7482483062115906,-0.13308227180838456,0
0.07989972646236568,-0.7785133317519155,-0.2720943429226302,-1.7307055251789631,19.44002019129637,-15.72479935629578,-0.0001898283057886384,-0.7397547897191732,-0.1251744814795054,0
0.0916981868218243,-0.7646344190917741,-0.2685282725911235,-2.4330598849456484,18.08834004280968,-15.670870578465236,0.010082692084523618,-0.729195144488205,-0.11730645114564281,0
0.0993062656388264,-0.7585663681151131,-0.26931703966095516,-3.3231639611230883,17.044541858174668,-15.411997593548206,0.015828291005928724,-0.7209408313490533,-0.10931341770836422,0
0.099818323735997,-0.7625679821190745,-0.26984605468712775,-4.2419760748541915,16.130332771242283,-15.002927582106683,0.016776777014007777,-0.7202945167419705,-0.10170868808885264,0
0.0977243759539759,-0.773483340060452,-0.2674286092946395,-5.131870816933344,15.184780029802408,-14.589109384533323,0.01754005927196641,-0.7289957981371638,-0.0956901632107198,0
0.10169743687077294,-0.7878675045483061,-0.2634088821854475,-6.012565479105215,14.265885543464309,-14.195255242830305,0.023506373650768218,-0.7448193917151648,-0.09282333625118869,0
0.11519728504030113,-0.8053374677960197,-0.26141690381737615,-6.886042936918143,13.54799242202148,-13.716899470650493,0.03482292031843608,-0.7643140179119845,-0.09419200005896058,0
0.1322977647627243,-0.8261654078734828,-0.2640823112892312,-7.73677861577873,13.073455734755987,-13.118451985406951,0.04654348649504002,-0.7846347775959515,-0.0994727042950421,0
0.1444183485295585,-0.8478550736746507,-0.2707786933454503,-8.595134285736092,12.718490995689494,-12.534099422283305,0.054732441741997345,-0.8036883033746605,-0.10658611191982739,0
0.14923530522029835,-0.8663279463731263,-0.2774813569975513,-9.503033663969404,12.39421711804559,-12.096950653207644,0.05998098983528114,-0.8202556253018475,-0.11247262576676022,0
0.1512933440407589,-0.8798852182286164,-0.27951723746879675,-10.395486794538426,12.158937641726533,-11.731036462115782,0.06461267027661087,-0.8338992993026824,-0.1149630747474136,0
0.15546851881751556,-0.8903026742391766,-0.27562097762055443,-11.080883640253976,12.097122932433464,-11.200308049713058,0.0692186698339832,-0.8443541559689999,-0.1141545112762866,0
0.16161873299143045,-0.8999312879803424,-0.26901513385929776,-11.374843779367328,12.179875517611496,-10.340453602494051,0.07308799183306375,-0.8519521552546517,-0.11165114206727918,0
0.16552619661316356,-0.9088686419221437,-0.2638400642195876,-11.227273662891998,12.287858984128167,-9.191754992247255,0.07581795276445703,-0.8584822531660213,-0.10866412006769137,0
0.16438189804688028,-0.9157561514862512,-0.2609101686295845,-10.704421763979868,12.308896501066835,-7.939665415367098,0.07700910718505649,-0.8657335064676137,-0.10533402213096797,0
0.16037323699990114,-0.9210710937126689,-0.2580908951227944,-9.890029857564576,12.18860132392444,-6.77015364542214,0.07600977012609808,-0.8731391677238357,-0.10159728520708226,0
0.15798561973657294,-0.9281163746289316,-0.2546439906892688,-8.855769085734494,11.958063892874819,-5.740277653091634,0.073532283297315,-0.8787902681421662,-0.09788138416161737,0
0.15881942761913717,-0.9388909074535383,-0.2527130938730655,-7.718215957244919,11.757256142842603,-4.73734132208676,0.07227007031666084,-0.8825542873158694,-0.09462850505282513,0
0.16095687126978558,-0.949225613282774,-0.25338242465467026,-6.652345935675116,11.772628791151206,-3.5947586093675215,0.07413918615879726,-0.8859632021935638,-0.09153581117855403,0
0.16226076710389478,-0.9510430088147144,-0.25411042902593795,-5.7894520501038365,12.081817407999077,-2.2883515133679184,0.077293920089946,-0.8890268111135144,-0.08786591981922441,0
0.16121579792927432,-0.9414287449961969,-0.25200513483354137,-5.11602406804441,12.564574583530923,-0.9882365617717328,0.07701561673891572,-0.8894632280160035,-0.08365502609079058,0
0.15529240957502646,-0.927458696458626,-0.24698526878897215,-4.526401837932441,13.0019222333966,0.11458457641874346,0.06967086151429992,-0.8860257823313873,-0.07993810514699295,0
0.14272981977699986,-0.9194504500222473,-0.23987420596413775,-3.980352665472683,13.272529489959048,1.0016331890172625,0.05604863458458208,-0.8812556265908781,-0.07701145920588962,0
0.1271433123124729,-0.9203715887907872,-0.23031871962229675,-3.554171477918834,13.454130931237966,1.8220469806421447,0.041814604230764774,-0.8793623669293572,-0.07293791298760745,0
0.11727224603789242,-0.9242198197177207,-0.21888579331790803,-3.307305366671755,13.748276433974876,2.7265628048010995,0.03456137852936066,-0.8812338950301039,-0.06509686509744383,0
0.11971389196865503,-0.9244371481400909,-0.20880449921662292,-3.1424894706649793,14.31624576742165,3.7359397828149183,0.03856423186182396,-0.8828711749491549,-0.05351557138835867,0
0.13262957416585533,-0.9216123289966709,-0.20300020367953675,-2.8489394377311443,15.174807313839391,4.7504984678199165,0.05121785832698609,-0.8799827242748488,-0.04173209802103394,0
0.14830549525824083,-0.9220532123692291,-0.20043575695118204,-2.28561997505884,16.21647698387703,5.646842244339957,0.06542109670382015,-0.8735933633997397,-0.033862909337937425,0
0.16163607769750502,-0.929517175374565,-0.19741297881668904,-1.5158046442647055,17.298922387012734,6.358252587260327,0.07641884004752757,-0.8694363532485999,-0.031176705208602728,0
0.174317635507124,-0.9394037336733124,-0.19232708856767067,-0.7721118729502525,18.3208374960563,6.893219875438842,0.08582716825854536,-0.8715143805347447,-0.03171850580367134,0
0.19060902913611444,-0.9429653528338752,-0.18761224545080854,-0.26869307552853033,19.25258826131543,7.303143826068461,0.09844172055472881,-0.8779704572492524,-0.03294295474840556,0
0.2108539691960324,-0.9379546099048613,-0.18665133993501073,-0.0014008299799677937,20.12276725316735,7.628379154322736,0.11590604485822498,-0.8840199963186433,-0.03414623051895475,0
0.23001321602127797,-0.9319801534001242,-0.19015408114797436,0.27096930525998014,20.96958318720768,7.868501863074809,0.1343278477626111,-0.8872207630162433,-0.036002926430489905,0
0.24171276090464855,-0.9332492172818895,-0.19628138453040372,0.8135998819096909,21.790858366507262,8.01050430082969,0.1476268499921412,-0.8889182805891481,-0.03856926747865861,0
0.24320465770762678,-0.9414038130088159,-0.20287752982342813,1.6630737632181116,22.53644550600616,8.076326004334083,0.15227986680157016,-0.8919156705950113,-0.041040180860348024,0
0.23683173767022325,-0.9501080016161514,-0.20822797458062747,2.581360180770778,23.140223255785585,8.120216439359268,0.14878567593910275,-0.8976363409861111,-0.042996994187796886,0
0.22722886389370242,-0.9557084667427677,-0.21038538777473767,3.2615753129775227,23.542188301590233,8.184881693432105,0.13967814929233452,-0.9050973594312175,-0.04436837201545463,0
0.21699246615962073,-0.9604837959479632,-0.20758289078000933,3.59084795970489,23.680604138535507,8.287020018544174,0.12737623194438963,-0.9125772807782441,-0.04438144277084065,0
0.20459509485657376,-0.9686729995387514,-0.20031843160928714,3.719638206482503,23.492716845605113,8.449519616672273,0.11375946443216108,-0.9202008138726915,-0.042012615771293005,0
0.18679479956720765,-0.9813317894250514,-0.19219044232186433,3.8808508276785694,22.948534400870575,8.726716603522387,0.1000689593312443,-0.9297893915582985,-0.037595074379434906,0
0.163507269827239,-0.9950486555947944,-0.18704062541626462,4.16736444848836,22.08167471477163,9.18242551038055,0.08589521306400177,-0.9416696803673774,-0.03290863101141043,0
0.1391267976693228,-1.0048881127681735,-0.1853619063938817,4.502994756373363,20.9777708315671,9.844051263701672,0.0688626857989632,-0.9528981780173279,-0.029509203378935416,0
0.11757076217650853,-1.0084385708088925,-0.1850557684346008,4.787969037493283,19.728810612114216,10.688773807986916,0.046678434359080534,-0.95977653260363,-0.027893114115971094,0
0.09717894567205071,-1.0072868577742156,-0.185407503687991,5.002754630444721,18.38550837523111,11.680964430829961,0.01988682145168504,-0.9616012293233307,-0.028367631221634056,0
0.07309898804111675,-1.0050879373394597,-0.1878373949812096,5.158807281859686,16.933207651466873,12.814054422930434,-0.00788894998930207,-0.9613098793037865,-0.031334721619858445,0
0.044797217809228296,-1.0051947329621813,-0.19215461374366483,5.206698294752291,15.308069519157344,14.101598231878807,-0.03277741512132587,-0.9632079494427486,-0.03596472123913114,0
0.018746906615656034,-1.0105615417437288,-0.19492696025545733,5.0500171481672975,13.454156307402007,15.52435658729045,-0.05346242497188653,-0.9707053962944063,-0.03968543432879171,0
0.0024260122955456777,-1.0241846742013572,-0.19344666076295916,4.660877231786396,11.39299024655332,16.99030024021943,-0.07079497922751782,-0.9850288536949694,-0.04006061646896522,0
-0.003138437026247958,-1.0469496530519917,-0.1891865809864542,4.16232981191413,9.25612174374904,18.34828342123488,-0.08512546587908096,-1.0045022248492173,-0.03683380834096972,0
-0.0036688573116406024,-1.0746591038354147,-0.18534022199940037,3.771391234453396,7.247591126190532,19.447319690418922,-0.09506993457224829,-1.025345661792977,-0.03165699363464042,0
-0.004892972274706573,-1.0993878715638274,-0.183017782606494,3.640755724464755,5.55496223030409,20.202719579373884,-0.09879890510821913,-1.0443434395517395,-0.02642625902183037,0
-0.006441418555918955,-1.1155574054954582,-0.1819859147757269,3.7450767605955275,4.264189328288787,20.627207050447684,-0.09539525311118657,-1.0607596111756101,-0.022540090812780692,0
-0.0027967359144446544,-1.1244656953221777,-0.18281688250957814,3.9140154408037953,3.3231739367601647,20.801525224647172,-0.08490445994135234,-1.0753364656102995,-0.021025428221049056,0
0.010161155655951196,-1.1321738723690287,-0.18531964619363783,3.970935817281002,2.5701353607467543,20.79857046857825,-0.068309302829034,-1.0881254380952148,-0.021868390157659172,0
0.030469381730888676,-1.1431557329295892,-0.18617386490042628,3.8545253350848645,1.8140771376192975,20.622572984624327,-0.04787614543051277,-1.0980398220199301,-0.02296918934638921,0
0.052329593971834794,-1.1563376121461093,-0.18102710404031333,3.6505903818822225,0.9175303376268832,20.224431196528784,-0.026513899966893247,-1.1043522075902807,-0.020973477629227164,0
0.07192805560374416,-1.1670282655844522,-0.16899107933332674,3.5467060198806113,-0.17474500891990563,19.578036260510892,-0.006125109148214184,-1.1081574732662833,-0.013881172095590009,0
0.0892447596729775,-1.172192654875485,-0.15366470078356165,3.7422556106261378,-1.4571242688871795,18.72837957611148,0.012849290529520139,-1.1119097777792235,-0.002445493100271568,0
0.10448844065294301,-1.1734768760063048,-0.13967513343662907,4.340587956271274,-2.8811004509690696,17.75580079381202,0.02979275170461875,-1.1171196630440279,0.011134301850767978,0
0.11554258962123932,-1.1752146947730848,-0.12845149425418861,5.28425982229963,-4.360737818828973,16.706221621132965,0.04239774790103083,-1.1229318259947447,0.02551118732434668,0
0.11996443583701819,-1.1803639118032108,-0.11652646441571467,6.406971792770822,-5.811176374546702,15.570738115901335,0.04746556488196089,-1.1278385720066721,0.041496369999570314,0
0.11737022142053587,-1.1886998319623543,-0.09770846005655272,7.586813562178306,-7.216003936437172,14.324292309324807,0.04335326227003,-1.1322545986392778,0.061619870051571296,0
0.10895381675016115,-1.1976145279034769,-0.06862744405529093,8.86430417885035,-8.644862447682272,12.964908687276353,0.03191747836661205,-1.137703117743784,0.0875929544649269,0
0.09696325520377415,-1.2036472837206458,-0.03375277800893901,10.387261716718044,-10.189246807886644,11.510797255493237,0.018565745652189266,-1.1434326303837499,0.11695197853389837,0
0.08589478337839931,-1.2046734210915042,-0.0039776560119390795,12.209479157093336,-11.896851526642674,9.973044640704098,0.009918420890246232,-1.1463247829660665,0.14276919005510272,0
0.08143579267308165,-1.2028753078216508,0.011544591417324716,14.157448662143414,-13.789664963814491,8.356395238951997,0.00957565798553928,-1.1461037966346508,0.15823687879442874,0
0.0848223067936313,-1.2055142598179454,0.010807088149684844,15.930569150454215,-15.93318939132149,6.711554778044022,0.014672028285914292,-1.149422260568981,0.1605030866820841,0
0.08857739748017857,-1.2202526983220563,-0.007411017279278915,17.243145748621046,-18.439011969078848,5.176711753180719,0.01680634384272554,-1.1660298704308771,0.14614365555246242,0
0.08082987183530392,-1.2479997200469422,-0.05483092623454797,17.602052288718074,-21.340982161112315,3.9040722676417356,0.007195667844262334,-1.1998393471889055,0.1023448855847246,0
0.05551897984198367,-1.2815618603659782,-0.1504169867186747,15.8318946064497,-24.43055402204499,2.8882393953926853,-0.018252801711468286,-1.2445332498309314,0.0102096157767243,0
0.01870289077567464,-1.3132185541450714,-0.29609689260573246,10.292656489859258,-27.219289251035292,1.8892486275860023,-0.05613532301463547,-1.2883304868663716,-0.13319504146951797,0
-0.013748716531963617,-1.343242556916635,-0.45555599731680674,0.4251091302836203,-29.12411572620668,0.5929866840455197,-0.0940099380745733,-1.3227158610206209,-0.2947551545512571,0
-0.023854898687861708,-1.3785921448660767,-0.5683878519123862,-11.54231588581783,-29.788063613659542,-1.1221334390415956,-0.11240715599035797,-1.3469947003867218,-0.4162107659591564,0
0.0007099860964318333,-1.4214852239053015,-0.5959572927651886,-21.005646757386074,-29.299520006154488,-3.0841877796226362,-0.09358939170610003,-1.3655640122454398,-0.4550393533419722,0
0.06316482223670651,-1.4608066635251076,-0.5540028970003621,-24.044209205329405,-28.105508273055534,-4.99562340375772,-0.03151689691817171,-1.3812434248918635,-0.41830453312727717,0
0.15890315500888771,-1.4784932167490883,-0.49677416896980364,-20.51897627361561,-26.65613744487723,-6.7204170049482315,0.06584853297000652,-1.3909898911740126,-0.3559749847529788,0
0.2753322407768034,-1.4651805240724651,-0.47100366010722583,-14.061724012866463,-25.081611945374267,-8.439972311557595,0.18004704577878425,-1.3876568426705482,-0.32092412248203633,0
0.3876230820237953,-1.4265731485274626,-0.48778095549986666,-8.938998510424003,-23.20083936590972,-10.51355826423237,0.2845944708488329,-1.3649467993420967,-0.3337660371424035,0
0.4618478261328576,-1.3731582429007236,-0.5320538913404275,-6.919555530285362,-20.83196023998185,-13.124699118735034,0.350284272172528,-1.319728945350859,-0.3806006518749044,0
0.4748963855644303,-1.3064071413641787,-0.5868742023590088,-6.841402306976186,-18.060593648729206,-16.040533465467472,0.36013041403300117,-1.2505907076623166,-0.4372926737290218,0
0.4352115690945205,-1.218405707142366,-0.6447085297176837,-6.564313836633966,-15.200213607589896,-18.745579122916308,0.32397530148559506,-1.1574062521640203,-0.491958144866623,0
0.3777504521126133,-1.106121340166528,-0.7024548431509452,-5.020780791395499,-12.561171280461538,-20.820156593386034,0.27333949712058164,-1.0453752141285906,-0.5456897476243078,0
0.33351525160394224,-0.9841805225973878,-0.7529713076636037,-2.710444674415281,-10.348732688840762,-22.176182645990572,0.23577251966184773,-0.9295149494230677,-0.597510209436863,0
0.3042998619891162,-0.8800576786430007,-0.7838044229202263,-0.8003762880695904,-8.781048099232425,-22.956280488764726,0.21257040675469374,-0.8317744798194657,-0.6349761189631746,0
0.2676114370666193,-0.8150015931786426,-0.7845001973573353,-0.038726010833910154,-8.179179229952691,-23.273386586092123,0.18211124904980996,-0.7696349195739886,-0.6418523893403887,0
0.2041363508604498,-0.7905583747170621,-0.7551909601500134,-0.38441325950031585,-8.804981582182762,-23.085444358874433,0.12473706295558709,-0.7456883248807432,-0.6130422988806681,0
0.11814991762438844,-0.7929806540222833,-0.7068638915306767,-1.3537331748160937,-10.575341778054385,-22.30737803461593,0.04336239536852465,-0.7483496979328426,-0.5595074554038323,0
0.03138026259681253,-0.8073277463827514,-0.6523225404778613,-2.5376415821976805,-12.984544247413766,-21.007009906892407,-0.04050192207495225,-0.7624584572815337,-0.4984195915569238,0
-0.039523484100773304,-0.8261970989425222,-0.5977598619790934,-3.8160652724492503,-15.363553018853343,-19.449466775574034,-0.1090211367585233,-0.7789850482755355,-0.43993866285496236,0
-0.09593505339842752,-0.8483351722518432,-0.5431766425980278,-5.186691715953788,-17.26631873268213,-17.913006493514274,-0.1634473912007028,-0.7963874498275961,-0.3839732917300108,0
-0.14903117631615406,-0.8730455844450213,-0.4881880396362626,-6.484220060457007,-18.675972191728732,-16.44261417654316,-0.21684020727010306,-0.8161431164161367,-0.3275582523232096,0
-0.20277701854009933,-0.8973520226146117,-0.43522897085335205,-7.338292493870802,-19.89528014533957,-14.784867177673325,-0.2740703732029907,-0.8386859195505497,-0.2723459686590513,0
-0.24657975533009455,-0.9175689300337179,-0.38883549499233794,-7.438324323250091,-21.218022127869578,-12.58479255756535,-0.32201168627936555,-0.8620863531794978,-0.2247993842972392,0
-0.26332765581062273,-0.9321212356563857,-0.35438405456533734,-6.830933934231626,-22.626399961528413,-9.687855127152906,-0.3400355930237592,-0.8827566830137477,-0.1916102816017567,0
-0.24369237048174977,-0.9421374199164877,-0.3362043386777086,-5.947697258310313,-23.75067982542554,-6.2920008809787324,-0.31849611995953897,-0.8976386541211299,-0.17565382001765784,0
-0.19362959003297864,-0.9498306654735941,-0.3334234701778912,-5.335822718339322,-24.13659537770138,-2.8288234217709873,-0.2661177922239805,-0.9066570480730143,-0.17422572771503653,0
-0.1298342557461772,-0.9572313456341951,-0.33799541061237337,-5.314739071436127,-23.614735647917126,0.3007703799259588,-0.20137070588573255,-0.9131325149995325,-0.17998956498803584,0
-0.06794936875134339,-0.966056920434507,-0.34094844772777466,-5.81464356568088,-22.455401413900827,2.9123176312850134,-0.1388511512671052,-0.9213391504012592,-0.1852837719153481,0
-0.012612697645956156,-0.9770152113310547,-0.34161505184873436,-6.512081791979543,-21.135559130047692,5.055122643470069,-0.08268346192362558,-0.9330284141966273,-0.1873561099035808,0
0.04253335810654328,-0.9885487299930046,-0.34684629205748047,-7.145993854066855,-19.897835862984948,6.9199810209367,-0.02960029646413754,-0.9458045098433814,-0.1892236085854636,0
0.10360069611848194,-0.9974500154228858,-0.3596435645407454,-7.707858944413806,-18.5622271953228,8.693364954113704,0.02346474649697264,-0.9550138969061898,-0.19479562704376815,0
0.1653949969950364,-1.0014512128416728,-0.37324935997309416,-8.291770276997163,-16.843529633277324,10.407051459288235,0.0747177731712473,-0.957690238024739,-0.20410340413086894,0
0.21486789102933654,-1.0008224475053373,-0.37998928478691596,-8.78926865826396,-14.81089402300738,11.920414572388065,0.1193021559629682,-0.9548138003663353,-0.21426509478957698,0
0.2450910704374255,-0.9976865740808993,-0.38182520706971845,-8.855680653302334,-12.906890205215952,13.109741720733778,0.15335747450869075,-0.9498168149607527,-0.22360542422945384,0
0.2602000174071424,-0.9943550229087713,-0.38646578896972894,-8.244207969189363,-11.520796168408786,14.047256201089972,0.17451869055695612,-0.9451342384874328,-0.23239995704144792,0
0.26575657533917174,-0.9916515943218412,-0.3948402424281471,-7.086732916385209,-10.66220415458831,14.899652035851199,0.18047275310202787,-0.9402783999893449,-0.23971978828437174,0
0.26115307890994277,-0.9881406321175962,-0.3985615184024476,-5.754245053004633,-10.041864440452564,15.678794075287273,0.1707507737012184,-0.9331745599783912,-0.2419117981549893,0
0.24500186083387046,-0.9815396959071936,-0.39069298268569336,-4.503320099338912,-9.342285504038365,16.223934487986444,0.15012659623245828,-0.9231650361720223,-0.23563679698811285,0
0.22249961029787163,-0.9708853255576309,-0.3746538762523779,-3.3718340318536377,-8.394951816815132,16.444699867666362,0.1273368950597134,-0.9121073620390432,-0.22201727776251143,0
0.20159092275921583,-0.9565484689818949,-0.3602299107174161,-2.390304331980484,-7.210001258383386,16.46148432064492,0.10873405276877729,-0.9020241832227995,-0.2067637391908701,0
0.18302730279336635,-0.9391678879564973,-0.35274776851205003,-1.7447134362392611,-5.905691593635707,16.44720554027479,0.09345656408835094,-0.8923243581256294,-0.195379570775724,0
0.15933866106776562,-0.920004571685954,-0.3486627328691937,-1.6455573865210826,-4.59837753622093,16.401769081206602,0.07539409730242407,-0.8804157763266699,-0.18839564153916627,0
0.1259427752104395,-0.9007151494086882,-0.3418452159823969,-2.088922976579316,-3.3354933356512055,16.176402180322956,0.0503058445277732,-0.8646366764302289,-0.18226990421829192,0
0.08994076156714285,-0.8811617212167322,-0.3314090586223162,-2.831957583390393,-2.098676530351726,15.741555077896493,0.020811453844746593,-0.8455472494902556,-0.17439652754467228,0
0.06313217943692657,-0.860023763652214,-0.3207706462552046,-3.6116250748782712,-0.8353533634577935,15.358331804068177,-0.006473942288523245,-0.8252076282863863,-0.16532008696643682,0
0.04724603663897683,-0.8397328267761527,-0.3109033748668267,-4.347940559923978,0.4847128896030216,15.376932221825223,-0.028315822038043306,-0.8067760308391734,-0.15645696245670757,0
0.031886387283032086,-0.8275108800994811,-0.29920051072673204,-5.135907723577606,1.7744433663526427,15.836288972072891,-0.047576672789701305,-0.794141377388718,-0.14796421785193234,0
0.008680418315257303,-0.8281706453110637,-0.2855368832382625,-6.07107409149218,2.7903869781927875,16.34508148274763,-0.0683418923738173,-0.7899032900767403,-0.13895160382100563,0
-0.01757387383157796,-0.8381224652240653,-0.27471888107073306,-7.072176695449175,3.2685195163769114,16.42940501793101,-0.09029589808259646,-0.7930265310116772,-0.12856087397220559,0
-0.03496827006749966,-0.8491113614807531,-0.2706306926087573,-7.845354006433865,3.1529559062480508,15.957215010217078,-0.10903759861110116,-0.7991114603965357,-0.11766070744926618,0
-0.038515060369407265,-0.8557628693365432,-0.2719939275287051,-8.046591230729774,2.6764148268126995,15.171431681600623,-0.1206533739459394,-0.8035452316078646,-0.11042122890613956,0
-0.034523138977151965,-0.8576668163643884,-0.2767363460262371,-7.540478648527574,2.198585329343184,14.382477347475954,-0.12456095986813841,-0.8048011871253371,-0.11236867697118832,0
-0.03159399309262957,-0.8566969394012135,-0.286371512542666,-6.533601408854856,1.970223491271899,13.721828336043112,-0.12257542108257036,-0.8049425041032124,-0.124912596211538,0
-0.030558200837534463,-0.8548809841096581,-0.30183265839580875,-5.448158944550166,2.036346336822187,13.141498786918788,-0.11692416691545414,-0.8067774274453897,-0.1427269313030256,0
-0.025935046241882517,-0.8540485758267654,-0.3176903259426454,-4.648440397656192,2.318544648991981,12.539598355038304,-0.10963186400212474,-0.8106629554889478,-0.1579298174743177,0
-0.0159123118426885,-0.8557316772179772,-0.3253526828674117,-4.27235727876557,2.743910022043838,11.868299729154181,-0.10266785019040181,-0.8147214523135643,-0.16601303250552485,0
-0.00590520768427206,-0.8605783146345511,-0.3220914181194892,-4.280225368307717,3.2794459945811902,11.164066417999411,-0.09719129081304918,-0.8178185190243604,-0.16705677355845347,0
-0.0004858893656206632,-0.867770424650782,-0.3137205466821464,-4.588769502630665,3.8793898402376437,10.50322176763576,-0.09223057896383333,-0.8209930535259161,-0.16309460804627665,0
0.0034568719288354784,-0.8754778208370984,-0.30743214869945584,-5.119475481683315,4.462307625130118,9.943910616368052,-0.08513996733300615,-0.8258815969480584,-0.15615492635338638,0
0.011487135828749278,-0.8823192738161785,-0.30450859275836867,-5.762099122464025,4.953002772206821,9.496833874137137,-0.07460441362988263,-0.8328509223002576,-0.14805257755815443,0
0.02241562386231792,-0.8881624872929559,-0.30148215330254224,-6.364339085466661,5.305442710619825,9.112503221326087,-0.06326874136114288,-0.8408143326972591,-0.14020210568083252,0
0.02873328982134803,-0.8933551750637221,-0.29569625571727187,-6.786297729100387,5.472324378976886,8.702334490971284,-0.05657394706007719,-0.8480699163978295,-0.1329132771869458,0
0.02540024679467993,-0.8977783035749883,-0.28709049343174853,-6.957712211670576,5.395305206448404,8.216481041917667,-0.05818358290511522,-0.8531309142097312,-0.12535638508999955,0
0.015104697704472423,-0.9010214865600518,-0.2764745469601244,-6.885394591886885,5.055037401251511,7.690643504106929,-0.0661571613598762,-0.8552319066238226,-0.11678729965625279,0
0.005120188012663275,-0.9026982497339046,-0.2649148173611077,-6.622996934143622,4.511680910605945,7.165156082563968,-0.07398471072390103,-0.8544253804966585,-0.10758205141076774,0
0.0012720329191305366,-0.9019460302869559,-0.25382329145215443,-6.2359317653710615,3.873451072512113,6.569335484977451,-0.07607800615656,-0.8514406055457236,-0.09859985664717472,0
0.005034759169865573,-0.8977679414067137,-0.24387227143593868,-5.772833979907352,3.2336777634178544,5.743690266077746,-0.07213802342376094,-0.8475673813103316,-0.09000988766788945,0
0.014289209278764368,-0.8911881076392393,-0.2351172416841822,-5.244409650398059,2.648171116882618,4.579590843075582,-0.06582979375262887,-0.8442881078315149,-0.08162916358646755,0
0.02495443096179392,-0.8859219380976718,-0.2290463977814696,-4.625835090824471,2.151749691219874,3.10230057849721,-0.060292880995219796,-0.8424906219843795,-0.07418856035399787,0
0.031999729030041814,-0.885106208147032,-0.22791685282068697,-3.898841735101,1.7678883942409347,1.437657457998624,-0.0563476874948157,-0.8422052589776027,-0.06913090072922891,0
0.03140658888654048,-0.8881852791863287,-0.23042707848999036,-3.1032687320399375,1.5058204802108468,-0.24910489775721287,-0.05410467911542122,-0.8434898065607116,-0.06664248499954688,0
0.0239568045997373,-0.892495811955369,-0.23053015847669453,-2.3356625759788407,1.366892473160341,-1.799928054226631,-0.05376895272083427,-0.8470445981526387,-0.06456838617908259,0
0.01678857292098088,-0.896790725697138,-0.2230895557148337,-1.6855730841789565,1.350181516366149,-3.1324449628820283,-0.054338112018506995,-0.8531728603260965,-0.060107682130510064,0
0.017994888865711448,-0.9017720619062207,-0.2097507549561822,-1.1743173116693648,1.4372630454785014,-4.301734325073887,-0.0535201136870696,-0.8605402756818783,-0.052444754839708146,0
0.027806675758724975,-0.908226941083031,-0.1970591393789018,-0.7478082196686857,1.5741858826910575,-5.4653458339410985,-0.05026387316151149,-0.8669900971380732,-0.04325060278749151,0
0.03694982582900799,-0.9159877434562422,-0.18911064860552787,-0.308066605104952,1.6840228100151347,-6.755604720478374,-0.04654985385025886,-0.8717165112083989,-0.03495396085697841,0
0.036220236738080724,-0.9242557871931908,-0.18437306852163943,0.24804623385075492,1.705786296340058,-8.174601897812108,-0.04560557538160173,-0.8761015998206434,-0.0289806591794158,0
0.026789310743622532,-0.9320758173090704,-0.17997659289955376,0.9868698233948788,1.6153024737911597,-9.599840323187077,-0.04854843154302271,-0.8821511062694156,-0.025129286998766747,0
0.018154493140736493,-0.9385212825460434,-0.1761932957430711,1.904512748481567,1.4040885760906652,-10.879952203771525,-0.05355541215206508,-0.8900527722518392,-0.021901013542817663,0
0.016154554108199052,-0.9428869511730018,-0.17498273508581094,2.938649376776922,1.0591607809188885,-11.930954853658333,-0.058296005095551974,-0.8973864799219023,-0.017693626309867403,0
0.016582772359307208,-0.9447909235739631,-0.17623599345567983,4.022149534626114,0.5923684280332889,-12.762533586715218,-0.062309993841222655,-0.9011475804426214,-0.012419831746539557,0
0.011811443767213778,-0.9439458867429006,-0.1778339173870355,5.10781335550639,0.0816861004759584,-13.44040538005908,-0.06678682036952284,-0.9006574510387104,-0.008010750614183071,0
0.0006701864054179096,-0.9404230890125496,-0.17876870141355317,6.121697369003481,-0.3550184629520184,-14.037234660972452,-0.07288412394354694,-0.8981560928483082,-0.006884121230193576,0
-0.010456290528284614,-0.9359363756271268,-0.18027731403025102,6.906899636052252,-0.6479584931569154,-14.603244161428172,-0.08058798486666818,-0.8966419986353955,-0.009863136953184132,0
-0.01488939941602654,-0.9342394949375101,-0.18371798156210545,7.247692811130382,-0.8272219467289207,-15.155376518280748,-0.0883394423262274,-0.8977041041808447,-0.015784714943782845,0
-0.011863726475028806,-0.938818729493845,-0.18901735227892913,6.97490856121085,-0.9745915145237594,-15.680369255736258,-0.09316298749827967,-0.9014469764016151,-0.022969241005053487,0
-0.005202175545497764,-0.9498761229952317,-0.1961905321723136,6.066082311161421,-1.1261711709165616,-16.153859267769054,-0.09169228470784721,-0.9077421260468895,-0.03074389794766026,0
0.0027533181801581083,-0.9643204268214874,-0.2066169384058076,4.656033504588006,-1.2278123938526084,-16.573526010135712,-0.08195493898194871,-0.9170207267313822,-0.039420083649374084,0
0.013905872585644151,-0.9790389440216424,-0.2201562029272591,2.944957049737069,-1.1800655476083945,-16.983857111608717,-0.06457243548147472,-0.9300847103417145,-0.04891346839204867,0
0.030980603392533345,-0.9936484491215656,-0.23186209400316196,1.0761781972220559,-0.9174543209366561,-17.458285771005084,-0.04227291728419424,-0.9474745917986819,-0.05792174136010608,0
0.053516571195819644,-1.0096592150032324,-0.23578157531006658,-0.9116821402629742,-0.454591997075118,-18.04009650222062,-0.0184523797789908,-0.9687613949564248,-0.0651603832287957,0
0.07809650212355732,-1.0277531073033166,-0.23326102917480587,-3.0249586377492252,0.11549681098615627,-18.696401882161837,0.0035911958653056207,-0.9919995405814221,-0.07134609752208751,0
0.10045814364979631,-1.0471389032229093,-0.23340946615943,-5.229252123052582,0.6581692365020365,-19.32932986971326,0.020673326051993377,-1.0141075776168913,-0.07898510220359907,0
0.11620105161956791,-1.0670847200126137,-0.2425743254416466,-7.434594438726468,1.0664780365961923,-19.822863426348633,0.030284397922644136,-1.0326307091193152,-0.08943663882267965,0
0.1216725519777061,-1.0872768189747133,-0.2560373806592217,-9.545316388925634,1.3423446392951233,-20.080748610724253,0.03186039752367874,-1.0476154005791258,-0.10033435368318766,0
0.11687209086714768,-1.1069904316015993,-0.2628489635557134,-11.494116138654453,1.6288855877323007,-20.05283683083143,0.02739533402751969,-1.0615583748471176,-0.10644583090401225,0
0.10728696274620658,-1.1260394590362612,-0.2571326174324499,-13.222200852425251,2.148882023227346,-19.7627245592326,0.02070526586987024,-1.0772363709259263,-0.10340257326993516,0
0.10084558386581222,-1.146309688705262,-0.2420448813558316,-14.644046989940799,3.074269791513477,-19.307374028034285,0.016138463915276808,-1.0956495335731264,-0.09081108763311199,0
0.10219152910511181,-1.17013490662057,-0.22401526881991857,-15.643419600470287,4.3990547373298545,-18.791963279062678,0.01714463510511256,-1.1162127927049688,-0.07215969257081777,0
0.11020201479043686,-1.1970780802453183,-0.20693065799543334,-16.102341177937955,5.8917965106552,-18.23638517257797,0.024394235714428197,-1.1384330223504933,-0.05213435924837255,0
0.1205239050606967,-1.223879146973063,-0.19213214090778022,-15.943571659075525,7.180068579339414,-17.550035066746783,0.03485149465967408,-1.1621590060266183,-0.03375097983493042,0
0.1294956852391138,-1.2471508242334535,-0.17934881332799416,-15.174181464336712,7.946235943254203,-16.619440835946463,0.04398313365813682,-1.1856553428603962,-0.017096580345949366,0
0.13574528104875305,-1.264414072550185,-0.1650245129478149,-13.905475959574117,8.108952624622317,-15.427892892602333,0.049409509123427356,-1.2046345149236681,-4.750395887235517e-05,0
0.13908660947991852,-1.2731544502373706,-0.14323646085276018,-12.316881048519525,7.848010592426685,-14.07844583916591,0.051554417055482464,-1.2145315893367785,0.01990636441180292,0
0.13904661524913614,-1.2715048212433193,-0.11172626013289014,-10.573989244297282,7.466004684900863,-12.698907083516277,0.05106116712565525,-1.2135882364613364,0.04393019984713561,0
0.13511208035956268,-1.2606983926054347,-0.07582813958692432,-8.759435317649627,7.22613777448644,-11.339769911860248,0.04744176301924018,-1.2035194296416065,0.0706863534035187,0
0.1280842791077114,-1.2454269762528767,-0.044670827459607036,-6.872257631452,7.286333158686053,-9.96250795200949,0.04089512919113382,-1.188251957345526,0.09628664813183618,0
0.12076656626108961,-1.230731623720146,-0.02417702168421424,-4.898424926949137,7.724708172694527,-8.500651737505141,0.034248009497448564,-1.1724013832177667,0.11642603077428132,0
0.11736413651671611,-1.2185457933211785,-0.014012428651334657,-2.8799142259241477,8.59769698242296,-6.92457120356867,0.032083825090454716,-1.159406627568215,0.1297768212672549,0
0.12128106071229125,-1.2073849213586294,-0.00957073521634493,-0.8956894484040068,9.98879456304445,-5.2741223716263015,0.037468867077784636,-1.1498957995152657,0.13893134253557246,0
0.13183878636888224,-1.1954198980119675,-0.006071516443630241,1.0172050887034645,11.989476801009706,-3.651934259931599,0.04876821481144014,-1.1423073759198512,0.14687338209778092,0
0.14352378490063752,-1.183921148532947,-0.0029552341710492964,2.866780827114781,14.560623103349108,-2.173628645395659,0.059718160495234665,-1.1355913216848383,0.1521729644803861,0
0.15072978035118448,-1.1778238362000035,-0.006671566210746104,4.581234804930707,17.364856763555125,-0.8876365905422348,0.06438998957008207,-1.131379661173035,0.14808628555945416,0
0.15415816386179593,-1.183018534604014,-0.028227812903876742,5.869460557525378,19.810652339089508,0.2843458594319952,0.06363175874978115,-1.134365475063086,0.12650254880456036,0
0.16150083710446436,-1.2029976004723368,-0.07586193551549823,6.191234678766222,21.43205649590017,1.5112018281016975,0.06606750422719107,-1.151035393343409,0.0822398704693176,0
0.180648002217247,-1.23768839628717,-0.1498198377134047,4.8636427226658085,22.342848609555638,2.899261607330988,0.08109555191402738,-1.186204040372985,0.013965245924627645,0
0.21130761112027294,-1.284232701776495,-0.24313647097960414,1.3248203040890756,23.270414934922098,4.334618911265494,0.10981877740631632,-1.2381733428558137,-0.07585084555287301,0
0.2426669696384884,-1.3370599780311134,-0.3435518951367003,-4.408592437318612,24.983239447951398,5.502759403364911,0.14249931931974466,-1.2964766096623248,-0.177936042152507,0
0.2595487089501551,-1.3870090114129972,-0.4333045031308326,-11.265635292795386,27.558268203958903,6.128158275906859,0.16461388844462468,-1.3453597514936246,-0.2731209345690557,0
0.2511647729686816,-1.4227921637026577,-0.4924187968497457,-17.126491169261566,30.181887266333064,6.235091011760456,0.16464713439973452,-1.3715456545153666,-0.3373131052876386,0
0.21390138086364854,-1.4359615045176632,-0.5095507939567816,-19.690392946790187,31.703360890394094,6.170186633079797,0.13593241752718863,-1.3712024238126683,-0.35599397488936435,0
0.14799967551585438,-1.4251835644277064,-0.4926997882210002,-17.816724258709073,31.46403768270485,6.343121521217966,0.07450948788830626,-1.3505023403665881,-0.33730460619309266,0
0.056641081244821756,-1.395459417166959,-0.4676732970094634,-12.296510566320764,29.716311473328116,6.914996786293783,-0.01830838504688118,-1.3185533133813212,-0.31028986631016653,0
-0.049197862051049944,-1.353490848614155,-0.46259831426771203,-5.382098650218304,27.338940241869437,7.718555257285516,-0.12871509991791133,-1.2795411608881329,-0.3069395740049417,0
-0.14837748714470253,-1.3035858680251309,-0.49103743354847623,0.5226797898723616,25.13705243538267,8.474485631405214,-0.2304342253596893,-1.2322778671474133,-0.3418092771819992,0
-0.21778740232022265,-1.245914027338682,-0.5482176900190523,4.008992634864471,23.325835240528892,9.080420721260158,-0.29801399074142026,-1.1755204720219377,-0.4061850582307419,0
-0.24666583938373826,-1.1771846380671556,-0.6208775022156447,4.976150516281818,21.591702774568024,9.686974650396115,-0.32276351617318755,-1.1106314292965365,-0.48042034437535497,0
-0.24347451400690256,-1.095376448651856,-0.6970561632703637,4.159617865320294,19.57795914497399,10.518413813579027,-0.31641891868113353,-1.0398288031996052,-0.5502890581732468,0
-0.22680465501218203,-1.0072344000732272,-0.7651456604514572,2.4092830205448856,17.305036902782135,11.670807950624878,-0.2992264694057788,-0.9659230255611387,-0.6105840603689605,0
-0.20764232446897615,-0.9304705400243883,-0.808283496447701,0.26868048526037036,15.215666654774825,13.095961015043988,-0.2828052361075261,-0.8954658000106049,-0.6558317051810783,0
-0.18092579415845006,-0.8844111792036518,-0.8091643268981316,-1.9855691865374174,13.912449819860047,14.709339784878315,-0.262624264058576,-0.8399693241290733,-0.6738134937000598,0
-0.13499198871093437,-0.8753002422611332,-0.7660845105293433,-4.1150850913741035,13.811760188508206,16.42740541961058,-0.22598979861299753,-0.8111503283916643,-0.6528664215402659,0
-0.06685005527659704,-0.891593231939491,-0.6997909819465788,-5.843824397658923,14.898413592498652,18.10557722653414,-0.16623379898257873,-0.813352347568001,-0.5954239647728159,0
0.014298364358666216,-0.9161399427361312,-0.6377208277072314,-6.99580402383371,16.721558211014145,19.526447250883077,-0.08885100015483147,-0.8401881948534184,-0.521421267398845,0
0.0961882819974216,-0.9415444647074984,-0.593027488109322,-7.627304024901678,18.674347173830817,20.505661114675302,-0.006052443016195073,-0.8788148998320336,-0.4561025625639106,0
0.17187879430313316,-0.9702638766994831,-0.5623064085670393,-7.9393680457064475,20.375932511911927,20.991578710512677,0.07180499034043156,-0.9175602658585366,-0.41366190511395173,0
0.2399219714148699,-1.002513785088904,-0.5383967768798924,-8.022919125186212,21.842364091493465,21.032843838788637,0.13983973417714404,-0.9497121859755807,-0.39157545446478265,0
0.30042183904028374,-1.0306490431401452,-0.5187909160550851,-7.720579532244781,23.316811926937692,20.65715826331959,0.19732586611949296,-0.9721624524877935,-0.37839553007969956,0
0.35174722027757555,-1.0458156559461493,-0.5042459037047006,-6.797779467811584,24.9539488117388,19.79515214329606,0.24500138900751584,-0.983686148709564,-0.36539259136985314,0
0.3890339813056754,-1.0455967812349976,-0.4954385701878036,-5.271840723741547,26.652064709489554,18.308761223786487,0.28243963875773825,-0.9853304464532261,-0.35148041226723675,0
0.4059350150679121,-1.034626604353697,-0.4913839011585817,-3.5409627278192213,28.138845320058614,16.082212334696056,0.3062269521476068,-0.9804744695744109,-0.3392250069470658,0
0.39965897728586314,-1.0210940364273342,-0.4878770804120384,-2.1406317783038205,29.19948968107526,13.111772505489533,0.31097602378722244,-0.9732345815127518,-0.3285468355205573,0
0.37424598605478776,-1.0126992069962046,-0.4777262282822288,-1.3480715343513971,29.860260054100692,9.544651833239412,0.29331664690377324,-0.9670746830694078,-0.3157558561594052,0
0.3373389148853385,-1.0123180720129985,-0.4563053362124261,-1.0258675215647615,30.38349922345858,5.6308276955766745,0.2553391592122704,-0.9642646807885564,-0.29802367995082785,0
0.2939626086421188,-1.0161204536648138,-0.4279021319736501,-0.8462370706634883,31.074105391222343,1.616777500221495,0.2043796717063493,-0.9649075329984271,-0.27689477152774367,0
0.24527642565707958,-1.0175577728927911,-0.40315612790103333,-0.6361544934079734,32.07229225754255,-2.3129810253196736,0.14968664997560463,-0.9662762413108016,-0.2567828751487464,0
0.1928528576088689,-1.0134115078946702,-0.3885084005324886,-0.4766978389222132,33.30086959529373,-6.006687825991485,0.09837200669247462,-0.9646065487489065,-0.24087848196022968,0
0.1407293519114904,-1.0044118739023147,-0.38090711797654686,-0.49437294779839264,34.52815974770702,-9.340554089565659,0.05278639157704553,-0.9578758360859572,-0.22905098609511615,0
0.09193338968816121,-0.9907959480313137,-0.37425305146179627,-0.6314355766833694,35.4122512581514,-12.31035338536176,0.010931845675736853,-0.9455524211956643,-0.2193504308982871,0
0.04590612284714409,-0.9704757945490293,-0.3677940814123817,-0.6623911248779024,35.55327336191706,-15.064743531232066,-0.030148960067967658,-0.9261827808908177,-0.21108605858430354,0
0.001750026678506484,-0.9428611278447465,-0.365503402474435,-0.4024300383042549,34.68902765313092,-17.710832947176044,-0.07072330932131186,-0.8985920716691791,-0.206152477990225,0
-0.03752005436299354,-0.9127622507795228,-0.3690734312405351,0.13889138876745039,32.9558764020627,-20.057246372758378,-0.10750355082943497,-0.8667820917825967,-0.20682357326508624,0
-0.06628302733030854,-0.8883571436871538,-0.3745272790427881,0.7867994475172608,30.891700277353493,-21.657223527922614,-0.1359638349819548,-0.8400452564437013,-0.2119516193181279,0
-0.08172046036802987,-0.8743943472710894,-0.3757821779539961,1.351653883947556,29.059557750934488,-22.17988310503935,-0.15382455047020732,-0.8249733115922347,-0.21609501403168968,0
-0.08656770955452382,-0.8677720417124108,-0.37009435288336767,1.7768499495209118,27.6413019603675,-21.702329316217227,-0.1628110323566616,-0.8190025975986247,-0.21360089085648432,0
-0.08573597216643647,-0.860836842409908,-0.36003152324070836,2.1624477287008306,26.41517965179631,-20.616773071984454,-0.16643169756588164,-0.8142013961368695,-0.20389970568176619,0
-0.08064922551187294,-0.8494687469497393,-0.3509325376419036,2.6113333383202595,25.089605439971066,-19.316630186778276,-0.16532187904352685,-0.8059685774225701,-0.19217125472776475,0
-0.06859953622234696,-0.8367936113625575,-0.3463841693328834,3.049775888905883,23.608512402836233,-18.016169630626823,-0.15590308292142965,-0.7957965475436823,-0.1844031654660396,0
-0.04823927089140915,-0.827662155867648,-0.3457184638454782,3.2608964723643536,22.142172344073504,-16.81676277714535,-0.1352084355211528,-0.7865136330904465,-0.18232084563044615,0
-0.023174496428563424,-0.8209833015500003,-0.3454487361559255,3.0950338956820476,20.84170929451623,-15.834450590255056,-0.10622625611081965,-0.7776214272142901,-0.1833191874902772,0
0.0017749833733008637,-0.8107350328149933,-0.3424780061604912,2.578500035853563,19.672140536832465,-15.177212326061202,-0.07645297708813834,-0.7662771614322739,-0.18379431777127114,0
0.025489039952581508,-0.7944131521881239,-0.33604856627151614,1.8518957903753097,18.499711445698978,-14.802985845368974,-0.05140016296801577,-0.7513924093499578,-0.18127128259170538,0
0.04909978898490459,-0.7767914595754837,-0.3278281367903544,1.119320633196193,17.26769441592288,-14.49073071131084,-0.031340392865661336,-0.7354453259743331,-0.17494626435153937,0
0.0717516949280168,-0.7641036468993533,-0.32060513259651174,0.6081622150750751,16.014303111739338,-14.022278102365844,-0.013867997970198918,-0.7226143202605501,-0.16659294306075165,0
0.09128201344635682,-0.7575692678230668,-0.3158182315893579,0.3739775425980896,14.769102517878592,-13.366531328133021,0.002986418952491245,-0.7156979136552898,-0.1600626327684661,0
0.10797001360005742,-0.7547168530082349,-0.31164489849014304,0.11306209464417932,13.544755619199588,-12.643147343606596,0.020233193001867544,-0.7145119065025771,-0.15705545644501687,0
0.12375972248422458,-0.7548946174852904,-0.30449069781559485,-0.6137606851524123,12.422405054531954,-11.96022683641196,0.03760685307538649,-0.7168369936778214,-0.15376654975349396,0
0.13774278840580845,-0.7602906546230652,-0.2934530974043833,-1.845036702027239,11.517160662012884,-11.364706297047704,0.05285089070204793,-0.7208047741851124,-0.14511515868020347,0
0.14640539296533378,-0.7714709525532556,-0.2827428175670848,-3.0639207861704474,10.82188839375236,-10.893615445282238,0.06353288006330106,-0.7263006391358728,-0.1325628022317743,0
0.14997621332291286,-0.7845917867453162,-0.2783414255900353,-3.736856208906982,10.195079044656186,-10.537773708973527,0.07044888525274469,-0.7342418835441652,-0.12388086214211286,0
0.15487774466559948,-0.7946985803271316,-0.2820253976546754,-3.9063928844713054,9.558717845576927,-10.154321403579633,0.0772513612856796,-0.7448597383564537,-0.1239599495301407,0
0.16637966888230887,-0.8007868864267393,-0.28928464626593564,-4.1039632288625585,9.016518495841174,-9.549902113146976,0.08592107284655562,-0.7568636569795781,-0.12926450718750784,0
0.18097109680561835,-0.8065526971404104,-0.29318873841938053,-4.763051423361873,8.710901688010392,-8.696863600295272,0.09451167779738358,-0.7685635226236542,-0.13278911668423127,0
0.19006024311916667,-0.816978650157819,-0.2900261400930924,-5.871306245084349,8.630465995130283,-7.775439592863992,0.10008523712240913,-0.7801086450044235,-0.1313156726841678,0
0.19022028053616913,-0.8347098151105572,-0.28144263429474037,-7.126288066035209,8.619211156314087,-6.9744432729480375,0.1018442042114626,-0.7941817082227063,-0.1259418480511808,0
0.1858349588901772,-0.8584861013278126,-0.2719017845939432,-8.235983659866818,8.520994130964135,-6.352033259251921,0.10040138050305311,-0.813465939473217,-0.11829312136895842,0
0.1822883800564531,-0.8840351054770301,-0.26456948367982835,-9.043447069438896,8.262254251275783,-5.918706136832286,0.0962423632329869,-0.8369380737758484,-0.10910854012688358,0
0.1811180416120035,-0.9068802469001856,-0.25909517408437827,-9.507788882984125,7.862683683076046,-5.7070527047452115,0.09084417339298256,-0.8594107324753428,-0.09928157936203001,0
0.18235371943915965,-0.9249627349294142,-0.2525780730326383,-9.656279668868613,7.460929751989472,-5.64758512512174,0.08747379963443395,-0.8758686689585716,-0.08959361666098441,0
0.186671559861031,-0.9386546366128969,-0.24283398725024066,-9.518843233935034,7.30181961848477,-5.481785929917787,0.08814143773709732,-0.8858643911154236,-0.0796709665349097,0
0.19242154496552602,-0.9480880583669873,-0.23101262156487373,-9.067648961047986,7.593195695237983,-4.957507615212006,0.09053732662099084,-0.8921704941795126,-0.06908772393080678,0
0.1937539685312197,-0.9511234248796031,-0.2207077430587464,-8.235998864088225,8.337657024901159,-4.093968002499777,0.09032767465031291,-0.8957257520443107,-0.059236554348444145,0
0.18577232576299396,-0.945747917506554,-0.21463092896138558,-7.0157140440160015,9.330782384782403,-3.1454347737977635,0.08599501533530705,-0.8947158562551136,-0.052453790492638215,0
0.17106384248886905,-0.9350936097063142,-0.2126446582686281,-5.538246261921534,10.322388515128976,-2.3124661849117603,0.07964295578487895,-0.8892768052672325,-0.04925564616329164,0
0.15799130330113348,-0.9275119330589322,-0.21244157883693968,-4.064506037671149,11.162922394392629,-1.5756242020794988,0.07383224966929734,-0.8840563592285071,-0.04759170473283699,0
0.15192900643075824,-0.9289813715091941,-0.2112826861771041,-2.874704961311581,11.824075078047766,-0.8045739201312242,0.06944163664897333,-0.8838216667997066,-0.04499661380172415,0
0.15048589144127578,-0.9365368386803601,-0.20773006742318506,-2.1078003270590746,12.336299179122236,0.06417680094701209,0.06613925083540305,-0.8881426826841495,-0.0407703262236684,0
0.1481472226583586,-0.9418228952157456,-0.20255949534956647,-1.671062349581513,12.73204185097402,0.9961670049202185,0.06344395324025463,-0.892624818592237,-0.035955231945339325,0
0.14330486859720176,-0.9405707714537823,-0.1976026604389538,-1.327490237400371,13.029711891150175,1.9473146093283846,0.06136853156541457,-0.894422950172386,-0.03188806596088399,0
0.1390819262062419,-0.93609698747366,-0.1936130998743314,-0.8957553048089577,13.240943212958308,2.919609520141619,0.06073037181230103,-0.8945473474539544,-0.029165367372156616,0
0.13888598532924185,-0.9339000143713021,-0.19001874100666333,-0.3603519063735411,13.376430261350414,3.929999672919458,0.06256375067179572,-0.8952225084087756,-0.027520577817513703,0
0.14337273307989146,-0.9357526859333555,-0.18655971216209036,0.19926585814805797,13.440222120210288,4.964558472273693,0.06667828158811673,-0.8967800804306545,-0.02600727728932738,0
0.1512828997630908,-0.939811033603911,-0.18382038273757295,0.7340306666566675,13.422065416571943,5.981243865181892,0.07113226327689207,-0.8976819203236092,-0.023313714400871065,0
0.16098094790585546,-0.9441566441626272,-0.18144565049719102,1.2492271338309715,13.311093534383978,6.942374439644968,0.07385481166010503,-0.8970613169519265,-0.018567703916286787,0
0.17016304575347982,-0.948474932121273,-0.1769967126986091,1.7411491743144434,13.12688039336566,7.8335321294575575,0.0747838000647917,-0.896568718250028,-0.012220961005344706,0
0.17551148657287122,-0.9529129947008431,-0.1683806223653697,2.1698345502761547,12.918814034091055,8.659894244612243,0.07582786543139992,-0.8989956600250737,-0.005774135470525636,0
0.17491606740293417,-0.9567784776169144,-0.1571097336829499,2.5077620252515684,12.713321038530042,9.429402433144032,0.07864634032514933,-0.9049857596847346,-0.00025316184283339337,0
0.170427480153451,-0.9591345860717372,-0.14734333501553534,2.7860827600873463,12.47290384750327,10.130806069138178,0.08295626049954113,-0.9119820319781647,0.004713796237930372,0
0.16722681109243714,-0.9604648002252427,-0.14188743213878108,3.0749228946166243,12.13068602249217,10.725843662680761,0.08706108885063045,-0.9168903231697325,0.009903495943941755,0
0.16847581189546576,-0.9629047600254924,-0.1406629206288086,3.4254064695435096,11.660923874829185,11.173569208349758,0.08938044844704932,-0.919039508719031,0.0149010890041983,0
0.17204306878682185,-0.9680721003408366,-0.14242600293188099,3.8336981481325396,11.096384453296782,11.469337630952051,0.08912128157551702,-0.9199905715405401,0.01796371497132198,0
0.17324462535432086,-0.9747964163759149,-0.14624631561010062,4.2491771373533105,10.482927544585364,11.658232005025587,0.08612528069710629,-0.9213318069319666,0.017376994932839493,0
0.16998689681378026,-0.9800056300167377,-0.15194230249595797,4.6011956062900055,9.843451106044615,11.809214056142991,0.08088481320777625,-0.9238176449584673,0.012670196099581902,0
0.16380981199035052,-0.9823445311543785,-0.16044303181271372,4.805922526493136,9.188256911947681,11.976246772349352,0.07439949375975691,-0.9282316546282452,0.004585256482622718,0
0.1562820164989511,-0.9841424694520466,-0.17252554428949002,4.7582158479702965,8.527595083004384,12.178050514714196,0.06708698158475326,-0.9355704687674413,-0.005635160007637147,0
0.14645471759921597,-0.9894871684868505,-0.18579422530186748,4.364001370823195,7.845619169832318,12.404201418735443,0.05798641879309051,-0.9461580094342543,-0.01639113302494497,0
0.13255340837061283,-1.0011872930391343,-0.19467534848392276,3.6285023875171234,7.068401904383999,12.636685500317066,0.045934487391077146,-0.9598231115300783,-0.02541554749290653,0
0.11449852485046731,-1.0193667793004453,-0.19541115518422297,2.7155533452073213,6.08589702372211,12.871309143874887,0.031203818411868492,-0.9769960522535699,-0.030374207850313164,0
0.09398665535065316,-1.0414927017471283,-0.18994843684390755,1.8903899851622454,4.831811779898817,13.125171736334003,0.015010287619761174,-0.998032146175228,-0.030547689019071077,0
0.07372567793590465,-1.0637982712204614,-0.1838074791529572,1.3795651215840157,3.3602235260094018,13.426789603377879,-0.0017889464015455121,-1.0212024947519802,-0.02800424997791108,0
0.05741812113385027,-1.0841015907912825,-0.18174986696449583,1.2628676529391984,1.8535851572159758,13.794177542017433,-0.017845540551874973,-1.0430128257143214,-0.02680539482911444,0
0.048802028754731164,-1.1031365389084553,-0.18617664256949587,1.461101440324479,0.547987452287707,14.207610747571415,-0.029747860812350323,-1.060950355988564,-0.030346370651014688,0
0.049314931912712,-1.1221045554490332,-0.1971236172043406,1.8018293494388662,-0.3770678695752301,14.595449711262622,-0.033351038470018905,-1.0747581582258197,-0.03882963349832272,0
0.05732077545936751,-1.1397726666340455,-0.2115548487492125,2.119762623621007,-0.870086345673295,14.855974563234136,-0.027060116906910393,-1.0852954050903165,-0.04927010735122985,0
0.07018306029802557,-1.153796762639083,-0.22328085725932462,2.3388237779952252,-1.0049932315281243,14.903494131479112,-0.012880534725898096,-1.0938743177753838,-0.057686498882900894,0
0.08633342809494537,-1.1646877521816923,-0.2254901564318329,2.481123537339382,-0.9423334802763425,14.697357879177519,0.0054135645878293556,-1.1028036568902255,-0.06058743863703069,0
0.1046663993465521,-1.1764558920283734,-0.21471925403721595,2.6141825198892796,-0.9042830359841212,14.241134338255721,0.0239001872624481,-1.1148185230029282,-0.054722835897951703,0
0.12220889680996616,-1.1925035830509496,-0.19233537969785341,2.824783505049715,-1.1464820736888255,13.574017304771848,0.03879704339979305,-1.131044135987646,-0.03730725897483443,0
0.13345768893732432,-1.2122514237588302,-0.16176207600883868,3.2542714633564347,-1.875855668798703,12.757222862618624,0.0474128749747378,-1.150142531912655,-0.008163740776253729,0
0.1339560028036838,-1.2327084903085292,-0.12549359705399765,4.101571215772175,-3.137781757817126,11.840702919844666,0.04998582964126353,-1.169719495736172,0.028418079845359615,0
0.1256723994119479,-1.2515786474653976,-0.08610047696193279,5.521004497360006,-4.781135558838039,10.832555700740963,0.049392786262894575,-1.1877129776551676,0.06537000699914093,0
0.11704006350723711,-1.2669654356401876,-0.048477627819444,7.508794948293729,-6.564113629667437,9.712191539437235,0.047896807253723514,-1.202090748366604,0.09750195266888194,0
0.11536154257918851,-1.2755678793405552,-0.018344865692476408,9.912985803954184,-8.316742865089301,8.475403633165818,0.04518205429083903,-1.2102548220354723,0.12430527186675323,0
0.12025636865816736,-1.2739542320986734,0.0018960247769011646,12.540446975860151,-10.010596019213043,7.157997438019338,0.04106072327491848,-1.2098334119292964,0.14770532941767558,0
0.12663285467571364,-1.2617982804988852,0.01438077486803523,15.229032821901477,-11.692578481905414,5.821979253963839,0.03910550813428154,-1.2004929858676041,0.16766741248652126,0
0.13180309686758515,-1.2431336424764845,0.0217005744907907,17.84185386408711,-13.390941777894373,4.538055674647393,0.04442750536521268,-1.1855626776317378,0.18068586637733763,0
0.13536216049223174,-1.2255376598799348,0.021535641317349488,20.22480683499622,-15.116496219552129,3.37829728709961,0.056120583605373114,-1.1723546899345685,0.1813110860773035,0
0.13321232412599807,-1.2183860842228291,0.005179955336678019,22.098521819838624,-16.93991769941177,2.384001019313629,0.06379333771772557,-1.1700507272319833,0.1626203305224901,0
0.11778440222032444,-1.2290842323665032,-0.039712003903906196,22.833258312180632,-19.000938629099494,1.5032685383010314,0.054696546096568925,-1.1854772057753908,0.11517071064958312,0
0.08697129598677454,-1.2587269356044581,-0.1229498759899311,21.304566151631775,-21.37542674728787,0.5832719007619028,0.025310618591171615,-1.2194962823502882,0.030500494192814868,0
0.050125356748734896,-1.302423279715773,-0.24099350882130258,16.29059635961912,-23.92411761633277,-0.5125831287925373,-0.014375359934324577,-1.2667588884390337,-0.08776824075496666,0
0.02278645607487344,-1.3544646751038694,-0.36835130635679836,7.557201066708144,-26.30626734020109,-1.7574577023861138,-0.04725877220189947,-1.3187882752794948,-0.21518688410108813,0
0.01663815359486377,-1.4107621113374416,-0.4666026453623634,-3.1386771870823624,-28.168460351158505,-2.970552578859089,-0.05912918276170197,-1.3676429899069413,-0.31465855279490745,0
0.03628275057353354,-1.4647307215510112,-0.5105881808877936,-12.37004089004257,-29.330980441035294,-4.010790976006865,-0.04388865871835213,-1.4071707322392166,-0.36012493651461924,0
0.08394937988765942,-1.5036416088995543,-0.5066190756785426,-16.955471444812044,-29.807660105051376,-4.957571605059132,-0.0014254226637895571,-1.431680576676334,-0.35512550644525337,0
0.1615571811288937,-1.5131091453533454,-0.484319286586353,-16.036443242312398,-29.665835827514243,-6.094174810027856,0.06663142993674051,-1.4350415307792113,-0.3287629578655576,0
0.2624811199992955,-1.4862904114393334,-0.4740176052870185,-11.463041474100647,-28.878346267285004,-7.727371657534507,0.15461057873079206,-1.4124601661292115,-0.31425745040311626,0
0.3618369173500538,-1.4272377926931226,-0.4920476646467531,-6.20727274279169,-27.32173564847991,-10.007713517027607,0.24466174779657546,-1.3630286391524307,-0.33018932776724935,0
0.4237029485497755,-1.3444656148905043,-0.5399400639211913,-2.3469728141138306,-24.930198881521417,-12.854022676515685,0.3076668641067692,-1.2895493666755375,-0.37723957883953807,0
0.4275167230299784,-1.243528312850873,-0.6095278083899668,-0.2678470220647442,-21.844247497324332,-15.987587611428623,0.3221342555224405,-1.19613522969325,-0.446404003962801,0
0.38760569938070333,-1.1291929201223578,-0.6875655695224265,0.6906859821499244,-18.393389838998374,-19.04397393287585,0.2939526404954554,-1.0881905251421096,-0.5265595371623505,0
0.33959852261320056,-1.0135687151464587,-0.7589302137437213,1.1699247555100676,-14.955599793885181,-21.704486036254618,0.2511262008682122,-0.9761669199054421,-0.6046830419736571,0
0.30487041894731776,-0.916009244283853,-0.8089554728800813,1.3485436935341908,-11.880520922583578,-23.772438706193633,0.21555540139662435,-0.8768460030554629,-0.6633846653171296,0
0.272681822077079,-0.8514210833650286,-0.8259885623659073,1.2608901020362187,-9.532203600579123,-25.16528354511967,0.18345492408633604,-0.8063063514986871,-0.6849487979545655,0
0.21892291293086907,-0.8205354717256556,-0.8052270601512567,1.191137346122303,-8.29586424566445,-25.861148926183212,0.13584326788112253,-0.7698936982513914,-0.662274294184013,0
0.1365096270021512,-0.8134810078106778,-0.752064309838904,1.5014528632778954,-8.428855736500118,-25.849742855431696,0.06381664940152255,-0.7607729433792862,-0.6055868478826862,0
0.04218920250635384,-0.8212510065287455,-0.6809560430521356,2.0704861308511773,-9.8637017140504,-25.116428588962506,-0.02164250340016859,-0.7689821162404084,-0.5358287473661097,0
-0.04245837911088263,-0.8419961522984701,-0.6085490924180258,2.1422079513100383,-12.166667700214543,-23.67326607684497,-0.1024763944208434,-0.7901595401621485,-0.4698897062919485,0
-0.10860540020190977,-0.8771033523879772,-0.54540592384523,0.9929861370506485,-14.720662108352295,-21.61349163322999,-0.16908752437824198,-0.8246856412555251,-0.4118657569143881,0
-0.15884190420309777,-0.923309648391409,-0.4933868639308455,-1.2038675369373106,-17.015297727845457,-19.122321863794514,-0.22150400074195206,-0.8702594764093868,-0.3579234266552337,0
-0.19613091095007984,-0.9704383379490951,-0.4510606370704259,-3.3286286692993947,-18.842433304178495,-16.404022321291134,-0.2609462860925349,-0.9178111399187133,-0.30787560509263723,0
-0.2181925941081235,-1.0072960057156728,-0.42022522079861313,-4.2541470772412655,-20.25423680202523,-13.576037934467895,-0.2850711384883814,-0.9557314955631018,-0.26988281129680164,0
-0.21943895428596902,-1.028489219597767,-0.4050996993388133,-3.8396682319625337,-21.328841361922304,-10.627251033196423,-0.28977680076793605,-0.9776669885339239,-0.25300093599709145,0
-0.19514662003464425,-1.0351303536429566,-0.40611195864563315,-2.9988022563497645,-21.966817979806834,-7.4783609730969935,-0.27193934696959954,-0.9854285792616709,-0.2565874811335713,0
-0.1454926616485009,-1.0313978572076232,-0.4172042249055495,-2.8633305803432725,-21.911863725284874,-4.090192858081633,-0.23072054705788198,-0.9847913584437235,-0.26913534239600895,0
-0.07820267182335852,-1.0221606779459174,-0.4291954620943875,-3.903641712643856,-20.966564824752442,-0.5408117845315985,-0.1694649560596542,-0.9799775356000857,-0.27740045468444646,0
-0.0062535958310009935,-1.0120654462181422,-0.43396174214640426,-5.720933203014159,-19.195161396973607,2.970579958664301,-0.09745617010051422,-0.9724712686688926,-0.27501218045683484,0
0.05934813687086111,-1.0043974270607048,-0.4264050090428617,-7.490437406641374,-16.93001115944599,6.195952329527239,-0.027504809612476134,-0.9634245861882613,-0.2629355818260857,0
0.11468433396285364,-1.0004058267839084,-0.406321928900841,-8.565234052544742,-14.575539101369559,8.95429623970535,0.030720633439533414,-0.9553992815569688,-0.24515135015580541,0
0.16086392996051518,-0.9999152041241705,-0.3799729440214247,-8.815894504893217,-12.375671088487202,11.219003782129729,0.07532799601116887,-0.9513078652833249,-0.2255985352310026,0
0.19871958632672113,-1.0020689123569262,-0.3567667962085121,-8.556574745379274,-10.340662321153486,13.105584827226599,0.10979959577684804,-0.9519773150802121,-0.20713463101271753,0
0.22702874115888222,-1.0054286801681895,-0.3418796518293185,-8.159304953139307,-8.382746901229455,14.760755684484446,0.1369915799602149,-0.9551218063926268,-0.19124673084328336,0
0.2452531126242975,-1.0081579163332757,-0.33384795065152534,-7.68478298953923,-6.499367734093041,16.245151544382054,0.15693275402399057,-0.9569976935058369,-0.1789841643135625,0
0.25592019415114836,-1.0085123861331993,-0.33019972807276593,-6.889270075963103,-4.78955705143613,17.5091834864058,0.1695277483842328,-0.9552259573833244,-0.1723130125158696,0
0.2626152104515468,-1.0049899038246126,-0.33180313241971715,-5.601408758575624,-3.3022337572585476,18.459429012297885,0.1764156975574971,-0.9498758848199228,-0.17310437666169176,0
0.2660237837708545,-0.9962436458896229,-0.3395191069640523,-4.024268170672117,-1.9432288393242727,19.028604803095554,0.17899917745037688,-0.941553353096038,-0.18014183420119967,0
0.2636615232007577,-0.9814308039469593,-0.34971941357320013,-2.591678186452333,-0.5715612798987018,19.206910962161288,0.17641357529981277,-0.9290643998642143,-0.1885024161417281,0
0.25371642322311955,-0.960995914932749,-0.3562681502979673,-1.5544396841622752,0.8641476135270034,19.06417004695638,0.16689862998086707,-0.9105964319041993,-0.19317138551435287,0
0.23771408103563624,-0.937370344307393,-0.35592905933471847,-0.7981527684122935,2.3275714092352655,18.752013445828908,0.1503494147152865,-0.8874517213324802,-0.19307686070463542,0
0.2187870491044614,-0.9146364733730706,-0.34995601666002507,-0.08601267933957472,3.78931799935726,18.42993386182881,0.12850167386712183,-0.8644172561143935,-0.19096991841289493,0
0.19812937966682337,-0.8958701197529693,-0.34151070316715537,0.6143682344756326,5.264653042769742,18.15677402475378,0.10334054476521372,-0.8450491352877201,-0.18953084883620147,0
0.17400418704145557,-0.8794669456085316,-0.33382930803889843,1.1300476291702695,6.760172512644544,17.878717818364525,0.07633956233778562,-0.8279839087772114,-0.18844587415946504,0
0.14458357612976658,-0.8596867265966237,-0.3301497710635422,1.3557205864492676,8.214548693355159,17.534854673508253,0.04879110612505899,-0.8092024356357057,-0.18569727724061202,0
0.11148865105275772,-0.8333036860474173,-0.3319821509625363,1.3978249507997953,9.516908943308689,17.149442204678,0.02194525838992923,-0.7870228065019168,-0.1807937536981988,0
0.0794928826221233,-0.8046867811386144,-0.33608545486862385,1.4035831771541285,10.595243582092502,16.81584186909369,-0.0033303875431628894,-0.7637916980333715,-0.17524162197892484,0
0.05220148816802984,-0.7816923983737225,-0.33548420474871943,1.333624473727316,11.470138702361607,16.616393736600134,-0.02698441992676581,-0.7433954083203773,-0.16973023310164298,0
0.028973725419062697,-0.7674944509403868,-0.3257183396961296,0.9952267420537245,12.192217270746044,16.565861843686292,-0.04987739453969424,-0.7284052140964719,-0.16263644325654392,0
0.0066848278457559696,-0.7590890607072537,-0.3095649212847314,0.27816421473293146,12.734115517838465,16.608328029848405,-0.07301959491586935,-0.719332967406178,-0.15253438856119259,0
-0.01666849731062133,-0.7528843621534561,-0.29433182374599465,-0.7303930513898272,12.975053377430157,16.648375922633647,-0.09644823701713208,-0.7151066392181066,-0.1408875724407659,0
-0.040611196459923705,-0.7488725815109142,-0.2847970674244973,-1.8765494881320117,12.784575882945385,16.590273440726026,-0.11900789129834735,-0.713920593076353,-0.1306552098849394,0
-0.06258716422010054,-0.7494182422071187,-0.2796022146473839,-3.0982110195679913,12.101225838703852,16.361965606487434,-0.13892347438927155,-0.7148924699754029,-0.12304131108771439,0
-0.07878920715678636,-0.7563188085646861,-0.27442362359311046,-4.396989565345523,10.968369027183591,15.914958190753488,-0.15424735907783316,-0.7194635362782656,-0.11724427926454421,0
-0.08645291676897565,-0.7698024919326767,-0.2680042614777842,-5.703223697236026,9.550415546937929,15.223722125162123,-0.16341955662620472,-0.7302505206493999,-0.11305254715498075,0
-0.08643557452265951,-0.7889659627780785,-0.2641105475575126,-6.8559237020969706,8.100467606195775,14.309614055440264,-0.16618217088384948,-0.7479167863741021,-0.11195502000933871,0
-0.0823380834701746,-0.811837350747013,-0.2667704390743464,-7.742170778870068,6.856998662032552,13.260162988214386,-0.1638102203602803,-0.7696997791360138,-0.11500379312629087,0
-0.07670340138576857,-0.8354459264296088,-0.27452222680520516,-8.417399259730596,5.949238230339224,12.191118663797154,-0.15802955709248528,-0.791428574860745,-0.12040477330818987,0
-0.06908991188859033,-0.8571878805625479,-0.28114175178586037,-9.046975269205452,5.397863716994524,11.172528427932262,-0.14965281836655103,-0.810675157198672,-0.12410902647942607,0
-0.05802498980052771,-0.876121948223179,-0.28162863274123306,-9.724103381539198,5.1831909320907705,10.20976633453839,-0.138572055848185,-0.8277543275540844,-0.12290389533607401,0
-0.04436595435321654,-0.8920926715856214,-0.27568345229234126,-10.362317373579144,5.289921071048272,9.306692261612836,-0.12563868975273884,-0.844027018956841,-0.1167964165658805,0
-0.0325887563648712,-0.9044026324183959,-0.26606279191991844,-10.778569035885296,5.685540268498601,8.516376521375546,-0.11447221369748661,-0.8594944038716346,-0.10852170866448226,0
-0.02808498230545658,-0.9125678001080012,-0.25608075307421213,-10.87810346357173,6.264153804111724,7.8958204347986936,-0.10991020572508674,-0.871904221679755,-0.10090245868645568,0
-0.032122100569981764,-0.9173179473754178,-0.24830489166176647,-10.745011100418703,6.827984272012921,7.424247376854197,-0.11324089869630247,-0.8782171402133143,-0.09444809530728988,0
-0.03954787122904587,-0.919575857038862,-0.24286164668393076,-10.544019586999225,7.1581792246852665,7.003145099609327,-0.11966201205839837,-0.8772646482620793,-0.08716789138060067,0
-0.042548611730080683,-0.9194129407534615,-0.2368448744833332,-10.345748337905164,7.137257860336872,6.5357861848159295,-0.12213705593722941,-0.8710982438689563,-0.07695332417983981,0
-0.03720260921065449,-0.9167302817668178,-0.22755441968475354,-10.075011848212085,6.81011394947939,5.974377251162918,-0.11784032981346558,-0.8636088297556538,-0.06458701412451506,0
-0.026115662304444405,-0.9119913990843339,-0.21639878960952053,-9.639764384008485,6.318687240741179,5.290875980235385,-0.10976973674496826,-0.857768386918155,-0.05401443796416472,0
-0.014812717932587661,-0.9062623273375722,-0.20793851294973342,-9.081681598266188,5.78099905112693,4.449491157761963,-0.10222720299531853,-0.8541746174025654,-0.04885907115579635,0
-0.006229872287963892,-0.9016445340233312,-0.20490928875572864,-8.565516464690509,5.244637634709827,3.440822203871561,-0.09601995542577407,-0.8520754720478638,-0.04879402997827569,0
0.0011759120615942506,-0.9010767018139423,-0.20519521855830206,-8.227901347653173,4.745695705125654,2.3222403265828184,-0.08857059711977495,-0.8514211727169289,-0.04992436029729112,0
0.010559706942996688,-0.9058518474762339,-0.20399412641698733,-8.066191376018569,4.3664255100962635,1.1850344150174017,-0.07787694242494272,-0.8534404354080257,-0.048477712723959815,0
0.02255058256830029,-0.9134588144829172,-0.1986696190000416,-7.966964141479292,4.196243100141801,0.07568885576787834,-0.06520729967364373,-0.8591081272772665,-0.04351571466566381,0
0.03417596691158386,-0.9199109147320828,-0.191199857042556,-7.803088937555299,4.246620627431687,-1.0273314557210662,-0.05371967992815886,-0.8675195479535469,-0.03638853195976595,0
0.04175950423722375,-0.9242492567934428,-0.18577769488631815,-7.498129042260373,4.431925695038794,-2.155313477898816,-0.04550559012922502,-0.8761635944499828,-0.028731391054745023,0
0.04429625595995865,-0.9283666024561613,-0.18438689327475113,-7.040366182413957,4.628067138378729,-3.2918521804293586,-0.040830193994267065,-0.8826916817959485,-0.021667417451666948,0
0.04336410029210849,-0.9326160989825376,-0.18499180259532694,-6.467236168706922,4.732512026979552,-4.378475122069302,-0.039491591417017774,-0.8863099584428735,-0.01623707069267544,0
0.04032034655378661,-0.9351070679204695,-0.18385980273324473,-5.824202554165266,4.682597006951443,-5.3525426992581115,-0.0414350239849606,-0.8878489672116004,-0.013254646198258687,0
0.03537124423635309,-0.935728509439871,-0.17974404413168493,-5.119058875901056,4.453830555746199,-6.172454949292489,-0.045689624253260196,-0.8890768226831393,-0.012358226912772219,0
0.02974970000685231,-0.9371279858796128,-0.1754911134190559,-4.319125362534019,4.071397520069522,-6.834512454585044,-0.04985497349575264,-0.8918340033573969,-0.011934504239957526,0
0.026335785635738514,-0.9407981515065945,-0.17423242691720361,-3.3932829697903735,3.6343856824607617,-7.38371665550693,-0.05188626612665837,-0.8969336106069219,-0.010413208686635506,0
0.026188412331263986,-0.9453134280733579,-0.1742673866835454,-2.338949787390841,3.305873741059194,-7.887196204004246,-0.05227307880239653,-0.9033349542365514,-0.007253046785972791,0
0.026406012386788143,-0.9491672267308031,-0.170585806979812,-1.1656812529280165,3.22868218264455,-8.379119780016552,-0.05335085236982073,-0.9087638469689666,-0.002734246682481301,0
0.02415928735139067,-0.9526232662910614,-0.16263003349864152,0.10998483180086141,3.41928189497246,-8.851871263631958,-0.056148847716279635,-0.911654614717459,0.002176791543407545,0
0.02133560450464926,-0.9559485476946505,-0.1573439930849764,1.4063198418364862,3.7485947283753767,-9.315252434300247,-0.05885974167123254,-0.9124310860154948,0.005475271388698689,0
0.021846924930102644,-0.9580383254047098,-0.16124479717058254,2.5126839485463766,4.030468074050746,-9.831407889841492,-0.05894950745131227,-0.9127252926005507,0.004947141882681695,0
0.025498921560482037,-0.9579681151086618,-0.17107097208270808,3.142858588459637,4.1305624491455095,-10.458699245020963,-0.055906414066543265,-0.9135653738869317,0.0002068449257140895,0
0.02874613515250761,-0.9567094947104503,-0.1768487482741664,3.1095904259649743,4.026448882927962,-11.175847442155325,-0.05104514044604152,-0.9145900115473419,-0.006994096845949749,0
0.031653430247743294,-0.9564786237790455,-0.17537013425738457,2.4458088674207197,3.817981537838251,-11.88743570369719,-0.04513253615097333,-0.9149842030297479,-0.015197917872137527,0
0.0397877907148481,-0.9590296620439087,-0.17621793628411786,1.3271928309482557,3.6933561250667117,-12.501423382839077,-0.037285533846040685,-0.914989906698956,-0.024979426829381632,0
0.05721360808905804,-0.9648300781447898,-0.19042633450126703,-0.11030982162316516,3.8472832244380872,-12.99403921581529,-0.026277281055853637,-0.916431283934116,-0.03723964130756506,0
0.08043948226025058,-0.9732181685885838,-0.21561103685347976,-1.8324445243058982,4.383519528180022,-13.414433727918318,-0.012021617188698921,-0.9217654702286837,-0.05038631181628513,0
0.10176587712003146,-0.9832210418218867,-0.23710781901785738,-3.788984460405539,5.262229857999258,-13.844180389020638,0.004660429812150322,-0.93242511494651,-0.06053071710723215,0
0.11717899501069887,-0.9947468142623693,-0.24326468400258544,-5.804818805979691,6.321491583418264,-14.346241227635833,0.02289565048467174,-0.9478459938048068,-0.065079663488376,0
0.12890824171348683,-1.009140120721196,-0.2363425305749032,-7.65639641463218,7.350443325180288,-14.932438762938608,0.041374582845119266,-0.966224571835337,-0.06585182458140346,0
0.1406671671782197,-1.0284570047117005,-0.22930654425976893,-9.245577879203024,8.175023894682322,-15.56520985113751,0.05724333641908198,-0.9864063184435763,-0.06791750480203218,0
0.15168600380487732,-1.054155612144507,-0.2342938208546384,-10.632573999981064,8.730414766088375,-16.1805696200974,0.0661857244554663,-1.0089353271401715,-0.0748226651768328,0
0.15605449334879984,-1.0862524112201284,-0.25208254145825093,-11.87632644997144,9.096391413643602,-16.70041477755836,0.06437719851212485,-1.0353130424910728,-0.0849676862875086,0
0.14836509397566464,-1.1234613617508087,-0.26985180970303296,-12.897737947600131,9.463435361630262,-17.02789333727715,0.05124902838244468,-1.0665329269464372,-0.09265762112855473,0
0.12968551703743988,-1.1637678468770107,-0.271258864552663,-13.547162266380969,10.029348508046949,-17.06113108992036,0.03074196426565617,-1.1022346151817937,-0.09223876624198495,0
0.10654978534314272,-1.204263154181193,-0.2513564514517224,-13.772309809683048,10.894447141292186,-16.752102681035044,0.00906531070071024,-1.1407326090831966,-0.08123149196518438,0
0.08395894252098154,-1.2411102700980043,-0.2194511781787749,-13.656442882072563,12.029353489335183,-16.16836267751175,-0.00955851443017031,-1.179563183882327,-0.06070571692157111,0
0.06188008537101286,-1.271713919783993,-0.186412138773225,-13.294913876464454,13.304348126573213,-15.47369823212929,-0.024749551889588488,-1.2161713586358438,-0.03404300763823935,0
0.04003637209572075,-1.296867796900617,-0.15424498179837004,-12.688301732376331,14.524577313562213,-14.816148877711207,-0.037630433252047006,-1.2481474619009922,-0.005183566435620092,0
0.02317187802943709,-1.3181399325780385,-0.12041179583549017,-11.758711601802668,15.477017319313351,-14.22940323486873,-0.047610997661175505,-1.2724901644472921,0.023383354568618543,0
0.01761396795422296,-1.332507718045135,-0.086519016273707,-10.406221226703549,16.02160110276455,-13.651316732132498,-0.052377976657356246,-1.2848393555518922,0.05147259618562695,0
0.023033366886239946,-1.3325435938774215,-0.05787883211187333,-8.52662234863631,16.17195185105965,-13.027369063221263,-0.050984691425177094,-1.2810224737181846,0.07917882100829653,0
0.031637446154305846,-1.3142468025050014,-0.03736829544635469,-6.0517305450305265,16.074537912900084,-12.374804768935672,-0.04587647442293821,-1.2610312051252426,0.10399446703033562,0
0.03734157097129729,-1.283303759058701,-0.02373153393129545,-3.0558866588010423,15.910502621539232,-11.747194502473464,-0.040452223933626984,-1.2310502388892368,0.12176042187868909,0
0.04305156014176942,-1.2511926831073534,-0.014142629585099346,0.19489068486557298,15.838484966565758,-11.161450533177955,-0.034390569839232624,-1.199825630810335,0.1315094385294372,0
0.05631098344003749,-1.2253247984959539,-0.00527079882614671,3.372645173895718,16.021259536146456,-10.584452029982339,-0.023078143868982624,-1.1726684210364207,0.1379350298978847,0
0.0788679463427122,-1.2045608718761387,0.00579821673227021,6.286153111362048,16.653061479128283,-10.000248271825187,-0.0035452818198425697,-1.1496908112246291,0.1472336162937726,0
0.1022809600430518,-1.1843739963036994,0.017616422397748886,8.925984657537008,17.890746635136384,-9.471808010781958,0.019192761676685106,-1.1293778641489496,0.16022400400850406,0
0.11394592002486616,-1.1653216403425604,0.022810551250065998,11.32714423058632,19.682650434347856,-9.085891327515048,0.03381632830279852,-1.1128504962315464,0.17014311371199506,0
0.10836157142364902,-1.1554847693513608,0.013712028841160998,13.43733417960458,21.613103184604665,-8.789759872102945,0.03276641882663449,-1.1049481012958813,0.1674543549327513,0
0.09368104178357235,-1.1636778680615028,-0.012655648208172832,15.1062484827128,22.971186208890742,-8.299776724647202,0.02075182812939039,-1.1118416995903424,0.1460012265567992,0
0.08573143112533993,-1.1907645740310642,-0.05905406876356564,16.057823204531694,23.16416996920118,-7.262550377698657,0.011455543829852958,-1.1370910675223151,0.10279572304211626,0
0.09340557091581064,-1.2298660786108686,-0.13412561470185633,15.692200897244927,22.261409334238014,-5.595953862262261,0.014463150673056147,-1.1789404842129119,0.03281378129235268,0
0.11010539421343093,-1.275418040345952,-0.24453144436448293,12.986399821356487,21.162807963415002,-3.676625687482659,0.026031634392364063,-1.2310993806820743,-0.06912561226498924,0
0.11973354430317994,-1.328938776811015,-0.3759918758525318,7.096660782511283,21.06489569290682,-2.115751334768689,0.032976938677041844,-1.286577234391838,-0.19421592282607592,0
0.10847846623637072,-1.3935415704939587,-0.487719340720988,-1.3373972548938928,22.518036395066183,-1.264117739251612,0.023193027758492916,-1.341084917098116,-0.30963810026579125,0
0.06879469959636314,-1.4638021889835964,-0.535745744552447,-9.445685770536313,24.838484822365395,-0.8818852265053477,-0.009888206190688281,-1.3925265876631316,-0.37298147421802075,0
-0.003561405622560467,-1.522599088733674,-0.5073411095387017,-13.348756547757024,26.427343976315846,-0.26359095036693414,-0.07024501442395152,-1.436492831957099,-0.3641566483426046,0
-0.10754953981636504,-1.5477215552312407,-0.43322774401288994,-10.876953896242028,25.788533097709287,1.2923041581497485,-0.15952137834530591,-1.4614460006484016,-0.30365809520128434,0
-0.2291559705109653,-1.5221849329292874,-0.36646533152710187,-3.3377848809523236,22.426311909062143,4.021266732863972,-0.2701440905911545,-1.4494591525753815,-0.2389625836080471,0
-0.3414625294926344,-1.442032593569182,-0.34867971007267723,5.488977152716671,16.935748288976356,7.541564315438712,-0.3805162796654021,-1.385970242883184,-0.21357391466842143,0
-0.4171082611235476,-1.3184135023018424,-0.39087599545344853,12.130027209214873,10.370713584844955,11.10465925337542,-0.4619011881453511,-1.2725552239486586,-0.24541978873022358,0
-0.4409988590974073,-1.1726336355561635,-0.47736008875672536,15.304805588678288,3.5964930161466184,14.06056870571563,-0.49328838837662425,-1.1294809687145582,-0.32578512830945194,0
-0.4140396455608154,-1.0270807051514697,-0.5817240292333017,15.5856370309663,-2.843806245704013,16.171642013852974,-0.47217014285692677,-0.98373117980258,-0.4311878172434109,0
-0.3504368090619048,-0.898826022615585,-0.6801072239841808,13.911249675653782,-8.501844286382111,17.55597936290253,-0.4136065534993875,-0.8552719086609589,-0.5358346971890481,0
-0.2706486558534177,-0.7991137242692504,-0.7561109627768481,10.718391472812066,-12.906927244138757,18.41526758708521,-0.3390316866129746,-0.7548035187830764,-0.6185392574218205,0
-0.18985304221073163,-0.7351793434351503,-0.8006198964056754,6.197521944687254,-15.711150812130441,18.86084528526399,-0.2629714493851839,-0.6893167211689046,-0.6653642012946631,0
-0.10958944554772389,-0.7106282439702034,-0.8107877516822417,0.8758725607298354,-16.8603276319014,18.945783571900844,-0.18718994194308217,-0.6639718386841751,-0.6713644611294333,0
-0.02227823793427324,-0.724938021024826,-0.7895121408973592,-4.319494716432287,-16.58088638697597,18.76979606667253,-0.10567219758392885,-0.6790134601151692,-0.6416617943090351,0
0.07540675854593124,-0.7735902655635246,-0.744889326049244,-8.545845454968989,-15.224370563546021,18.51302821671052,-0.014863093183776044,-0.728442674819619,-0.5892853811992035,0
0.17537615491241687,-0.8484036443367527,-0.6883156946515078,-11.478961480799818,-13.10520302237288,18.376997145930027,0.07985539461717903,-0.8022605678838471,-0.5291188088895559,0
0.264434740609459,-0.9376014684945382,-0.6306552412093492,-13.244429529422092,-10.404480545368628,18.489481198493007,0.16653912995819323,-0.8883931470831279,-0.4715578367985792,0
0.335715753890671,-1.026244923628977,-0.578546949321317,-14.010283708804721,-7.179038837471936,18.83201505900633,0.23576502829877835,-0.9727036668118697,-0.42056967657886773,0
0.3926491401582189,-1.0980441861806096,-0.5336725817302072,-13.751056644582919,-3.4854013897846277,19.21953607684895,0.28799052582455287,-1.0400084297255725,-0.3765930232719059,0
0.44206260714051965,-1.1402318043556565,-0.4951252018925568,-12.405348247972931,0.4758059822818669,19.34101419573289,0.330972728208739,-1.0788939831230737,-0.3396718179582781,0
0.48414101050189035,-1.1510271319296732,-0.4623844612385611,-10.15085858822901,4.340386437919645,18.855143284289664,0.3689371613127701,-1.0883032792747438,-0.3094087907347909,0
0.5098355188430802,-1.1423916204719133,-0.4362356094326566,-7.4453639686550614,7.71807684818429,17.499155663590074,0.39551133873122357,-1.0791383388641675,-0.2842397621326061,0
0.5084090756705023,-1.1309103839993522,-0.41736415945616195,-4.830413095031981,10.368173663416957,15.144494112271458,0.3989606714658563,-1.0664859979478374,-0.2633287138530692,0
0.4771396536301439,-1.1237078189369825,-0.4052751882684921,-2.7301443664714613,12.275137277897338,11.784586381326498,0.3737795174178839,-1.0581659719517083,-0.2485750607536806,0
0.4237171648144861,-1.115427625049559,-0.39914139071565524,-1.364970910927832,13.592659280532851,7.519275049598733,0.3257400131553644,-1.0512683121590298,-0.24250509592303937,0
0.36024744929581043,-1.0993354998697016,-0.39825563152014803,-0.7357286147554536,14.530731056244935,2.58715115868524,0.26629414452642863,-1.0399078151957553,-0.24405172969136749,0
0.2957091858995763,-1.077627450301182,-0.4005839797225402,-0.6471024644625364,15.275284608050216,-2.6095433142149904,0.20432258728695268,-1.0240122966743852,-0.24794204586462448,0
0.23365610501082543,-1.0586798531468056,-0.4022588781705534,-0.7910360291977119,15.966431577777447,-7.599436228638477,0.1439443277894356,-1.0087375695526142,-0.24843758942954275,0
0.1752293187181098,-1.046795798993256,-0.3996393831709879,-0.8667341855987926,16.692135276424434,-12.059809508701823,0.08779903702644498,-0.9970728190683978,-0.2429118265748198,0
0.12203548600870846,-1.0381188706806748,-0.39129542011502866,-0.6714620503340395,17.455884838143703,-15.976922517149703,0.03888963540120125,-0.9862820990659826,-0.23232194703850118,0
0.07552235503033852,-1.0264063785223072,-0.37836911520084093,-0.13444181611758993,18.150172583121925,-19.561206946654313,-0.0019594066243739895,-0.9720536556440367,-0.21952779696273222,0
0.03521491588414555,-1.0095726755999292,-0.3643871630057236,0.694117861202126,18.595436874647792,-22.97547950325874,-0.03820961136785161,-0.9535120492353326,-0.20746639554870702,0
-0.0007560438200753649,-0.9891793710645878,-0.3540295610389221,1.6850825286232831,18.633580374228707,-26.13446626875109,-0.07430857046800166,-0.932669715802465,-0.19820387869487463,0
-0.03325120364354638,-0.9664490895267971,-0.3498093552133196,2.6768621297000554,18.212760452693068,-28.72888872555708,-0.11016552775706386,-0.9110794978606571,-0.1925548066693589,0
-0.06094944816340179,-0.9419423155709189,-0.349163385761658,3.4999110192352147,17.41626990354339,-30.39772232121871,-0.1408366538326468,-0.8894473477984709,-0.18948984613108774,0
-0.08204147387275595,-0.9182282524297385,-0.34573989257258353,4.006923621747727,16.402420979964173,-30.91105701909538,-0.16210051310030743,-0.869585704470762,-0.18579962394924038,0
-0.09708396864496924,-0.8999009925473419,-0.33463331695880427,4.144542156387759,15.26593141764948,-30.29488820180189,-0.17482718668198696,-0.8543018290396108,-0.17759875015768556,0
-0.10946855729301752,-0.8897175469972008,-0.3169808483370979,4.002447398779278,13.934232665870333,-28.848978594186438,-0.18336302491992224,-0.8448279082083777,-0.1636118999657414,0
-0.12141905739750279,-0.8852737684657499,-0.29942774109973247,3.7450240931564567,12.218309681978795,-27.012237367098965,-0.1905480842231215,-0.8391334583976953,-0.1471260979985846,0
-0.12861926699352805,-0.880327049782156,-0.2886457895025514,3.4886472992671806,9.980524609551205,-25.13773110792538,-0.19421605081802445,-0.8330302675284831,-0.1338772734633375,0
-0.12107725489380103,-0.8698603869158972,-0.2862560699004945,3.28652786214278,7.2644548184363975,-23.362767673341402,-0.18780946614997931,-0.8231543299299436,-0.12774254461654927,0
-0.09262558174133607,-0.8538524792042992,-0.28909145485015997,3.205218709209014,4.29023377007113,-21.69342866196166,-0.1655129191408098,-0.8093633110378697,-0.12846113969436174,0
-0.04910470089625043,-0.8360802920023548,-0.2933188204737085,3.3060956745219183,1.3410152372788453,-20.189889067781497,-0.12854921630732954,-0.7941514621730369,-0.13249093265324347,0
-0.004251513286357627,-0.8199694299417885,-0.296770547945062,3.5206081789539234,-1.3609985326534897,-19.016533135844032,-0.08593521541702823,-0.7797289652120649,-0.13524791766644634,0
0.03229894649683829,-0.8068079414984971,-0.2978290149267407,3.652494897835891,-3.6903204416383826,-18.287054666492708,-0.047793949134605024,-0.7666790959408187,-0.13356785682225067,0
0.060497890037654385,-0.7975590130941776,-0.29485473843113197,3.5830315342126977,-5.566767875953423,-17.905559884926237,-0.018568917097481562,-0.7556300176035863,-0.1274722964809886,0
0.08449540594724265,-0.7934732249310583,-0.2879385975418304,3.4091087204891135,-6.933166871000354,-17.623836974926352,0.0029605303035967426,-0.748211962028853,-0.11960238817957176,0
0.10600899605435189,-0.7932604158516695,-0.2790477068400772,3.299827402864169,-7.820640343114121,-17.253998409098163,0.019603559051580104,-0.7450621221892143,-0.11242532661698104,0
0.12424225606890132,-0.7923628346126805,-0.2691172489346436,3.259683920181738,-8.384134778203578,-16.777070608038635,0.03366605068770577,-0.7446230264727165,-0.10616492353207987,0
0.13875242312914762,-0.7883614672454083,-0.2574323530737415,3.1083175179431737,-8.797454596896792,-16.248873297252967,0.04686552853691676,-0.7458394217490034,-0.09958277384545107,0
0.14941372377309867,-0.7862194092875294,-0.24528211443144057,2.6665125413983146,-9.121433629317334,-15.678551992323008,0.059493514538456346,-0.7509430073517983,-0.09194806018641806,0
0.15544127655494938,-0.7944962416761582,-0.2367245481624626,1.888474009319988,-9.347280252482733,-15.055915872252429,0.0699839142814407,-0.7630382689274182,-0.08350299729924993,0
0.1576112081128025,-0.8148343470475996,-0.2331554821854485,0.8285011987583383,-9.579826141870585,-14.458839835187318,0.07705988671346979,-0.7806340672653257,-0.07472787711797065,0
0.16023283177743328,-0.8375048707852305,-0.23068428505796548,-0.42568181128736904,-10.080737596804196,-14.037392850410455,0.08210490049189276,-0.7969582714207921,-0.0663920132138651,0
0.16727626105980822,-0.8503663293896252,-0.22584956739200013,-1.7496692242785923,-11.034784665930724,-13.836744611720341,0.08788251451521432,-0.8064310525654987,-0.05995063732553896,0
0.17688682571533257,-0.8519753494811666,-0.21996930467214126,-2.982781297256549,-12.295765446743472,-13.668989411660885,0.09490157680380606,-0.810471819094017,-0.056274082395490296,0
0.18333961300123322,-0.852678302317185,-0.21467600265642323,-3.993168718283779,-13.456501995846578,-13.22537045058382,0.10070058409671499,-0.8148508961365465,-0.0538815658926048,0
0.18447466468414556,-0.861708392425042,-0.20790990775409138,-4.718581878333053,-14.193115854341718,-12.331859234002032,0.10313622615109785,-0.8223152616687273,-0.050083503178703984,0
0.18359389894106065,-0.8767209701413854,-0.19869695987603786,-5.122563580365572,-14.49063820985314,-11.070866177131112,0.1026456604359272,-0.8305235389201945,-0.04428441780556078,0
0.18368439948566959,-0.8884550221860127,-0.19197865444500772,-5.164937576912804,-14.534511206509116,-9.656070567598308,0.1005969948300075,-0.836756499857538,-0.03896354133592616,0
0.1834723087027946,-0.8920248057379716,-0.1938096876042754,-4.856396999342582,-14.461278762725986,-8.229386315487389,0.09717839116349329,-0.8410988707482676,-0.03736218045280462,0
0.1802006266650215,-0.8895433564377304,-0.20351904171657054,-4.307889162881776,-14.254700002528747,-6.800562710308924,0.09182506792788202,-0.8439510788133687,-0.04099941379268927,0
0.1731927502801499,-0.8842735808254291,-0.21387311085347258,-3.696298548833741,-13.833989805436728,-5.347651304163265,0.08446350375546444,-0.8435313889665184,-0.04863508376200557,0
0.1634234085374356,-0.8774690042096572,-0.21809687610998632,-3.194485611623353,-13.18284181012903,-3.9122143356066577,0.07577128449294432,-0.8381165961117323,-0.05657401788979602,0
0.15239520982681984,-0.8707808320456323,-0.21539497212795441,-2.9265969492226493,-12.386024337890454,-2.565628231928661,0.06720347674351036,-0.8293611924235393,-0.060890124180126015,0
0.1431935022307421,-0.8673156128333194,-0.2107791964445716,-2.9510600489359353,-11.560827997102438,-1.3088546130735177,0.0610471465893222,-0.8215977465345415,-0.060387663419619965,0
0.1400404332763436,-0.8688139391088303,-0.2097180135824797,-3.262779928110024,-10.763668970899776,-0.04975055109645242,0.059381832354403336,-0.8183215601771457,-0.05656497930969133,0
0.14425463550017342,-0.8742119097568604,-0.21126891399802025,-3.7996359569894245,-9.967523436897547,1.3090762735120047,0.062198201454220996,-0.8203238589017358,-0.050073321774211525,0
0.1523217947343627,-0.8818058848172838,-0.20709579183842733,-4.427539723208831,-9.133124445783878,2.7763395637428463,0.06697106320681837,-0.8265747162097238,-0.03884573435978871,0
0.15980504366489207,-0.8906209888898113,-0.1903602477750048,-4.934726452226927,-8.297631674750317,4.273445148099996,0.0708628163963441,-0.835406781469409,-0.021524741207135448,0
0.16535201674497335,-0.8990678169987157,-0.16581018462715924,-5.120456572520138,-7.588326943040403,5.717754881109061,0.07334105058006317,-0.8446968684522036,-0.0019290447773073673,0
0.16987087005042026,-0.9048617151686448,-0.14723835347275493,-4.965308814406794,-7.1483428068679045,7.088044975901781,0.07623116729857475,-0.8524420042669061,0.01228222000988819,0
0.17458451490428972,-0.9078917471128846,-0.14313173578010832,-4.694995073410685,-7.035296085914468,8.407852186893509,0.08148458716639201,-0.8583594262805189,0.016384329744653692,0
0.18137756675004169,-0.9116482820665814,-0.14815310715249952,-4.581585014856031,-7.162981202855205,9.689005065266224,0.08947099841392266,-0.8644989956271684,0.01323976290844751,0
0.19230514798482604,-0.9199541595034656,-0.15082962389297522,-4.626234763862246,-7.324855604824487,10.910590175937687,0.09913522211555298,-0.8732688519077723,0.010623889701455268,0
0.2064688713436969,-0.9324554955563864,-0.14585879478962188,-4.470563479527788,-7.286046195926248,12.035833109508351,0.10888771946182865,-0.8844864664627953,0.01428834057539179,0
0.21886704032915325,-0.9444963752023932,-0.13617275331623102,-3.672013319775746,-6.884161848992949,13.01924181736602,0.11709194354079866,-0.8947375282530408,0.02366107171214187,0
0.2243565542379395,-0.9515878206143148,-0.12668013476694276,-2.085294142617811,-6.084169031284695,13.799069197380339,0.12242038845221083,-0.9002229969233737,0.03338298099497621,0
0.2222403884670974,-0.9530075160562841,-0.12008178818146334,0.004896008734832813,-4.972584203071278,14.315517447101584,0.12448685844545464,-0.9003832846757491,0.038299993252627784,0
0.2160028119698274,-0.9508203446339754,-0.1178238950129703,2.085708521141886,-3.700622476335905,14.558924333677398,0.12401582896210318,-0.8982970128178551,0.03720619440696563,0
0.20938540459844002,-0.9470935902737958,-0.12174400974228623,3.7452011757272445,-2.406695801977743,14.591920247148222,0.12187784578434364,-0.8972705804838934,0.032404150676559766,0
0.2037240333602565,-0.9433023142384048,-0.13258699234609023,4.86475731576937,-1.1737556715220094,14.507873112955034,0.11813038244930614,-0.8975845740114565,0.02642899636849389,0
0.19833350786707438,-0.9408684455936245,-0.14721517443053742,5.564496673281166,-0.05561724039218792,14.36525166511353,0.11243283923763203,-0.8972846098785446,0.01989708766906355,0
0.19166607337824207,-0.9406082715183248,-0.15960559469034097,5.995515310126192,0.8606992054322523,14.163657661235774,0.1047693246681831,-0.8958512782629681,0.012288907640122596,0
0.18140983757678558,-0.9428818520672048,-0.16582815418717634,6.181840977311719,1.4283767911663126,13.878612119866842,0.09474157646867043,-0.8960695800122919,0.003924158620033755,0
0.1649387128325874,-0.949334388365009,-0.16681428413596172,6.048211460597548,1.4929551579179543,13.521329224233499,0.0806168794934044,-0.9019490744730941,-0.003184676720388624,0
0.141536255403383,-0.9624708404855493,-0.1659273423211286,5.576538332308471,0.992293239656139,13.17406418295485,0.06060874624844141,-0.915203460288747,-0.006569305569498601,0
0.11405125007118046,-0.9819887082148111,-0.16569692508446968,4.905243830152242,0.015151970725011593,12.967442167039115,0.03547125402689851,-0.933869161447128,-0.005933877855032345,0
0.08702936805390007,-1.0034278257875344,-0.16726827979578843,4.2626912933058625,-1.2411262010786583,13.011637966904082,0.008801503735149093,-0.9541331772432886,-0.0044305284929650295,0
0.06333062144346872,-1.0224136231608942,-0.1709909124104304,3.806844762099073,-2.572291808285944,13.33476625096888,-0.015608825384857743,-0.9734916409545564,-0.0062630025183870895,0
0.043869038713538686,-1.0392053247037074,-0.17660293844478575,3.5210920355703177,-3.8369988389011485,13.874567928116381,-0.0358611232445421,-0.9921900375406958,-0.012657115788089307,0
0.02999571326762175,-1.0574512585243432,-0.1834426418483615,3.243033678418146,-4.960627524818673,14.519776404699584,-0.05117657094220974,-1.011674272682169,-0.020866106677960614,0
0.02344652118717314,-1.0792100273939842,-0.1902276777304303,2.7869652094455875,-5.911985487406135,15.155462536107835,-0.06048810700917821,-1.0322152195865981,-0.02722848195238988,0
0.023310086029952094,-1.1027703602837384,-0.19414314821152678,2.060329067848243,-6.695852183550289,15.680647971915983,-0.06329663634477954,-1.0526838002788697,-0.030195647957391332,0
0.025245243022739804,-1.1250014951534992,-0.191449687521866,1.0983062362762015,-7.363555893227048,16.018218199416875,-0.06158335110721543,-1.0721896004241693,-0.029786305720934037,0
0.024814545782275835,-1.1442665179814486,-0.1806755108250188,0.02123859422414022,-8.016816460466378,16.140065535735523,-0.05925677571386587,-1.0908150108514787,-0.025060168054783387,0
0.021051679946929996,-1.1608890480245717,-0.16451289258678012,-1.0198404135584227,-8.781825221201622,16.074674644751028,-0.058828431115855874,-1.108597747236513,-0.013780822373931982,0
0.01722339050881364,-1.1761770785797565,-0.14663414095682314,-1.8671217078203564,-9.749558167992623,15.860107435613495,-0.05898448720055575,-1.1247087285067334,0.004874276309466545,0
0.018493623862600308,-1.1915754202058395,-0.12701705027708385,-2.37457147007451,-10.91327065770641,15.483757832221611,-0.055926815620816646,-1.1383437611120515,0.028355646267085317,0
0.02754502607623994,-1.2077758868843278,-0.10257997438506665,-2.4555045071042216,-12.162513882084003,14.887172199547425,-0.04712631975166366,-1.150344297080643,0.052853120691229646,0
0.04213582828314969,-1.2239644033443002,-0.07232791301534536,-2.1240750523486205,-13.357627177235543,14.03620377375776,-0.033526500964096664,-1.1631976582084378,0.07729653663467019,0
0.05805349074794785,-1.238446464240046,-0.039406082515492664,-1.4574454001146198,-14.418107920011739,12.966348407471633,-0.018041345709484378,-1.1785578283505875,0.10390196137725988,0
0.07360148422153134,-1.2501216577512269,-0.007826804864153212,-0.49093649412919926,-15.331839840369325,11.74135824570243,-0.0025475865461606064,-1.1945457674975701,0.13404378485769336,0
0.08920383403051821,-1.258347993568793,0.020068432821875263,0.8276143778905731,-16.095304283954146,10.381203726010686,0.012656051756342502,-1.2060109032265265,0.16467598974403194,0
0.10353402603085832,-1.2612972642622695,0.04256874357460933,2.5455333705750403,-16.697229296560227,8.861910842155806,0.026467516976186125,-1.2080059237819365,0.19039656348355208,0
0.11285300805509735,-1.2562905383805578,0.05875821895451834,4.5798648280331875,-17.195123942767776,7.19260303442339,0.035790981652710156,-1.1993166495234129,0.20891523430989725,0
0.11510983829908426,-1.2428147946486268,0.07099304355411944,6.720174121149371,-17.77019268172329,5.465030119040071,0.03854892707093537,-1.1830109268324664,0.22272581483386358,0
0.11363015317352851,-1.2240442182000273,0.0832983767250336,8.758085974252072,-18.61723684750047,3.804748256104746,0.037603157718220336,-1.1641978294891493,0.23457013708093796,0
0.11561445228723623,-1.2049192388339955,0.09494866060961656,10.607544075851454,-19.72306720836555,2.287154460792301,0.0397023801056758,-1.1475162474315654,0.24265619746336725,0
0.1265824054044562,-1.1899729687143275,0.09809336312658011,12.329664556974302,-20.800538619817928,0.9231708855771794,0.04967050917765163,-1.1361483361779958,0.24137981585994914,0
0.1459560587961181,-1.1825522203299792,0.08236954591644724,14.009704028776394,-21.561800931881226,-0.29760326367476914,0.06634090998618633,-1.1323461123760483,0.2244150872884384,0
0.16637487417729024,-1.183861344370047,0.038008665366555845,15.379321456899966,-22.119444080687163,-1.4125696414200963,0.08321971024627794,-1.1384161874848537,0.18345019442862256,0
0.17508818442616852,-1.1931944691307126,-0.045207131135093295,15.313136739838841,-23.04471925822505,-2.5456664911547775,0.08995823525557829,-1.1566491884189125,0.10553604368162448,0
0.15790931459802016,-1.2117135981712077,-0.17246844908282968,11.901359445888684,-24.90467460912868,-3.876877228521306,0.07385581282217626,-1.1875355716736085,-0.01895883143945446,0
0.10934042515372545,-1.2446885386558382,-0.3288913457874057,3.765255043857887,-27.687008722118865,-5.465955746792457,0.02778669940151006,-1.2278570490052385,-0.17736615526471539,0
0.04448565214015558,-1.2948624578039114,-0.4738825874461936,-8.056305988591534,-30.69035601248487,-7.122068857536636,-0.03646928455652046,-1.2707065630612446,-0.3270940502891034,0
-0.002485025899077495,-1.3520431873468797,-0.5629260025622684,-19.664385123135453,-32.97988474247614,-8.527848872570715,-0.08605961483751347,-1.3069803556211153,-0.4193437059246663,0
0.0005049297780850845,-1.3933964960231793,-0.5828528330308198,-26.479773153676323,-33.95004996030477,-9.540826144431682,-0.08691374940188723,-1.3266771846470666,-0.43821255212186006,0
0.06051436019096253,-1.3979425804821377,-0.5641841595852924,-26.482715089560916,-33.50289098664044,-10.39064044420485,-0.02933822631386862,-1.3208751900071998,-0.4146651112905447,0
0.15703505627904094,-1.3616489031121903,-0.554888082873964,-21.507584729285504,-31.80384637089142,-11.596324922825799,0.06635764834536716,-1.2864395103231008,-0.39910999956691057,0
0.2577590221944519,-1.2991597212313213,-0.5815547211579924,-15.464353266724537,-29.005977493763336,-13.653310344879802,0.16573296764860224,-1.2307044214257923,-0.42120137531391305,0
0.3335896578544862,-1.2319381384784793,-0.6361810288867963,-11.405439930568699,-25.28885192338152,-16.686757295933155,0.2379414255769347,-1.1687605267853014,-0.47577416379751536,0
0.3660431391187352,-1.1728865513627804,-0.6963266606572597,-10.06466317776505,-21.085446007608258,-20.315393968231728,0.26542367943923584,-1.111862546083246,-0.5413843470576051,0
0.3540697815919815,-1.1185162460288303,-0.7507940951094901,-10.540383712539974,-17.06183619618371,-23.860431867371343,0.25034379542611274,-1.05793476306644,-0.6043349320046468,0
0.3173259228269356,-1.0554810062277202,-0.8021556158310532,-11.806100896166036,-13.735378548410388,-26.75436348686641,0.21501304006482758,-0.9963849939788302,-0.6621367456087852,0
0.2835581430618639,-0.9785143858304679,-0.848986327584822,-13.520105727984202,-11.169423549218829,-28.810151614307276,0.18667804948359945,-0.923866887681807,-0.7095973670243864,0
0.2657054538217556,-0.9034318518261368,-0.8749724412899164,-15.696077503053548,-9.160466477722707,-30.162010057362163,0.17497820896811372,-0.8539183073444012,-0.7313032840666412,0
0.25271157361683394,-0.8584172404951789,-0.8604073779066215,-17.94182331894265,-7.706584446350932,-31.01743894847984,0.16574763088251843,-0.8093732459846957,-0.7125060872207561,0
0.22352939071601358,-0.8595645720777403,-0.8020574042781892,-19.29700896022043,-7.167206620738438,-31.464347992978233,0.1375850980352643,-0.8049762612095075,-0.6546688299683904,0
0.1671861165695827,-0.8975090765043443,-0.718373574850394,-18.95008042671395,-7.918612109292668,-31.419896883517282,0.08149753421995758,-0.8372624135552595,-0.5763010604657038,0
0.08981056695988113,-0.9495579144354863,-0.6351940458718821,-17.030005554735112,-9.92914013532775,-30.69548808946167,0.005337833868117893,-0.8898474450330327,-0.49823344376166856,0
0.007543428970254737,-1.0006966893057885,-0.5667293445254764,-14.506615496537473,-12.718015057024456,-29.147976559442945,-0.07466160108896004,-0.946348592411194,-0.42937764676378226,0
-0.0643952450697686,-1.049314478492146,-0.5089931561221465,-12.24483289177112,-15.672218581268954,-26.819501381560066,-0.1435535633599585,-0.9980230318829519,-0.36608457524810617,0
-0.11807856918077969,-1.096396222743528,-0.45057166802391346,-10.239111380050252,-18.36308058277338,-23.919279196114935,-0.19298269561125242,-1.0420656580465828,-0.3028999899491013,0
-0.15199636762715948,-1.1362737100022569,-0.38979643466617736,-7.839961114334854,-20.63010336625863,-20.65081113597172,-0.22212064282689933,-1.076516062807528,-0.24254728828584005,0
-0.1657870154217945,-1.1598152826159485,-0.34035869855626316,-4.674725693203769,-22.473948243214824,-17.072020481938043,-0.234306588980875,-1.0983254741403172,-0.19592974976207153,0
-0.15722496318567228,-1.1630216180733346,-0.3184853497223773,-1.2492864031293742,-23.909188115729773,-13.12437107218605,-0.23128441552847315,-1.1053702867341482,-0.17316848450987404,0
-0.1248721328052014,-1.1502489790128356,-0.32580116296569317,1.3805527691838793,-24.880967372048396,-8.766863408448609,-0.2102801339903055,-1.099161172260343,-0.1746413640230814,0
-0.07204159361510133,-1.130745981162347,-0.34752916839068093,2.485124373085624,-25.27221861837502,-4.082599111570174,-0.16730305548099855,-1.0852211887868175,-0.19035269175140132,0
-0.006641427810203516,-1.1134030347047115,-0.36649553323666656,2.1839139468554074,-24.96962373058443,0.6843802069488807,-0.10370826391978888,-1.0705649769874321,-0.20728970659384058,0
0.06195684629117634,-1.1030656596721278,-0.3748750187286346,1.165582242419889,-23.934267230605922,5.157872431610455,-0.029557868877296785,-1.060125201757285,-0.2166117018935614,0
0.12516020153277074,-1.0994442472106605,-0.3723498590871915,0.02957527756213367,-22.246864192795762,8.951945461961017,0.04012752781455171,-1.0547262416678451,-0.21467208115400535,0
0.17690900006488394,-1.0989893410045728,-0.3591156668849069,-1.0144382372308924,-20.117118199580503,11.862503922702238,0.09416449928570718,-1.0518576351026105,-0.2006535942056036,0
0.2163392682067376,-1.0981190300823975,-0.3357628157294229,-1.9144063801926257,-17.826856903827696,13.978836679698523,0.1317212251609897,-1.0482125107926135,-0.17636676494362497,0
0.24773171812582026,-1.0944760073138022,-0.3074438178744781,-2.494948107819227,-15.606350042521791,15.587879016535517,0.15985952531566358,-1.0416215567291467,-0.1476494594021089,0
0.27486190496780777,-1.0857539490687833,-0.28277167514876184,-2.5182261495731217,-13.545602671495109,16.943710292676208,0.1843734149960269,-1.0309784561328104,-0.12306604032784847,0
0.29584251972560577,-1.0694937636159116,-0.2681931812872859,-1.9041841024700716,-11.628633614593992,18.11435085768882,0.204311896058062,-1.0151781583369557,-0.10968450169137017,0
0.30599963849633055,-1.0450432991774523,-0.26544785833995604,-0.7765459236656844,-9.814062257594712,19.028452809226035,0.21560097335805542,-0.993024285403055,-0.10949400637356012,0
0.3051375927421223,-1.0141384220526146,-0.27267603168898474,0.646046009682961,-8.048855769506348,19.628943124175972,0.2170699901059761,-0.9642609295350598,-0.11872455664810591,0
0.2991238778941391,-0.9786142903305249,-0.2851007398815069,2.1273417278779547,-6.2561997136374,19.947649556088273,0.21075503524625772,-0.9301721216281035,-0.13030358216451707,0
0.29338070462514165,-0.9395198443824284,-0.2963844004480374,3.458019618307267,-4.380666317084428,20.05199792525606,0.1983153342878475,-0.8931997633120882,-0.1385350278996374,0
0.28580485646620923,-0.8996151306459432,-0.3028636774061046,4.524401342506394,-2.438297114613813,19.981854385050042,0.1799871069424145,-0.8564363867009337,-0.14279110912792603,0
0.2678779270549947,-0.8638062753097618,-0.30636720659561484,5.306027374843893,-0.487807460462185,19.7581984330546,0.15626559239441118,-0.8228673061812085,-0.14639412515970862,0
0.23408464593206177,-0.8345813969912569,-0.31089866943656663,5.747379993625161,1.4312657735136796,19.418202355151617,0.1281146332026625,-0.7938153633883372,-0.1515670940982055,0
0.18870742169772436,-0.8092098409291422,-0.31667677191967164,5.677370041578571,3.2991534009552774,19.03780470461383,0.09566339519450437,-0.7682129015856953,-0.15626344279044072,0
0.1412613439930199,-0.7839471026559186,-0.3189403383722692,4.924954330885334,5.056698070949213,18.74998453251145,0.05872691464005392,-0.7442446012494983,-0.1562686142839473,0
0.0972874413097973,-0.7591364191095218,-0.31303176695257245,3.4955399825695133,6.559880639947236,18.71078008477982,0.01877474103996841,-0.7214068612148541,-0.14938427500952908,0
0.05674036629307131,-0.7378557220779617,-0.29993076211798336,1.59607100022569,7.603381684981911,18.976503358271533,-0.021055956272795506,-0.7005705475750599,-0.13713656294801152,0
0.019827737581407635,-0.7213039987214521,-0.2861879117198318,-0.4845991365182607,8.02252788843544,19.42433828868823,-0.05774712959180721,-0.6829391593084723,-0.12371375447050872,0
-0.009828864878896306,-0.7082762737540889,-0.27808708802172555,-2.4983211820735147,7.823220966255249,19.868641643509143,-0.08886216502584186,-0.6696637707739612,-0.1141202344394006,0
-0.02883455761959474,-0.698569040639188,-0.2755624518985543,-4.3044348194973105,7.226318812669691,20.256068673961867,-0.11176214304426695,-0.6618637326183595,-0.11198055711007726,0
-0.037826380213575365,-0.6945152563910694,-0.272904744015158,-5.896696536952925,6.548004614912356,20.66917491541982,-0.1243683373786879,-0.6603087628796852,-0.11728832251705251,0
-0.03957042803744857,-0.6987097185946531,-0.2673462101550997,-7.3782997100548515,6.004593610591852,21.124741845174114,-0.12718447018203446,-0.6650286972737204,-0.12621712041975783,0
-0.03509347091321442,-0.7116318672990873,-0.26514945649379473,-8.865206245635278,5.6381511876810375,21.449865572506397,-0.12313566039245057,-0.6752498448748298,-0.13393141741344175,0
-0.023925979218090733,-0.732045665459433,-0.2743734418436763,-10.366235165908083,5.433960422944899,21.410022374944454,-0.1145661083392616,-0.6897521566581842,-0.13774964427106293,0
-0.007189734667509983,-0.7580757519620326,-0.2919696761924297,-11.74819123064236,5.479390481245997,20.926480853282857,-0.10148749041477235,-0.7075434602660654,-0.13771401542417375,0
0.011526612566361226,-0.786231965256476,-0.30410702716944954,-12.846616276808474,5.965815870679045,20.119410060396753,-0.08380317202210749,-0.7280639154773516,-0.1349325349523283,0
0.028469304474680934,-0.8111807461450989,-0.3010306056412857,-13.635835515774783,7.015190227971931,19.1380817987455,-0.06403954442493628,-0.7503673521793617,-0.13008183386553449,0
0.04241250430585809,-0.8299659783156216,-0.28677687584363815,-14.279250590549058,8.522686109912948,17.998271323711712,-0.046028430041048514,-0.7726035862866765,-0.12323637417933822,0
0.05520237521714981,-0.845794785759485,-0.27198097390451115,-14.98124562855892,10.207164444052443,16.635070519716372,-0.03114110812525353,-0.7932906571662377,-0.11418998863939624,0
0.06916158648648332,-0.8639872680662545,-0.26120499090193344,-15.768325567498477,11.826373056256525,15.08676753168739,-0.017569881884395115,-0.8128797298394722,-0.10249261092313593,0
0.08322652511849125,-0.8845154227854517,-0.2508448320479976,-16.405375097017473,13.310570967179341,13.52903862885548,-0.0039989624837087935,-0.8327310894180655,-0.08811329800260528,0
0.09264985415495987,-0.9020700083602554,-0.23741877438442963,-16.5216148064097,14.67014384302606,12.092725886703263,0.0072110152849960045,-0.8520033199405083,-0.07314803492788545,0
0.0937916535680737,-0.9129674536623058,-0.22398827710444072,-15.83504953270829,15.834966978637356,10.721553898790518,0.011838122648047084,-0.866494513489658,-0.061993702465085065,0
0.0879759564355324,-0.9179182441980102,-0.21754459507250126,-14.305649141672562,16.67445534301549,9.260591571085783,0.008472187335386171,-0.871726174793331,-0.05806216517510914,0
0.07936641295639794,-0.9179163096812692,-0.22166556226849726,-12.141347176484622,17.17636160897571,7.639384505996128,0.00020032878702190375,-0.8673676309465763,-0.060507042934030274,0
0.07091663453509588,-0.9118817203462686,-0.23285832808580115,-9.70643499587991,17.517350474211828,5.923827182754873,-0.008257325793143755,-0.8579168552086682,-0.0656523737864747,0
0.0639525975445537,-0.8999996129428326,-0.24382741543447223,-7.411252562679,17.908454504272967,4.220556735697768,-0.014213567390175071,-0.8485345106985899,-0.07140113947273301,0
0.05944887438446987,-0.8861521847762925,-0.24960023781204027,-5.603601438131522,18.411028926047376,2.5829091884469926,-0.018245128470311796,-0.8406947705439458,-0.07854997061946022,0
0.0571566351104012,-0.8746466355955376,-0.25053339939227154,-4.45873917654549,18.935233122138442,1.0118100009035544,-0.02276774841671026,-0.8324948050928725,-0.08758046778122584,0
0.0545031727650831,-0.8659114014209142,-0.25037270151971913,-3.9216641923970026,19.374862769577636,-0.4909875789088634,-0.02926653531484829,-0.8227217846510021,-0.09597693971465401,0
0.04874905124784788,-0.857860927738375,-0.25214366558886275,-3.7764189536650665,19.69174546191285,-1.8987245805911526,-0.03660396927691323,-0.81368101427963,-0.09999074808917184,0
0.04048410020337126,-0.8516813460326722,-0.2554835823814015,-3.814782808161475,19.885095734915378,-3.1813486761803773,-0.04235294727047233,-0.8098157532166392,-0.09837741231155318,0
0.03357985354919814,-0.8532691258199229,-0.2569230695576983,-3.9604379867704314,19.938474107838253,-4.331097290639692,-0.04556913527705102,-0.8137191085529067,-0.09312743389097626,0
0.03121310816243006,-0.8661011469025419,-0.2524212781097951,-4.228431620505072,19.827496525397684,-5.361044569996236,-0.047397378099374075,-0.8235322819998119,-0.08637673879039275,0
0.03297130785570298,-0.8845282078800689,-0.2405606959859619,-4.563116767610664,19.564417245678698,-6.289512383101759,-0.04890543787231817,-0.8345160201347179,-0.07772934726431635,0
0.036165305833863265,-0.8984255753538981,-0.22439017618116386,-4.755094823578131,19.21515422393826,-7.135158112191873,-0.049438812798615325,-0.8434611955785618,-0.06560755365197116,0
0.03826090057307657,-0.9043784834232123,-0.2098268859027397,-4.589648445618486,18.868010045814305,-7.918932566696869,-0.0480309599950468,-0.8512862565296313,-0.05065252110944315,0
0.037186409975451716,-0.9083763705485536,-0.2010365907757204,-4.102534272751356,18.575863275569315,-8.653518643470244,-0.04577659750019517,-0.861096096263195,-0.03642876970813267,0
0.03161730826187611,-0.9171738199341212,-0.1971391798959158,-3.6373045058129967,18.31169546442003,-9.331329297191525,-0.04539676694452411,-0.87422788551415,-0.026524846558484295,0
0.02294003201417313,-0.9308798335197167,-0.19392448631333933,-3.591371625071978,17.982314529942382,-9.939146727062415,-0.04845800403457766,-0.8888065229877117,-0.021487597721760576,0
0.015263446789493632,-0.9450988380937022,-0.1883340903444143,-4.086590316035937,17.503647874039316,-10.482624748698957,-0.05404578619547481,-0.9020096482316234,-0.0184933628344128,0
0.011501976667726246,-0.956959613885606,-0.1802890838003629,-4.8793130857941,16.874015618021893,-10.977124219521812,-0.059963092863743205,-0.9129501394217634,-0.013786631686728675,0
0.010536592500359977,-0.9668884590848613,-0.1709775822632972,-5.569910834900745,16.185716459510523,-11.415369584132785,-0.06414639935570653,-0.9228113871307138,-0.006009525881744288,0
0.009885861384809427,-0.9762032561764139,-0.16176334959201383,-5.891740461171925,15.583129522296757,-11.765792658533945,-0.06513253676130935,-0.9326737705488276,0.002326928614928054,0
0.010065038741535377,-0.9852851091811055,-0.15492747412694965,-5.83002031846834,15.205351246440022,-12.01002915141286,-0.06253930915588528,-0.9422151813644489,0.007011726554469303,0
0.013864691680684098,-0.9939964663196785,-0.15288195504649166,-5.520894765856518,15.135794294583006,-12.168651777597876,-0.05770308354608135,-0.9506617758793878,0.006199365548754488,0
0.021383458590926267,-1.002373147897308,-0.15591443363750085,-5.084588244954193,15.377505791682593,-12.28242395389893,-0.05311717725592557,-0.9582156517985836,0.0020090090106415375,0
0.028742863715056497,-1.0105841940483618,-0.1623531152183583,-4.567945685281563,15.870950343564028,-12.380054143914894,-0.05029365280259209,-0.9660385063431052,-0.0022332125907293726,0
0.03339733512974979,-1.0189473321640332,-0.17054571043341615,-4.014145465583725,16.54300375626241,-12.477321462429986,-0.047836885098978245,-0.9748166415634306,-0.005679840634069782,0
0.038639564860341535,-1.0276280946009266,-0.17885517642641083,-3.5243558596032103,17.347650355739837,-12.598920865171586,-0.04192919552295355,-0.9833856479409195,-0.009954283413203056,0
0.05035052360452045,-1.0356422005032986,-0.18477381884650648,-3.209191412175187,18.266656549668916,-12.778602566690413,-0.02959748643492107,-0.989368755098336,-0.015816827948938232,0
0.0696993092153584,-1.0413083438253143,-0.18659834354378513,-3.0956990764959214,19.283010655273728,-13.030461402178172,-0.012259987520344542,-0.9921168363214689,-0.02142649689935438,0
0.09077004628838295,-1.044826287281669,-0.18586382554510603,-3.120568931475438,20.370343482077438,-13.33077685402269,0.004504729308491047,-0.994646819181448,-0.02464129678517374,0
0.10573285632985287,-1.0492873367245783,-0.18602006265044083,-3.213559455469648,21.50157483764564,-13.631469332621021,0.01580609586085608,-1.001331998621595,-0.025733311221790334,0
0.11142202715866446,-1.0581749636276732,-0.18811912493849844,-3.353193777766861,22.62489125264822,-13.878367023806177,0.021618206864184673,-1.0137385546295068,-0.02645869928196647,0
0.11051214289283882,-1.0727365275567355,-0.18962627429227769,-3.5407008698314377,23.604266595090245,-14.007892224526682,0.02502423659060047,-1.0298685094390734,-0.027289175315636308,0
0.10754226669498337,-1.091860453327346,-0.188803592301052,-3.7718468543867196,24.225779487663736,-13.94118962201366,0.027308219744034076,-1.047157227225006,-0.027365301441945347,0
0.10510968481526453,-1.1130116743099108,-0.18838780066325692,-4.071158525493232,24.33695952301043,-13.610418108584525,0.026861523966939017,-1.0647087537171573,-0.02701424357370193,0
0.10324858906479677,-1.1331262767989392,-0.19243150486148203,-4.526086690685693,24.0092089543386,-13.007090709274388,0.022610820221821218,-1.082478823830302,-0.028263464763935736,0
0.10083133016655046,-1.1501367231358322,-0.20041397259686378,-5.2365317162769,23.537759855671286,-12.200910834788843,0.016304468873141468,-1.0997138364317525,-0.03189457251843558,0
0.09715557536642047,-1.1642192392657675,-0.2065963100276771,-6.214043178350025,23.254901671363356,-11.301193966077372,0.010824494763416348,-1.1150658157961986,-0.035201341665520074,0
0.09268861902329249,-1.177082087391395,-0.20456743423177545,-7.340780364693845,23.33580372932921,-10.390214177223408,0.007414533060558012,-1.1279165679773129,-0.033687906780453664,0
0.08820714565724176,-1.1903580040293424,-0.19120237340411037,-8.422680638912375,23.76064282608504,-9.480627189318295,0.004777577428311881,-1.1393572963151757,-0.02416088677478939,0
0.08304044368435662,-1.205161076347361,-0.16751061762846653,-9.261583553146476,24.401617304233074,-8.523680174198867,0.00016030259490104035,-1.151913465344009,-0.005483191732174542,0
0.0750199794599524,-1.221982710205216,-0.1374020041211327,-9.681759075568095,25.102774438116132,-7.458788793364429,-0.008374661437760429,-1.1675539914150574,0.022026023081782822,0
0.06307553897564182,-1.239266858828019,-0.1052057107633925,-9.543000780932314,25.715948200312592,-6.273885949941299,-0.02003402607152037,-1.184943980713792,0.05575466199149573,0
0.04923430455079562,-1.252755316181859,-0.07332950424748266,-8.799548683596496,26.15234766795819,-5.031854984677533,-0.032030682237432155,-1.1990123494399705,0.09006288317924152,0
0.036874617147669965,-1.25866179978494,-0.04248182269069148,-7.573895199103508,26.44963937422348,-3.8290253425087055,-0.042523169631642876,-1.2045760024362642,0.11908790306282593,0
0.027678671918698577,-1.2576983038696217,-0.013998436944104778,-6.12501718858074,26.76602855591512,-2.721448873144319,-0.051755955637840335,-1.2009029570169216,0.1411980543839701,0
0.021899045115326275,-1.253620463988999,0.009729582701661025,-4.656804788643542,27.279584025612202,-1.7112592240862456,-0.05960078594748464,-1.1920856466289327,0.15942121598774917,0
0.020474154964184425,-1.247337925361414,0.027850271023286133,-3.1267728490413873,28.10214902625243,-0.8108767192573478,-0.06357902148292978,-1.1825036284023804,0.17699475045360005,0
0.023758578021645518,-1.2354979451319485,0.04204735704476888,-1.30582558551179,29.27762518167019,-0.0787365812150711,-0.06150038419928273,-1.172787989369178,0.1931919153620177,0
0.02871752396732358,-1.2171612971243495,0.05266095905966594,0.9125079455414755,30.7770339291633,0.44798144068133183,-0.055237123293133364,-1.1616707722296051,0.2032151478186964,0
0.031802102458670226,-1.1997566383447986,0.054111870248949166,3.278813563216182,32.42808603923473,0.8419517948355608,-0.04861123521643941,-1.1514641860652912,0.20095374934249186,0
0.035886377869995705,-1.1944624316249273,0.03600829001416446,5.265385740506891,33.91762577410714,1.2686670341828696,-0.0408859127588204,-1.1492160591707297,0.18128872607904717,0
0.05042008359042123,-1.2051887216525226,-0.010882473996659904,6.252194979514725,34.99815888873075,1.8544504106813198,-0.02546959220006792,-1.1608631911412395,0.13953261088166743,0
0.08175922107859966,-1.2254902613764347,-0.09062483649053113,5.497069647050907,35.72093163645166,2.5531395264119174,0.003051295175822249,-1.1854455415876566,0.06919179357453305,0
0.12440699136043037,-1.2482357466729554,-0.20160489268747664,2.0679235523753827,36.35947684258588,3.152382489834774,0.041540446312501006,-1.216763047526087,-0.03587126638010602,0
0.16238883338322024,-1.2754185039775043,-0.333436474571151,-4.67291246654219,37.008238560285825,3.4696492606919698,0.07754935370635607,-1.2501751267887993,-0.17092628533200674,0
0.17734725863866369,-1.3147930735067925,-0.46166699765513675,-14.015722323805763,37.28145013874642,3.6032431955760864,0.09406513018632436,-1.28581550458051,-0.30995642146304003,0
0.15591271018374686,-1.367701172778513,-0.5525478691319806,-23.37282712126518,36.4856873595045,3.998677861529296,0.07656886200177773,-1.3245897392682566,-0.4115716871422377,0
0.09458539874593644,-1.423516950541095,-0.5824139607041242,-29.372761572621748,34.10560865386501,5.228560995431739,0.020291426078103345,-1.362659532906868,-0.4444997884234909,0
0.0018151732897297478,-1.466195396501612,-0.555257281437779,-30.062344487166175,30.108948734067948,7.637433920429679,-0.06659174399256718,-1.3915162596606079,-0.41212789514160575,0
-0.10547144829631036,-1.4838656339678282,-0.5008202209881581,-26.24514641050009,24.854526062247736,11.109265657221144,-0.16755518397285216,-1.4033180749564171,-0.3511930914049512,0
-0.20926131079992766,-1.472548087177101,-0.45663484782649044,-20.665885063856354,18.841241204986805,15.105204359767368,-0.26607490102466025,-1.395204632380838,-0.3052074675160457,0
-0.2943239811807823,-1.4348814315412377,-0.45034647849562276,-15.912116655055152,12.569920520143434,18.922869055266865,-0.3491631377893606,-1.3687190575108787,-0.29920586091048423,0
-0.3469592011888845,-1.378364392372223,-0.4913150019076473,-13.00521474163102,6.497184655641531,22.00037860756063,-0.40511758374935486,-1.3265644770642582,-0.33614661061264806,0
-0.3561896876511174,-1.312963203864003,-0.5704590269902018,-11.59289172876028,0.9563378756706665,24.09526337595928,-0.4233240445317823,-1.2706844270732673,-0.40740749834207474,0
-0.3203325436473439,-1.2462642313796344,-0.6661767414539833,-10.976529676023176,-3.896960714612679,25.26834849561061,-0.399682436230059,-1.2030460291467073,-0.499011752746431,0
-0.2507373418538403,-1.1800932599255787,-0.7542866077161541,-10.793971048561515,-7.97965867737997,25.721009278822045,-0.3410127912006508,-1.1282840274401258,-0.5909983227443617,0
-0.16572875067489076,-1.1145557351848525,-0.8164263347628419,-11.011756010543348,-11.095317895451767,25.620156022429313,-0.2617706859544061,-1.0559090757860317,-0.660371312547694,0
-0.07917603048202042,-1.0561286176720484,-0.842175450525564,-11.633640976082614,-12.91698768482996,25.039143643584097,-0.17546878360772894,-0.9986567567420994,-0.6902055122948616,0
0.00588470610353799,-1.0182470466732356,-0.8279690520684777,-12.51452319385604,-13.218005925319645,24.025669705810596,-0.08863055242056574,-0.9662992282203234,-0.676601764968843,0
0.09304384781163683,-1.0104416126311602,-0.7789708861907004,-13.332380446101975,-12.122966936098523,22.692225729514256,-0.0020553520363901547,-0.9597770310145022,-0.6286901421220834,0
0.18264285180898537,-1.0273863987632776,-0.7119053144377454,-13.665921979106416,-10.108096946145626,21.231938909607667,0.08311888779036267,-0.9711090843678246,-0.5645388517404039,0
0.2670628642515376,-1.051302146397271,-0.6504511376984546,-13.179376682751931,-7.741985939886725,19.853848756838346,0.16174055922236377,-0.988742555944696,-0.5051948855374634,0
0.3362444118400073,-1.0658216002091472,-0.6128735526854371,-11.844086666132645,-5.391337506498995,18.694896538828093,0.22738181765558252,-1.003204614319085,-0.4668637150012902,0
0.3869961945557909,-1.065851237151426,-0.6026335800637325,-10.004114424514679,-3.0879772678468114,17.76590975561071,0.27774242268598565,-1.0089732156090012,-0.4541514280093686,0
0.42548269966355506,-1.0541701450094312,-0.6092453489531917,-8.174449018632872,-0.595261370106695,16.951596182226304,0.31618565175181096,-1.003069749345389,-0.4589003703414431,0
0.4597618166072497,-1.0329329665903988,-0.6157067454574189,-6.708585637845829,2.378785445717812,16.049352802914946,0.34779930640392515,-0.9838151724163862,-0.46531029449981093,0
0.49008629307503326,-1.0022727899231791,-0.6068463505939636,-5.601928884679616,5.929010616388448,14.829803245086392,0.37392656988501116,-0.9517249206941757,-0.4580538204437421,0
0.5070079793020175,-0.9650042328082059,-0.5765319397920262,-4.5693979245542895,9.83023388516345,13.11090994697776,0.38975182470649145,-0.9112598437410577,-0.42951879635238455,0
0.4989258941100972,-0.9279469491783742,-0.5308481322422489,-3.303987808053535,13.655405814257579,10.816439322226872,0.3869386923770464,-0.8709153435287448,-0.383254706145202,0
0.46198017518121176,-0.8977611221270052,-0.48365698196305645,-1.7230425479320104,17.04031300036558,7.9748628793710274,0.36017833742108524,-0.8400404527153129,-0.3318272361743269,0
0.4044535834375385,-0.8776825080495043,-0.4467770951601481,-0.06882679950428638,19.863255155656784,4.6670862154934625,0.3131318512230457,-0.8235504606115911,-0.28949202339282737,0
0.3425206418360135,-0.8684125814036118,-0.4228019474458255,1.192419321818318,22.211238822834108,0.9961793766276575,0.2579944152759839,-0.8193333573956314,-0.26364091006454154,0
0.28981952582963416,-0.8696312810418546,-0.40619479861429364,1.6483230268726854,24.21620482128268,-2.8826587083498443,0.20738971891408536,-0.8218196190850704,-0.25112767122049046,0
0.2483339650262737,-0.8793521644366623,-0.39044927187959644,1.2234331456205272,25.913412828660924,-6.740373701491611,0.1651145099858314,-0.8277516651379833,-0.24254025293132467,0
0.20876810874867874,-0.8930632765097357,-0.37411051095702436,0.22466094100120487,27.17782957607738,-10.3507278314928,0.12500228313929893,-0.8370775132002245,-0.23051644270344404,0
0.16130448113780982,-0.9049238266182543,-0.3606693090273492,-0.9053386335520168,27.73566489806524,-13.625905838581572,0.07984246903544366,-0.8487208051551303,-0.21463850132637502,0
0.10695274533935512,-0.9102730901317485,-0.35356142007581237,-1.8826835818531735,27.288327212318386,-16.635141502168352,0.0310470359343528,-0.8579060328656221,-0.1995089965680164,0
0.057663650794999466,-0.9074571281183691,-0.3514160657044123,-2.6381438074097927,25.742233882487053,-19.419612509151435,-0.011960381569579506,-0.8592146248486145,-0.1892523924274676,0
0.02511591699022637,-0.8979010198153039,-0.3483405311828366,-3.150026125495918,23.36992315089834,-21.80321641960983,-0.041601673849154176,-0.851835962239218,-0.18392990690563077,0
0.010657118893686285,-0.8847410312832451,-0.33969753266249375,-3.337302008428772,20.709219430545247,-23.471220722043956,-0.05897729550198767,-0.8405613298798387,-0.18041833563801096,0
0.006042303468589855,-0.8713689366490853,-0.32719214789094636,-3.162285043364842,18.256907504260894,-24.252033771305147,-0.07055581018948054,-0.8310404068484675,-0.1757870840442638,0
0.0015172796527820993,-0.8606546458471708,-0.31667183663478427,-2.757334530855867,16.216801241971584,-24.25766694780317,-0.0811488149117444,-0.8246211469481055,-0.16932782532247354,0
-0.007500516533125855,-0.8540048913118742,-0.3113307971974763,-2.3542727893605373,14.471226095116585,-23.740855006922526,-0.09163322359081032,-0.8185906818099675,-0.1620155077248398,0
-0.019028882419530747,-0.8502626121041235,-0.30912501543401105,-2.094955059958476,12.740088567794075,-22.891442544946198,-0.10082345880155741,-0.8108490324979254,-0.15538497080024108,0
-0.027604290650270886,-0.8465328934338091,-0.30701317544447315,-1.9621101356155946,10.797367540486318,-21.801328878601137,-0.10705216750795643,-0.8025052425369713,-0.1509472126322269,0
-0.029060103199791375,-0.8410176024993097,-0.3056162468966771,-1.8714957769408553,8.618656249909282,-20.54141262407085,-0.10883990066503087,-0.7954304288762803,-0.14933236387137494,0
-0.02324081136208632,-0.8345279325281714,-0.30787376518949455,-1.7665724819749102,6.385048171037504,-19.172429725748778,-0.1056135212320373,-0.7894084626668427,-0.14959200140254417,0
-0.012871993303870231,-0.828983991641212,-0.3136085015088855,-1.63751368441763,4.3574331406921765,-17.697437120287802,-0.09773124961507325,-0.7834065332453266,-0.15000250352851516,0
-0.00037528708942668283,-0.8248280597605008,-0.3179649093590886,-1.5158641711446412,2.7105545737379257,-16.113576892594963,-0.08551956826483928,-0.7780366116744414,-0.14957720061014748,0
0.014481937227352542,-0.8198759645457331,-0.3167240704341813,-1.4579205388021679,1.4382930644734584,-14.559041840877502,-0.0687387501341277,-0.7743411243695446,-0.14869465869931256,0
0.03402905980204987,-0.8112379523378801,-0.31167872255870377,-1.5016523120564316,0.3976435648070409,-13.326830906372514,-0.047307036886200055,-0.7710431837568071,-0.14885756024008318,0
0.059350260142772046,-0.7993274982972611,-0.3089118436549942,-1.6598069957034978,-0.5519994336162333,-12.632354946927135,-0.0222354243187479,-0.7656270744027998,-0.15172900092542776,0
0.08815721234397574,-0.7890459564106438,-0.3121088216869826,-1.9816921156565523,-1.4448328314827061,-12.372859936518921,0.004602114677997815,-0.7579778438268153,-0.15720115904848456,0
0.11708227370895008,-0.7853576385252433,-0.3184955974281551,-2.567706937789126,-2.220437398820896,-12.192303783529367,0.031520596509263914,-0.7509296974451779,-0.16212387655340865,0
0.14434772640748533,-0.7883092165211903,-0.32124329895793213,-3.4539921343003868,-2.80242288995138,-11.805410742087886,0.057109348483515336,-0.7473893295090355,-0.16217432638422546,0
0.16819366130942354,-0.7937432854101255,-0.31586642692921113,-4.505389571957432,-3.1523952094884438,-11.209513823012905,0.07912486919996292,-0.7483480248192188,-0.15590143204888188,0
0.185477460844753,-0.7982230876818331,-0.3047315788470575,-5.486706927357375,-3.279017056953537,-10.56881648251108,0.09470487632749672,-0.7531693209653387,-0.14648463732932437,0
0.1952855274107333,-0.8021036933243961,-0.2948382103270134,-6.242709980132695,-3.2343371152493363,-9.967209021995325,0.10314156260469495,-0.7604961674740793,-0.13882766091586363,0
0.2018667524672786,-0.8085000723948961,-0.2906780670186025,-6.7862845312178,-3.0954557319286984,-9.336313869497424,0.10807064329749114,-0.7693058848572033,-0.13515441963469826,0
0.21072274608917657,-0.8205172154351963,-0.290462217119791,-7.244922460681607,-2.9089257533367667,-8.59360688638558,0.11541914396727002,-0.7800572461539346,-0.13393243244122835,0
0.22284452486044,-0.8388856948384489,-0.2899478846235286,-7.760050018442887,-2.6441648014707395,-7.790827933647504,0.1282228219303138,-0.7943955809693061,-0.13248290796654152,0
0.2346315487241808,-0.8607510542458691,-0.2876773937641464,-8.399718602825132,-2.2417368170432455,-7.120782208274333,0.14347666909844245,-0.8128499036299386,-0.1294655847415523,0
0.2425744013784802,-0.8810421146738355,-0.28463963637407236,-9.105997110438162,-1.7237374705424382,-6.79147788209677,0.15495813979404888,-0.8329352593384743,-0.12499096236715454,0
0.24682295474796287,-0.8964037618170575,-0.28071597848899277,-9.715862222170573,-1.2029523036960523,-6.858604155774521,0.15987649932856593,-0.8503175436551754,-0.11965537285857762,0
0.25027373330588537,-0.9073427994848537,-0.27424385202665463,-10.048274386245014,-0.7430381228728058,-7.134548704710495,0.16181711343528665,-0.8621866833757751,-0.11396476151518542,0
0.2547468368258555,-0.9153998654530069,-0.2649822818392378,-9.99115822771399,-0.26658821823011997,-7.286060349651487,0.16594635931343535,-0.8689098620409755,-0.10815438802332,0
0.2589672452071349,-0.919629839344334,-0.2556765805984553,-9.550277453248121,0.33811635300861476,-7.082952491758169,0.17251386459909762,-0.8720750802073767,-0.10230366915812802,0
0.2604078372410681,-0.9182345922713808,-0.24990021945818028,-8.848203106467086,1.0733880623018626,-6.547222573825138,0.17675800596715735,-0.872269939849112,-0.09670889392960652,0
0.2575099371670448,-0.9130982605425487,-0.2488674555474299,-8.052869976145054,1.8610715503919857,-5.828662147174183,0.17412500387568478,-0.8699576941684655,-0.09200595044964396,0
0.24955628673601982,-0.9096959780280083,-0.2507197840757845,-7.269772258698956,2.659286383506088,-4.991320389537307,0.16384060140990472,-0.866887652656418,-0.08869905411199065,0
0.2366260077257227,-0.9111083976872455,-0.252279266091359,-6.49314503915416,3.475469119944433,-3.998208267683172,0.14824542576519537,-0.864483640496304,-0.08652266160105895,0
0.220998680053757,-0.9140613680030999,-0.2510313459499626,-5.658048996053771,4.296085615721827,-2.859295192844171,0.1306253904204442,-0.8618442227081591,-0.08450225586089183,0
0.20649321165030285,-0.9129686603259457,-0.24640321070163723,-4.7387112856098295,5.064216032251375,-1.6841870181889715,0.11387416457190566,-0.8573828392467623,-0.08190754170870586,0
0.194649792479804,-0.9067048784281055,-0.24013613600965714,-3.8084564378723926,5.722833526143525,-0.5715499120932694,0.09977767927073863,-0.8518005024359627,-0.07894029736730329,0
0.18322959467717093,-0.8992550993298909,-0.23487558135963169,-3.0050439067907244,6.259137955322557,0.4823821245303891,0.08846605096897048,-0.8477638977420641,-0.07614348887796087,0
0.17042895657440357,-0.8948617261201047,-0.23161255568961017,-2.4186125293711425,6.711449389664976,1.5298835942330307,0.07889657450372045,-0.8471796807027631,-0.07342611635601058,0
0.15899277750839047,-0.8951902756149122,-0.22875223497720285,-2.0079728558255385,7.134118708192434,2.566036021697689,0.07056492437747167,-0.8502791003967555,-0.07014998597870882,0
0.15312096177158865,-0.9004975101338469,-0.224029334839014,-1.6405674885366726,7.543682289543315,3.5165868433245526,0.06418033441524609,-0.8568192667998639,-0.06586142933741287,0
0.1517753428350937,-0.910326204373919,-0.2168797944119138,-1.210659755304486,7.892649960949919,4.320230617338057,0.05985036146968077,-0.8661035039155868,-0.06025486974522777,0
0.14884237878087125,-0.922190808550202,-0.20838752645195674,-0.6912916714217922,8.089621509174858,5.001100315584517,0.05573601485418529,-0.8754251094108971,-0.052622975687626826,0
0.1411037200057263,-0.9313065339482807,-0.19949434051833168,-0.07137215314925488,8.039868860505287,5.664661996509251,0.05033919457241514,-0.880472163986111,-0.0423749060685883,0
0.13263639758435633,-0.9327964409108077,-0.19059814258717203,0.7022384128616942,7.690900779229442,6.425994617910049,0.0454453896141482,-0.8787046299270135,-0.030678964607112162,0
0.12926020648501504,-0.9249384347872246,-0.182953961577291,1.6662126405968096,7.086315993390993,7.329523770664388,0.04440975173702271,-0.8716117909946252,-0.021217655619982977,0
0.13125263390916672,-0.9112989350760813,-0.1790199171332252,2.7352359676604054,6.3912294764155915,8.335023163419807,0.047358157852044024,-0.862832415145597,-0.01843916764644322,0
0.13385929676141448,-0.8989491260841536,-0.18068948721648,3.7022468004287945,5.829082698116329,9.375926663210365,0.050310775502796716,-0.8546498419989489,-0.024017187770118416,0
0.13335440390861986,-0.892479223887793,-0.18744677222256365,4.3622037848087345,5.549944456011751,10.400129428972745,0.04978660197130448,-0.8468638587139843,-0.03441084891227051,0
0.13046631089482613,-0.8897765111618279,-0.19591118661243637,4.627193660530181,5.545603237786868,11.34335992179164,0.04661406526525787,-0.8385667254406212,-0.04254167159516046,0
0.12846744394760584,-0.8853470620147634,-0.2011218463921211,4.5295079221436785,5.686252503224397,12.111910439588994,0.044516859954479106,-0.8303796743863323,-0.043285783535896974,0
0.12961798853419768,-0.8773802222728406,-0.1999631437458438,4.139788518356648,5.81333694159686,12.639396954507264,0.04627140116207898,-0.8246862601271375,-0.03789930461970452,0
0.13390351966722167,-0.8697908075448658,-0.19450920834501653,3.495070247874912,5.782644076879665,12.946826222006525,0.05179168789107678,-0.8235962975282978,-0.03234880995428612,0
0.14033810037756353,-0.8680223268370582,-0.1905279153986185,2.606924315676101,5.4624551815413875,13.114657901692775,0.05891286395933999,-0.8271072318537649,-0.03078195389677213,0
0.14821981075121834,-0.8748713793565159,-0.19116515467712264,1.5478177213437871,4.758607563489053,13.201655302574778,0.0654377361468516,-0.8339954785777473,-0.03132255525780123,0
0.15656201679121537,-0.8896718011390885,-0.19305499812541832,0.5239126165337956,3.659861989763889,13.211065863304157,0.07063970118695675,-0.8442838090244172,-0.02881647790136713,0
0.16306194043741762,-0.9091670250608073,-0.19002861279563485,-0.18650892566547878,2.2383684527163528,13.126873563472683,0.07466469203131978,-0.8594772884055181,-0.020778636002481143,0
0.1647717262848889,-0.9291635103563327,-0.18024905859357135,-0.4233004610225557,0.6074225284298702,12.959893056830083,0.07656289036173276,-0.8798207052200725,-0.009767953263496483,0
0.1602336444471464,-0.9471249621148301,-0.16881708425576636,-0.2790088331298832,-1.1027598904204527,12.758364883287006,0.074027986240764,-0.9025347310869442,-0.0008202391205162205,0
0.150911512191025,-0.9636054336843802,-0.16330436665004974,-0.02010825035475516,-2.7402584401843533,12.588181158453049,0.06598713990035483,-0.9237261432560898,0.0022824647380493765,0
0.14024588065343652,-0.9804212741092497,-0.16679906213949805,0.12199141451397291,-4.153102748003941,12.502100950812494,0.05491177501732149,-0.941337632301176,-0.0010910267336755224,0
0.1308876552210683,-0.9977164223061635,-0.17528726276139797,0.07293686966489124,-5.273378210001787,12.514213912172906,0.04543281494339396,-0.9556800772288726,-0.008456143014677458,0
0.12301093342400679,-1.0139855410102443,-0.18166465500701476,-0.12081656132692299,-6.20857398519957,12.597457238478453,0.04031101460222807,-0.9682561281387262,-0.015351834344875978,0
0.11573243630183648,-1.0289434184633068,-0.18128738730580055,-0.3656044223432519,-7.226410516792024,12.710400133703684,0.03814764340977484,-0.9811586992798386,-0.017096479845299373,0
0.10924901221906433,-1.0447876197530388,-0.17314022784407979,-0.5375901216290078,-8.597589846505866,12.831326617611403,0.03525432269210891,-0.9965398800577173,-0.010799972880337332,0
0.10420701057269245,-1.0635103869106626,-0.15807113913640286,-0.49922942661088876,-10.420764931169307,12.96412924182433,0.02949991496082867,-1.014806565720894,0.003022877904350002,0
0.0998671436220929,-1.0836971573709322,-0.1389010151653493,-0.17472066989689147,-12.592300668263581,13.107994857166002,0.02218387389576767,-1.0333592106784801,0.020290472719839296,0
0.09491928566165443,-1.101438640902894,-0.12127540656449448,0.39233847041325653,-14.933289706292832,13.224397923650445,0.016407718303265845,-1.0486077421849131,0.035256098925197224,0
0.08973332419732918,-1.1146433103503492,-0.11108323305042518,1.0890936151681618,-17.32901417816761,13.238481104623103,0.0137541919274448,-1.0597408816291523,0.043536101518653565,0
0.08596750329147734,-1.1255963501871458,-0.11019392757167559,1.8242543110670189,-19.749869323288685,13.078488733777347,0.012541757001549412,-1.0697862655633665,0.04425681007789705,0
0.0843773598781916,-1.1390276513210378,-0.1158297510486418,2.538688732385494,-22.169800347007055,12.723677415527352,0.00975765737248202,-1.0827674263372575,0.03993627161906716,0
0.08495598418801563,-1.1580945541917735,-0.12377655493090586,3.166784497869951,-24.497953671249622,12.217561475745386,0.00503387185159459,-1.100278273079412,0.03436946299862787,0
0.08869635846367495,-1.182024351045654,-0.13081338497637068,3.664221509331598,-26.59260131099111,11.628694995835225,0.002007763235190923,-1.1208012045502027,0.030276361445444745,0
0.09676054217141936,-1.207008848666454,-0.13433070728651494,4.082533274701644,-28.322057770984703,10.996848076043717,0.005020729427099313,-1.1418756024063041,0.028629393845809353,0
0.10823305670078671,-1.2293016176473364,-0.13178886181748112,4.566804588920188,-29.605476246545496,10.316028107608632,0.014962144145507233,-1.1623218178328976,0.029945185325473838,0
0.12122691746232271,-1.2474981214491139,-0.12166754692876222,5.2713643076497405,-30.414816447804892,9.555352422514963,0.028991717079966013,-1.1818556170098986,0.0358932207367483,0
0.13568154782122796,-1.261699464110379,-0.10385460464763144,6.31308595916485,-30.769780581542946,8.688204117014552,0.04390424930754719,-1.1992242762757244,0.04905401560465659,0
0.15261157037371598,-1.2712240690958068,-0.07906629723264294,7.787636204807628,-30.74997072586077,7.718841311122956,0.05914072010790733,-1.2121087077869452,0.07022798447198794,0
0.17154130065530082,-1.2744698485436754,-0.050035918639421834,9.741594661417029,-30.493351331487403,6.692724733783238,0.07655736159533102,-1.2185719556727244,0.09595418535735722,0
0.19110947307662118,-1.2709317962941122,-0.023231442857905682,12.08597546236495,-30.133305866340763,5.660257331725994,0.09754851798828555,-1.2173515830028,0.11999418410803944,0
0.21118334292226792,-1.2618767971878488,-0.00569338901915035,14.595655339291339,-29.703105948336024,4.617084497743119,0.12077668946758575,-1.2074906369176748,0.1381123384305254,0
0.2320004852108851,-1.248453300896198,0.0020770360009263688,17.047785782543,-29.112571138692573,3.5067514761748457,0.14302817946945964,-1.18947489015541,0.15096997223397432,0
0.25176973623986376,-1.2302040409184767,0.008066391079651692,19.340894750401553,-28.248721813023852,2.301573186924325,0.16171998633714924,-1.1663980369628364,0.16235950823534753,0
0.26740442227153427,-1.206396181026615,0.020985545219752818,21.47118619912917,-27.114470774263282,1.0522699858229492,0.17597975722900197,-1.1424366277574265,0.1753222503267224,0
0.2783345754613988,-1.1783218040985548,0.04047065402431628,23.450499380415675,-25.86454442826594,-0.171542147386796,0.18656445144819173,-1.1200686903334611,0.1894370374848231,0
0.28814332198606923,-1.149433710142301,0.055778807744697054,25.26820274665976,-24.699176225548563,-1.3664513151789586,0.19615216142476086,-1.0995925099345008,0.2001491367225366,0
0.3004733371438705,-1.1237665311636034,0.05349962579901855,26.85068578818656,-23.729680934871308,-2.5715337573472263,0.20799730535025301,-1.0813302817068464,0.19995121798145832,0
0.31327704721262645,-1.1053873808664727,0.025384943681114557,27.978883177022965,-22.959212800740985,-3.74588334149576,0.22159523272935636,-1.0676410961537144,0.18089929121204934,0
0.3196714980891536,-1.0986128477581412,-0.03048257981290094,28.26223909119007,-22.377941389304773,-4.714820146318388,0.2307527644209412,-1.0624709646072792,0.1369327338644612,0
0.3160027832045122,-1.1066716637331537,-0.11309574106016572,27.21935454567229,-22.02994764044865,-5.307426889165377,0.22933649212375254,-1.0694156742181586,0.06455447595253054,0
0.3068726727775569,-1.1302759004467262,-0.22043372227873384,24.331918024630657,-21.95997838672752,-5.576588687093866,0.2191133732742811,-1.0910540168501357,-0.03723827434408891,0
0.30031311302156644,-1.1692302601309656,-0.3471328530872853,19.032922393594077,-22.116320465831873,-5.846033729339091,0.2090328284934431,-1.129472674239552,-0.16478368245972289,0
0.300076342105627,-1.2244665215354873,-0.4801733967371213,10.93104774791312,-22.330597159588606,-6.484511812823913,0.20620446279804402,-1.1846133303434518,-0.30482082813409367,0
0.30535011391336714,-1.295058772000737,-0.5985174480054045,0.48974262549631975,-22.37276521095135,-7.615919705008451,0.21067881513119244,-1.250471358362305,-0.4332021654861878,0
0.3175394708885346,-1.371842560944833,-0.6820068451931572,-10.377595361900026,-21.986097038521006,-9.074803433689395,0.22106722016939712,-1.3147294070788864,-0.5252246508223924,0
0.3440588217199708,-1.436251874970602,-0.7257779990781837,-18.810631438708533,-20.858263698447356,-10.674446494872647,0.2421731693748569,-1.3641876796091634,-0.5733899412768252,0
0.39127652541084224,-1.4690731226730174,-0.7463999427445139,-22.74489738736439,-18.591422864744143,-12.51024220609546,0.2811566533482899,-1.3901785881097226,-0.5949261745922079,0
0.4517283104634342,-1.4621900072947125,-0.7703934419756677,-22.46004052890785,-14.783489163016963,-14.947074966085827,0.3337140042968176,-1.3886364859504594,-0.6183947520814358,0
0.5010684493628803,-1.4209231603980337,-0.8141984253901947,-20.268853995866156,-9.274069691573096,-18.261512907893916,0.3781455140375091,-1.3576043328066323,-0.661738625964437,0
0.5127242453493874,-1.354910885129613,-0.8747811364816164,-18.516621701163906,-2.432443601020988,-22.29766899088757,0.38934044703841797,-1.2973384960385155,-0.7229959744461653,0
0.4786200738095523,-1.2705617629889094,-0.9368848817679977,-17.89115639349211,4.795268598928339,-26.48518930901698,0.3604310168910612,-1.2129512923577979,-0.7877671906786788,0
0.4160674319185775,-1.1755033786829414,-0.9842251018600713,-17.551131383941406,11.256510326803706,-30.175336402949693,0.3083060578777811,-1.1165583672684964,-0.8396218167109004,0
0.3535085167984721,-1.0864079107577136,-1.003725534827812,-16.47166830144616,16.180689036728765,-32.97001667226186,0.25706575545676424,-1.0268378564160112,-0.8641909605854414,0
0.30714403561593273,-1.024678537355149,-0.9866464768337635,-14.406566017718264,19.52916317920719,-34.815635767743395,0.21748381657345944,-0.9638885047298328,-0.8514740216910553,0
0.2687342820671992,-1.0018586970340917,-0.9323523330658092,-11.842884563918135,21.829456353999298,-35.86505305248285,0.18121133883597054,-0.9396117163738205,-0.8004777125925798,0
0.21532112059504085,-1.0127385517274048,-0.8503189441851016,-9.502282538524534,23.650055924027512,-36.23080916758189,0.13100974881185584,-0.950911699160249,-0.7209668015418523,0
0.1316387681731781,-1.0447027570160914,-0.7551819513391388,-7.940788804873886,25.13148063084761,-35.801861309144826,0.05611367314687091,-0.9840898310545394,-0.6278598427634761,0
0.024283306155165357,-1.0904455935025545,-0.6597786318985642,-7.283665505342388,25.89678682791753,-34.282515898325,-0.03872359584665627,-1.0273064950213824,-0.5332203122815479,0
-0.08394490136870436,-1.147760171784058,-0.5732993358092398,-7.091469518024745,25.37126120658885,-31.43620314818305,-0.13659294748641654,-1.077240803941884,-0.4436262866809241,0
-0.17130691617303367,-1.2089186837876769,-0.5028060332863604,-6.541917336130521,23.26273960084261,-27.30097912030329,-0.2205931729816759,-1.1322907109258054,-0.3637043084716395,0
-0.2291477018946723,-1.2572707829549394,-0.45290959020830823,-4.932445283442614,19.846284606754875,-22.165568442635557,-0.28296821841237646,-1.1824081711950505,-0.2997395489666504,0
-0.260442933334563,-1.2786424384987451,-0.4236747270904331,-2.148359135660723,15.855345337950174,-16.350840701535482,-0.3234579135721547,-1.2114994074636989,-0.25807921872287504,0
-0.27006770083056497,-1.2734841372304895,-0.4099439443741545,1.2814032727679376,12.10592571997434,-10.034350679692732,-0.3417249141751162,-1.2116575539388452,-0.2397174727963627,0
-0.2576144417372416,-1.253932727175636,-0.403915755569399,4.57015063622697,9.164445992503342,-3.287995188158456,-0.3339210782772323,-1.1909935861389207,-0.23754907585339352,0
-0.2194064632140185,-1.230235144806847,-0.3997312841644392,7.169883779565713,7.250854187896387,3.73564095756521,-0.2968047420842424,-1.1644843268305245,-0.2402184195176545,0
-0.1567759256879228,-1.2033445090403823,-0.39565154485531806,8.990663802262198,6.329971337337726,10.689423651862553,-0.2341245326401927,-1.1396981487505622,-0.2390776487794039,0
-0.08019794766315005,-1.1699101093640507,-0.3917277029921526,10.236994472590887,6.238214088204084,17.12809480491208,-0.15776367599529062,-1.1141571941797994,-0.2320520097745809,0
-0.0030143332269974748,-1.130580706950088,-0.3871587346776875,11.0906767260156,6.755541558471831,22.718520821084432,-0.08158162613534191,-1.083935493480418,-0.22244887039723488,0
0.06759473394819836,-1.0916312811271176,-0.38114605162009546,11.542686966037577,7.639382079322078,27.353278488834047,-0.013827447338040921,-1.050373079567604,-0.2148742150230665,0
0.13067638115381128,-1.059639116991439,-0.3748584360257121,11.480862986556879,8.673960138406906,31.088244325291335,0.04444659025826178,-1.0179813253521495,-0.211350464491758,0
0.18509022937572497,-1.03549418016777,-0.37082732866475554,10.902294089531516,9.74336191347135,34.016078621173655,0.09489221104660676,-0.9885798318852276,-0.21042527897312147,0
0.22864098731648466,-1.0130881590633987,-0.3703015154782023,10.033990951838868,10.886407876203467,36.21360436689914,0.1379388077272834,-0.9593470585189056,-0.20963918729034162,0
0.2630547071419977,-0.9842297471232964,-0.3716512799978357,9.250266259178678,12.285114610324005,37.768315946784035,0.17332473776793028,-0.9264588066472796,-0.20803630163557,0
0.29356618969871406,-0.946746926453916,-0.3716791116966171,8.850324607524097,14.1637963858665,38.77040897559127,0.20200433151339406,-0.8900163820040266,-0.20595431796250302,0
0.32189052195514345,-0.9079609770142172,-0.3687598583023809,8.863589330032983,16.640451468086795,39.21219664037583,0.22568577725946037,-0.8551877321764673,-0.2036627265755069,0
0.3444261811314142,-0.8780093921948733,-0.36449264762202793,9.039334068685665,19.654558417536947,38.92728045372935,0.24522569046380174,-0.8282377801792511,-0.20127434530294577,0
0.35916613045947976,-0.859315090067909,-0.3615458267682947,9.049149736343637,23.062531069501087,37.73520152035886,0.2607673725638225,-0.8109614325918965,-0.19904614545134644,0
0.369645597513167,-0.8446820430815474,-0.3596346358781796,8.736319845188396,26.800736730377746,35.69334968628634,0.27286207672497265,-0.7988506322221685,-0.19657196075654898,0
0.3792931212621532,-0.8258480616622527,-0.35485420030137876,8.17497849539788,30.904242613207238,33.15185418901073,0.28187926460463303,-0.7848480141233375,-0.19249326346350393,0
0.3852235809465092,-0.8015433316221666,-0.3447504745529752,7.495661565896326,35.349214295828936,30.520943852304576,0.28614972612263667,-0.7650963691401782,-0.18641388988851088,0
0.3801773139546815,-0.7769160191917813,-0.3334422371421292,6.7000382745260465,39.93588350245118,28.03067565091788,0.281651865904582,-0.7416238187414264,-0.18042978619541136,0
0.35870869986593673,-0.757653493912746,-0.3286189884131859,5.67738770489653,44.36476464670931,25.75136606463071,0.26371011861276894,-0.7201161540434935,-0.17699227747805324,0
0.3204490222044213,-0.7457162319631886,-0.3323387721029363,4.359598251121857,48.377636244636804,23.7698207330289,0.22925016390248776,-0.7049252223288917,-0.1753534028829412,0
0.269673830749037,-0.7389127888136591,-0.3374038064821654,2.8072442368023838,51.79166775835515,22.237905317865373,0.1794427711004742,-0.6956230474131818,-0.17187000997603555,0
0.21330976842861155,-0.7332526466009993,-0.33492317288957724,1.1700061575309475,54.482345317557396,21.25418819661949,0.12159093443279652,-0.6883904292875329,-0.16452668952295713,0
0.15820442209259444,-0.7264541392237879,-0.32414954285751524,-0.3956959221868317,56.434185517969446,20.783252073196763,0.06638592598359543,-0.6807194309719977,-0.15609396467536157,0
0.10880217735365226,-0.7195138633790097,-0.3128569569340002,-1.8155145053389117,57.787862491674026,20.70828663818329,0.020649822731343193,-0.6735790657489331,-0.15167729560057888,0
0.06670901666094763,-0.7139834521701641,-0.3086350299611679,-3.161882048915075,58.757042397154166,20.90131037177007,-0.0168019082925566,-0.6681999363889936,-0.15334903865347033,0
0.03148011477279059,-0.708277352888103,-0.31181758111316105,-4.587703451251656,59.47700116963233,21.23104471487347,-0.051002899823025624,-0.6626447699222425,-0.15815470960374337,0
0.0010929238759622762,-0.6990710297063735,-0.31665018175894816,-6.1350949833675354,59.94746921177701,21.577166269725726,-0.0840234144722678,-0.6541884583885491,-0.16135236734453395,0
-0.027117829355893103,-0.6870359948290312,-0.3171120123935325,-7.642637085347524,60.10212009643736,21.887281715145868,-0.11374912675088765,-0.6443722642703309,-0.16048806728240556,0
-0.053953613764454504,-0.6788036661248045,-0.3114421266792916,-8.892300229597884,59.902590985569404,22.188585533642534,-0.13765661774598772,-0.6387545731127028,-0.1561175532754785,0
-0.07683106890992496,-0.681261948955305,-0.3029209417944078,-9.816986832661561,59.37375920325797,22.509457903651814,-0.15542193947976188,-0.6413069639278703,-0.14999749108335203,0
-0.09237458072891198,-0.6947008751942225,-0.29673862305579457,-10.509761799838321,58.581163967946615,22.812489117056792,-0.1683365955101374,-0.6511956666820067,-0.1438813394474143,0
-0.10041143056906955,-0.7129012639228169,-0.2955194837165783,-11.047031717494193,57.58960506502334,23.02803851452557,-0.177702234232535,-0.6653243032943534,-0.13960559246861287,0
-0.10362873296616283,-0.7295398238973763,-0.2979747146493409,-11.374944795089991,56.43534208501836,23.116379560857002,-0.18354539523065858,-0.6819631030839475,-0.13858598852032106,0
-0.10348117274660067,-0.7436107126686424,-0.30114195736725125,-11.40674404776178,55.128074377499615,23.044809233710325,-0.18438877852186625,-0.7010486815888644,-0.1402178660892577,0
-0.09889635209750305,-0.7589904864818409,-0.3024903568433292,-11.191560587611493,53.67419829659407,22.71847686272448,-0.17909435881205713,-0.7222050506777121,-0.14157610368391293,0
-0.08957384298726753,-0.7794552755167822,-0.30062149537431127,-10.929493548135643,52.087849783738825,22.000612868339132,-0.16924038660997867,-0.7435575333936764,-0.13982325250431293,0
-0.07818702001817406,-0.8037773506141145,-0.2959458294135759,-10.817035294761839,50.37015566101177,20.83870304793449,-0.1586817778065333,-0.7623564600101831,-0.13466665185599763,0
-0.06821156586001832,-0.825554175430285,-0.2904149334070013,-10.894186046947052,48.49066744099991,19.362647687842788,-0.15051075318083346,-0.7764662696506498,-0.12771560197670487,0
-0.061434959681854154,-0.8388033941549162,-0.2848976037879579,-11.012126864630174,46.4208457229879,17.846564100488084,-0.14533097642028867,-0.7854735006001508,-0.12001194241334982,0
-0.05851587755328481,-0.8434302341688853,-0.2773450168020244,-10.914616192151323,44.197546812791494,16.55797325237655,-0.14242395345682643,-0.7905279594491597,-0.1113575120793568,0
-0.05961242409489347,-0.8434493752421074,-0.2658247344001095,-10.390932028408473,41.92850517021932,15.599261198989423,-0.14122698564473343,-0.7927714137383591,-0.10173352396339316,0
-0.06252213534849677,-0.8405052603956653,-0.25325321705584936,-9.425605348486139,39.71804324979395,14.85272698999304,-0.14112174414780107,-0.7917632850985407,-0.09215440872893423,0
-0.06238631138375234,-0.832417168114812,-0.24601733459706943,-8.216130603951608,37.6144608088919,14.085523077618706,-0.14076416859559987,-0.7860775823038377,-0.08423076526987006,0
-0.056600640152400315,-0.8190443753081038,-0.24622001210639555,-7.016843436171826,35.656787963588144,13.140924865201844,-0.13847613224566527,-0.776043378752183,-0.079688946191742,0
-0.04910873425788819,-0.8064885628810287,-0.24759422289901795,-5.970586846686386,33.942348773549725,12.03461799358035,-0.13310504635041023,-0.7654957876945553,-0.07965307669811662,0
-0.04579696873336062,-0.8024626515669673,-0.24242150448468266,-5.111662783251397,32.5938915617076,10.85828965935617,-0.12441301179847353,-0.7598184830590297,-0.08320092142941951,0
-0.04544281088694094,-0.8082678238282021,-0.23219604951355527,-4.485148970363068,31.650889815528384,9.618906517018528,-0.11336732963816129,-0.7618164125980073,-0.08709606097526776,0
-0.03993016460708912,-0.8184100868981666,-0.22725450032911443,-4.171925698393,31.020805581414706,8.219195434164005,-0.10236746304825384,-0.7701084383608748,-0.0881560064280285,0
-0.02517792310576137,-0.8285403723741701,-0.23368123999480028,-4.174023677197503,30.545601161758732,6.591724830981595,-0.09413788425980228,-0.7818708802482764,-0.08579559554143276,0
-0.007441872686824572,-0.8404195526548708,-0.24426319024296086,-4.34196973994535,30.103042743809382,4.801949914151839,-0.08941924554360807,-0.7958775320847117,-0.0815929010625764,0
0.003957589661961432,-0.8574426828213101,-0.24616776396310014,-4.468184494132146,29.65344264133027,3.0017449468850708,-0.08620503580974534,-0.8119498076116599,-0.07687424523147338,0
0.006666354392932512,-0.8783208141106852,-0.2354797225484838,-4.432533159074578,29.224657859902493,1.3157719116389743,-0.08189648293398963,-0.8291027113060887,-0.07169710483737166,0
0.005449687602933169,-0.8977985398439958,-0.22033511855059412,-4.228877134405557,28.867244511590876,-0.20975070705827037,-0.07582185776250332,-0.8460313792952058,-0.0657945230704569,0
0.005377769527972231,-0.912435085350874,-0.21020749490874044,-3.878025368630736,28.597627739402107,-1.579097357059197,-0.06943656270426825,-0.8624407905096158,-0.059072854568441864,0
0.007641421991287011,-0.9243362114817488,-0.2057781467518934,-3.3664756050846183,28.34969811370198,-2.8010886358337985,-0.06484865056726001,-0.8785659166090963,-0.05096283561653189,0
0.010307799405842673,-0.9393662706221603,-0.20112154103666224,-2.6893249068840683,27.972929878720816,-3.8732485611505636,-0.06348407044528215,-0.8945113766660999,-0.040805431084985355,0
0.010959472595204231,-0.9609976657071931,-0.19303984197064653,-1.934339364271128,27.299178456725492,-4.805685479581724,-0.06521066706923684,-0.9110345252354553,-0.029545840175399962,0
0.009159819818730689,-0.9855762955253958,-0.18435574912641475,-1.2741829920717982,26.25046868488655,-5.651193383164999,-0.06788717471082324,-0.9293861922484472,-0.019613935971263426,0
0.007092721688725804,-1.0058028775060612,-0.17887211893200997,-0.8168210068450221,24.916562729034993,-6.487828780478355,-0.0683970220712169,-0.9492718026714773,-0.012481044069807844,0
0.007090824905366944,-1.0195362800362093,-0.17722806821927706,-0.4631498844815963,23.53445594338966,-7.356409665862001,-0.06544401964034442,-0.9684321918073617,-0.007896729821548695,0
0.008637199298190769,-1.031932479477828,-0.17828238750217487,0.017889490580981576,22.370182743256116,-8.230944642609808,-0.06139052966988482,-0.9852898656112112,-0.006022655691962655,0
0.009319325405275228,-1.0479437422252453,-0.1812069221428546,0.738047070138454,21.585918337502417,-9.070668172425723,-0.06010201001492689,-1.0010248183347077,-0.008289053425515452,0
0.00877392245001628,-1.0666655736553023,-0.18506306904372372,1.5566845251787453,21.182883107028097,-9.891430529569842,-0.06259385538048906,-1.018185605393259,-0.015085484152689033,0
0.009359982498182201,-1.0847252189507595,-0.18881380312904053,2.219703540043762,21.03651420618189,-10.759769361546311,-0.06593339305253917,-1.0376306539185844,-0.024139352679027785,0
0.01197789960202844,-1.101624989329588,-0.19288011505115904,2.5843807173897146,20.973323745103976,-11.710371308516391,-0.06690003725555216,-1.0575163038421989,-0.032298021813630624,0
0.013804110909413273,-1.1193829637849155,-0.19841495337076123,2.683715360909615,20.838939163051553,-12.687662156543107,-0.06541760188631922,-1.0754581072286475,-0.037976872472327734,0
0.012414521653759596,-1.1386925555152212,-0.20360065806921812,2.6274941660292357,20.543214231040306,-13.579526866840615,-0.06342111377699182,-1.0909521267411344,-0.040990932626592494,0
0.010575344623164866,-1.1571694640390593,-0.2028670445147566,2.515989641178292,20.083837898450106,-14.292592240094418,-0.06141235794073903,-1.1047736381791264,-0.040667664878954145,0
0.01439004381244938,-1.1712206170046484,-0.19245353966970047,2.4593662631479036,19.539892665113257,-14.784368283765062,-0.05754233802199156,-1.1164802868456642,-0.03531309702890785,0
0.02698686005737039,-1.1791953682070564,-0.1761124376915769,2.60847062882813,19.029405756820474,-15.052070552784787,-0.04972592913297149,-1.1239671707161072,-0.024126840637542613,0
0.045874010836576384,-1.1822606331536105,-0.16241576669758914,3.075518489977372,18.652799035908632,-15.12894826480793,-0.037365428131060495,-1.1257822324433429,-0.009398471146434637,0
0.06660117796590839,-1.1820797952304893,-0.1555531172722693,3.798479234322666,18.463614541103322,-15.091710228044974,-0.020924257660046467,-1.12295819304536,0.004189215385454466,0
0.08711328009374915,-1.1788657740268522,-0.15137117219435434,4.523033319686874,18.485713673396972,-15.047959427228454,-0.0011906964194943381,-1.118406323304315,0.01328010163267002,0
0.10730724353737953,-1.1728908339004667,-0.14399538192584388,4.948341088250882,18.747363063060817,-15.095857913456816,0.020025711568233105,-1.1151726339055772,0.01870000537013194,0
0.12584394880872368,-1.1670735350348342,-0.13310276959246917,4.8914266483472355,19.28345399375317,-15.265460460413177,0.0392453428434878,-1.115140197768318,0.024299978104158567,0
0.14009218860597647,-1.1663300140362969,-0.12152710406520852,4.336547321470991,20.097666744918786,-15.467648560689751,0.05309129400905083,-1.118750475214224,0.0334431552408623,0
0.14954905775618027,-1.173882561463189,-0.10869809668266378,3.3894756042826275,21.131935086563967,-15.51181812488067,0.061404234973278106,-1.1258638147011228,0.046848119140621175,0
0.15706907517483248,-1.1887895571195084,-0.09134909003553908,2.220959750333761,22.290327978938308,-15.219785591686014,0.06778691846710012,-1.1366865730937754,0.06307021349758732,0
0.16572695199805398,-1.2072100261062433,-0.0695956356136593,1.0273235345210694,23.501398385461805,-14.543523580890279,0.07616781621294734,-1.151326902287371,0.08042751978271893,0
0.1759772053992274,-1.2256215077733088,-0.04748306559583307,-0.010071103126565423,24.75365860757553,-13.560116138843695,0.08684749015074744,-1.1687520887756713,0.09853522817935484,0
0.18621443934914808,-1.242719773278085,-0.027265959674474666,-0.7698931364759518,26.074718727222777,-12.359452246608338,0.0963151329551753,-1.1870892032029225,0.11798452004130539,0
0.19426999436412784,-1.2586426520205942,-0.007121248678918594,-1.2143623403041512,27.499834018809707,-10.974307100533546,0.10097958453402393,-1.2049470111409541,0.13865960508727898,0
0.19832333869619306,-1.2730640230335288,0.014628007674684826,-1.362766305062064,29.073448171697805,-9.436720036299114,0.10094813010578288,-1.2217056616320094,0.15923140945999245,0
0.19859156508111103,-1.2845256930450435,0.03598094954780886,-1.224674907759357,30.849874621888496,-7.871824700608631,0.10028852986654971,-1.2364201990278083,0.17861540588502836,0
0.1984828931687448,-1.2912581565273236,0.05292116827741683,-0.756750026789649,32.84623205918946,-6.491080301954635,0.10363900892849452,-1.2469691887568723,0.19650991329314457,0
0.20213529872735997,-1.2922556391256848,0.0625157679405135,0.0908317976853692,34.9952030131376,-5.473296458119228,0.11200820240517374,-1.2506893573987867,0.2112088391999401,0
0.21008079811968536,-1.288229875501271,0.06312020156661415,1.2579956054324695,37.18921220812792,-4.861252094931892,0.12151543265764905,-1.2465655958786157,0.2179146243835734,0
0.2183068906306738,-1.2820627684547212,0.05280949265602471,2.506472173896962,39.391668968406606,-4.588756960369688,0.12680763794590125,-1.2376116719291073,0.21122516157736787,0
0.2218902516201905,-1.2774764340704348,0.02962266620931083,3.4995761329555966,41.67020806698347,-4.602754679813814,0.12603783158009868,-1.2302827051516565,0.18958123835308838,0
0.2188805394840409,-1.2765825519261227,-0.006279431901539516,3.980790139737345,44.083265622180605,-4.935198377435961,0.12172537407343512,-1.2296675312557266,0.1559805911385715,0
0.21042620374878176,-1.2794617175552547,-0.05245690313112085,3.8850371007953277,46.54138910887434,-5.639969666772887,0.11647697256031445,-1.2352845213906836,0.11361761129817036,0
0.19781564488276804,-1.2862217657495647,-0.10798517328422676,3.2726159666223746,48.81016866787831,-6.665734796153823,0.10917724070271351,-1.2431471207500249,0.06129821603754097,0
0.18069898386942412,-1.2977844740418112,-0.17720454502365263,2.121392091934718,50.662279929654474,-7.811669354829484,0.09650788886871452,-1.2515803166748778,-0.006650692561413423,0
0.15906389675626878,-1.3142264422568595,-0.26830481311555804,0.1020535911470162,52.015826358066924,-8.835538672640512,0.0776446933330384,-1.2632318338849533,-0.09678916969456493,0
0.1355659154108641,-1.3348117025774868,-0.38701043923837875,-3.476609325556319,52.90442949928512,-9.625738501798272,0.05607608773590209,-1.2818439423863206,-0.21285897612367374,0
0.11270796190305149,-1.3608324315350013,-0.5293710773248911,-9.316485581735234,53.30619741306316,-10.257525838081646,0.03547306256594901,-1.308808001218782,-0.35225862794272095,0
0.08593907348874556,-1.394802811657251,-0.6773777188116813,-17.35177128947368,53.02329181768628,-10.843190283956925,0.01253646219148109,-1.341781815684018,-0.5012891642748252,0
0.04109910216678487,-1.43304505198176,-0.8018073025564716,-26.093635735425497,51.75973486229713,-11.30251219565162,-0.026052357225787085,-1.373638324536819,-0.6333379461412025,0
-0.03756956545050671,-1.4615385215737224,-0.8748768892927296,-32.94735921899743,49.331590267069146,-11.293331622926432,-0.09694083640169147,-1.3928624187528145,-0.717636966812934,0
-0.152823913045389,-1.4647075396400233,-0.8858709701913021,-35.638616055459686,45.80729441552946,-10.401733918198952,-0.2057731825303265,-1.3888386836319795,-0.7368779708408134,0
-0.28467868783112094,-1.4386515991437356,-0.8466997441904075,-33.651878601761595,41.46574968890292,-8.441683794696832,-0.3353495184708903,-1.3592160761235976,-0.6991683667587422,0
-0.39501793167440563,-1.3915623816920126,-0.7829239741888847,-28.358256614749056,36.6550198741158,-5.617368019824397,-0.4476199628616239,-1.3105547327201807,-0.6324252942989562,0
-0.44628624934253686,-1.3311910571582626,-0.7197771234487682,-21.80123096153464,31.717698515672808,-2.4291479379176715,-0.5024691297535457,-1.2501721206216,-0.5667269797501389,0
-0.4223114756845416,-1.2572629939793838,-0.6744627567504732,-15.441769164328758,27.038262530263825,0.5856720603436696,-0.48157172099657847,-1.1790700292159864,-0.5209794266006166,0
-0.3353232760195011,-1.1681609261028145,-0.6551726213074288,-9.948704251192797,23.08114830445187,3.0740770143773104,-0.3976307005021203,-1.0950776941916642,-0.5016735877995767,0
-0.21375898855254283,-1.070321631062171,-0.6610490380024545,-5.75774918066936,20.267277392818237,4.916393168700524,-0.28079162594429635,-1.0019836212661692,-0.5070714016537518,0
-0.08233613350021685,-0.9772149667268382,-0.6831193022906744,-3.374055731534103,18.76658689107348,6.136744249949011,-0.15597749780068026,-0.9127373097547309,-0.5294169953619002,0
0.04838804753731455,-0.9011508149353251,-0.709692007636917,-3.037392431597176,18.46499303156285,6.808652539910355,-0.03237802950268182,-0.8423518559002297,-0.5569956461501544,0
0.1767841693353262,-0.8483473759155165,-0.7325148142427543,-4.34758031008124,19.182055466644243,7.0472142758452625,0.08895557966766557,-0.7979654383853061,-0.579019350379169,0
0.2982600341170114,-0.8190804428307507,-0.7465895929608037,-6.442877617999515,20.885832337715385,7.053825525305514,0.20261239991157062,-0.7756323371386853,-0.5892380841973894,0
0.40040666841823164,-0.8088905504524428,-0.745963890402136,-8.523310938362005,23.64684289470792,7.094999920053281,0.29654082002105764,-0.7660975370726645,-0.5844906726940454,0
0.4702654013959858,-0.8108982532845108,-0.7245392459609651,-10.15215929737433,27.40494775829319,7.360881306917706,0.3605321135265923,-0.7638182679523567,-0.5624255915615844,0
0.5050821498490116,-0.8206997918726795,-0.6822474721867847,-11.22147158860568,31.838133496444282,7.815398695292136,0.39361106553430747,-0.7708032752329266,-0.5231220745746817,0
0.5131916835228496,-0.8395222064306717,-0.6272411635760652,-11.857465095229253,36.46346481827724,8.204772625897597,0.40198007810216096,-0.7917387072896035,-0.4715013524857676,0
0.5036659638106752,-0.8703190332314139,-0.5705747619386653,-12.363017789746563,40.82284557711051,8.229338874563025,0.39172365670592724,-0.8259843487415942,-0.4158771128363302,0
0.4779109574080215,-0.9104170399951406,-0.5205100529688728,-13.085956626734703,44.57412738386488,7.701790596246791,0.36515280219585733,-0.8654803674037714,-0.36451827179688895,0
0.4330534921442847,-0.9502691269068967,-0.4818103056208512,-14.241665222156904,47.49726383146404,6.553655802658811,0.3230366401000279,-0.9007301221711069,-0.32397166670254174,0
0.37128990986055244,-0.9807173752448335,-0.4569774385736192,-15.844173774324487,49.52424358905533,4.749115721541453,0.26859235958909966,-0.9279706529687072,-0.2982355687393531,0
0.30348478811707275,-1.0002743675533956,-0.4455943031132547,-17.776058692327958,50.79971009556485,2.2521890601477574,0.20920928764370306,-0.94976926450771,-0.2869257048702719,0
0.24332590032412088,-1.0140395687991681,-0.44310561779426616,-19.894085859918984,51.66870361572108,-0.9213379992607376,0.15413174051780373,-0.9690739862328446,-0.2844733449652674,0
0.19763356362074533,-1.0263382632905713,-0.44187344124674127,-22.06973323092753,52.52497559897171,-4.6625949769681565,0.10890735802235564,-0.984311599478342,-0.28276073838976407,0
0.1619268002771173,-1.036293219441485,-0.43466023358369416,-24.13356504387584,53.58390665433252,-8.802604831991427,0.07158974982596147,-0.9915113253889547,-0.27551276096916283,0
0.12667886667180042,-1.040924794289952,-0.41856523969374065,-25.80295107291252,54.739010694692354,-13.170800448662094,0.036108432527443994,-0.9902007508054337,-0.2609351417977872,0
0.08879506486798815,-1.0405341510538013,-0.396479285579685,-26.72625994140421,55.63791803149857,-17.60499993598249,0.0003815083191014627,-0.984904113455868,-0.2413895100069678,0
0.055271417957176765,-1.0388199049365912,-0.3742315765202067,-26.64176395870399,55.95977088515459,-21.915249801723995,-0.030177701346554793,-0.9802541451291794,-0.2214351632346158,0
0.03467458706362119,-1.0375811680698301,-0.35652584463468506,-25.49723621434327,55.6841053647648,-25.865611050690976,-0.04824179263071757,-0.9762155559312932,-0.20582232704417652,0
0.027734632673423583,-1.0322673679775964,-0.34709267788494547,-23.454281016106915,55.106920358494456,-29.21068196054942,-0.05282428726220776,-0.9690206338086838,-0.19779097357822165,0
0.028345968003479143,-1.0139348176477863,-0.35125892813061205,-20.84515043551926,54.58739402661558,-31.753912249491545,-0.050842997936281394,-0.9556832133834188,-0.19764618216236632,0
0.030939650146430478,-0.9785386276423188,-0.37201823306445825,-18.09952167691125,54.284596323129676,-33.37907990417356,-0.05057069351976185,-0.9365992163517965,-0.2026316624125634,0
0.033279596501437664,-0.9360634524141028,-0.40024444116264135,-15.586535207913894,54.120893266950176,-34.057902493555396,-0.05453802704556264,-0.9145331089189573,-0.20882152651111616,0
0.03388288324795692,-0.9057459086508759,-0.416016933442717,-13.450653642303811,53.91984199789761,-33.86135329707731,-0.05916262739145264,-0.8923714146679921,-0.2134810648362374,0
0.0315707514067258,-0.8969332631444217,-0.40783730401162815,-11.627430215989254,53.52306715415056,-32.95733072689,-0.059941221641837475,-0.8717551924671552,-0.21590129584440834,0
0.028389696851748265,-0.8981662669478705,-0.38614013136218406,-10.038636759783536,52.83756143204676,-31.562871813404037,-0.055524907174246185,-0.8527669696893404,-0.21664772593261292,0
0.029690548141984477,-0.890527215975734,-0.3703526442454454,-8.729658924235016,51.883546571041045,-29.888775643706776,-0.04721388282138459,-0.8346258643369617,-0.21619801181165138,0
0.039344883926179915,-0.8682658575755953,-0.3670214422665094,-7.80131974016925,50.82399813750706,-28.137589544369206,-0.0363912057115956,-0.8170451404020698,-0.21394080292151685,0
0.05529270434709679,-0.8411936812459029,-0.3670629937219642,-7.270666384766452,49.88536239260732,-26.51827888435816,-0.023887896975069448,-0.8004894157834065,-0.20845639658032888,0
0.06997469503513482,-0.8201542628944353,-0.3600381555943729,-7.0467058189059415,49.18191290613146,-25.193451611673073,-0.011870960737327955,-0.7848098819870952,-0.1988539230833219,0
0.07528113906786638,-0.8061754556596898,-0.34467219683148015,-7.001617284761514,48.58241034186503,-24.195114529132418,-0.004871386260586812,-0.7689477696413536,-0.18574132247462524,0
0.06874932430022906,-0.7938241163902772,-0.3270953583689176,-7.015871290090189,47.748492606730586,-23.439187796884873,-0.00682174039401432,-0.753173569135858,-0.171158793713938,0
0.05625183978669087,-0.7807730211725344,-0.3135705253920929,-6.990093037191345,46.34371977084641,-22.848748494134064,-0.0164201691875058,-0.7405255594240394,-0.15790232702179494,0
0.047309379179344614,-0.7710828554542746,-0.30553820951895766,-6.888654521527034,44.263394099725254,-22.427518398554845,-0.027012604240628995,-0.7341890951395244,-0.14831157973606343,0
0.0463576357487407,-0.7696197322983278,-0.29965982157407733,-6.783984135425332,41.697198979761254,-22.183939214654984,-0.03221511321103854,-0.7337026379392754,-0.1426553512222718,0
0.049862750639448,-0.7757573350118269,-0.29243545557650763,-6.807952064319826,38.97290013047576,-22.026666615894154,-0.030612758240363153,-0.7355726586589347,-0.13876639978621297,0
0.052850546379187326,-0.7842688903836897,-0.28520076546403783,-7.0405573385138664,36.32370147459963,-21.804012431283017,-0.02445814391572924,-0.7379978209195999,-0.13429664643334946,0
0.05607500748554824,-0.791936542569261,-0.2826338605234986,-7.495365588598684,33.77717588678835,-21.449944826585057,-0.01577674344226309,-0.7434167808320543,-0.1293853180356423,0
0.0649389619268712,-0.8015731887040802,-0.2853465303442538,-8.24058636080027,31.232953955068638,-21.03126779505639,-0.005172314329008336,-0.7555368564408368,-0.1259485359054671,0
0.08256690756701789,-0.818420771598975,-0.2871849104367939,-9.445015468599028,28.62821522403608,-20.62196802810937,0.0071094433882035474,-0.7749680130273646,-0.12418334787980025,0
0.10606592026074557,-0.8438726465026484,-0.2821850146403021,-11.171154196393712,26.041349418495194,-20.180953152258923,0.021003470094476714,-0.7991787524390541,-0.12128776630110034,0
0.13006083665608034,-0.8750899934813577,-0.2715029245046312,-13.116639918775865,23.6577796910671,-19.610354088773246,0.0372386299825373,-0.8263528866960094,-0.11455284342346135,0
0.1519907999284743,-0.9092220943997907,-0.260995323912846,-14.699280417985221,21.633418646144357,-18.911275079746584,0.05635789758491215,-0.8570902502942943,-0.10488518112839162,0
0.1716611123247288,-0.9436900088795751,-0.2543430195013827,-15.499874946044386,19.979544171392178,-18.20865803604947,0.07641491565971398,-0.8909798423551885,-0.09648110918994876,0
0.18675567660253337,-0.9734304610012767,-0.25135084716702233,-15.585014820403998,18.574322592739293,-17.60206774101284,0.09294520229365999,-0.9233588709792092,-0.09345560582576977,0
0.19278558679249155,-0.9935539576248096,-0.25110052453060183,-15.354334965332175,17.25555446009882,-17.045244046727944,0.1025945988273656,-0.948119474451648,-0.09704051441842296,0
0.18868409382927587,-1.0052024086751925,-0.25319606846516735,-15.13479164860668,15.870094777583159,-16.402636537810466,0.10594157030183476,-0.9631712887283788,-0.10488445084414777,0
0.17945445655692915,-1.0141665118504544,-0.2559952845282836,-14.951790834151563,14.281338561413694,-15.56973582930405,0.10518073352586037,-0.9709822904445222,-0.11174140106047407,0
0.17116366125449806,-1.0230653697387948,-0.2564311149112281,-14.560949337701505,12.41876271413286,-14.489304085744942,0.1001699282175506,-0.9744187030916661,-0.11173468752221179,0
0.16476200452948744,-1.0283006930081862,-0.2530018334093409,-13.580285157247559,10.328820932784158,-13.112548753195021,0.08947562744387301,-0.9742390251262912,-0.10271195330696214,0
0.15665633378181185,-1.0246576265082583,-0.2482925658899401,-11.698192496808801,8.126652925874836,-11.444801795843214,0.07494003395228642,-0.9697643975664662,-0.08959325591628475,0
0.14491093106629765,-1.009543332084158,-0.24751162467403676,-8.963112781801462,5.902943639402305,-9.619931603622392,0.0620209724414378,-0.9592343259436733,-0.08180698181615528,0
0.13331403902231687,-0.9829897777664455,-0.2536676285557898,-5.917810294767121,3.7251338559674307,-7.83629611659669,0.05478270542085182,-0.9398305714604701,-0.08564503782645072,0
0.12859896841163443,-0.9477230981967072,-0.2637983454660894,-3.338748552380768,1.7236676706214462,-6.183245912849682,0.052836414247893815,-0.9103595612823512,-0.09887449047856128,0
0.13406504180170953,-0.9105163396788808,-0.27100087683452706,-1.7497093479508878,0.11749303420980145,-4.573208754397771,0.05388488633698988,-0.8749332338024505,-0.11291380785591193,0
0.14643265479656067,-0.8800712309683715,-0.2715068171252051,-1.1503465061070426,-0.8852992709048042,-2.8752518845471258,0.056965077336030887,-0.8422304095636949,-0.12004604350862427,0
0.15890290187081946,-0.8613366961317572,-0.26854108711218944,-1.1648395150401112,-1.2151117865987455,-1.095089610092947,0.06218238826769901,-0.8197741577417094,-0.11859168216803989,0
0.16725033088657046,-0.8533089166230421,-0.2668853598736885,-1.3895888612237872,-0.9784866717425568,0.6097740612050827,0.06945093098694602,-0.8093846877759981,-0.11183314873481881,0
0.1731546550431421,-0.8532032928138716,-0.2652268811782193,-1.5983011635365174,-0.39448361153350125,2.0904457979365914,0.07903906688018954,-0.8087646991112527,-0.10350767418007595,0
0.18171484421652387,-0.8609905827772308,-0.25840012546461627,-1.7243510591974291,0.30246471347607967,3.3404882807284437,0.09186060397403573,-0.8164638363548605,-0.09571204295870381,0
0.19600925084959278,-0.8785802641572336,-0.2470771316122159,-1.8038732791740208,0.9383301462091908,4.446765150586789,0.10779572955006715,-0.8333383926644493,-0.0900767056009019,0
0.21445332555175706,-0.90541175902204,-0.23944815517874782,-1.9885659350384095,1.4378949530982816,5.4412006875174646,0.12480183877607738,-0.8587454108725515,-0.08800604994899683,0
0.23284565071287136,-0.9359477668656082,-0.24101325603442403,-2.4999395227752323,1.8170198540305373,6.24109888661324,0.14090134028654847,-0.8874424558385635,-0.08890071114002658,0
0.24785136409286326,-0.9622068665198137,-0.24748527983582963,-3.428771617955074,2.1255076068384082,6.7213011382262335,0.15606541451973138,-0.9124919617639906,-0.09003677559912573,0
0.2586184859643828,-0.9800707747836028,-0.2506916116261249,-4.563479371465552,2.3757350162878907,6.810777025708423,0.17077052509968887,-0.9310524513869887,-0.08905405089877749,0
0.2661297152598166,-0.9935316658710028,-0.24773785512842805,-5.484749261155484,2.516576925794409,6.529469006674552,0.18339040759246186,-0.9459933688248605,-0.0856086615990028,0
0.2714200518145454,-1.0106272078724554,-0.24158679856077642,-5.852955761451243,2.473153891036855,5.970750268861527,0.1906395840562432,-0.9618446995200796,-0.08077618979179785,0
0.2741142069655499,-1.033738738408322,-0.23563524118123577,-5.587898919880475,2.2112012250585007,5.256024606851749,0.1908105822647269,-0.9800075471565945,-0.07606115177001604,0
0.2727270364424343,-1.0560195032912045,-0.23078716090613768,-4.805262314816075,1.7679231155922448,4.477079999953159,0.18564193323572353,-0.9979341451249487,-0.07256691056963675,0
0.26673754550380896,-1.0694184653869383,-0.22645743896843293,-3.6500996130845715,1.228479948691691,3.6597879340438437,0.17851938488328023,-1.012300020093449,-0.06982642920683538,0
0.2580182774753242,-1.0741641441905267,-0.2220032429676833,-2.2068755248210765,0.6767783744266955,2.7879501864970084,0.17120158648251163,-1.0222520319816215,-0.06592004949964826,0
0.249221738534971,-1.0773100226399561,-0.21731353736093179,-0.530484558998089,0.16414823407409418,1.8728826003765888,0.16274987402378635,-1.0292341679321797,-0.059964079401831565,0
0.2406146287267093,-1.0831711232858514,-0.2129837145184524,1.2657626649771034,-0.28943767380531393,0.9962209739761593,0.15139535245820415,-1.0344734081793767,-0.05378895338733593,0
0.22971459430768829,-1.089225467476589,-0.2095659338876588,2.9680430836465184,-0.6843003377980572,0.276572255552572,0.13679989214711633,-1.0379668548091017,-0.04973072011519209,0
0.2146317805405677,-1.0918623736525543,-0.20641426745508873,4.334306315783556,-1.0505503123496298,-0.20067826996494115,0.12051531208827287,-1.0397883368592198,-0.04734240637801603,0
0.19638194412694696,-1.092051246383519,-0.2021288427985839,5.2368944871181355,-1.4814055403949704,-0.4115932007715324,0.1046206346108379,-1.0409604508108832,-0.043887645557914245,0
0.17684505755686017,-1.0931756164520696,-0.1963580152941926,5.748303584520607,-2.1549579356757933,-0.3616471673512747,0.08959168909313095,-1.042420592988211,-0.03800730558174856,0
0.15579060996403368,-1.0959461401544848,-0.19030103667460982,6.093307000794305,-3.298529535833479,-0.04491115892268936,0.07318010892624836,-1.0438089156432278,-0.031496238019665015,0
0.13152483358746195,-1.0980577814633252,-0.1853076015249636,6.507691259383201,-5.094846022427644,0.5609767960064388,0.0521833031509454,-1.0441049701295475,-0.026984587753058512,0
0.10416885274113445,-1.0981728544509075,-0.18187275242989004,7.107905629877539,-7.592617567400615,1.466371682016164,0.02630039696141403,-1.0436205636225764,-0.024736985053104555,0
0.07717758913673323,-1.0985081198050661,-0.17989528156346565,7.861152697022672,-10.688674979409575,2.635476404575328,-2.692012248193534e-05,-1.044833040706149,-0.022507228409023798,0
0.055007802975839064,-1.1028928799703954,-0.1784109078615397,8.667107560304329,-14.188056012567301,3.978480747297477,-0.020691649646215327,-1.0506773442041497,-0.018150035370955022,0
0.03955761241029688,-1.112998847220478,-0.17479643913694748,9.460515364257676,-17.895679545441357,5.386892298954298,-0.03321320616212475,-1.0620457430203378,-0.011264908256450334,0
0.02960366211426521,-1.127573531869996,-0.16587672833667116,10.222614848631743,-21.688664941177215,6.785630802752256,-0.04033278500357178,-1.0772503042495134,-0.0019487973580389483,0
0.023159566463876898,-1.1448671410489482,-0.15028251009278734,10.901924397716098,-25.540545858325725,8.147371384457486,-0.04625305717002011,-1.0937918219507807,0.01094506527849154,0
0.018846421392375245,-1.1638420498872124,-0.12850897862093164,11.367061124429199,-29.49763558387388,9.454409763008847,-0.052400380089761285,-1.1103153247942104,0.029155823585635912,0
0.01522258234653611,-1.1828085743879235,-0.10113857015085716,11.475155720613838,-33.62953597602593,10.659071637979293,-0.0574193822099671,-1.1269241486090456,0.05279244998539714,0
0.010763507168483519,-1.1992509368522446,-0.06941243404510353,11.184914466826708,-37.977654517734095,11.695587523834195,-0.06012743435834312,-1.1440108803545224,0.07929537707904104,0
0.005336241948958704,-1.2123421664935141,-0.03819480917665373,10.598013776626853,-42.52032162684464,12.532735964294343,-0.061024097466846255,-1.1610792666062382,0.1041478161593792,0
0.0008109316224149986,-1.224098260183887,-0.016264446840786272,9.920934146605715,-47.16313704664962,13.206003836048936,-0.061118954869084405,-1.1767389548291443,0.12195182146504756,0
-0.0005784594768003466,-1.236515082843086,-0.011722919121373302,9.402811649809548,-51.74213740712534,13.785156570389113,-0.06093782079418835,-1.1896109163422661,0.12759716544401684,0
0.0015964409794882147,-1.2482501261370613,-0.02691181071286285,9.246807355985462,-56.032699544794326,14.309480096817174,-0.06135285453320529,-1.1987693083853015,0.11809249283305025,0
0.005656015161840969,-1.2551998942649152,-0.05803819938503506,9.469615506370967,-59.78656623895948,14.774931196868419,-0.06371417097879563,-1.2031757781363017,0.09371763692330541,0
0.009822996856395799,-1.2540559025768634,-0.09957755151240905,9.779502916429765,-62.79371293205437,15.191847792339518,-0.06737823946219382,-1.2014398666156176,0.05639683697131395,0
0.015205165445756971,-1.244849664498971,-0.14926434108011052,9.61954371106134,-64.90950919482339,15.61968028043763,-0.06750569327089564,-1.1930170687087747,0.006683517542125024,0
0.027362714385005992,-1.2304362359666177,-0.20919266292618138,8.426119655793833,-66.02215260504532,16.1072951257587,-0.05671040189377882,-1.1794629800835998,-0.056439271378556956,0
0.05384258027049513,-1.2139921101988227,-0.2815955305004071,5.941674693887163,-66.02654533913035,16.610413098114503,-0.029608630388708635,-1.1637145003837175,-0.1321292056868113,0
0.09835432754982884,-1.1973767282740448,-0.3631594396908066,2.3273782208530025,-64.86792741308878,17.008879830561956,0.013909293060207824,-1.1482221665590575,-0.21505781036571373,0
0.15744418595509077,-1.182462146187023,-0.4443223723697347,-2.0140382875235057,-62.61956133604912,17.227306947537592,0.06951104009562546,-1.1347211044218577,-0.29692451339465975,0
0.2241742587974026,-1.1737149280301054,-0.5148579411004802,-6.706516668528505,-59.498345222313894,17.332134424337955,0.13223522688123895,-1.1259702846715693,-0.36992973106077554,0
0.2945861917765631,-1.1776681272054608,-0.5699542297465499,-11.457092758538034,-55.777316363687135,17.493939277034045,0.19935908970895513,-1.1266347679028041,-0.4289429594542123,0
0.3690926060443585,-1.1983633317755875,-0.6114356577768532,-15.859443720549843,-51.668505857452224,17.835633139484685,0.26996980574666896,-1.141389139013155,-0.4725063635146549,0
0.44841990412178007,-1.2331046962932486,-0.6441774670325623,-19.284513070198315,-47.28036376549025,18.28845921952829,0.3429645888444675,-1.1710343997833477,-0.5030045729770375,0
0.5302321813338042,-1.2723142280942696,-0.6707723703812077,-21.16132201483284,-42.644285320069685,18.57200637353324,0.41603481313528845,-1.2088342058424713,-0.5241277379402427,0
0.608952974471523,-1.3033144553701344,-0.6886135920161582,-21.419329849906486,-37.717953052501215,18.337720792263855,0.4854246920651191,-1.2408995540098704,-0.5367010153443393,0
0.6763389227685479,-1.316339420890934,-0.6929704137062187,-20.547052731773444,-32.36315879923583,17.400421183885868,0.545123323762855,-1.2537298287540422,-0.5385044752355986,0
0.7220642520403862,-1.309800165240577,-0.6835158182140596,-19.149247512294462,-26.415957002827422,15.866932332711723,0.5863060790337593,-1.2441786955801646,-0.5293622461402893,0
0.7363343292372749,-1.290176027618731,-0.6658561406299011,-17.49995983549185,-19.88316545726319,14.007513272798965,0.5994843138328638,-1.2208311140300003,-0.5139408343570863,0
0.7146791098806967,-1.2655801110049518,-0.6452355746931193,-15.530827357772825,-13.096504294594517,11.983195941426779,0.5796806364951627,-1.1940687043571026,-0.4967289068645874,0
0.6614244516356449,-1.2388479731523987,-0.6208090245812746,-13.099077685012283,-6.6395180280719615,9.747310644944701,0.5308466238775532,-1.166207263147274,-0.4756811997120099,0
0.588003504023333,-1.20635565396535,-0.5884286506636724,-10.11700193481053,-1.1004280934413553,7.234776261402556,0.4648627813683782,-1.1320964258485342,-0.444335937388294,0
0.5067622154690846,-1.1620435190615555,-0.548428123980025,-6.4796637880541725,3.096683629626513,4.566269583889504,0.39480907025210854,-1.0861562175868915,-0.40091199867204375,0
0.42583187074445483,-1.1014414225841638,-0.5089695053625222,-2.08216408124366,5.6503041393701485,1.9955838034722013,0.3278056052217449,-1.0260312122053845,-0.353733447858945,0
0.34915042221950066,-1.0233647395295495,-0.4811349043569658,2.9390257764373713,6.310023002270978,-0.2699629990250375,0.2636095431535941,-0.951954191069648,-0.3170089437105843,0
0.27856777338263927,-0.9312781690986431,-0.47054485405327906,7.985241249854686,5.009518115240623,-2.064819027229032,0.19927716719302904,-0.8671746652118936,-0.3009139051298898,0
0.21271108541691502,-0.8339350461703827,-0.47342709264805904,12.112877646205863,2.072900799310805,-3.1071770207415423,0.13365710230242125,-0.7791962854291249,-0.30438672952552204,0
0.14511385834408655,-0.7417633770303469,-0.48094425447677525,14.514409035400604,-1.8929108444873368,-3.045916185650343,0.06710284760869151,-0.6971136139790405,-0.3168305604464902,0
0.06934850440958597,-0.6612021243989648,-0.48776876732522556,15.01971313375959,-6.4253108485766575,-1.7895159973430728,-0.0004532885977433145,-0.6264758653000669,-0.32765483149774083,0
-0.011072588535378805,-0.5943939398973715,-0.49597830066806053,14.146340302136423,-11.4135323422807,0.32568741573114995,-0.06815270611433201,-0.5683856103866516,-0.33474827684731867,0
-0.08170380201006792,-0.5441575704951667,-0.5091833065242493,12.57656254388932,-16.76826281384358,2.8506266930030137,-0.1316247998780701,-0.523628990228622,-0.34325921574230067,0
-0.12965952359210195,-0.5156795654817392,-0.5234069843162072,10.555377938439054,-22.02096339139622,5.654193089887431,-0.18452747276044118,-0.49519836008287904,-0.3564426516326591,0
-0.15479858954180448,-0.5119818916683683,-0.5278375313564749,7.853084929645989,-26.474952773139552,8.889317855327096,-0.22291209302966186,-0.485685526335939,-0.3694518963577892,0
-0.1653558306726958,-0.5303680066619424,-0.5170929706102543,4.288112904699327,-29.755300513580597,12.55233216508467,-0.2459661343119674,-0.4942521753759096,-0.3731557420506917,0
-0.16488906525866354,-0.5651706190860556,-0.49897181104820737,0.12499721963071686,-32.0331084110289,16.251175686648903,-0.2524645166125386,-0.518330481369851,-0.36302808870673525,0
-0.14857411616024624,-0.6123154758223925,-0.48584182490413097,-4.142639730498588,-33.65141235905245,19.48611961211294,-0.23944194869750618,-0.5574836324456066,-0.34319239410305313,0
-0.11292330135471404,-0.6692573769463153,-0.48068564399487196,-8.310989407861728,-34.66547117924537,22.0577500100927,-0.20635635334429148,-0.6126806320043822,-0.3222071838065617,0
-0.06435032121923706,-0.7316503183174701,-0.47552540932861914,-12.617711206395452,-34.85503984623437,24.108833234277714,-0.15939628373621112,-0.6802986428334682,-0.3055749782807536,0
-0.0146319885484614,-0.792592939697218,-0.46228218513341346,-17.33791608805368,-34.11748549827404,25.843104119183423,-0.10922528286892921,-0.7489032724663736,-0.2924172860895475,0
0.02966461133018063,-0.8454897751524009,-0.4422599693923858,-22.301148615493137,-32.71363088181977,27.337438558562535,-0.06354826180608367,-0.8053159710971629,-0.2793730556832016,0
0.06961778113525122,-0.8868686737897734,-0.42527605488391934,-26.87908871644617,-31.089989187000867,28.61343532178043,-0.023058474650353128,-0.8443129214974041,-0.26711849177961977,0
0.10744499525577096,-0.9172606860472006,-0.42142239233347173,-30.43799110239407,-29.51723218365095,29.736736332248714,0.014587920664817781,-0.8705385684108807,-0.2620655880306628,0
0.14178140376710432,-0.9405269870270365,-0.4343817892174704,-32.75081219863278,-27.928385181458978,30.74409049626023,0.04875190494778889,-0.8915677048499145,-0.27142067348664234,0
0.16990983076998054,-0.9616796507148407,-0.46094892370656354,-33.99298284290542,-26.050711527630206,31.50654947887243,0.07601865178305633,-0.9117878412755107,-0.2965359725112849,0
0.19153325537821575,-0.9842391418705411,-0.4934417381608087,-34.45387171860425,-23.642898282711123,31.73477760760356,0.09528060405043659,-0.9326118716383227,-0.33036658526478246,0
0.20816714392967864,-1.0090177748413094,-0.5214763242511178,-34.32354194066335,-20.65475188702929,31.137957512501995,0.10929157937732031,-0.954777904136568,-0.36106912183903406,0
0.2194121643354573,-1.033955596878063,-0.5352593455660628,-33.69815952909493,-17.268109103527163,29.576742817286707,0.1200601429157943,-0.9776608349572107,-0.37886015886409036,0
0.2216837057252443,-1.0541874897892964,-0.5314518735173689,-32.678755199062444,-13.832622442789718,27.11038672412855,0.12487315121686271,-0.9970828798146886,-0.38054450733405687,0
0.2117848190317337,-1.0640846096218568,-0.5156030799846897,-31.40705757095797,-10.715341623061025,23.977556114348232,0.11905156509245292,-1.0067124738666002,-0.3688013326059865,0
0.19128287059619187,-1.0614460844249052,-0.4965437746806183,-30.0090984462691,-8.143490023072832,20.549981077138906,0.10216247493506277,-1.003583246022071,-0.3487200836913249,0
0.1664882032146059,-1.0495296273079786,-0.4789797408919096,-28.52936752793644,-6.148802570468459,17.2299971216234,0.07982363434689306,-0.9915491237267943,-0.3254108338744268,0
0.14453610580493187,-1.034206661019331,-0.4632361892680991,-26.954685262849623,-4.626932971138891,14.309698504031736,0.05941766295449847,-0.9778805091016182,-0.3033434108312488,0
0.1299430389099244,-1.0195802855833407,-0.4498266078665609,-25.328317997462637,-3.425247378971702,11.897428001632553,0.04539295647911949,-0.966714732903008,-0.2859144586287403,0
0.12353060998797613,-1.0065778888534709,-0.44016152492725014,-23.821810281574567,-2.396600666808556,9.97161816084565,0.038394270218400375,-0.9568539560908164,-0.27455264297416265,0
0.1229091718431205,-0.9946819225892362,-0.43356668229949874,-22.643956613277577,-1.4304715722517132,8.496163491660633,0.03667713404702748,-0.9455346738450932,-0.2681518593075718,0
0.12422423538204427,-0.9838026835448573,-0.4273839404160573,-21.86231377410554,-0.4754261127148097,7.488193795119286,0.037535611959962085,-0.9327583952962515,-0.2639377722224433,0
0.12477714610972368,-0.9742218483963746,-0.41999734288430735,-21.353129271582667,0.46230926580982495,6.9887049402789545,0.038888424000423395,-0.9212762881814646,-0.2594286369793922,0
0.12449875429730461,-0.9652901522270908,-0.41131823141080776,-20.95966053398537,1.3416320755964666,6.973611326774512,0.040223333869230785,-0.9130342574644601,-0.2534790979151358,0
0.12465058369006723,-0.9552144075419278,-0.4010499818571979,-20.669777452440517,2.1124041088477834,7.303527149845572,0.041342340797434984,-0.9064303525697754,-0.2455658046871108,0
0.12537078680167674,-0.9430960538569698,-0.3888302530518805,-20.58359577976172,2.7512851647057293,7.796192532292197,0.04104163723440629,-0.8977215030256037,-0.23522296102141607,0
0.1256843762819561,-0.9312161128323412,-0.3756152264168943,-20.717709597061358,3.299224283074874,8.381221010574631,0.03888077658760738,-0.8857209788323763,-0.22285559254444887,0
0.1262675805484532,-0.9240769558875357,-0.3632843305422041,-20.91962518857051,3.8416940817375322,9.161997707656361,0.03760576744789199,-0.8744031100890347,-0.21009994843376567,0
0.13011328305015607,-0.9238283535497863,-0.3529802628616149,-21.011051138743245,4.4255979162653265,10.273512910453741,0.04124149781479679,-0.8691230017419788,-0.19854100984992648,0
0.13831720799399377,-0.9270104195882028,-0.3444830869375232,-20.953796284312563,5.022356346386024,11.67633542240445,0.04995645480011907,-0.8701689839488411,-0.18878515407176566,0
0.1465153757782777,-0.9274200719143152,-0.33711839570862606,-20.809584102616977,5.60511952323667,13.126370780644102,0.05840186342404588,-0.8718382393178276,-0.1812351157193718,0
0.14864983521957617,-0.9219977519197496,-0.3310594702490547,-20.572137162658866,6.235617240436082,14.343868945616705,0.060619933049953785,-0.8682817646247328,-0.17668918145451726,0
0.14444951053931882,-0.9121840979459993,-0.3276650561188371,-20.126695992401324,7.03212232072937,15.183551835292402,0.05617578366402957,-0.8586627968247869,-0.17530144405152878,0
0.13998694915028234,-0.9003553186459913,-0.3282979326552251,-19.388467032663538,8.058214981661518,15.663412588157433,0.04996509744901607,-0.8463295503021855,-0.17566451404965636,0
0.13897468973632562,-0.887802586228382,-0.332511187805425,-18.41668959492243,9.268948219303473,15.893920559807505,0.045780177474268574,-0.8348700509195086,-0.17599521443449614,0
0.13604984803114975,-0.8760571247522848,-0.3374898538223459,-17.370722905072874,10.556985038927541,16.004024852079315,0.04163630589871999,-0.8258921571716721,-0.17610634557446359,0
0.1225634149085027,-0.8672072019634465,-0.3396627530726515,-16.41389895550924,11.825506886176726,16.08628825644341,0.032437738211049415,-0.8193186503014963,-0.17715036058158992,0
0.09864962944203691,-0.8619457493438839,-0.3369597055775263,-15.695804042343525,13.019402323880508,16.146836763138527,0.01624434375482548,-0.8144677691637054,-0.1788437355747801,0
0.07480673132647563,-0.8590602051427159,-0.32943671084336124,-15.359705786517987,14.11383804716173,16.094371869552912,-0.0035349516897874383,-0.8107572470242284,-0.17768384234669218,0
0.059477533708203405,-0.8576397248985841,-0.3182262718599807,-15.46047278584549,15.082266440965649,15.805751158542908,-0.022005458325150645,-0.8078991232250008,-0.16925708353021887,0
0.049575612558278984,-0.8582749423932123,-0.30474543046714764,-15.846393475062378,15.852741474443409,15.215317112352178,-0.037253899089798564,-0.8059112098831511,-0.15283235768924083,0
0.03716017241165163,-0.8610810395812131,-0.2907930377153896,-16.182832342437777,16.29041244363425,14.340552087389481,-0.050212685469380625,-0.8050807968220296,-0.13300494604425758,0
0.021459184194252214,-0.8639268073261355,-0.27821490242926483,-16.155471188048466,16.27189540834376,13.245010589699486,-0.061662648883381944,-0.8055324633044687,-0.11607815821035576,0
0.008627714559921652,-0.863926408805101,-0.2679138272933389,-15.660870148742873,15.822772577340503,12.007403035886771,-0.07129488257221372,-0.8064013600661782,-0.10495619563992926,0
0.0021154486914621504,-0.8598093054227911,-0.2595677988904447,-14.793481337013176,15.166695648238735,10.716574677620542,-0.07900299706826958,-0.80568552131056,-0.09789731170423618,0
-0.00047560306347371305,-0.8520920202375157,-0.25223726116108436,-13.679423584642223,14.606326066048286,9.449426388068563,-0.08492952794383149,-0.8016361523470885,-0.09162649788524939,0
-0.0018123271472799622,-0.8420632825166217,-0.2449555469740912,-12.368720416019865,14.351422775383465,8.227513530652963,-0.08827417504236382,-0.7944839380404335,-0.08455043151820958,0
-0.0016876021035308992,-0.8312843967009753,-0.23727438271352463,-10.87458411387,14.444978141229393,7.013588721657061,-0.08794524920303298,-0.786297353610571,-0.0769643772779523,0
0.00011918498293750521,-0.821165194957848,-0.22981063334195787,-9.24335298612178,14.798739949420007,5.768399096274612,-0.08478350245355948,-0.7790383026023096,-0.06958643105671836,0
0.0018022432818791238,-0.8126747204124716,-0.2241183085072208,-7.551850848898339,15.266065005740447,4.50095987090189,-0.08177659930499703,-0.7734243902148503,-0.06312680225057259,0
0.001560602616674006,-0.8070543858326619,-0.22187361435842146,-5.887788468267147,15.714666637481368,3.261652452446086,-0.0813148950332,-0.7698152430521252,-0.058910591919916655,0
5.2666535355064194e-05,-0.8062735570399777,-0.2240700598526184,-4.378508068008128,16.083164906748397,2.1070000183879913,-0.08259974888185405,-0.7690951388461574,-0.05854697003868431,0
0.00031450614597391236,-0.8113311319203119,-0.23035606415229465,-3.1951445989134073,16.39185811509721,1.0705290259354687,-0.08204408565226423,-0.7719302585459027,-0.06224046341358063,0
0.005833108565465021,-0.8202735654753814,-0.23848790866685687,-2.4516284409472267,16.711062588908188,0.13172156449720623,-0.07605825629984056,-0.7780121372471288,-0.06786672627130648,0
0.018545378210848854,-0.8299762719673028,-0.24466473033375719,-2.0908122469796875,17.12793536628191,-0.8106867213438468,-0.0634311713441388,-0.7871010683250097,-0.07227137872181696,0
0.037629398466191004,-0.8408313677495087,-0.24529261373654296,-1.9140382450187958,17.712607198394014,-1.9162091474993304,-0.045666052314678234,-0.8003527736657108,-0.07317088023122459,0
0.059034472530608346,-0.8575408516130252,-0.23898862238317112,-1.72233706366817,18.45001799628412,-3.3152947615298842,-0.02622005120733766,-0.8192574741890108,-0.06952534762518293,0
0.07599252035470905,-0.8829438712609092,-0.22721685425732566,-1.380366433303577,19.173517765897483,-5.015242453544006,-0.010081134121895373,-0.8428588336006931,-0.061335717672091616,0
0.08141812793799208,-0.9121535300948223,-0.21379864961436126,-0.7606851587353647,19.597695565347728,-6.875294739824203,-0.0030892333482367518,-0.8668212005095813,-0.05083932722494478,0
0.07165619451709875,-0.9354370250002456,-0.2039424742059731,0.24606653174095594,19.458743780990996,-8.661370958331732,-0.009652764483171797,-0.8859187493492277,-0.043343215166402126,0
0.04845711902220746,-0.9468821362352156,-0.2020356894747042,1.5637616535112202,18.63420484494465,-10.123771115080473,-0.029916258278905157,-0.897404417327295,-0.04408006397979217,0
0.01732614218897085,-0.9486632684350598,-0.2088471391333346,2.833774561593916,17.137300924909823,-11.049027545457793,-0.05913558852218406,-0.9020883122034793,-0.05291137883382315,0
-0.01495779207013399,-0.9476471185674723,-0.2212219900723214,3.6394894694577253,15.04725370380033,-11.292251007813567,-0.08981426151357391,-0.9031327678889147,-0.06396886779364491,0
-0.04094867846417768,-0.9499936774856808,-0.23486666785923083,3.9023190499535874,12.511968421519587,-10.819613789182958,-0.11459038118400369,-0.904530742867476,-0.07223919203649352,0
-0.05386312780973756,-0.9583850352857406,-0.24710740726139324,4.006146784114411,9.822280391646977,-9.752128721817236,-0.128580379570868,-0.9096733820666711,-0.07926553270906073,0
-0.0517684955233083,-0.9715418957095757,-0.2577680518762442,4.463097280350728,7.398585701245778,-8.356364712284222,-0.1308052684985949,-0.9194911566532946,-0.09045223960052909,0
-0.03949115291601933,-0.9853281429372152,-0.2684717223800903,5.442471429151142,5.609240492912647,-6.957513647892171,-0.12337192600184309,-0.9317382651450491,-0.10740842759524324,0
-0.023244827836195674,-0.9958449884398874,-0.2803504663593799,6.623439856151003,4.577274063685073,-5.832184327726866,-0.10843856241117611,-0.9432865082101074,-0.12508072407314252,0
-0.0037775820197778957,-1.0026721451161824,-0.2916734718073379,7.472567155566424,4.183095365921308,-5.1498098216898045,-0.0865486271773145,-0.9534220079165917,-0.1368132847817707,0
0.02205341066755682,-1.0088228327413487,-0.29873243913278996,7.64598248885916,4.241835133895172,-4.958931762793231,-0.05862032335811238,-0.9641953816074923,-0.1404909246061039,0
0.05324011194714381,-1.0175735475859828,-0.2995075784159095,7.179943479242154,4.63736953331483,-5.1866927043903805,-0.028230497107423636,-0.9776434030698263,-0.13868095281238996,0
0.08253179786065531,-1.030137139656293,-0.29529857336782694,6.394896401337467,5.289504590010874,-5.667544872159485,-0.00015919983962432716,-0.9934953305590193,-0.1343338597485063,0
0.10431038640483353,-1.0459770235866932,-0.28864959204083307,5.667406281414772,6.067192317970085,-6.22128152347411,0.02323625339903378,-1.0096646492866954,-0.12847342621729924,0
0.12134022815485737,-1.0637017774319553,-0.28115684419267245,5.242526825354474,6.819880233775871,-6.733186757144737,0.04318206868550112,-1.024381170724926,-0.12162298463590603,0
0.14057572931366707,-1.0813338464058544,-0.2736239497303476,5.1548870484757225,7.519769443622912,-7.16884405400622,0.061887726107722654,-1.0375590447646401,-0.11507898294999189,0
0.16351642513263803,-1.096938283068211,-0.2667805725947362,5.2555296926809625,8.337171259424043,-7.526567185102166,0.07930900853994743,-1.0501487442845854,-0.10966243337540804,0
0.18349062521924822,-1.109542938327225,-0.2606472117035222,5.324744092094526,9.53126860353264,-7.79444136944426,0.09259771356219755,-1.0623856970203474,-0.1043145522498658,0
0.19239190933681494,-1.1191765031393344,-0.2540340911973616,5.2202504233442175,11.252270568980697,-7.957353961939351,0.09830447558379364,-1.0730564440463102,-0.09727037389227859,0
0.18799544328210674,-1.1261283654831171,-0.2463577351148453,4.96673958343555,13.44928346671382,-8.027065580339883,0.09506038932057469,-1.0805613919401416,-0.08858536435765856,0
0.17469354696646044,-1.1304452881024758,-0.23973373309560755,4.710870315990299,15.946659617393193,-8.042572412656224,0.08496982418321003,-1.0844617587065764,-0.0806724921975034,0
0.15945129413883902,-1.132210052127874,-0.23723121460112415,4.565365909275004,18.571757196730225,-8.038598894695157,0.07301796018615532,-1.0860970544203112,-0.076242816470645,0
0.14755243303436372,-1.132628409973587,-0.2389977876463406,4.471122367972524,21.202823067786348,-8.019057059374544,0.06411830501376233,-1.088034611031368,-0.07642533196421288,0
0.14011329052382665,-1.1352580364567326,-0.24275390051309104,4.208572846195913,23.728895548504006,-7.94511095141395,0.0592353453649143,-1.0928553954366196,-0.08115417502737461,0
0.13464591891420674,-1.145648253448192,-0.2488533733496,3.550632390059368,26.0111657236695,-7.731425072767158,0.054817558482207575,-1.102259200713975,-0.09084831919838184,0
0.1288306061221242,-1.1680613934253354,-0.26222188724068257,2.39887356743114,27.930908150862923,-7.279628132793999,0.04777989481608696,-1.1174276205838691,-0.10725699130709582,0
0.12404560615117359,-1.2013671183694858,-0.287629214320758,0.7793268537842241,29.518483060161685,-6.570137309246869,0.040946173587825374,-1.1399965969640447,-0.13245377572670733,0
0.1249692813123698,-1.239056957712496,-0.32382798528153944,-1.2331230496149022,31.041550718948372,-5.746002720964301,0.04143278653591463,-1.1713761468214958,-0.16635959754431473,0
0.13546879235170967,-1.274531388427055,-0.3627209982356207,-3.5102986397376927,32.90432443116845,-5.082553585627432,0.052790794984479326,-1.2097464133255091,-0.2045609862270633,0
0.15367480550801285,-1.305395671619398,-0.394465035010054,-5.7816048714607176,35.353862051769816,-4.83341395831783,0.06999835667824723,-1.2480923110439084,-0.23926294809784673,0
0.17018118119843978,-1.3311156037680918,-0.41512147625114554,-7.62179821761414,38.208718925035775,-5.075595359500883,0.08273757041288506,-1.2771727930814272,-0.2644389870597307,0
0.17264199757843934,-1.3482944995720627,-0.4302325188717456,-8.630675392871783,40.881533994985695,-5.689281782258859,0.08259535987313377,-1.291696326283068,-0.2812751983969765,0
0.15437723294822991,-1.3519023726808788,-0.4496181515049537,-8.696710452526192,42.73017904518078,-6.48023938546645,0.06695155664726499,-1.2931838084367777,-0.29777149522919283,0
0.11868384539107323,-1.3414158996765175,-0.47823956168882187,-8.091637083652065,43.453041103405546,-7.310472688461336,0.03771567180569726,-1.2864464653813987,-0.32181720742778686,0
0.07444441389104504,-1.322885326284331,-0.5130412978665879,-7.278942230062824,43.213789623737206,-8.107552982806482,-0.0014689299140528,-1.274046998883777,-0.3547436750258784,0
0.028885598135277746,-1.3037109494791104,-0.5481035663431985,-6.614175442905912,42.46490962738054,-8.791216066584054,-0.046174241371585385,-1.25483397794233,-0.39204383133421306,0
-0.014596168325639378,-1.285839615754307,-0.5812972263573702,-6.211471891077051,41.670830396583696,-9.26897787007046,-0.09110194527486855,-1.2272933149262018,-0.4293093439930785,0
-0.05380008743257719,-1.2637779538333194,-0.6154362729473642,-6.0318764472098385,41.11030750571663,-9.529128107465882,-0.13132456342985085,-1.1929910568290463,-0.4656642263980238,0
-0.08556998432196132,-1.229562169703494,-0.6530101151221179,-6.011669499047982,40.8330747779303,-9.678542587794151,-0.16387481635312057,-1.15562870938985,-0.5013958176184699,0
-0.10570539171867611,-1.180621371116701,-0.6902649238213328,-6.0764606286381815,40.78174617030282,-9.8299170011091,-0.18682185712133198,-1.1167158717575763,-0.5342916808892646,0
-0.10936444289494301,-1.121882208313181,-0.718314633134163,-6.094864525765151,40.99392578322723,-9.966287101364737,-0.1966359829721092,-1.073538899722348,-0.560013475120654,0
-0.0923593358115124,-1.0601134859795927,-0.7317310514450006,-5.9380347116662175,41.698901159669475,-9.964346740476854,-0.18791327220444642,-1.0228944721919775,-0.575992462185916,0
-0.05393382382985652,-0.9994733604042116,-0.7345743024598334,-5.682126775254712,43.18216878184463,-9.757286641998263,-0.15686737653391006,-0.9666010004296275,-0.5837404620401438,0
0.0014438168330147706,-0.9434913020878685,-0.73482869639288,-5.729460025942493,45.515723901010375,-9.437404949139236,-0.10535262898225159,-0.9117374804616044,-0.5861082175929255,0
0.0652782303254372,-0.897086886326209,-0.7336446091289306,-6.567601137352745,48.41852271393342,-9.17087897104471,-0.041595725472639115,-0.8650672737501645,-0.582671447908267,0
0.12792064140146692,-0.8635610710254296,-0.7248014281046111,-8.270568684157045,51.41663940958078,-9.016172422831723,0.02309259649758379,-0.8285870422046422,-0.570279818301013,0
0.18173026823497287,-0.8412535190210756,-0.7053655081905137,-10.30397645478049,54.17015200902068,-8.839752823281374,0.07951338794642544,-0.800966129110146,-0.5490284100792793,0
0.22407015543811923,-0.82535334979613,-0.6807399686447075,-11.992745712130194,56.63285809495434,-8.416263303768298,0.12453415722896823,-0.7813913798694738,-0.5244135281019744,0
0.25781952950331605,-0.8125612689858113,-0.656028635462161,-13.18062058884375,58.88355040587277,-7.611958602400816,0.16098031191730403,-0.7698165114295381,-0.5009458520561938,0
0.28755096609021724,-0.8024200837650544,-0.6280925856838904,-14.25789267138548,60.85475126950118,-6.467118281207882,0.193238424197833,-0.7637008792418509,-0.47615088630631935,0
0.31458566984696995,-0.7945320614460881,-0.5917747739094683,-15.516877221395667,62.28561859343529,-5.116565645779574,0.222501863789184,-0.7573319669372868,-0.44436202606502545,0
0.3356333544897863,-0.7876222345953219,-0.550744026163578,-16.71929105984495,62.90088028902434,-3.6879857419076654,0.24582098816742518,-0.7472009568542779,-0.40554391424889913,0
0.3449619437970983,-0.7833766532987304,-0.5159570184791058,-17.4735300930786,62.55224997689208,-2.3113898785938045,0.25822441921489137,-0.7381586265265676,-0.36744450750564833,0
0.3374156537969229,-0.7889604038996897,-0.49399911379221806,-17.8860018993939,61.19741839493683,-1.1613445462256722,0.2549053668918705,-0.7419391056961765,-0.33887528029797553,0
0.3113486377878118,-0.8121420281740329,-0.48210525569887924,-18.59045974460704,58.83324589046026,-0.3946156218478404,0.233310622807843,-0.7675503492720858,-0.32304000889186835,0
0.27058021589364395,-0.853199803793351,-0.47549420383056273,-20.14201795557171,55.507523511540384,-0.0339408153542619,0.1956313103738247,-0.8125958074916177,-0.3180277448355744,0
0.223417698494228,-0.9030772738016777,-0.47487219707308403,-22.564085687128514,51.41475159349501,0.05361825427822037,0.1493417405251123,-0.8642723197093091,-0.32118867259658246,0
0.1786506082494146,-0.9501859735573918,-0.48324897640024794,-25.487278230537463,46.992443920232894,0.05298027416286287,0.10375239341123128,-0.9092124118420599,-0.3302368614821778,0
0.14096293733009957,-0.9883806761793986,-0.49765947220434487,-28.501805152765908,42.86244684377859,0.03469861289418242,0.06493615878541331,-0.9424616132710935,-0.34131670865592795,0
0.10956975999131217,-1.0178203057915798,-0.508918223576497,-31.26093954809817,39.5242599169044,-0.20011000204329943,0.03396931235008985,-0.966742573936358,-0.350275446305236,0
0.08298437390393221,-1.0393629302253196,-0.5112667574097988,-33.41977046519,37.02904022750277,-1.1106631687828892,0.010358207423705454,-0.9842897107287114,-0.3573180395962892,0
0.0653051888211737,-1.0511228024039434,-0.5096237822415497,-34.68038217150967,35.07344693459525,-3.0835759023425524,-0.00397659132486826,-0.9929767402530724,-0.36703087096596976,0
0.06303966041036364,-1.051938873663643,-0.5139882753857604,-34.88129591174975,33.52109204842087,-5.971637804300593,-0.006623206023493241,-0.9919143147859637,-0.3810658987378876,0
0.07376804442030903,-1.045187564471467,-0.5267826990347765,-33.96105953423078,32.67803398392112,-9.092201363168076,-0.0006467172357046335,-0.9860038659217776,-0.39317683628241057,0
0.08542070893472159,-1.035306846102493,-0.5391322308349326,-31.916634503337953,32.853111783730846,-11.898564258945617,0.005695595474149169,-0.9796716626519487,-0.3951142818910575,1
0.09169612293789402,-1.0218297316632114,-0.5411531798443843,-28.92412944129714,33.79176808681855,-14.569775564196544,0.008220578993940549,-0.9691361461969297,-0.38651611252615137,1
0.10018924769406753,-1.0008424539805671,-0.5327663443018819,-25.4563301326763,34.84963191229238,-17.665418026469066,0.01217603973920182,-0.9473625131454566,-0.37536543039658216,1
0.11854280051455084,-0.9719088156483663,-0.5217112762661827,-22.1490108412524,35.67824917000738,-21.223182976299352,0.02411685407659871,-0.9153531526553048,-0.3683345388512231,1
0.1398925163559966,-0.9400993435138338,-0.5131097218420426,-19.50085313498098,36.45768229426623,-24.482708277709843,0.041301209546779835,-0.882504739068338,-0.3634445411630842,1
0.14999795189336337,-0.9115273348219773,-0.5040816942053641,-17.677354115945686,37.46884418240025,-26.541571965564064,0.053841526351066656,-0.8564102023134836,-0.3529083937949266,1
0.1445332599214906,-0.8897502349017782,-0.48794831096007474,-16.520592395289533,38.69716626074028,-27.072835249218016,0.05575930538819413,-0.8377922702635775,-0.33106724896415457,1
0.13276559705027152,-0.8754086382346813,-0.46121928924103506,-15.711407324915132,39.89549761561305,-26.399452862214865,0.0501119388992073,-0.8249174470223161,-0.29878413610574817,1
0.12636466033332128,-0.8655736554545148,-0.426210164743134,-14.996966555136334,40.84736588352157,-25.119936715543357,0.04429242424180287,-0.8165174142177357,-0.26185978549252875,1
0.12981128869325448,-0.8536954000537373,-0.38908464630686207,-14.320931248015777,41.49582237612061,-23.762151876517606,0.0435739644124709,-0.8086592453932163,-0.22684232885623126,1
0.14080866221051602,-0.8339432359203267,-0.35685215794781827,-13.737310426000304,41.915721925908784,-22.621819667865058,0.049194093859421605,-0.7943510370899195,-0.1983983155020812,1
0.15504567546568282,-0.8069388674432313,-0.3345666044302445,-13.274231330187824,42.2349417495377,-21.738600548156075,0.05999738442129763,-0.7702317805516364,-0.17911626661253316,1
0.16908141896738507,-0.7797438878745504,-0.3225602037639593,-12.995846498421606,42.545874457747246,-20.992076382690065,0.07406761963587427,-0.7414989105135666,-0.1691847302946006,1
0.18104126238623708,-0.7594936979493757,-0.3161337800376854,-13.140402261667417,42.82080966131824,-20.276060315254842,0.08883013127638355,-0.7174661400901671,-0.16499029647835045,1
0.19000499448502078,-0.7475936149811278,-0.30968395209157773,-13.989665267258525,42.88349066984993,-19.613137954150965,0.10072106782251901,-0.7030009710371279,-0.16003903617940518,1
0.19496226428481336,-0.7402193191778912,-0.3015251324976431,-15.51966376694707,42.4880478700876,-19.10056293268365,0.10639699547353912,-0.6957104214467529,-0.15007421248268107,1
0.19546092955298824,-0.7334257431711285,-0.29408285954957064,-17.311019339572805,41.473611016447464,-18.756977666822657,0.10570952762436328,-0.6906740130258245,-0.13762874988746432,1
0.1932354188793071,-0.7270133773569469,-0.29034500194185825,-18.929944958294726,39.876794223274324,-18.453337360317295,0.10300360203259616,-0.6864703693000114,-0.13030232587554996,1
0.19091288414873137,-0.7247231783523366,-0.29163544592687074,-20.372792006550494,37.903881966137426,-18.008102952914353,0.10309983478382735,-0.6868065349251224,-0.13383317974774075,1
0.18850601392976435,-0.732247644945758,-0.29784961994913306,-22.064151889539364,35.79480637735545,-17.33710009833806,0.1054399580471255,-0.697254865901511,-0.14627159799457648,1
0.18344757364476127,-0.7537946467057276,-0.3070763356318522,-24.39555319990979,33.70882062342173,-16.50986831153259,0.10468284536849987,-0.7203074369043739,-0.15853907637021897,1
0.1746387678594616,-0.7882973913264408,-0.3146359224664251,-27.251102247777325,31.70219080872166,-15.693403447872342,0.09771765945007677,-0.7530854690392691,-0.16166105541068554,1
0.1638981187965061,-0.8292524069083337,-0.31536063069840153,-29.976988916085244,29.751617224030923,-15.06635415955224,0.08691574792786486,-0.7899480104111967,-0.15447545409660418,1
0.15253226281567617,-0.8696928393499854,-0.3082870480155037,-31.862438698761284,27.780840635763198,-14.754469746852065,0.07527190766886871,-0.8270658516677065,-0.14361932471124136,1
0.13937552438332873,-0.9070004655313413,-0.2972503040688287,-32.69924965261492,25.71572845086367,-14.774485845395699,0.06205920505561968,-0.8636760082182772,-0.13567922650256015,1
0.12412433072206158,-0.9420726233883648,-0.28605136890124144,-32.857035286191675,23.56274840166038,-14.998348563663733,0.04593117253530462,-0.8992151307144227,-0.13091025259154732,1
0.11017268918845308,-0.9747023552936761,-0.27528193792356287,-32.79465391906506,21.43069424116486,-15.2040524515727,0.029607610109877103,-0.9306692290318941,-0.12530121233374109,1
0.10168108947619336,-1.0013173837339304,-0.2650432386851918,-32.53308249905179,19.452835190783613,-15.227504130387134,0.01825008993223435,-0.9535319637722599,-0.11701982987860773,1
0.09943207000412912,-1.0175082148455425,-0.2584411368259378,-31.642178182331637,17.68591898128782,-15.100584190283254,0.014288690897182543,-0.9651248118548089,-0.10925044379996997,1
0.10125081114420194,-1.021720702644094,-0.2596320640453861,-29.73120497686173,16.095314258758677,-15.03446173809984,0.016019486980455654,-0.9665009480545751,-0.10705059262563837,1
0.10466710050664414,-1.0156136713168953,-0.268586254170727,-26.910622513086476,14.626475641594226,-15.24937835026603,0.020359301767417175,-0.9608673975769051,-0.11235528598731706,1
0.10826058241939382,-1.0017355139140118,-0.2804831639166368,-23.76091338990248,13.254013716123724,-15.806789469346956,0.025449678922844512,-0.9504601489363762,-0.12252014187592682,1
0.11282773498350981,-0.9824422041343168,-0.2917394437175594,-20.917991180083796,11.950521586433654,-16.59389586154926,0.031559135964919105,-0.9355085725584192,-0.13389727736100324,1
0.12172441033056358,-0.9602825865596987,-0.3044119045478634,-18.783550528799474,10.661596261939447,-17.452004200459058,0.04057158266867681,-0.9159246013230121,-0.14629328699986194,1
0.13743576635947974,-0.9371920925666606,-0.32221737641432663,-17.596907035485643,9.379785176411472,-18.296450501553636,0.05387386904949103,-0.8929319731545996,-0.16253122339300652,1
0.157554294645532,-0.9135761224789354,-0.3435029159301469,-17.56566942136201,8.24258409251043,-19.108821682868033,0.07034122572258003,-0.868978703183299,-0.18289082104522034,1
0.17638740909221357,-0.8903459657310496,-0.3602844473618105,-18.73489365605782,7.49003941034333,-19.851029020456494,0.0869791103569672,-0.8472708997379769,-0.20109105181482398,1
0.19032363847912157,-0.872026702327679,-0.36368437320273445,-20.77635423393872,7.2626423823153194,-20.42806739839633,0.10120767751783417,-0.8319334434596812,-0.20740285308084594,1
0.19960415894534453,-0.8661839619500492,-0.3497597115880099,-23.08938071683716,7.419666004645068,-20.724458288684737,0.11169795476013768,-0.8277115255628922,-0.19604214417915358,1
0.20543385400447725,-0.8791602501015809,-0.32160556263197143,-25.17634334850035,7.56231011228959,-20.643895151619024,0.1176048061864745,-0.8386205915171345,-0.16914986268251436,1
0.20772749465297757,-0.9125688661595958,-0.28709679109483904,-26.861238948545463,7.2547236896569,-20.12505963251151,0.1184225039572541,-0.8665929384646933,-0.13436416702190584,1
0.20562925182876865,-0.9627850438021609,-0.2544065953707354,-28.15150764279952,6.2597903963656725,-19.171164978020194,0.11480460574279341,-0.9105753534957732,-0.09990291832231359,1
0.1985087604879414,-1.0221257437496698,-0.2289405565665127,-29.000313213030196,4.617042780224795,-17.894510482307712,0.10853719772513078,-0.9657079461734145,-0.07147063619414193,1
0.1869415336653145,-1.0810046997955642,-0.21267499973344323,-29.251651957324537,2.5509206664032833,-16.511550780736503,0.10123397941415069,-1.0234641863799732,-0.051484398821751,1
0.17422859062214532,-1.1309481824437375,-0.20402109877461566,-28.74031018601314,0.32849196392104446,-15.25277293232068,0.09361711958024921,-1.0738700177549445,-0.03965434578840546,1
0.16568226460573005,-1.1661569521479642,-0.19883836526578716,-27.39012149291231,-1.8270843375224857,-14.255317874843948,0.08637280726926701,-1.1085674312381002,-0.0344868279888248,1
0.16434575775268195,-1.1823809163212056,-0.19465595466985877,-25.280441748847778,-3.763005958731667,-13.538435729386292,0.08103735413923147,-1.1225130488467527,-0.034737042164388165,1
0.1682483000392913,-1.176418163595813,-0.19421191151091774,-22.7073338495647,-5.417889930958373,-13.059785418700972,0.07946647087678288,-1.1142390434630103,-0.039679249393940325,1
0.1732193203195418,-1.1484819494837182,-0.2020416360585827,-20.171641075478487,-6.847936604210127,-12.755603884429824,0.08267882252024968,-1.0860811544104285,-0.04862587359095817,1
0.17734809247220773,-1.1041684663768558,-0.2176487210569732,-18.223292700240727,-8.201946566789701,-12.521234453732296,0.09038170895611924,-1.0443507265674892,-0.06086830054207635,1
0.18188425924441412,-1.05281929966988,-0.23550530576515508,-17.24727846597689,-9.619863175539153,-12.201940970973165,0.10120573609833863,-0.9978581154868553,-0.0759636425974402,1
0.18948055615949155,-1.003797248657917,-0.25216258720493506,-17.35453570059506,-11.131349331252453,-11.66454306150178,0.11351643681467581,-0.9544298879313752,-0.09358736425501607,1
0.20301869741818337,-0.9635697601017739,-0.26972898683443325,-18.428549173341718,-12.650763227448179,-10.909980151891894,0.12698506074439855,-0.9179827002396101,-0.11329985886762219,1
0.22452909701251494,-0.9343768959124457,-0.2915965273803109,-20.255044905657847,-14.066768187424335,-10.110837099778513,0.14337053919365067,-0.8891171213616168,-0.13504231388666696,1
0.25244098747513594,-0.91458263174779,-0.31859424402526876,-22.65367416024471,-15.347686599189851,-9.518834484797793,0.16414621709293586,-0.8681745063487535,-0.15971027828191298,1
0.2797779729657164,-0.9013093328901214,-0.3507636484443904,-25.562119404807323,-16.600299011778535,-9.329451745738792,0.18670488576026215,-0.856359686674643,-0.18868673269893113,1
0.2976383518058545,-0.8937696088409417,-0.38900961398263023,-29.04080030943856,-18.04834125160243,-9.630326312458825,0.20448922607813014,-0.8536309006261513,-0.2227087459961632,1
0.3020898168982964,-0.8935670470963302,-0.43188848348052944,-33.195597819153726,-19.91263700634797,-10.431509216591154,0.21211908860531167,-0.8572934737916198,-0.26076298509986023,1
0.2969894641906376,-0.9017834600364212,-0.472469688177231,-38.04997425433062,-22.24820270698347,-11.677010767878723,0.20983949375313476,-0.8641418208569518,-0.2990360266417509,1
0.28948735147692073,-0.9170149706181132,-0.5014838600338207,-43.42301932055336,-24.874868923502486,-13.216629991884513,0.20262672984483981,-0.8733835111565722,-0.3311707621384937,1
0.2837737556529164,-0.9362687436450323,-0.5146233548971331,-48.893242059498384,-27.481472735620063,-14.815224405985537,0.1958231583628301,-0.8862941168568033,-0.35171873994579345,1
0.2798955053245086,-0.9566400968769438,-0.5164593318998848,-53.91164588843925,-29.812671438033547,-16.227495145086465,0.19189627427732825,-0.9031859276208501,-0.3608706782438955,1
0.27711486192532503,-0.9762051767985122,-0.5168738116908888,-58.02496195917431,-31.762499455765845,-17.27786543598864,0.19035865491197845,-0.921842364732953,-0.3649136500849017,1
0.2759844260611405,-0.9942390470863675,-0.5231013002704378,-61.05442022241508,-33.308877552769076,-17.901368904612404,0.18966120289423283,-0.939364142810592,-0.3707072479007948,1
0.27665007718311263,-1.0108994727854264,-0.5346664048413899,-63.10197111700131,-34.40456659335018,-18.15643511066266,0.18868848209507033,-0.9548960431641739,-0.37993906004223355,1
0.2769655810250168,-1.0265725363834888,-0.5458819861081559,-64.41797913446652,-34.978110981095185,-18.204033531899157,0.18675827635808923,-0.9697411441750549,-0.38930933914510646,1
0.2741768174263113,-1.0409238981374729,-0.5526098316218407,-65.25885768170738,-35.04156360765203,-18.219155442167988,0.18322634218609019,-0.9844554858888703,-0.39557914899513746,1
0.26861059768597423,-1.0517429736298376,-0.5557226312024718,-65.80076306740423,-34.75168215464781,-18.26222291539551,0.17811358182809067,-0.9961933436717268,-0.39939296918954953,1
0.2644642360834287,-1.055342732470166,-0.5588995629277854,-66.09742798361246,-34.33140691840158,-18.221674587471192,0.1732704687377107,-1.0002137466188383,-0.4041829996541004,1
0.26599567014341513,-1.0499682665728651,-0.5646491130217085,-66.07862475837553,-33.93729184556384,-17.901639220984915,0.17205504051457715,-0.995004114952628,-0.4120550457074325,1
0.2734054364255967,-1.0390136584206635,-0.5717116619434935,-65.6095005413516,-33.6117333242683,-17.18606216799635,0.17685287505792224,-0.9848634298849082,-0.42112620572541465,1
0.28356195962990155,-1.0287075051492653,-0.5750463142152822,-64.59683659774066,-33.34441769367052,-16.12693136713151,0.1870788128112523,-0.9755628977548129,-0.42668969612140684,1
0.29448739653954087,-1.0212057296984982,-0.5699945539876142,-63.079070329606566,-33.15238269967887,-14.885017187309899,0.2004348655808528,-0.9677560706450534,-0.42487581239691696,1
0.30716058393204165,-1.0116657478374091,-0.5579713859874618,-61.244458842512245,-33.09758757010769,-13.611867158254809,0.21556557752348895,-0.9567106647892252,-0.4155504764416181,1
0.3217748358691509,-0.9946356867519291,-0.5456767114669122,-59.37163078343002,-33.254312250852315,-12.404448068927795,0.23183299924224884,-0.9390704691640358,-0.40189707981196365,1
0.33407112471278483,-0.9729001540917288,-0.5367583982346361,-57.719674417668166,-33.687615014841704,-11.33568159635863,0.2464650910967522,-0.9184724655577046,-0.3869349415156556,1
0.3381916763082883,-0.9573505057036136,-0.5268901243001728,-56.41353194746416,-34.455377589105076,-10.461566310668307,0.25422030170095306,-0.9036038941932416,-0.37042949728847924,1
0.33305061228052224,-0.9567725613007567,-0.5091746024547834,-55.38972192812999,-35.584018754108044,-9.780127852718245,0.25178136731009165,-0.9008838179292847,-0.3495242335201967,1
0.3232967482969757,-0.9688277835288964,-0.4815681937158914,-54.43710203024349,-36.99628941630813,-9.225915191039974,0.24165743933379194,-0.9090402218195085,-0.3220666311965166,1
0.31325986591269644,-0.9825117788366032,-0.44666153512069284,-53.28884983010108,-38.471247120713066,-8.736024735944374,0.22961931612587902,-0.9205270924507692,-0.2888215566619116,1
0.3021341303944601,-0.9886605416481049,-0.407668737060331,-51.70483533389851,-39.74578250362699,-8.304706645713415,0.21822002597720558,-0.9277606850509116,-0.25326597653001043,1
0.28647763051247555,-0.985797363269627,-0.3688624676270869,-49.545873016065265,-40.72671705936178,-7.959144900286936,0.20472975576750269,-0.927532358366314,-0.2201785757050567,1
0.26575543652080663,-0.9764974844704161,-0.33739080656523446,-46.84983570638352,-41.61417733534075,-7.710761352053594,0.18574516900669327,-0.9201976354015373,-0.1933548731035685,1
0.2432421789968196,-0.9623522061599558,-0.31854410044600456,-43.84847858805573,-42.78754998958748,-7.555751347431947,0.1619509803305279,-0.9069120395533973,-0.17314504918258014,1
0.22186990214848334,-0.9441803380449099,-0.308911825378547,-40.862775270013735,-44.553623249790014,-7.496246489242407,0.1374813900900907,-0.8890166191201828,-0.15664913037343173,1
0.201211532288857,-0.9238084852323385,-0.2991435422464888,-38.129335987366645,-46.98845289723255,-7.522163240563149,0.11559199461762018,-0.8687504998535014,-0.14105906490040868,1
0.17886305794783078,-0.9027194372843959,-0.2841987909873828,-35.68914169738932,-49.95895614530431,-7.577587524948333,0.09553140212337488,-0.8483371363759964,-0.1256654359165665,1
0.15291376008967772,-0.8799693361558656,-0.26667822695209736,-33.41200417291067,-53.220434988211,-7.568837340634408,0.07320029791380826,-0.8278856350131684,-0.10996934699489906,1
0.12244038112092419,-0.853412309297228,-0.2502221655349554,-31.12086375846951,-56.506609257007185,-7.402476779081167,0.04477651842832112,-0.8052253865737564,-0.09233467123892505,1
0.0877833285764217,-0.8230307327241514,-0.2352922450494587,-28.72757085496067,-59.63816955005955,-7.008791227688263,0.010188313034525213,-0.7786140784661937,-0.07306491760386902,1
0.051698585732764715,-0.791835378063304,-0.22296636244396437,-26.29484269526985,-62.634530222557984,-6.358499783589433,-0.026720065092317904,-0.749286385409182,-0.05735650055713053,1
0.018395770919883803,-0.7627463504067108,-0.21760443408960425,-23.970479484580665,-65.71717949543348,-5.491577946540714,-0.06134468917775834,-0.7201960553799747,-0.05180263223108906,1
-0.009931964827237306,-0.7350591179251534,-0.22202953752282062,-21.82474373013376,-69.1697691282974,-4.50433437042237,-0.09111790351163236,-0.6918394294882828,-0.05736150478776622,1
-0.034092263445185234,-0.7046958244138641,-0.2321602912717906,-19.739653643419825,-73.1703683474032,-3.437783477522528,-0.11511778416727472,-0.6606147521029336,-0.06778879787266186,1
-0.05479224555347069,-0.6678859559325729,-0.23952300498751042,-17.50451674834061,-77.70840844332912,-2.148446618293951,-0.13267461944630338,-0.6226298002611073,-0.07569580331622354,1
-0.07078037238914565,-0.6247242913889852,-0.23911915045251808,-15.066769598138713,-82.59944005784014,-0.32580375786519894,-0.14423274502937028,-0.5789177904925978,-0.07848874169482345,1
-0.08063178951697873,-0.5803186520284712,-0.23313199387800956,-12.65910790175052,-87.56466440068256,2.3164475678556826,-0.15221617248567756,-0.53624624205176,-0.07744695030455034,1
-0.08346200706761447,-0.5430456183066595,-0.22663740738097268,-10.598418075230315,-92.32263767387232,5.839482230605108,-0.15788691963454668,-0.5026979486499904,-0.07306913271731198,1
-0.07711289683650788,-0.5198102160224308,-0.22185784021679783,-8.925384798427213,-96.62720449418721,10.028596537390655,-0.1575525641283445,-0.482170242975362,-0.06437765499732115,1
-0.059555810064220796,-0.5106069506430035,-0.21830703507456994,-7.302302651098664,-100.25126921141704,14.496603909518926,-0.1454356340484979,-0.47242069065713665,-0.05303132039737717,1
-0.034185200028195716,-0.5082878116498596,-0.21680525322866417,-5.359225443248633,-103.00460474532187,18.85456967741171,-0.12169402226025201,-0.4679806164417124,-0.0452601181136026,1
-0.01002094983617654,-0.5059242131057049,-0.22039463437145396,-3.162731329090697,-104.82383395730623,22.86894965001391,-0.09505235948995738,-0.46512707439342377,-0.047427102167686495,1
0.0066938959931362035,-0.5038880341176104,-0.2309211757744039,-1.2761358407941925,-105.82520183551574,26.513506228090534,-0.07513967483833932,-0.46455335100940875,-0.06015406377778361,1
0.01950133552383463,-0.5072185639939099,-0.24649180893526756,-0.30031074709987005,-106.20653482700365,29.848823191586288,-0.06255834182205937,-0.46948867324263044,-0.07822783219399207,1
0.038719466461263015,-0.5165450078538569,-0.26377913021589133,-0.37590205443104996,-106.07085322579002,32.840049241368405,-0.04732225760219189,-0.4807619949169091,-0.09645238970504375,1
0.07315859461779409,-0.5251167441222342,-0.2828475409856482,-1.17075753478751,-105.36087351094936,35.34864770645522,-0.016864913247268964,-0.4936018981149001,-0.11515443416252025,1
0.125374495277522,-0.526570082568136,-0.3084322738085668,-2.3096752409461185,-103.97312937670654,37.30892203531803,0.03406036205607182,-0.5009980691070777,-0.14012871743622185,1
0.19206532996040343,-0.5238101794356846,-0.3454246127149214,-3.711697149287074,-101.92287739134007,38.79151565443282,0.09987809709904312,-0.5016199183703324,-0.17748798130046992,1
0.26660342345060883,-0.5271606267178849,-0.3936863577435914,-5.478212314014382,-99.38127711127544,39.810865274882964,0.16938398219716053,-0.5023294090281282,-0.22812954641480704,1
0.34144512451115994,-0.5427746695552094,-0.44792508816081195,-7.579037056709722,-96.54689505133356,40.175701882997906,0.23411335743365427,-0.5103553890306438,-0.2861610408037063,1
0.4090239833441726,-0.565359062421879,-0.501002089837522,-9.795298358688799,-93.51174435630807,39.667173531393836,0.29145350623266864,-0.5251995580205406,-0.3417777107896871,1
0.4617734125085406,-0.5850271482161914,-0.5457550670683563,-11.937525977346064,-90.29375498572404,38.32891719206097,0.3405081634780602,-0.5415898280069174,-0.38607483924971103,1
0.49448793414117087,-0.6000100202113864,-0.5760804915725012,-13.966671092516476,-86.94677297553338,36.479237546999535,0.3777015480814572,-0.558262297102694,-0.41512967457423755,1
0.50841996537123,-0.6193006081675685,-0.5904206520062499,-15.849100823872918,-83.48881321532993,34.469079176230615,0.39834675792490737,-0.5798835511350631,-0.43111807608192365,1
0.510016537761451,-0.6523877837302267,-0.5937591311561264,-17.368886136323688,-79.66786554431323,32.50221510646058,0.40082698544788914,-0.6111856628861778,-0.43873834597391315,1
0.5018358068474132,-0.6987465935340207,-0.5915017788289366,-18.148695216726694,-74.95621467807847,30.62425942731512,0.3862814941617459,-0.6518913519371818,-0.43844009339383067,1
0.47628017489878044,-0.7489749524377417,-0.5796178859181776,-17.857732941608557,-68.99751155910805,28.759807437156546,0.3545443142602985,-0.6970815208264249,-0.42266391802122305,1
0.4232449481837631,-0.7947589083984584,-0.5450240703013131,-16.37816263870436,-62.150286642585094,26.746309699701882,0.3039147774496767,-0.7408677624658205,-0.3808736388433059,1
0.3450262291820781,-0.8342517920204044,-0.47980534545961273,-13.789325472947372,-55.524530346812206,24.40617075987539,0.23687426202773043,-0.7790101540246062,-0.3104685512561153,1
0.2598006796618044,-0.867161354239365,-0.39289338045292366,-10.283260171853229,-50.34702874797121,21.649990022255526,0.16399693478815602,-0.8084833776094132,-0.22217067145862443,1
0.1877817001214263,-0.8892226804798692,-0.30335008982929035,-6.140407767755589,-47.17805927798976,18.543483612409936,0.09895878408140342,-0.8265139406642903,-0.13291898257775464,1
0.1350729821325558,-0.8955338171999572,-0.22351157566560026,-1.6682474005202819,-45.69623446750926,15.278018202257211,0.048236380538792555,-0.832084616901825,-0.05389988247689573,1
0.09162992399717766,-0.8871039490192253,-0.15340052228927215,2.9628032790176633,-45.206342821267114,12.05678806377191,0.005981949891518193,-0.827523641004153,0.01312991302788277,1
0.04346451280815086,-0.8685362526789171,-0.09034492060626584,7.7653400280775875,-45.29538317871148,9.001957218064847,-0.03965189446623911,-0.8150185668099166,0.06975364780298754,1
-0.012720236337256965,-0.837473411427241,-0.03746819937996606,12.703068618360067,-45.98989811349284,6.195193846075254,-0.09296871171885043,-0.7895714224600189,0.1152690804477686,1
-0.06411567710890993,-0.7810053549137904,-0.0018344005741821575,17.42451437713166,-47.394272163421256,3.8465811841608186,-0.14251277088335826,-0.7382209034373753,0.1467993548934896,1
-0.0912262229964991,-0.6885234883176715,0.009434275420711756,21.279466070159096,-49.34970326981032,2.4166122771806933,-0.16879579773831566,-0.6510533336557012,0.15983366538287305,1
-0.08675604728512952,-0.5678417957465671,-0.010022537106346189,23.62476053821066,-51.565584050900405,2.418810477124309,-0.16369608054163481,-0.5339847612810853,0.14714216888396156,1
-0.06587662082464844,-0.4410925308533786,-0.06201336769980683,24.26176103678667,-54.07759543925498,3.8623115887708686,-0.14179586245287323,-0.4060771717518069,0.10233209614348979,1
-0.053202439485770685,-0.3192286005458537,-0.1388476568590111,23.751231218854603,-57.338813253009704,5.910126809522496,-0.12839609486439366,-0.27965256498081936,0.027788877490654354,1
-0.05778397681242072,-0.18767183784473582,-0.22699872623058473,23.111086723470773,-61.45211501609497,7.5259967639726115,-0.13464390219492842,-0.14709202275556607,-0.06329416544903574,1
-0.06649733690839796,-0.0310462189545457,-0.3145650366687103,22.789555318408986,-65.2297956065864,8.775470829322648,-0.14861792663296464,0.0018266889370898536,-0.15341257917677578,1
-0.06710625581067671,0.12888768715884472,-0.39057551817822017,22.005878889145798,-66.59228790240178,11.09481826445353,-0.1553613160312766,0.14855128310867874,-0.22721196374131558,1
-0.07227306753116634,0.239838984723491,-0.44368542348906836,19.60104901453852,-64.49233575652107,15.643560124121056,-0.16224379171089667,0.24785343178870306,-0.2754907414164826,1
-0.10920543741663175,0.2731590055654593,-0.4715700664175659,15.460655212824111,-60.17961026279439,21.54263604512592,-0.19489069921178653,0.27301604753321057,-0.2999225896267607,1
-0.1843765893617191,0.2546775618888495,-0.4854057648475449,10.41547462516652,-55.90507476787123,26.49457086654476,-0.26470173104248257,0.24749468796947585,-0.3112010217505858,1
-0.2693574225685176,0.22856968703637423,-0.49396824710783865,4.835400127476525,-52.548831108119096,29.239832638964813,-0.34819799229475173,0.21710195575748925,-0.3154553250846743,1
-0.3247606830834107,0.20715094485759697,-0.4911333070529342,-1.5871844395410841,-49.29931194882297,30.713815788522552,-0.4039715174233457,0.2000849400257394,-0.30767793013555267,1
-0.3282871803707226,0.17494908818260269,-0.4733667269331878,-8.372077123541189,-45.599164761683376,32.62155852318741,-0.4044534125659305,0.18169215235053662,-0.2885102750672681,1
-0.278018242571766,0.1298216691034426,-0.4635204380477167,-13.73116902943334,-42.447037261212074,35.55429989756966,-0.34819492007001684,0.1512017355792207,-0.2821740573945095,1
-0.18381337041685358,0.09613656335537743,-0.5005788409995664,-16.318001309257287,-41.431121414303306,38.78491467619676,-0.251577039087272,0.12329796745980155,-0.32406371987944976,1
-0.06561841389005076,0.09672451764526085,-0.6027441691767391,-16.936590706478004,-43.11118031806821,41.32590882506061,-0.13863415228580248,0.11937707600663315,-0.42802744051074204,1
0.04836193068069835,0.12715611228761453,-0.7456143052544904,-17.89574889637599,-46.74043088460372,42.75518109224303,-0.034399152537865726,0.1416213290636789,-0.569926643215703,1
0.13380993901155858,0.16249351952768695,-0.8746081353314331,-20.957173490434542,-51.17116741408502,43.29752570283587,0.04346706730936567,0.17246723445544848,-0.7009173022796213,1
0.18236453012282053,0.18203334998554316,-0.9381429025954153,-26.25274831141902,-55.632611155834034,43.50106551537136,0.09141221720411656,0.19304226579222208,-0.7752314371911223,1
0.1993823903755832,0.18279639577024562,-0.9200772122156462,-32.8262530234041,-59.809082484500074,43.81342969771609,0.11575859180892668,0.19629375047144138,-0.7748934956817274,1
0.19142454721204322,0.17284425557238192,-0.8502538204747379,-39.660068533128054,-63.55381415192863,44.2461639645639,0.11947245662041292,0.18605412140096056,-0.7189136600993226,1
0.1586008362111406,0.15891079032934344,-0.7793787948135457,-46.130308210358976,-66.65497861231441,44.377417533436294,0.09532725786651071,0.17057211593238872,-0.6478328854028165,1
0.09870193724101385,0.14277031344922092,-0.73532035212525,-51.855638190390565,-68.81463454177265,43.76304148360357,0.03531162070179273,0.15721107988239255,-0.5914729999662462,1
0.016918689400410983,0.12340865298742329,-0.7044162331188135,-56.45712486040862,-69.85569585177336,42.40364006065382,-0.053840972382666684,0.14686266733237094,-0.5486496877303545,1
-0.0688451865070272,0.09686129596521713,-0.6576012273301066,-59.56784633370875,-69.98280759889897,40.792180565593895,-0.1470074125962308,0.13035225263748607,-0.49947637239735954,1
-0.13100490373891144,0.05862627276347737,-0.5888901734440972,-61.03344626661022,-69.71417859367637,39.495227669828786,-0.21186537121456953,0.09636663530864743,-0.4353956940575175,1
-0.1424221125893464,0.015098783415950445,-0.5210587390030166,-61.07543256144624,-69.36119391796268,38.72305106624369,-0.2231900174871533,0.049957712838392045,-0.37134976511556766,1
-0.09428361798147145,-0.011064088992235866,-0.4742441270657834,-60.21895786770862,-68.69650652308772,38.30695775815586,-0.17531947050953214,0.018380606723767564,-0.3247158690134913,1
-0.016579023112004293,-0.0028995208449773494,-0.43666335202513157,-58.86614783958359,-67.62537366761482,38.02160853990617,-0.0958073992452811,0.023959811148092137,-0.2863409953168261,1
0.024542239251240765,0.018599460056525272,-0.37636985142068097,-56.737131563425294,-67.35012883814204,37.92869123482279,-0.04615842259095505,0.04717986169098879,-0.22473980543265626,1
-0.024940647600646005,0.002037777031855197,-0.28594561620333664,-52.94037001544926,-70.1043682806558,38.579833342412996,-0.08394375561643226,0.0338503480498634,-0.12794223266511776,1
-0.1450513340087065,-0.08047652415258633,-0.20514619371295872,-47.165139112488944,-76.72749696609499,40.97397183664547,-0.20146703276295366,-0.047560392808827893,-0.03281817468028493,1
-0.24083052085179094,-0.20212005091998028,-0.18532210431696722,-40.98964881601665,-84.64184956166777,45.97291978776758,-0.30998163801026263,-0.17047118550472018,0.00345180723245292,1
-0.22484050600784325,-0.32056141597009347,-0.23430684562471765,-37.40735457784793,-89.47552760905238,53.205158742028196,-0.311177043904749,-0.2882325303400376,-0.0383662164044708,1
-0.10491084133001094,-0.4296432437788637,-0.3104475088387846,-38.30258910021971,-89.32865781632108,60.497656299342786,-0.19588371304299534,-0.3897887579530587,-0.12201741157479146,1
0.018239001744567235,-0.5471729838394552,-0.37272061026836045,-42.28228675894813,-86.6435138061177,65.04607155335907,-0.06241335893729429,-0.4939633555146292,-0.19828716811756444,1
0.04354476119709787,-0.6675444805416597,-0.4254110401756372,-45.536399800102764,-84.98543584239994,65.7673947242559,-0.027162201477938262,-0.6040189669145017,-0.256115685984618,1
-0.03998465629994394,-0.7600243865600324,-0.5072516631933097,-45.435832807332,-84.40390794583227,64.40420427137653,-0.11640369519885249,-0.6986194256989016,-0.32789580421853054,1
-0.14810065769765365,-0.8129429560510256,-0.6403055499291925,-43.42415511175595,-81.07262867590624,63.83267481089617,-0.24541173018662457,-0.7655334917535722,-0.44681085825243855,1
-0.17796945227699298,-0.8535961541819739,-0.7945940982672367,-44.01533331770448,-71.78528268831057,65.20025296530729,-0.297601744468319,-0.8201603803106082,-0.6008347737879978,1
-0.0907760710795308,-0.9172001550222442,-0.9061971414581602,-50.5401990863295,-58.06184135012272,67.05993789471205,-0.22066180901596832,-0.8848808181349312,-0.7318481873705989,1
0.07006629419455489,-1.0102279823615308,-0.9326279271899869,-61.745400286207314,-45.20326174112553,67.3479446134299,-0.05427883415666493,-0.9636755315040302,-0.784915265973613,1
0.2260675520817479,-1.1092808836666788,-0.8903836208823429,-72.54017083445639,-37.559004885297014,65.6984657455373,0.11715779126152925,-1.0423178460584799,-0.758939007137968,1
0.32021635797880116,-1.182741428400518,-0.8365085744622657,-77.97177358960673,-35.19357784835539,63.50139649341212,0.22690264148969383,-1.1018593755727222,-0.7052195801934654,1
0.33738858090861457,-1.2046872355084393,-0.8154034393964029,-76.56265809041224,-34.86187380325514,62.157644022640106,0.25278121910154133,-1.123374888177132,-0.6766942187815671,1
0.2919135396526283,-1.1605231128329951,-0.8275321644668376,-70.38997192424493,-33.40750714278518,61.90680945288651,0.20923242117559193,-1.0902561498342977,-0.6842564980871414,1
0.2084273734633476,-1.0582405452227661,-0.8451835260323524,-62.81126628422566,-30.126264537476448,62.2347012012605,0.12751354596286266,-1.002764175348815,-0.7022334930445872,1
0.10629432093878448,-0.9337440901866059,-0.8430367014522495,-56.44074706631737,-26.7129099879313,62.8286394633137,0.03399842468914969,-0.8897073350398347,-0.702065603770714,1
-0.015170959683179216,-0.8269793060130587,-0.8046671838238764,-52.464295464240365,-25.525020052781546,64.04379923262893,-0.07090127802346623,-0.7890141683065555,-0.6665028678711149,1
-0.17950682972649148,-0.7414549948901299,-0.7161462281171526,-50.40953178249981,-27.32032346623117,66.85477634881833,-0.21800501447466547,-0.7073022421395272,-0.5813159687649484,1
-0.4045321441927154,-0.6331479605413711,-0.5820270169578358,-48.09063652710327,-29.671992434486164,72.28135730369584,-0.4382492109681063,-0.6066534601589011,-0.4440089027207783,1
-0.6593086869124551,-0.4495068037718808,-0.4507746717982409,-43.20795436972417,-27.79965537392382,79.96334156069649,-0.7074064184205536,-0.4413887001840042,-0.29410603701445115,1
-0.8652016422667687,-0.1841130987496342,-0.39593516347964713,-36.78020335884312,-18.76894097759093,86.78827112221927,-0.9308888885494713,-0.20787922029907988,-0.21027734956227087,1
-0.9619244415964756,0.10135841366935379,-0.4522705108999187,-34.702414161224134,-6.21942445269673,88.13711820881676,-1.0191711810425996,0.04050914972469183,-0.2475012352884866,1
-0.9704711020996974,0.3043550321197483,-0.583612670359409,-43.870173331481276,0.48472166749857337,82.49163570775238,-0.9938578830626653,0.22003634234028485,-0.3818073721960338,1
-0.9814628257719434,0.3453736838259953,-0.725550023585746,-65.81371549844685,-5.18964234284549,74.93430163404796,-0.9927469459107583,0.26700364794364567,-0.5376495895572734,1
-1.084587441176605,0.23375264140050742,-0.8331216462687097,-95.03602506818552,-18.612410087422784,73.90276808154837,-1.1364000409037975,0.18968718377083302,-0.6541246969806298,1
-1.287782144822984,0.07581056056020966,-0.8645263366115433,-123.46706575097303,-27.284382259480612,82.89435548135566,-1.3753196741760636,0.076736873415941,-0.6931445404167053,1
-1.4570561654638277,-0.005771341833366923,-0.791441645499352,-144.1890292042165,-25.249632797220414,96.12226436991078,-1.48184440070807,0.026446666225291248,-0.6375014353686399,1
-1.3718459169332504,0.02358075069689573,-0.753537050942697,-151.27697119670583,-22.258069732610153,103.73091670224582,-1.268115186783972,0.05158666594327132,-0.6123940786024644,1
-1.0074236001424297,0.09196044058269849,-1.1399570676476438,-144.2209298735562,-33.151361179887324,101.8620021475896,-0.9201815295368678,0.07669776486233124,-0.9753829899142844,1
-0.8287254187163092,0.10100099176108782,-2.1865809844433257,-140.31293612149219,-55.378378372883944,97.86080237994875,-1.0651968101958418,0.04317678191671739,-1.9726308691185386,1
-1.5063955990394267,-0.014873282545903022,-3.3645046840432586,-173.80810900161154,-61.18533171159837,104.94007542196563,-2.202892297758397,-0.03596445426937878,-3.147966576376061,1
-2.980236426310191,-0.3240239422589391,-3.6272705103218588,-261.96863732582545,-20.213528061780153,128.99451938569516,-3.8684292837350283,-0.18517709153587678,-3.50493653886689,1
-4.040992027699576,-0.8837634164227718,-2.676620263608797,-368.9971137637179,66.13578130526848,158.71582200960952,-4.6717163309199945,-0.5373537405935385,-2.680523748560092,1
-3.472714337302238,-1.5178699041646337,-1.5878980683123185,-426.4307003014472,155.2855649286103,171.76448208826417,-3.643930115689959,-1.0806169359622477,-1.6273590054922304,1
-1.593533646939805,-1.6539571658760608,-1.6272542934673164,-402.63978705587346,191.27576514752025,155.741019804559,-1.4530081635923628,-1.3362778617478213,-1.583570641042408,1
-0.029005763133099244,-0.7304904531608469,-2.725988932473151,-337.1505519608429,144.84222655127874,122.5382050352812,0.17782918937031886,-0.6518295126792069,-2.578512258787379,1
0.08467870993559816,1.0353053066864093,-3.6849296563504375,-295.1027702180316,33.7722095927008,97.15606071580174,0.22790793467098597,0.9430763403867185,-3.504312472513187,1
-0.9058481347879926,2.5640517307082527,-3.7135264837995146,-302.2778438224323,-89.19963253427542,92.53479250533756,-0.8423748892468712,2.4563261946728385,-3.551683312691871,1
-1.9572437994263234,2.879349235693313,-3.204081127643318,-336.37539748439536,-171.72993289348452,100.9954692032059,-1.9528052848423134,2.8366136449719406,-3.0381688568207115,1
-2.481261590670858,1.9865554916432164,-2.9599590406434846,-367.1486643176344,-194.96215764336267,110.74218285767108,-2.5117763458442326,1.9859438814978794,-2.7510007026567265,1
-2.557115841862868,0.6233141384196893,-3.155084297869579,-386.3383339091107,-178.59616163855347,122.88100913596645,-2.5981216405234737,0.6407116054452126,-2.931588599523544,1
-2.4704402511681374,-0.5962708181213745,-3.3498114490915722,-402.0048893736844,-155.30269100881773,146.88358077092877,-2.5024068045487073,-0.5173902341213341,-3.2109396353527595,1
-2.371169091287584,-1.5783594305714244,-3.283355166835184,-419.9661391122476,-140.11881434704947,183.59095684410542,-2.3848621747853382,-1.3752721988863588,-3.3183779037566987,1
