ADXL345_Acc_X,ADXL345_Acc_Y,ADXL345_Acc_Z,ITG3200_Gyro_X,ITG3200_Gyro_Y,ITG3200_Gyro_Z,MMA8451Q_Acc_X,MMA8451Q_Acc_Y,MMA8451Q_Acc_Z,FallCheck
0.07031468898901008,-1.0117129956277449,-0.16797769536925108,0.36615557889130756,-6.042188798870792,0.18303361613810323,-0.004884047230114962,-0.9726569487249536,-0.007811657456535133,0
0.07321984408846545,-1.0153857155927337,-0.16455970125686753,0.18607230911204226,-5.935681791630201,0.14274857036497357,-0.004633066992275881,-0.9703748645589849,-0.004290430401199206,0
0.07617396977419792,-1.0175064448628788,-0.1629109768931283,0.032175061253837296,-5.81235785281579,0.1338319116580324,-0.004383886292255384,-0.9681710771885803,-0.0031396665474295454,0
0.07834294774988695,-1.017435477970894,-0.16377484595950345,-0.12548684980991817,-5.663877619399472,0.15565105720379924,-0.004230701406390561,-0.966291339153585,-0.0047395675228943,0
0.07877528440162976,-1.0156672233036081,-0.16632762034655396,-0.3510776024107495,-5.48272752166142,0.18234101600891867,-0.0042741639650563015,-0.965446441670528,-0.007405533789740953,0
0.07768867092186484,-1.013400282605969,-0.16913571253196513,-0.6639342548241358,-5.254299997078558,0.19361324328976443,-0.00444483876030397,-0.9667235067241889,-0.009117549189629379,0
0.07633062714142395,-1.011834134525004,-0.17168323331479715,-0.9950028007441996,-4.971354007878943,0.18917502242090808,-0.004404998049512252,-0.9705569350414676,-0.009203884845920076,0
0.07589664244797888,-1.0116757799681697,-0.174091869820708,-1.2360469236716125,-4.6550569742448324,0.17815807740458706,-0.0036906700771684986,-0.9755174742358647,-0.008538008092394167,0
0.0772501299656971,-1.013067614299524,-0.17565818413989828,-1.3384954193965017,-4.343758606508915,0.16562011628447995,-0.0020900634362587636,-0.978796093124324,-0.008395837472561955,0
0.08104348458549411,-1.0153737734176658,-0.17530262786806408,-1.3593752412623021,-4.051594545676626,0.148357246970055,5.9655043864239264e-05,-0.9786787249759182,-0.009182984347484806,0
0.08687001920857237,-1.0170030553351777,-0.17368042371645814,-1.4057402896749014,-3.7491388840248945,0.11512727638984187,0.0020726030471919688,-0.9762738766734496,-0.010312849195822225,0
0.09262334121819907,-1.0166284223558173,-0.17314544863869744,-1.541019899149015,-3.3946466750772766,0.0506430089498178,0.0036029817734816263,-0.9740684907804529,-0.011336186795305556,0
0.09597658634031149,-1.0150347911798763,-0.17462248461759877,-1.7490935922899946,-2.9738729582982044,-0.05373705244472941,0.005126345057768232,-0.9730533693876964,-0.012769394646763499,0
0.09667904790413959,-1.0145074307688415,-0.1758735064072015,-1.9725571604206926,-2.496229953528201,-0.19146923247188735,0.0075301946940509006,-0.9721874775262314,-0.015302926180853363,0
0.09689155298474711,-1.0158215653705018,-0.1747539457751104,-2.165286323307806,-1.9628554034918482,-0.34626483180023315,0.011258791927537298,-0.9706023559436006,-0.018399201132553503,0
0.09935360987650046,-1.0171380050935013,-0.17322286278566004,-2.3097786486066694,-1.3616467969007553,-0.5070531222425938,0.01610061245931895,-0.9691212767290535,-0.02039638002644987,0
0.10526228694844221,-1.0166061633704315,-0.17516022683011478,-2.405650933367052,-0.6965848824860265,-0.6772490522602035,0.02160847130855907,-0.9689370560767835,-0.02020700677193666,0
0.11321109568704535,-1.0147411199767784,-0.180283291447089,-2.4618257707395914,-0.004336461440303863,-0.8703038098032313,0.02721577527864083,-0.9695615077640373,-0.01839972483835266,0
0.11976427552102654,-1.0132527774694084,-0.1835080949097031,-2.50100850594506,0.6680199914295604,-1.093791890449556,0.03201966255311881,-0.9691971416410036,-0.016333493885914693,0
0.12172700581406949,-1.0127368948341129,-0.18132275467904546,-2.554954815476292,1.2955976299509893,-1.333197453307119,0.03497003849477021,-0.9671829086642307,-0.014723191383647437,0
0.11869555268590612,-1.0125859197587899,-0.17638128159288052,-2.643134275604476,1.8827361584932942,-1.5547277549945995,0.035486306939494956,-0.9651195956489087,-0.013550516387758381,0
0.11362526376767215,-1.0121230433214972,-0.1743443397508161,-2.761440130905675,2.4455952168650343,-1.732374206451022,0.03400469668454882,-0.9649266200421439,-0.013037452755925423,0
0.11070031431580395,-1.010920785398719,-0.17723645195722307,-2.897824107459106,2.9950683605961337,-1.8714837098685468,0.032037040057934715,-0.9663186357177062,-0.013810796281572885,0
0.11212415210485163,-1.008911586884123,-0.18120133861177073,-3.0529619725659285,3.5351424864305323,-2.000268578759338,0.031247795308992382,-0.9671650168369799,-0.01574521415940809,0
0.1165771628889829,-1.0067105536500218,-0.1810975546802386,-3.242754902131908,4.071166800166639,-2.1409112876937053,0.03193969265660196,-0.9662478418207922,-0.017347354901253036,0
0.12087993565473676,-1.0049511184575972,-0.1766787322229733,-3.4885117150658838,4.612998403840855,-2.2935401394395023,0.03274359834833591,-0.9645484712695673,-0.01713254694990316,0
0.122909255091936,-1.0032482148047643,-0.1729695384051827,-3.8062291131847172,5.1685253822960435,-2.4436751882578958,0.03224592165114682,-0.9634293180587814,-0.01549403475641241,0
0.12237495014043592,-1.0009845415652237,-0.17445793350878194,-4.194630553568473,5.740464520742736,-2.577648529044552,0.030536705031389246,-0.9626837861574055,-0.01462668831187471,0
0.11962582766124455,-0.9989746653825116,-0.18065184798650602,-4.625367688930755,6.335680240298564,-2.6904153414831944,0.028767688438368487,-0.9614044588257912,-0.016604662751415707,0
0.11547556186170141,-0.9987906658840441,-0.18781226182358632,-5.047136086104479,6.974685307752399,-2.785003028606472,0.027867094218224475,-0.960072418788716,-0.021834474195470164,0
0.1122665911579259,-1.0005474763195707,-0.1931556509423401,-5.410973211452697,7.685573301036231,-2.871198989328935,0.028400081537821035,-0.9603518255809329,-0.02918264782980586,0
0.11320709659927958,-1.0031928728656854,-0.19641905431086829,-5.708305865208187,8.487440233804573,-2.9623187158007114,0.03088065634154896,-0.9627504299974067,-0.037059012253887004,0
0.11913522120575981,-1.0068687587913931,-0.19868500748140888,-5.988661338585683,9.37889308631368,-3.0631776647261795,0.03488150927134047,-0.9657592626521745,-0.0442067545509892,0
0.12630186699699844,-1.0127626437557677,-0.2011481871095408,-6.322032247602722,10.33567397398508,-3.1591214152616027,0.03815372850252499,-0.967888823691924,-0.0497670111915661,0
0.1289408704840899,-1.0203203437218913,-0.2047711511772621,-6.727162388596219,11.315328125573423,-3.223702747378486,0.03808800860911038,-0.9695718655452521,-0.052931387189804946,0
0.12479992510803667,-1.0265679714778566,-0.2093708839279258,-7.142347797380374,12.273271616550744,-3.240698782708153,0.03433086973332192,-0.9721178339070277,-0.052836158978909656,0
0.11719873606911324,-1.0288168467610195,-0.21211031538824607,-7.475037497266505,13.184493886996442,-3.220800439251406,0.029085085085689678,-0.9753957091486785,-0.0491896261722853,0
0.1111975892506345,-1.0270035735294183,-0.20878434509407579,-7.671408890448951,14.047433367086294,-3.2000918384880737,0.02482023515682206,-0.9776426666755602,-0.04309469972097882,0
0.10912794268746069,-1.0232199896555392,-0.1990058124309158,-7.731011323804241,14.868648484218193,-3.2155275498207994,0.022586767530346087,-0.9774269416929376,-0.036854023126369755,0
0.11009478044266258,-1.019616757111745,-0.18914517914332798,-7.672130226688486,15.658932791834967,-3.267391635746051,0.02240260225636158,-0.9750068208457163,-0.03258942105158987,0
0.1116434108045094,-1.016812967571533,-0.1868809669375271,-7.511359680515741,16.440589966444396,-3.3069793817224125,0.023939441076138185,-0.9717675959147021,-0.03088324547684151,0
0.11131290586005109,-1.0140721990376869,-0.19227022057822732,-7.2823309964256655,17.226939898970368,-3.2803000795768207,0.02634107745688559,-0.96886467381398,-0.030551181165485785,0
0.10860905298979846,-1.010771761311025,-0.1971272451122323,-7.048802238457927,17.984716415841444,-3.1868135040314836,0.02812083273795144,-0.9665161128343737,-0.02965145451062071,0
0.10571623486481185,-1.007290365038069,-0.19454099522533788,-6.870786791648154,18.64487675602313,-3.0745273576098278,0.02778554816861183,-0.964296851885276,-0.027034423586477882,0
0.10451335730463283,-1.0044532473556778,-0.18630029440232782,-6.758450417318531,19.166076718872134,-2.9766830681492618,0.024693176972460103,-0.961839101101009,-0.023281665720546813,0
0.10360728865859041,-1.002570945554732,-0.179233305309194,-6.682194334153289,19.568385828024894,-2.8813899745609395,0.019557916049708843,-0.9592858912312484,-0.020104125209141514,0
0.10050916620206703,-1.0012800717294947,-0.17707889529951698,-6.632654815056318,19.891311858806056,-2.768290272923155,0.014076229351461559,-0.957345669233231,-0.018626170089973023,0
0.09574212959851121,-1.000369875330017,-0.17833108226936364,-6.644371835979626,20.13489402355597,-2.6422905431228965,0.00971125441767793,-0.9569510015574163,-0.018322310630931177,0
0.09234208792984196,-1.0006812902926665,-0.17984842487908986,-6.742478536618695,20.260991372091098,-2.513183291898849,0.006910779990416454,-0.9586354951630731,-0.017742277637746356,0
0.09195205503291783,-1.0038000259197053,-0.18013814643656373,-6.885713841183412,20.250526737776198,-2.3654403765114664,0.005517299356158127,-0.9621548606564138,-0.016132100175474156,0
0.09338354157842275,-1.0104626277052322,-0.17994760501284468,-6.989879752263555,20.146341519450566,-2.1754199653872712,0.005267215109971546,-0.9667118828200794,-0.014264380262090445,0
0.09444796100370513,-1.019189708131594,-0.1808994964909628,-7.0080455025657145,20.03193058978376,-1.9534639078328337,0.0056400796138765825,-0.9715521483648527,-0.013763385692798304,0
0.09369525058927813,-1.0267474971614559,-0.18343242014338512,-6.975070986225372,19.968639296078273,-1.745908995334429,0.0059105147480590405,-0.9764677622178359,-0.015449394772006686,0
0.09106473105478824,-1.0305418265607507,-0.18594838118346166,-6.971641210304934,19.9586428531492,-1.589224735730427,0.005683251533589316,-0.9816168705916914,-0.018206560061799503,0
0.08824816006902657,-1.031141678694027,-0.18629205620446912,-7.044286221470635,19.970635520702533,-1.47669258335218,0.005077182055536804,-0.9865955177186727,-0.0199388903280865,0
0.08770163015262983,-1.0322188323087056,-0.18428223001908103,-7.1534182810624785,19.991323473150356,-1.3778486228356817,0.004402410308559017,-0.9900315063431837,-0.019985063784412026,0
0.08983920428699588,-1.0367560835979532,-0.18234742047538266,-7.198942118722598,20.038631629837166,-1.2799258019756374,0.0038655767875835005,-0.9906413676975493,-0.019948603617084705,0
0.09183569307737459,-1.042821385781262,-0.1828091290431417,-7.1019888543228396,20.129092100739047,-1.201632558654056,0.0035018122141138,-0.9885753769052904,-0.021507126269117514,0
0.0907322949211454,-1.0448870074415177,-0.1848583412790831,-6.862144112100258,20.251339204905914,-1.170531334365401,0.0033568258399040317,-0.9855140194291462,-0.02405671147261105,0
0.0871964161708211,-1.0407121873208425,-0.18563583994391752,-6.541286167008129,20.376742550136026,-1.1907052552230333,0.003769325133859402,-0.9836360078290609,-0.025477686655658787,0
0.08464010341430082,-1.034968084150025,-0.18412720254603301,-6.208177114865477,20.48120718601739,-1.2313124210944275,0.005154340634038326,-0.9843399701487209,-0.02477853109036332,0
0.08501621341448445,-1.033976308894757,-0.18214772774359395,-5.898795988168596,20.549414194699324,-1.246857864212251,0.0071836199305500975,-0.9873826901610867,-0.022874652461430906,0
0.08692836292156839,-1.0382562882032194,-0.18149060746374784,-5.607481222424568,20.572167885717754,-1.2091871987950165,0.008473797005770684,-0.9911014593694748,-0.02093842740235989,0
0.08766132813222147,-1.042431599595812,-0.18198701099101458,-5.305168407737678,20.55443761476952,-1.1228133784631111,0.007661075068140624,-0.9937908418359571,-0.019154534160538625,0
0.08598226358726131,-1.0420081826947296,-0.18204784119287037,-4.980516275220901,20.521919646946916,-1.0203085654098631,0.004836980160159023,-0.9949476080044506,-0.017473929968186405,0
0.08283500280838002,-1.0382598614819871,-0.1793614529813248,-4.676364023207788,20.50630687775623,-0.9492161703987372,0.0015295385832494077,-0.9950054264362159,-0.016820123479454028,0
0.07973480575963154,-1.0357670865985522,-0.17265805976962775,-4.48075338941594,20.519607047754036,-0.9472805399542706,-0.0007793205052489783,-0.9941585789794629,-0.018550532066607263,0
0.07721137930126794,-1.0367026426864705,-0.16523574147855793,-4.4664921284500885,20.549411249163338,-1.0061001991758605,-0.001798791279685286,-0.9922307749897674,-0.022273624391038804,0
0.07566065550474442,-1.0393108972233858,-0.16377604669820048,-4.624289407895477,20.5867640073198,-1.0594120466592154,-0.0020880923913360605,-0.989782427114994,-0.02482634913750431,0
0.0769119355172312,-1.0413606719229664,-0.16954017283741074,-4.853390057214519,20.658283828631323,-1.0311522388831127,-0.0018388168440254074,-0.9884396628660831,-0.022626496094696906,0
0.08286331376995482,-1.0430088711523366,-0.17391151912044836,-5.033093655002701,20.81994059836374,-0.9095309694455266,-0.0002002552158846129,-0.9896940853732589,-0.015243694586725403,0
0.09257871352203444,-1.0460826624609532,-0.1682105158770834,-5.111326114447435,21.104897859968386,-0.76853666165553,0.003987891353484638,-0.9939132843223026,-0.005861972026338426,0
0.10275263241262667,-1.0519386902302736,-0.15565744306069262,-5.107547053017067,21.4768506573775,-0.7124911278944734,0.01086498344068271,-1.0006283952065897,0.0016918285891868693,0
0.11119497031338724,-1.0599127922607474,-0.14802349849591537,-5.024499727385208,21.85016784681665,-0.8022762614059507,0.019359580121253345,-1.0089281749851238,0.005441532229455781,0
0.11810593477437127,-1.0669912624638016,-0.1519975210149405,-4.798132105208433,22.160895553109643,-1.0284551967101738,0.028176824473080547,-1.0171350102395276,0.005057764672686835,0
0.12395003843656253,-1.069967890781116,-0.16385806377656276,-4.379011464306373,22.40235196382808,-1.336067080378096,0.03620171998906172,-1.0228773485458338,0.0007566853264609947,0
0.12799263217201076,-1.0687889977386753,-0.17622003491586496,-3.842694634826053,22.591915516847116,-1.6618716273246164,0.04205721428652699,-1.0243002018216831,-0.006579698723715635,0
0.12955783132678012,-1.0661627945576595,-0.18480242406838332,-3.357322505443216,22.737755357112803,-1.9548096363906262,0.04463781411185235,-1.0210775641631729,-0.014724820128473896,0
0.12957812938958677,-1.0628163501796433,-0.18845199017861067,-3.0322868748919567,22.8574709449825,-2.1821682379340737,0.04468768204977991,-1.01400865159422,-0.020839974899848367,0
0.13007215489233837,-1.0553460294327417,-0.1871610628696379,-2.853012767740781,23.000599125717812,-2.3345424908535928,0.04466543425376297,-1.004095190899615,-0.023457619139014344,0
0.132336881419681,-1.0410070700201266,-0.18233650876834895,-2.782552894238748,23.223352054633146,-2.429126413611204,0.046086053233499596,-0.9924560115110488,-0.023293049035639085,0
0.13608078971873985,-1.0231639669951265,-0.17729857721811548,-2.8605801749031965,23.551035370291068,-2.5010683743256426,0.048010620520513504,-0.9807673485740259,-0.021976473947185157,0
0.14026180880180528,-1.0090494307232216,-0.1756183406080329,-3.144302115341697,23.978322181148528,-2.5819591927154106,0.049317077167730386,-0.9710217712895193,-0.020630631671683452,0
0.14431199875328787,-1.0025536906642163,-0.17817330304052467,-3.5870136412104894,24.488135851436795,-2.680979124628674,0.05128273728862813,-0.9645402476519748,-0.01956178784054556,0
0.14817538251507753,-1.0019420720618315,-0.18133867378804924,-4.038371273813047,25.049641368294235,-2.785862070835353,0.055996566734137436,-0.9614188033775715,-0.018115886721811865,0
0.15137861400288163,-1.004104815896424,-0.17902899459031843,-4.359814253848759,25.608561422401714,-2.8800730393046017,0.06271848589377511,-0.9609760649757556,-0.014471248910757514,0
0.1529739890726223,-1.007687540923054,-0.16877072676541047,-4.502628539841832,26.10562143433924,-2.9546588784104277,0.06781138149719221,-0.9623492009757644,-0.006872362053229845,0
0.15287031307207546,-1.011784388643701,-0.15584927202708415,-4.488363946284583,26.514954950981767,-3.005008614998053,0.06864342532125751,-0.9645776259199554,0.003737921219621276,0
0.15236961649080213,-1.014457359410652,-0.14893283445866917,-4.363348939774132,26.8620273824917,-3.024921427538704,0.06645252761210411,-0.9667699412336189,0.012826319108414239,0
0.15280472472342463,-1.0138300931980169,-0.15079200127288872,-4.186345042857074,27.20785990447739,-3.0116468222620507,0.0649901833901726,-0.9686059366390345,0.01546195975907737,0
0.15443299033794333,-1.0100905698614429,-0.15559389810227836,-4.032672484859832,27.61771225346835,-2.9803481563778567,0.06685235402152179,-0.9701190102720771,0.010954402512443916,0
0.15681396353369687,-1.006111217689479,-0.15657445318104438,-3.9809216666991345,28.12583074176929,-2.9681690263093925,0.07128950459193299,-0.9706097541053783,0.0036577274271198112,0
0.1591769060265158,-1.005165116602683,-0.15448195248546343,-4.080754957027494,28.708116086319755,-3.0050371635041784,0.07526454137357438,-0.9685777231516679,-0.0013158488255456601,0
0.160630874989319,-1.006895457417548,-0.15650021560052008,-4.327351802120954,29.29721007422484,-3.067845320585204,0.07652829378487404,-0.963416719492767,-0.0028339044840543386,0
0.16162138962224154,-1.0065595125142854,-0.1674065913627367,-4.668108444233315,29.8499222513571,-3.078744978752454,0.07585421698575107,-0.9564508001669376,-0.00398549973886177,0
0.16496160339073862,-0.9998958468227561,-0.18338216592350773,-5.046330793885833,30.401973475487708,-2.971924658280209,0.07630176179002926,-0.9494300046140697,-0.0081046395011839,0
0.17326044017036538,-0.9880414961367725,-0.19487995289305485,-5.455706442334944,31.037067562269986,-2.7622540272006213,0.08027275274343032,-0.9425639167066345,-0.015076776405509995,0
0.18487205511863344,-0.9762173307550093,-0.1951828985472305,-5.954910203822457,31.796386706171802,-2.535201837319388,0.087516876932578,-0.9350106647547058,-0.021476825695245227,0
0.19416832834319078,-0.9682476745349599,-0.18652570371166183,-6.611919993892696,32.63055281105161,-2.371091743522302,0.09578898574248201,-0.9270627464897488,-0.023973474184210163,0
0.19657933775473965,-0.9639619131153533,-0.17839923232141788,-7.421047868250069,33.444746739847034,-2.28887787786843,0.10245340336337942,-0.9208526237023814,-0.022651577047105163,0
0.19249659929413437,-0.9615307286826774,-0.1794203222443339,-8.283456655557615,34.18250942742704,-2.2512901198277726,0.10529749669824884,-0.9183991742419935,-0.021383349412096915,0
0.18599555833466003,-0.9600293814980853,-0.1902664639848174,-9.087553970921634,34.86599912074053,-2.1941899716449873,0.10326815632648137,-0.9191732476599138,-0.024895182574567715,0
0.1806674938253109,-0.9587382130595381,-0.2046649570378002,-9.8152671499955,35.573760849724884,-2.0452169926274872,0.09753631448771508,-0.9201735936466882,-0.03501464643503017,0
0.17762434005549674,-0.9559901153018783,-0.21671851334044795,-10.559177609896597,36.39804402070673,-1.7480028218037675,0.09143504193120496,-0.9188006996345646,-0.049526357851230475,0
0.17737043500130073,-0.9512189805014912,-0.2256640129256324,-11.425703385807807,37.41699366473625,-1.3025933798777327,0.08874954042486406,-0.9153873429392422,-0.06422581483097589,0
0.1815548657027012,-0.9476472799905294,-0.23343264316602444,-12.428108169448105,38.67369131178961,-0.783647504200809,0.09173115364405972,-0.9126009657591357,-0.07529652924387867,0
0.19074545077577107,-0.9502190694199514,-0.2399661964168038,-13.476427351867756,40.147402951113534,-0.3006213078549441,0.09995140253229894,-0.9128829110920007,-0.08011803270957989,0
0.20156362166953262,-0.9599083755096597,-0.24259534433403301,-14.445751161898011,41.74302772516053,0.07528763895358054,0.11036976609568808,-0.9169513483933532,-0.07780035231510891,0
0.20910059869037637,-0.9719618395235696,-0.23910564290538452,-15.234087355364377,43.33427610708369,0.353332587923389,0.1189742688304103,-0.9240827780931152,-0.07023039151996134,0
0.21234309607684293,-0.981081142695158,-0.23039261602620248,-15.786339792696554,44.836492084747995,0.5987139637040892,0.12336588630432702,-0.9328497632791439,-0.06161244969470275,0
0.21440422190758376,-0.9867907599814019,-0.22028414142194375,-16.11781423675243,46.24339503923521,0.8720587160702397,0.12412054672628671,-0.9416864800844539,-0.05545089379166462,0
0.21692720475466012,-0.9919948608984326,-0.21248606961457306,-16.324964834498267,47.60327387944992,1.1949433563253369,0.12347939228868064,-0.9494122463711917,-0.05200776011014385,0
0.21739679071826973,-0.9976263791146602,-0.20770449726083315,-16.533390125846235,48.96689115848928,1.5612313904785429,0.12282487562389793,-0.9554059571646489,-0.04942785356999744,0
0.21345490901347774,-1.0014331901747555,-0.2050441850984324,-16.799559042414916,50.34585999320474,1.9565474778551628,0.12180568867059419,-0.9593783834651258,-0.04682592514046426,0
0.20735428670584083,-1.0022791334378984,-0.20538024704608454,-17.065103872191003,51.701526191539585,2.3569662048913838,0.11971122767865935,-0.9614877372912085,-0.045255811030105265,0
0.20385315937558127,-1.0032607123328634,-0.21020563738029394,-17.226193007079207,52.96810793716435,2.7281438739637007,0.1168608802435123,-0.9627752592998339,-0.045966980117393835,0
0.20451979519842298,-1.0085069528517296,-0.21758532583567564,-17.249437911984966,54.0947901157984,3.0455644984312875,0.11446780545888262,-0.9647507385779236,-0.04868757093999443,0
0.20609418004686242,-1.017527220555134,-0.22290472654855964,-17.206291161690086,55.07649993715011,3.3086161602596973,0.11382819886169242,-0.9681700453406852,-0.05173831029350203,0
0.20499520495012777,-1.0253097938242517,-0.22382481101401844,-17.192239214123553,55.948172602184734,3.5210942160114573,0.11559985804183534,-0.9726913617194455,-0.0534592997743609,0
0.2017956575667093,-1.0287175514274935,-0.2218731606847975,-17.22272657643632,56.743958337801054,3.6679456216172657,0.11888723167911576,-0.9778032756363149,-0.05352532308222808,0
0.19952209408726282,-1.0302909637884998,-0.21934976338425966,-17.203807832896597,57.4550411322973,3.7315682840331523,0.1209208514577427,-0.9833747439609416,-0.05302229478662637,0
0.19859192757776173,-1.0342269542244824,-0.21675402822759515,-16.98694901920108,58.02652855834706,3.729661951813947,0.11878631069118897,-0.989092537621647,-0.05319815326582965,0
0.19586270387661858,-1.040705963690454,-0.21326634158891722,-16.458945896181916,58.39863368042229,3.7173948642136274,0.11208911561997235,-0.9941491425014805,-0.05405407767922298,0
0.1887148948401013,-1.0464954027678306,-0.2087452051476109,-15.61585082584975,58.55216265716998,3.742546201123749,0.10326093313856455,-0.9981272052046793,-0.05418954929007359,0
0.1780394227237812,-1.0501941628048972,-0.2050376938970568,-14.573511413377993,58.51465534957963,3.807853852128267,0.09480956815359029,-1.0018341692650763,-0.052159207544256396,0
0.1664263014278963,-1.0540413967406548,-0.20451642075739318,-13.49536476255111,58.326780325058444,3.8897544048663653,0.08691019033115856,-1.006496992162909,-0.04806362915196163,0
0.15485891548363567,-1.0597142051856345,-0.20645633091278193,-12.493054390169975,58.00844914642275,3.988969303527382,0.07803602178020076,-1.0120462990639565,-0.043567471446483874,0
0.1426069367714992,-1.064840324745845,-0.20644776038804835,-11.587706291963562,57.555839519325374,4.140968841934125,0.06713998885852338,-1.016745226767087,-0.04002185371635628,0
0.12961893145442,-1.0660032933629056,-0.2013765017112783,-10.749395542637526,56.96085377333276,4.36899939304387,0.05459283202004443,-1.0187306090385309,-0.03693387391320761,0
0.11732896859648147,-1.0637807807390827,-0.19385213492786477,-9.953761283024217,56.228592413332855,4.650163613992673,0.041529376667429695,-1.017716204911863,-0.033064998727284634,0
0.10712464141471793,-1.061904165900246,-0.1896271198698413,-9.201075808677198,55.38767980230283,4.94947695111103,0.0290874004333161,-1.0151652219739444,-0.028786620975197998,0
0.09921907067828437,-1.0617101551586365,-0.1908561075432994,-8.498274027113814,54.495295687503415,5.272952489443491,0.018329384492824303,-1.0128393267831066,-0.026157230593133893,0
0.093271943305382,-1.0603886102709559,-0.1934359185183963,-7.83845989883147,53.62129474143451,5.656699554620359,0.010348658866789416,-1.0111004884798858,-0.026406677266721187,0
0.08949977785701949,-1.0558166035168195,-0.191934489532522,-7.207749579725031,52.80667770007778,6.101222075371829,0.005976099677224114,-1.008927238401479,-0.028396170089909585,0
0.08857249710828097,-1.050837833396024,-0.18657510257637877,-6.615238309881529,52.03524622260734,6.543976981096558,0.00527637885873251,-1.0059907672502166,-0.0302126864866577,0
0.09014606058858178,-1.0504207321943575,-0.18358081946411192,-6.107935048134365,51.257212047036255,6.914046101197152,0.007392856368645898,-1.004153318505605,-0.03161417272754594,0
0.0921986358472329,-1.0554018385700885,-0.18796920874646916,-5.74501374019068,50.44311839479662,7.202007055590827,0.01080141944987878,-1.0059853409997481,-0.03396375257997865,0
0.09297982199965334,-1.0617078153811932,-0.19736875999151515,-5.555510522498528,49.61342179865466,7.461476748380427,0.013643595702629865,-1.0120706117033464,-0.03776237110968637,0
0.09342770711892597,-1.066194082908301,-0.20403697836616788,-5.518973315221722,48.82625875137383,7.745097801853601,0.014435163153844488,-1.0205355115059611,-0.04100441154272937,0
0.09627856983498995,-1.070504243662102,-0.2024146595579897,-5.570170681637016,48.14712347431249,8.042857200025129,0.013517635660662245,-1.0288023353950184,-0.04040368025535782,0
0.10244683649593513,-1.0773489446082607,-0.19368566041673613,-5.606227695915844,47.620430697990564,8.273103048752532,0.013789706612521343,-1.0350440767956317,-0.03409848385227339,0
0.10956059870732628,-1.0850145491537824,-0.1829909010613352,-5.504061504790188,47.24869426569737,8.327086102674322,0.0186427785434697,-1.0384406963441621,-0.023204598936817755,0
0.11488828328633384,-1.0882965504464073,-0.17365061614755348,-5.170372061864052,46.98894421207394,8.13729884141304,0.02828685208444946,-1.0389905204771726,-0.011213103601982917,0
0.11860403553409492,-1.0844123834982686,-0.16564810700940855,-4.59703558381298,46.773026474186786,7.728303434138481,0.0386449506598406,-1.0370537359993424,-0.0020890092517168385,0
0.12264476696264227,-1.0758224794850293,-0.15936205836180214,-3.860740211307286,46.53988203440646,7.213635732958143,0.04459440190863951,-1.0326063864410708,0.0015127083828299329,0
0.12675378813079863,-1.0669295750113459,-0.15828810623256015,-3.062946794741844,46.265169561033616,6.735084602073772,0.04421004382105499,-1.025129118472582,-0.0009592337392730301,0
0.12767464538528198,-1.059580156731684,-0.16572409715594508,-2.2778739132299366,45.981397114709665,6.385864115371126,0.03967762314446554,-1.0146385191426077,-0.008067703553841149,0
0.12320205359031108,-1.052437584131558,-0.1790385908878481,-1.554513045559688,45.76720857418625,6.173056537675013,0.03465358585110448,-1.0025180632203219,-0.017092899918915317,0
0.1156778816567672,-1.0435888183845206,-0.19027213966536033,-0.9417611444704688,45.687131449814004,6.041467928344963,0.0313877946632933,-0.9907567536824086,-0.025373774266599564,0
0.10992619799784563,-1.0328009702508307,-0.19436351482998854,-0.48524373661640224,45.72569134263418,5.936758062356707,0.030032200713635892,-0.9805392131510835,-0.03168172478614918,0
0.10827811516209845,-1.0216447437964784,-0.19434942695002874,-0.19556622544826266,45.79438804637619,5.864791796731124,0.0295388362681509,-0.972112983258656,-0.0362025861071242,0
0.10920299332167276,-1.0121540875173907,-0.19600277319789441,-0.029979026619637365,45.81369777804166,5.905544075523847,0.028569026440288244,-0.9657413458568338,-0.0392019064161962,0
0.11050927548021502,-1.0055676013097605,-0.20003318377267834,0.08710061999767726,45.77936735159771,6.1650805983852885,0.026165784163459795,-0.9618406566670369,-0.04042808149579973,0
0.11164251566290348,-1.002071929239315,-0.202503329970098,0.22017573471171784,45.74049780819334,6.700863950377187,0.022551228915448494,-0.9599322313080898,-0.0400678835306007,0
0.11219859982075281,-1.0009976190310514,-0.2007807641946762,0.3850189287521222,45.719340957149626,7.488438717664636,0.019348375308196768,-0.9582332680730404,-0.03953432816792516,0
0.11067816729131416,-1.0006763455872392,-0.19685968439029333,0.5336655184812149,45.66767265131599,8.459309754320827,0.018321690189342637,-0.955040949388955,-0.04078388141116567,0
0.10675458831485152,-0.9988537725853768,-0.19624254830293858,0.5665328103030596,45.51105779995054,9.56198358452465,0.019622748150763005,-0.9505171377063191,-0.04514171165327247,0
0.10322051000364335,-0.9947774946293231,-0.20394802228784623,0.37355430725285466,45.226624238548496,10.77460029899807,0.021625513278523578,-0.946720497032117,-0.05293214626812589,0
0.1030841697422966,-0.9909301878630936,-0.21984924887302737,-0.10420829785639549,44.85863492585957,12.065128031904312,0.02239393302006068,-0.945828208928783,-0.0635755568641332,0
0.10496850205211618,-0.9911414693324971,-0.2379974534882763,-0.825727445335196,44.45653199596514,13.367204207960157,0.020705158422061283,-0.9485289074229322,-0.07536814467598021,0
0.10358483721955337,-0.9966372440552362,-0.2514198569799688,-1.6560543012064544,44.01523227006342,14.612872803014888,0.015946378079813976,-0.9539743484666657,-0.08560993608600985,0
0.09548271180165345,-1.0051319009621162,-0.2570145366508275,-2.430546133561789,43.482111033558105,15.777062468013735,0.008308483951588093,-0.9608716082626695,-0.09203267586488442,0
0.08306410422000032,-1.0135491605179046,-0.25670445836716826,-3.023423305647217,42.80984537139414,16.87183492223836,-0.0005757252486520413,-0.9685465284175062,-0.094469156090992,0
0.07207059349018795,-1.0203599434283124,-0.2562197599536293,-3.361723504284267,41.99888001148342,17.899618439500344,-0.008317655198573519,-0.9769853865592842,-0.09477888258158346,0
0.06582073559070171,-1.0260154589014985,-0.26123632752903536,-3.3889609625984614,41.10073565803212,18.82416943018389,-0.013832117148704205,-0.9857536634582836,-0.09501762622909522,0
0.06273029980196199,-1.0323532165270823,-0.2710301734605725,-3.0417576625623557,40.18660065420609,19.58663177096219,-0.018222616430549343,-0.9931604382329162,-0.09585757072216301,0
0.05914996475839082,-1.040408116480146,-0.27728453297071076,-2.2820495767369904,39.312067265006746,20.14292521218309,-0.023255944782241186,-0.9970664049025995,-0.09674368602665084,0
0.053535827689402536,-1.0477114976511932,-0.27288032062477574,-1.1521581657401283,38.516177562723655,20.487799805379176,-0.029414048735386476,-0.996648642923176,-0.09719344786263037,0
0.04701369998405201,-1.0493022947300246,-0.26065236362462096,0.2135065769334918,37.84732599281882,20.647668956207497,-0.03567689281882944,-0.9929509881312011,-0.09766240547564918,0
0.04047559912908745,-1.0424708890684333,-0.2505280347163708,1.6377652135675513,37.360501417853705,20.648768963724393,-0.04083173350325475,-0.9872559635461184,-0.0993405556466313,0
0.03297033146570108,-1.0290730014012288,-0.2493262668930552,2.961798970249877,37.07074873599406,20.493001134868617,-0.04500540555882229,-0.9791739945431002,-0.10322329687502044,0
0.023455960157671204,-1.0126790368586587,-0.2556589871700377,4.067872337009233,36.92561001977932,20.170175994503637,-0.05033551123006918,-0.9673665634941252,-0.108939687550004,0
0.012489921403969744,-0.9953775219200437,-0.2637980489288956,4.874629697086681,36.842523390880075,19.691662954656437,-0.0597242196465684,-0.9523494792692984,-0.11434911648852374,0
0.0013502690062223463,-0.9782760764597185,-0.2701317869719782,5.349629711596305,36.76597593836912,19.10469322251642,-0.07396655523641893,-0.9371427152047551,-0.11700727772998519,0
-0.00937590220572942,-0.9633537795008021,-0.2748300746386463,5.538784807014185,36.67557709346699,18.47723530086124,-0.09024844095190065,-0.9244892973248943,-0.1165120554782716,0
-0.019869885493287418,-0.9529440776057925,-0.2781934602809649,5.555919623811224,36.55019359267216,17.87617139743853,-0.10448967995217852,-0.9148602886034249,-0.1148417103637267,0
-0.030672150905957565,-0.9476627526254346,-0.27816504008632115,5.506563072316548,36.35091489598442,17.349273148693428,-0.11522963932254687,-0.907870510762164,-0.11372783724958288,0
-0.042267717710282086,-0.9462821557428807,-0.2731900616865606,5.418461565078807,36.0488948171174,16.906705127459546,-0.12440656967880422,-0.9040853176858189,-0.11214880389202558,0
-0.0542896960936228,-0.9479995670366472,-0.26539212410945023,5.270843900065546,35.655576536957334,16.51685012887415,-0.13440858759612212,-0.9045232177740458,-0.10733821054811524,0
-0.06523957034563034,-0.9539624917457068,-0.2581796001432661,5.087486075592298,35.21659467144723,16.13664111147397,-0.14530949508250623,-0.9097546603786661,-0.09799749887256282,0
-0.07353838356487417,-0.9663029296533296,-0.2516179526752204,4.952627300174165,34.79349982330705,15.751902693533935,-0.1550577503750976,-0.9205817104620835,-0.08546604867613225,0
-0.07857199665506605,-0.986224315410231,-0.24222392171688556,4.910417526814139,34.4720612235733,15.374312994245612,-0.16140423802856815,-0.9384519588766854,-0.07199110246464922,0
-0.0804873360906691,-1.0127838157529159,-0.22734757013209608,4.892451493736773,34.375213431904456,14.997796615018926,-0.16339747546924394,-0.9635948662831868,-0.05915683870773027,0
-0.07991800293654419,-1.0426420000052312,-0.20916004907251737,4.795118683478321,34.61892157674356,14.587474465196609,-0.16193942523692587,-0.9929690189264636,-0.04806301846746288,0
-0.07858178608732963,-1.071144920288633,-0.19403161377716005,4.6145136205348924,35.20910940790909,14.1353217324952,-0.15946657305145762,-1.021342926930973,-0.03970824478584244,0
-0.07902829291617532,-1.0945995964172146,-0.18739059289414953,4.462284858570573,35.97939862737345,13.710149110228693,-0.15862086323294816,-1.044692533423782,-0.034474805610384664,0
-0.08261799649607929,-1.111756208330499,-0.18918132410155672,4.452234366943865,36.668930259488135,13.423908435632095,-0.16074370073105027,-1.0619696400059955,-0.03184993482511816,0
-0.08834699019785797,-1.123035185142438,-0.19495525852481227,4.60672989297807,37.09778315100933,13.351671410049,-0.16553822733180404,-1.0737814221296593,-0.03132527939210627,0
-0.09428508842796263,-1.128987366074156,-0.2007101537623196,4.869230531459501,37.273992505744054,13.501070888098152,-0.17176448246943504,-1.0804781627083082,-0.03317660937236044,0
-0.09923308167551637,-1.130084451123148,-0.20514400967440843,5.157421568862997,37.3313086985723,13.842498669416276,-0.17773662486733696,-1.0821432235940367,-0.03763895626787397,0
-0.10254634307571792,-1.1275414045433592,-0.2078846056373859,5.375125714788307,37.383574439233946,14.330424137444908,-0.18148826200610602,-1.0798708513942636,-0.04362226142722324,0
-0.10371201425011767,-1.1233474043197285,-0.20838586396996328,5.408072884975079,37.45375358524431,14.891592539461266,-0.18160452258797488,-1.075934528389218,-0.04909402006756065,0
-0.1030418186128364,-1.1187634409658542,-0.20743925711483507,5.178076416902381,37.512345614983566,15.429321722255507,-0.1786107350361892,-1.0720640343268486,-0.05275333671913542,0
-0.10202445089140055,-1.112964597122685,-0.20739838041205863,4.742198940842011,37.52619974973019,15.867975451338468,-0.1750603122371928,-1.0678555883867196,-0.05478805559770633,0
-0.10199316039853876,-1.1043343461491304,-0.20953127243072514,4.3200099021331,37.45208832575037,16.195544448150358,-0.1734154041912758,-1.061606660907688,-0.055976237526643394,0
-0.10241538759473487,-1.0936146774210647,-0.21268030393551354,4.175506720590495,37.22986009873203,16.465954536981496,-0.1738772015797059,-1.0528398197135596,-0.056517730616705904,0
-0.10128543391943165,-1.0842294582853942,-0.21522153074772482,4.441210776930517,36.836250575185346,16.765672763593674,-0.1748140484694097,-1.0432074638827034,-0.05593298892159681,0
-0.09766453579934839,-1.0778921663126555,-0.2165680566805795,5.045130284984868,36.343377730145455,17.16001025859128,-0.17499986943119578,-1.0343732027652848,-0.05381203704203849,0
-0.09316571341120834,-1.0711182432005708,-0.21612035176872596,5.790003107777306,35.884426692421584,17.64263131406118,-0.1745851215484602,-1.0257858519187983,-0.050390817999040105,0
-0.09028682107316133,-1.0587529209327977,-0.212797591452217,6.484166209942262,35.54679039899683,18.135034459461576,-0.17407945329498198,-1.0156071328283685,-0.04645568311926258,0
-0.08988598794546901,-1.041113179247072,-0.20672728250316405,7.006394031139756,35.31351930403581,18.55375105521558,-0.17348746164957837,-1.0035695098793576,-0.04276081817418351,0
-0.09087031077190195,-1.0251840829629995,-0.19976521236686437,7.29035072411663,35.10756790381945,18.88019286617846,-0.17257461225967471,-0.9917578073039477,-0.03944082585216298,0
-0.0913300530130731,-1.0174897516317714,-0.1934459385471563,7.306395472461087,34.87083068156378,19.148424281814737,-0.171025802316821,-0.9822047359304376,-0.03606326271373641,0
-0.08910908836161596,-1.0170827674097758,-0.18808911315942328,7.105043393396551,34.59948728161229,19.36588392184337,-0.16817450837657782,-0.9745483583720177,-0.03256900771606408,0
-0.08285247977624385,-1.0166289009851601,-0.18468281266215045,6.874497914044986,34.32947357290698,19.47758159125165,-0.16348398168866407,-0.9667292677551467,-0.03018279611302272,0
-0.0740663941648591,-1.0095237751089092,-0.18568938941036908,6.8810929444884295,34.10109030547835,19.428737996946484,-0.15759268497012782,-0.9574243534468465,-0.03093339841253232,0
-0.0666278651093601,-0.9951984493747714,-0.19267496796713443,7.261365967286858,33.923942684375845,19.240230712070996,-0.15212134203246885,-0.9469531875646906,-0.03585777289069825,0
-0.0626466123429244,-0.9784344764672906,-0.20410684910960386,7.853206940661772,33.766494909965125,18.991442127028417,-0.14805490526239584,-0.9361576569423375,-0.04360181053563118,0
-0.06023060530925783,-0.9645078837164508,-0.21575203370148455,8.286662869263099,33.58998651533845,18.73147074644388,-0.14492026947102885,-0.9253549642341865,-0.050740893456604715,0
-0.05654202360189322,-0.9546900122251263,-0.2222608736594654,8.286517569442443,33.40179167400537,18.421095672286295,-0.14188270549283127,-0.9144177860403736,-0.05350695191953081,0
-0.05153131074468727,-0.9460364257476116,-0.21963677982123733,7.886516675830464,33.269490799818755,17.955256792757577,-0.13892273721715154,-0.9032795938873214,-0.04993590059892288,0
-0.047533803764265165,-0.9355177588747806,-0.2089931089118788,7.34627140679501,33.275343231807184,17.24031038210136,-0.13641419357876305,-0.8923388632128074,-0.0414146781095519,0
-0.04625945095103745,-0.9239208984410364,-0.1973730457629151,6.882260180303103,33.462654602054435,16.274475592437394,-0.13414186344860424,-0.882706102838323,-0.03207516158178142,0
-0.04700709424205442,-0.9152755538514605,-0.19166025638172793,6.502086903717311,33.835787590112105,15.17370592468367,-0.13139359976048573,-0.8759155366499572,-0.025507110359915704,0
-0.047344569882356045,-0.9127189479945431,-0.19118348038321417,6.088472886630687,34.40252986379362,14.11092700128498,-0.12780582804563695,-0.8729826239197916,-0.021663936453505336,0
-0.04510802730262501,-0.9155001467284076,-0.18875146779920912,5.592840992893023,35.18222795614969,13.210148982259739,-0.12354542420254871,-0.873667242332003,-0.017681829370417824,0
-0.03971965164844904,-0.9203495001188617,-0.17971187809037822,5.096160446212052,36.14552536342921,12.481286577824417,-0.11852858823298118,-0.8768343203414772,-0.012006927470883865,0
-0.031785917614874606,-0.9251324168917117,-0.16809519338137216,4.684996185533758,37.16197725549069,11.84100180712385,-0.11197170169820778,-0.8815502703142448,-0.007137350684556267,0
-0.022184800797257223,-0.9301107569847703,-0.16292393816571288,4.322826756009921,38.047945498275666,11.194120494027306,-0.10335799151820116,-0.887670626882019,-0.007642742136145888,0
-0.011948025702269067,-0.9363982109514438,-0.1698442886733134,3.886853582084503,38.68264164060635,10.512125962932423,-0.09387756701706217,-0.8953175061906082,-0.015373938895110854,0
-0.002504230280139944,-0.9448342258650142,-0.18683102565132204,3.3280786260084265,39.070186750437486,9.852054523926327,-0.08635492006819234,-0.9039634321535852,-0.027204843382266024,0
0.004180664673403212,-0.9554237708286004,-0.20613082714946943,2.7655136737328134,39.300117271523646,9.30611126988717,-0.08332873850334965,-0.9123286431666098,-0.03781683424780013,0
0.005910856502050368,-0.9660519658863872,-0.21930707024100207,2.3979174892221304,39.47493469676098,8.926540899434281,-0.08513932856954344,-0.9193725066705157,-0.043910330623000544,0
0.002026317813176955,-0.9730880520145844,-0.22209285237930573,2.314338741417299,39.674002619502325,8.68421456218502,-0.08983042654457452,-0.9251132236136251,-0.045260822478887554,0
-0.004726530123698071,-0.9752461793825308,-0.21627431482659124,2.39915909623509,39.95239544209811,8.49219067286428,-0.09478919571828338,-0.9300313753104658,-0.04318443031899068,0
-0.009949340724883519,-0.975521300036473,-0.20723702331604066,2.433328238526116,40.34582995390922,8.279241939965976,-0.09865680879699604,-0.9339952517378286,-0.039524356492682024,0
-0.012276243932448756,-0.9775625871510961,-0.19959219360291794,2.280791793844978,40.870482099235325,8.048051604530173,-0.10205879379238839,-0.9365610458380907,-0.03628190394296955,0
-0.014781283241645718,-0.981560585709388,-0.1950503479646329,1.9611406281009307,41.52076992332772,7.853145961867823,-0.10650549815052353,-0.9382083451546834,-0.034545899204292456,0
-0.02067632455775691,-0.9854517278603495,-0.19361865126556774,1.5587090743009695,42.27370863082766,7.720369901437143,-0.11225760690958997,-0.9404087298952925,-0.033806382551500834,0
-0.029033233847413797,-0.9887186653140823,-0.19523890070317795,1.1120402074333617,43.101657524183096,7.602864079049428,-0.1174816864966995,-0.9442259363738543,-0.03315033494021171,0
-0.03606802435641299,-0.992684262290079,-0.19932807563530444,0.6184448342423496,43.97325490188776,7.417401194954081,-0.12015839372038566,-0.9492892304434819,-0.03283588089556294,0
-0.039669737684592865,-0.9976167034445728,-0.20405998724783225,0.11441339707924301,44.8317437636037,7.1047503224921895,-0.12067255572002537,-0.9542992708733167,-0.03398138498426348,0
-0.041060415217678274,-1.0017981986022857,-0.20805794991559717,-0.3005256527536306,45.58992799978625,6.650160039125149,-0.12159769740128737,-0.9582247327844365,-0.03704234379652278,0
-0.04213277968193834,-1.0038887867546253,-0.2117357495630886,-0.5330872378062533,46.181237067449345,6.070501363886645,-0.12472560692511103,-0.9608660168598917,-0.04119748203140404,0
-0.04293032416746751,-1.0046797525243036,-0.2149912717120686,-0.5629100499135458,46.62700545156605,5.407193083130968,-0.12912584839924968,-0.9625533917741728,-0.04485296802327659,0
-0.042901619412082606,-1.0056314820882728,-0.2154887481761283,-0.4303623534451327,47.036337162327555,4.727097196707207,-0.13258840499023833,-0.9635846848186187,-0.04628118941844331,0
-0.04334466531197034,-1.0066497258767193,-0.21175550166881624,-0.19420806375309907,47.522282866670984,4.103152800054719,-0.13434383819961768,-0.9640044177166529,-0.04435895801253666,0
-0.04635850984935702,-1.0066777622190934,-0.20590075137057878,0.0666285093933287,48.111207622042286,3.575611818688326,-0.1354956572823862,-0.9639319496002161,-0.03949878488820837,0
-0.05139492119192163,-1.0063041927904244,-0.20088224855142606,0.23620555998743362,48.72912447738602,3.1322383040718,-0.1367734915046147,-0.9639635468009764,-0.033835910694885826,0
-0.054900689933666376,-1.0082015356070657,-0.197180368687732,0.20338126981027116,49.270183756817126,2.7284289872731096,-0.13687674642637998,-0.9650188750809011,-0.029958450987050904,0
-0.054118278896543574,-1.0141791601779382,-0.1940206765484141,-0.05677815775584619,49.67545193698505,2.3236925059318536,-0.13403690735941123,-0.9678659973775495,-0.029033309679280462,0
-0.049953524759237165,-1.0227953412038653,-0.19171283506059433,-0.45855793962655705,49.95357091337863,1.8994658778936542,-0.12888412643363478,-0.972785429932745,-0.03005535572995133,0
-0.045328011846144024,-1.0308947237113857,-0.19109973023291021,-0.8706756467277491,50.14984322244734,1.4492834387317084,-0.12446548250149933,-0.9791302181595609,-0.030919466011834477,0
-0.04177223213871987,-1.0367861108137653,-0.19209064992258923,-1.1939332767694606,50.317135101905706,0.9621517873330434,-0.12305918568664374,-0.9850325816285931,-0.030065634700950073,0
-0.038883355557051025,-1.0405886198010716,-0.1933878028147379,-1.3799102795494171,50.50776405163322,0.42538601605838516,-0.1238794661451645,-0.9883706194499817,-0.027052857278995753,0
-0.03645784744629454,-1.041937208470583,-0.19239087684121542,-1.41282953224283,50.763454027877025,-0.15344568730211522,-0.12431327674514235,-0.9886208477683245,-0.022073340415395677,0
-0.03512254441816491,-1.0395479579110587,-0.18592553653897972,-1.3014230640934275,51.09466409797877,-0.7370774067881632,-0.12260103244191187,-0.9873462176352659,-0.015498937050199127,0
-0.03437265639955688,-1.0338685505733591,-0.17348693313465752,-1.0709531176475606,51.47227555414683,-1.2842168553813014,-0.11882235438308268,-0.9864811390761636,-0.007823770359841272,0
-0.03187475227925899,-1.0280588513926858,-0.15970440143615539,-0.7394636266586512,51.85081085685376,-1.7857472260411873,-0.1140678436749025,-0.9863902094018664,0.00021881847604495277,0
-0.026170507207945823,-1.0244743696171574,-0.15116712287823234,-0.3135382038119078,52.20661611126558,-2.2641916320450743,-0.1094730673372362,-0.9856703574766912,0.0073884254450247095,0
-0.019247341581211115,-1.021585700626253,-0.1502275223050076,0.1740683927276751,52.55083402742834,-2.731192761930635,-0.10569703168814441,-0.9824502824383587,0.011991381351203317,0
-0.014865193695960238,-1.0165235861445565,-0.15336646520282998,0.6335656463098055,52.903540268930826,-3.1555561389369386,-0.10269137323685272,-0.9758988499231872,0.012954824657898887,0
-0.014125585430679684,-1.0096406276405998,-0.15587777527056426,0.9463284917969095,53.26257281453323,-3.486521143228422,-0.10009974222050362,-0.9670902194184104,0.011024423549896804,0
-0.014133311927203606,-1.0041358490507761,-0.15663845816103583,1.0323052614304222,53.602883398144805,-3.7073923654419154,-0.09812565633210879,-0.9586644134800224,0.008270738407755277,0
-0.012151830275460133,-1.0016235559794082,-0.15735561749976412,0.8966620335293941,53.90354175402803,-3.8559628039340708,-0.09763825142928044,-0.9531643115470386,0.006309030401180754,0
-0.00971661513095454,-1.0004660475908502,-0.15846859150376535,0.6214359339082987,54.1717447922801,-3.9899567183384144,-0.09905837630098469,-0.9512272903127867,0.005565915829267868,0
-0.010484389506010518,-0.9987637446763638,-0.15818258254492257,0.30930542298409314,54.43499226042916,-4.141448217063794,-0.10147540469178658,-0.9514202574734322,0.006057461376190442,0
-0.01482509358543341,-0.9970524183826566,-0.15568526152913656,0.0190563162928478,54.70174507096663,-4.3123979173224996,-0.10341078799041899,-0.9519106401548593,0.00784602265267876,0
-0.019387821995069776,-0.9970087645484256,-0.1526674938696246,-0.2532070420851361,54.92876662018365,-4.504628416175495,-0.1044337085052096,-0.9519221387950519,0.010560374949553237,0
-0.02218980298840022,-0.9985612320506928,-0.15038966354270472,-0.5267292713873452,55.034283584819825,-4.728549959738474,-0.10570684096388333,-0.9512692675383199,0.013338389038116604,0
-0.02549229891603609,-0.999802113827961,-0.14741336722843698,-0.7719378086348123,54.95078152553282,-4.968724714013343,-0.1089913563444801,-0.9494001150814512,0.015690859605415865,0
-0.032755621120479174,-0.999698418865664,-0.1419848784294576,-0.9035174963334975,54.67220106639707,-5.159295304794421,-0.1152779679218617,-0.9464216975329826,0.01800414525771449,0
-0.04433599227864333,-0.999403378224408,-0.13533492726655655,-0.8409066095752601,54.257873530957355,-5.223916235788978,-0.12407226356705707,-0.9447141049843092,0.020696915928475428,0
-0.056770733611415845,-1.0002066905856073,-0.13098684556744117,-0.5694185258397366,53.79496849181827,-5.147965778361438,-0.13347135320573097,-0.9472692245158789,0.0229427861322692,0
-0.06553048763141564,-1.0012628546894493,-0.1313082895960885,-0.1449184453644959,53.35623121814239,-4.996935895556722,-0.14093085537751,-0.9535655226945804,0.02292201552605597,0
-0.0686005710731608,-1.0004788497562689,-0.13560263975477133,0.3400339399851514,52.98970809953674,-4.854896742725715,-0.14464562910109838,-0.9587378496098012,0.01996011823002428,0
-0.06803487526351953,-0.9973417125201435,-0.1409207891686034,0.778961743646235,52.73333751234792,-4.7530169148287875,-0.14488108050678303,-0.958129862128409,0.016048742168565246,0
-0.06770108038236063,-0.9938201519623596,-0.14418175186688054,1.0582120555843606,52.60995494804895,-4.6676116385428745,-0.1439499462011646,-0.9520089078746997,0.014343409593661396,0
-0.06906173188565344,-0.9922583085599993,-0.1442489914796882,1.0839097102611706,52.59295954184384,-4.581893084870513,-0.14424214042980654,-0.9451509989003005,0.01607211004301425,0
-0.06991371018029265,-0.9931658584633523,-0.14217937677160325,0.8382126755757533,52.59659791551421,-4.531828712363725,-0.14587788715696148,-0.942541876660267,0.019617452723191195,0
-0.06792962995885332,-0.9954160818892012,-0.13930628563743777,0.4156691607344854,52.52662806269155,-4.581230782563922,-0.14672882621046227,-0.9459306941570865,0.022755237810509973,0
-0.06423482064114748,-0.9979275803583153,-0.1362447508921244,-0.015502567519473973,52.34289863435314,-4.756977978486444,-0.1451609993329356,-0.9533821547548061,0.025074489682485362,0
-0.06203260364237777,-1.0006851400070265,-0.13392717132031814,-0.312157860617572,52.06701103210021,-5.015981370301187,-0.14219736511792744,-0.961129455380041,0.027762273268053854,0
-0.06244664846158754,-1.0044980206888228,-0.13331060713459578,-0.43006048528442037,51.74269360345722,-5.274655758241811,-0.14040457892838976,-0.9665715149631258,0.0313960868353118,0
-0.0632975561036064,-1.0100922026285015,-0.13360915065594148,-0.4113836906990607,51.4082463682867,-5.468597460518458,-0.14120388247135746,-0.9702900544098108,0.03463629850279031,0
-0.06190946782518297,-1.0171776090004085,-0.13333556165873037,-0.3178651312206008,51.103227735524726,-5.589779504223342,-0.1438457592000852,-0.9747157952788759,0.035405325407203835,0
-0.05821344550421577,-1.0241556172056245,-0.13331416660764678,-0.18467218658524548,50.873590379403225,-5.6773911336809935,-0.1464189986829417,-0.980731938079547,0.03304515146578554,0
-0.054935476975307186,-1.0290833015388614,-0.13591467177059954,-0.02100309742146829,50.74531319323253,-5.780126020302734,-0.14724861233941697,-0.9864524032660924,0.028917481805965775,0
-0.05484837613534783,-1.0313512836825356,-0.14093569005823411,0.1694038498446925,50.69354600608789,-5.927229421847718,-0.14581507352744827,-0.9894144669373712,0.025026865644580704,0
-0.05768193900176562,-1.03207574315952,-0.1450218236811026,0.37111638130900076,50.656041344594506,-6.12945288229981,-0.14298247465464126,-0.9890968558065836,0.022347494350959805,0
-0.05978527346145993,-1.0322748755328368,-0.1464345160293573,0.550104680031583,50.58643315419702,-6.3941874846468965,-0.14024968596115875,-0.9870874428769697,0.020352227827136093,0
-0.057142903713590036,-1.0312689995733473,-0.14817376228975546,0.6624559060339192,50.486631148170275,-6.724405782367064,-0.13843679707373305,-0.9854031985060914,0.017969235314016122,0
-0.049080206477384966,-1.0283093522888413,-0.15355284493662902,0.6717922294315716,50.38192246610211,-7.100670572879584,-0.1369972620519149,-0.9849156243797891,0.015068271050425823,0
-0.03936028753195665,-1.0256039792336662,-0.1594488376782027,0.5596852216008018,50.276700624437396,-7.478049768348588,-0.1347460310980524,-0.9851157885590675,0.012964534219548147,0
-0.03348702575765989,-1.027188710327126,-0.15827368147763368,0.33171544160382,50.15104547218744,-7.814452988396164,-0.13155468643066515,-0.9852122795931042,0.013339901369967365,0
-0.03434630137670398,-1.033480422452913,-0.14822841010520538,0.028175792813204287,49.998815732343324,-8.100855696785457,-0.12920499026098717,-0.985403466290781,0.016817154803763106,0
-0.04031920701537591,-1.0394606497217227,-0.13696331659944766,-0.27493638084565875,49.84816948312433,-8.355039862940382,-0.12971104394118074,-0.9867366262109872,0.022534997369281017,0
-0.04735680199450219,-1.0404780807423095,-0.13179114714162346,-0.4915365985926357,49.726848016069624,-8.589763777707518,-0.1326059012467852,-0.9895733034270938,0.02868271943730192,0
-0.0521870735967404,-1.037854070117408,-0.13086030354271866,-0.5617522024805944,49.610470559881456,-8.801743729318735,-0.13516661222173512,-0.9928664735178546,0.03353489510600057,0
-0.054116590708099925,-1.036482093749375,-0.12829027438869595,-0.4655455940129998,49.423901057425205,-8.988820019493316,-0.13588059630793933,-0.9954097121604124,0.0365451534495722,0
-0.055289203293565174,-1.0384765010463157,-0.12339099997315708,-0.20408258129017978,49.10723960978503,-9.153818809907868,-0.13635427870065248,-0.9970478332402023,0.038533459107035414,0
-0.05899185174293839,-1.0415041638610962,-0.11937743347443296,0.22499162870945533,48.677237481635714,-9.284553425368397,-0.13913685109580198,-0.9980446124750866,0.04067417395148879,0
-0.06622846840615872,-1.0426259653765377,-0.11664354950260758,0.8229152853619609,48.21602049823662,-9.355156211417496,-0.14479340418359915,-0.9980716716626569,0.04348431221028152,0
-0.07416603013614514,-1.0415020405843165,-0.11307098912550648,1.5540579698290529,47.803756808897795,-9.366569124368393,-0.15158498072624413,-0.9966772259032843,0.04672745162942296,0
-0.07926802623397712,-1.0394003268064422,-0.10890800837866783,2.325164531544159,47.47154716510976,-9.373964775220985,-0.1570756360733563,-0.9942074271694423,0.049906909150519145,0
-0.08129026739041087,-1.0369761146112482,-0.10633538043047344,3.0220522329704265,47.21374881430715,-9.454277701741947,-0.1597650029104431,-0.9914857209121242,0.052841343562783034,0
-0.0824764087463229,-1.0343985455208002,-0.10487147884972946,3.581387067335373,47.02253313142765,-9.643071833033298,-0.1599591230195957,-0.9890214765076275,0.05592669121639006,0
-0.08361809750940113,-1.0325160096587398,-0.10109238368130642,4.0307878791784,46.89298637164482,-9.911398119708204,-0.159405032357899,-0.9872744571871058,0.05965404139891647,0
-0.08304251473669998,-1.0325387755234128,-0.09358250232762938,4.462054221525074,46.80403667593173,-10.211485903245045,-0.15960738537916197,-0.9872572922287948,0.06378866922804445,0
-0.07925682364468056,-1.0351405176599326,-0.08570884977658576,4.968307713265748,46.71861066682853,-10.542312435722806,-0.16019583887364747,-0.9899007121318861,0.06743128287195876,0
-0.07300537707319586,-1.0403289818936794,-0.08202860581533108,5.607422820427708,46.610877064172975,-10.954592511410162,-0.15919105795413768,-0.9948479013516117,0.07018011991619866,0
-0.06661460230820535,-1.0472413830627203,-0.08310350019617628,6.417803701750018,46.48160600388047,-11.479452624642372,-0.15510647411053632,-1.0006007840012796,0.07289430105376078,0
-0.06194294135301019,-1.0539199204821232,-0.08520945249305795,7.437746656328928,46.33716409688867,-12.068945358078107,-0.1486250067894404,-1.0059280325372846,0.07682519209827827,0
-0.058887345377268925,-1.058525237832556,-0.08448042459800359,8.665684840738454,46.156922560892,-12.638326336933535,-0.14199816027460002,-1.0106903355781245,0.08202005221807844,0
-0.05579898437129271,-1.0612057860787427,-0.08015837002965584,9.995751562203402,45.89312281285513,-13.17077681988542,-0.1368772406381844,-1.0154140928445035,0.08689789028252107,0
-0.051491102710000486,-1.0640730169456951,-0.07424067698905491,11.242174909687227,45.51908617110908,-13.753366986795056,-0.13294597921850243,-1.0205799499056367,0.08930779197098426,0
-0.046288684769306955,-1.069006537546298,-0.06956721066829745,12.274538125889112,45.08888646881661,-14.490959391879061,-0.12865638523147196,-1.026404652503345,0.08770332073320786,0
-0.04054758111294573,-1.0759057676653843,-0.06913129057139435,13.117707305033843,44.741450926256476,-15.392104582584478,-0.12285263891715423,-1.0330583163394211,0.08171141669566494,0
-0.033093215449135266,-1.0835690143373187,-0.075907730845391,13.869353351491416,44.62257007951697,-16.350945214330686,-0.11530265097961723,-1.04092168594509,0.07233757038287324,0
-0.02250018174611235,-1.092115578732575,-0.0911211046335146,14.496043485994356,44.78508679718782,-17.232126020165808,-0.10607690178038393,-1.0505798402021878,0.06123666542240267,0
-0.009547687013499189,-1.1037567514662314,-0.11281043770613487,14.743511577026835,45.159592411824796,-17.953426998829972,-0.09522731505669874,-1.0626346434761484,0.04869213538062471,0
0.0026991867884662993,-1.12059792646203,-0.13754343868110286,14.302175400524268,45.61688113595506,-18.49089342715591,-0.08344674116754607,-1.077398991339147,0.0326002217421579,0
0.010949169963391852,-1.1418351381587761,-0.16272299592778677,13.08423043416511,46.048166801476704,-18.843969632926598,-0.07299305100218619,-1.0942136685861032,0.010912980842228666,0
0.013217988509869692,-1.1636628597834402,-0.18597517328396979,11.33459519633199,46.375794119813214,-19.022992732844088,-0.06738191389834444,-1.1109100986721285,-0.01467699514296824,0
0.009046474169878124,-1.1820593411678646,-0.20424714706918312,9.48713036585212,46.494361594903424,-19.043402867253246,-0.0690636204275208,-1.1248277391815344,-0.03885957783592538,0
-0.0008899608826950347,-1.1953442780958081,-0.21591643537657126,7.937477711529438,46.2401260457776,-18.889333363433245,-0.07721816601907004,-1.1350881441476601,-0.05707844638943621,0
-0.015516240947335369,-1.204315211398843,-0.22258463635822576,6.914892973264117,45.46013731060444,-18.487055706659728,-0.08911547068100223,-1.1432401400297219,-0.06859035955444293,0
-0.034356540117198776,-1.2107057272460287,-0.2267937513871013,6.467253717834495,44.10436697432654,-17.74948551478345,-0.10409249531229252,-1.1507644158702655,-0.07475200324660625,0
-0.05809783891732445,-1.2154198727640348,-0.22911872627540655,6.503112572654592,42.21202422638174,-16.657886085695203,-0.12458796540879723,-1.1564093500082142,-0.07617299727721852,0
-0.08756225898439594,-1.2173083396106936,-0.22890470699343365,6.880625559113189,39.82102729178654,-15.292861380912438,-0.1522347636802408,-1.1570773478970222,-0.07304637242765122,0
-0.12131082143853493,-1.2133297037924464,-0.2262378534690775,7.516438948023325,36.95339845634064,-13.796116588358784,-0.18430219974526946,-1.1512272357398723,-0.06701339964779043,0
-0.15449410933169078,-1.2008955827015726,-0.22203346058365428,8.414924032221622,33.699859116857404,-12.315120107598151,-0.2152621578167839,-1.1404454110278683,-0.06100290474441631,0
-0.1809717845471071,-1.1812235338894574,-0.21801390949428548,9.561466711389278,30.252952384904535,-10.96947169792141,-0.2409599158304945,-1.127505168036016,-0.05768242024249419,0
-0.19739635829902283,-1.1596299236838876,-0.21731456726028953,10.78548313302152,26.80874773393974,-9.841764929521421,-0.2602706678057882,-1.1134469531879383,-0.05894458802750285,0
-0.20584585153807863,-1.1404855563361476,-0.22297532772600648,11.768499023861265,23.460067541524104,-8.983649595696871,-0.27368107544248405,-1.0967660769418504,-0.06594443261774584,0
-0.21182631886477296,-1.122319028611228,-0.23485029503417737,12.232411555254066,20.23171941490955,-8.41976414008964,-0.2817740864494538,-1.0753819599103553,-0.07817827651192409,0
-0.21820851609400635,-1.1004943730393735,-0.24897838024335,12.14398845559967,17.222451222461917,-8.135797286331066,-0.2851381603567931,-1.0495286361414593,-0.09268405937631548,0
-0.22143054020245026,-1.0743452703066776,-0.2602129157346326,11.738587031876083,14.670174957103457,-8.07010828146587,-0.2845866463753188,-1.0227631030384097,-0.10528714399246579,0
-0.21488548866180474,-1.0484921534719123,-0.2656009706999859,11.332548000057855,12.842544570229348,-8.14628860625876,-0.2803231749635345,-0.9998065293380599,-0.11322346888742585,0
-0.1951489238506984,-1.0269921953351515,-0.26635673747833216,11.087879322736969,11.866164598570707,-8.3382982581173,-0.27061936442971135,-0.982809369776336,-0.11657881033634794,0
-0.16382858769472028,-1.0093393103951156,-0.2666757949659832,10.928266614340238,11.670801816410913,-8.698939805358897,-0.2520569664783912,-0.9693112660122056,-0.11738603360943572,0
-0.12489464515801946,-0.9929903895602991,-0.2697111719655864,10.658340341907476,12.07610124530339,-9.303793332585675,-0.2218864187772429,-0.9541279408311223,-0.11790926456899174,0
-0.08174599010405592,-0.9770031647299805,-0.27511604007224066,10.155983164603033,12.908925199354208,-10.160878355012258,-0.18020844050555218,-0.9339085146944446,-0.12013213902115516,0
-0.03598751416045056,-0.9614910900938406,-0.2811140682175164,9.456553706069997,14.061657253455968,-11.186911086301873,-0.12990676828062395,-0.9101645774775861,-0.1260805121545383,0
0.012266351343222232,-0.945557738942124,-0.28746888745155214,8.663703664812775,15.480408429326925,-12.282904276032694,-0.07510517667043516,-0.8880109336082835,-0.13687244439660834,0
0.06303984221223745,-0.9286134731111486,-0.2949840499439687,7.790041491589435,17.104216999810298,-13.430569830730546,-0.01983706837537371,-0.872257327341351,-0.15049511103810773,0
0.11483615386511271,-0.9134890497980022,-0.3032119664678772,6.698065164678663,18.80971974874232,-14.69499319758947,0.032600941538875536,-0.8645031833336951,-0.1615138963180277,0
0.16363339192710655,-0.9053785884934852,-0.31010608399234707,5.219824050989744,20.438022550481726,-16.11095448822181,0.07963081611007138,-0.8631626641678993,-0.16473423390099218,0
0.20397305086837095,-0.9063300000678737,-0.3134620878863252,3.357849436416973,21.896899228586662,-17.577152439158112,0.11904884061871894,-0.8656109282712099,-0.15985989030814524,0
0.23275468039831826,-0.9126778516577608,-0.3123566913568277,1.3663840146912527,23.218005823020608,-18.895708962616535,0.14945127703323094,-0.8701181201411479,-0.15202984082907606,0
0.2523728325032049,-0.9194881272518165,-0.3081995827217779,-0.38857089697389957,24.488594123468285,-19.91442707589443,0.1714112312322998,-0.8760819435173143,-0.147085274126698,0
0.26818329508666316,-0.9259303485232097,-0.3041313763267775,-1.663032372513595,25.73285076809903,-20.597429742870492,0.18725698436849753,-0.8833053035108891,-0.1461819949958693,0
0.28177861236317986,-0.9345002606327599,-0.3014358295244352,-2.4425081914406315,26.872332819931124,-20.960870127173013,0.1984295290831068,-0.8916533647824119,-0.14522215218288753,0
0.28834013249129153,-0.9462412098642511,-0.29672266724734303,-2.8623026533105174,27.78931312322596,-20.984896483099945,0.2030917023413694,-0.9011480080364821,-0.13933820817439294,0
0.2817810339864646,-0.9589504456464271,-0.28546204059572283,-3.0805698023372696,28.403747411489586,-20.610063691732265,0.19725774501294258,-0.9119883524390986,-0.1274385432250695,0
0.26130852988336867,-0.9700814729023239,-0.2688229859773187,-3.238022976102477,28.68018382119024,-19.807447576116946,0.1788660446040631,-0.9243227700935761,-0.11243960413975594,0
0.23237978619369234,-0.9799506814959495,-0.2536764034530127,-3.468185149134917,28.58032540529823,-18.647069751109772,0.15080817822777612,-0.9377736479459282,-0.09774805669874309,0
0.20264478040734762,-0.9913855697835596,-0.24407174493589306,-3.8476706389547464,28.052818719203096,-17.299525589885636,0.11971363262871612,-0.9512599313328027,-0.08419679314592486,0
0.1771171866846705,-1.0064182259674308,-0.23579008632201243,-4.30463835879903,27.105364750318525,-15.95523499258941,0.09134384942598532,-0.9639362181429081,-0.07055373717344648,0
0.1555039595652335,-1.0236741720807332,-0.22229621119990206,-4.632216758578795,25.876024926011937,-14.72273655585095,0.0670634270853147,-0.9763445215236631,-0.056256549431856,0
0.13393345147107144,-1.0392746332635894,-0.2041964525286837,-4.661585206053366,24.58735113016811,-13.602033941182084,0.04503117435930911,-0.9893504064504901,-0.04267217790303985,0
0.11082735392321443,-1.04987716319286,-0.18934896223673645,-4.430614338861893,23.407748926098563,-12.554238264419489,0.02457581365212526,-1.0011204001364409,-0.03190374838082947,0
0.09100235247167152,-1.0537937063860552,-0.18389506150568308,-4.14461803412411,22.374652100979723,-11.585284309438046,0.008542890545955004,-1.0064389214277725,-0.025387270740808487,0
0.0820825623787737,-1.0496929917326596,-0.18641679368229697,-3.964360098877779,21.45454320527228,-10.761255745975784,0.0009051362480288064,-1.000727059890995,-0.023739453349319515,0
0.08645188782588165,-1.0368628310167385,-0.19208661184346798,-3.879650024783019,20.642577650680543,-10.158900477104414,0.002547391992130828,-0.9846630118229879,-0.027111788782948634,0
0.09818432980115377,-1.0177053844683996,-0.19961958631427537,-3.8129017686688402,19.98922980529737,-9.8094693653247,0.009993502052447588,-0.9639716628850347,-0.03525302233641761,0
0.10841816785720743,-0.9976881899996575,-0.21127104682666817,-3.7818143979041245,19.560257127916735,-9.680429726375063,0.018193814319438333,-0.9448593542789286,-0.04740378247872428,0
0.11289105521916255,-0.9814342584398706,-0.22740762422906022,-3.8844490572523416,19.393482418769914,-9.703936944573314,0.024214113479911658,-0.930312625572927,-0.0620896927698976,0
0.1139563344513165,-0.9701925294506857,-0.24408318075801455,-4.146652591351713,19.48625142962395,-9.828880834457198,0.028292703757077105,-0.9203713880077116,-0.07682879635115848,0
0.11620450970234387,-0.9634267812021458,-0.25612142523986825,-4.468097848637681,19.816165863880933,-10.051668251397917,0.03187864509736403,-0.9142860202630263,-0.088490303682484,0
0.12124812521808048,-0.9604868819775402,-0.2613511064718883,-4.739546180124586,20.373678772910864,-10.393040964935889,0.03540687088055251,-0.9111134292411446,-0.09484371101655084,0
0.1270422774502394,-0.9593899711390386,-0.26186558188937126,-4.956492739116864,21.17273389641527,-10.839637235404778,0.038334547486657516,-0.9089668274648632,-0.09614136005039114,0
0.13144036979611412,-0.9561450406141595,-0.26127765107508283,-5.185864444852888,22.23034340875114,-11.314153572364065,0.04065809809653652,-0.9056279137081408,-0.09476950244320081,0
0.1351134543580665,-0.9479584203610998,-0.26049465788443554,-5.466403517559079,23.530421660909408,-11.716009994031998,0.04338496999187835,-0.9004359311737827,-0.09289249796774524,0
0.14031284542463582,-0.9366797361224733,-0.25702357291164435,-5.796062562801867,24.986300355816045,-11.991648947900147,0.04760449134515119,-0.8944688321342175,-0.09059941978129955,0
0.14742361874451376,-0.9270975982040376,-0.24906004968429732,-6.198656481987475,26.429832313757654,-12.149639186547681,0.053755389936019686,-0.8886509795204932,-0.08653436435110744,0
0.15425388045247188,-0.9219887495855587,-0.2387664707211961,-6.728671674804598,27.664845439818972,-12.202892315022797,0.06147203512650599,-0.8830028078958745,-0.07978911159401506,0
0.15901836453130877,-0.9204139528686263,-0.23020942183248705,-7.373180472274478,28.56585061583828,-12.118262886859263,0.06941180770673507,-0.877975578007544,-0.07079723071421624,0
0.16217533702778023,-0.9203270196605693,-0.22516874085553382,-7.991736142687385,29.131945654447343,-11.845303039301296,0.07551082911608369,-0.8747994422100813,-0.06106329968360875,0
0.16411435663656904,-0.9207173600630155,-0.2220632009083326,-8.415702972007926,29.438443621311716,-11.389132958927535,0.0780392686000117,-0.8738704674485457,-0.05263847553091974,0
0.16274467637126547,-0.9213356190209087,-0.21812389790735812,-8.619422881427873,29.54313701685949,-10.832280429088804,0.07640520675937647,-0.8744165286935175,-0.047309063042621884,0
0.15560196470298746,-0.922468029740534,-0.21208862501417583,-8.765689271300925,29.451905088093856,-10.272842727536165,0.0709328491179663,-0.8764134830608645,-0.04549470717659706,0
0.14403996317269938,-0.925047440323273,-0.20597789907986894,-9.06633662049898,29.167432707238294,-9.74667890805793,0.062335209840688945,-0.8810417254888679,-0.04599555048771532,0
0.13315665963824996,-0.929246870556564,-0.20429956245510558,-9.604655968469212,28.741528643783504,-9.21675120629575,0.051713661593696995,-0.8881411793996984,-0.04717429899769088,0
0.12598593093130797,-0.9333538240250184,-0.20853638979430755,-10.289959601136802,28.25572337735623,-8.630307023243573,0.04073234351375429,-0.8947779767409828,-0.048150836583256806,0
0.11852396117006861,-0.935800957384693,-0.21115882332554353,-10.956545373392649,27.755094718731282,-7.969338998772679,0.031025181890541403,-0.898138826175992,-0.048567051505029456,0
0.10357427112308394,-0.9379747414164629,-0.20067731373969605,-11.491570815932286,27.2202526504317,-7.24496624183266,0.022949003928722796,-0.8993662790118744,-0.047789092035770434,0
0.08125662708730327,-0.9437868552936507,-0.1781705834458997,-11.894223648166177,26.604664727649624,-6.47099447927581,0.01531378380466876,-0.9029170361485623,-0.04514958033269473,0
0.06238517013937123,-0.9565434463710794,-0.16306389133175792,-12.244029324109217,25.882495313506357,-5.669900494787778,0.007072546899994033,-0.911834736148739,-0.0407567471069607,0
0.05754393152082218,-0.975693712561263,-0.17252520934284632,-12.605971195579412,25.061506488260047,-4.891413852860379,-0.0007668037454311106,-0.924584112824293,-0.03530632285018673,0
0.06545238018384672,-0.9954261933246611,-0.19787432429148846,-12.9452749359418,24.173894049383712,-4.186498711443188,-0.005606420531498403,-0.9368992264042814,-0.029123651037326604,0
0.07631864580495487,-1.0079512236211159,-0.21213762618079743,-13.142327147404764,23.26638833781398,-3.5510729720563785,-0.005857453444787983,-0.9461024569915781,-0.02205584820292701,0
0.08371103756201274,-1.010661827302947,-0.2006743214481305,-13.112764019018778,22.38538690190402,-2.91924801245468,-0.0025253109757066355,-0.9529938833851918,-0.014397670066073485,0
0.0884935679084902,-1.0089104869842465,-0.17506636177345547,-12.908247162929586,21.55422410482634,-2.2284460230326903,0.002327338829976845,-0.9598111084307777,-0.00725390663915024,0
0.09373611336584158,-1.009708940286479,-0.15638113106826576,-12.672773796964698,20.758866886861547,-1.4796481280127838,0.0083865840266109,-0.9673863980501206,-0.0016324683209685133,0
0.10096801076479554,-1.0145124463092647,-0.15341962390192027,-12.489871302000683,19.960936742295793,-0.7234432843251188,0.017362221130770458,-0.9747532359313759,0.002388717416848395,0
0.11089398368523609,-1.0202790546557068,-0.15959766656774899,-12.289105122614616,19.136968534569295,0.0023133138677802756,0.030024682376600626,-0.980714288908781,0.005274826454866001,0
0.1235073966924829,-1.0252175523600575,-0.16404912095671484,-11.915645634344436,18.313206464811216,0.7084750118861585,0.04377974158758002,-0.985000447398,0.007195102217459645,0
0.13598905453611543,-1.029884816714594,-0.16122329630130997,-11.283937998217338,17.558669681675735,1.4286372102678921,0.054101231784031596,-0.9880925597080155,0.008024171038713985,0
0.14295841436011517,-1.0333287403657694,-0.1527959096134472,-10.454303025768267,16.937600685851365,2.1601906738728576,0.05826399153883061,-0.9902175790150176,0.0081175042698793,0
0.1413402145847742,-1.032373547427591,-0.144609663942465,-9.565088113350686,16.463041975984556,2.8337188142486283,0.057217568797622034,-0.9904881382379631,0.008577746879728789,0
0.13436925109955664,-1.026608992665379,-0.14208184125230877,-8.705819368198654,16.083217387743858,3.3467026792116283,0.05389732391527844,-0.9874123422868393,0.010289607152609598,0
0.1283978985298745,-1.0209300301874982,-0.14640332007528137,-7.872398290242557,15.700417374332016,3.6328725640770263,0.05015981338435508,-0.9808800539021458,0.01283778043769308,0
0.12553582710482739,-1.0200446424038943,-0.15350932677863174,-7.042721254452648,15.215382532441662,3.706006398787771,0.045607688514991994,-0.9734646718129916,0.01492911951410345,0
0.12173129758022563,-1.0226149393147421,-0.15654865100534102,-6.262468412761643,14.582335773336865,3.6502932899917555,0.03903077863882105,-0.9689558843660879,0.016001330931462956,0
0.11271175989281189,-1.0240027169308514,-0.15074362899345334,-5.62371911489129,13.834410068180803,3.574858048326406,0.030251022736202407,-0.9693065308085466,0.01703032729432131,0
0.09944415894032306,-1.0229460570350208,-0.13770728608641253,-5.162163544895909,13.052941926068607,3.5624159278531287,0.02035163426867234,-0.9732940602366544,0.0195821099991128,0
0.08675745142189516,-1.0221152418644275,-0.12498686673306468,-4.798702582057611,12.313323107253053,3.635976207972626,0.010664156091229709,-0.9780587792483135,0.024274870867912676,0
0.0786847690567098,-1.0230498821538947,-0.11957091935754992,-4.389010125073238,11.659519586377428,3.759105968982176,0.0020930599471077763,-0.981316373381878,0.03026240742431475,0
0.07612212255242534,-1.0237279519335296,-0.12131958993537616,-3.8235031302761513,11.114517960655991,3.871449106138944,-0.0045965994026875385,-0.9820148947049586,0.03607314640352045,0
0.07728629378718771,-1.0215050978807354,-0.12384141323070601,-3.090514286574385,10.700869204441663,3.9421855436392743,-0.008409031937726394,-0.9798089634028029,0.040814106944243055,0
0.07962843799204188,-1.0164200300680715,-0.12157089736264075,-2.2712721417753117,10.45691061842235,4.004881341784568,-0.008534627770355402,-0.9748549613616853,0.044507655267888045,0
0.08244850719000595,-1.01070958178139,-0.11462493944090008,-1.4817252721593588,10.442602941757523,4.136438492500311,-0.004852925835962029,-0.96815952488982,0.04735390062844627,0
0.08775725185559759,-1.0061931455037905,-0.10733013577407116,-0.7998051022280884,10.72140697954723,4.386211285326691,0.0024210838256461423,-0.9614951695992383,0.048956719229898873,0
0.09763830734443674,-1.003135367958134,-0.10398870476560229,-0.23617345835459294,11.321508746038326,4.722489886561637,0.013032983315201831,-0.9563794002066445,0.04851780704172749,0
0.11139051520839711,-1.0011244088935982,-0.10601149958028398,0.22674458041084303,12.211454641190773,5.060301230549588,0.025883639005845897,-0.9530336587467911,0.04583891177837656,0
0.12619942210017038,-0.9999250778454807,-0.11139494608799873,0.5832019951743309,13.315821475729555,5.3459717728072516,0.03856846771748234,-0.950522759538085,0.04203738056108002,0
0.13947889257998378,-0.9991835212755928,-0.11650036790745648,0.8073909370524411,14.55191084878907,5.60336630086264,0.048968388105393654,-0.9477926476723948,0.03896647653680842,0
0.14977747493686272,-0.9979086620734934,-0.11894837173108251,0.8967187145793635,15.851320634104983,5.889941055077802,0.05724499717327931,-0.9442590466098365,0.03769957447223999,0
0.15706367102981814,-0.9949231151243043,-0.11897855213361368,0.8899692648425445,17.15886293981065,6.216009909953269,0.0651530603890882,-0.9395943704863775,0.03790716302526922,0
0.1630032731548412,-0.9899562350819152,-0.118363845735965,0.837950359270912,18.429286123888158,6.5192142451167445,0.07311791181998181,-0.9336676400049423,0.03894677050299678,0
0.16919716619707936,-0.9837595583859965,-0.11845682607318626,0.7595522923502276,19.629367605526028,6.720511248955514,0.07903264966270863,-0.9270105257444095,0.04081995212349391,0
0.1742311223888562,-0.9767196157347695,-0.11892444466248057,0.6195677955191655,20.7291803254633,6.80040297109655,0.08066787412725734,-0.9208256971727559,0.043340246805227474,0
0.1741566210318253,-0.968145127030231,-0.11827627100078586,0.345140252429318,21.684450304830747,6.816545452564881,0.07854699270661739,-0.9160581975776855,0.045075385595832025,0
0.16702487873254535,-0.958133232031507,-0.11633658679414413,-0.11994552517608785,22.439001783214728,6.8479684198957536,0.07539553762132868,-0.9127733136625625,0.04440116698468228,0
0.15567763326854156,-0.9495635102214941,-0.11564258780563941,-0.7599034826909629,22.95132034275801,6.926899936809651,0.07287670385121217,-0.9107502041406916,0.041594014452644656,0
0.14479146514960697,-0.946184539867247,-0.11857658554348884,-1.4902260864467256,23.214831747089352,7.023841509583794,0.06963400134761157,-0.9100960511178309,0.0387284070346388,0
0.13599083306950377,-0.9482362643783591,-0.12353773311129028,-2.2257551908244997,23.25593897346402,7.085132046377951,0.06273073047883217,-0.9107539093985282,0.03706401488069465,0
0.12736163076322493,-0.9518366507836935,-0.12651762495386443,-2.942960558831503,23.115310217893327,7.072114190132099,0.05083771086171283,-0.9120334996742485,0.03547769894774744,0
0.11730232425322325,-0.9538678776591637,-0.1263497815293889,-3.6757751299982973,22.8147450294093,6.970895654027386,0.03599144017923758,-0.9134485018331711,0.032417801166754426,0
0.10658932808805087,-0.9561382610984341,-0.12549580161607266,-4.459911782896273,22.325632304124134,6.7879334066086185,0.02200123728111213,-0.9158712279896694,0.028948528163696675,0
0.095939357833389,-0.9631816157728602,-0.12529867661277402,-5.282295211131429,21.57717059899001,6.556512869185826,0.010862016719924785,-0.9213185804633143,0.028530659667192673,0
0.08393762464958127,-0.976573589194334,-0.12316954576828487,-6.073415192629838,20.511957464425514,6.346130152778519,0.001187226409601769,-0.9313900110261313,0.03343070388914509,0
0.06943629808572921,-0.9931266118339573,-0.11553774630602726,-6.736024068700734,19.138471695766157,6.239714744387961,-0.009299759576426769,-0.9458103346420762,0.042423015470845385,0
0.05450822961833041,-1.0088469022687345,-0.10236818534995039,-7.179822818145225,17.530145203518494,6.2747129830661885,-0.02045030271833483,-0.9624798949708488,0.052664223482575295,0
0.042710389980760974,-1.0230300310690692,-0.08813565238009159,-7.352156747808456,15.776646299363211,6.406045387143982,-0.029932973307874408,-0.9791875200820126,0.06276083072031169,0
0.03527388946982387,-1.0375347892706719,-0.07814365111833704,-7.269612900673701,13.932436232325646,6.545147714390249,-0.036239628814386,-0.9952258824061077,0.07285885175866612,0
0.03104823859479312,-1.0530122821415386,-0.07337420618830075,-7.021893120567776,12.005911305911312,6.6434012346204465,-0.039965293285462986,-1.0108275627989036,0.08243434609515662,0
0.029382590601446303,-1.0670829670607485,-0.06973213915060023,-6.713208298100579,10.00111477212338,6.733953111620028,-0.04215411851623492,-1.025194100636859,0.08967375103938394,0
0.030794749908889762,-1.0764505916718774,-0.06339317240550683,-6.3866178622314935,7.971641084612877,6.896883429988549,-0.04294637317644839,-1.0362097191241644,0.09338253104053568,0
0.034963522542469955,-1.0803621142219884,-0.055603375233556566,-6.027227828538458,6.0201076706695575,7.193941985196207,-0.042319553662793344,-1.042520495148904,0.0943374038568175,0
0.039996536958043075,-1.0814154006923438,-0.05085548082299624,-5.644571034752747,4.230151292489152,7.632343385533408,-0.040689168768983514,-1.0450114327997206,0.09419252087612041,0
0.04413111101698944,-1.0828775428511577,-0.05173875805902009,-5.308116180440427,2.6030816330892868,8.170452460603075,-0.03776471055377133,-1.0456927622341625,0.0939471371741246,0
0.047317967780220065,-1.0856858510436733,-0.05696232718507333,-5.0583183815905555,1.0723882602699064,8.741230991824477,-0.031953911700290674,-1.0457032178261083,0.09392456709258624,0
0.051343328198955034,-1.0881793830864404,-0.06325547086615255,-4.80434722472414,-0.42649721610625285,9.272674312784751,-0.022374991306064643,-1.0448914600468269,0.09411139721071196,0
0.05898697069387893,-1.0881297908966867,-0.06806859963410193,-4.3780914750221935,-1.917763499967229,9.702811941214032,-0.010896538750392148,-1.0429542960794884,0.0936275980927812,0
0.07208698247004386,-1.0846003479761877,-0.071175029009943,-3.725868164057904,-3.408356498111896,9.990581919361428,-0.000537519331855195,-1.0401470044012302,0.09071926099168362,0
0.08924817995264592,-1.078222902108659,-0.07400576691112515,-3.0250451692098093,-4.913694592413388,10.119064570412506,0.008196490699602023,-1.0364712683011643,0.08452316901787835,0
0.1060808830326085,-1.0703060195598266,-0.07686706371089765,-2.5806140875283186,-6.43814824341855,10.094634916648,0.017791508444676432,-1.0307815422802615,0.07675239072962907,0
0.11881290910669659,-1.0619248503255352,-0.07780386452384273,-2.603017888219378,-7.948979864717326,9.953014218876953,0.02999212475812503,-1.0217539882913451,0.0707063162494151,0
0.12742608334279826,-1.053783616222479,-0.07558937607406772,-3.0864391823996584,-9.402503060791943,9.766112021837328,0.04300939760732509,-1.0100322720407746,0.06831063528622058,0
0.13456184262569898,-1.0465283281352054,-0.07246206008301402,-3.8749754571948243,-10.801942413180138,9.624038098748818,0.05342169488787603,-0.99885764242416,0.0685585304648225,0
0.14170232014066397,-1.0406593673549953,-0.07214712255942587,-4.806101449796886,-12.211485186469154,9.589341301840777,0.05973039186039949,-0.9919833634943904,0.06902051436908208,0
0.14728739092388293,-1.0363300384434002,-0.07621984958291263,-5.782593560915964,-13.702159464388972,9.667193368319754,0.06284722677958944,-0.9907497196101404,0.06849047708956427,0
0.14872342786967893,-1.0339424381738236,-0.08306459037111295,-6.747045342908317,-15.288165805173147,9.83129382591075,0.06388795983981814,-0.9933289065629165,0.06785174093451762,0
0.14541912767023626,-1.0347997199987777,-0.08862276400449864,-7.6383538278157745,-16.919922417548495,10.075466484812944,0.06286534687023812,-0.9968839544908441,0.06860891376858404,0
0.1390056056811878,-1.0399765483101169,-0.08821017697242518,-8.390073600845287,-18.532115687527718,10.42173678664632,0.05941001079351058,-0.9999767510567977,0.07117558151435723,0
0.1312907716858056,-1.0478140740130018,-0.08032941834705744,-8.957469646467432,-20.08800384811432,10.876608291681377,0.0538629400592892,-1.002456000376552,0.07487086541436785,0
0.12375878697040536,-1.05358122832392,-0.06912495399389061,-9.340336760675479,-21.577143183553556,11.40174732228673,0.04754242280924619,-1.0038374552096163,0.07907296717624099,0
0.11873988948478723,-1.0536017022070743,-0.06087882418326405,-9.5944296632095,-22.985386972762164,11.942589285264596,0.04215930530924583,-1.0033862172601886,0.08363193274679959,0
0.11830242498265868,-1.0499366992472057,-0.0578944371447077,-9.82231099587235,-24.28564164315137,12.478788868335515,0.03865272597412715,-1.0020697440696045,0.0882774075757294,0
0.12093818548629115,-1.0488830358254597,-0.057483489584065,-10.116825158314423,-25.4633579650544,13.035273389747609,0.03647923787205381,-1.0028876943582543,0.09253542199986435,0
0.12177495482377992,-1.0539878875809225,-0.056404843030740455,-10.477469874278533,-26.544389335837913,13.642120800970286,0.034651305039735125,-1.0080343013321986,0.09643291704310276,0
0.11824061991651696,-1.0627401222463833,-0.054281384080205754,-10.796340839481855,-27.592354971332217,14.28789860785406,0.03366469288534197,-1.0165035461664191,0.10021585139113151,0
0.11434211134007283,-1.0715185754676273,-0.05316541907261945,-10.972273423508314,-28.673627451508164,14.914167906991093,0.03555812209364803,-1.0260164825850753,0.10265040583352598,0
0.11707143755097645,-1.0818010214953537,-0.056026384825209254,-11.06190215642118,-29.808065554766703,15.447682200935251,0.04148659659337749,-1.0372442224383136,0.10040275431236623,0
0.12869018626875,-1.0994925131508755,-0.06598730024794575,-11.311451747352361,-30.927375263266377,15.820926013606472,0.04998060203573982,-1.0545266633068044,0.09004427701499211,0
0.14437657700477244,-1.1286362977772322,-0.08559838157249959,-12.029429726299723,-31.861822438736894,15.95530202987859,0.058616792157269205,-1.0815442815713638,0.07028265860855365,0
0.15807830138269885,-1.1668486548165786,-0.11605323028855845,-13.407445490862584,-32.36862004300492,15.748405646592479,0.06711147112631956,-1.116974751027958,0.04151568513262002,0
0.169423255140242,-1.2070675996875309,-0.1566090048421119,-15.409127627080663,-32.202082276482486,15.112571488812117,0.07776934139968225,-1.1550619727339986,0.003961475980183407,0
0.18355280144999084,-1.2432283326277167,-0.20349475871396672,-17.753073028413098,-31.210287682268213,14.03323308384678,0.0929213417070964,-1.1899359261293838,-0.041736347223544364,0
0.20463445181324227,-1.2730493203835604,-0.24878929133274716,-19.94737582943782,-29.42159205393872,12.574461371912736,0.1127802921774718,-1.2185592875232094,-0.09072184210514629,0
0.23141625529888657,-1.2951179246673294,-0.28197452898236236,-21.360247087160182,-27.06024738553906,10.831018611748757,0.1359918922073743,-1.2396405076763612,-0.13177632459756802,0
0.2594581843540261,-1.3061743423913093,-0.29508853590959544,-21.379437004574797,-24.439566342414512,8.895775042459578,0.1613721809301297,-1.2511575759884281,-0.15197100608722305,0
0.28536326813785584,-1.304240257990919,-0.28765348485671516,-19.689422732172794,-21.773387587961476,6.865217896286173,0.18791148726701967,-1.2506239062890252,-0.1459893556601442,0
0.3073942045461632,-1.292813196256656,-0.26700283679365033,-16.535256709170937,-19.070161785157087,4.8348679053018975,0.2130168193831361,-1.2380767575134997,-0.12112467291666688,0
0.3237539234866649,-1.2782482592746507,-0.24436591123501122,-12.722973522498686,-16.237182120994543,2.8665091572085206,0.23218428237496655,-1.2175420051141965,-0.09236656286552869,0
0.3320513552843732,-1.262927812457114,-0.2296539112412491,-9.248993337380856,-13.2842312625734,0.9843264359142223,0.24129766205643477,-1.1943076674647362,-0.07229519388025543,0
0.3297990596192888,-1.243705484454054,-0.226769340161205,-6.787714850665401,-10.384986543400831,-0.7570033751205157,0.23851805255480793,-1.1709166263423585,-0.06495811788737293,0
0.3148476832504422,-1.2174751700729134,-0.2321402205653714,-5.4343575416988195,-7.749140666389166,-2.1931718764634818,0.22372043078901468,-1.1467181920788234,-0.06742629721861929,0
0.28648029065628194,-1.1861260195223169,-0.23927304224459273,-4.860981150880576,-5.497208524044883,-3.070715827906898,0.1974592141094998,-1.1212377411936563,-0.07522980620055673,0
0.24706153885107243,-1.1553964176080738,-0.24573519734885685,-4.652197652833208,-3.6740752445951905,-3.1839599306411275,0.16131657728564516,-1.0969008800408928,-0.0859945685645009,0
0.20218353702584482,-1.1305883127269032,-0.25454894252913757,-4.5113224388860065,-2.323315326430377,-2.5157048767348393,0.11859745600792711,-1.0777146975241363,-0.09927277881243927,0
0.15803785765513498,-1.113869672798333,-0.2684737094392832,-4.285760378957439,-1.498236707912008,-1.2604347473216273,0.07387299815402237,-1.0652166213826573,-0.11459176833259277,0
0.11770759912964565,-1.1035766082045055,-0.2846665447785069,-3.932078958497657,-1.2182821061023266,0.28766780755326266,0.031289796519082785,-1.0560809626948213,-0.13020423223112598,0
0.08005565904302277,-1.0947163203372332,-0.29673052493736984,-3.4735814572845163,-1.4609866695032654,1.9035721121987963,-0.007413290924272042,-1.0445359294128869,-0.143341706572975,0
0.04276506755014786,-1.0818044383842462,-0.30197155371998385,-2.9487216177023194,-2.202237951228224,3.5454422388637283,-0.04328193010267305,-1.0278582522992357,-0.15192404857606456,0
0.006441440744601355,-1.0633635746188648,-0.3045568623319676,-2.392781366508287,-3.4110649547706973,5.32426972353694,-0.077321138456394,-1.0090934175267512,-0.15662594453258694,0
-0.024428411383394615,-1.0432957989262412,-0.3101845722945816,-1.8677348802603124,-4.955640517247058,7.330820672526881,-0.10683460105472159,-0.9932664986066598,-0.1606557819392403,0
-0.04453476381152899,-1.0261781687272906,-0.3199088567334107,-1.4692283199129836,-6.5494872377005,9.462156346461661,-0.12648699033575383,-0.9808222626550885,-0.16675533615391022,0
-0.052302910272513096,-1.0111002264600397,-0.3315738030342904,-1.2639728003027542,-7.884834965677102,11.43316995529561,-0.13436743290852815,-0.9659068916696665,-0.175200803855321,0
-0.051926789171676445,-0.9915920007352217,-0.3444023232327029,-1.2104489386304034,-8.862215513170002,12.980150823019247,-0.1350730126865373,-0.9416154108874394,-0.18490333146178584,0
-0.05026265364075881,-0.9621947028270175,-0.357850730327725,-1.134689912062976,-9.658901985896787,14.03521207683756,-0.13472698148296097,-0.9063395301173212,-0.1945063803602134,0
-0.05082169105814084,-0.9238217967093456,-0.3679051186856579,-0.7838770040790588,-10.560403759876507,14.69555295493934,-0.13428117573648785,-0.8648176935790458,-0.20173966793429476,0
-0.050892196348997734,-0.8817417691260585,-0.3697553670304843,0.04577577621333124,-11.760069155880693,15.084650203508778,-0.13000712826069669,-0.8237023538728121,-0.20410955766409056,0
-0.04549359493229101,-0.8397891816114903,-0.364183558265177,1.3463460447114606,-13.32823913903642,15.295847221951984,-0.12013769434803344,-0.7866367696254885,-0.20201513752173833,0
-0.03461474257530698,-0.7987033719727821,-0.3575958794559452,2.8141848348226,-15.31278868189378,15.414005790981285,-0.10885403402551028,-0.7534643396077858,-0.19994421606563723,0
-0.025312668597258656,-0.7599362117705409,-0.3555444578203519,3.957069274699156,-17.782936105440314,15.492128200600185,-0.1030507390693262,-0.7233231646219354,-0.20282183640199525,0
-0.02533490845263896,-0.7288085540748026,-0.35875225451015574,4.359287254871971,-20.72178825666456,15.503668052080416,-0.10651397213677534,-0.6974832828942705,-0.21124539904185932,0
-0.03581929217754068,-0.7122817859442432,-0.36479449519880863,3.9071313245793053,-23.879650477148946,15.39802560889436,-0.11811746003149891,-0.6795340635677629,-0.22110250940973605,0
-0.051739906868884765,-0.7142639670402556,-0.3703781104413542,2.7792494395650515,-26.777044796612607,15.228275841085448,-0.13428542810556654,-0.6743325144962025,-0.22738349352807907,0
-0.06743818018100636,-0.7347299364641915,-0.37149080255753475,1.21762934507624,-28.90122141108502,15.155141128217995,-0.15116644292065756,-0.6868359028449148,-0.2270686486889692,0
-0.07885252967421716,-0.7725561729574606,-0.3640721668206713,-0.6675556551526244,-29.94039787743153,15.266557794432421,-0.1646086240347538,-0.7197422651336588,-0.21863376552688812,0
-0.08231977458360576,-0.8255955001034802,-0.34657085633062806,-2.832386878018823,-29.866584388777234,15.415639310967618,-0.1705145650242274,-0.7702113474408242,-0.2013143029679739,0
-0.07588335873637198,-0.8871290586792201,-0.3216326238376837,-5.075022602906192,-28.834584814196244,15.286034061610103,-0.16718855341110983,-0.8291533106619036,-0.17661987508432012,0
-0.06230695966524928,-0.9462794607720488,-0.29472277064952396,-6.993993410392417,-27.036846451093805,14.631594281115627,-0.15700364002338363,-0.8855831399406542,-0.14927078373477318,0
-0.04742385616801285,-0.9945886720200057,-0.2715260466411976,-8.248893270179478,-24.65889741982291,13.449454536959784,-0.14453771221624914,-0.9328597173043593,-0.1246171653694091,0
-0.034555176689970254,-1.0302822882740523,-0.2563139997137919,-8.81459416326284,-21.92537951584969,11.93820317842137,-0.1328029955086683,-0.9706753508452274,-0.10515762166559592,0
-0.022905975517858213,-1.055488036633246,-0.2501884534698051,-8.90258762845153,-19.10734242174247,10.324696942783714,-0.12158817618573477,-1.0014865369394352,-0.09038557173207551,0
-0.011581338035128038,-1.07285487524814,-0.24950094133522135,-8.674897335729593,-16.425057170381745,8.751045181623176,-0.1092368933516385,-1.0264537953453556,-0.07953058065850711,0
-0.0019010500642525879,-1.0860402554370934,-0.2487340350001263,-8.142267656697102,-13.938242305131203,7.3036095568866966,-0.09547204956555859,-1.0452453025639832,-0.0735080280078699,0
0.005115814425821565,-1.0992737223928197,-0.246833948003519,-7.33958367243515,-11.554995733220476,6.087781102503876,-0.08225080516992678,-1.058258012637677,-0.07419661057858197,0
0.01024200754584834,-1.1135311866529596,-0.24783848492862698,-6.476513533164162,-9.158900462548498,5.219772629993102,-0.07209655912398195,-1.0671616057816862,-0.08206120263162452,0
0.013627567177870472,-1.1245209493553618,-0.2538426905695444,-5.82898333954701,-6.730447107875936,4.746899964366717,-0.06613061734061901,-1.072700891278728,-0.09427505353485369,0
0.013787668672862534,-1.1256153816868382,-0.2611453055696792,-5.504598478090955,-4.375968712303062,4.620993867153834,-0.06404950423526269,-1.0727657340020214,-0.10534269177385462,0
0.010541933023542423,-1.1129768427735163,-0.2650295964037844,-5.35875348372084,-2.2852354047462358,4.7729395282516816,-0.06550794696742605,-1.0638591027735642,-0.11055489760185438,0
0.00653112963586507,-1.089336285369188,-0.26486510061472945,-5.147927665684194,-0.6620533504941701,5.187014626383206,-0.07056723387063103,-1.0452873712646025,-0.10964934181026395,0
0.003923089852530773,-1.0634028839735976,-0.26310656374239466,-4.780720150530191,0.3628484219084564,5.877094226706644,-0.0786481939445559,-1.021789452780704,-0.10693684589350994,0
0.0010780243602895225,-1.0436109951106225,-0.2619478599331703,-4.457472858022468,0.8133048165120632,6.805300027415532,-0.08792344660013872,-1.0009341507474885,-0.10716257896628113,0
-0.005478903836469852,-1.031454469467385,-0.26199229517390515,-4.556391705397848,0.8787191812613433,7.849303771902759,-0.09633128497670992,-0.9871061802216232,-0.11085692485416712,0
-0.016061806517187856,-1.0224628566004097,-0.2626345150104161,-5.3154549660558335,0.8187121678209128,8.854504225271173,-0.10287787933259715,-0.9786335633582373,-0.11387528207469058,0
-0.026551209717051515,-1.013476193939374,-0.2626719074219081,-6.581910247404297,0.8265310768322699,9.721485224890092,-0.10775958127789267,-0.971219245373778,-0.11164728762048413,0
-0.03275455907468949,-1.0059531855714654,-0.26047959048198,-7.875444301566351,0.9695622252651674,10.458597411567187,-0.11174651315470163,-0.9628931039992308,-0.10359772576221084,0
-0.034985931269012324,-1.0018652398510757,-0.25459219808541667,-8.688343758313602,1.2400858951524218,11.15470588342761,-0.11578569602444456,-0.9548076169183252,-0.09325554746059411,0
-0.03728170302202928,-1.0001014667247423,-0.24591106726901021,-8.740574105814423,1.6203612608258677,11.878496109675655,-0.1206296351995953,-0.9488146251201459,-0.08480803279873296,0
-0.04243651097613087,-0.9985542273818262,-0.2391199405969203,-8.069552166108007,2.0772594505729183,12.583106722687402,-0.12610096675750565,-0.9458216061280191,-0.08038975387227906,0
-0.04892544086784567,-0.9969837023859722,-0.23932974065011653,-7.019720847501104,2.53731897339653,13.12031202550808,-0.13084975688703934,-0.9455305527961795,-0.08012469814310819,0
-0.05288878269434274,-0.9956889963320995,-0.24636753674906078,-6.121755973640241,2.9313825009627723,13.370364624888818,-0.13344954184811025,-0.9461615028670961,-0.08332523979508234,0
-0.05209593081278988,-0.9927336742086538,-0.2542637829169497,-5.806984270336391,3.272781567373284,13.35524083063121,-0.13360489235085785,-0.944681395447525,-0.089078410178688,0
-0.04731937113900401,-0.9847117608948586,-0.257521790603699,-6.1267092502023885,3.6561630304069386,13.208889962963903,-0.13178553968024803,-0.9385964412959021,-0.09609553542599379,0
-0.040408325112976436,-0.9707039613904045,-0.25660237890126164,-6.778761486989817,4.167740029250014,13.038162226555858,-0.12809729270461323,-0.928094265959921,-0.10244194603030708,0
-0.03209379491727424,-0.9544033003952007,-0.2560111003361483,-7.447174303765749,4.816932506981144,12.824164156547264,-0.12226120118321485,-0.9161328073669779,-0.10587112943627831,0
-0.022431708385100873,-0.9412568134396446,-0.25778330057367466,-8.079859457063964,5.557719979925281,12.458786304161254,-0.11464131519577442,-0.9058755106551171,-0.10498757818299015,0
-0.01297437962595597,-0.9334596410574547,-0.258585587406652,-8.802995955809765,6.347177905825863,11.872573435976916,-0.10690868986297311,-0.8978744050042404,-0.10012816287934895,0
-0.007027843983882908,-0.9284241010808939,-0.2540640753433375,-9.616656070794484,7.160011090780948,11.130306731330235,-0.10134145074565747,-0.8901855657125036,-0.09286217315390938,0
-0.006907915489323455,-0.9224620981357423,-0.24518294305167349,-10.267269747204267,7.9562109584707414,10.402135546507445,-0.09898733494928122,-0.8814504020189452,-0.08507927720134999,0
-0.011242154208570393,-0.9153429907961877,-0.23831511281279688,-10.469248520647813,8.672197169451685,9.835947428914693,-0.09867272307480902,-0.8732819397372161,-0.07898538827710953,0
-0.01558314001844371,-0.9103366202876046,-0.2382006935141817,-10.231614147071259,9.274799200777906,9.460069419257241,-0.0986288935185294,-0.8689003141149853,-0.07682887181520548,0
-0.016404219601443157,-0.9099903206161936,-0.2423610595303702,-9.902656925119956,9.807956597787785,9.206048926882062,-0.09899770810550673,-0.8694515146981168,-0.07900871774621945,0
-0.014915781305181237,-0.9131801365028163,-0.24412468257907266,-9.854325818568451,10.343333282415227,8.993727205662882,-0.10168569679660529,-0.872502649591918,-0.08270265925313208,0
-0.016267209036962875,-0.9167696542792578,-0.24025446099719835,-10.152308240973412,10.885179594836263,8.766816261549936,-0.10763640869554252,-0.8746684323264947,-0.0836863944375358,0
-0.024176311973553428,-0.919054827233982,-0.23362883974506585,-10.566882603396888,11.36478391822098,8.472168534658428,-0.11536774643285094,-0.8750479761439132,-0.07975137963592033,0
-0.03671688702795594,-0.9208431890226686,-0.22833924220131369,-10.851283802086105,11.735352873533575,8.06101806966318,-0.12267395242430938,-0.8755534617924785,-0.07209265866085583,0
-0.04809577137516126,-0.9239895107354075,-0.2241439256223336,-10.928178953328015,12.038378267043713,7.529200805376654,-0.12895952606940742,-0.8786766316825908,-0.0638215787820716,0
-0.054587171928411886,-0.9296751064446337,-0.21780584811204287,-10.835953185049759,12.366679364453994,6.9267609916875115,-0.1353040989127466,-0.8854633066759148,-0.05729495175462295,0
-0.0583058136249926,-0.9375064154514796,-0.2091714590220375,-10.61955603142773,12.782084525974517,6.305476316562158,-0.14261941547001522,-0.8947794238084726,-0.052220468330299794,0
-0.06444210092109168,-0.9456137095494945,-0.2022594155254353,-10.329924424075305,13.266914440887172,5.66854271331698,-0.1502224764492146,-0.9039447534707945,-0.04623953968995134,0
-0.07449016309575408,-0.952104466562649,-0.19911184051349562,-10.056130737086459,13.732369086472366,4.982978226943019,-0.15618170677390256,-0.9106493640619074,-0.03800628090756542,0
-0.08337948445257981,-0.95679636847022,-0.19639615163523763,-9.872781828466449,14.07694854921831,4.227669004008647,-0.1588291817316684,-0.9146612093718087,-0.02954685969199342,0
-0.08455898819021834,-0.9610031025818463,-0.1905725736372935,-9.755619188622497,14.264337499499376,3.415291060648676,-0.15794407912939612,-0.9174456267202636,-0.02451277125030843,0
-0.07726603311535883,-0.9654389890509506,-0.18337713395702657,-9.59221582602689,14.353536992044946,2.5727898695716505,-0.154778692177995,-0.9201615929764507,-0.0238529226995708,0
-0.0675641568981036,-0.9690414243954635,-0.17922981165824903,-9.29044145317188,14.437105908874708,1.714007821154024,-0.1511373151604002,-0.9224950117418993,-0.02434713935393243,0
-0.06238255142954864,-0.9704293802631792,-0.17914504547009444,-8.859817040857667,14.542192323495842,0.8417830872173118,-0.1481849005148516,-0.9236085082865553,-0.022300895052299336,0
-0.06296620945897573,-0.9702138613439996,-0.1801987478916937,-8.376489820577753,14.60550234320303,-0.025104484528917934,-0.1457914012190285,-0.9236876438855819,-0.017926934127887546,0
-0.06394977137792733,-0.9709542742703023,-0.17985991481191269,-7.8803099653161075,14.554283579426734,-0.8486565973287739,-0.1429746706793561,-0.9238676554510027,-0.014669120412866568,0
-0.0590714902211944,-0.9742889131385369,-0.1776333738854709,-7.320674172932275,14.396116510329062,-1.612230546516084,-0.13908712236059337,-0.9247337282344029,-0.014286599598461276,0
-0.0481053693827067,-0.9786279960452484,-0.173015563204961,-6.600046162930645,14.208941785379391,-2.349566283663065,-0.13456676578059226,-0.9256096945797623,-0.01421411752149401,0
-0.037416410515396584,-0.9804457516554831,-0.1654704462735123,-5.6542556612994925,14.046984284010108,-3.1108429707095713,-0.13048519065263886,-0.9255510260659301,-0.010639156281970905,0
-0.03327990648921306,-0.9777380538024973,-0.15688258512280684,-4.486320326295269,13.87877677453497,-3.90802850604965,-0.12751455681386134,-0.9245561974210912,-0.003227841321577819,0
-0.035920628052334966,-0.9719278078699464,-0.15103012021685602,-3.148900107442225,13.633315145629403,-4.714491444068347,-0.12558771477770533,-0.9234972128452625,0.004526045297186601,0
-0.040949605041149015,-0.9667054338878374,-0.14963379737017524,-1.730245800581973,13.303054973728662,-5.508824265934419,-0.12447127379451797,-0.9231884291430709,0.009602496723708723,0
-0.04498483777468033,-0.9649424516337526,-0.15060419386329685,-0.35927568117018643,12.97848454765142,-6.2942891329498725,-0.12424600063064725,-0.9239279789153035,0.01265769507645803,0
-0.04775784526359888,-0.9663510028189712,-0.15068557791174267,0.8122533635055489,12.76087014841803,-7.081592801161505,-0.12511535442443042,-0.9257120759249811,0.015981296914595437,0
-0.04949095971754858,-0.968641605577867,-0.14869536933594868,1.6735334861855555,12.649926478824915,-7.874050307128273,-0.12699140237505546,-0.928253630392,0.019516930912703435,0
-0.049170748981768354,-0.9708771473009217,-0.14576017204370031,2.230572970077909,12.541421037878122,-8.659790608994172,-0.12920705470622035,-0.9307643035057448,0.020982577513101883,0
-0.046489812647972986,-0.9740281580494503,-0.1430633701775975,2.633237528537156,12.336007991616313,-9.397652645865206,-0.13044195865483046,-0.9323546341404907,0.019791908392742343,0
-0.04337258936433457,-0.9781366535088989,-0.14011727226464016,3.10357280095921,12.028483029577991,-10.025502726255143,-0.12939226450273728,-0.9328317228657556,0.01874566470693569,0
-0.041980096420013185,-0.9813274836032256,-0.1355841362654204,3.78314638113902,11.679994115584444,-10.511810394256006,-0.12621995240286787,-0.9327876443318848,0.021066664345747096,0
-0.042795322470560726,-0.9824869647664114,-0.12942437017724343,4.624855382764725,11.323223101901702,-10.895107758868399,-0.12325887110754312,-0.9330770355975423,0.027050683278507053,0
-0.04602277566447265,-0.9830783245209845,-0.1234592344003881,5.456819621728634,10.927634654337657,-11.24651633217881,-0.12355299812203492,-0.9345209366608491,0.03415596542271312,0
-0.05254673410491004,-0.9851952922028719,-0.11993264720813684,6.164390087450423,10.46274435560315,-11.59005681962357,-0.12826773050639176,-0.9376090085160669,0.039121950448947215,0
-0.06118773524883239,-0.9888446835572025,-0.12030898341910559,6.780561336093555,9.965561642087538,-11.882017841097634,-0.13566700246963684,-0.9418475769520716,0.0395789725147119,0
-0.06708364306264697,-0.9921888569233426,-0.12483695635997907,7.388606255140915,9.525388825990769,-12.075721307970753,-0.1425978557405472,-0.9456803737792446,0.03520651371113706,0
-0.06600019386100525,-0.9940213177749759,-0.13177260126717102,7.99222253242114,9.215060401863116,-12.18298590556395,-0.14665415723326686,-0.9476426668680485,0.02841601514927445,0
-0.05974331632346434,-0.9949329647644343,-0.1375703259571868,8.53691248761959,9.0474169822413,-12.255243563622978,-0.14724794880766132,-0.9475856245314767,0.02289935134996429,0
-0.054738381453571974,-0.9958581312704845,-0.1397325190633991,9.02386727527957,8.981169083521962,-12.323276100904529,-0.14550437745633596,-0.9465636380641634,0.02042697445096744,0
-0.05472073700762557,-0.9965008179173095,-0.13958503684653628,9.50722813461922,8.95383291260208,-12.382232990838697,-0.14324195014197488,-0.9458385278182057,0.019410951973405054,0
-0.05643231309584661,-0.9962022620073943,-0.14091582981501766,9.947319361729948,8.927395085697633,-12.43072614147292,-0.14128225109940795,-0.9464891573581129,0.01712647008476625,0
-0.053394936969833565,-0.9959903020048829,-0.14560031084532513,10.14409030229784,8.932794488823431,-12.49968318515617,-0.13820467356746208,-0.9496908076300745,0.01299886228891423,0
-0.04258864803931546,-0.9985890573869269,-0.15147142198882677,9.899220884792898,9.081106189558367,-12.640670320437511,-0.1309168245729416,-0.956406589597448,0.009217725957858984,0
-0.025974102514937578,-1.00623852356032,-0.15461996319280996,9.232516515038357,9.528709992579458,-12.90423495626782,-0.11695429718636252,-0.9666838169473183,0.008420964281765416,0
-0.00639932835364646,-1.0194090855346423,-0.15250036866481967,8.383781063561054,10.420116331502964,-13.325971117031367,-0.0964365917954928,-0.9801653474448152,0.011627262453444866,0
0.015969048167426433,-1.0377535399583302,-0.14441040683485568,7.613357933394619,11.824758891928516,-13.911585179424383,-0.07168136156907252,-0.9972563988697586,0.01843179892043579,0
0.04263146363659439,-1.0609212827629548,-0.13121517954246117,7.059518780222462,13.675305592927637,-14.637921597601524,-0.045224843830439634,-1.0184285586902733,0.027848617982710377,0
0.07275936910283902,-1.087134900402536,-0.11643126275909067,6.7890920474608425,15.754344688191162,-15.487443154206371,-0.01886499125752463,-1.0419729215829947,0.03814496477040138,0
0.10078748363330287,-1.1114197588053778,-0.10541706978534186,6.904001510766987,17.783463259479124,-16.47692643438844,0.005392328417896348,-1.063624540887056,0.046993946944762444,0
0.11897384127865893,-1.1273954977234062,-0.1005672920324309,7.516067107981335,19.577807620329303,-17.63246981673478,0.02445039184394854,-1.0792339884047206,0.053033948535514276,0
0.12353737166641292,-1.1328329079577113,-0.09854285911597392,8.604033217936776,21.14137889950178,-18.93121972251656,0.03535017004679868,-1.0876901251586697,0.05692925894483107,0
0.11850643287858302,-1.1330034752237828,-0.09472555639924116,9.940815931150542,22.623394137959913,-20.274088767845274,0.037854930640621516,-1.091280599872912,0.06039406252760902,0
0.11276648175663344,-1.1360075153916593,-0.08874935550469222,11.209469663067356,24.191663987147148,-21.523509323235515,0.0353582292057565,-1.0934509351456732,0.06469476598807329,0
0.11273175206821855,-1.1438825856759849,-0.08301473957951946,12.204422062516167,25.940520683712926,-22.579874013966332,0.03241795077048466,-1.0959627410291897,0.07035844330167954,0
0.11790474877779078,-1.150496568700674,-0.07780908418950705,12.915339656780086,27.877826244465854,-23.430927111751625,0.03124886007116494,-1.0978093672049767,0.07766562561976678,0
0.12319118699104728,-1.1493491790863635,-0.07100803076009174,13.4296904595121,29.946194465602886,-24.124395732439226,0.03114306333880415,-1.09672481951882,0.08692601029849091,0
0.12452942530573806,-1.1407777356775242,-0.06106175446953189,13.790179135108845,32.03975089639421,-24.685931351530943,0.030967379060637533,-1.0914852078978101,0.09839070098121139,0
0.12217374970258794,-1.1293704954016823,-0.04766296090809433,13.970817292105869,34.03032472599965,-25.06720506139312,0.03083535162051356,-1.0825075426757362,0.11202109924669382,0
0.11957079935970441,-1.11696203543854,-0.030863887921857475,13.9722804648867,35.812560911482564,-25.184125094058178,0.03122520430054179,-1.0706924149170205,0.12715941697626337,0
0.11950412237683458,-1.1017691214094878,-0.012043649043763791,13.88731701494145,37.33355090207729,-25.00424128091619,0.03215197480468162,-1.056557929251585,0.14222409292947275,0
0.12105573858715339,-1.08335097070183,0.00490865361527997,13.835592651054272,38.58426526348253,-24.581403634212542,0.03379936597844293,-1.0406780056608131,0.15506009022280046,0
0.12075802956097885,-1.0647040062326218,0.01560044457499868,13.8479466666969,39.59087193866501,-24.00127659807984,0.03639388216489434,-1.0244115475719084,0.1643017613451281,0
0.11719925081252469,-1.0489935750126578,0.018912726966784053,13.847895445980608,40.443991235443136,-23.31845308167817,0.038692803784865934,-1.00977957913772,0.17048854508491854,0
0.11345895293348718,-1.0372401949409087,0.018266661866212366,13.742669163514025,41.32061125175629,-22.5738070408755,0.03826742225415656,-0.9987565127746327,0.17514548189974757,0
0.11373426965486161,-1.0305888316281375,0.018751674543214462,13.489393131863011,42.41061378268238,-21.856176995713817,0.03468267125470856,-0.993250809898431,0.17816714896200697,0
0.11843624529383058,-1.0326419040766137,0.020908815561041794,13.035730812892542,43.75124365065106,-21.28912825179045,0.03133997409220431,-0.9961690421095083,0.17574382516187356,0
0.12454770401251124,-1.047479771253051,0.014116233745946472,12.171872317465187,45.121875928403625,-20.91949191262157,0.03273459427249489,-1.0118482192216107,0.16028689033226232,0
0.1306275319011392,-1.0761212859240787,-0.02180260400205748,10.401795773307509,46.173749079034934,-20.64007103535316,0.0405361437608832,-1.044201834091568,0.1227361523990486,0
0.13949307473727773,-1.117137690403173,-0.09976953911472047,6.970300218892762,46.7573115400801,-20.2600016854314,0.05362083552469399,-1.0939375513749692,0.05801018043191238,0
0.1548678222025569,-1.171544820965116,-0.2053748247410193,1.2219182400143882,47.12348391009615,-19.644860034099217,0.07068170559397947,-1.1576750289705264,-0.027562868896068567,0
0.17469171492117258,-1.244037904261074,-0.2989689857215333,-6.685764679913574,47.691981139722444,-18.748406127396997,0.08923399943451626,-1.229468471065156,-0.1132778930291496,0
0.18689560106077885,-1.3346643366026454,-0.3449216045967394,-15.16928172529785,48.53321531107765,-17.494402434515283,0.10051910442672209,-1.3025373805475682,-0.1724994952382912,0
0.1733394806236694,-1.4289413395549508,-0.33933305744002795,-21.488617318442234,49.13250956304322,-15.664648805960494,0.08897583744339495,-1.369089207988903,-0.18972074807822187,0
0.12157682714737163,-1.5003220968922475,-0.308127144702265,-23.16058312767783,48.783596712238115,-12.971127627474607,0.04207453792204498,-1.4189270864888106,-0.17233051498907742,0
0.0348003200190352,-1.525365512140579,-0.28221189243287326,-19.598903461223646,47.22266381217218,-9.310661350381178,-0.03798538450629253,-1.440227388986835,-0.1450638851440347,0
-0.06957891823228896,-1.4977934681137632,-0.2777868956724002,-12.523989648231113,44.775597804966814,-4.984999535162657,-0.13439926550503675,-1.4245250854786957,-0.13146179064608743,0
-0.17097113369290873,-1.4303379252531754,-0.2957352332550204,-4.717102506423909,41.86749015021011,-0.6338039284741379,-0.22786653604825013,-1.37301393364279,-0.14029254535943053,0
-0.2558016605587459,-1.3450639348976978,-0.3307226168518873,1.6843018577792845,38.517433120723766,3.1381646202550044,-0.30703408056545994,-1.2981042772187432,-0.16804373826015395,0
-0.3193892081112892,-1.2601334821933357,-0.376470775603773,5.891528877193186,34.39909313900962,6.146308998487425,-0.3683304640549865,-1.2168016725102728,-0.20918867679173078,0
-0.3620276292076372,-1.1817125881606587,-0.4258208243362979,8.047090586077333,29.31558553589746,8.679326147591029,-0.4110251238979293,-1.1400501627501602,-0.2600432790047444,0
-0.38651859150994294,-1.1063408498320506,-0.4722413108510107,8.63401778532324,23.507945826194874,11.183557594557652,-0.436724236231306,-1.0680097036932006,-0.31534794803007865,0
-0.3981407640486882,-1.0312966360752842,-0.5133198233430102,8.266960461771594,17.531365577213077,13.887286112071903,-0.45144875596348333,-0.9965423307807799,-0.36686235667740996,0
-0.40179861400484607,-0.9623606985380058,-0.5491821102636817,7.5746956708250455,11.963120467138477,16.66987380871166,-0.4618047905258744,-0.9274591470809473,-0.4068594156937189,0
-0.3962009773050991,-0.9106195818300181,-0.5758031759619976,6.911826319111217,7.292960558263853,19.18072061374921,-0.46627673675623243,-0.870478923530406,-0.43056812557715585,0
-0.37247575813266687,-0.8829861311319198,-0.583821328222865,6.196636258460069,3.9973609804583123,21.01656507987265,-0.45334491913565667,-0.8356429550158233,-0.43469597293190365,0
-0.3211064413529524,-0.8781421254163385,-0.5665404379407809,5.167850788404831,2.543584996095916,21.841047363214834,-0.41138729159999077,-0.8260766503035374,-0.4165544699031868,0
-0.24137130241730964,-0.8906622479032906,-0.5267209904566206,3.7839739252832696,3.199113550370879,21.463300647260674,-0.3398807043674513,-0.8377550021716926,-0.3770390313697315,0
-0.14413634369669118,-0.9152409192684199,-0.47451174442230565,2.287445952214092,5.7827316939978575,19.896317530547265,-0.24968746441796236,-0.8630998505101315,-0.3237227057160363,0
-0.04453642224851123,-0.9462099678752166,-0.4216975173481305,0.9304373826937075,9.573636447178341,17.361128250778272,-0.15372534902904145,-0.893763329676117,-0.2691031313709594,0
0.048905124296597206,-0.9769485338401692,-0.37851022356020353,-0.21905957497090472,13.501178689509537,14.21198978007009,-0.0591478362925079,-0.9229772951162187,-0.2249356744987807,0
0.13681096189831632,-1.0028416489269147,-0.35139385708329435,-1.1788484114157542,16.575515267152372,10.814523613125868,0.032193700307497325,-0.9482522948469193,-0.1975480651997643,0
0.2199073299360136,-1.0238028249463245,-0.34019942691881094,-1.8868090256817165,18.325283183030717,7.437470218775898,0.11800209374576995,-0.9715007761708722,-0.18667916554801328,0
0.29036571069913875,-1.04231336001497,-0.33867462507125673,-2.2130723790060576,18.930229246149963,4.209034114679255,0.19140375282158845,-0.9948465658988328,-0.18694313094408577,0
0.33566503029347766,-1.0594951935586805,-0.3393728869880019,-2.078559332448934,18.956698822343483,1.1518770419667541,0.2426553800490095,-1.016332708524144,-0.19069825468642682,0
0.3502552064726635,-1.0739681314519456,-0.3377701753060407,-1.4917029169346043,18.95521454426927,-1.7533420595897924,0.2654438646761774,-1.0311100361713834,-0.19141247206070372,0
0.34038694677872394,-1.084208232291093,-0.332228746917189,-0.5071887109247445,19.249767671432007,-4.5472478664526665,0.26165648187834534,-1.0371984892526394,-0.1856596477960696,0
0.31734788004648534,-1.0909536235554194,-0.32210840385778317,0.7701258408595384,19.97053306141235,-7.306394928987218,0.23948452813161278,-1.038639598869969,-0.17252417271515805,0
0.2881022199330118,-1.0961453772680743,-0.30697567546157367,2.146793233520056,21.13361943545392,-10.123598620229,0.2070326343159819,-1.041310695157045,-0.1522793486052734,0
0.25273377584968015,-1.0989514547248846,-0.28733094334919956,3.396015236143011,22.628253413216633,-13.04721828308165,0.16804645589627604,-1.045445831023502,-0.12682198177536083,0
0.208790442205783,-1.0938522560638109,-0.26554061907366855,4.420356827518657,24.185661987922643,-16.040525792701033,0.12268046925076129,-1.0435100612518258,-0.10062411489812795,0
0.1563999103147231,-1.0748629547700739,-0.2456629141237925,5.361722755978559,25.46394487753607,-18.97792046373654,0.07090290390025702,-1.0269709716381483,-0.07944496748891779,0
0.09953465843784536,-1.0427714145811753,-0.23237916570421316,6.496605185297154,26.214675990071015,-21.648054715922417,0.015106277809866283,-0.9959293445221677,-0.06790600002396883,0
0.043919228062986725,-1.0067204161851564,-0.22957443252636708,7.917918808135946,26.358565175852945,-23.780903331881277,-0.039722129459183214,-0.9610194242423348,-0.0686212670553608,0
-0.005234211654348126,-0.9763374424492259,-0.23835323887473955,9.233236485987796,25.91859902018019,-25.14336088218187,-0.08791252680206937,-0.9335500248427692,-0.0816161174575513,0
-0.044424831163097984,-0.9523894232881055,-0.2556769503630576,9.65470774904885,24.95485035880694,-25.660582126274107,-0.1256350893603475,-0.9136940337509181,-0.10230820337620022,0
-0.07295006711690503,-0.9274716383666786,-0.2753255428873275,8.616648968095822,23.590857477418893,-25.437603354577735,-0.15241442084249393,-0.891375205304174,-0.12163755599874614,0
-0.09291585615518666,-0.8963545633851455,-0.2902896619588766,6.423754601913205,22.017854680738367,-24.639928175730752,-0.17014692438366338,-0.8597758704955588,-0.13172648984183988,0
-0.10623008770664266,-0.8630312047445206,-0.2955892792149582,4.154073771402832,20.382498144270915,-23.373467083964787,-0.18006666227969612,-0.8245315622538975,-0.13233131020595193,0
-0.11167004387267178,-0.8362407438598912,-0.2917094331846327,2.750220138167612,18.68615787995978,-21.7191895747016,-0.1816001216693884,-0.7974861788863016,-0.13036141881732083,0
-0.10727050116389461,-0.8204539176687781,-0.2857102329822161,2.2186355950507433,16.848061242995954,-19.856152698862154,-0.1753763873292235,-0.7841393795205223,-0.13268462214140164,0
-0.09532230764044937,-0.8132583032858327,-0.2862707910474049,1.7977243959630904,14.844991825471691,-18.061204575597923,-0.16560117158690926,-0.7797900986956288,-0.14022717535831622,0
-0.08184207404886751,-0.8096501666514218,-0.295991834553934,0.840922274136402,12.741400919589116,-16.550629749453115,-0.1568075474409895,-0.7762854327688073,-0.14884154783258552,0
-0.07038952414933515,-0.806102482479109,-0.30902793995382355,-0.6009421096567065,10.618778166871502,-15.36795050181802,-0.14904814565229554,-0.7698013570848514,-0.1542760832114919,0
-0.05889437990365905,-0.8013030113204505,-0.3165890900443525,-2.0252183371012875,8.551973504004888,-14.446608948653958,-0.1386531750814561,-0.7622871079269248,-0.15533504593059896,0
-0.043486934900231485,-0.7962377185058009,-0.31439581183731413,-3.0860243060664496,6.657484624433459,-13.721017087427967,-0.12313595420273846,-0.7578283024186159,-0.15299031488749382,0
-0.02324762768735856,-0.7946219190468913,-0.3050429616684348,-3.846227466237102,5.10721832655997,-13.136575610178548,-0.10317810937168488,-0.7591367778871273,-0.14796047110602117,0
0.00015218550649037394,-0.8011354403093436,-0.2942371178724013,-4.551866195249828,4.062985620439472,-12.611424336711956,-0.080351201253227,-0.7667124902874507,-0.13994182319784199,0
0.0251886225734093,-0.8174917910849172,-0.28534184510246013,-5.3463238802865,3.5850817350911557,-12.068059210604686,-0.055568438366949385,-0.7796564401671029,-0.1287168235364032,0
0.050404519035946165,-0.8405553671081166,-0.27734702293104013,-6.235089906908857,3.5611970866348095,-11.50967551486213,-0.030465897419960402,-0.796577869168369,-0.11547462039428022,0
0.07316480305516708,-0.8645835907724072,-0.26785624324183466,-7.213472943449607,3.7003921450817856,-11.03233088284209,-0.008164903401905677,-0.815947175914468,-0.10328381204023256,0
0.09112551359870612,-0.8848877046717668,-0.2572261318455967,-8.332113597755917,3.6706221790478035,-10.748197581083854,0.008992374902832199,-0.8358857599198454,-0.09588423757368728,0
0.10418985410701788,-0.9000796981553411,-0.24863382816960014,-9.623128340206803,3.344460596168513,-10.692492037487128,0.021479620778853546,-0.8542243640471221,-0.09475534183403776,0
0.11345012778240769,-0.9123346715670275,-0.24471511744460211,-10.980166004703108,2.9089707056188088,-10.78645968340288,0.031070332224542294,-0.8696687701701693,-0.09741979499968667,0
0.11945013961965663,-0.9255827577450592,-0.24568508519548085,-12.153536134870816,2.6655821609255597,-10.871670697015377,0.03836629170166002,-0.8830500775974499,-0.09971185894394234,0
0.12307272041614935,-0.9423723652865253,-0.2496627349222023,-12.925787453585787,2.715493732315921,-10.783670089233722,0.0432906338002835,-0.896763145145513,-0.09930200940794978,0
0.12696602759493017,-0.9618823948671348,-0.2524617896938565,-13.299628530894687,2.880021896067861,-10.42275703036043,0.04698946883982196,-0.9126541611384558,-0.09597144762617651,0
0.1337500661813702,-0.9808297454737132,-0.2485186681060541,-13.45647051096767,2.908523796468936,-9.79842889208398,0.05142534314054699,-0.9304521579701961,-0.08950180474446051,0
0.14240255454158662,-0.9961650279552918,-0.2359422164692728,-13.514915851565172,2.707181165823625,-9.034862640924256,0.05715363112660638,-0.9477681587483934,-0.07935251204547197,0
0.14836401943122138,-1.0069242484140672,-0.22031385403516013,-13.381215732642714,2.371932747871814,-8.316658304879674,0.06247409811138462,-0.9613085074275998,-0.06642086189840797,0
0.14867666418039255,-1.0136355462393114,-0.20944200535460822,-12.856878522131165,2.070600130355804,-7.780083946773226,0.0650800826400569,-0.9687800461228125,-0.0533876794136475,0
0.14570869184995106,-1.0164454623415218,-0.20401789947742888,-11.859767523032863,1.9418330126293142,-7.423953968726934,0.0643847185318634,-0.9702260587973492,-0.042477767904925,0
0.1439434438953862,-1.0147614282220017,-0.19738212810792313,-10.53255994592212,2.0792497926589184,-7.121531211560323,0.06185565384181215,-0.9673209449105463,-0.03344806423536531,0
0.14403099056234048,-1.0088613797243973,-0.18533608076748148,-9.162306914537043,2.5358636612363865,-6.719457856435944,0.0588667000538803,-0.9615724238491655,-0.02425646242745372,0
0.1423963465216152,-1.000873147408057,-0.17187317140489589,-7.99409443888345,3.29704054737378,-6.134022009807342,0.05493734572206241,-0.9539443382946832,-0.013474302004820252,0
0.1366663873204081,-0.9936333138145619,-0.16265049026218104,-7.095396854861052,4.271469636519793,-5.381384645809128,0.04891415379602215,-0.9458655956878755,-0.0017541419171174031,0
0.12904393641972944,-0.9887828897654223,-0.1565456145850554,-6.381559718602441,5.344626069169777,-4.543764785233085,0.04139534642037036,-0.9392517381894839,0.008829519560913712,0
0.12328157770845202,-0.9859692379795257,-0.14835259649994018,-5.75102466001036,6.436338100911297,-3.714611875738489,0.03478269408859928,-0.9351873342132024,0.01639003679368996,0
0.11993065797139825,-0.9837801718685215,-0.1380026603689417,-5.1752184319901255,7.496162974672141,-2.969967442628315,0.03065662291964983,-0.933411960152666,0.020367924487633512,0
0.11607077957736822,-0.9815039559839233,-0.13151867142459722,-4.6797567886625995,8.468494077874029,-2.372542205819952,0.02797507554645113,-0.9333116384576792,0.02190482492691001,0
0.1093633260337218,-0.9800488469317274,-0.13216297016728368,-4.285974238354148,9.291690158501723,-1.968248225246489,0.024622922370511696,-0.9346565471303541,0.023366081653861972,0
0.10126103890086498,-0.9811481612642166,-0.1349795590286448,-3.9733183465081194,9.929508915582069,-1.7537452285328659,0.020264616998567558,-0.9370370563265452,0.026949550412294156,0
0.09553922580704603,-0.985356907022137,-0.132144901215315,-3.665257088343631,10.388328444627726,-1.657727255400879,0.01662431730836578,-0.9392095432309145,0.03317927390858299,0
0.09388380377675105,-0.9904767458767978,-0.12171985432081028,-3.25859875952095,10.69938921258133,-1.5815376339050857,0.014941514412747704,-0.9397217001517477,0.040431780411835205,0
0.09397298053735388,-0.9924163462298985,-0.10950944483919867,-2.714889082393812,10.887016998910836,-1.4650009149162297,0.014135812057895854,-0.9382127497420452,0.04594064442035744,0
0.09236117683567782,-0.9886325908231245,-0.1030118384144556,-2.1361707317577303,10.952441698063858,-1.298092128361093,0.011987264220138221,-0.9355419192525155,0.047706630653260945,0
0.08830191245013598,-0.9808903378536908,-0.1046774911351039,-1.7105393243519,10.884028566293315,-1.0671989975405853,0.007736349660027689,-0.9323756986017403,0.045801872257422396,0
0.08399041620650054,-0.9735939150686614,-0.11090809562381579,-1.5555401173689614,10.68551004626716,-0.717273729441944,0.003101059797253088,-0.9282379922557695,0.041883491987052976,0
0.08182709319925721,-0.9688273825773429,-0.11628398300395823,-1.6290355707719246,10.398914706566986,-0.19399285880527317,0.0007327092548923822,-0.9224714188470399,0.037689533721527106,0
0.08248931362522945,-0.9640283050056284,-0.11808099221021008,-1.7999400862163386,10.09320028049554,0.4843957441749868,0.001745742849643357,-0.9155446537027649,0.03421314983381467,0
0.08512880708764355,-0.9555149061802488,-0.1176191060952479,-1.9804396743408237,9.818325312612753,1.2322412592305567,0.004670685825895553,-0.9085866788748148,0.03185124795296798,0
0.08776427777254012,-0.9434785420717536,-0.1181580446797146,-2.1773452429369122,9.56779750280663,1.9900132125821501,0.006742312400119558,-0.901936845545347,0.03076809524189959,0
0.08759911824529461,-0.9319619627070016,-0.12145085104439748,-2.447333074169059,9.286768423870496,2.7897751944736457,0.006342973692751893,-0.8950478017873922,0.031199739409247355,0
0.08368172646011983,-0.9241586894357645,-0.1259977490019021,-2.840306986900051,8.91239168394398,3.7036567863169716,0.004479619270373279,-0.8879747885956973,0.033559660429517336,0
0.08030255024258798,-0.9197767771124044,-0.12784399845759348,-3.381277305651975,8.408709631957242,4.742818871648705,0.004039864217288306,-0.8822821894607092,0.03802105000557858,0
0.08458619132175216,-0.91770374256908,-0.12291870690275829,-4.068938455206045,7.778976252348711,5.836499393553057,0.007449016441798513,-0.8798093189979568,0.04405081772696439,0
0.09819828423444178,-0.9189158549999938,-0.1105955257147489,-4.8650669852478545,7.063042280885581,6.90237218349647,0.014710154405836952,-0.880730121466209,0.05072935594063524,0
0.11378569447788597,-0.9246533499480537,-0.09603160899471613,-5.6881956739613155,6.328778470769404,7.905952878274968,0.02350521524957625,-0.8836368497323525,0.057508464511808466,0
0.12251151066073078,-0.9331156297251901,-0.0865184238651188,-6.431945160022177,5.653383639453053,8.853261699558823,0.03123058704934897,-0.887530882158091,0.06440454371377678,0
0.12340172922325753,-0.9406455031382943,-0.0837253873102652,-6.998680288188501,5.089281876975763,9.7569433361075,0.03694051117963326,-0.8928510667708405,0.07146936676740065,0
0.12242518824110198,-0.946251122750553,-0.08194374271344423,-7.327502362339976,4.629992030312881,10.615492662276685,0.04112190386169656,-0.9003469678278668,0.07805431435650316,0
0.12398549264882665,-0.9527708970971971,-0.07626296469194097,-7.416036339840569,4.205597010532488,11.406522915649932,0.04384278437110053,-0.9095654765398842,0.08250669654051712,0
0.12680574508502196,-0.9626829667348286,-0.07002230906810748,-7.338831083286005,3.720220063912746,12.100682519125066,0.044225255564285665,-0.9189329382522121,0.08309665335808093,0
0.127619655178727,-0.9746570023626079,-0.07061054291166771,-7.234959052960947,3.113818807628446,12.694661774171312,0.042184536874220975,-0.9275283344920865,0.07992289968654079,0
0.12542116143742735,-0.98593004654158,-0.07907969806423695,-7.233673707650851,2.410831301921049,13.220142792483557,0.03928524327665508,-0.9364845475534832,0.07551348013142548,0
0.12114063842394865,-0.9964783421312454,-0.08791492370722946,-7.347670329382621,1.7107700069962577,13.704130549667262,0.03664776301833431,-0.9477969452363794,0.07250616639744388,0
0.11530778399159626,-1.0082350731307048,-0.08999006878142511,-7.427242721747184,1.1076113063253155,14.130654150278044,0.03297572336400623,-0.961428914833707,0.07061915929138655,0
0.10749842597560402,-1.0207070153368214,-0.08730292074276393,-7.244307321310691,0.6057111648643784,14.45835263929666,0.02593963589488874,-0.9742454547686249,0.06677299531779561,0
0.0975312696249145,-1.030039817965154,-0.08886977420936247,-6.663736679532364,0.12453846021386172,14.672309995732741,0.014985133024440529,-0.982359545590655,0.058735975010702476,0
0.08639235991139393,-1.0332640135266367,-0.09999505315576115,-5.768910653158566,-0.42212219117649413,14.811959273803467,0.001905595480110203,-0.9844180990964411,0.048271849269574986,0
0.07567204986076674,-1.0318036557749064,-0.11508132273912107,-4.833537249970901,-1.0764368519617669,14.951713613070417,-0.010920648820338184,-0.9825431153031169,0.04012090528986256,0
0.06593181770539608,-1.0297211918132634,-0.12261221440081706,-4.153132652982118,-1.848994989281551,15.151645524751132,-0.022143430315217677,-0.9806296647688032,0.03799781498196092,0
0.05597026596036247,-1.0301168402359124,-0.11700236801216227,-3.8628899657160143,-2.727954508873725,15.419171425864514,-0.03155551068400038,-0.9822670625397043,0.04211330236241639,0
0.044495954041587696,-1.0349960506861278,-0.10369866924121389,-3.8720514070321848,-3.661080852243059,15.719928963058829,-0.03950042288080746,-0.9898269326509391,0.050355156341609156,0
0.03233532892953213,-1.0468626633724176,-0.09209603077514308,-3.93445578691114,-4.5684073243454675,16.0254209147624,-0.046771677963224186,-1.0040976495384129,0.06068218868147554,0
0.021507896482821545,-1.0668120882851329,-0.08531362490942285,-3.777020578715139,-5.40356998914032,16.340836588196183,-0.05470325348273568,-1.0236853264184365,0.07173425458316571,0
0.011963025022900045,-1.0907982884211198,-0.07846384060156561,-3.2180954377679774,-6.193027901215103,16.68678302070586,-0.06417702427488599,-1.0451258043697305,0.08209453885377369,0
0.0018804139267161388,-1.111283036214206,-0.06606184383906044,-2.247732413747842,-7.002040575675978,17.06617361217607,-0.07391995924704058,-1.0646856089394998,0.0904142428528828,0
-0.007410376701264819,-1.1245537168989017,-0.04904435927591244,-1.0284768005420177,-7.868827773345772,17.44985571630024,-0.08050895140948389,-1.0804278548928767,0.0965628412297378,0
-0.01012988916010625,-1.1342737462830914,-0.033436677567718044,0.21254180952951354,-8.769432582838219,17.776854791095094,-0.08098500682451146,-1.0923779966058338,0.10200779523463377,0
-0.0024846448205279037,-1.1458618970242926,-0.023417143678562357,1.33176584727909,-9.623131868558858,17.955826073203273,-0.07527962780134866,-1.1011620422105006,0.108696949790221,0
0.012327720751439359,-1.1592504692168664,-0.017985270811191764,2.326602005776222,-10.326934987982812,17.88075419314233,-0.06555534804123392,-1.1071733188910098,0.11768930351334261,0
0.028286182079871432,-1.1693857076356031,-0.013703848975069802,3.258148228211558,-10.823379940480821,17.47736865508776,-0.05370945079954115,-1.1107549715820644,0.1287788361611052,0
0.042952117813583886,-1.1725568256760892,-0.007504425299368566,4.144700787000654,-11.176659039722148,16.75436679884985,-0.040433532687155826,-1.1122577994771357,0.14103445001000992,0
0.05674391449740604,-1.1700166531631149,0.002710721095042161,4.955109146101876,-11.577471792711432,15.807813391864386,-0.026478463761188856,-1.111664522179616,0.15349827889222847,0
0.06841728365800526,-1.1656085829422935,0.01605945860601796,5.686494769556951,-12.2355083908873,14.76888664876095,-0.013722069217035197,-1.1086972075916077,0.16531104997358495,0
0.07551176872837197,-1.1611793565889421,0.026723642301650825,6.386450482083035,-13.243413122983927,13.744967138348258,-0.004316976058851198,-1.103653922150488,0.1752183448972181,0
0.07864506196767346,-1.154687051116083,0.028192305921606542,7.0648072631226535,-14.539744337789434,12.80517385668886,0.0008983019475056337,-1.0978450451854869,0.18178598604222782,0
0.08099210632022752,-1.142883533678764,0.021661492631436546,7.628157508954527,-15.992183381673945,12.006246160903618,0.0024400685193130597,-1.0927171853909456,0.18503672843192204,0
0.08254915173983822,-1.1261991036200232,0.017391156222646965,7.967542973220009,-17.50324546070281,11.408315588095823,0.0007696420994050293,-1.0884321173908182,0.18716644630697657,0
0.07930154384444289,-1.1102991683246959,0.02449440287451169,8.10591830471621,-19.04484442366419,11.046382648338716,-0.003965526608634434,-1.083581300822377,0.19034217073554127,0
0.07051292793893994,-1.1015226038547303,0.04047033935764851,8.198602392554815,-20.629159635788152,10.892138116656577,-0.010193606750461926,-1.0767092163550027,0.19440979428893596,0
0.06248866186334751,-1.101365534113306,0.05333542930741669,8.367355714919437,-22.29616984880462,10.876692718085227,-0.01430913141585391,-1.0685982096214568,0.1978259350829067,0
0.06049014718988474,-1.1072460837366485,0.051955371180218986,8.560778024863907,-24.15989682955811,10.978032569033012,-0.013958489857480017,-1.0633880771951019,0.19876718345233252,0
0.059193813117825275,-1.1183103394757503,0.030247842025822324,8.553866372969662,-26.440422446515285,11.275280645163415,-0.01265321342265748,-1.0672106253447182,0.19152664039611225,0
0.04641965007754051,-1.138088241351909,-0.016453429278241463,7.977021461532048,-29.344783212462758,11.88006218087484,-0.019892417888336254,-1.085030201989287,0.16225454424960742,0
0.01701800783594196,-1.1704976999979546,-0.09160056215648817,6.280757052811602,-32.77766737296549,12.787867697216067,-0.04433443722515534,-1.118035671319257,0.09502339545390957,0
-0.019819319255312853,-1.2147881504607756,-0.18985915396947303,2.815187395385992,-36.126694654412624,13.78881210070322,-0.08426956984153983,-1.163089495990115,-0.010757522193149571,0
-0.046977372499513954,-1.2656241617275654,-0.2912158421827571,-2.6963423975237037,-38.465021168929134,14.521122760945852,-0.12365784992115678,-1.2137936465197137,-0.12883369300036954,0
-0.04974319016603886,-1.3166594669366825,-0.3672153272460269,-9.433475341249364,-39.16727719894304,14.627762099692326,-0.1390934331970382,-1.2624340595638375,-0.21826640685808996,0
-0.020132123679132898,-1.362014806405213,-0.39804087797153076,-15.277805053760138,-38.41364832570126,13.923843172745181,-0.11407014500482503,-1.3023030499354122,-0.25271198513137816,0
0.04230688169958552,-1.3951675206712495,-0.3871655004092269,-17.82299935696148,-37.03048672462665,12.495622582546977,-0.04961006798628048,-1.3290581000067134,-0.23929440520275783,0
0.12849814559473957,-1.4090156173241186,-0.3598330240356621,-16.10743107930578,-35.762609174873724,10.662494545467942,0.03741635251910711,-1.3399254340786606,-0.20950098509173964,0
0.2209915908859344,-1.3979659143650778,-0.34529454504798973,-11.486997318214238,-34.686331700163116,8.772494740075487,0.1261779639363628,-1.3317848400519285,-0.1936371462621575,0
0.30209076000458496,-1.3599847129174178,-0.3583179796153518,-6.650167827478328,-33.310834779418705,6.938409297928336,0.20261846869780759,-1.3009963120836885,-0.20398799695841344,0
0.3612437435692096,-1.2981034500184654,-0.39541782559169497,-3.6756940007389733,-31.178293465661554,4.955203343246519,0.2603240547857606,-1.2465472286580743,-0.2372540378078431,0
0.394209381413458,-1.2209306699755509,-0.44469278640262255,-2.9763479094282044,-28.31761647832652,2.530769908870341,0.2952141184440481,-1.1735322168890316,-0.28513681910333605,0
0.3997199822281221,-1.1393232444765025,-0.495589379093552,-3.790955240287682,-25.16818192845766,-0.37781864311614843,0.3039392787574661,-1.0915069994926745,-0.3389714723052236,0
0.3809396476772331,-1.0597540019827094,-0.5409691527808806,-5.191229534224501,-22.17867090917536,-3.4844826824197233,0.2878448955963561,-1.0081474213822028,-0.3889124697773769,0
0.3472041925650883,-0.9822059105817758,-0.5760683933056602,-6.477352474817758,-19.54704095177012,-6.412281765251215,0.25510592010280364,-0.9264860166891842,-0.4262593937874154,0
0.3090852896595896,-0.9073041277835262,-0.5986968290453814,-7.073635656065512,-17.285429214942745,-8.929627386731621,0.2161585483959697,-0.8501799262152626,-0.4482548498633744,0
0.2701078132408932,-0.8442807797396112,-0.6077519479240074,-6.641635017435567,-15.38218728150599,-10.930366503340826,0.17612976385549822,-0.789138039222996,-0.4566861176212109,0
0.22412700094171223,-0.8080774583510749,-0.5995022222800162,-5.441865338543797,-13.818551740734382,-12.298241908571038,0.13129835826769054,-0.7560586569860356,-0.4505355907893527,0
0.161996457826796,-0.8073125126469575,-0.568543245896236,-4.320448316968435,-12.50666511182864,-12.930463653956203,0.07344594114275957,-0.7568638148054788,-0.42380930214394985,0
0.08233219542454674,-0.8368161695879217,-0.5154946334369276,-4.111249211325951,-11.322745266694202,-12.906724676072457,-0.0003502874716795508,-0.7864453666813601,-0.373153792412942,0
-0.0038384315565929373,-0.8828719601216786,-0.45139299056294624,-5.032800847043423,-10.20142890998021,-12.547404832857694,-0.08136543469384981,-0.8336167291997902,-0.30571751203867253,0
-0.08045368598397039,-0.9338686434732,-0.3912079097735448,-6.668863813031168,-9.144521153288798,-12.24550166440379,-0.15434676398699174,-0.8876687821741722,-0.2372930241859039,0
-0.13858063469849857,-0.9840478174106158,-0.34443186756051175,-8.402255609074563,-8.142786937254122,-12.228371955945503,-0.20988718350954105,-0.9397998301546386,-0.18292682536147367,0
-0.17949496980052404,-1.029063678586996,-0.3138591356286353,-9.732050981405703,-7.134899273571441,-12.44926801779889,-0.24960733131693355,-0.9822617083485092,-0.14940307016028778,0
-0.2065361350601682,-1.0627644139518122,-0.2995680755810541,-10.25892781733669,-6.059855642807748,-12.654973691941493,-0.27819558004895906,-1.0104250288585046,-0.13483387424375942,0
-0.21798495658678904,-1.0806199128564637,-0.29873989711802984,-9.66285114076701,-4.927758695013895,-12.540328679953769,-0.2939590103605387,-1.0255888929142247,-0.13302877508396616,0
-0.20958568317386192,-1.0842407521722184,-0.30326422074587495,-7.924257662476419,-3.808181820801495,-11.870121779161034,-0.2905479843826139,-1.0329158418207671,-0.13745257428462057,0
-0.1814391130043125,-1.079887225084119,-0.3035991164551245,-5.534045668423397,-2.7430842217004043,-10.514590230833107,-0.26607668007009944,-1.0357216039296238,-0.14251909602858504,0
-0.13998099870092195,-1.0728190014760748,-0.2965549880473532,-3.3201766560465766,-1.6996871090032415,-8.44356552428164,-0.22680303172235292,-1.0331750021864623,-0.14395170611071054,0
-0.09363068647745952,-1.0647230187100913,-0.286541151294769,-1.9617048134932615,-0.6344268944902555,-5.738506172121141,-0.18162218977428976,-1.0239676813338776,-0.13990160848011907,0
-0.04800948866180184,-1.0560506073855953,-0.2789594530453905,-1.6177876754709892,0.40487071932690655,-2.5990903955878224,-0.13561398801491206,-1.0107992043577803,-0.13170046233422603,0
-0.005391455060226241,-1.048373236708087,-0.27493653432300375,-1.9495590994867391,1.2572018690635105,0.7165123929687339,-0.09033545854900796,-0.9998501233232461,-0.12251929763195397,0
0.03279082045922886,-1.0433801322574061,-0.2722859315905428,-2.430675531071447,1.7331291982965744,3.999878673984935,-0.0484904299761168,-0.9953652851694987,-0.11458624830516627,0
0.063874694067676,-1.0405770118784572,-0.2684155273759872,-2.6458376887449253,1.7396919244596147,7.154305037563748,-0.015353296090231632,-0.9951213783353778,-0.10762786831920461,0
0.08432989590226435,-1.0371193224824156,-0.2618357949090535,-2.375496162456815,1.3625623317757747,10.160941618228991,0.004992953259442382,-0.9922749660115306,-0.10042930656147905,0
0.09266794949595149,-1.0303468166380862,-0.2538560181689026,-1.5241804174641198,0.8494781441330589,13.00215263161869,0.013206260066107527,-0.9823353132722329,-0.09402658559331964,0
0.09194739750330559,-1.0202689000976237,-0.24939412678809122,-0.1108623896376786,0.4930747455665853,15.612170916192312,0.013507997577243377,-0.9676346913500204,-0.09224413639354333,0
0.08778247623646923,-1.0087759480072203,-0.2531593784478851,1.6164237555188259,0.49035131749240873,17.865662925598446,0.009611789159684258,-0.9540507421571511,-0.09769612750461218,0
0.08342972489834939,-0.9964013015124642,-0.26403840100768516,3.175630485031118,0.8900478809981744,19.599575581645617,0.002674798259437528,-0.9440041303334628,-0.10767734641771262,0
0.07823766007112193,-0.9815732380135027,-0.27508310126595714,4.13746041365496,1.656719626160165,20.684202870501924,-0.006992107190807191,-0.934275412660876,-0.1157836912249143,0
0.07068819959249381,-0.9640723042160262,-0.27965567783685896,4.458081191186669,2.757402556466021,21.113737474796803,-0.017633383657998297,-0.9208189817485251,-0.11808976728785263,0
0.06096372392397682,-0.9471346704895861,-0.27694438059291826,4.4413609466514865,4.1676831712894735,21.028061158570573,-0.02676822233033233,-0.9038752445368115,-0.1165328263638226,0
0.050392665949077084,-0.9337521261053403,-0.27177285250917993,4.340102830697032,5.807828393699539,20.63412856807066,-0.03395561985349091,-0.887032310824956,-0.11571389610705159,0
0.03994069808078405,-0.9221840982480844,-0.269677655049289,4.073674123116706,7.512660014261612,20.10081393535235,-0.041573892459860096,-0.8723527475375155,-0.11756144573006659,0
0.02953853417142919,-0.9079132183940235,-0.2720919590537788,3.386260740180989,9.10030547153509,19.509786872308933,-0.05235751394324222,-0.8584922319254682,-0.12008321671251465,0
0.01825067007792257,-0.8898495593943223,-0.27575607409606867,2.1987643655385227,10.47664767401405,18.87922986196341,-0.06661053037979557,-0.84395613929182,-0.12051447205591224,0
0.005472940473415486,-0.8725503843819404,-0.27625842719794624,0.7043727031520638,11.658592952023232,18.223863888725365,-0.0818099312462423,-0.8303522830077923,-0.11808310911444063,0
-0.007425312669485629,-0.8618409695478059,-0.2720318899682842,-0.8386858158133037,12.702123874181916,17.58606821781891,-0.09447270410387609,-0.820785876646872,-0.11333193823080936,0
-0.017500091015495222,-0.8590477887402546,-0.265050796085923,-2.2828537147311536,13.63173210259276,16.994187688215806,-0.10276253491417224,-0.8158683794685841,-0.10624658926653788,0
-0.023632028747698163,-0.8599669447296615,-0.2578140506444382,-3.553401461765876,14.433927789513925,16.393878754533873,-0.1080035109839872,-0.8133632399740754,-0.09653367634906347,0
-0.028871803496706348,-0.8595794881685386,-0.25020099229642945,-4.563023780498766,15.08782620859686,15.651209030969447,-0.11362066563590101,-0.8118134333303617,-0.08502379454797536,0
-0.037364532184182335,-0.8576059079273837,-0.23986266193349215,-5.249237415138551,15.593840921571331,14.648609056078094,-0.12223409335470989,-0.8125121944222072,-0.07317591087855267,0
-0.04915041808245434,-0.8587948304526025,-0.22566924477758496,-5.653506619646517,15.98748350039862,13.38221804164912,-0.1336299548262991,-0.8172831787824113,-0.061424518067173466,0
-0.060225906068777146,-0.8674495569735486,-0.21030237590208375,-5.88791289637762,16.330228654544474,11.965168654223422,-0.14525355114098956,-0.8259788991561285,-0.04939961815738425,0
-0.06765295190903999,-0.8823314530016235,-0.1986360248703964,-6.014377832103317,16.683242938438614,10.538569257493862,-0.15432512024863915,-0.8369733500183926,-0.037753537209970975,0
-0.0722317918777264,-0.8975394624543475,-0.19293646245357407,-5.991238967729173,17.085910381903176,9.179370927739589,-0.15970783385973886,-0.8488595679085797,-0.028573195635174336,0
-0.07610133014444674,-0.9080596374931944,-0.19058188681100227,-5.750380496594254,17.544996058039068,7.888286651764243,-0.16237472897255179,-0.8608504973554119,-0.023699859259726157,0
-0.08024227491433969,-0.914225562870347,-0.1879964136456328,-5.3174733784878985,18.029106311177877,6.650460006207507,-0.16438370264779828,-0.8725266392653567,-0.023243208287563422,0
-0.0847348583909954,-0.9212479908637595,-0.18571954370708382,-4.864403849495917,18.480973843008,5.487605831639741,-0.1671592162589053,-0.8843091759443962,-0.025501705589145787,0
-0.08896143262840896,-0.9344330639528937,-0.1865196418870868,-4.646147533861357,18.852217208731577,4.4465577083787675,-0.17031542922354131,-0.8977217414086629,-0.027378794618260732,0
-0.09068692545801077,-0.9542438531071805,-0.18845352005592605,-4.831431621160874,19.124752326073015,3.5522588295732658,-0.17192533970136897,-0.9139092946239281,-0.025182512397944726,0
-0.08715605700511865,-0.9757762420084936,-0.1841083816882331,-5.314017995776124,19.28833646446205,2.7897498408539354,-0.17023453260547278,-0.9316030316348988,-0.016682995365577862,0
-0.07845834370260771,-0.9930433687628526,-0.16952298161759916,-5.6753011300563205,19.306105275100453,2.1368350120927113,-0.16556929426840034,-0.947384558644684,-0.003246933547413141,0
-0.06869234474061243,-1.0036728352243676,-0.15072736370176493,-5.406869475748374,19.12589271729042,1.5976529516178963,-0.16048777410538828,-0.958485005790839,0.01070573191161089,0
-0.06308444036593057,-1.0095553036121514,-0.13751245054172284,-4.258479247321481,18.737161014152097,1.1747331004240995,-0.15765196761073924,-0.9647739276751683,0.021058320302994826,0
-0.06422664946850264,-1.0131512526030597,-0.1326545718534983,-2.4078200720975675,18.205463841186123,0.8049574946059184,-0.15748107145101126,-0.9672649672518462,0.026877318581613123,0
-0.07033238927655179,-1.0136460830929108,-0.13108243699761385,-0.29765718050673373,17.630144701619745,0.36148304049152097,-0.15796352938994532,-0.9651539927263988,0.030070201978859623,0
-0.0761998850348437,-1.0074290484180797,-0.12795608941784292,1.6848167890733312,17.055517825275132,-0.254233001343128,-0.15657777960595293,-0.9559238607365614,0.03260539760818919,0
-0.07668379600495541,-0.9921399000116657,-0.12355499634954348,3.3813858256488967,16.4244344375183,-1.0401935499510397,-0.1523225198104043,-0.9389935640839369,0.034456899978923886,0
-0.07056482494433228,-0.9694348757998532,-0.12086511022770803,4.785700769706442,15.628646227430728,-1.922480925697369,-0.146233750733901,-0.9178317556033874,0.03443892774926029,0
-0.061382384856814076,-0.9441769350435792,-0.12141585529176428,5.878658538052035,14.614174922606537,-2.822594042200857,-0.1403062116126613,-0.8972660722510072,0.032676333085393396,0
-0.05431022802573189,-0.9218688562139747,-0.12364174383810835,6.577147777536177,13.441509435631597,-3.67754629215967,-0.13594464439994097,-0.8797879798878654,0.03135467765351965,0
-0.05193604191782929,-0.906292808332312,-0.12410576169306431,6.828109639820065,12.245451926296571,-4.430899618355377,-0.13332813541212332,-0.8656801155984465,0.032627576964777256,0
-0.052806500599333596,-0.898153188198074,-0.12078041934870283,6.720789532933658,11.137034577936756,-5.052401973233672,-0.13211907746767768,-0.8555079254571855,0.03638522758289475,0
-0.053833432036158986,-0.8955967845304498,-0.11552079807614603,6.479514071527364,10.136204062113075,-5.572669767257752,-0.1323662862332954,-0.8505686423835362,0.04065280204851082,0
-0.0535296931990596,-0.8964042079338824,-0.11206176523304624,6.326864788177019,9.187286961541897,-6.072123115236176,-0.1341761841590951,-0.8509039074383895,0.04392773136445498,0
-0.05260937874102309,-0.899353146723378,-0.11117914285525808,6.348215830751232,8.233733644045065,-6.614996486411814,-0.13663066579183308,-0.8541000210624782,0.04666022945043536,0
-0.05227714898680163,-0.9031327478571312,-0.10964108371921624,6.485094963246798,7.276045641415977,-7.195596595942467,-0.13788697966731225,-0.8567264456562641,0.05040201206560203,0
-0.05265536616041918,-0.905197083323323,-0.10491043761770191,6.6364654824635405,6.35756757018631,-7.7599262934152256,-0.13682398432259077,-0.8568147418595695,0.055720862227999164,0
-0.05257780790324624,-0.9033208049564019,-0.09911842792566325,6.747449757690904,5.503505241083055,-8.276891516852483,-0.1342143628188961,-0.8546969276369568,0.061086287468576736,0
-0.05103651691162993,-0.8977904048489436,-0.09685162552649604,6.819249103388245,4.688817004620665,-8.769255524915419,-0.13196614471159143,-0.8517240199814132,0.06377321372576182,0
-0.049527586055178034,-0.8905383459812829,-0.10013178333866704,6.8655459937782135,3.869093042665043,-9.263984152606902,-0.13159494941038113,-0.8486541960458247,0.06187481048211337,0
-0.052142763512741164,-0.8826063516956045,-0.10714898904654212,6.866457572010046,3.028373931675431,-9.725369070210888,-0.13378118029065794,-0.845198609969238,0.05568257554514769,0
-0.06134615839778616,-0.8740924923457897,-0.11534393776484568,6.755757013413399,2.1824777765298693,-10.061977077686757,-0.13886611612633287,-0.8407211476655999,0.04730243929409068,0
-0.07385758698177684,-0.866221357368874,-0.12396387744580362,6.44204969689506,1.3454969504023375,-10.216609227123406,-0.1467012395187924,-0.8353204395932828,0.038856537388000344,0
-0.0831598202679658,-0.8617246224298787,-0.1330250364254811,5.825737964206269,0.5224478705459764,-10.246324228609168,-0.15565074199027482,-0.8304798569264443,0.031118811842400264,0
-0.08643571761411678,-0.8630623280980929,-0.140967330384942,4.79038114461419,-0.25444829880234043,-10.290595270289558,-0.1626727665912359,-0.8289626079288795,0.024080192587020016,0
-0.0864891843676607,-0.871437162933639,-0.1450954769034274,3.210326136910821,-0.9098649865814717,-10.439494643845885,-0.16553731416050785,-0.8340696011984682,0.018343458918280972,0
-0.08612710276676615,-0.8871900099160863,-0.1450489345654648,1.027594450529545,-1.3732108063998578,-10.636733379427852,-0.16487812203798344,-0.84806482392799,0.014962255447501188,0
-0.0836570448226435,-0.9093203709492705,-0.14472769071444988,-1.6236508301115504,-1.6323188026359212,-10.727373869110025,-0.1630919411738899,-0.8699443157337579,0.013763800054171382,0
-0.0761547639915205,-0.9343874087177705,-0.14907897115212093,-4.352926768588083,-1.7232512097801773,-10.60416053317636,-0.1611303996575072,-0.894596964366262,0.012640599383754433,0
-0.06500551593490501,-0.9577129227033739,-0.15889254851174803,-6.62041213969917,-1.6841371472658873,-10.310307158144447,-0.15741898365663742,-0.9154835279952238,0.008929472801826072,0
-0.05475659950212094,-0.9763470252401617,-0.17026902665702784,-8.003900956492327,-1.5385254889742233,-10.01739257869522,-0.1503116313580626,-0.9291741612047592,0.0013599772001809617,0
-0.04721855973687846,-0.9897426237597408,-0.17949866727005512,-8.450006018844178,-1.3075549786202745,-9.916504653626308,-0.14055017230306838,-0.9370798655034958,-0.009053179167809849,0
-0.0403174427814047,-0.9977516006314266,-0.18650734194909016,-8.305430028282336,-1.0150358281364043,-10.120066532505744,-0.1303600675463923,-0.942621792642338,-0.01952270939272607,0
-0.032361404792835495,-0.9999744888385659,-0.19272786149106894,-8.096856986099853,-0.6827335008309109,-10.641061326581175,-0.12046836904288584,-0.9475511015669733,-0.027261343814817533,0
-0.0231257681025062,-0.9977044253641929,-0.198100113856599,-8.23684538777748,-0.32345260692441,-11.432959215908562,-0.10890923953885917,-0.9515095138682075,-0.03157222986707074,0
-0.010585936519487492,-0.9951458428743154,-0.20203358440035243,-8.867905350035036,0.08394811645177594,-12.423972499904155,-0.09323054361294356,-0.9543373785161083,-0.03403276132810926,0
0.00868064056463156,-0.9979734151721874,-0.20505143311337598,-9.903932648637106,0.6344611141067867,-13.519047059979867,-0.07361058413285032,-0.9581241238023827,-0.03587495971485566,0
0.03437359688144922,-1.010805758049383,-0.20649073780308266,-11.16266009345476,1.49202160072487,-14.604952996333948,-0.052982682909489334,-0.9672183501397601,-0.03543181210349494,0
0.060867046732632095,-1.0347923023246257,-0.20162260229762025,-12.457205539100395,2.7906893625184446,-15.58207601658456,-0.033815352251392726,-0.9856947751773266,-0.02911416960171087,0
0.08201507168705559,-1.0658433898383362,-0.1849495105332739,-13.61033710238418,4.501967717679757,-16.390252820098883,-0.015861702834515257,-1.0134215332375278,-0.01514373838359186,0
0.09613072839733144,-1.0962191553617873,-0.15794482941881915,-14.44892285787552,6.402594359711206,-16.994272881501352,0.001971598114341837,-1.0446181799564522,0.004005216083167754,0
0.10600170712463003,-1.1204564197028735,-0.1306291608968638,-14.845682367811985,8.1945160724545,-17.352617839251216,0.01850338601515101,-1.0717212266919547,0.023034541838287383,0
0.11473867961399119,-1.139523183457058,-0.11258062345377207,-14.800501699719925,9.674111776288838,-17.418491957324008,0.03052840729319515,-1.0912126856419155,0.037943465456598414,0
0.12163920733369266,-1.1572179172573627,-0.104022008729911,-14.465273677127943,10.807801392546056,-17.17404107158968,0.035923087126015,-1.1050510997161596,0.04904771130336094,0
0.12285641977893338,-1.173577880510186,-0.09787207701214883,-14.032792492438528,11.683425108399595,-16.64980150196083,0.03532897185010728,-1.1165569789878655,0.05987121893204263,0
0.1169958050278666,-1.1846512587588838,-0.08810304488713411,-13.56360335080956,12.424686301932924,-15.903002417749875,0.030939246960758098,-1.1261856528250784,0.07311134380398802,0
0.10842682951022808,-1.1882771696573233,-0.0737400949154974,-12.942011238798077,13.148804061769434,-14.984726584809595,0.024776828328737687,-1.1319881178927087,0.08813525673189436,0
0.10301140866060852,-1.1872066979782938,-0.05710313987705594,-12.035066758273306,13.95723047230667,-13.936075319293915,0.018268740240319877,-1.1331434547389199,0.10250929854790053,0
0.10185372615863869,-1.185890412837284,-0.040643264127943765,-10.878396634503076,14.915215905723493,-12.806068236355356,0.012544662414097418,-1.1314577737644689,0.11534285884821521,0
0.10162649050939392,-1.185981644104975,-0.0244553179742971,-9.66635510717152,16.031923143897078,-11.649712197200454,0.008527070286023328,-1.1293570406103284,0.12846870290183718,0
0.10002572123181665,-1.1859828324890203,-0.006099295389720366,-8.567032870349133,17.284007815287147,-10.500203246096792,0.006665799911290512,-1.1277924541424367,0.14422499448485032,0
0.09812663003027025,-1.1843006926357156,0.015768138112200666,-7.589127867678865,18.666922005922608,-9.36400941059995,0.006636380652442875,-1.1266676826884698,0.1624450804840738,0
0.09745852133104078,-1.1812375640461559,0.03772123770638591,-6.629425730649826,20.21063857105665,-8.26242775514347,0.007476477813965867,-1.1262175772900844,0.18019254059425235,0
0.09732960392515137,-1.17801241631403,0.05407973077114738,-5.591943700542739,21.945696667307185,-7.2627516754010415,0.0082374276509934,-1.1269706646285444,0.19478170605540504,0
0.09626701405234718,-1.1752185913466402,0.06380684069039597,-4.422456961665187,23.869691192470466,-6.444415813188145,0.008711213134523974,-1.1287650418508548,0.20667423927214623,0
0.09502891679553394,-1.1731125064065184,0.07223598273291407,-3.070765718564503,25.950227451348397,-5.84233011153625,0.009849106408472596,-1.1305964430264739,0.2186505417609249,0
0.09678199347726255,-1.172443278970077,0.08443517109770535,-1.497140511586077,28.152654908555053,-5.441831768335666,0.01342329103810816,-1.1312934809861122,0.23216982389111002,0
0.10380236117846618,-1.1732881088943687,0.09915444897082563,0.26859813807655464,30.46459598563915,-5.214882787886634,0.020435386313088992,-1.1297971273978367,0.2455032582811013,0
0.11416557714303259,-1.1729781763298255,0.1110501072390711,2.126404337250418,32.889564752977336,-5.135695664638582,0.02919335458496969,-1.1251037086720015,0.2557238832115369,0
0.12219717111171273,-1.1670060297472007,0.1165632925658566,3.9953960181725003,35.39814845886494,-5.172907585026597,0.035641500889688656,-1.1167581201534522,0.26134580570547417,0
0.12305767343228688,-1.1533736497587361,0.11515501613906362,5.864575865666808,37.88240288112131,-5.3037613941791575,0.03682699508487874,-1.1054281442395055,0.26197858995688494,0
0.11743375044499484,-1.135538806700204,0.10604771319588492,7.690455930835796,40.1859261324614,-5.549308041368912,0.03390341638700947,-1.0926895724359895,0.2559387105057322,0
0.11087015512295989,-1.1202010365009911,0.08616516419644395,9.218499276095208,42.19474875163664,-5.972795700345297,0.03042541354794093,-1.0808934555141376,0.2393508352991977,0
0.1072843825018589,-1.1126891638769325,0.05143559851817492,9.925690318883682,43.88061664714646,-6.610835835553861,0.027657827702223258,-1.0738666402236017,0.20797410724933246,0
0.10399904658461924,-1.1152653293084853,-0.0007449180332869533,9.180390884680989,45.243065798284675,-7.393157616241948,0.023130704943864586,-1.0765256642894936,0.15981545739133546,0
0.09512576413203568,-1.1287132272845983,-0.0698278015292949,6.510843634135984,46.21887262291888,-8.146619118123636,0.014286790385638248,-1.0918114382926691,0.0961229977620264,0
0.07908161266883851,-1.1532277512184514,-0.1513972908662417,1.794896650472255,46.64861135268076,-8.697373045867991,0.0017957997552408155,-1.1179111713705163,0.020463137805473364,0
0.05935145286110159,-1.1874007050474007,-0.2372571591574375,-4.671343094180389,46.33118021904548,-8.953406556759056,-0.012470899965821895,-1.14998107077712,-0.06181935213957486,0
0.03672334319345485,-1.2282484855953337,-0.31593199497426566,-12.095022564600422,45.14340491136608,-8.854742684923835,-0.0304024829489229,-1.184729315266171,-0.14193334511946856,0
0.00421756051133922,-1.2731217223285645,-0.3736616432326067,-19.08902385010894,43.13966783318582,-8.253594860514854,-0.05886348352948834,-1.221818934790336,-0.206364543309005,0
-0.0468515811124811,-1.3198620660101297,-0.3980562245651471,-23.8733165863421,40.51162801915671,-6.8997557944169206,-0.10490867112416555,-1.2605382534333092,-0.24067068829958707,0
-0.11712477210942678,-1.3635502188803155,-0.3852410063470868,-25.033826342160364,37.39291863634323,-4.587445986156042,-0.17015458318155927,-1.2966814998941953,-0.23768894541501315,0
-0.19870125449614243,-1.3948282629665323,-0.34506535021860874,-22.441584048762156,33.6825707368066,-1.3257288680051869,-0.24996135003288478,-1.3235924378628412,-0.20317104015030188,0
-0.28294931647734994,-1.4047052785743304,-0.29754808631350627,-17.461783555639617,29.091658155875354,2.6279447989597253,-0.336147462322415,-1.3355937557718636,-0.15386146855851296,0
-0.3638187387144377,-1.3914893549251952,-0.2622255674792029,-12.106325280590665,23.39961422878661,6.880206562213388,-0.4183446171164959,-1.3298835477765985,-0.11046947753865438,0
-0.4327790287294165,-1.3606914263401844,-0.24997264501800706,-7.836811696732757,16.68201088896606,11.039423538114168,-0.4841933243308511,-1.3059213385999908,-0.09054035650785482,0
-0.47633539077920856,-1.3176057878972331,-0.26311392879091156,-5.022969587472843,9.3172160541462,14.777106506062632,-0.5225051147262423,-1.2643598669849652,-0.1030215784563442,0
-0.4835432201411819,-1.2625818465309673,-0.2993990700033373,-3.271360475423838,1.8273640031392762,17.82372798138802,-0.5285061259289127,-1.2072422036186656,-0.14520360339396324,0
-0.4552663353572663,-1.1953173548487002,-0.3532205850039615,-2.0206253478915492,-5.260810831862452,19.973182165958878,-0.5056260843823169,-1.1391877816403742,-0.20445525285875288,0
-0.40367348873058595,-1.1220042802782788,-0.41485069398940977,-0.8610092640153635,-11.465109797145798,21.127636700262677,-0.46246763331266716,-1.0681103171960167,-0.26524494750351074,0
-0.34251342588327355,-1.0549669078474464,-0.4722529462197895,0.4047192338882055,-16.375523858197685,21.341982042008226,-0.40830605956300553,-1.0037300189120832,-0.3167577284036624,0
-0.27799006504861107,-1.0039393569672062,-0.5155307201773747,1.7332220760814576,-19.693155216045,20.81241846825597,-0.3490513577271928,-0.9534794729521245,-0.35539121994756623,0
-0.20764251199255807,-0.9692797393898217,-0.5405649359255426,2.8393406179759877,-21.235349006793523,19.794022411223942,-0.28478283099747714,-0.9187338518641545,-0.3815733124620805,0
-0.12660963004817788,-0.9453824426121457,-0.549562467696973,3.3414402276167023,-20.918640811247922,18.483711373097826,-0.2116089092690775,-0.8955087746191893,-0.3956579957523153,0
-0.0347928469217431,-0.9290756770560511,-0.5478571310086546,3.015335710491799,-18.80003609618303,16.93970384092278,-0.12761219617663405,-0.8794377647323329,-0.39723382186863243,0
0.06138716300684753,-0.9216804736155264,-0.5390269544543014,1.9664875535849387,-15.161893643856816,15.098065933655864,-0.037084651600552986,-0.8696560425844859,-0.387306172785249,0
0.15322761086035622,-0.9235705852595235,-0.5236462905110965,0.5880266856469607,-10.497809976960564,12.88069774074011,0.05138211398727438,-0.8674748166815314,-0.36987846236812466,0
0.23448928207536648,-0.9302785991296978,-0.5034900791166116,-0.6590641763520224,-5.340737173433591,10.314569111397553,0.13004126228278987,-0.8721661532993548,-0.3509574399387346,0
0.3015138762741317,-0.9349763869750584,-0.48486148039466836,-1.4871215424090356,-0.09639669861552935,7.570656014292766,0.19453480267069767,-0.8793023713064553,-0.33558209706368325,0
0.3511019784494248,-0.9334598602590756,-0.4746317167152002,-1.8908014501989598,4.936351898843696,4.896278186091278,0.24308910615274745,-0.8835805308556682,-0.32506240453740454,0
0.382230197529287,-0.9271745656462898,-0.4723895203199159,-2.086514790656425,9.449837993670037,2.492317129493465,0.27606173454049726,-0.8832287552367031,-0.3170179444535071,0
0.39939744942402045,-0.9227850178856223,-0.4688899336876173,-2.3620434711162264,13.18217999935346,0.4114828298029523,0.29637921432041753,-0.881830982479464,-0.30812152379795266,0
0.4090732137891158,-0.9279052076618095,-0.4544810677179947,-2.926124946961109,16.15277679806404,-1.4715385400801881,0.30747533189688814,-0.8856976660793581,-0.29570619230220235,0
0.4109944997824311,-0.94535535966594,-0.42776017283460016,-3.7969162686683675,18.737275047004893,-3.4001110478351095,0.309047679573115,-0.8986988859429214,-0.27634071857467196,0
0.39697188535855094,-0.9711666020094534,-0.39356950865097895,-4.758957155744774,21.370438481869407,-5.6003029494690155,0.29611616174914573,-0.9190536594530209,-0.24544133382044786,0
0.3605076159543073,-0.9983443591775402,-0.35512200164846736,-5.441970778285318,24.154047069615203,-8.13586476023688,0.26373451063181685,-0.9414506452180152,-0.20159399088315788,0
0.3046810329827293,-1.0222122990474278,-0.31337058951653374,-5.548532968157529,26.786223823199926,-10.861465497197027,0.21259984545088745,-0.9627589629713839,-0.15155406970723706,0
0.23898928330543837,-1.0420679653779605,-0.27300699763036257,-5.118379364682028,28.830771450359236,-13.538992743875115,0.14996575694137754,-0.9844529178331248,-0.10835768177650462,0
0.17177703136316558,-1.0584415170770185,-0.24276597427663504,-4.548350098960059,30.000511551939628,-16.032625094513772,0.08560037289529995,-1.0074590344747085,-0.08208692201767322,0
0.108278729537548,-1.0696854895685006,-0.2280366680127505,-4.20255414055338,30.24441012618793,-18.379268005039194,0.02690898276123438,-1.0259122950980415,-0.07244436568103783,0
0.05311899260574664,-1.071817826157946,-0.22620568144095682,-3.94714146838215,29.701699271608447,-20.641448331898715,-0.02285410993441434,-1.0303289211803848,-0.07136111065537006,0
0.010325341631439713,-1.0622841296640793,-0.23004925205260868,-3.2162134145658134,28.619765002447412,-22.722448915274953,-0.06309670802456453,-1.0181760578306391,-0.07202073261461792,0
-0.019563253005630384,-1.0442160511952978,-0.23413938851403068,-1.6671417948318046,27.228049709529017,-24.382452841097297,-0.09421791966462359,-0.997837467949831,-0.07359442409701593,0
-0.04009717805883189,-1.0255432392962511,-0.2378339591997566,0.30726193476840613,25.606160797813583,-25.420950295380333,-0.11757092911463092,-0.9800488579740059,-0.07826600230825548,0
-0.0557683421242998,-1.0116029372194524,-0.24302382525560512,1.85303421049271,23.69190434281083,-25.783567530729314,-0.1353188626402034,-0.9674949051763627,-0.08676062389536593,0
-0.06908222303711939,-0.9992277265600634,-0.24992968961701142,2.434848548581066,21.453201259516696,-25.500624258227198,-0.1488411716734774,-0.9545270532915658,-0.09725011961720403,0
-0.080391683108826,-0.9810082020457712,-0.2562401710135142,2.2833902420207535,19.00938960840389,-24.60933833330585,-0.15764444959862436,-0.9353160629361603,-0.10650212446747669,0
-0.08835803004636889,-0.9552514047454108,-0.26057053582764816,2.1122634961716744,16.540876862839184,-23.197213065865053,-0.16042181940897327,-0.9100171679428805,-0.11186500886420035,0
-0.08946381667065113,-0.9284149142813833,-0.2651037408823931,2.469760318839813,14.138772556347094,-21.488404367841532,-0.1566405116341552,-0.8836505824599634,-0.11392053976997996,0
-0.07934856556691226,-0.9071974009708137,-0.27317682420035483,3.3248774830921715,11.82405221505154,-19.801836532651592,-0.14679515707953336,-0.8612029978220838,-0.11702146261573117,0
-0.05750685794215193,-0.8917262602135684,-0.2848471590987679,4.165384772106199,9.686380155986727,-18.373403636437565,-0.13191785724505234,-0.8442907861510145,-0.1251714201267556,0
-0.030394981513303262,-0.8779012614121533,-0.29653164231126933,4.455851758631654,7.912163122288613,-17.227147612508016,-0.11349051388841666,-0.8312117024192897,-0.13709813155519954,0
-0.00744575088147734,-0.8632044581393179,-0.3049271523159528,4.054855346999287,6.648067892564327,-16.23004618453657,-0.0935580374888129,-0.8191694390303177,-0.14696743705933965,0
0.007270033631434572,-0.8480399826753545,-0.3095855134709903,3.247416062915793,5.8736055697707865,-15.247214117438393,-0.07421600948148802,-0.8066371112087843,-0.15030309598545133,0
0.018722036116313543,-0.8337772180692995,-0.3113191777924659,2.4061822227768537,5.425888878059531,-14.233154060138174,-0.05628316931131258,-0.7944364004431095,-0.1477940718427878,0
0.0351691644019475,-0.8222415087767414,-0.30979484777884125,1.6536837036752103,5.136731200053401,-13.223099261156548,-0.038522534864629275,-0.7850446051566395,-0.14269689845096614,0
0.05862135562813621,-0.8163394728016604,-0.30382900505469546,0.8643017630439587,4.944794894428477,-12.298414779199273,-0.019413055849551372,-0.7807165359686188,-0.13614569254818626,0
0.08197555660018865,-0.8186646730413818,-0.29333099792799805,-0.06680819487908857,4.883832755418709,-11.557592030955577,-0.0004909355262157692,-0.7821095455268249,-0.1267911875600253,0
0.09622573959631146,-0.8284627949460516,-0.2801645094087029,-1.0557508393826855,4.956024040063053,-11.06280988273694,0.013254351082616744,-0.7884352381067818,-0.11435515193169923,0
0.09954260580200117,-0.8409336418740566,-0.26743163580764256,-1.9441737661063,5.017121125263699,-10.774692176978522,0.017921571187846246,-0.7980411609668393,-0.10148054444963815,0
0.09797035854410051,-0.850849647523847,-0.25801034113300225,-2.6926114451305385,4.827590323219722,-10.548340807036357,0.015393868082099258,-0.8084788756415129,-0.09161575875879505,0
0.09797186744966131,-0.8571227480812219,-0.2528282703754815,-3.395191474099636,4.265756435122767,-10.218191457650557,0.01208807959332169,-0.8172225584747945,-0.08602334771751181,0
0.10066885414963388,-0.8630718015513708,-0.2500058660038215,-4.136386077932911,3.4828938081522556,-9.69847791669596,0.012903918515343922,-0.8235078844030298,-0.08304717598630469,0
0.10412180052226014,-0.8716133187679687,-0.2462671379983397,-4.886246258451419,2.8053656266869154,-9.012952164555818,0.017643578311764375,-0.8290522446652864,-0.07977133115338578,0
0.10862728621975253,-0.8810567365918578,-0.23974077492409787,-5.5329717057300085,2.4710854120439265,-8.253018333868615,0.023248049864124636,-0.8362869600694623,-0.07446158489556479,0
0.11650338942496004,-0.8878193094680658,-0.23148078776393557,-6.000139350368053,2.4644505196275737,-7.522351257196357,0.02763491101587427,-0.8462679281658949,-0.06787652449803801,0
0.12702142202145295,-0.8935689373974391,-0.22427169512683676,-6.3384901483934355,2.587188228826781,-6.900730170177945,0.030903931865551248,-0.8585490109676429,-0.06221046674586207,0
0.13516161731878854,-0.9056373833000905,-0.21969150304935217,-6.687459417458669,2.6680019855527366,-6.423282491582429,0.03447947935656521,-0.8721267828130402,-0.05849502157814591,0
0.13705030537799615,-0.9269429973236695,-0.21625488026902515,-7.104046218630647,2.7004618217867846,-6.07627258742598,0.03975340937042782,-0.885621080373327,-0.05531064226193908,0
0.13446190877678732,-0.9488384788291951,-0.2111860645773795,-7.437616464152268,2.782563461985343,-5.817140422497279,0.04657352132580551,-0.8969864666283617,-0.05056903513426809,0
0.13246389399202865,-0.9590156325047688,-0.20422265130440873,-7.431556649599826,2.951542343180286,-5.604643142811267,0.05284376779378832,-0.9040578926363606,-0.0442015673564013,0
0.13442169379124816,-0.9550259645225054,-0.19812182368244155,-6.965619518936657,3.124545499519724,-5.409092644310792,0.056485702127376504,-0.9058133447101504,-0.03815082852080013,0
0.1404282547395515,-0.9458633421671206,-0.19454426927680604,-6.174607142567114,3.206459970087223,-5.193902200067215,0.05798252567773157,-0.903169640083961,-0.03375696044196221,0
0.1484727021014957,-0.9410758589958872,-0.1914765787750597,-5.340944536424531,3.214053470981007,-4.8987518380996,0.060242484497524756,-0.8986411180805157,-0.03020550504313983,0
0.155355760317107,-0.941582065959591,-0.1864334866302845,-4.699554117982941,3.2676157777431194,-4.462461774432362,0.06536218062267726,-0.894911015591975,-0.025988670226773116,0
0.15772017302459584,-0.9412534860484487,-0.18015293343246935,-4.321310097566503,3.470679859172522,-3.8749266676351297,0.07169364139165973,-0.8930302612921684,-0.02104600614874609,0
0.15414807868460462,-0.9354221581972437,-0.17479618201110933,-4.13064536943649,3.8099632966466115,-3.1960390205068983,0.07482925832002822,-0.8918795872733677,-0.016477106019580263,0
0.14655248967201448,-0.92643468230763,-0.17027463563276862,-4.019945649673853,4.170429403082865,-2.50788804606311,0.07183019885580362,-0.8898333324196981,-0.0124995515161242,0
0.13851804715465177,-0.9204241118022561,-0.16505116821140686,-3.961298512051447,4.442196357068724,-1.8493704170206269,0.06388555918975897,-0.8866728357567366,-0.00801376848453113,0
0.1317196306332957,-0.9196649448271017,-0.15929829091102626,-4.009333402861259,4.610433786768722,-1.2009859468320925,0.054351122070688804,-0.8830782727219628,-0.00234418471148777,0
0.12498831468236017,-0.9205193314961746,-0.1545712458799792,-4.192709714141858,4.742960562383311,-0.519318665720421,0.04509957117862571,-0.8789150520216221,0.0038317218820323002,0
0.11760746406098242,-0.9193863038460264,-0.15122972548451133,-4.42445549184881,4.8970985921669286,0.22463562634185805,0.03610301538608199,-0.8739240120360792,0.009583900987421652,0
0.11184742592483346,-0.9179354309835404,-0.14854041280597222,-4.555021535219578,5.048613778178594,1.0258955754391503,0.028199718602035243,-0.8702408089161702,0.01471357627215134,0
0.11065574424920244,-0.9209092322056058,-0.1463134397076605,-4.522327011090797,5.123327786892013,1.8472817918235154,0.024260884758902725,-0.8720663020594573,0.019355484946660822,0
0.11395338334311364,-0.930473662496078,-0.14433554079969071,-4.410704659616393,5.1033659784824,2.648623457186934,0.026410523818607777,-0.8815357949464124,0.02335130925990459,0
0.11876685187863137,-0.9437830379248113,-0.14175435057027216,-4.3237585140716455,5.083575967508036,3.4270500121834098,0.03293468455866647,-0.8957790164860456,0.026250649981828526,0
0.12258488855999634,-0.9548994033204536,-0.13905537994923348,-4.227292638631249,5.189757942500105,4.223299748798634,0.039282847313578124,-0.9087601402853032,0.027551690850118004,0
0.12532621731123714,-0.9587445357395609,-0.13850925631081534,-3.9825287759248207,5.434077335417734,5.076468535748576,0.04217054113483248,-0.9155049020330477,0.027020859472522626,0
0.12782059630481,-0.9544023498230217,-0.14058489313833286,-3.5414744503815445,5.679747276699636,5.970773239151028,0.04198732255844329,-0.9146581002337727,0.02526789032204797,0
0.1295726074742165,-0.9452267840054949,-0.14208663002600497,-3.055369705219431,5.76684279924983,6.830354241240172,0.04123407216398522,-0.9082526444963858,0.023907016760288374,0
0.1292497481862121,-0.9357533521724856,-0.1398019981517897,-2.7634455213331726,5.654234181556527,7.566187307686358,0.041446030847692675,-0.8998737393576104,0.024394696361887118,0
0.12689366619896683,-0.9289119580360186,-0.13453287468665306,-2.8000610958150594,5.420888574435385,8.130993617309837,0.04207994759704365,-0.8928376619109754,0.026460582937147044,0
0.1241278204018218,-0.926131122846624,-0.13012451108125575,-3.1239551364095646,5.152454633624809,8.542492024376418,0.041850109989526145,-0.8894557165964548,0.028354509439833406,0
0.12193994595558007,-0.9286332457077303,-0.12919514420214057,-3.607722852806289,4.86175117417318,8.866529955851238,0.040177594653793045,-0.891047053415427,0.029044724509034187,0
0.11921913859939337,-0.9368118315510753,-0.13071598085924405,-4.165120120170988,4.510137952920015,9.17244477286675,0.03695811825689798,-0.8976609960564321,0.029608245395999763,0
0.1136185911772198,-0.9481375359244603,-0.13161343646882043,-4.782077992729311,4.062284755691426,9.489457223312838,0.031632320110014434,-0.907549332911455,0.031913156015602295,0
0.10359399038271744,-0.9577670749385134,-0.12986974038311527,-5.432193756910853,3.505214681555442,9.802870151042812,0.02361203456781607,-0.9174654116542778,0.03632664882189994,0
0.09047547262498884,-0.963169676851463,-0.12564283075294497,-5.994007598419577,2.8459191630227987,10.096986833435196,0.013775335926234387,-0.924365492382553,0.041414513996859754,0
0.07878983044563445,-0.9671236072553461,-0.11985805703398018,-6.297646188293668,2.1160397849993045,10.395644905439873,0.004500931682057053,-0.927646961205873,0.04583952927223881,0
0.07258565391491494,-0.9742408215562046,-0.11241402922407537,-6.270266939486384,1.3609773796388278,10.749618722398061,-0.0025345572913819912,-0.929888110357577,0.049954862125819614,0
0.07042175468253051,-0.9854165045323162,-0.10251563680882363,-6.010519768744993,0.5958000879909733,11.183741447299731,-0.008227837663000236,-0.93483874019935,0.05528281681985411,0
0.0658787554017676,-0.9977205272565489,-0.09097024123142516,-5.702130133065999,-0.22608266731953186,11.66194047542343,-0.015226740840481217,-0.9443712637274913,0.06257894857439152,0
0.05440018115544701,-1.0091796178915682,-0.08083013939410742,-5.477165655572586,-1.1781528846886455,12.10463407971677,-0.025287076845083523,-0.9576143958294983,0.07050925021940202,0
0.03844965791307941,-1.0211886365915253,-0.07475545913564591,-5.377339296436072,-2.282552633894939,12.443390147202399,-0.03744877388879575,-0.9728131370723408,0.07634059235913802,0
0.024904580839926287,-1.0355087389828403,-0.07274423233791008,-5.397350784995741,-3.473566468929461,12.674815498183571,-0.048554711755229074,-0.9890510516360659,0.07817466509142032,0
0.018280340588040327,-1.0510161938278277,-0.07309145527782782,-5.49414862615053,-4.655061134275852,12.875036688395019,-0.05548722513573526,-1.0057556485734263,0.07665930286030388,0
0.017462394829362578,-1.0651921789277512,-0.07422744796366094,-5.552033564841529,-5.799071960767689,13.15136484214578,-0.05723936764187285,-1.021592198287449,0.07454372113240872,0
0.01833264787281889,-1.0775769758538118,-0.07474133333425219,-5.408390041804792,-6.971387414740231,13.557030367723488,-0.05533331745251059,-1.0351723018936934,0.07453109558263804,0
0.018346498838878237,-1.0896889909391925,-0.07316722761056106,-4.970852722299583,-8.243198127991771,14.045365571863947,-0.052385870324183105,-1.0466306547823776,0.07724243395773565,0
0.018633888254521024,-1.10202666056203,-0.06974529814486291,-4.311191611947603,-9.58368407876956,14.51205231179233,-0.04982374233099453,-1.0572797835736283,0.08077290564613243,0
0.022411124148604116,-1.1130734980027357,-0.06771584517182372,-3.6298360787733923,-10.853527693138561,14.8761571856347,-0.04669003220041045,-1.0676491955675342,0.08220507154604399,0
0.03144032246034533,-1.1214706109568975,-0.07045933265837143,-3.125659496320804,-11.898677612064832,15.108725416333531,-0.04104773402746618,-1.0769368739548693,0.0801269037010042,0
0.04408562150876989,-1.1279895549485237,-0.07678847874194772,-2.8841788042863343,-12.641879961197542,15.19788385005631,-0.03268019216299769,-1.0845103474594155,0.07619703082148081,0
0.057191684706281845,-1.1350983223679467,-0.08036820118541577,-2.8540740757006082,-13.105422546531848,15.123784551299448,-0.023673481760516608,-1.09093466656427,0.07426035165023483,0
0.06920442080734261,-1.1449437924205395,-0.0746586641922643,-2.9043779439773485,-13.380676890306,14.877726035352103,-0.01597640972979173,-1.0971882826331083,0.07762252710846265,0
0.08020805164339735,-1.1571886907642701,-0.05894459283377377,-2.907571643582439,-13.573962284144066,14.475707577443067,-0.009265178364867753,-1.1035278599309921,0.08691217980433084,0
0.08958650342628431,-1.1683970606539016,-0.03970793643991913,-2.7928815423006244,-13.747869976232053,13.934855316435087,-0.0018867617973059303,-1.1094965642341554,0.10027589018554423,0
0.09595873740312509,-1.1748175014042452,-0.024893642032933514,-2.5504591526028366,-13.900453080465777,13.257590671335588,0.006792332523452983,-1.1148108115041555,0.11518674634163176,0
0.09971714099928243,-1.1767409173909424,-0.01595181010679837,-2.1995520123861945,-14.0160165234712,12.458014338733216,0.015706044445002735,-1.1200082597647323,0.13005143737121724,0
0.10318760894405382,-1.178589268560561,-0.006765667347689571,-1.7417485092300702,-14.140733386875214,11.585188343949369,0.023252562989893515,-1.1260139020190583,0.1447866975531019,0
0.10737907348212232,-1.1833536705214627,0.008942329816631624,-1.1278663099108825,-14.387114782908705,10.691749303509424,0.02847196728029227,-1.1327442581081788,0.16036694423246672,0
0.11076316927256731,-1.1885831799039923,0.03084255959586543,-0.27064166335082407,-14.845615441399758,9.784183169713062,0.03134819453660443,-1.1382301086034385,0.17755602390469583,0
0.11182608493159499,-1.1893918375570016,0.05325160431231933,0.8970976060382557,-15.501163683046846,8.833820961989211,0.032499900059295504,-1.1396912637548466,0.19574790824044672,0
0.11042287223760869,-1.1837818749367055,0.0712366072074969,2.3666178844910397,-16.2593002049325,7.845501056071784,0.03257729885819433,-1.1356487172329088,0.21308340644702223,0
0.10669746666966755,-1.1735007831434097,0.08413562631066078,4.047424733596941,-17.057413370530465,6.8884256968229876,0.03188726270125622,-1.1266717401410995,0.22765766094604498,0
0.10181270435099289,-1.1612629182966918,0.09398254912895095,5.806434826386922,-17.931270801886786,6.037137990601837,0.03094411947341459,-1.1143492926624128,0.2385211075627697,0
0.09952038706878022,-1.1489697636693066,0.10193852578362242,7.517928520984117,-18.971897433443235,5.301593391624463,0.03120509879464168,-1.1004866313153603,0.2457556243391639,0
0.10282624953769705,-1.1384520106458609,0.10601912633533958,9.110464711893723,-20.2656535967918,4.6560496227925885,0.03375890249810375,-1.08783178996712,0.249298075069513,0
0.10758064937381898,-1.1332564214629866,0.10009984336269893,10.562096118842419,-21.927165451109612,4.143811853089958,0.035926894706401105,-1.0814154123673028,0.24581786841963962,0
0.10232083363741698,-1.138750091394654,0.07326913788770514,11.700790982102074,-24.14265823736151,3.908264298931499,0.02988462753496723,-1.0882540503696303,0.22503518356190302,0
0.07727219726821455,-1.1587948518854638,0.011878726309333152,11.806290280168216,-27.014629630487782,4.069817187714607,0.006845993138986145,-1.1135774447345996,0.17107805437625428,0
0.03400648390130659,-1.19229005191982,-0.09142263028610165,9.489181459145058,-30.230414129929393,4.561743076856816,-0.03540580018115501,-1.155523869494325,0.07359937039841799,0
-0.013390322739112935,-1.2348261940734506,-0.22415080252695999,3.4923801300612745,-32.96018311080119,5.094964958067586,-0.0874479434337126,-1.2045722029930495,-0.05669443242279011,0
-0.045469311006176544,-1.283452792314229,-0.34998029641457457,-5.790482005938793,-34.322782229789794,5.27467638468099,-0.12966080863906013,-1.250431597105042,-0.18390208964307533,0
-0.04672659489473337,-1.3370181711055886,-0.42640443019887087,-15.521292669946307,-34.106758774515235,4.756183689100982,-0.14096669267061757,-1.2892236329902536,-0.2651354376115829,0
-0.012841410201157845,-1.3909704037846558,-0.43429766328458164,-21.689406826348804,-32.971246572198105,3.355815891522795,-0.11163358993850293,-1.3224200845200595,-0.2800816708874402,0
0.04701845253843606,-1.4344485833951934,-0.3925394120210576,-21.85417158923297,-31.814424186716423,1.1156674502590234,-0.050965387698322984,-1.3501367144438323,-0.24514512286388063,0
0.11641215015761157,-1.4552852878245779,-0.34354966632476336,-16.97692791568471,-30.92485363388642,-1.6890881842995333,0.019459831452525465,-1.3683525306176736,-0.1989349673096915,0
0.1831314600491342,-1.4479788020244868,-0.32416221227269054,-10.604798081511374,-29.770366546491566,-4.660262402437026,0.0828913779282503,-1.371996781469341,-0.17514352345062092,0
0.24330188865764088,-1.4153978585604234,-0.34677335085068556,-6.21573726454497,-27.569711251556853,-7.493016404666455,0.13659071281886484,-1.3570184294832615,-0.18754978415712326,0
0.2930106019629913,-1.3630487959131399,-0.400973376066625,-5.128854829279364,-24.033181813777844,-10.128855635368652,0.18284128280618625,-1.3187186832879096,-0.23293338566162886,0
0.3219134113329972,-1.2939006498983205,-0.46779771786211916,-6.4439323165690965,-19.620543500694296,-12.680974042966813,0.21603803459276716,-1.2523112450122413,-0.29999451679642114,0
0.32223742175043707,-1.2096644850102423,-0.5331273268294249,-8.4217519431361,-15.193940663843545,-15.214935082894192,0.2259729432957154,-1.159019417423536,-0.37475819559147006,0
0.3017124461679459,-1.1151161781382635,-0.5913781520269408,-9.797661150594866,-11.445203809092762,-17.6427436313269,0.21297138489563555,-1.0508321077810843,-0.44335290465347293,0
0.2795387089769867,-1.0188516293287848,-0.6399501733906774,-10.191871188309694,-8.5800854536017,-19.82496678382752,0.1916473209512399,-0.9462863271847894,-0.49518365015515853,0
0.26743840043876627,-0.9300625929270993,-0.6734789768924724,-9.838904818403153,-6.449860481842565,-21.704178494714917,0.1759372013757632,-0.860227216948239,-0.5251170245782202,0
0.2584978226522082,-0.8558924069893248,-0.6856258660837348,-9.218833035760879,-4.907717937961465,-23.301208613360505,0.16426756180346594,-0.7972328983712244,-0.5324964393431074,0
0.2357832352525519,-0.8008922151449228,-0.6748321251269932,-8.832989233847808,-3.9993412121053726,-24.629983049269573,0.14215889727916745,-0.7536735090184621,-0.5185562998868701,0
0.1887865178492567,-0.7671045919561349,-0.6450608259470557,-9.015019016388052,-3.82838836997981,-25.65375612920943,0.0969942269202463,-0.7252385530367966,-0.4854210200301198,0
0.1204834246308549,-0.7554102157361271,-0.601337340584658,-9.75720421736692,-4.312168800257457,-26.272035771044866,0.029080590656820123,-0.7132899074493658,-0.4371483675794821,0
0.04251034768620998,-0.7677565950103551,-0.5474594014733878,-10.768290583920377,-5.139249699694672,-26.298685867842487,-0.04860717273589868,-0.7246346132298948,-0.3801851603197639,0
-0.032397127486578144,-0.8055207968939537,-0.4875968205714318,-11.808232009871288,-5.97131415628212,-25.51133985164391,-0.11942046901423671,-0.7637740808622948,-0.3211689990838998,0
-0.09482710233675641,-0.8631270186549213,-0.4270006197326291,-12.901916601803023,-6.650934911773267,-23.82202038084711,-0.17362158340522973,-0.8237406199503434,-0.2639914958286108,0
-0.14089241162120825,-0.9251460130885699,-0.37062732623724887,-14.080758042587814,-7.217739611467666,-21.40682511821575,-0.2124377923222541,-0.8857774365867631,-0.21012809604506108,0
-0.17236194870753768,-0.9734523321179247,-0.32267129106516856,-14.971859570623613,-7.787132385971683,-18.600958417476782,-0.24229396789251312,-0.9310627975187704,-0.1622525886021889,0
-0.19269301131997776,-0.9989092096933097,-0.28702920117899827,-14.892898894442215,-8.45117641647522,-15.6380053959971,-0.26532110526629565,-0.9536848174592768,-0.12596078593234078,0
-0.20134598421408673,-1.0060363681718298,-0.2662578326775013,-13.484780551887454,-9.238759377799457,-12.51605857847513,-0.2759161847354158,-0.9614364198841374,-0.10637103601769507,0
-0.19314310702061013,-1.006472928354229,-0.2598003851614606,-11.151598554090679,-10.07947642084132,-9.116945757329637,-0.2661975567388086,-0.9651784465439336,-0.10341782925427725,0
-0.1642620190218478,-1.0084631734254381,-0.2643205088375383,-8.785562387752115,-10.789520721122472,-5.413887042288453,-0.23404094076889503,-0.969521626825205,-0.11142833120561746,0
-0.11767888867991179,-1.012707407762616,-0.2754857222857329,-7.123441730673307,-11.152582145831662,-1.5457745565100194,-0.18585936801404943,-0.9730218013783226,-0.1229581672284742,0
-0.06177617369505886,-1.0171063788361774,-0.28824065927910353,-6.4090645432344076,-11.060729188512635,2.276489773289596,-0.13237546482493168,-0.9744626705596968,-0.13255264725825103,0
-0.004908393603425341,-1.0230608889403843,-0.29654007028844787,-6.521300443654338,-10.575116499954603,5.8944677035828805,-0.08199859499443998,-0.977097195768519,-0.1377837954782185,0
0.04769626877948345,-1.0351641546431283,-0.29603792262443246,-7.206095455702871,-9.847158524723831,9.230835465237519,-0.03747541574263246,-0.9864306996022381,-0.13823434868804363,0
0.09347552419270866,-1.0551619649526383,-0.28782621730170244,-8.13796827976353,-8.991894009270295,12.233438610592401,0.002399447765395001,-1.004197877489466,-0.13420415278021763,0
0.131529329562423,-1.0783714950459924,-0.27732020956851616,-8.901997680879472,-8.027489798092999,14.838953261328479,0.03895131880863333,-1.0255826684159786,-0.1264097236643006,0
0.1626173806636805,-1.0969853195191481,-0.2688608293071213,-9.072572724309754,-6.907290855988967,17.004252373554746,0.07182127934891984,-1.0431608311082807,-0.11662798300987272,0
0.18903837660384515,-1.1059326222840007,-0.2631924017409252,-8.369215188930955,-5.592074343646392,18.738362750802235,0.0999948456748052,-1.0526790921082128,-0.10774827943353175,0
0.21298396842626358,-1.1049258655847436,-0.25990961823438286,-6.757574835561422,-4.085737226966553,20.062743166289913,0.12289820503288071,-1.0538513046932145,-0.10221817709793973,0
0.23365640785156175,-1.095780780387898,-0.25949597320148166,-4.44963230771666,-2.4043195978608223,20.937883027292898,0.13968843079258375,-1.0469130405886684,-0.10042753894943961,0
0.24604558775715718,-1.0792426619923072,-0.2620962731403474,-1.8394068291413812,-0.5333085047291466,21.25933730856671,0.14844421575790562,-1.0312351308937653,-0.10111371209531461,0
0.24456501314786472,-1.0550682138662208,-0.2662479227903346,0.6157268709179509,1.559824373384839,20.95963328662758,0.14742726665848715,-1.007606440182513,-0.10295242612897453,0
0.22940259899417076,-1.0243008866429102,-0.27023953848149174,2.5662921294830157,3.869639818921566,20.13545662925882,0.13710723690992355,-0.979267422283473,-0.10494144593369137,0
0.20781092931106457,-0.9897878179805626,-0.2742321151339816,3.9096587595343024,6.310331239808901,19.069833396193644,0.11996824337393772,-0.9491078424926712,-0.10579281435972779,0
0.18676640117054485,-0.954022212163592,-0.27947123017165076,4.769125699867858,8.714776083433785,18.09171597533654,0.09809817342420338,-0.9171959172573578,-0.1045970329490479,0
0.16512641608011427,-0.9178270126919698,-0.2847360225170509,5.3061521460680074,10.882373467218692,17.37482764259167,0.07171898254050899,-0.8827952518055763,-0.10245344536995808,0
0.13624570576248327,-0.8823122995846145,-0.28585058588454204,5.536184251062936,12.673023281369385,16.870674266883444,0.040778025886957586,-0.8482020370229743,-0.10190622233856601,0
0.09843017749340158,-0.8509076542833629,-0.2807913592116452,5.328909256929104,14.08806375740092,16.4487304502332,0.007537301379394228,-0.8184783660287508,-0.10371108151763275,0
0.05857039043148013,-0.8268608754722482,-0.2729593155976067,4.582757814507555,15.244901837920292,16.081007886658806,-0.024095163310747743,-0.796724581931583,-0.10521957919399014,0
0.02388223067371017,-0.8089843720931291,-0.2671981024455672,3.3857912105895003,16.24201767476679,15.858986461069222,-0.05266841777300943,-0.7810899933279672,-0.10328009589994422,0
-0.005787161802317834,-0.7935156923519071,-0.2648189480419742,1.997619591651465,17.04331979964915,15.851284479087495,-0.08109019089712022,-0.7675240071073941,-0.09807832293631133,0
-0.03489796628777075,-0.7808603435577206,-0.2637214575340289,0.6751995445493028,17.50666659820467,16.005889373191298,-0.11273017444043681,-0.7546150900781686,-0.0926179031346876,0
-0.06463409817643508,-0.7760652351266855,-0.26085239421658796,-0.46982896327391366,17.5276433529561,16.210739599530736,-0.1462246506233721,-0.7447101088398135,-0.08863115762569121,0
-0.09145546203092042,-0.7805528981776594,-0.2538297718111276,-1.4392829377167056,17.150653221879608,16.40171522022968,-0.1755129861386961,-0.7407261329710553,-0.08466345050531922,0
-0.11195370601305131,-0.7874246317989547,-0.24240570472373818,-2.221546346960969,16.55149896638706,16.572578251900495,-0.19492805008937192,-0.7428545806786588,-0.07880463356715624,0
-0.1260805172356827,-0.7886618904588948,-0.22960171093348314,-2.761211394629244,15.930941336404757,16.708450113198218,-0.2035507852481707,-0.7485434513991432,-0.0721813668597837,0
-0.13464225756760245,-0.7851628145140882,-0.22090897846266686,-3.0612803537654028,15.414094989215428,16.754244236968976,-0.20466253421972455,-0.7549775854763081,-0.0684935685009014,0
-0.13586928036452947,-0.7855839057303983,-0.22080228080183006,-3.262550013451711,15.015276320765265,16.641549527238205,-0.20148342910949202,-0.7609912918778203,-0.06994474593979384,0
-0.12680987469968205,-0.7952436892921431,-0.228192445280095,-3.5791043272430256,14.682084209174066,16.319413393613775,-0.1939634641749301,-0.76710346894536,-0.07437351209573802,0
-0.10726276166996096,-0.8106114137502002,-0.23573890738436318,-4.151627711985519,14.385409867725478,15.771541696536291,-0.18013437412378175,-0.7749032231330909,-0.07705645357726801,0
-0.0804232092808945,-0.8264089398320316,-0.23590165094881138,-4.971391402110377,14.175694135071167,15.035226868396157,-0.16007836402834666,-0.78676126366607,-0.07510980565720939,0
-0.05051608881952181,-0.843588720225186,-0.22794850732415906,-5.9409411596627395,14.14914942501653,14.196759243955142,-0.1371191199487364,-0.8051074621626837,-0.06947121735987907,0
-0.02179203099382092,-0.866785479852649,-0.21757988633115893,-6.97792246594229,14.36524296319628,13.334132609850657,-0.11481447466686061,-0.8304666509400369,-0.06267166038196284,0
0.0011111379925036451,-0.8966113539783909,-0.20996372289224596,-8.015953211809881,14.806301337656361,12.459192628668799,-0.09440479069762377,-0.8595866595813433,-0.055676569555887706,0
0.015043119168359605,-0.9279341662785646,-0.20506092310619659,-8.90360548790662,15.405488989588202,11.534872355152762,-0.07603422475305031,-0.8865535109893085,-0.047768671133828516,0
0.021694632376072713,-0.9547510072850586,-0.20022982098079295,-9.385691461598432,16.09410941080654,10.53834527865643,-0.06076132263937648,-0.9071044619616472,-0.039149005118333934,0
0.026895195103783496,-0.97412433058443,-0.19509396533469744,-9.277436876962422,16.83014095746672,9.475563838084932,-0.04982312705359799,-0.9213926055564802,-0.0320728259504906,0
0.034754831760613246,-0.9855355031459981,-0.19159878308934777,-8.647607834886461,17.607187318094997,8.339808484021843,-0.04302881287439265,-0.9313009572144686,-0.028429448750839005,0
0.04361832877802878,-0.988946810719578,-0.19047508013761355,-7.74988794750558,18.43759601123462,7.0970537093529735,-0.03940878160693326,-0.9360316933412743,-0.027348788677670835,0
0.049152620102848765,-0.9848908699393849,-0.19049610345491602,-6.766482464728828,19.309187369561606,5.731568660875033,-0.03859293892173381,-0.9328600002392181,-0.026856611224569487,0
0.050206777022802525,-0.9755363307710889,-0.19134444003507037,-5.69451614027398,20.162001507436514,4.287714628524606,-0.04001863826639982,-0.9223794187400387,-0.027221745556030512,0
0.04998062530394216,-0.9643304318771667,-0.1947945518475314,-4.494333379867995,20.9297834557064,2.8452999772755123,-0.041484504455133006,-0.9102599225736049,-0.03050130421840207,0
0.05196792106866882,-0.9541766610091957,-0.20188743123044753,-3.2514330141550367,21.60546675038179,1.4514616669108262,-0.04030904525521407,-0.9022828144585874,-0.0367142280899284,0
0.056281789502221825,-0.946081009057385,-0.2100877789986453,-2.134740270884216,22.24491208693473,0.08219401075403382,-0.03605425551275094,-0.8990871329055087,-0.042730797404748076,0
0.06021556320410164,-0.9393632132539373,-0.2145937102134678,-1.258379464315226,22.90309277584238,-1.3258952708641536,-0.030986911250404734,-0.8969344799178592,-0.04566306127771468,0
0.06130387154250261,-0.9325343770443,-0.21264823331602992,-0.644910241238602,23.585517623224348,-2.7959437095641704,-0.02768782408397592,-0.8922731792702643,-0.04537057973509474,0
0.05912652863522941,-0.9241982759979209,-0.20574328760168403,-0.2845878155072983,24.26469591558722,-4.251959889971797,-0.02689840195589179,-0.8843382342199192,-0.042721232627418386,0
0.054812443960349726,-0.9144908470246749,-0.19690963137097428,-0.1755887154793823,24.92018160307619,-5.548437594757177,-0.027767987745412434,-0.874604215539961,-0.03730853511237489,0
0.04983260104793983,-0.9060773011356414,-0.1870100643439129,-0.32304718693587375,25.540952570795238,-6.575427172753448,-0.029493387942852327,-0.8656550977917211,-0.028315139099121357,0
0.045459682403105044,-0.9027032223487969,-0.1754094474908375,-0.7346140955400468,26.088595010705948,-7.335334058481217,-0.03204784499868321,-0.8605223758847014,-0.016509034456445356,0
0.042577675491168546,-0.9062433365149711,-0.16312283846502568,-1.4071286223304085,26.47831404066328,-7.9212506177781,-0.03539227090338737,-0.8614970004913428,-0.004030057967427136,0
0.04092892518789275,-0.915368297033522,-0.15256048218407278,-2.291244666956696,26.622466171752688,-8.443484959422857,-0.03888210387303244,-0.8685199019499904,0.007589812642074219,0
0.03864563110799933,-0.9268115908611096,-0.1441721668313269,-3.260760879736316,26.501123524946323,-8.980971990373334,-0.04196118914278581,-0.8790829076191999,0.01856394703279668,0
0.03373957672927688,-0.9378001100715645,-0.13556629556943753,-4.107781891570983,26.177016172554026,-9.570694768142367,-0.04478548148190089,-0.8904804734457985,0.029973131405485506,0
0.026509956598294696,-0.9480063859615979,-0.1246333681192146,-4.565775908982757,25.737971668626017,-10.214608771378698,-0.047663508726652974,-0.9021183138289952,0.0418879272065228,0
0.019990353791862717,-0.959471199670612,-0.11222202776499207,-4.383744290825435,25.241638347926038,-10.896222280950623,-0.05040610764522838,-0.9151046029124608,0.05254556874599971,0
0.01753196099215558,-0.973927201431155,-0.10095445806073212,-3.4438848409483533,24.717995599376955,-11.596976377294252,-0.05263617959819421,-0.929789408530581,0.05983064588521799,0
0.01933594044493384,-0.9900613121157571,-0.09243796361831404,-1.8165337370827543,24.19297199615389,-12.291001355050572,-0.05441108537085062,-0.9445323736531696,0.06368154685113618,0
0.021326807815023285,-1.0043223727664639,-0.08678989788680552,0.3267760029527228,23.676243889519668,-12.917152384564293,-0.056380235419929314,-0.9572907875899669,0.06624243755116255,0
0.018515645175105816,-1.0147703156739765,-0.08415056879463735,2.8318538536057845,23.123130015194754,-13.367264750593828,-0.05979826145947517,-0.968033366579972,0.06901723157707884,0
0.009485616212823358,-1.023319135847876,-0.08505243371954378,5.544698465997279,22.426041462241606,-13.530495395964103,-0.06673003676680031,-0.978793454868294,0.0707347238215935,0
-0.004068507443516767,-1.0334367344742945,-0.08908078093747959,8.216951412209928,21.465777155816177,-13.370915283750312,-0.07979187126023518,-0.9908973772568026,0.06919226011178187,0
-0.021919028147986422,-1.0458573337349146,-0.09388328535381414,10.563875387863643,20.19801210168486,-12.955677127081644,-0.10073062272648378,-1.0026835916753287,0.06482149002010594,0
-0.04627494038840107,-1.0575147237481057,-0.09570811424679736,12.490773669276404,18.70844335666442,-12.390764778918408,-0.12847697790759163,-1.0109391300394905,0.061331985615044535,0
-0.07673040313987604,-1.0652279707534607,-0.09137379445881127,14.187885847694194,17.17291700555136,-11.735877306558425,-0.158382036747997,-1.0146858313681242,0.06257434783150545,0
-0.10651082350652452,-1.0693935953852292,-0.08123537049551223,15.902439263995987,15.734311004595902,-11.000860371769711,-0.1838261623490562,-1.016606546283522,0.06883075328284419,0
-0.1259631595346201,-1.072517322088842,-0.07111059134027119,17.627814714791942,14.412338039454701,-10.212439206960251,-0.19938523539185404,-1.0200775166522522,0.0758769615365723,0
-0.12922691024647026,-1.0748528302622773,-0.06962849300756042,19.076362948798604,13.167207950320229,-9.44648492143413,-0.20289991600407542,-1.0253619368312719,0.07763678010688088,0
-0.11646172913028369,-1.074123479216908,-0.08100970108953534,19.93939784845083,12.086119864536029,-8.790243807109487,-0.19463466244568509,-1.0297473734754332,0.0705235217905613,0
-0.09063887886120772,-1.0701467960324622,-0.10029151511829272,20.106702632798918,11.501985480313472,-8.313735077435894,-0.17495833330812258,-1.031394043177606,0.0563530789587679,0
-0.053850049088458994,-1.0673759527975608,-0.11734013299974465,19.64270642564029,11.888958960996533,-8.104885675175879,-0.1434328820690842,-1.031956230730437,0.04168273492176325,0
-0.006493041534196932,-1.0712907118496957,-0.12487992983294695,18.652350360794642,13.589198022194664,-8.307705109559286,-0.09992481090715372,-1.0350443000144607,0.03399602841994702,0
0.05092419713693708,-1.0833869807753662,-0.12064911094343689,17.246310670371585,16.587327730027766,-9.081826133690923,-0.04604751021980464,-1.0431194620204634,0.03770496671072179,0
0.11461567477957962,-1.1010181683109468,-0.10405372973287727,15.60627928403443,20.505817808145633,-10.495956961461273,0.01401586041230752,-1.0564630493888882,0.05296638880370561,0
0.17559489419717028,-1.1214003239099586,-0.07598924267135906,14.001408352720455,24.793505639304307,-12.441371287114459,0.07295586771459328,-1.0740415089067272,0.07708963854198637,0
0.22236154672152184,-1.143875190112406,-0.04242298665326141,12.690486666180306,28.9212509349783,-14.636197159215131,0.1208694625816805,-1.094064956502644,0.10582830832343539,0
0.24688135638519734,-1.1676001546085866,-0.012890450791814261,11.796363792302595,32.45879525220007,-16.725052727361067,0.1486838150669905,-1.1139849951105214,0.1338381520846812,0
0.24792430628412976,-1.1888350814288384,0.007748183103780311,11.268257194789179,35.10188855491115,-18.41147795168161,0.15317075819646284,-1.1310805445463112,0.15637663282012718,0
0.22956577414513427,-1.2028240818863727,0.02343565258397607,10.967107025780326,36.766488481075186,-19.5387238519535,0.1387256584767554,-1.1434756128445767,0.17235573961031175,0
0.19852973480723582,-1.208081868058495,0.04044864150742054,10.816374137093568,37.69616249115697,-20.085792191883318,0.11369828590661633,-1.1505494230092537,0.1852347819632211,0
0.16273620219430232,-1.2070829866351729,0.05953358851168946,10.89459861165158,38.40889287555151,-20.122263769937653,0.08507230642391506,-1.15274204715048,0.19989692550398247,0
0.12933535219908981,-1.203185949878524,0.07755140497252026,11.361471339545195,39.44545609721508,-19.775648026221297,0.056236245003884945,-1.1513733497249006,0.2188658638454336,0
0.10155748224067339,-1.1986998602694008,0.09496114107879934,12.269448585130437,41.10613073836707,-19.204929672430957,0.02805933148708343,-1.1484007927237545,0.24209714367290217,0
0.07756703828331672,-1.195561925871503,0.11785830196498448,13.483940342512605,43.379945272748266,-18.551742208109996,0.00041093961654863976,-1.1457222480901335,0.26970723409856007,0
0.05373209541527958,-1.1957711717441029,0.15178798915769331,14.8420372705401,46.06387187641693,-17.898871991250985,-0.027171076747503936,-1.144399968392146,0.30296114813321245,0
0.02903106882997484,-1.200341342904296,0.1942937290509244,16.350270272357264,48.89705464217825,-17.29325508222757,-0.05439340085154955,-1.1449541501169636,0.34080891118762074,0
0.005800274211990725,-1.2086878806606267,0.23308070919224508,18.09832133344355,51.58279994305441,-16.812528587753466,-0.07837492317597217,-1.1489717961089045,0.3752295608368713,0
-0.011722911871657044,-1.2197247481141371,0.25038515607655476,19.890511862106692,53.758233663708765,-16.579411505914177,-0.09324726119052934,-1.1599538287629771,0.3912081879188289,0
-0.016544971205564075,-1.2332505473574908,0.2287236757804811,20.959524962784926,55.073456526049775,-16.69363409378117,-0.09192194259303402,-1.181191185021469,0.3717308075929719,0
0.0016965478182774047,-1.2499447849170333,0.15382444383384178,20.03624248428913,55.40427763664049,-17.19057210088913,-0.06828253802984775,-1.2121012444815393,0.3020400613154641,0
0.049786603886361566,-1.2705661769565393,0.017114843219920697,15.727513434599953,54.9677048701453,-18.117064702953922,-0.020760339067659613,-1.247068594757221,0.171891709950516,0
0.11841407208081355,-1.2954018230469542,-0.176392974113427,7.140105668503448,54.12737568337662,-19.58870105986639,0.040714631410755486,-1.2781919840452274,-0.016961517960431285,0
0.17747749401182256,-1.3230660703215373,-0.39708777357229647,-5.2351611926480786,53.06608172456346,-21.58919827634618,0.09025045495736982,-1.2991122980499465,-0.2375985660939317,0
0.18816227160382473,-1.3487336631478732,-0.5912427917530115,-18.857651248121496,51.69387993474757,-23.5728654301642,0.09415450787912188,-1.307190156160183,-0.4359138877352483,0
0.12539627120399544,-1.3653861547111799,-0.7041796679755973,-29.737854731117206,49.79486471420648,-24.33157873487868,0.03065757350268452,-1.3042260290110523,-0.554321681946498,0
-0.004988350021032239,-1.369219056161552,-0.7136403996370582,-34.60742030735275,47.12780587182679,-22.504918250457084,-0.093927050953552,-1.295953078606962,-0.5677180787171993,0
-0.1671531268362298,-1.3633923735972089,-0.6443864573731416,-33.128987940021894,43.468402029256225,-17.50195994346317,-0.2463463952907167,-1.289036479759611,-0.49964716077413523,0
-0.3141053144587289,-1.3551524888102418,-0.5502852884888808,-28.034072384564897,38.77396893157319,-10.087373840195033,-0.38356267933671034,-1.2869013460357022,-0.4040870124319685,0
-0.41044233531696644,-1.3498495575217995,-0.48051523218170084,-22.93706839772628,33.33426861160873,-2.049351686419872,-0.4727301863077103,-1.2886818746765967,-0.3310587406553452,0
-0.44423003321238813,-1.347963673444178,-0.4572847084192824,-19.841003411115143,27.621909040061727,4.861732818312544,-0.502319121009383,-1.2914676457494987,-0.30443098541343033,0
-0.42538387254169,-1.3453842675907315,-0.4764069445504383,-18.393492415546472,21.95325797565197,9.862790555743452,-0.4817375904525777,-1.2908996929240102,-0.32191539934229263,0
-0.3762058222885637,-1.3342636059617128,-0.5207208961743814,-16.99888551028376,16.36168009829365,13.20515666165679,-0.4326460903627338,-1.279467673548156,-0.36668522549131544,0
-0.3187833702812405,-1.3056457577822858,-0.5710043825809576,-14.364812855364713,10.823899484688328,15.506306882313941,-0.37639815099199025,-1.2485662492876328,-0.4179541263340686,0
-0.26361800830043547,-1.255600255957166,-0.6105322435414974,-10.293845020049721,5.573730689284741,17.130136229383037,-0.32323357557794363,-1.195926800996279,-0.45796445668368546,0
-0.2064139355520813,-1.1899861930162772,-0.6292584585003375,-5.6174729270624875,1.1550969006809833,18.13108495016635,-0.26966404493892815,-1.130254748316112,-0.47756032300315043,0
-0.13646614200954454,-1.1217060147223723,-0.6282509635789377,-1.7142104770374154,-1.876615385649099,18.533242173510857,-0.20596971681988685,-1.0663712873253028,-0.4782591146346272,0
-0.04923487696101259,-1.0634988243844163,-0.6166650749647462,0.12644493717295804,-3.3467888693823142,18.476526910290296,-0.12707621841031508,-1.0159169966231114,-0.4673268086949259,0
0.048948878218892176,-1.0242355757058823,-0.6005324470775693,-0.6081308653444528,-3.5623594356933697,18.14521156361297,-0.03731026382630576,-0.9835922899069115,-0.4492781702510829,0
0.146155696922801,-1.0094912938398324,-0.57613836833,-3.225428428716479,-3.0065607253904707,17.684739575507816,0.05301216573614987,-0.9705780491990803,-0.422193546511034,0
0.23125350707166825,-1.021055683031957,-0.5368718510669208,-6.083758087168748,-1.9417664995332033,17.180452583365877,0.1332397946733233,-0.9778017010674349,-0.382094100165959,0
0.2956290110918354,-1.054090478580515,-0.4842960118711211,-7.540139284649474,-0.3336644523226544,16.611025568524536,0.19528228152598467,-1.0037831947980294,-0.33003957522956756,0
0.33362878928936224,-1.096126821209447,-0.42935138427483194,-6.947700650268798,1.8554880038373087,15.792091324559138,0.23444281377544185,-1.0404338123869474,-0.2746407443928339,0
0.34524332898354554,-1.1310168442278394,-0.3840717792104694,-4.891579657980293,4.364208737931556,14.439618954329598,0.2502553265488645,-1.0736811436985625,-0.2278898174028561,0
0.33743647863670956,-1.1465203238196715,-0.35466365590217425,-2.480897721621651,6.6733924247144385,12.356082743716186,0.2464001543719508,-1.0906209491586563,-0.19815443674503955,0
0.31913265512089795,-1.1407532408972032,-0.3408797936097899,-0.3912192134918546,8.362298045300507,9.56386612342392,0.22810269487449977,-1.0874172592554257,-0.18571879764439714,0
0.29306021264915205,-1.121937436656249,-0.33790836269638985,1.456310408686698,9.405812122796611,6.248868294458587,0.19847299135485133,-1.0703831907689276,-0.18352257577736064,0
0.25401753880322486,-1.1004275868635724,-0.3380175645679989,3.4080157144305474,10.087287446906677,2.5796465789568805,0.15723523357200048,-1.0490163573634435,-0.18201954992239555,0
0.1971225342926447,-1.0798442879450614,-0.33369670745513663,5.430547305788188,10.622986017763381,-1.397602209702384,0.10363771273311918,-1.027986108165318,-0.1747896504758682,0
0.12762876714239346,-1.0558310457848559,-0.3221011706760738,7.020806622948948,10.951987421036206,-5.665588869740483,0.04134286309176875,-1.0054051001695277,-0.1613101479200323,0
0.06100790211146754,-1.022941794990326,-0.30615378440863084,7.739347453919964,10.951121433154512,-10.056645083185463,-0.01980040215343254,-0.9769749608553798,-0.14527383679859837,0
0.012538248212842088,-0.9818344819083847,-0.2901968244609537,7.783244641293416,10.757698997192948,-14.227306780148457,-0.06788385733915123,-0.9403703289124319,-0.13058220926818126,0
-0.0128464524552963,-0.939124439968451,-0.2757397915585169,7.971556822799943,10.713823321544726,-17.853998260431567,-0.09587705451861173,-0.8966346267116515,-0.11945835986916058,0
-0.021627717221297728,-0.8997959273159072,-0.2638905310240935,9.073566053894773,10.960990121481696,-20.84506681539258,-0.10589717600778042,-0.8492591115462429,-0.11406512864094255,0
-0.025492747766191055,-0.8605521473594047,-0.26058129150882603,11.045292540383574,11.18364365208724,-23.33894361622417,-0.10773997619113108,-0.80214882264939,-0.11748369528348063,0
-0.03355131772843192,-0.8132645171418218,-0.27304204958703465,12.8863141470605,10.812041250505096,-25.49218757347978,-0.1120457448802565,-0.7572943869380653,-0.13059645569839018,0
-0.04692070140713973,-0.7561650161221793,-0.2984973799993419,13.327993357874458,9.496652954269702,-27.268240519836972,-0.12269605402030404,-0.7140177102091781,-0.14861482980830923,0
-0.059743946899582866,-0.6990137457846128,-0.32265381248874764,11.808973592883964,7.436390341995421,-28.425089706107464,-0.13549311523325364,-0.6714977452784926,-0.16342124889652332,0
-0.06635927298649011,-0.6553342000779854,-0.3336774011999386,8.870430556610557,5.269787645134236,-28.709616605217203,-0.14429402374146666,-0.6326060219597501,-0.17031696584813702,0
-0.06627108401835427,-0.6318587515422445,-0.3325736337443447,5.617176434630443,3.5965684105760722,-28.059909812698358,-0.14682187619694187,-0.6041134868852995,-0.170943534343953,0
-0.06167017389751282,-0.6268184736695951,-0.32681750938063164,2.813547471726455,2.5567608976404927,-26.600191827185352,-0.1440442416044909,-0.5917518090145876,-0.16893828850179926,0
-0.05294998422858919,-0.6349843771003185,-0.3197761858865505,0.4983101584620456,1.8439500062756697,-24.463394968359708,-0.13638182819647976,-0.5953490620679631,-0.16470702846279006,0
-0.0383940451354606,-0.6515122931753143,-0.31019323149974687,-1.669203218922871,1.0575911421661763,-21.70956124524796,-0.12237569412000178,-0.6097514097948534,-0.15605731286186236,0
-0.016805374541608544,-0.672630351999242,-0.29773662073950014,-3.899944955170448,-0.006354990271006389,-18.47114012219535,-0.10043223605467508,-0.6297292816562325,-0.14255269007199364,0
0.010924200333150632,-0.6950972860756871,-0.2851828647353636,-6.124024967691226,-1.3475041721579029,-15.112163940256968,-0.07120690330972294,-0.6521228510439372,-0.12721483672964595,0
0.04252159401883321,-0.7156091775834548,-0.2764711466889221,-8.146255899857376,-2.9251809395989463,-12.13814966122981,-0.03826239134889294,-0.6736178430966219,-0.11455788267839051,0
0.07580478584521785,-0.7312877586677652,-0.2740899675510283,-9.82831137520781,-4.760816174422434,-9.910646972720636,-0.005963176427560847,-0.68963936107854,-0.10853655722071559,0
0.1093290188445188,-0.7415973372933812,-0.27702410333372757,-11.195469535414041,-6.855759458757834,-8.456678742842206,0.02349939278565868,-0.6977302514158314,-0.11124130887789753,0
0.14223028420828973,-0.7494813108973621,-0.2804392730431547,-12.440356944481891,-9.020611717281849,-7.535393598562151,0.05086643644708507,-0.7011757592745311,-0.12073670120282932,0
0.17385047308535545,-0.7595706372260197,-0.2792102538681192,-13.75916398346714,-10.847294341643211,-6.854041431367804,0.07809095076093214,-0.7073518157299795,-0.13010863581001722,0
0.20313264512824863,-0.7748850719048374,-0.27289801417184983,-15.120923075197537,-11.926126786269624,-6.2307541063860725,0.10613692710230911,-0.7218241522300679,-0.13149278329805805,0
0.22825938674134835,-0.7955141197312352,-0.26545816061810285,-16.24009141545775,-12.1215704161858,-5.60916522075592,0.1335830889226243,-0.7444634464310086,-0.12248517133716486,0
0.24744590389926954,-0.8202179089584478,-0.25912807806376204,-16.821777552941246,-11.633839686099803,-4.980969999882873,0.15675837889128286,-0.7713161295281307,-0.10743502162201696,0
0.2600318905723281,-0.8483421066011514,-0.2511295316017211,-16.817695107160766,-10.810190087922212,-4.335236614228907,0.17192311846548763,-0.7992647470024132,-0.09194744978500002,0
0.2661167027727086,-0.8797837457512104,-0.23815078488809896,-16.446947980110536,-9.911226323571796,-3.685526296718273,0.177950048971586,-0.82808054973662,-0.07754088616062452,0
0.2656341907597519,-0.9134853313798266,-0.22192182386152076,-16.018306016195428,-9.008574690883892,-3.106709393685,0.17663207564628233,-0.8585089878095402,-0.06250826944573062,0
0.2590534360049813,-0.9462058310878704,-0.20800319711605803,-15.738875466176433,-8.01849781088365,-2.690462960199668,0.1703975881188234,-0.8895202714799502,-0.04668068978869199,0
0.24851972566528033,-0.9733070869047841,-0.19982922562494468,-15.632115913846821,-6.798054697768585,-2.439541759618893,0.160395709096177,-0.9179364301063773,-0.03330956253151042,0
0.2366219733967585,-0.991828493161436,-0.1956340111949051,-15.585112865745788,-5.251261022063145,-2.2222711590383213,0.14688330613031028,-0.9405143995256449,-0.025732973050953553,0
0.22407601435364347,-1.0027694564664942,-0.19143289377137884,-15.463595896944696,-3.399234250102547,-1.8547204429897093,0.13073864346248365,-0.9560434280084994,-0.02362977195022196,0
0.21022290724326032,-1.0094245236840633,-0.18614503157429774,-15.184274883212739,-1.3630019532041373,-1.232570070629038,0.11416296200866191,-0.9654413748585772,-0.023821707543729375,0
0.19599388777114246,-1.0138177222604872,-0.18269083827656227,-14.683737655029658,0.7289597381277187,-0.39002715508494173,0.09987726425300758,-0.9702210553551543,-0.02399111915577245,0
0.18446433457810674,-1.0157311326324536,-0.1838059288067791,-13.858431470999843,2.8065000081244063,0.5429899857167797,0.08939185155420896,-0.9712516460446279,-0.024342208671189577,0
0.17705017167452358,-1.0145955091816303,-0.18800600464406364,-12.608168206717291,4.823590455255973,1.4289052507408402,0.08189256023231309,-0.9688858088339264,-0.025824539554416732,0
0.17032941562600923,-1.0108418353237645,-0.19044795174331355,-10.976550979508318,6.6852801765397265,2.1995562603369097,0.07496904496737772,-0.9635449579716167,-0.02751983294017584,0
0.15893720971348865,-1.005226259163015,-0.1867833935617348,-9.203277089932666,8.24641419370279,2.8851467117017444,0.06643174893395869,-0.9557454974801501,-0.026122603850023875,0
0.1416124759954379,-0.9979013592723909,-0.1759075139255528,-7.573021968395494,9.393193842726966,3.5690691429598367,0.055390721777608135,-0.9461644350392546,-0.018517283230360452,0
0.12219347609265857,-0.9887514437557128,-0.16072147599156583,-6.213496173965915,10.119456281227109,4.294945062290895,0.04202252144337388,-0.9361526346385266,-0.005243616916271412,0
0.10447260079089775,-0.9782994823308621,-0.14698969527869618,-5.064477600306582,10.52533573725233,5.013921791714035,0.02693567931840049,-0.927546114366283,0.009306499796498082,0
0.08869045094393285,-0.9681459060923885,-0.13950562762237886,-4.00153857059086,10.749566915860287,5.6286708460173145,0.011002205647696345,-0.9214944816974124,0.020828337668686837,0
0.07377584071052823,-0.9608458169799128,-0.13783404653494055,-2.935320472884399,10.89977174991121,6.0822379423971515,-0.004489926515551133,-0.9179953698174,0.028572598321923,0
0.06026183460495843,-0.95894451572172,-0.1370633817114406,-1.8310985812391538,11.025383678537588,6.396449943116369,-0.018041707057574873,-0.9168899295105613,0.034165866250136415,0
0.04956688568285006,-0.9630589039741424,-0.1340518796119536,-0.7241321992711663,11.12592744166989,6.63921005566494,-0.02848883898698085,-0.9186758290553282,0.03785701577029424,0
0.0424194358190913,-0.9707871291029367,-0.131472914364558,0.258533820827627,11.17326482161929,6.881007943666804,-0.03516947914729893,-0.9236346054811125,0.037419594764584035,0
0.03920028121266298,-0.9782832779378666,-0.13404319705357753,0.9338770289018514,11.144148684792501,7.183813360727756,-0.03769406697667771,-0.9302759815478661,0.030975772486751967,0
0.04020200183758842,-0.983137091661668,-0.1421178898071465,1.1585355929080423,11.051250534999673,7.59726601065865,-0.036033701595850016,-0.935529774806753,0.019965268408262366,0
0.0446431773455906,-0.9855886318884092,-0.15093165596089309,0.9115005656667079,10.944771599738202,8.131175539106973,-0.03088362047987417,-0.9373174392528616,0.008739078645600837,0
0.050884061286682616,-0.9874272431224623,-0.15543248293922735,0.3115285743257141,10.882323433118424,8.733503471522205,-0.0236289572097439,-0.9368966716516637,0.0014364343283720035,0
0.05855241233569297,-0.9903855716759107,-0.1546159645062546,-0.42583794800922126,10.89494129906444,9.320698209392095,-0.01588144234021554,-0.9380007336756068,-0.0005696308851455507,0
0.06939982675659179,-0.9954330206159931,-0.15174926828593216,-1.0639988514207463,10.968368972846616,9.841639306672638,-0.008766750133982542,-0.943358270805437,0.0014499446222455364,0
0.08493841068838683,-1.0024991460989672,-0.1509710129343085,-1.4280268157500522,11.047407688510507,10.308804719294816,-0.0019000075065218394,-0.9522290427701953,0.00557737899689168,0
0.10360867329064471,-1.010040094223578,-0.15298234453244997,-1.462746107617909,11.073623012320802,10.774631944911425,0.006894382927879474,-0.9613630239150962,0.01071243696937685,0
0.12112218014345344,-1.0156558072251063,-0.15388250822126728,-1.2277511841885675,11.039887194388266,11.289887942070845,0.019416388683507917,-0.9681056431275131,0.016246334504043506,0
0.13307911919844279,-1.0183781385229154,-0.14914532307537948,-0.8227943983138721,11.003317244517437,11.874661634099102,0.03367386371382255,-0.9723931531725152,0.02110142599190317,0
0.13642440721496235,-1.0199561308649459,-0.1391562409321471,-0.30459292544050565,11.022701907287797,12.509156894925667,0.04366023137468035,-0.9758962030213943,0.023845990589802166,0
0.1300224758335473,-1.0230561606975124,-0.13018239158695857,0.32125699677646535,11.074715792141939,13.154369004152928,0.04416411344678206,-0.9798320632027785,0.023744567446001678,0
0.11627834433767305,-1.0289272424405795,-0.12903933272170182,1.0273620702804387,11.039170176706596,13.795575495225428,0.03571952682107182,-0.9842901742388487,0.021235457434304158,0
0.1010721795627532,-1.037422889349757,-0.13649247767772324,1.7053943193775594,10.773669530150814,14.460868739785594,0.02352261167792825,-0.9895506280979396,0.01742388620542142,0
0.08926843462198938,-1.0479333167888987,-0.1462399117310757,2.2098733845095038,10.212276635631133,15.181000462443892,0.011568286870710879,-0.9968797017190262,0.01377766271667679,0
0.08058806625618128,-1.0589247743925483,-0.1506932702181417,2.48079931954512,9.410304996815333,15.933415470237566,-0.0005172000030081256,-1.0070481799215176,0.012352793050482223,0
0.0714409566082493,-1.067529209552533,-0.1473883541838839,2.6306675947925595,8.504539208473455,16.644561236615754,-0.01448888268299994,-1.0184959032613534,0.015072417995544136,0
0.059632405617329194,-1.071729017722,-0.13943693568248344,2.902859552508441,7.617443098192371,17.251031391157465,-0.02927479614484396,-1.0281543465238272,0.021903492564443947,0
0.045933767133473115,-1.0732574280095382,-0.1305935167541324,3.51885672186585,6.774406439294501,17.74381550481809,-0.04142293818147334,-1.03436670842999,0.030595186207047022,0
0.03290131791813333,-1.0764954269887126,-0.12131794567681416,4.545200157184403,5.897676486798382,18.15500797746547,-0.04901550581069814,-1.0381738278279053,0.03916888603469083,0
0.023816209476473667,-1.083510700453536,-0.1100745671169838,5.904023254214002,4.886324728608797,18.526441041754758,-0.05325679236634589,-1.0413770106957088,0.047917060524608264,0
0.02080134338689464,-1.09128594967522,-0.0973090834303488,7.490764975844986,3.7212619677023118,18.894650022502372,-0.05592063182241111,-1.0441155141647203,0.05792627716134034,0
0.0221791185000001,-1.0946075905361254,-0.08639743753858362,9.238510684877538,2.500393205079342,19.27234212781044,-0.05684935977979412,-1.0448152247998865,0.06829542586388036,0
0.02354147067543842,-1.0907775696263493,-0.08035778555163935,11.05858051201454,1.3643581555103812,19.617042583870205,-0.054821377840412036,-1.0418341314376438,0.07602760918481713,0
0.02293892170599781,-1.080832211673683,-0.0793775587184753,12.762880358811389,0.3904745243762152,19.829642841289335,-0.04977495577196001,-1.0347025359714912,0.07841224669018272,0
0.023030282423715808,-1.0675359729004879,-0.08300115687857666,14.087467690412835,-0.43195501630917876,19.81798494204759,-0.043317671890986724,-1.0246257624009794,0.07432581428924623,0
0.02655453299466873,-1.0543361252416963,-0.09351908761131295,14.788858684174782,-1.150363393442221,19.58737205254558,-0.03792895002407338,-1.0148105716760512,0.06303256464329952,0
0.03135258446201254,-1.0461348774654091,-0.11484219043577856,14.695585194405417,-1.8375439142602232,19.268170251172318,-0.03642288566660193,-1.0100289274120262,0.04311862716892219,0
0.031749812178866965,-1.0485022423266088,-0.14739261078245072,13.688895572096959,-2.655903066573116,19.031362925398668,-0.04110476506736073,-1.014744469645525,0.014245433568243891,0
0.02439449888724637,-1.0648448392099363,-0.1849194857055944,11.718663186172348,-3.8696225625108274,18.95450662852799,-0.052021899030452796,-1.0310699715759137,-0.0198392453346454,0
0.011128068006650343,-1.0956613145847405,-0.21713783003805692,8.920769807207721,-5.693331749478109,18.967783527010216,-0.06639670103912063,-1.0588837966268136,-0.05155350706365581,0
-0.004101795724424437,-1.1407788241369545,-0.23675673758208393,5.712502890298856,-8.07414458724984,18.93420979115355,-0.08100804076822736,-1.0981870445498731,-0.07455643636112087,0
-0.019087575357445433,-1.1997609873861457,-0.24566504643945347,2.668627175681157,-10.629156796590618,18.766027650223354,-0.09488896025161145,-1.1501444639912202,-0.08930185470495643,0
-0.032483062285057825,-1.2687061441903247,-0.25472881674193404,0.18178660010497377,-12.829266650647034,18.44038606189657,-0.1082864240817567,-1.2139626921961408,-0.103517358287411,0
-0.040651318415751606,-1.338625688118964,-0.27642144736089863,-1.8047855581585313,-14.288332262057235,17.912988407181956,-0.11883440152476947,-1.2828026304311662,-0.12700677505658048,0
-0.038441501187422004,-1.398615399841634,-0.3155787573432263,-3.66902232235809,-14.94312453365555,17.06213025262241,-0.12046674239710896,-1.3442414279742567,-0.16454330404842052,0
-0.024046474808209022,-1.4391283442129454,-0.36472111788961037,-5.585054022606713,-15.038925249304489,15.746177941910297,-0.10786236740048098,-1.3846832439825076,-0.21105322905389248,0
-0.0014098500141354997,-1.451186649658781,-0.40797616365359446,-7.051470237673165,-14.991161700376392,13.902114912268964,-0.08213969073279916,-1.3928796684302882,-0.253180839858561,0
0.02385113018315294,-1.4257747861514418,-0.4332214179277519,-7.0542161763087945,-15.21989025435694,11.576517572080686,-0.05082559992482015,-1.3620159673030623,-0.27914488110917873,0
0.050176328369508895,-1.3585130357681579,-0.4434659821127849,-4.935119929982851,-15.992708823788906,8.890452008921894,-0.021260506959832975,-1.2927844583203214,-0.29020913811209664,0
0.07956196514221876,-1.2558126035276365,-0.454952102482849,-1.2356349570836858,-17.310962948086125,6.009029266993559,0.004957691137496263,-1.1954696689764694,-0.3011964616227327,0
0.11116755811168716,-1.1349646279500838,-0.4820334001136593,2.3649641003010133,-18.9368425756966,3.145117153896151,0.02989836116465521,-1.0867866307311242,-0.3271481841860592,0
0.13777937790221845,-1.0170170498326099,-0.5239238893835861,4.050493501254334,-20.6058445502335,0.5750315252078573,0.052823618343932406,-0.9824616020541911,-0.3690485810913336,0
0.1496830233772644,-0.9175283896459971,-0.5651469747270743,2.9541328231659154,-22.27366302113466,-1.3829095658617758,0.06734876968269282,-0.8911731081385126,-0.4120563698969498,0
0.1405409606358129,-0.8410618809962379,-0.5860824776840947,-0.43420778981656627,-24.177282752473214,-2.4725687223257724,0.06490193902149564,-0.8138410039782119,-0.43535166563925515,0
0.10931898324889183,-0.7831628662301071,-0.5731424536439187,-4.587983828897394,-26.673079953000908,-2.632907252915297,0.040361083158625286,-0.7482533600847855,-0.42360423047344725,0
0.058947173135794215,-0.7386698523026249,-0.5240774717640855,-7.680256312525456,-29.99859876395443,-2.0046851150444986,-0.005451083229461851,-0.6956008495982342,-0.37393784251471535,0
-0.005160213112780016,-0.7089507760603302,-0.4497666653629219,-8.493644202838668,-34.10328807581544,-0.7734825447700058,-0.06748586142353362,-0.6629095021011718,-0.2977918243515298,0
-0.07565923588029982,-0.7004035314331316,-0.37139989762709397,-7.166018912184005,-38.62393016761374,0.9524804488400451,-0.1385612270801706,-0.6577855269546791,-0.21671068531538784,0
-0.1435742863616213,-0.7159531998724173,-0.31034150192287385,-5.214880274504503,-43.028137163133366,3.0504605704459484,-0.20915472918303052,-0.6805627398949639,-0.15180521273276176,0
-0.1997015538144948,-0.7506718186057151,-0.2761685188173952,-4.597619191759497,-46.85432250978627,5.204097277673382,-0.26804614961217027,-0.7233921211769037,-0.1132575700824732,0
-0.23749766273194378,-0.7979034549062537,-0.2643125494368463,-6.430730182987587,-49.88245636757278,6.93875869133038,-0.3068328978584695,-0.7776371146341071,-0.09865539504404068,0
-0.25514961241980116,-0.8571096977423014,-0.2648737712850084,-10.427513354135867,-52.11231831427944,7.948596678226068,-0.3238669494080754,-0.8403610516632238,-0.09978723021304477,0
-0.254018456439731,-0.9314014052093377,-0.2713350375956617,-15.431273117789084,-53.59235018582777,8.412074104720215,-0.32171743954873644,-0.9126840864032884,-0.10895419517933873,0
-0.23495768055282581,-1.018150531091379,-0.28068635492450106,-20.34558826979087,-54.27163653854523,8.914857465705952,-0.30174056005887373,-0.9935834687885425,-0.11986653273513388,0
-0.198009342697251,-1.1066270231590696,-0.28865329962057057,-24.573079935513718,-54.02294527737375,9.981707413504024,-0.264458089345379,-1.0768794558809835,-0.12662515877355093,0
-0.14679424586243778,-1.1859345518725248,-0.28806534859385424,-27.849424446391797,-52.824446503287874,11.671026116191829,-0.2150985579050848,-1.1534156164384506,-0.12463085667229781,0
-0.09058113642862878,-1.2519403434282717,-0.2726583507097311,-29.971977809263706,-50.9223883760052,13.636093209479485,-0.164261045398189,-1.2149510310016272,-0.11211250204460146,0
-0.03889093585148379,-1.3045648220060262,-0.24257752512871794,-30.737427185379296,-48.79123362420374,15.519177022111734,-0.12029622348478176,-1.2568709482966953,-0.09002669165086707,0
0.004963991241198645,-1.3406583556980387,-0.20678655385693645,-30.001069057618867,-46.89935496845872,17.20524226590644,-0.08312709287342467,-1.2789979207795008,-0.061611167379864086,0
0.04263961170481314,-1.3529832453410435,-0.17918865267214049,-27.75961391841478,-45.48704234428743,18.73778433970907,-0.048182615705317046,-1.283716991730637,-0.03295268248641234,0
0.07450752437230244,-1.3365988006073057,-0.16913787509230632,-24.265695237392826,-44.542796832825374,20.138116027047634,-0.014912272925918166,-1.2718783288335964,-0.011959299924318439,0
0.0977420974286885,-1.2939725659011685,-0.17384168796489607,-20.046765323985312,-43.952374143927216,21.374584677556612,0.011747297093470393,-1.2410169042434949,-0.0038596838523226535,0
0.11034222241653743,-1.2335411004775165,-0.18160493372284872,-15.669236065135777,-43.63298147121883,22.426947411323876,0.02783227035691785,-1.1899129491757399,-0.007441621523350468,0
0.11408506242360361,-1.1660548724761308,-0.1838422422947843,-11.438239927223092,-43.51690763876283,23.294077489131226,0.03451353782451941,-1.1252718659255714,-0.016775009961584757,0
0.11249944115245475,-1.102711062017532,-0.18261271587897976,-7.4204490819446765,-43.45083766864162,23.959484808915853,0.034531278258949416,-1.0615384046205696,-0.026074145647392695,0
0.10778662514010864,-1.0528605521284669,-0.18564362365963466,-3.773953005854201,-43.19134918897525,24.411284799422102,0.027815538129525773,-1.0123695726306434,-0.03228027449157734,0
0.10043214002347409,-1.0206956199469859,-0.19576330155530683,-0.9181468494847266,-42.5436710234731,24.700580161388018,0.013496842595126091,-0.9824217041998131,-0.0347769574639138,0
0.08994189721191145,-1.0046870606557528,-0.206874551915135,0.7191588734449366,-41.485427211536475,24.94012341622972,-0.005617002572730625,-0.9671991735909984,-0.034775895272521305,0
0.07562597501505716,-1.0001474015197722,-0.21006892059093316,1.082220449139929,-40.13752900151613,25.22496590720232,-0.02352811397578657,-0.9592678114485949,-0.034444253821691403,0
0.058632993560274994,-1.0012148267279972,-0.2027615369230062,0.5783916228925792,-38.64424684356379,25.56993628564299,-0.03561137827282182,-0.9537273328391385,-0.034848999743745286,0
0.04285669401146126,-1.001608273832836,-0.19124672163922096,-0.15733730819827096,-37.10533685713692,25.942798604339217,-0.04143378807217142,-0.9489959388416376,-0.03472447001253362,0
0.03197694199694102,-0.9963457566099312,-0.18457482350603413,-0.5737656280787261,-35.5932438111549,26.342830178223593,-0.043911964762684594,-0.9445127889874987,-0.03242352640733902,0
0.026536134809877297,-0.9838689476698719,-0.1867971095242649,-0.41196825226686784,-34.18066111382989,26.807497713172925,-0.0465394389560696,-0.9387384899310078,-0.02896270078340333,0
0.02517794293633227,-0.9660371213495673,-0.19505062681662932,0.22081159591460006,-32.92527497918006,27.331970046015464,-0.05057563916866692,-0.9291281504160143,-0.027881265311267153,0
0.027280515941240303,-0.945946123239924,-0.20392092326170097,0.921985212465977,-31.838955290680577,27.817435097437574,-0.0540861888209035,-0.9137963015896006,-0.03179047168534394,0
0.03305222813915713,-0.9258352252246304,-0.21089886116950438,1.198566173299657,-30.87929707694151,28.12477525688272,-0.0538723418040805,-0.8934131742417044,-0.03989756500030284,0
0.04158004160956093,-0.9066020552388672,-0.21747367042168625,0.7026682072107819,-29.947724330637854,28.163132053323967,-0.0486751946083927,-0.8713313242880883,-0.04924948331394045,0
0.04988613793826515,-0.8885637887351586,-0.22524892329234986,-0.6361016227885177,-28.882405003731495,27.913279884961383,-0.0405699984124502,-0.8511551318822945,-0.057622387284558554,0
0.05523607522949316,-0.8718775947491204,-0.23265349970434754,-2.6200702253664603,-27.49225107799054,27.393530466692678,-0.033148683928975076,-0.8338614543436187,-0.06438387121336739,0
0.0586333089553523,-0.8560467089649425,-0.23689215451369566,-4.8873671113129005,-25.65085863013491,26.63629698199291,-0.02831760613613426,-0.8179168949624771,-0.06898260588867432,0
0.06397337263396355,-0.8405547328714816,-0.23776878139445906,-7.070847084966391,-23.369934994228682,25.68304057038964,-0.025015737710103524,-0.8027670070333287,-0.07021091658499722,0
0.07248471296149855,-0.8275236299342119,-0.23742424667827447,-8.975602722147748,-20.769589005360043,24.553657473716036,-0.021032109150483837,-0.7913360551934504,-0.06786796938752628,0
0.08003395774015352,-0.8224417883155211,-0.23682995719424946,-10.671266155365426,-17.9797400405117,23.206851118063177,-0.015737039797810454,-0.7877765341018991,-0.06403950297818059,0
0.0814668694774081,-0.8298462656190009,-0.23444448554322111,-12.38598192605287,-15.084227123051035,21.577224790728046,-0.011042777533526942,-0.793358732769081,-0.06110212947510234,0
0.07562000682592096,-0.8484599283811092,-0.22835866111464598,-14.250221627091076,-12.159915630254154,19.69737150010845,-0.010410828932035767,-0.8062951931090542,-0.05860481924122884,0
0.0643666211836924,-0.8722714651603563,-0.2184699429782911,-16.12169389159256,-9.34189808751333,17.76838874748257,-0.0173039557770074,-0.8250622930853803,-0.053575259086097775,0
0.048655061921325224,-0.8960814590345827,-0.2064698544520311,-17.66949162648465,-6.80991209613668,16.064409031387278,-0.03349099597376923,-0.8492899515564589,-0.04434434493048566,0
0.0278085852432974,-0.9183089011253114,-0.19466768481541818,-18.628869485959154,-4.692347750892744,14.74830824648414,-0.057301606887714615,-0.8767793404398067,-0.03307772421364032,0
0.0021247700960367205,-0.938904348333072,-0.18500827410399734,-18.97903536451782,-2.999300338734466,13.775618269497796,-0.08372569743290599,-0.902112506876585,-0.02396123123390343,0
-0.02561613840733126,-0.9572617532753154,-0.17872631089963792,-18.916925571359634,-1.6683537549691458,12.95423747499244,-0.10785760726140445,-0.920214724003582,-0.019486409192075314,0
-0.05176401248173639,-0.9729061104830179,-0.1765646508457476,-18.709111735608236,-0.6680779820895942,12.084113262939525,-0.12893358179934075,-0.9305612946765053,-0.018800644145555958,0
-0.07481229351949474,-0.9858159950320861,-0.1783508941334046,-18.563652521878375,-0.03489986653263874,11.083417998055896,-0.15028560304698774,-0.9363484183298981,-0.018917432063355197,0
-0.09670598125958797,-0.9949038882826526,-0.18147766189352713,-18.56964428613464,0.20627967880395096,10.057337659561918,-0.17485692882311177,-0.9399407440121336,-0.01717636186452797,0
-0.11988037151616655,-0.9982695800768704,-0.1817574531979819,-18.6734083675748,0.163215905700703,9.272305528341914,-0.2007766046588096,-0.9410831688595704,-0.013607702202834015,0
-0.1415165589588537,-0.9965255608513277,-0.17900990167907754,-18.714213148439004,0.1065088993523015,8.997854195045246,-0.22111858625284303,-0.9400463485827354,-0.012113021626203094,0
-0.15244345829089395,-0.9944230424239486,-0.18078754318668272,-18.595749644498365,0.3409417644077109,9.276458317725348,-0.22840431578441714,-0.9402718858154803,-0.018868703542829907,0
-0.14542554490901435,-0.9971885504915976,-0.1960715112255105,-18.51115321801506,1.0062199145004234,9.819998584273607,-0.22075334568691948,-0.9457806587069423,-0.03765009504008414,0
-0.12462817959444346,-1.005643627212119,-0.2242162323373335,-18.940400809981522,1.989416861738712,10.181078946872312,-0.2041303654880984,-0.9569137973130989,-0.065430561477057,0
-0.10327449260973907,-1.0168533743250714,-0.2532014603067552,-20.303086542694157,3.0324983888155708,10.068237755785521,-0.18762396302397782,-0.9709268720954803,-0.0929738545279443,0
-0.09048824361404766,-1.0294709387650605,-0.26977317782256016,-22.566898129439192,3.9252847121488252,9.499476631099412,-0.1759889397774653,-0.9864729585121262,-0.11063996016493235,0
-0.08270732974496763,-1.0460396098298874,-0.26949421239551913,-25.195511703646638,4.6126353002524505,8.679172483621718,-0.1668174565588097,-1.0050641880478737,-0.11422194438376718,0
-0.06938216207021024,-1.0698735165186182,-0.2576445758569455,-27.44535515367129,5.166995021578679,7.786860858025743,-0.15422191422824402,-1.0279454974654143,-0.1060624966282698,0
-0.045107279946330466,-1.1022534342327424,-0.2430330993680433,-28.71452217601835,5.716409591351196,6.8882616008301385,-0.13450488385658504,-1.054243134451028,-0.09133907798738118,0
-0.014454527298734306,-1.1424146541357174,-0.23007390610011233,-28.716513417847697,6.412936102075384,5.973920889146423,-0.10902908003836408,-1.0833761688487982,-0.07304899521000627,0
0.013103648528721184,-1.187217165487479,-0.2142295952754136,-27.454380834744782,7.411899653833665,5.023090750856006,-0.08322746930226285,-1.1169985283326602,-0.05006858266884835,0
0.030109106897482873,-1.2311227054403668,-0.18626616585465075,-25.077809081139666,8.793678484532268,4.045578292976477,-0.06345963491271862,-1.156343597240918,-0.019987780293686225,0
0.034073018492645685,-1.2696029166583114,-0.14322190087823436,-21.74413497151881,10.467584827774317,3.1031101566034023,-0.0537824784387846,-1.1985711552831773,0.016513784353908174,0
0.02765639220053047,-1.3027501238961456,-0.09382675441397778,-17.580854295609633,12.182094810668719,2.293809541413328,-0.05402807927062434,-1.237776147764631,0.05464441818032253,0
0.01756005272600664,-1.3329551527587502,-0.05175738597657662,-12.72684055053427,13.681166376900133,1.6814112832940575,-0.06006414513177083,-1.2692432833183684,0.08847976253053295,0
0.010845467599910157,-1.3582391907432456,-0.025785653870056886,-7.340344566981691,14.892672688818234,1.2074260030080146,-0.06646407587449504,-1.2906727076319755,0.11382033567113439,0
0.009808532200351848,-1.3701777360153682,-0.017334801909762245,-1.5582454782417563,15.987269853720084,0.675586621768214,-0.0703564869337013,-1.2994335946303488,0.1278098358005191,0
0.010392010158059071,-1.3606731930373617,-0.024156010670040026,4.4594731846321345,17.246702358448776,-0.1483024558946075,-0.07359446625634022,-1.2916902128894152,0.12745872659913648,0
0.006359249154167721,-1.33004581685379,-0.04393649585238943,10.343320776880832,18.844376126228397,-1.40306673937879,-0.08084225922683663,-1.2661261694038202,0.11092805710419493,0
-0.005111958564244292,-1.2865522199363397,-0.07513672268985203,15.388284264828739,20.72557972680415,-3.09470997286944,-0.09487980420613704,-1.2270410234279723,0.08072653159773698,0
-0.02223767101111718,-1.2385746179069979,-0.114605257570857,18.752918233462662,22.688722474521185,-5.172187612831991,-0.11396168305232425,-1.181832458406055,0.04419344963951327,0
-0.04242677284238864,-1.1895059132929235,-0.15456149144731185,19.943151791737144,24.590876507287835,-7.610578179123946,-0.13438401568811698,-1.1358738852709398,0.009799965625392504,0
-0.0660396851905239,-1.1403431235036556,-0.1850197168049772,19.177446255381682,26.504972521945795,-10.420003448354118,-0.15538508512247606,-1.0912598576783352,-0.017185576084933474,0
-0.095472986465367,-1.0947072626555878,-0.20194368108365504,17.240495069841955,28.70588900929221,-13.599415663706104,-0.1802532122458517,-1.0502207679188074,-0.03626623279196206,0
-0.13069924681155212,-1.0591004778124589,-0.21156735143352054,14.881259764558516,31.48907399939785,-17.088796094643882,-0.21160677302973735,-1.01782700730227,-0.050663086849030904,0
-0.1662230877665546,-1.038733173334335,-0.22458477044842298,12.272884357094231,34.946548646615675,-20.749887815995603,-0.24575369479872564,-1.000171734006543,-0.06532205452636063,0
-0.19226144903658093,-1.0350713083321395,-0.24675209371236853,9.001465767621937,38.86425444734868,-24.38699948196996,-0.27223008257558806,-1.000449678305486,-0.08475004572578698,0
-0.19887891451813644,-1.047510815032141,-0.2758040429381553,4.520142971970479,42.81111677492846,-27.799053576820583,-0.27906438961630825,-1.0173570922673247,-0.11110441180081948,0
-0.18047553993906024,-1.075162470433712,-0.3063688966144864,-1.3652627165024274,46.33734235945137,-30.833520412702093,-0.25961229658519086,-1.0464420160137435,-0.1436822292415026,0
-0.13896589465599088,-1.1156299095895776,-0.33678089957565477,-8.264849447108592,49.128686631607046,-33.4182419826927,-0.216906077986681,-1.0819225121929883,-0.18032840941433387,0
-0.0847011054157221,-1.162636751607022,-0.37006681214720655,-15.232943646557349,51.02584725924803,-35.555536938186656,-0.1634045223362346,-1.117378332699644,-0.21884123858918136,0
-0.03407458292029647,-1.2055243355708256,-0.4071643486454708,-21.010139595378476,51.95268579678266,-37.26081528444767,-0.11613150383943846,-1.1458238588267002,-0.25596147215184867,0
-0.0032852502011819873,-1.2319390051150034,-0.44065192667570513,-24.433157817418063,51.88322227270785,-38.47021293160042,-0.08944360288359497,-1.1605024178150967,-0.2854882818743316,0
-0.0005171334816092743,-1.233099071053223,-0.45857175705238545,-24.860338985282397,50.91517558402148,-39.02050266237092,-0.08889037800663908,-1.156878974403704,-0.3000853919681925,0
-0.022131183266587893,-1.2080729897730653,-0.45515085907220515,-22.412661026646333,49.36430000363415,-38.77823613837735,-0.10963194054122953,-1.134446553172618,-0.296827426866795,0
-0.056601567183100866,-1.162822452852877,-0.43590561996257704,-17.918758781033038,47.73406393550833,-37.81852744018122,-0.14081393791489924,-1.096309820554899,-0.2800737978987595,0
-0.0920885211664208,-1.1048998936641552,-0.4121270650480903,-12.581836396315257,46.52366772756618,-36.44782210050114,-0.1722740639763222,-1.0465115727885597,-0.25778102608242653,0
-0.11991772572814255,-1.0395153560333952,-0.3920359711771067,-7.527386590427054,45.99555627498825,-35.01991289730787,-0.19739782965668123,-0.9878625164789023,-0.23583529622094343,0
-0.13314256418002746,-0.9702829660117719,-0.3773097861143308,-3.483293045217026,46.082121533151366,-33.73106866709097,-0.21113423890611563,-0.9228916136695632,-0.2167533494629271,0
-0.1262000161146415,-0.9020866453318876,-0.36637625148758196,-0.7369793626421794,46.51360225427075,-32.590909658429304,-0.20823962672595106,-0.856520093827415,-0.20258035434030383,0
-0.09767611265300324,-0.8414923630985995,-0.35975356175258194,0.7322658604858256,47.05582442606762,-31.56504194158894,-0.18477688245131543,-0.7961010485588264,-0.19694054685894563,0
-0.0512859180077471,-0.7936063585487588,-0.3617088268978995,1.1401201460120827,47.63507865995156,-30.732019815572706,-0.14055529625712843,-0.7476323215071641,-0.20335692212659795,1
0.007180133582429225,-0.7593037489026888,-0.37638361622371697,0.8418664995731588,48.25278047124858,-30.31253032112995,-0.08007650810798267,-0.7126704632137271,-0.22205419768450135,1
0.07210463985240313,-0.7370332687162001,-0.40277751931682665,0.22274880481226392,48.83901885476274,-30.54429611196036,-0.012101363574756201,-0.6902435252857263,-0.24926424481877527,1
0.1362570079445658,-0.7273100335660262,-0.4346097543858335,-0.5072492976451461,49.23852300868508,-31.502194835015555,0.05197905416747968,-0.6812271714157897,-0.2798163398895326,1
0.18932615066897307,-0.7334019990286398,-0.46484579535623033,-1.4683803303524179,49.299244881841666,-33.00993081607766,0.10135514366069048,-0.6886473623765439,-0.3097513117228552,1
0.22127226016479548,-0.7563704339512332,-0.48903663565974365,-3.0205873045286955,48.886426414143415,-34.69550548429045,0.12971953208790082,-0.7127813938577335,-0.336032270552417,1
0.22771446984474394,-0.7910574653610288,-0.504588386053692,-5.426328812055856,47.79449967623753,-36.11380109971078,0.13729938116428947,-0.7478892574169614,-0.35452262522969136,1
0.2119271631811671,-0.8293033266716812,-0.5090324678441494,-8.541173528131578,45.72357453926158,-36.860710493957,0.12896616803882652,-0.7860800814986272,-0.35995787997705,1
0.18264931965746697,-0.8671013363407389,-0.5005204445086812,-11.842025350131578,42.43271983251008,-36.676366535365574,0.11021242572873362,-0.8239975884366055,-0.34937700181986153,1
0.15032763004566513,-0.9065343927028776,-0.47996107131553084,-14.78284241406462,37.966171049734,-35.52141756719565,0.08529940257293558,-0.8635169610729958,-0.3256675336503032,1
0.12313513035590223,-0.9496226151408462,-0.45204464084042045,-17.128545466343507,32.7373616415162,-33.56602826730386,0.05826911419989163,-0.9057709827010553,-0.29633312874541134,1
0.1033213496065497,-0.9923570619875446,-0.4229446637782032,-18.972160325306227,27.360887656152933,-31.088327596616324,0.033017112265615114,-0.9473562293778495,-0.26766304282013814,1
0.0866719174479538,-1.0278341763378085,-0.39617421055330987,-20.509519763227228,22.35061411985813,-28.364241597373688,0.011087155566630454,-0.9838635950764825,-0.24095948600027497,1
0.06752393938909888,-1.054378290960352,-0.37188210077611317,-21.86063468120692,17.939235076244536,-25.613549892619268,-0.009013187492253367,-1.0142165066327051,-0.2156084508734492,1
0.045520090731191926,-1.0762159578350996,-0.35112001053348035,-23.062594744241835,14.153675932495794,-22.99371014548462,-0.028780726087430954,-1.0385625669445484,-0.19449405015413124,1
0.02629659820612763,-1.0951098155835306,-0.3388861823103659,-24.102985674025284,11.009582434850772,-20.607959433963412,-0.04678958892596593,-1.0538204501519735,-0.1841044423723807,1
0.015074653101945277,-1.1055071248257278,-0.34136365304399713,-24.87955556120343,8.587935027405296,-18.510127891174122,-0.059894410976704414,-1.0551694728242338,-0.18944882567877427,1
0.011604426906301778,-1.1006537966770527,-0.3611519012052169,-25.194588636139894,6.937811176859935,-16.703092898493413,-0.06647730662471961,-1.042125969419189,-0.21014246309064102,1
0.01244595119971529,-1.0810562116681133,-0.39490778651212977,-24.924724818154427,5.9537534165043615,-15.14067097518224,-0.06725150505442505,-1.020484182358893,-0.24045392651837777,1
0.015775568865370012,-1.0543149304744293,-0.4326998649060015,-24.218741346086496,5.372427168779974,-13.740868454471931,-0.06369578527576737,-0.9974379249452964,-0.2711050228349331,1
0.02196675477388685,-1.0282604127633301,-0.4597705337579493,-23.40486362345098,4.898590213912646,-12.402563150003882,-0.05710544282081598,-0.9765675222095169,-0.2919012333157033,1
0.03149724326490566,-1.0068972527055882,-0.4642760327553649,-22.634726231621542,4.371226354405297,-11.03349432845151,-0.04841221052093573,-0.9582185952477807,-0.29604442618152293,1
0.04461547812899731,-0.9916039000334445,-0.4469558682866423,-21.727032896580315,3.852673114291412,-9.608300330887488,-0.03751291550167886,-0.9423737499591516,-0.2838788666953719,1
0.06152237457109151,-0.9821285447323147,-0.4207204985442457,-20.46368585814572,3.5615308294434973,-8.208801018490973,-0.023367497649974735,-0.9292457151557098,-0.2622209375387006,1
0.08099881456850855,-0.975537637434682,-0.39809693083657305,-18.959996052047117,3.6843771787408235,-6.969446977581748,-0.005672564766421753,-0.9186398920254059,-0.23968401547234272,1
0.10081405813111792,-0.9676457202289226,-0.38141223546927727,-17.627214265538836,4.214691953067475,-5.973345102646065,0.0145575023679475,-0.9108126386320206,-0.22188225545661105,1
0.12139009730450723,-0.9579940463230943,-0.3671548300586619,-16.805862753573788,4.9503409443500095,-5.229013505415755,0.036928257135993243,-0.9072397791622551,-0.20924023257425703,1
0.14665383476996605,-0.9519648675016277,-0.3555663668544955,-16.522017784853823,5.634157651647434,-4.7379218781397405,0.06286498529667393,-0.9091306816528035,-0.19844105456379316,1
0.1790436530289241,-0.9554681336460742,-0.3500935757340366,-16.568869542090518,6.1021902847914955,-4.536520214654501,0.0934937671520347,-0.9155151565223903,-0.18668267673206265,1
0.21576776005822665,-0.9676486147224919,-0.3482117118260844,-16.72593413231621,6.333272250220627,-4.65691223291216,0.12705159255523762,-0.9234241897222062,-0.17454167949085478,1
0.2513910625961562,-0.980899629247394,-0.3397103622641181,-16.879262724642597,6.409748490269684,-5.0649690759156,0.159574572151394,-0.9296739672895588,-0.1639502704199192,1
0.28155349990196477,-0.9883639036902337,-0.3181179622361288,-16.995311628462282,6.4537277115805605,-5.64530971080815,0.18759171315485682,-0.932503776360248,-0.15435311738665794,1
0.30331805448330534,-0.9892594925656127,-0.29011514120151344,-17.035938169744114,6.5724848412188575,-6.252635984469419,0.20907756729436366,-0.9322365957347395,-0.14293309645081193,1
0.3149558118597523,-0.98617169013117,-0.2694091098822585,-16.915111852627167,6.8284003767816195,-6.797657963812164,0.22233216438386905,-0.9305511458207909,-0.12892721952513123,1
0.3165828344699911,-0.9798785169935297,-0.26352007079361134,-16.553522630627622,7.256597707474746,-7.289045023690752,0.225518523286843,-0.9283753573652217,-0.11615178277837618,1
0.3092063279388275,-0.9690835371927606,-0.2693271542608481,-15.992718459019542,7.907582935084064,-7.779676262753385,0.2179927357073561,-0.9239520035446123,-0.11000315249238561,1
0.29328113807383066,-0.9534972470504156,-0.27858254878831207,-15.429718098501297,8.830777666445046,-8.279258117318038,0.20156746056926353,-0.9132988462083976,-0.1121071162238332,1
0.26991079268778134,-0.9343701012522457,-0.28465200427293713,-15.079064858278443,9.968968823483863,-8.734064898201654,0.17971545851009726,-0.8934471705514363,-0.11882562172967157,1
0.2425435130596269,-0.9126039238363036,-0.28607621512122344,-14.979318231917558,11.071079865051564,-9.069057227481263,0.15525671123899218,-0.8660537603783612,-0.12531224210901623,1
0.21508051496663477,-0.8888511640530078,-0.28669981810027734,-14.974828771167589,11.758735722365852,-9.215293048083879,0.12912078693514709,-0.8377064584181179,-0.13008932918816365,1
0.1883717912042635,-0.8652506491244008,-0.29168904404844853,-14.920149416243822,11.73204752343896,-9.109104931483786,0.10168116171208802,-0.8154942793119315,-0.13472288514431918,1
0.1606041424904898,-0.8446486286361716,-0.30156421049097987,-14.875381868694806,10.942497190813981,-8.70679745401548,0.07454951925541513,-0.8015525746995165,-0.1397509417171425,1
0.13145350146923232,-0.8278124399685032,-0.31054675276978966,-15.056260119632412,9.587419069659918,-8.01004669141032,0.04960472977097978,-0.7923190509880237,-0.1428387319121478,1
0.10370552345603463,-0.8133963478267024,-0.31192965570546005,-15.595293428313202,7.955851336572331,-7.052257968455828,0.026541453027357297,-0.7830844499011512,-0.14169050878236453,1
0.07999890728456978,-0.8009844555042239,-0.3046514142824556,-16.392471976828375,6.2750154113117596,-5.851240445268854,0.0036811805294342027,-0.7723966471596019,-0.13737125140543396,1
0.06046114759344656,-0.7920862357413742,-0.2938675577355696,-17.215846033611964,4.6602163877669325,-4.399312562258464,-0.018116468948513088,-0.761983890480548,-0.13314319038016406,1
0.04506301727097813,-0.7874541716569892,-0.2856028476482442,-17.915355200788234,3.1445304130903344,-2.718066702835448,-0.03462818265841107,-0.7536901188137173,-0.13048237305650853,1
0.03581830955678266,-0.7854692674409597,-0.2816041499337001,-18.50640364110306,1.7052810451593314,-0.9039041517869828,-0.04276252201975451,-0.7476852232510215,-0.12796177288158264,1
0.0340867544592473,-0.7842689742191941,-0.27936705588200506,-19.070795520818265,0.25652828805179523,0.9144353785936987,-0.044312775797312784,-0.7435739823230189,-0.12437221213322953,1
0.03701073270054673,-0.7838760342770431,-0.2766645885596942,-19.636620742723892,-1.3461360209758546,2.674395287059061,-0.04356838595241914,-0.7419529301059228,-0.12136071646987605,1
0.03967790311488087,-0.7851217321569807,-0.27517634131089524,-20.170323013708167,-3.2397123450283036,4.427796913472086,-0.04196577905330802,-0.7436728689658753,-0.12174980808632156,1
0.041277512576403746,-0.7877471422786928,-0.2784379219336585,-20.64004675769973,-5.446910243803148,6.293124130351767,-0.036981424689596226,-0.7479690407981104,-0.12587854248231378,1
0.046517281076472704,-0.7908353975168732,-0.2861287179301201,-21.045816960037868,-7.809045309015393,8.370458589757705,-0.026711615144343063,-0.7526832133956689,-0.13083126715956347,1
0.05917018786232471,-0.7944377291178459,-0.29243449070174177,-21.39475947510665,-10.030967499172986,10.696185187208862,-0.013906953068031748,-0.7565100523330262,-0.13308567069339125,1
0.07594717599970528,-0.7996015488901228,-0.29139151366442595,-21.67055376071319,-11.831897586453264,13.255409097421289,-0.0037523398523558226,-0.7600406175476404,-0.13079328653314326,1
0.08914865620424987,-0.8067172158738893,-0.28239103653588965,-21.828514458763294,-13.103825176720308,16.01531811379156,0.0020124986457529153,-0.7643945416231223,-0.12382991940461342,1
0.09478793700634523,-0.814218026975979,-0.26960101763900096,-21.80793656896729,-13.95713435726811,18.929906781288892,0.006840112861379099,-0.7695607247029886,-0.11346196622354383,1
0.09610478208326029,-0.819132185014465,-0.2577673001871504,-21.55232367831744,-14.61958650799302,21.90287996771088,0.014499636461171287,-0.7742082634322879,-0.1023554496780014,1
0.09905280913780516,-0.8192709234990192,-0.24947539056346607,-21.03897932449241,-15.278614176577815,24.7604784982104,0.024058038299208294,-0.7765581472112726,-0.09336647026121372,1
0.10603353717536074,-0.8150272514739567,-0.24512305512303173,-20.30776906446644,-15.994823469944407,27.297453284092175,0.031433454963387765,-0.7754131011876956,-0.08763423219138056,1
0.11492072166458077,-0.8088378560112777,-0.24424914154590238,-19.46895496374607,-16.730229013652856,29.380256221978602,0.03523707466964186,-0.7709138306633522,-0.08453660231929878,1
0.12293341457274458,-0.8030165823836742,-0.24631723538203196,-18.68359735240418,-17.42822960652865,31.01724272331193,0.03881598378214267,-0.7645590440970487,-0.08334497515783965,1
0.12945694148496076,-0.7983314600620077,-0.25004865423666933,-18.124916583955944,-18.07141753582903,32.33510474556768,0.04583342112833577,-0.7582833959665451,-0.08389005534759374,1
0.1351316756505115,-0.794251347337574,-0.25305745812196856,-17.931024440709052,-18.7067422562028,33.499709663735366,0.05562733663261466,-0.7531850517322914,-0.08574793896391768,1
0.1404156603904287,-0.7898261885923749,-0.2538457285961523,-18.160348978689164,-19.44572393509596,34.6661759258734,0.06439621668992973,-0.7488366955157231,-0.08811898400006865,1
0.14607874310379484,-0.7842717096239509,-0.2542464379361987,-18.765809248028294,-20.407498529482385,35.97915763190727,0.06988517330420338,-0.7437872948555547,-0.09116661263405725,1
0.15333131421785112,-0.7775691925458443,-0.2582936774858443,-19.603673107833792,-21.591768502861907,37.56644278762085,0.07312793899395251,-0.7370447866109502,-0.09674063551225759,1
0.1619809354627498,-0.7709464846506718,-0.26798179205584743,-20.482444198452054,-22.773670491789833,39.49728251548234,0.07590355101460085,-0.7292756691641569,-0.10673200116438143,1
0.1698298715117124,-0.7658777137154974,-0.2808817945113049,-21.2389796892445,-23.553767449970245,41.754979152494585,0.07845241885795227,-0.7223341885006456,-0.12038775282271445,1
0.17562819423838888,-0.7621075730202438,-0.29183885599954573,-21.805770050124085,-23.569202992256212,44.261369961095795,0.08068291246539734,-0.7173369919474564,-0.1335988108744718,1
0.18182957326567087,-0.7577214268131821,-0.29640895385510585,-22.221785162657334,-22.704181118427595,46.91401233760325,0.08457478091888279,-0.7133510639825327,-0.14138797568128722,1
0.1926668318334433,-0.751618803336869,-0.2939510264504435,-22.57654223022925,-21.13457336388192,49.591596446679674,0.0937838244809575,-0.7082885340406953,-0.1416409502891672,1
0.20941604467234354,-0.7446013597028491,-0.2889679887070504,-22.943623670279795,-19.206144170424807,52.15057975521332,0.11038236633477812,-0.7009337356296114,-0.13683005011259616,1
0.22877261569303167,-0.7374125872646475,-0.2882587585071615,-23.36264459724765,-17.283814936314624,54.45763836097707,0.13240634677070534,-0.6917114706370078,-0.13221411234944438,1
0.24624348383122924,-0.7291882000288553,-0.2947843860056935,-23.855562759994704,-15.680291011336255,56.451243486106115,0.15474072934816355,-0.6817336949255242,-0.13198194743065458,1
0.2596965481348831,-0.7191038292475811,-0.30453901934385796,-24.431781318992307,-14.641530796026652,58.183935773882425,0.17215423936783034,-0.671931363325438,-0.13641829096385802,1
0.26832041780354415,-0.7087860902622113,-0.3102165496827042,-25.086308389512176,-14.306008404439204,59.80742158529726,0.18169153739988436,-0.6633764712754232,-0.1420560645243735,1
0.26970995798394337,-0.7018403813423832,-0.3072779865936755,-25.811004675893564,-14.634372183965624,61.499562158505256,0.1829716083485992,-0.6576713539153615,-0.1439322364105369,1
0.2613720256694349,-0.701180721951225,-0.2959611721666851,-26.583283991824615,-15.407772076367158,63.37599098091826,0.1770655749282244,-0.6563276038341123,-0.1378864850701545,1
0.2459313282402264,-0.7075142838539232,-0.2788374380243249,-27.29704140123582,-16.35825851392699,65.45469702683194,0.16573240928906377,-0.6600013496632345,-0.12247226150344286,1
0.23156830038455664,-0.719594121206911,-0.2586297211938018,-27.70151702522598,-17.342576921261152,67.69584705168292,0.1518497227193722,-0.6685262678227435,-0.10056889085269557,1
0.22443899181178342,-0.7343823943339167,-0.239005155439537,-27.46879505867998,-18.40132816855392,70.04694026845091,0.13960328335895134,-0.6809351749628149,-0.07901285630243343,1
0.2226360464214241,-0.7473781025750709,-0.22557892742351074,-26.40459851753045,-19.669856382336114,72.42323038888712,0.13264700658207446,-0.6947586782356404,-0.065127657303897,1
0.22053425312087313,-0.7547972867698882,-0.2235645631659406,-24.636411298606465,-21.26235861015159,74.67496674681638,0.13127634959220089,-0.7058926597834018,-0.06258695485441698,1
0.21646373791337473,-0.7560714143039986,-0.2338772550310607,-22.572347332584847,-23.23210006325558,76.6461083579913,0.13169994378998734,-0.7103994784049763,-0.07027447813606286,1
0.21182383016275846,-0.7531786700221996,-0.25246635593140215,-20.635222882563664,-25.581679184410707,78.29908456200036,0.12858230504883914,-0.7069425755464178,-0.08464403462022893,1
0.2051624477299142,-0.7473309960700414,-0.2731448103002481,-19.024186236525342,-28.25117767238765,79.75683597706085,0.11888576026095711,-0.6972511409303117,-0.10241079490759106,1
0.19326814346789334,-0.7376402455200493,-0.29005294542313287,-17.69931199988757,-31.071120465420602,81.20015059192212,0.10411429376769106,-0.6844264853007683,-0.12064288474780713,1
0.17795407711413508,-0.7235467749282751,-0.29877014935456647,-16.497157844537977,-33.73713448678012,82.73805147345838,0.08927652806247703,-0.6711298058098388,-0.13541804927176096,1
0.16632647841837192,-0.7067536350962189,-0.2981638864696762,-15.199928807411474,-35.891563692654124,84.3898662911276,0.07933573913571344,-0.6583998762445396,-0.14262558865193514,1
0.16263661756492515,-0.6888956878869833,-0.2916564693255147,-13.574222065173137,-37.33618140096822,86.16253906814124,0.07601316948011452,-0.6446598768171051,-0.1408950486376626,1
0.16289852337710806,-0.6683234201286095,-0.28390742954951315,-11.480824136002326,-38.24772622285646,88.08920905931105,0.07704483010999598,-0.6261494597151612,-0.13213613679619043,1
0.15918823893420614,-0.6418764337450152,-0.27472372042948284,-8.988176814887332,-39.18198921775,90.16236804898888,0.07756375712888838,-0.600127225772088,-0.11788586795660952,1
0.14765168724454578,-0.6102764102476707,-0.25798155866147715,-6.3232063144526185,-40.78716491455482,92.25218129029716,0.07254981221441885,-0.5684222141770681,-0.09626296333356883,1
0.13060454561762438,-0.579500168596372,-0.2283066028244363,-3.670186628681939,-43.409225727533354,94.13586307656672,0.05939891465355511,-0.5370789574709409,-0.06442393556963029,1
0.11148904031637935,-0.555508972460229,-0.188645658826342,-1.039686939238263,-46.89559883530914,95.62745643016615,0.03893686227003988,-0.5119611374590021,-0.024430356148161247,1
0.09016910357701505,-0.538929419581718,-0.15073372254757217,1.6216036461550967,-50.74593027209246,96.68147300639498,0.013872100336919099,-0.4949469808513042,0.014465796740135265,1
0.0639540225572238,-0.5258642802743119,-0.12723829077186954,4.179843601764767,-54.46525166263649,97.39578593273627,-0.013761046564346499,-0.4840675022685389,0.04102756411090114,1
0.031502903929780696,-0.5123459715205066,-0.12146948165667482,6.2056143717883065,-57.83096580937804,97.94287279353372,-0.043704284055325025,-0.47588694864695635,0.05046232104965925,1
-0.004952488634125402,-0.4967628779542973,-0.12430119127051137,7.167025671966393,-60.904550518396995,98.47610207796156,-0.07628044639878627,-0.4670593549174038,0.04760535090590971,1
-0.03991389178304179,-0.47977642747760496,-0.12320503699248311,6.778029238682613,-63.84822741527242,99.04689910243856,-0.11004683314331329,-0.4551005427193149,0.04199599794935525,1
-0.06746847504357155,-0.4637895868423414,-0.11467695095204042,5.216178599050424,-66.73273645982496,99.58211179590687,-0.14083429277714657,-0.4396904424771542,0.04070795829779597,1
-0.08585909194492676,-0.4509843734757577,-0.10527157137097112,3.067259546708445,-69.47620064932622,99.94232020837006,-0.16399428381942266,-0.42316836406740155,0.045651950492813315,1
-0.09914435372488711,-0.43984084542156177,-0.10027637902020312,1.0598058576164504,-71.92740625123125,100.01343229942665,-0.17801681711654485,-0.4080750587254432,0.05560809760930517,1
-0.11256017181329717,-0.42497834855039146,-0.09569543459492065,-0.2631502848767325,-74.02098862627719,99.7661034266678,-0.18553318285509218,-0.3936632081577739,0.06868927592498592,1
-0.12602568396135636,-0.402330248362426,-0.08460022629130612,-0.7787949602139311,-75.90303125324951,99.25695616962403,-0.19045751493821886,-0.3757173018646985,0.08238974467804143,1
-0.13316067050325833,-0.3727765193394654,-0.06926055270215903,-0.7875266767982795,-77.91785552745976,98.57655669922201,-0.19377620048582503,-0.34983174541721773,0.09223353902686385,1
-0.12671127968111118,-0.3388614049110241,-0.06302023729154824,-0.773286581785868,-80.41441796170692,97.76511814360066,-0.19165908469737125,-0.31430040512908636,0.0917409500942618,1
-0.10496677211514219,-0.30093431808246957,-0.07921401604886286,-1.1316244432536702,-83.50759814038699,96.75142417475253,-0.17850009478955023,-0.2713062001604541,0.07511294269015356,1
-0.07405092194840461,-0.2604349628008766,-0.11926159175710214,-2.1260940767942804,-87.02737294442372,95.3860635653451,-0.15336752436155016,-0.227687091267922,0.04146333178253923,1
-0.04410066031940524,-0.22487914002873363,-0.17128642600057759,-4.040692399218032,-90.70061398007586,93.56580349324112,-0.12288515606898116,-0.1935942957135579,-0.002901682700396008,1
-0.020926395344192463,-0.203908312461732,-0.2194563281630975,-7.188748587318779,-94.31219621001813,91.33068738990801,-0.0953419568322863,-0.17653567374144033,-0.04762164865887874,1
-4.7942568604949836e-05,-0.1992245043456284,-0.2558561379470104,-11.610033977885722,-97.6100188174291,88.80941484786732,-0.07180745037338566,-0.1748001031869783,-0.08562901834044376,1
0.028785309293028305,-0.20219682283799473,-0.28528813759334265,-16.801526604541433,-100.10092713493515,86.0435977942976,-0.04589815134713662,-0.17826370701695052,-0.11793652238186461,1
0.0689772382820824,-0.2034064596988886,-0.3183514918273217,-21.941848529220177,-101.11505851748777,82.89261679037637,-0.013558955951067401,-0.17770685486254223,-0.15054017581932785,1
0.1109277498359212,-0.2027269988785551,-0.35843558627158334,-26.494301460054235,-100.2028680840308,79.18301840241722,0.01960910992403583,-0.17391743066181725,-0.18640090042422738,1
0.14115726362162348,-0.20911158762759288,-0.39623203614134206,-30.532495620605417,-97.4589176935824,74.98729375519768,0.04362461748097936,-0.17763635038080364,-0.2210124881012052,1
0.15642978635944682,-0.23280640825757526,-0.419111980954095,-34.41344269074356,-93.41928462007732,70.71114761534201,0.05605028436069817,-0.2009305587184255,-0.2462373906013563,1
0.16643517009755407,-0.2789691429965607,-0.42486614654464344,-38.20151559178021,-88.69065132177099,66.8510464648137,0.06580231409190312,-0.2483633664573309,-0.2579145245143302,1
0.18308535185921093,-0.3453674182515341,-0.4228948544748296,-41.49891118284661,-83.70906864261781,63.66924343705207,0.08401630089696117,-0.3144525963884426,-0.2587856815183327,1
0.2095367184351751,-0.4219248791221079,-0.42266312547360546,-43.78722556203919,-78.72786073467086,61.12003238528393,0.1130598414429175,-0.3869253571515107,-0.2547856308054991,1
0.2403386654033528,-0.4928072288914477,-0.4259185152385796,-44.82653511341107,-73.83208114041855,59.03759563868153,0.14603588754242514,-0.45183144021456895,-0.2511812188672016,1
0.26965255345670797,-0.5427795751173671,-0.43164539248201045,-44.76344738180085,-68.89933950681365,57.30647407356716,0.1750573917953364,-0.498017370186134,-0.2534665301361852,1
0.2953266032578791,-0.5645626629377856,-0.4440576548745632,-44.046467418008305,-63.676906709348295,55.845750571573376,0.19705933938990153,-0.5203695850564845,-0.26923759281563703,1
0.31482796552229797,-0.5613356273838919,-0.4717592848045238,-43.353973011659,-58.05224701961713,54.540741262438175,0.21202321451759715,-0.5210688156799301,-0.3054671160748024,1
0.322663377483849,-0.5427840908167858,-0.5204675185918669,-43.487351380357374,-52.27371575987013,53.3056109488028,0.2190087113022083,-0.5074864350383068,-0.36348910125033684,1
0.3157842694144172,-0.5185020960159934,-0.5893008000075421,-45.11013098723976,-46.84665885530974,52.21356725871045,0.21611449688902085,-0.48694080838004405,-0.4384256925031293,1
0.298010217865655,-0.4933500121514148,-0.6723530554865027,-48.46863870775373,-42.20487933731462,51.489436946111724,0.20284239951572647,-0.46195250724183834,-0.5228543899470776,1
0.2739176431444129,-0.4667965165073885,-0.7590056132063351,-53.32193535067689,-38.55332355325001,51.35458356691367,0.1796079879399601,-0.4307497938243955,-0.6074808520070958,1
0.23998322388255197,-0.43649103954538393,-0.8318818949420388,-59.023686346937986,-36.06939334152869,51.93023759250057,0.14462173086768018,-0.3932356420363831,-0.6773982952797292,1
0.1867991193852178,-0.404243696393591,-0.8695678717846809,-64.56142667838083,-35.16274395532776,53.275235865933,0.0936866154340885,-0.3559772061532112,-0.7126007144580547,1
0.10968576380325394,-0.3785104382401879,-0.8556721231744865,-68.67087707577411,-36.35534297594287,55.380452186863124,0.024421642585512226,-0.32966454065955697,-0.6974100287835436,1
0.013418887491565867,-0.3685998447162674,-0.7856417394133243,-70.28859647228867,-39.79433024460055,58.02869970124906,-0.06035692112387134,-0.3210198159369537,-0.6295919867512547,1
-0.0925426647004868,-0.375939834316913,-0.6666274354805968,-69.12695656833105,-44.93355578199624,60.732725158655455,-0.15385502252862898,-0.32804934232246696,-0.5189565319187054,1
-0.1996443560839254,-0.39299590903843085,-0.5146934582253779,-65.75295298335958,-50.82386034769209,62.949224785002045,-0.24867784112312477,-0.3430723678878595,-0.3795177169565643,1
-0.30129641236655774,-0.41010966069244714,-0.3513484788628393,-61.006886411173944,-56.76826743541237,64.40767826352103,-0.3389977428938363,-0.35819935184588014,-0.22587510858287363,1
-0.39149157550776653,-0.4197545215219559,-0.19802896056018127,-55.38222522337067,-62.64261923746341,65.21735947441765,-0.4211640794840902,-0.3667784888369081,-0.0747073157348563,1
-0.4636619247903942,-0.4145810981503653,-0.0716448124582442,-49.0150476797565,-68.5507171813093,65.65517879436061,-0.49283003245686813,-0.36241807754881217,0.055824917678977265,1
-0.5104751419706071,-0.38853823055434455,0.016180051310884125,-42.16938631739116,-74.25189521088578,65.85183878779955,-0.5497780820130042,-0.3413032239158599,0.15090153534960773,1
-0.5244285934378045,-0.3451725192642566,0.059700827104367186,-35.545421009541414,-79.07409177864102,65.64106874919638,-0.5819276519834735,-0.3071315193518997,0.20340439726356555,1
-0.49966254742762234,-0.30054553966478653,0.06189132116656329,-29.999705322269826,-82.53209955084287,64.66294074003567,-0.5742491634133993,-0.2709582789759497,0.21515026532375078,1
-0.4366659943156187,-0.2707083332201681,0.03621524174340339,-25.948326609105674,-85.12754051334515,62.64608870088098,-0.5173060788527373,-0.24269182570022046,0.19658089831386905,1
-0.34838935639662033,-0.2563882567155498,0.0032389763708378125,-23.07162837425682,-88.50439766513462,59.70989391129231,-0.4212768081536709,-0.22284835996367428,0.16512113870430156,1
-0.2600249045411757,-0.24489128548088596,-0.017671126990174178,-20.64859916784429,-94.60811215895018,56.47671475224217,-0.3175997490596186,-0.20511125916084813,0.14022850962920297,1
-0.19788877523627896,-0.22734578918397066,-0.01689629994165262,-18.23592306277517,-104.42666651851847,53.836553006605875,-0.24188311101588056,-0.18683357563129785,0.13543372048833735,1
-0.1755584510067432,-0.2096947274529777,0.000332973395174404,-16.075953613272507,-117.35884127432753,52.467136439584166,-0.21307771324997918,-0.17394993418668797,0.1504939944742345,1
-0.18945295107329643,-0.20512809453546482,0.012989974000925834,-14.868677140786614,-131.6608540934582,52.49095124335201,-0.22777730518547434,-0.1743853151450239,0.16774724534444435,1
-0.22520678926031987,-0.21848238807373432,-0.008772830006896977,-15.085084420568968,-145.4224322569154,53.57675730340687,-0.26973331660314787,-0.18853416035030945,0.15785071241080811,1
-0.26631697411268257,-0.2394336460456297,-0.0847569001582514,-16.3840941862046,-157.2799857469937,55.35355563401303,-0.320585927443449,-0.20686240046397616,0.09738660873944198,1
-0.29915990113403884,-0.24842725505629606,-0.20324581801757038,-17.707101336033052,-166.63129922679602,57.670715233592,-0.3643501214901872,-0.21470446877263047,-0.009605910081565775,1
-0.3160280949529616,-0.22850126504441956,-0.3163851093697614,-18.151632105088318,-173.51595631016724,60.41624866259866,-0.39003680198310514,-0.19906199289719795,-0.12280649174367178,1
-0.31844499277516913,-0.17739156219992583,-0.3612259287636465,-17.89947520555496,-178.29165813830616,63.136344799863544,-0.3960813652664115,-0.155936249745486,-0.1808933380679088,1
-0.3176462672720443,-0.11606937753059514,-0.2968908580134829,-18.068436258011815,-181.38567745287915,65.00813483876539,-0.3918637692678132,-0.0983807909755283,-0.13683299123157028,1
-0.3285318713882008,-0.08556846165209674,-0.14004546928735379,-19.18532713942571,-183.62728656407128,65.40458492820201,-0.3915971712184654,-0.05887113269519034,0.003990328536273293,1
-0.3606874196792169,-0.12579717784606478,0.02310711740521952,-19.595443346906404,-187.02148068359296,64.58609469214257,-0.40588085439020355,-0.07603313173230919,0.16689774222277395,1
-0.4140357234082911,-0.2462089433171601,0.07244593114928746,-15.796867784097481,-194.63306307264736,63.72706493248731,-0.43993901725769274,-0.1683602653650971,0.2361366177128418,1
-0.4792579384971804,-0.4126645495095507,-0.06255936170573569,-5.149850832145243,-208.46807582839497,64.06908101214786,-0.49555339628422174,-0.3157754904799602,0.1307385583852302,1
-0.5364608494436809,-0.5658103747456238,-0.3268766725997615,11.309868093568424,-226.5398121314766,65.9530541931495,-0.5642524480104987,-0.4680442545924101,-0.11701021294597182,1
-0.5549687990074791,-0.65875075176163,-0.5534460068219651,29.108954018046862,-242.38261333669382,68.65142623079193,-0.6150567142275845,-0.5750523136470111,-0.35730050836932287,1
-0.5097425408981973,-0.6845021237214827,-0.5831354453338756,44.013059440198056,-249.16492970197936,71.07140209969066,-0.6034335172229331,-0.6156495241852216,-0.4247603227829614,1
-0.41607806889395216,-0.6742908891902988,-0.3968151697566445,55.608156285912074,-246.08327799220592,72.66837533214135,-0.5152882923271811,-0.6069456089726729,-0.27274386022029506,1
-0.3482205981525895,-0.6731476210745645,-0.13462226664355256,66.96832962574273,-240.84711637445673,74.06865061644935,-0.40992976341234993,-0.5923244784896886,-0.01418743754560535,1
-0.4013526943265161,-0.7137034739921082,0.022473391553684458,80.82508074508829,-244.15551212658892,77.20709439460322,-0.40119289452559875,-0.6168756284506625,0.17470364974329425,1
-0.6147179893535712,-0.804993177233888,0.004818425274787642,96.52999813787706,-260.1208327261574,84.57133160061841,-0.569917555546412,-0.703336148624202,0.19962244833367515,1
-0.9406939101937555,-0.9442475519296367,-0.0917082898329366,111.10747982400068,-282.23568820530085,97.41136898807304,-0.8930199163382219,-0.8467013326982064,0.11773962773875307,1
-1.315467808583658,-1.1510873382743927,-0.09362671347155117,123.16497957543791,-299.7141624828928,114.307987056665,-1.2839115037716176,-1.0436481004327272,0.08309866816846344,1
-1.7607661377940649,-1.5019083795924688,0.09679975085881144,135.21174158246973,-307.6774852474316,132.27276226457468,-1.7150504743687671,-1.3444444316396618,0.21657943842475316,1
-2.382619290859081,-2.1148130254412045,0.41863079376960566,151.20750071590714,-309.62753421040685,150.0576508823166,-2.2740435773568355,-1.8686316553823221,0.5050796199250474,1
-3.254214955866856,-3.0491688316597667,0.7082926139769826,171.2392897417157,-309.0579428914738,169.6912167406109,-3.073445498287237,-2.721303278330898,0.8120138594685815,1
-4.334680772073318,-4.168612797051487,0.8226727871038894,189.35845805198127,-300.7417338715297,193.12430182750785,-4.128319743310614,-3.833636653999348,0.977398444475328,1
-5.521238776073316,-5.106156810489397,0.7128970460784282,198.23260529411266,-274.7468660776399,217.1240776508525,-5.347098381016417,-4.870921343218701,0.9121030674766555,1
-6.69390926280381,-5.432635745438434,0.4328906035179696,196.55525748642214,-231.35878050986855,233.45634726219478,-6.57202405008804,-5.356463930764773,0.6426172007517978,1
-7.592850453283912,-4.942216872060311,0.13907570459735155,191.07973436010556,-188.60290100913514,236.0049395744521,-7.510059532067686,-4.984403629365289,0.32990068306208276,1
-7.725495625626016,-3.8185072791508343,0.06818513699583395,190.24798348608715,-168.9129106273198,227.3263012346493,-7.674645245097507,-3.879676296784585,0.23818160022673596,1
-6.666815023049322,-2.5289786404668977,0.4107950188859624,195.15239113233864,-176.40969388409206,217.02814941680904,-6.66192534520031,-2.5514364371081992,0.5806694098464232,1
-4.592648125850446,-1.5394132283966575,1.1077853490532192,196.89898958382338,-190.5211383835412,214.27480734526222,-4.6498245533169,-1.5486772039589796,1.2963131608613065,1
-2.3537175082878554,-1.0707027664011368,1.790562411091445,184.18510455143343,-184.0026705762353,222.55682969286977,-2.4740492262666285,-1.1118599345499225,1.9981455159336725,1
-0.8482419343429767,-1.0323742865986079,2.0366085922629167,154.836461309374,-145.21590309890956,239.60301370262346,-1.0187292463493989,-1.0973863349077855,2.2502398667953636,1
-0.36193180614556575,-1.126788498730937,1.750426512115725,119.26610374795683,-82.58286799423064,259.4457242781617,-0.5591789474844061,-1.170532683520591,1.9567267416950571,1
-0.5563932784383717,-1.054152219408575,1.2571281416730986,90.92964085442846,-12.94385517790312,274.9416558720422,-0.7451907397877564,-1.0613388272331288,1.4487338171527953,1
-0.9455353471666957,-0.7069174213147527,0.9808571127554389,73.72595822285724,49.09665180180942,281.1214806276748,-1.08285949351827,-0.7104975678908462,1.1571265347627666,1
-1.2559563889862324,-0.21858360041248234,1.0470048938872247,60.44260442587933,92.76585255304452,277.94998945372106,-1.3086825290645727,-0.25474339524703254,1.2141831338373084,1
-1.4335473042578923,0.1725737038798358,1.2155582496016077,42.83049804776954,109.92738961913797,270.1137128627888,-1.4008632808425792,0.10477003408914864,1.384689297183142,1
-1.5019919978695724,0.3162405421598337,1.1717333820218394,20.4200877483705,97.75283553604119,263.9033533147986,-1.4215845272334355,0.24715961540105125,1.3521417971725949,1
-1.4855305621557044,0.2293365563762279,0.8360271685667202,-0.8149064721585539,62.842228948862655,263.6691594431256,-1.4121801602674073,0.18688876118314973,1.0286800282717834,1
-1.4076148605714045,0.028290454797403306,0.39303944342968017,-15.332597031327326,20.191878105166946,270.18481805269363,-1.3787295932114292,0.020957444602013178,0.5895405999889987,1
-1.2964632232145605,-0.18274244795591002,0.07846117307862314,-21.654576268228432,-14.567645179479538,281.4003889393493,-1.3136282047651624,-0.16068445282288413,0.2660631666147073,1
-1.1687583092411367,-0.36999533683071156,-0.01095606600615432,-21.043447838366887,-33.94603411448539,294.25056125038054,-1.209777027704117,-0.32619212544859133,0.15803711168823942,1
-1.0049810695569383,-0.5599963647671334,0.07234593764443399,-15.09955154741971,-41.05249340557018,305.90304084837516,-1.0526096440640966,-0.49678808506939975,0.22189895983531924,1
-0.7432310894807977,-0.7931793312792981,0.22383273785736835,-4.751034122030053,-43.93672146134443,314.2288493904415,-0.8037952322667858,-0.7089132127034596,0.36263695965741705,1
-0.3141043260740337,-1.075952858995602,0.3611232292100604,9.57883549181102,-47.25810941893508,318.21153120846697,-0.4111230613866204,-0.9721161691958969,0.5013859153244569,1
0.28565554269533455,-1.3587924236815043,0.44522942794878173,27.228889879438846,-48.690362371727275,318.02714494365915,0.13542613114465477,-1.2449423628465515,0.5942624991093246,1
0.9289191238764697,-1.5506733596312519,0.47854167910156203,46.62555601618172,-42.494487044630645,313.89007358346277,0.7358637555731149,-1.4415902513943226,0.6353685052285585,1
1.3848206717035143,-1.5598977605670132,0.4851325958363054,65.4195769777691,-26.122701191322612,304.57995919288965,1.1851455952622378,-1.469201893096763,0.6447251132064576,1
1.4655953172014848,-1.3428756047599684,0.4771019184170222,81.2007857542941,-3.6486163859819225,288.0881662080258,1.29793890960624,-1.280139009751931,0.6370224943796948,1
1.182006598670755,-0.9354435695907254,0.4434965224874738,91.97488108425794,16.785558464019,264.61586584673404,1.0621140176765707,-0.906615904115193,0.6060010722444689,1
0.7366325221934258,-0.43929997203236715,0.379843885871228,96.49251777942209,28.92322374837878,238.63930713892785,0.6530370880744077,-0.4462140627113765,0.5482924355817582,1
0.346047675765758,0.03384010370098647,0.3174575264119167,94.86257509070309,32.32823976129092,217.17122939061824,0.2774974571095786,-0.0042613942307426975,0.4920163134764301,1
0.08457755691615082,0.41707908594031257,0.3086841522453546,88.80571376021229,31.174931170225022,205.52517170285984,0.017956796998277076,0.36004497697149773,0.4861514109706349,1
-0.1000709466915453,0.7044257571763073,0.3822860465981982,80.70588583299998,29.852218109833434,204.33562356052983,-0.16690662720565158,0.6451970388019935,0.5592286424385059,1
-0.2695597180452645,0.9336847456475491,0.5160738471040793,72.15153254453503,29.759922255766796,209.65501085868183,-0.3349147867256437,0.8848416399623524,0.690863567266726,1
