ADXL345_Acc_X,ADXL345_Acc_Y,ADXL345_Acc_Z,ITG3200_Gyro_X,ITG3200_Gyro_Y,ITG3200_Gyro_Z,MMA8451Q_Acc_X,MMA8451Q_Acc_Y,MMA8451Q_Acc_Z,FallCheck
0.06250128911058102,-1.003908552457546,-0.16016362621486702,-1.0986815680325495,17.883413268801952,-3.356930828032157,-0.016605719675979506,-0.9599600604522112,0.00976416078874375,0
0.06398203582859867,-1.0050350492077682,-0.16119338265867214,-1.4792678515069,18.09623405315311,-3.3575451355158448,-0.020174731471090588,-0.9605520775841541,0.006852311917193998,0
0.06265452514497709,-1.0059195104189078,-0.16015932405732014,-1.8444309084071357,18.33099655371951,-3.3683998878554124,-0.02248502626151795,-0.9620451697906177,0.004455025831445832,0
0.05883273582190818,-1.007403815518388,-0.15802266272755208,-2.142573404506931,18.597151278383112,-3.3824733809282823,-0.022951207852444453,-0.9642502360735453,0.003034480031567575,0
0.056520465239510764,-1.0106125986954009,-0.15694710051130878,-2.30332602515656,18.89278926772004,-3.3747128785461,-0.021631761887969867,-0.966377606629698,0.002884450156861191,0
0.05969214851390873,-1.0149602339859143,-0.15665776477717722,-2.287066369688368,19.214422620677198,-3.3257145272974737,-0.019180960560666267,-0.9681008612433346,0.0039177071082783736,0
0.0673735212742329,-1.0178018037567496,-0.15479208254579296,-2.1105288140638887,19.55815756480854,-3.248970975704214,-0.016813935658042244,-0.9694559786854071,0.005776323018005145,0
0.07400466010874435,-1.0168982191647666,-0.15083055763251713,-1.8301043431359174,19.908079973696697,-3.185945762765063,-0.01532341842843316,-0.970053171617607,0.008303731706066833,0
0.07578759256701784,-1.0129085228374184,-0.14768854543567972,-1.5085945448032598,20.233426546944827,-3.1687848362651905,-0.013969814659003496,-0.9692383306515032,0.011527424876876736,0
0.0748985166698737,-1.0086109364215803,-0.1481090872692997,-1.2024656902281077,20.510718509211948,-3.1935848213719447,-0.011365357133437849,-0.9670095006810502,0.014994669756220994,0
0.07538145914326996,-1.0057638870473953,-0.15053339902023596,-0.9806025688701642,20.747464120586805,-3.234724163756952,-0.007624921810899736,-0.9641028847402549,0.01763748631054631,0
0.07664581855730068,-1.0037252927166336,-0.1504864224988535,-0.9328701094362668,20.973791430494128,-3.2768622335150375,-0.004602827356914807,-0.9612131901575955,0.01865617006204672,0
0.074770211405486,-1.0014339474847624,-0.1461244016349474,-1.1185356064237166,21.212708237987236,-3.3222343833895724,-0.0038101538052371193,-0.958739630866825,0.018229264497859346,0
0.06984295690757504,-0.999526063655594,-0.1409139614315635,-1.491776016903458,21.47002788227949,-3.3744389218881468,-0.005015109272094034,-0.9570702894693612,0.017127156178645037,0
0.06735943645940903,-0.9993661566047444,-0.1402632900206544,-1.911108560630637,21.752325504901574,-3.4347058650945264,-0.006939893778854939,-0.9562921812517031,0.01599455599054102,0
0.07084905436541207,-1.0006533575438594,-0.1461804629612911,-2.2543175823864408,22.07922867902702,-3.5152538276848695,-0.00836818906442159,-0.955772490431472,0.015179277283561731,0
0.07722713388065935,-1.0014680152311495,-0.15559820615626332,-2.5178872706829507,22.46757236253731,-3.6353250470772016,-0.008513790157529266,-0.9548334946916088,0.014627648680149442,0
0.08151910697780707,-1.0008065298645066,-0.16343872622539893,-2.7908139876551594,22.905654009776686,-3.7919537919612707,-0.0073078246702407085,-0.9537017519264591,0.013529180721394576,0
0.08247316383301191,-0.999794846915366,-0.16659284810956682,-3.1454671622460912,23.349159616760524,-3.947262133958391,-0.005625416241894151,-0.9530622562061306,0.010766143001376988,0
0.08151891743709269,-0.9997549933037004,-0.16503535372779887,-3.571605772223184,23.746178253812335,-4.0599254888426355,-0.004632256738081019,-0.9528599829232631,0.00644553554573607,0
0.07972181846555416,-1.000107849286279,-0.16064098092749024,-4.004057828746189,24.068922642278274,-4.1239914262831565,-0.004774470388394063,-0.9523224552981169,0.0025584306993669446,0
0.07784129647728152,-0.9993614970092821,-0.1564140545004347,-4.389358141451184,24.326101558833233,-4.1625133619033345,-0.00567212337367413,-0.9511724545580911,0.0013509349597259756,0
0.07681563845136734,-0.9976048672492736,-0.1559077002163715,-4.7248067731238725,24.550274771971694,-4.185279633402014,-0.006669622938185839,-0.9501609587190177,0.003108501781370906,0
0.07672447703079786,-0.9965588166457493,-0.16053259412232687,-5.0514988900789035,24.772080812131488,-4.1685559738123485,-0.007056980184329681,-0.9502330509740609,0.005987023342218458,0
0.07696792941803779,-0.9972115901026485,-0.16651234322289946,-5.416966401646469,25.000043156872795,-4.083797659949107,-0.006162029018420756,-0.9516278602146945,0.007856492877552938,0
0.07778053505113329,-0.9989613895837992,-0.16732824986037367,-5.835705647006178,25.224354263873717,-3.9412826611531173,-0.003962179232709596,-0.9539701109489163,0.007868583621279802,0
0.07976454514182292,-1.0014393038763005,-0.1613453247033985,-6.275344629954641,25.441539333959472,-3.796818307253345,-0.00169023849020656,-0.9567293789425465,0.006507947256620876,0
0.08191559349225429,-1.00520038607629,-0.15438151492211633,-6.678971762364222,25.66567873084883,-3.708301799088617,-0.0012366157379330508,-0.9591936885758016,0.0049206076188589186,0
0.08189755432085191,-1.0093729176573234,-0.152204161093365,-7.009506462308323,25.905484098779862,-3.686495371128506,-0.003349252684861041,-0.9605329830433804,0.004325151787701796,0
0.07868650976945309,-1.0108571496724297,-0.15359625952660153,-7.281921891179406,26.142010051857365,-3.6952299627648464,-0.006482337930700924,-0.9607049784020879,0.0053821528613776795,0
0.07422220306657508,-1.0083414507320207,-0.15386562474078588,-7.5506013872276165,26.348638387769885,-3.6969174204222375,-0.007999386817026497,-0.9611449980790014,0.0076055647365395815,0
0.07226716416045542,-1.0054673846819815,-0.15196448328487003,-7.8579033392689706,26.529241647299408,-3.688205351636128,-0.006693019477522298,-0.9636989890966586,0.009409446366290096,0
0.0750999589514691,-1.0070412930664714,-0.15068287456656312,-8.193767729261642,26.71781293288263,-3.6945106636839933,-0.0037652831699147606,-0.9685505671598179,0.008983299785162494,0
0.0804728015237518,-1.0129848984043879,-0.15240945171224515,-8.507818904936249,26.94004112735716,-3.7386548550115695,-0.0013868939355579793,-0.9736384578126175,0.005547737704138823,0
0.08287170460724531,-1.0187858417155582,-0.157835169963448,-8.759016221751919,27.19253273016747,-3.8127292104658252,-0.0008357150686582838,-0.9765434897402668,0.00012481063466256718,0
0.07966700362470316,-1.0215299497367767,-0.16655047504972276,-8.949792523696598,27.46596641534951,-3.8814104553879045,-0.0019451082420441975,-0.976870244542085,-0.005074469845072695,0
0.07515008218155593,-1.0227953150641271,-0.1758606998638412,-9.112385818568532,27.774391993586278,-3.9206794882146667,-0.003500032797652805,-0.9764034050908231,-0.008308131967643446,0
0.07596083943928814,-1.025020913965283,-0.18078945301368446,-9.26521600360514,28.144340239096458,-3.944215320839815,-0.0038609428089020456,-0.9768700148663888,-0.0091976038877077,0
0.08276050650872116,-1.0273933512582396,-0.1781893660830741,-9.385391337876863,28.571011794148625,-3.975566893175176,-0.002006192376039859,-0.9781484578589487,-0.008016620425582533,0
0.08908416954332929,-1.0275037984092583,-0.1700589257588647,-9.428316470705663,28.995512392416266,-4.005417914061801,0.0012960498119550172,-0.9792520365325431,-0.004876446088713599,0
0.08911383399197231,-1.0261485356282787,-0.16123140990093038,-9.379040175507905,29.34159059160113,-3.998992865478546,0.003697691935636003,-0.9804946173588207,-0.00010956733640720529,0
0.08455578690744686,-1.0272822196921916,-0.1549829536377539,-9.283255208793646,29.587240800682324,-3.941824048728662,0.003501805928899103,-0.9833632820676012,0.005168055355087104,0
0.08254328446983053,-1.032190429334115,-0.1519288677392319,-9.22140437655474,29.801493512247106,-3.8617294026308575,0.0019269505832440988,-0.9880569686297243,0.009588765047582631,0
0.08777297658627636,-1.0366927604167817,-0.1515269357353905,-9.246622655332022,30.101948565605767,-3.8110552467953176,0.0025569019223338632,-0.9923385580179576,0.012461177543684934,0
0.09792080364536737,-1.0363591557103733,-0.1530386194940832,-9.343958287658618,30.564524142544194,-3.840508991125116,0.007809235800888306,-0.9935228483048549,0.013980372743025958,0
0.1063669727437071,-1.0323883486592231,-0.1554329439113513,-9.443025598215405,31.16500858987034,-3.9764455909126335,0.015974209660040806,-0.9911938416487802,0.014952969533447758,0
0.10849821925803217,-1.0297816483986124,-0.15699377762090413,-9.461348775759568,31.801837804084144,-4.195912078712815,0.02245862286044302,-0.9876764232793553,0.016413612356044875,0
0.10541123149863747,-1.030831006177328,-0.15553808885996023,-9.340335671609555,32.372530539728416,-4.424913352822143,0.024073103381045683,-0.9859653167640585,0.018790143821337525,0
0.10180022987873871,-1.0329276890301848,-0.15042071909332866,-9.067848270016446,32.828991303419244,-4.58792895087558,0.02132569931795925,-0.9870766637838688,0.021006122400422263,0
0.10029477102405984,-1.032911716008262,-0.1444975434147351,-8.693179744361249,33.167764911068176,-4.666685726967818,0.016546008045955185,-0.9891835880396136,0.02095824371316855,0
0.09861427393761818,-1.0312536839144322,-0.14205812628265552,-8.311973895478264,33.38754062187132,-4.691233009390469,0.011227414054322874,-0.9893007887924489,0.017576786718512066,0
0.09318014334361695,-1.0302205792905643,-0.14439444859225892,-8.004684568813207,33.478135265389184,-4.670077479930591,0.005944554527347342,-0.9858864926924978,0.012381627633746799,0
0.0845670234068043,-1.02944263947035,-0.14925551151784977,-7.776121219373464,33.45338896021356,-4.555000940163251,0.0015143455879557993,-0.9800010559476412,0.008550979284066885,0
0.07733790576779118,-1.0262971995072931,-0.15414745038976174,-7.566440221126421,33.373865881966694,-4.290733758835972,-0.0012837040294556617,-0.9741949578623191,0.008192459147123915,0
0.0747292408056255,-1.0206098027280557,-0.15764601792260255,-7.326000256853213,33.31500006948692,-3.8862492262018935,-0.002719435563033707,-0.9704023994192078,0.010562930471253966,0
0.07590222388528166,-1.0159753395967124,-0.1581268894007768,-7.0658860825832495,33.31156118230083,-3.4208378616210164,-0.003612001715172518,-0.9689169080596104,0.01315554455670428,0
0.07846794194963962,-1.0154282446357645,-0.15428849720172097,-6.829839093379638,33.34399562260182,-2.9805448934686662,-0.004060621814969244,-0.9690942698470258,0.014510342789156467,0
0.08064360952431557,-1.017827160099893,-0.14725012844090898,-6.635136315633109,33.371515165762354,-2.600269344202491,-0.003922730628754022,-0.9703021589436941,0.01550447257474714,0
0.08030063859690026,-1.0193939744434608,-0.1400381144627671,-6.4555652832809605,33.35292483314623,-2.2750671231653725,-0.004294799386950355,-0.9717900209090682,0.017690095420431647,0
0.0755479494013836,-1.0174404939499697,-0.13485097469783439,-6.250033055296264,33.23723269230914,-2.011488237120416,-0.006707929242058552,-0.9722537307359455,0.02107995845672144,0
0.06820043607548854,-1.0120960337816691,-0.13229163403785052,-5.994653176235591,32.982254065023994,-1.833185756055703,-0.010544148707132814,-0.9703781184949534,0.02430411220191674,0
0.06370012953948316,-1.0053992701812904,-0.13238777738430574,-5.703626217262114,32.620681664738306,-1.7280058746611178,-0.013078798999557231,-0.9658895544267799,0.026524670437820193,0
0.06495948973156145,-0.9991596079226773,-0.13402689011686944,-5.446920439845265,32.2861177454535,-1.6277641523269875,-0.012707826387445198,-0.9597559029318702,0.02824996632420493,0
0.06820582689717798,-0.9936593668614162,-0.13416668732989448,-5.348444549469569,32.12860685631051,-1.473578961558136,-0.010600882343963216,-0.9533911088940406,0.030313108143943005,0
0.06772152373030635,-0.9887304054944908,-0.13016495318986193,-5.537480449572827,32.193161925952914,-1.2835934706294407,-0.00867678950321152,-0.9479481921112096,0.033069292812726955,0
0.0636370414065398,-0.9856432602134266,-0.12248359748693763,-6.068868463713516,32.394150830256486,-1.1234172133030897,-0.007338704499629916,-0.9444184554269544,0.036954113892197334,0
0.06211857568990105,-0.9866595149161079,-0.11370124891893528,-6.871567919326683,32.606999189245315,-1.017122582873676,-0.005638325470024114,-0.9439729403794928,0.04269971902200572,0
0.06798197223152147,-0.9925639044500568,-0.10638367179875387,-7.770853379041734,32.77631565939159,-0.9177380183865221,-0.0025497132081641616,-0.9475251878818141,0.049831151154173366,0
0.07973605991619596,-1.0015259118672841,-0.10301285948489905,-8.571736434933406,32.94743048346947,-0.7679037145972285,0.00228422295953245,-0.9546643859032315,0.055459500706226315,0
0.09214803953962747,-1.0103363371310834,-0.10553390130302256,-9.148944916401106,33.214538613053406,-0.5677170539642781,0.008319781211176349,-0.963267991258151,0.056071509032745194,0
0.10112600244323645,-1.016103016351964,-0.11295229900566943,-9.491412364844715,33.63738383157103,-0.3727328265843279,0.014414384053057002,-0.9704855014252075,0.051036225119593465,0
0.10547286579599073,-1.0173200258058948,-0.12063915468810428,-9.682997643750895,34.18727896115341,-0.2298053579184825,0.019658495984808337,-0.9744105837686992,0.04361753529563758,0
0.10627951541027136,-1.0145493109788108,-0.1238952140631972,-9.844150338168747,34.75833352722885,-0.12195298104255071,0.023706099550217446,-0.9751858354939488,0.038035894167292854,0
0.1057280761397653,-1.010275996511033,-0.12259811931195005,-10.085851451914117,35.23101644693029,0.013957931363957123,0.026194798602979425,-0.9746300707355606,0.035867955008033074,0
0.10518979936909702,-1.00761248016478,-0.12157801466792013,-10.501683608465594,35.53741423127546,0.21373843899166192,0.02659334796395636,-0.974739400291947,0.035478674963664275,0
0.10413793282960655,-1.0088507281276349,-0.12535845594303258,-11.162783876975451,35.68818839267412,0.4441026431162026,0.025033985714910372,-0.9765738625017478,0.03442093240265108,0
0.10152518591108274,-1.014630465447443,-0.1324191829799386,-12.073422587214804,35.75833257920362,0.6382496796830999,0.022485383628863223,-0.9802713981392955,0.031947284078280944,0
0.09753024987850016,-1.0235601965687424,-0.13603698306010623,-13.120322004342686,35.846726497408504,0.7575808771519904,0.019585316731886133,-0.9852967895436504,0.02935256174213056,0
0.09364003718421136,-1.0324525278853987,-0.13207505102922412,-14.096455739887666,36.027550592047746,0.8155872193130913,0.01624555176191841,-0.9902075106423838,0.028129149133410955,0
0.09218563321455961,-1.037540915892019,-0.12506799909525165,-14.81240849054549,36.318834656975056,0.8604631652517402,0.01313466956704344,-0.9927464002971851,0.027887057772240164,0
0.09535667579911396,-1.036441543089993,-0.12446456486655423,-15.208893607410017,36.68679429798646,0.9423637026789097,0.012508949930060496,-0.9912457395244141,0.026440042433900607,0
0.10281389209127613,-1.0299460908378113,-0.13460636474778054,-15.380465686618136,37.07904793072149,1.0830090419518639,0.01623958252967482,-0.986358296377821,0.02238186687842663,0
0.11090090766009549,-1.021942360104536,-0.15012124685678024,-15.49989298969153,37.46276079116748,1.263376044838408,0.023259624348735082,-0.9807590696320744,0.017215409894300385,0
0.11589047205828112,-1.0165665312981131,-0.1614332324690082,-15.70420112541886,37.839915215031134,1.4392623930133661,0.02997105261891005,-0.9766120623073509,0.013962705114138003,0
0.11689023207559163,-1.0149705198881303,-0.1633211386703229,-16.028282250053607,38.21976572756325,1.5761445698400898,0.033155512323425076,-0.9737995359016293,0.013551859250483272,0
0.11455399866414567,-1.015149427028656,-0.15808818971410749,-16.432878363489284,38.57024547495057,1.6836331692299165,0.03193416530970953,-0.9710261607020535,0.013607678225307302,0
0.1094846780696136,-1.014494571745316,-0.15198152543305274,-16.879745461526298,38.81573649949832,1.8240779218318215,0.02762887294819423,-0.9679989764925186,0.011448933698078027,0
0.10357963487592467,-1.0119231462819216,-0.14931399476408963,-17.361521076689026,38.910899746602375,2.075375441441316,0.02306763129914958,-0.9657806665468966,0.007648809204428211,0
0.1003387575101668,-1.0084459917664086,-0.14979430358288545,-17.86895437464864,38.91223896940149,2.469852344337465,0.02141407807223233,-0.9653280734597954,0.005740089604861992,0
0.10160231597219681,-1.006922335849635,-0.1506844160518365,-18.366381658154182,38.9426408610139,2.970325918605717,0.023603668002268423,-0.9665722514412249,0.00833294392100386,0
0.10517142221804832,-1.010502117817261,-0.14998009272261664,-18.818221249505413,39.06898556867065,3.510329647918029,0.026577939710207686,-0.969085352063345,0.014123669205918262,0
0.10674453184921377,-1.0195132604856791,-0.1471486143358148,-19.221560267594914,39.23499653931729,4.051680405107504,0.025612157190296872,-0.9728721664857033,0.01923071916999878,0
0.10357635573718695,-1.0298394981582688,-0.14279714768036247,-19.59293814963597,39.3341250599956,4.597699198057056,0.019072982606066175,-0.9778578029495688,0.021232803125290488,0
0.09639708635431914,-1.0358702389836154,-0.13877327975142997,-19.930622104649032,39.33274062703245,5.157070237802037,0.010124377614553216,-0.9828997570194711,0.021146405420001683,0
0.08871185547455077,-1.0355532092689876,-0.13697005359164385,-20.20407443887504,39.29369406469015,5.708818007433345,0.003397966847144845,-0.9861952370312933,0.021464606021059835,0
0.083847761825368,-1.0317328339518825,-0.13705089405994927,-20.37217775880314,39.28421480164362,6.213221884348534,0.00040407177188608547,-0.986930087696215,0.023255970490481434,0
0.08178188965072154,-1.028379381780136,-0.13682311053892834,-20.398149382363258,39.292261153929395,6.653933842733917,-0.0016182988468808018,-0.9857815941970953,0.0255105251676941,0
0.07917729299904006,-1.0264496052493168,-0.13554642855821433,-20.26349576848965,39.24198813837061,7.056802673478061,-0.00659003603201524,-0.9834455237196368,0.0265252562042644,0
0.07281291937541659,-1.0239565980849212,-0.13501739138520988,-20.002131524679193,39.06701942489075,7.463452348526972,-0.015769053746652762,-0.979513024546522,0.02549731157042161,0
0.06212228924569427,-1.0193600284693003,-0.1363307840531433,-19.7229508860941,38.75075645772957,7.892598430853306,-0.02734552658445668,-0.9733445772811578,0.02311856601936706,0
0.048371063123206874,-1.0136082456002187,-0.1378920204119923,-19.5595352825601,38.30746361134036,8.32871079570006,-0.03932061132391017,-0.9653837096652252,0.020841405933683815,0
0.03305984696145154,-1.0084313910946496,-0.13855291282722962,-19.56645892819721,37.75005301649196,8.745219780695567,-0.05154631112044601,-0.9571154675450073,0.019531923761707613,0
0.017802221750018513,-1.0038412993594332,-0.14013608160705224,-19.673456469372212,37.08881562308004,9.136322635306922,-0.06463934538658529,-0.9502256185905887,0.01888895492068799,0
0.0041332394316387746,-0.9989098210250146,-0.14381490601014907,-19.758119848584915,36.349778136283476,9.517961674784745,-0.07821778395616202,-0.9460893632709432,0.01809724289394506,0
-0.00781854239112831,-0.9946322204265708,-0.14614938440666128,-19.753523330318153,35.57267089925745,9.891505939830694,-0.09130050768416229,-0.9454447598221769,0.016804392542367333,0
-0.01963646253186792,-0.9936147089986465,-0.14275069055010658,-19.673930899114186,34.78313199407529,10.220947392163305,-0.10368597086873502,-0.9479716170461397,0.015464360640381517,0
-0.03242123406095873,-0.9959317337519464,-0.13539837915543934,-19.562348060352765,33.97664461656526,10.463686757787553,-0.11549410863088011,-0.9523690383698477,0.014881302083222948,0
-0.04444171095992883,-0.9980104950075304,-0.1317433137343195,-19.445513932823914,33.14179163418278,10.613492134489444,-0.1253680997028746,-0.9572359533934963,0.015358934905597255,0
-0.05178428266073931,-0.9985719693203243,-0.13642695915921127,-19.325277167630503,32.30058501032838,10.692990709271061,-0.13052434913331223,-0.9620177152384541,0.01629926934647372,0
-0.05151097979280084,-1.0037434197975839,-0.14473511696026164,-19.177154544854098,31.514757162572316,10.711868441111768,-0.12934676350686306,-0.9672351475129546,0.01684879840161887,0
-0.04393519382231421,-1.0209961002538974,-0.14759840802918747,-18.952627494139545,30.841820961838536,10.653161196073606,-0.12331716138270504,-0.973891055658533,0.016880314877183222,0
-0.03222135895995986,-1.0469213901236214,-0.14184514875950296,-18.600690687890804,30.288875512376855,10.495785115900375,-0.11566039423679748,-0.9824004947629222,0.017111105196282558,0
-0.02045164187691305,-1.0667132838486018,-0.1323248154975905,-18.091766751436033,29.81864021075045,10.233195403185732,-0.10819806677708878,-0.9918161687664929,0.018385531101106238,0
-0.011573949364971496,-1.0698149826810655,-0.12457418323409326,-17.413638317208342,29.399003690837723,9.874785646241412,-0.10011766719227258,-1.0002585510488107,0.020970108583120487,0
-0.005741106737703231,-1.0618505661338586,-0.1200083427171633,-16.54838839289402,29.039642243717875,9.442615032370437,-0.09013077019840321,-1.0063062665377402,0.02428644832351189,0
-0.00019178389814559582,-1.0565385565825793,-0.11877501665405757,-15.475284323555156,28.779472380353727,8.958198813760202,-0.0791858076363209,-1.0096915752482163,0.027259357221118725,0
0.00802810796712293,-1.0591515778161606,-0.12187014154854464,-14.215910249689228,28.643641591907844,8.416074350873513,-0.06986298099947669,-1.0104782698394223,0.029237442149850076,0
0.01860281894885967,-1.0625234210966412,-0.12815419748241713,-12.87235404953056,28.618767947878382,7.7753514920677995,-0.06315209263018541,-1.0081808115859525,0.030560048064286006,0
0.028411330440291045,-1.0577222153766213,-0.1333840201787459,-11.600873352210467,28.667636582793598,6.994537243116106,-0.05735117378731514,-1.002364848557145,0.031887622343769156,0
0.03575363481346625,-1.0446051951670785,-0.13486162399229648,-10.531705714480209,28.755689252939824,6.08222362899367,-0.05067722355395951,-0.9939019402382356,0.0330854823286458,0
0.04200392909224957,-1.0307323433775597,-0.13471871407195904,-9.699127442813387,28.861053827818303,5.113216491068021,-0.043616970327345364,-0.9849203905281148,0.03323624765636594,0
0.04820477198314007,-1.0219687949009066,-0.13654153044696665,-9.029888809992311,28.975153940494486,4.193457259030269,-0.037941933037994084,-0.9772383322738768,0.03182497698215837,0
0.05251154628815787,-1.0170673217262027,-0.1401817511539399,-8.400683274923596,29.102624444483762,3.4037506638981596,-0.03452718060208114,-0.9711248539228596,0.02949351942369464,0
0.052731403552288635,-1.0116660370167831,-0.14201777166085697,-7.742432797376152,29.24971504096964,2.768488577055648,-0.033016381427372496,-0.9657878271516472,0.027311180457124846,0
0.04963394161188374,-1.004559382116546,-0.13996736424671952,-7.117611436852869,29.406042386754994,2.269347146355465,-0.03270457904611893,-0.9608314785938125,0.025576419621316685,0
0.04625462276249449,-0.9983638327086337,-0.13619419822952097,-6.682599741955233,29.544427881574265,1.8835902649004903,-0.03269655465222728,-0.9570173259929733,0.023878968091139676,0
0.04518100076186659,-0.9958803633524184,-0.13436347170729174,-6.548328856471523,29.636618695585884,1.6115882052877395,-0.031856729642504224,-0.9556720602103339,0.02221597749563924,0
0.04726826641520672,-0.9976528553971971,-0.13601426575974462,-6.6739812515267145,29.657687955372673,1.4711454266652058,-0.02982381550915701,-0.9574315840892319,0.021310104050676168,0
0.05151995703840611,-1.0025780081524953,-0.14053682810316953,-6.898940718040065,29.578424821979926,1.4646232861406498,-0.02784746434474909,-0.9616218798745444,0.021722523616329596,0
0.055406137150526995,-1.009460965019006,-0.14664704835383677,-7.065091946361558,29.368593391001838,1.556669729756579,-0.027546074407604555,-0.9669385005384644,0.023300114357946138,0
0.056461851691145155,-1.0173189273903338,-0.15180602347745809,-7.097418399028917,29.01285817895546,1.6969331041816997,-0.028809406219130668,-0.972601588850529,0.025661612812086662,0
0.054551329750165745,-1.0249334098666392,-0.15164854610022133,-6.9801850216771575,28.522516537706462,1.8666894322456449,-0.029744207510593153,-0.9786725955314355,0.028759868096495778,0
0.052274830583141106,-1.031448360439942,-0.14304093001174434,-6.6850459057781775,27.936734003072203,2.0879517335643962,-0.02877012138267145,-0.9853797816645935,0.032860462691266634,0
0.05261790353901395,-1.03744075288691,-0.1281118880363625,-6.144879463018552,27.315852476491624,2.3763133357577835,-0.0262169768291139,-0.9925368698256501,0.03827857044825226,0
0.056085241900403315,-1.044230105437073,-0.11333780750251499,-5.303026511505917,26.725288372270498,2.6958207170564283,-0.02385243409340066,-0.9998909471649209,0.045078294137272885,0
0.06027923148976093,-1.0520128535469753,-0.10375199140773013,-4.181397013835163,26.210130409486915,2.978879309234573,-0.023109632713323523,-1.0077305107950982,0.0526400971337654,0
0.06246198168003614,-1.0598872764116283,-0.09884131285930466,-2.889812853659044,25.77601312206163,3.1954341701275135,-0.02362742200543826,-1.016518286169882,0.059514934691643234,0
0.06254048472758378,-1.0677137058965671,-0.09485241468472451,-1.5591914395441442,25.40141863906284,3.3907380951642527,-0.023483527065445244,-1.0258283038906353,0.06404189772890348,0
0.06318430830896647,-1.0760127085579243,-0.0907240347605478,-0.2544078813190953,25.07822752291171,3.6416940174471226,-0.02107601153858485,-1.033963738821966,0.06516880173934407,0
0.06662583058066418,-1.0830831460484789,-0.09033068099554867,1.0644067851202685,24.833971006225617,3.976337044160032,-0.016634938042175675,-1.0385156852488058,0.06258449146214029,0
0.07165862725133977,-1.0840195798913725,-0.0979088260950464,2.506649244890494,24.705205088359605,4.3423213854349365,-0.011855373707317053,-1.0371690976795207,0.056427965943923436,0
0.07441454255319616,-1.0746663046258953,-0.11240646304376369,4.168181073174388,24.696799817085704,4.6478713082931735,-0.008676900053537325,-1.0287041973724236,0.047345519859946984,0
0.07195137987075172,-1.0563616772638573,-0.12819819321955778,6.054626770499227,24.77386191128129,4.824125153753789,-0.008593818526695033,-1.0141114128148347,0.03656305978908847,0
0.0646510552617299,-1.0354685366490104,-0.1410425596029006,8.054167835227208,24.878729540532696,4.8577509036936775,-0.012279769696605224,-0.9965474805751509,0.025230428619403864,0
0.055430133321339156,-1.01798307878542,-0.15137434520223667,9.96576760612303,24.943491718813863,4.783241510957981,-0.019316820449081104,-0.9793585566055462,0.013681264893158997,0
0.047020593566576306,-1.0051380988479697,-0.1613655363987119,11.563324221842874,24.902004514021026,4.650466911257561,-0.02851751062892569,-0.9638916740450532,0.0018968091231264584,0
0.039765034000441214,-0.9941884049825479,-0.17095863108051468,12.67012813593916,24.716455300654673,4.49467884525601,-0.03853638091203182,-0.9496245369679199,-0.009300544037331219,0
0.03189938263198485,-0.9826694209610061,-0.17858679243178563,13.213370294100836,24.401278539722544,4.3310580366198295,-0.04821183124545705,-0.9364200215262704,-0.018314844912976226,0
0.022238534461199375,-0.9712902992345047,-0.1842595179702366,13.229659587634131,24.014861612805827,4.167625956538927,-0.056921806523902316,-0.9258664039328284,-0.02446443510353172,0
0.012299101086830065,-0.9630872931735819,-0.18938344200318497,12.817530474190752,23.62434522356696,4.011910974539004,-0.06471081149553401,-0.9199441788070993,-0.02895019650547729,0
0.005180127947886991,-0.9608248120715581,-0.19400940844521938,12.077673262775312,23.2808848252594,3.863034406528181,-0.0713583758041817,-0.9190774663203947,-0.03333451539146719,0
0.0030182545595026037,-0.9653625958011811,-0.196275859777757,11.099765658252746,23.024765874980975,3.703009770858805,-0.07521032456683467,-0.9222414713451638,-0.03710773418001914,0
0.006742455969684197,-0.975200626211132,-0.19450092713098463,10.002436852721743,22.89966548980714,3.500043010604921,-0.07369539228240674,-0.9284833871894032,-0.0372114226629069,0
0.01716974205118794,-0.9867880650392775,-0.1885343300207747,8.964141829968439,22.95379883165006,3.2230142704872926,-0.06554984194063876,-0.9374662413592905,-0.030213867266039116,0
0.03362204695274814,-0.9964734172827259,-0.17913269850140356,8.195337537286584,23.234968705865917,2.8566650802693414,-0.052510982220856706,-0.9486616191771363,-0.015501059027191628,0
0.05169046863678709,-1.0033741455807974,-0.16726754235958943,7.87001448472375,23.7868060154941,2.4040170349030223,-0.03853081810212371,-0.9606235554792316,0.0029673858762876183,0
0.0654509161908821,-1.0097169350167463,-0.15467840023445448,8.058618303940346,24.628938572169606,1.8704345245356737,-0.02695234449710439,-0.9711862893571717,0.018484146477990487,0
0.07278334148633743,-1.0176828397130309,-0.14415570363665053,8.692656521098531,25.71835661171276,1.24307198183087,-0.01826650052383011,-0.9785077389534683,0.026531235407660475,0
0.0768621800622182,-1.0267208332767948,-0.13776800577088721,9.594468491297821,26.937170810097093,0.4916131652774368,-0.010622643056944076,-0.9823178511901159,0.0283561508718741,0
0.08249610149959792,-1.0343476492142323,-0.13462390478490957,10.577712367193552,28.147207742389202,-0.3998594024968149,-0.0021023271788869046,-0.984021459835069,0.02899378701878555,0
0.0924274871625035,-1.038296579754493,-0.13150853421399655,11.543151183429899,29.276289075109375,-1.3974512476853223,0.008160507887551495,-0.9850972091447554,0.03179220473344608,0
0.10653502541620158,-1.037269556635905,-0.12652339144889965,12.477250012894327,30.35383747161501,-2.4232376712117896,0.020610727371345942,-0.9854020100730317,0.035867203561849095,0
0.122868511987612,-1.0311225001497497,-0.12176720211830486,13.370176021104493,31.464521832828783,-3.408560215556177,0.03541429845941255,-0.9831852743902819,0.038737011633340736,0
0.13909886078272354,-1.0214665738027287,-0.12137184524920049,14.165959375784007,32.67346825916878,-4.342098406687732,0.0512600692963268,-0.9766948365904655,0.03950695602564198,0
0.153312500658048,-1.01120135891291,-0.12649376149947178,14.803531690172575,33.98996408403017,-5.260870422306928,0.06497664821406438,-0.9661111893729295,0.038343566286782774,0
0.163709072972546,-1.002702420626961,-0.13383189874063472,15.275683004533589,35.37696789557991,-6.201347991861388,0.07348372419659084,-0.9543747824926945,0.03412243906076032,0
0.16865505435825684,-0.9969638235666504,-0.14079648811810613,15.603010790792963,36.77375861470436,-7.172228412661388,0.07627410190616982,-0.9457773908600001,0.024413242883541665,0
0.1682487124643063,-0.9943254870348978,-0.15046216391761252,15.737861227586595,38.12047638116303,-8.166588029438188,0.07563675780355565,-0.9430627385165725,0.008019037847004123,0
0.16528063578355245,-0.9947735439893041,-0.1681064745540152,15.527280930356284,39.39430429012773,-9.167960965232814,0.07439683518439057,-0.9456475398677118,-0.013261797778073441,0
0.1629920839996251,-0.9974391561363412,-0.193217124289499,14.817632789801854,40.63971741044595,-10.123815894916193,0.07348760626777061,-0.9505416615181028,-0.03563459750917599,0
0.16146368014117538,-1.0011102097451492,-0.21793331694665136,13.62092940974524,41.94439997285832,-10.928370138611989,0.0714445819604374,-0.9550021544355362,-0.05543318517298371,0
0.1570203072219453,-1.0054533839433195,-0.23370087651979285,12.176589348790722,43.34434473062876,-11.459800263674271,0.06578193630079333,-0.9586709213276606,-0.06995707636239093,0
0.14536716115979392,-1.0105946839134137,-0.23796181955058884,10.838956323606434,44.72561450962487,-11.647422786476985,0.05455773918103439,-0.9632242446415472,-0.07740184011557733,0
0.12504948064630958,-1.0155381282255904,-0.23497107945588297,9.88889201800591,45.830945079143,-11.503140356456546,0.03701077113101831,-0.9696875732551093,-0.07769476797958247,0
0.09846319526272078,-1.0186219664842644,-0.2314953015112642,9.413867722013812,46.40115074418136,-11.089224109238785,0.013899220889404252,-0.976504743856218,-0.0736090281527337,0
0.07024737513983456,-1.0199835679938736,-0.2314711565890641,9.30310095576864,46.345266674414944,-10.46019915519117,-0.012081497018330924,-0.9809518136750675,-0.06992004006278327,0
0.04461911167021092,-1.021717307917556,-0.23446456494602114,9.31439866755386,45.793953188006554,-9.637902057518884,-0.03698424770629595,-0.9821116464929379,-0.070809098744592,0
0.0239940963109801,-1.0244488804564775,-0.23931164144949685,9.167377504211556,45.00314546450958,-8.638086609838552,-0.057581654629406766,-0.9814927854911187,-0.07807711819892901,0
0.009551383257310954,-1.025534309975333,-0.24776730772193342,8.636844931717722,44.211908734528315,-7.507835045402682,-0.07265619752718211,-0.9806427223689906,-0.09139178941724718,0
0.0015858587369807985,-1.0222367173333131,-0.26283334890746457,7.615801935424104,43.570809622241995,-6.320375071821924,-0.08261950493326103,-0.9790377811077648,-0.1093612101462287,0
-0.0013231781500254232,-1.015158771985803,-0.2842358184553839,6.125327980572658,43.155092143419715,-5.131795605294024,-0.08859756759959582,-0.9748449706177301,-0.13000026277450139,0
-0.001939158635936315,-1.0068810903767393,-0.30718399955089815,4.278587940748333,42.99291982660968,-3.9665629003391913,-0.09160490755416922,-0.9671909264594133,-0.15053291997203702,0
-0.0018717231956252324,-0.9984660969984915,-0.32552443285630145,2.225431384065729,43.05923611146403,-2.868898267339097,-0.09157316721495437,-0.9569759121797591,-0.16761146885320186,0
1.9305525416531442e-05,-0.9891820681349609,-0.3360951893973043,0.1049226485203115,43.262854939131216,-1.954153267195151,-0.08711430240190261,-0.9458049339470901,-0.17894258259345738,0
0.006356557622296619,-0.9792583765994021,-0.34125335921299776,-1.9755597764756654,43.4784099507324,-1.3665901012861648,-0.07688815153352033,-0.9349351992621036,-0.18549853219238271,0
0.018935402663120545,-0.97090036350841,-0.3472031762028648,-3.93767833700343,43.619942287320164,-1.1699594640319906,-0.0612239418388176,-0.9251891694394804,-0.19165792413234875,0
0.03747181555459499,-0.9656031098481245,-0.3586198539464568,-5.726449490247316,43.69763533074911,-1.311126140065669,-0.04217531615920518,-0.9171273786536791,-0.2021130729992236,0
0.05963509850055761,-0.9618494611914538,-0.3751328967141435,-7.313575318251149,43.80274806602351,-1.7172754345089136,-0.022223598125589532,-0.9110160621256799,-0.2183335092698106,0
0.08208841918327434,-0.9571640109952503,-0.39374084709350204,-8.709800638850252,44.0203635337719,-2.403616447500331,-0.002788023505472434,-0.9068201243011852,-0.2381533897992681,0
0.10248113364320037,-0.9516476433960568,-0.4128215319782836,-9.981522112189896,44.339333048395744,-3.447439910462333,0.016661715483195456,-0.9042558757725411,-0.2580787746299458,0
0.12131942476656042,-0.9477415306591622,-0.43132411529349274,-11.239472406070751,44.647599425762344,-4.859868678567742,0.03779460088304674,-0.9029307979053752,-0.27500807760487295,0
0.1412369109656399,-0.9472818711821328,-0.44540770383428835,-12.55465616126837,44.822218609602295,-6.514993465744362,0.060746329755395026,-0.9028447119316387,-0.2862949537859889,0
0.1633644914776242,-0.9506600039114182,-0.4499235864160726,-13.844624025264597,44.82223369389733,-8.22195407761015,0.08249860132506721,-0.9048642983392535,-0.29021016837892155,0
0.18507613589908498,-0.9579872003005595,-0.44424216246786496,-14.880840432653423,44.695308453084834,-9.855817705136815,0.09925779560568937,-0.9102041882593352,-0.28747389580146604,0
0.20219940092234032,-0.9688543479284236,-0.4339585702626628,-15.479072123414301,44.508429880898255,-11.397312728178363,0.11037049255834058,-0.9190999785299722,-0.2813438909042261,0
0.21233460553610173,-0.9815151161082504,-0.42552966088493477,-15.686335968106425,44.27828357040405,-12.849853244214893,0.11801925624324666,-0.9302460579706756,-0.27499779688003356,0
0.21493230926455797,-0.9942604108765305,-0.4207655234385288,-15.733835721655861,43.94632287408768,-14.161443729925551,0.1224887115193671,-0.9419075179406735,-0.2690758823057317,0
0.20948196317668755,-1.0070363967493507,-0.41702134253332307,-15.815070217272785,43.39585227129272,-15.253396864683989,0.12004921394853073,-0.9537406601114324,-0.26220381358686967,0
0.1956678659299492,-1.0204301861213723,-0.4106029668925173,-15.96391343347557,42.50804465932234,-16.083921638085048,0.10746420252781441,-0.9673819727033129,-0.2531387991125962,0
0.1752405045349913,-1.0344912011570908,-0.39910797426026684,-16.126888948343424,41.24375356534906,-16.634349784366748,0.08710079649541118,-0.9848426748226087,-0.2417209312741964,0
0.15192305486965618,-1.050154388360263,-0.3826498610501297,-16.26079841868871,39.684552450023745,-16.855599617499177,0.06501228533621942,-1.006340981695355,-0.2283510353870951,0
0.12842697242283474,-1.0701020797709953,-0.3639620981444798,-16.34385424777787,37.96581227979353,-16.6880283949201,0.04425976324267694,-1.030258363926864,-0.21322206564658933,0
0.10428804575407781,-1.0958722166995218,-0.34574141466166985,-16.376354600073704,36.14390316571113,-16.14712207013355,0.022607125896686224,-1.0550108381354395,-0.19588974786314964,0
0.0777689488681058,-1.125060925062514,-0.3275979754523333,-16.406932489294995,34.13966637508801,-15.350968327515258,-0.002413950859114213,-1.0800337308884465,-0.17554984568360155,0
0.049914645493426044,-1.153601835421298,-0.30731436469061657,-16.49342206858906,31.84024352872399,-14.433260984574293,-0.028261419784527522,-1.1051702780007033,-0.15213202981928944,0
0.025753872398708428,-1.1803060480155356,-0.28491700226096967,-16.595629137791008,29.25762555425166,-13.443209691921984,-0.04898289145878413,-1.1302863589148178,-0.12717460272989742,0
0.010926380086203478,-1.207040771263242,-0.26351095878115977,-16.55574187431279,26.560300425897243,-12.358059376442,-0.06088017855919747,-1.155353853716985,-0.10334179152969285,0
0.007551150169590509,-1.2342874611107952,-0.2458695869315945,-16.22993856389517,23.94765498171167,-11.18250884281763,-0.06455071238916604,-1.179552290879538,-0.08296668232164006,0
0.013665064544891874,-1.2582196694603685,-0.23170860884802494,-15.597338917874804,21.535627805539168,-9.992166633541624,-0.061876690393101653,-1.1999979618167733,-0.06708511931891874,0
0.026179644543973406,-1.2732723195126519,-0.21890287911668938,-14.684792795545661,19.387773937251577,-8.863733850379901,-0.05315603665441846,-1.2126054228565646,-0.05569685165487812,0
0.043730678110789796,-1.277195141546109,-0.20678743280422676,-13.428802260945705,17.610374296139337,-7.8011352243881555,-0.037641399254940616,-1.2150973880059672,-0.04841210619113145,0
0.06617347599422746,-1.2723488424028653,-0.19779984088706212,-11.709800118728724,16.344052290016073,-6.773604491034291,-0.01579375106850744,-1.208741706062869,-0.04438589482105861,0
0.09179261495158751,-1.2621166459839643,-0.19536324171613506,-9.543894452959664,15.637982783536076,-5.815806904108303,0.009628525361336838,-1.1969124665285025,-0.041927584925627565,0
0.11712596096079561,-1.2483165122632496,-0.1992564303209333,-7.179446990299758,15.36755803486978,-5.043245774686402,0.034852320166384274,-1.1827946919927517,-0.03900072542668503,0
0.14074936343760017,-1.2327424762632992,-0.20339386720184918,-4.960540772048563,15.323684247233983,-4.549981492276286,0.05757984399622475,-1.1684709876680504,-0.034519175142114625,0
0.16499336917237098,-1.2177658320602662,-0.2004758262894045,-3.0999147089642713,15.397629451474575,-4.312525890658225,0.077983611165409,-1.1546325652686014,-0.02903950369188354,0
0.19108131840073886,-1.2026691468744068,-0.1903216494598849,-1.587167837671249,15.658507794205292,-4.214574586050076,0.09701211459963571,-1.1404136111793346,-0.024169740474852913,0
0.21380689915260234,-1.181638222358008,-0.18174132071985943,-0.29488810920230357,16.238579181883168,-4.1658601813478455,0.11413825308446589,-1.1243402790825867,-0.021301609422262054,0
0.2253238074850864,-1.1496061715623722,-0.18322550817514957,0.8466642170682676,17.167100478506725,-4.188892543745081,0.1274421851851037,-1.1056918886515388,-0.020581424632433228,0
0.22547404206022578,-1.1107348615183146,-0.19228124587145262,1.7797696613350442,18.345239263544414,-4.383839874341735,0.13592238857232403,-1.0843598781044217,-0.020960103957297246,0
0.22419057782039406,-1.0771741073213084,-0.19783668385126443,2.4090075427311546,19.6685365299308,-4.808623947396123,0.1409704809903525,-1.0599708414921627,-0.021464818084724887,0
0.23024533468053232,-1.056755330429989,-0.19415734001601223,2.7367839966140197,21.11759536313429,-5.400430522056945,0.14491185095309453,-1.0326484750859057,-0.02224023976234218,0
0.2406060845416316,-1.0450611086623371,-0.1874384404478191,2.8843439610982493,22.695583511614405,-6.021032498151607,0.1483223433816228,-1.0047064306039954,-0.023901820563110153,0
0.24504079189492037,-1.0325425269262696,-0.18577273232202643,2.977683110260896,24.311079531076256,-6.573245727932156,0.14950073066530156,-0.9800189398554342,-0.02621985250595184,0
0.23898650809627225,-1.0158088736381015,-0.18815490662535775,3.0396403386321724,25.777494253898254,-7.059293739069726,0.14660760843616918,-0.9607517376143567,-0.028197703856104428,0
0.22715607817581882,-0.9981987081711767,-0.18852640004575494,3.0069641523178583,26.93686159513701,-7.52595021894734,0.13943197901175083,-0.9454051879866442,-0.02927128470475054,0
0.21516580662180843,-0.9826010206196304,-0.18633941866073825,2.824457265788209,27.75567113543579,-7.9782111286086,0.1285913564132793,-0.9308922690909962,-0.029683530780294443,0
0.2020916460431441,-0.9684720459721876,-0.18678924959921994,2.487040115394838,28.282379259579777,-8.37185162341039,0.11388120857854146,-0.9160432020358359,-0.029761880087963988,0
0.18301121196665635,-0.9546523266386239,-0.19208332557402963,1.9961302651399617,28.53086063167074,-8.67887480675712,0.09467296994431335,-0.9022816499903149,-0.029573690628157536,0
0.15691366107668991,-0.9413610132546615,-0.19749222541749784,1.3152307806554002,28.44864193747752,-8.912412616902794,0.07221657915808187,-0.8914416780432042,-0.029278857465401816,0
0.12978817682112273,-0.9296715014084534,-0.19666765438583306,0.3968532698625657,28.017096383217392,-9.054514992283687,0.05063593285638896,-0.8840856661537204,-0.028832351155318167,0
0.10944701865204752,-0.9211021773052617,-0.1885066773400678,-0.7424026382854052,27.34536059343437,-8.988462794573916,0.03436411862542571,-0.8796523768862644,-0.02699295115832414,0
0.09845364610766387,-0.9168068420555727,-0.1779974094189118,-1.9694536555028963,26.6213335683606,-8.563987325735908,0.024221892559496475,-0.8768396564479742,-0.02183905965195904,0
0.09288593045352571,-0.9157628709561041,-0.17091351352185338,-3.055096850166416,25.97414403996786,-7.750741211922717,0.01681386537160531,-0.8736271189512742,-0.01319002884287078,0
0.08697528729638442,-0.9149094276751952,-0.16799111094733285,-3.7742535372902464,25.405973638232947,-6.700407207285068,0.008269834677108845,-0.8682302190397702,-0.003502173572593145,0
0.0780299010515088,-0.9116686656487035,-0.16471095362755214,-4.036668892458112,24.840425483995787,-5.640381978855401,-0.001911771748891347,-0.8609353977315393,0.004665833817215678,0
0.06812742498052715,-0.9054541751205423,-0.1569324116437373,-3.9509288148299393,24.19335370622851,-4.717650935729464,-0.01076558367945454,-0.8545099640749073,0.011159762607436986,0
0.062360738617570764,-0.8976855472127998,-0.14544121299096355,-3.75795155984913,23.38886224340139,-3.939715675923237,-0.014755233315386796,-0.851814401886431,0.01731252260797884,0
0.0644832325253668,-0.8918341084845942,-0.13419656838988317,-3.683618180645698,22.362729894726737,-3.2193235033893064,-0.01275714106686255,-0.85277271659135,0.02356966143366564,0
0.07291240511106226,-0.8917437822227445,-0.12608216806551875,-3.827528544332627,21.11732607994348,-2.436733790921642,-0.007112662804539396,-0.8544327947767969,0.029131085157164265,0
0.08134784723915384,-0.8974979121175639,-0.12188568668262238,-4.1502109057744505,19.773901355696125,-1.481005916569713,-0.0018153805895915203,-0.8544446352541357,0.033294906370030644,0
0.08441410169401174,-0.9041620916315681,-0.12131227662021787,-4.53402008677741,18.517922968269154,-0.2928294080952757,0.0009906587155751301,-0.8536307589923673,0.03620717122654919,0
0.08285069124514337,-0.9069992722937752,-0.12267907296504482,-4.86582143348321,17.46354107951335,1.095809694458777,0.002568819537443409,-0.8543411595066962,0.03860767392172787,0
0.08230018602803424,-0.9067521483253753,-0.12281241182370903,-5.096605759580763,16.57689768714713,2.567588364623857,0.005371336255647194,-0.8571135929690911,0.04142336141384739,0
0.0869507709112568,-0.9071271751076249,-0.11949677269851992,-5.247789895388998,15.72858520583057,3.976363523304839,0.010057119528363636,-0.8602377454756686,0.04529796077022253,0
0.09571370599780438,-0.9084097896449027,-0.11395884743118857,-5.3743847793199775,14.811817527050891,5.208100735973624,0.01537970901887515,-0.8622352622364822,0.05002753858887207,0
0.10475352063945219,-0.9073425802395846,-0.10953303304790014,-5.5281853265327285,13.823800848737609,6.214588755053406,0.020280867217070307,-0.8632053063397251,0.05455942347408723,0
0.1117968188022852,-0.90291192858096,-0.10784512961299184,-5.743507300619335,12.859446250761966,7.021915411758644,0.02502180869613101,-0.8632647714886296,0.057693047186429904,0
0.11716875848702574,-0.8980922808669554,-0.10769700341216326,-6.034824537741909,12.037220515700591,7.709342734200962,0.030218525347633023,-0.86100531163755,0.05858122592989069,0
0.12218413937309137,-0.8951587852601876,-0.10779275908744754,-6.402081472720888,11.419531462390697,8.355552294448518,0.035561137394433326,-0.8549264074041022,0.05670828157454385,0
0.12768437254094897,-0.8929175203949105,-0.10878386153460491,-6.849425774714439,10.985267069003312,8.990508912962728,0.040193716510274535,-0.8462155467967103,0.05221415772987218,0
0.13379454771940028,-0.88986526582072,-0.11195203868262327,-7.399236412693791,10.667882359169253,9.59684816293982,0.04426961529770159,-0.83886862605945,0.046623627595725706,0
0.14063298772594107,-0.887435519452993,-0.11688629004384671,-8.075491970446107,10.41759798902097,10.143988164806007,0.04933766916800781,-0.8367462934255139,0.04249235280891915,0
0.1487116284379825,-0.8888259274645685,-0.12097387160609717,-8.87087101050673,10.223468954354416,10.604463902073922,0.05661692441563198,-0.8413304808655012,0.041607475554338955,0
0.157635114044229,-0.8961723018028364,-0.12133967077638869,-9.735720765362942,10.072290674747068,10.943985946131829,0.06501791580882454,-0.8521826569530027,0.04378176679902423,0
0.16429792466900714,-0.9095126280791419,-0.11746247278919172,-10.594061965924002,9.894727104705108,11.121519846712113,0.07122377563392443,-0.8679261150217755,0.04773046555257127,0
0.16390434047514477,-0.9271659877783118,-0.11098068875847744,-11.36007352808111,9.570145102813774,11.120877113063623,0.07196057535686738,-0.8862155101192772,0.05276379047481091,0
0.15423999690736032,-0.9464011599023348,-0.10269822563896348,-11.945084037630023,8.997492061585323,10.983945602727003,0.0664931987748611,-0.9042502322688195,0.05921441776375801,0
0.1387270263497949,-0.9645894893156967,-0.09196424320081205,-12.274536272580331,8.163872053253774,10.795962278722634,0.05720488790559203,-0.9205101447122528,0.06734569419687532,0
0.1242344193122611,-0.9805722804526085,-0.0797896264628161,-12.323005738925882,7.146663490426307,10.628275114779838,0.047709932036216915,-0.9356976061482443,0.07630135302474719,0
0.11549540756135328,-0.9951806890937773,-0.06952769013223403,-12.134190907768136,6.056042111940388,10.5111402715221,0.04014586325028711,-0.9516303312998782,0.08450883185267193,0
0.11170163139500129,-1.0105792479032387,-0.06270944236715881,-11.789432418476318,4.96870727330656,10.474325153554364,0.03408431700605554,-0.9694734292855192,0.0911872447853287,0
0.10833554452591665,-1.0287011346641144,-0.05683337611137613,-11.341801105810003,3.890352580711139,10.588546179548569,0.027733975890828648,-0.9890583609613083,0.09727000038835049,0
0.10191020615440395,-1.049391624452705,-0.04890880567448291,-10.775142098199135,2.765755196853252,10.933300276663955,0.019832331877605518,-1.009240030011644,0.10468207823132407,0
0.09248544583035999,-1.0699839236239925,-0.038781634842071304,-10.027727305242337,1.535715187993526,11.531355700657857,0.010540238112310139,-1.0283369975896006,0.11465597991064398,0
0.08200187989200776,-1.0873695553721676,-0.027802546707887475,-9.06283666810656,0.19433279316207835,12.342646704003016,0.0011350248611728855,-1.0445711034038825,0.1265607641085483,0
0.07198400910796224,-1.1003117066360404,-0.01683609582871131,-7.9230974824771945,-1.2095567619992673,13.31421940185771,-0.006848488784987478,-1.0567455964648989,0.1380463842864046,0
0.06364153410391188,-1.109008414990828,-0.006984498161303254,-6.713531322237723,-2.6141734045181386,14.404286141964741,-0.01245976988280594,-1.0646079364877437,0.14634083244070661,0
0.05823853840325915,-1.1131205632209973,-0.00022689319442525382,-5.527338076570363,-3.9732690266984347,15.562965890031023,-0.015728587598548335,-1.0685629186541201,0.14994383143942763,0
0.05589410148687935,-1.1121200543638114,0.0020907310853919767,-4.389786993379732,-5.262100532300926,16.73016117780179,-0.01733416904576835,-1.0693150520289738,0.14958931572123568,0
0.05540922709247818,-1.1078450576858663,0.0005277724161516653,-3.2685114841009564,-6.4876404465980215,17.868604162451305,-0.017907887405107726,-1.0678381472882776,0.1476640867460924,0
0.05616217795978207,-1.1046694983720455,-0.0029825944128651417,-2.1185332708921414,-7.691754194819524,18.980233829003637,-0.017820179471176267,-1.065428645346903,0.14654535329799176,0
0.058542231155560336,-1.105568112079045,-0.006105149716556738,-0.9092033291301469,-8.916593968884255,20.08016439929201,-0.017501936191004427,-1.0634165975049619,0.14721992629877467,0
0.06188417573981764,-1.1086033699992515,-0.006899226023493739,0.37045372792135917,-10.152634865385828,21.16698894029412,-0.01746005783824519,-1.062368333325217,0.14906517002535336,0
0.063922951097072,-1.108606009780416,-0.004827025793825019,1.7078449772454185,-11.328611218829197,22.22527371684824,-0.01792162276625419,-1.0615390512439764,0.15075540611470026,0
0.06308897763924913,-1.1028617273892964,-0.001061587243168,3.0723487857596066,-12.362201367436462,23.24660985289531,-0.018856788187858426,-1.0596899418500252,0.15167250928004858,0
0.059623211851676766,-1.0946844612086581,0.0025689391072897614,4.438706239748143,-13.221262767888373,24.237358958720264,-0.020344464913526462,-1.0566678758422945,0.152646880104398,0
0.05416609431915363,-1.090343605028839,0.004908803123852795,5.79590348411488,-13.938013276163352,25.204786247111606,-0.022584590232784856,-1.0536808229029775,0.15503159299518718,0
0.047783826272826506,-1.0924390453469761,0.0060841289522434215,7.119866652989956,-14.57563963620914,26.13901256785886,-0.025346422196957707,-1.051883095113836,0.15886868148797464,0
0.04406687398817629,-1.0976637096243584,0.007200965872378448,8.3583907448246,-15.183913851815518,27.01093178994847,-0.027297413794823217,-1.0512776556417929,0.16234484423597248,0
0.048050021392951774,-1.1011371003459405,0.009067062121179692,9.478799067473274,-15.76752037691713,27.78754093199724,-0.02606986038441938,-1.0512221145202343,0.16329701791864357,0
0.06114545421522002,-1.101243666450797,0.010585107444881461,10.52511604646794,-16.28364423908182,28.44588468103957,-0.01943331903564876,-1.051575493275889,0.16074688967902573,0
0.07932936042772044,-1.1004404579053317,0.008247675473621525,11.575526850109798,-16.684025464543858,28.966210811894847,-0.00651869157023691,-1.0532800428391518,0.15444706162863156,0
0.09791123268722622,-1.1035642498311717,-0.002319911896958423,12.593270580226635,-16.970806166864698,29.304045467415108,0.011957081437087184,-1.0582054692703808,0.14337895323754604,0
0.11592683664234464,-1.1153600175302048,-0.023670573103162153,13.304840314007086,-17.19687706222504,29.367874953497772,0.033727939759923935,-1.0684933242070316,0.12548614530970145,0
0.1341018782914195,-1.1376083211861192,-0.05540721520815817,13.243448995852615,-17.399383974746055,29.045012841010422,0.054553043332558296,-1.0861043367046346,0.09879484273695327,0
0.15067533910370876,-1.1685012170692024,-0.09578183669996211,11.967241413715513,-17.544328158851265,28.281674073758182,0.06912868580846317,-1.1132415190563607,0.062377691306359145,0
0.1623645515092202,-1.2058272297430834,-0.14313903487019672,9.327068628040003,-17.541600335187805,27.140948399443907,0.07513441332463616,-1.1523155394327504,0.01671237377428503,0
0.16965532819355977,-1.2497108610247556,-0.19485763875118034,5.611509103773633,-17.29014893720905,25.750300953532236,0.07731868649168214,-1.203404458017047,-0.03595265082557939,0
0.17888579468412752,-1.3006270299556355,-0.24642726197725479,1.471794009368176,-16.688729356388386,24.16460854931971,0.08547533146121972,-1.26100678614851,-0.09118562455607676,0
0.19723822509345434,-1.3552914161450675,-0.2928500752511843,-2.3130714586702137,-15.624059078566326,22.26671226270512,0.1061475575556753,-1.3148508520578241,-0.14239510474817252,0
0.2259715108622971,-1.4056267161342308,-0.32958135152348417,-5.0632887145584355,-13.990613607586262,19.78435642447584,0.13700936216599743,-1.3552171995810696,-0.18181475508355965,0
0.2602690305147472,-1.4414604601874188,-0.35203531686258105,-6.29968539260884,-11.745163728821888,16.416927016106715,0.1710048074404991,-1.3770587226514672,-0.20301752338861567,0
0.2956899684174705,-1.4539434422052635,-0.3575193620074255,-5.753072236140654,-8.942430229144147,12.02990030113275,0.20446954667170106,-1.378839476304037,-0.2046415785755471,0
0.3315702546139596,-1.4377675000457613,-0.3495151773658975,-3.4006974867379016,-5.7093598520050675,6.82168094683234,0.23787564869311262,-1.3591938407729456,-0.1929770543071297,0
0.3657527846937445,-1.3924055722993753,-0.33834202008160724,0.4342690941121422,-2.1730175122223874,1.308860225188473,0.26873260382899566,-1.3166651896800141,-0.1802557947514596,0
0.38883998042791235,-1.3225245959583778,-0.3359616218094665,5.048954339124631,1.5937152346950259,-3.9191209908253732,0.2877248637813915,-1.2525718059083453,-0.1783568959818157,0
0.3887530955011415,-1.2367203422607493,-0.34930678302508295,9.543793977036518,5.545152853068929,-8.481931166925566,0.2847416188467066,-1.172545793780065,-0.19228258193095374,0
0.3620862854948975,-1.1444064670976355,-0.3769481641724282,13.173388613845962,9.55640266456972,-12.269612451666047,0.25825699213361436,-1.0844079527651642,-0.21872140263502113,0
0.3183952864677965,-1.0527147038493878,-0.411125595873317,15.611930297711217,13.331814027911099,-15.273909588059983,0.21743123963195077,-0.9950476667027089,-0.25049040039854914,0
0.2721482378921614,-0.9656655784162299,-0.44389541551917744,16.91833312153361,16.45092895002143,-17.426499629510054,0.17479759466776768,-0.909582208485569,-0.28226100938229765,0
0.23130981725908076,-0.885249077136963,-0.4721041979299154,17.242515326695656,18.571713276805834,-18.62183600811136,0.13691143060938218,-0.8319073762510956,-0.31224057910435793,0
0.19323904318571064,-0.8120973100706065,-0.49626373771233406,16.55693569935327,19.642845763767507,-18.857603589391754,0.10109317203910194,-0.7639803415311797,-0.3392792486859014,0
0.14986571626231399,-0.7461338051787143,-0.5157131445816436,14.691310675380633,19.92539900136798,-18.300961901436413,0.05995445141866577,-0.7051906486879886,-0.36024575183885627,0
0.09670108099360304,-0.6898163598541149,-0.5272139881004967,11.626295692517274,19.786157100864397,-17.190161575848894,0.00918068345677191,-0.6555918375537646,-0.3716633577348207,0
0.038049541004881955,-0.6515262104746234,-0.5285826208889708,7.665626378595022,19.451978070711633,-15.673185016179463,-0.047860601096978136,-0.6208773028702304,-0.37304870580984356,0
-0.016415119030445353,-0.6422713387828537,-0.5214372593246679,3.2341878525058374,18.94722244423573,-13.758829697441673,-0.10240046883771041,-0.6112840796334884,-0.36678058453303874,0
-0.06028440457299455,-0.6664765060796517,-0.5090635283266086,-1.4374218447704081,18.22542088358327,-11.432594183960326,-0.14690833301318454,-0.6330975636027303,-0.354779649105682,0
-0.09420168000490184,-0.7176020877616898,-0.49274441811884906,-6.306994422260479,17.30869154511628,-8.811984939476734,-0.17914436394813796,-0.6823552389098871,-0.3366750532772204,0
-0.12054369438342592,-0.7841927864040611,-0.47105279382461057,-11.211864716743431,16.2981738361669,-6.176007652115879,-0.20019739715989635,-0.7482207447056727,-0.3111441614358989,0
-0.13700636301738986,-0.858169464254807,-0.44176855209892324,-15.697301053282187,15.307301635648484,-3.8275585889953643,-0.21044064346561878,-0.8210066946434269,-0.2780848599311032,0
-0.1377527223280318,-0.9358149708807028,-0.40423363597163225,-19.22525328325927,14.429403363981422,-1.9088390027088524,-0.20837479801129344,-0.8954275231788977,-0.2396039867894916,0
-0.11949904924657345,-1.0133480521985434,-0.36144673537065414,-21.510427224728094,13.750533344743909,-0.3429157864439674,-0.19219039815310174,-0.9677004753188498,-0.19976334700422455,0
-0.08431422093240142,-1.0846252570830937,-0.3204540633229309,-22.59405067273075,13.351911267895952,1.0457233194837905,-0.16139748972247903,-1.032454281147236,-0.16388028650935185,0
-0.03705646005521773,-1.1427202140954078,-0.2896160776104173,-22.61281973763582,13.302817155186101,2.370559943420065,-0.11765701830029052,-1.0836366765046346,-0.1376923560107331,0
0.01791805632989726,-1.1823367461283583,-0.2751751436958335,-21.595897845212942,13.693235268743983,3.66280895178614,-0.06495147612698474,-1.1178243077187198,-0.12574640864914793,0
0.07683201069185464,-1.2019915554210914,-0.27960673097475125,-19.56956355516819,14.67637626919023,4.981331815469566,-0.009046359275915735,-1.13614405119206,-0.12908876118085044,0
0.13425659644595828,-1.2056877270889086,-0.3000078901464472,-16.829117398982714,16.39817649272443,6.448119795652798,0.043373698174950945,-1.143075351843471,-0.1441446108301627,0
0.18258589461838215,-1.201287216506447,-0.32690047418091067,-13.976690741361324,18.79497976585188,8.096498434704582,0.08599488836496622,-1.1430780676082128,-0.16432005297682417,0
0.21558195917957712,-1.1948387761788994,-0.3482657322967613,-11.575368189458082,21.47958413153819,9.716752293718045,0.1153428796984704,-1.1376642864232775,-0.18334578241373284,0
0.23305882206961584,-1.1859934223595714,-0.35779443195644034,-9.742672549702181,23.945295323364704,10.963226082169381,0.13287998294227982,-1.1256534034795942,-0.19774832605189158,0
0.24071843682699062,-1.1695776254720933,-0.3585781196265755,-8.11884453149362,25.958910863202213,11.669048786991246,0.14324680228732758,-1.1063640958550922,-0.20679643598795464,0
0.24395109166668852,-1.1418265677983108,-0.35792652421923543,-6.26277815775418,27.716445111005964,12.003186500580659,0.14919744534088777,-1.0817277142956878,-0.2108312956705682,0
0.24277336909218025,-1.1054487014796106,-0.35887198294691014,-4.093066743139932,29.56507890356434,12.266632488796132,0.14908542227958116,-1.0545820822774286,-0.2101451929959086,0
0.23441263446869348,-1.069110731387351,-0.3571867023700283,-1.9667121896614532,31.61366730078619,12.581536462948446,0.14012711771297393,-1.025924535753169,-0.20521435407473188,0
0.21911219000254759,-1.040927153347098,-0.3476243805417598,-0.3679953560944565,33.66833303015855,12.84504102249842,0.1230232615063233,-0.9953760350685064,-0.19742897094609504,0
0.20017644197775109,-1.020533318221272,-0.33237647152291566,0.45868791008993864,35.487028012242476,12.934358687474246,0.10208429030272013,-0.9638786060105378,-0.18933574914155935,0
0.17879449470504785,-0.9982813766408405,-0.3200428896534689,0.6154648027858355,36.98170786001744,12.838412192437717,0.08114704526591333,-0.9339676715605087,-0.1838002686998868,0
0.15219924263528747,-0.9651905604676958,-0.3159982876892845,0.38417951131180317,38.17563965985468,12.582182428089142,0.06034971473907064,-0.9070140118659816,-0.18210138296981457,0
0.11832403345599404,-0.9238824628954971,-0.31810720842713386,-0.0012948155269035463,39.08602721771883,12.14068551113677,0.037216321924258715,-0.8821008191364366,-0.1825901403674403,0
0.08087801490514274,-0.8872626405067927,-0.3223801892144079,-0.4609490681389893,39.7203176366988,11.506194288039985,0.01048890379621548,-0.8587258550462595,-0.18210894972335812,0
0.04798842770121961,-0.8663498789891458,-0.3274851073359139,-1.0339568067811296,40.13990587574791,10.801831290391998,-0.017804172662346174,-0.839112990512112,-0.17932112912125409,0
0.024867877936611965,-0.861181500287827,-0.3320127681141447,-1.7923465062036665,40.460131070235406,10.261092726224986,-0.044287484994092054,-0.8262318202988528,-0.17591678777133943,0
0.008402137466235849,-0.8630825950261192,-0.33220675832776525,-2.7766377658716004,40.77947838078825,10.073541099016202,-0.0675943006968798,-0.8200728569385224,-0.17392285042146183,0
-0.009365783111199101,-0.8634473867890402,-0.3261684561239981,-3.9644615089280126,41.128304675636485,10.251107342473198,-0.08916786164842942,-0.8170638508691437,-0.17263489374796143,0
-0.032008892911444105,-0.8595397063604485,-0.31842682580722625,-5.268387655687106,41.484232806000925,10.639735844436625,-0.11074221643269386,-0.8133111652303656,-0.16923339236019808,0
-0.05432379146952048,-0.8536775460714436,-0.3159684004398842,-6.577269465849183,41.81460890215483,11.063792493552342,-0.1312665930946022,-0.8082456903658245,-0.16214293897980878,0
-0.06778903211369144,-0.8496385729435697,-0.31862954953922457,-7.829840656697568,42.09179984202483,11.469121668316294,-0.1467022979962485,-0.8051151811726881,-0.15282156742431668,0
-0.06936435624619794,-0.8507664615621491,-0.31760186219104364,-9.050915869457057,42.28376218743075,11.925248697746584,-0.1534241229112528,-0.8078901324892064,-0.1440785435708471,0
-0.06392237869006348,-0.8596016253096246,-0.306466502582063,-10.29084881144118,42.358701747616685,12.492214878089538,-0.15191308956077967,-0.817882474548427,-0.1373246562902108,0
-0.05853591614214279,-0.8767001568857042,-0.2898428931740252,-11.51920226943913,42.30806361432727,13.10964672538348,-0.14649824241691556,-0.8334227388494897,-0.13184022145596422,0
-0.055705920847350744,-0.8989888329651999,-0.27729556881139095,-12.603640018719348,42.15459572415408,13.630675493414003,-0.14107305705082332,-0.8519339173423279,-0.12615933094024867,0
-0.052415319868070416,-0.9207429792476368,-0.2721418081171959,-13.4186202177618,41.93965511003105,13.944846487637772,-0.1356129689251791,-0.8714373750333687,-0.11948746011336168,0
-0.04447549328631011,-0.9380367839984144,-0.2702749822490989,-13.96078065780722,41.71754460043549,14.045778898036547,-0.1275430010059404,-0.890579372714692,-0.11199800895222381,0
-0.030898962387522166,-0.9519928474665261,-0.26729477905516275,-14.32657543183595,41.55523270058984,13.990402718520436,-0.11579675688360141,-0.9082253922790849,-0.10438325717385889,0
-0.01475636773258735,-0.9660475092404817,-0.26239601348882974,-14.573183665465496,41.50446783431315,13.82041206046398,-0.10212334021698634,-0.9230479483745131,-0.09710083776334327,0
-0.0004459795135038228,-0.9803124706886666,-0.2561911038565026,-14.624948858867402,41.556061815546215,13.52883189541868,-0.0885489125442507,-0.9333388005298802,-0.08992454655965243,0
0.010269208452520356,-0.9907835067908889,-0.24913089815785402,-14.3384079867227,41.637723420427726,13.081936766113085,-0.07519818855574711,-0.9380092939667198,-0.08278269656355954,0
0.019527047777425966,-0.9945580596958613,-0.243252530952964,-13.664177686711655,41.67411419309031,12.452960786087887,-0.06138929150727344,-0.9384254684028968,-0.0770776862218241,0
0.030096472664697223,-0.9937436209006293,-0.2419783582218637,-12.730197221996402,41.645399242932875,11.632646303323623,-0.0478016781533222,-0.9386063030646049,-0.07497097620304694,0
0.04151849798004371,-0.9930377110864486,-0.24587321966107412,-11.746103745946055,41.595157893544695,10.627981256571802,-0.03628566519975507,-0.9424876648749481,-0.07680657241767233,0
0.05084518696273581,-0.9951538222762265,-0.25071475417772005,-10.832686266497822,41.62024528113534,9.485280577396056,-0.027834026150265312,-0.9506143327818397,-0.08023975147728235,0
0.05635745809332608,-1.0001131929973872,-0.2517587418655475,-9.97665215924685,41.86709976748435,8.32581289314446,-0.022132758475863296,-0.9599330743435257,-0.08245656081357522,0
0.05833349995546762,-1.007338780178485,-0.24857575185898634,-9.151614870620906,42.47253095563434,7.312794928385365,-0.019465895479057686,-0.9670858570090545,-0.0824391782014331,0
0.0566368968596458,-1.0161172478462828,-0.24424342210706915,-8.418214712459843,43.41726677094778,6.517293245174773,-0.02156405196053759,-0.9712389986173593,-0.08073857378534721,0
0.05044709793003889,-1.0243995563151478,-0.24087203845440738,-7.84180029422799,44.435969641335525,5.816344840643171,-0.02918249880709686,-0.9731333008935422,-0.07821002175402336,0
0.04087376484560122,-1.028786315303999,-0.2378278795531547,-7.3423498713770385,45.16423131955446,4.9928809517115464,-0.039679531181383974,-0.9725885810707129,-0.07593823571550169,0
0.031215286815342604,-1.0263628455615907,-0.234624575957579,-6.729163513288448,45.43064581588046,3.9689912115478596,-0.04884291843753458,-0.9686750568663246,-0.07561720797599449,0
0.02354013704030612,-1.0170411938620314,-0.23358663663728915,-5.931940442173338,45.366084541892384,2.8928451277114453,-0.055114837834821746,-0.9618747009325238,-0.078517357281184,0
0.016999856796663923,-1.0045768416653718,-0.23741095757890956,-5.140375536123945,45.202759084347505,1.9703575644775895,-0.06045879835780451,-0.9543476268293718,-0.08368109700001998,0
0.010471131318101325,-0.9946344266981568,-0.24433941298030715,-4.650621093972004,45.02038630415629,1.2638402477676784,-0.06675110947424759,-0.9480150571326929,-0.08782766703905306,0
0.004877565581824148,-0.9908082264754,-0.24798060162656577,-4.576024847700993,44.72203793467054,0.6836283231252448,-0.07278980961951471,-0.9435628599915623,-0.08768965780718875,0
0.0016578118997705095,-0.9922066536336507,-0.24331871796546747,-4.7292533334234514,44.20450271204876,0.11863900126224372,-0.07600717229607228,-0.9412339784688608,-0.0825694132107917,0
0.0004940205029432695,-0.9948730409110641,-0.2323219499027067,-4.778064460630526,43.488459892718794,-0.473529028325107,-0.07650087683253332,-0.9412874761377822,-0.07456806930200863,0
-6.498405292680481e-05,-0.9954698176020804,-0.2220675527217555,-4.507771119500446,42.68663519803816,-1.070580533878386,-0.07764642837946793,-0.9432413479804466,-0.06655697729538855,0
-0.0004933441242872212,-0.9936965025379421,-0.21716770860713358,-3.9581261184383387,41.895326843693496,-1.6253320146628263,-0.0819984709398205,-0.945505887334604,-0.06025505964907945,0
3.739597795877858e-05,-0.9914933321537375,-0.2161072115123451,-3.3477084481740773,41.14653520605147,-2.1005850526088614,-0.08788179843964404,-0.9463871337099002,-0.05605347789051696,0
0.001822326626226295,-0.9905048209580185,-0.21560354937988574,-2.8935724790632866,40.44766671771618,-2.4927469871719863,-0.09138830383602,-0.9452875481840262,-0.05381175521479649,0
0.0032146411084968073,-0.9907623362472352,-0.2151086258341306,-2.6950905371051737,39.83174578724448,-2.8305093477434324,-0.09104747037304485,-0.9428971253057371,-0.053008423911603375,0
0.0019051866864698852,-0.9914485425996574,-0.2146787332481678,-2.7360813769593344,39.34926225797284,-3.1436243395575882,-0.08905205487731961,-0.9406234869646153,-0.05215919402924515,0
-0.0022072310088560626,-0.9920754922784076,-0.21172890289704305,-2.933068209122661,39.009895497762216,-3.4367348936917557,-0.08800035533150927,-0.9398228259999352,-0.04893577374659066,0
-0.006166836957774396,-0.992627623139271,-0.20369320562658516,-3.1700166932475966,38.74370504443495,-3.7024953960534144,-0.08781568490610372,-0.9409463339640027,-0.04176240834241536,0
-0.006661252193199475,-0.9930360370356864,-0.19238343907369404,-3.334396187274177,38.44240081733099,-3.949099725963209,-0.086407565617065,-0.9431390376234424,-0.031552912263745805,0
-0.003226924241992812,-0.9930375450745365,-0.18261248271629685,-3.3676927283622766,38.05421773756981,-4.193886872963211,-0.0824190033152524,-0.9450121265850798,-0.02139828157499537,0
0.0019130206767120478,-0.9926216580856985,-0.17703350825069114,-3.294733841550818,37.63108603644246,-4.433859321618682,-0.0764154436661583,-0.9458921731346387,-0.014060850322270878,0
0.006825407045828389,-0.9924079082016571,-0.17423362010667084,-3.2003899238992473,37.2751600197054,-4.650666005552152,-0.06974105727730695,-0.9460025424427648,-0.00987848193450589,0
0.011608901933898378,-0.9933331138020423,-0.17145197048919691,-3.170766618439294,37.04858352179288,-4.858566028162139,-0.06311453335140833,-0.9456304916906306,-0.0071758144065308576,0
0.016999858180216806,-0.9955879456580654,-0.16754228246956981,-3.2397910683621203,36.93793797950421,-5.12754951050945,-0.056705059994916526,-0.9447773006087978,-0.004135731782426353,0
0.02200813138794316,-0.9977488349190279,-0.162905176580971,-3.3742814158623613,36.8834698591391,-5.528881199241208,-0.05140560438657537,-0.9437062178348236,-2.4318266620150877e-05,0
0.02371663247609742,-0.9977407580319033,-0.15788940845330618,-3.51350661017777,36.812765129633675,-6.045884616466267,-0.04930773794090796,-0.9432534359707619,0.004504755838466924,0
0.020114575791835117,-0.9952837263151539,-0.1533860118474645,-3.6368142705096096,36.63806774401145,-6.543801432021771,-0.05194066837261606,-0.9440415912839748,0.00738902425566449,0
0.012868261153728973,-0.992447005067444,-0.15309351501782106,-3.7877025235946133,36.25065613526352,-6.840774220786566,-0.058420334072677396,-0.9452181991002824,0.005772442682228293,0
0.005501162447634947,-0.9907119635436384,-0.16200468525557377,-4.021225030669554,35.56995755357361,-6.830741323487076,-0.0669073539038911,-0.9443806437912158,-0.002322823031005175,0
-0.0015855922074082388,-0.9883259465220527,-0.18029780182399982,-4.343839447134629,34.629777028703174,-6.557358876019678,-0.07757625822305074,-0.939437277068644,-0.0162563063136914,0
-0.011657580450982283,-0.9820743565171467,-0.20046800053685163,-4.728967343491518,33.609219932162155,-6.172141798818732,-0.09183805504405317,-0.9307615419152576,-0.03248159880306224,0
-0.025748040742735307,-0.9717375229254989,-0.21292856081651518,-5.182560152952195,32.75748743952548,-5.8210674238367455,-0.1081624873336615,-0.9213875066971433,-0.04620858927673367,0
-0.038488294442078734,-0.9619233027268813,-0.21437377815787204,-5.757918646672079,32.26908111800839,-5.57630291978302,-0.12067414956738418,-0.9152013123727124,-0.05406019035807302,0
-0.04193364074099227,-0.9589356518420433,-0.21005401023836234,-6.478616146814477,32.20579426648976,-5.461086864647813,-0.12315658635800493,-0.9149023057674683,-0.05576134137147872,0
-0.03274191767979695,-0.9654605912272378,-0.20813845630084465,-7.237108421967547,32.506385251836555,-5.49983469135417,-0.11399502971069782,-0.9210512077953706,-0.053461499524319556,0
-0.014301797199225932,-0.9781633351273948,-0.21153189330811242,-7.781359891667017,33.05440721200813,-5.7216831385616285,-0.0967086466167663,-0.9322545800849465,-0.0494535820685537,0
0.0077375216487702864,-0.9910385038024294,-0.21456866551485718,-7.849486644730422,33.752046455871245,-6.130467928656393,-0.07606998035531343,-0.9459575366663507,-0.044437096072537596,0
0.030588781809082935,-1.0014955544312478,-0.20855658686523634,-7.378978687545271,34.56167009717563,-6.694336604009878,-0.054400554881986904,-0.959507007247065,-0.037651165275485066,0
0.054592431929130415,-1.0122595456694516,-0.19166829941866748,-6.602282645798021,35.49742905934487,-7.371654022581869,-0.03155254809091493,-0.9712671409338989,-0.02838459098039841,0
0.07986092670086384,-1.0263902480892158,-0.17220272546417145,-5.9013188999588335,36.57416807849364,-8.141805261270553,-0.007424642615136151,-0.981118286086127,-0.0172042894107356,0
0.10438382505885711,-1.0415386116993761,-0.16028991387888825,-5.5236299012675225,37.750368948034264,-9.003291087581161,0.01645145144081887,-0.9897586268005008,-0.005782521040982076,0
0.12541986148331855,-1.0514647853888972,-0.15754758112460684,-5.424402048127277,38.91624087955079,-9.939288207010962,0.037618279347745774,-0.9976788937428639,0.0040678092389893825,0
0.14151229250029626,-1.0538646010220596,-0.15732702889932185,-5.391907231361608,39.94946373322201,-10.891000403223531,0.05422592790875157,-1.0053515251669733,0.010967990126805218,0
0.15260609054583046,-1.0544262954274601,-0.15393700158135723,-5.322370188828293,40.7964306665189,-11.773713194599647,0.06576925435696096,-1.0140388120277906,0.014166837808752952,0
0.1590729477813647,-1.0608905317892958,-0.14815276925070547,-5.332741224089664,41.505270879217136,-12.521039741787545,0.07294695586463967,-1.024945416980076,0.01394934921829687,0
0.161714563621398,-1.07438889745062,-0.1440233249077817,-5.563467959635735,42.18701784532417,-13.107955331794393,0.0771898536990601,-1.0371747991761393,0.011858125375763374,0
0.16226679427811427,-1.0893041288316017,-0.14404957580163485,-5.897849380683082,42.950932836113076,-13.529476673928887,0.07988914834093397,-1.047862316249722,0.009853359129625103,0
0.16235658224929916,-1.1004585152950477,-0.14803582537606896,-5.9657643472148925,43.86240459554983,-13.76852086478796,0.08138016225212798,-1.0548972983212734,0.008915045819754048,0
0.16169645366585716,-1.1069619272843112,-0.15337779282258032,-5.47651784456937,44.92691739265424,-13.800019744192104,0.0805557286453198,-1.058495611230485,0.008825011491064457,0
0.15844135459383504,-1.1096139181703963,-0.15548685980227547,-4.515201751554155,46.08755771054123,-13.62775668560602,0.07593203862353667,-1.0599777478857053,0.009658053685537519,0
0.15158799450632301,-1.1085668545675353,-0.1503373408449573,-3.4717327371348663,47.238943442130605,-13.300298942684906,0.06746214457706944,-1.0602408852253593,0.013134757451880067,0
0.14216129339394948,-1.104738055339916,-0.13761889217484205,-2.6978590292523545,48.259045652056265,-12.875469239856564,0.05708613586012876,-1.0595922390940018,0.021782331318882315,0
0.1320168315940297,-1.1011695860716304,-0.1203844744868731,-2.258685143526831,49.0480897453821,-12.374093662346699,0.04707648146804691,-1.0581330030216047,0.03643357917893408,0
0.12249988834765295,-1.1014288698398025,-0.10208191455272535,-1.9768526575136567,49.56775205660171,-11.782376436834918,0.03811618013539678,-1.0563550610625856,0.054783164906143926,0
0.11445551338848774,-1.1069753288014756,-0.08511880685300605,-1.6371236284195958,49.86979181049783,-11.097848001052373,0.02965127972000266,-1.0558940044101885,0.07270250008907655,0
0.10837218227965739,-1.116023287401587,-0.07088395197855335,-1.1216624330066227,50.08626368918008,-10.354281318073118,0.021763922639169046,-1.0588887029057814,0.0871552197582998,0
0.10393869476819928,-1.1243408659219989,-0.05892060212121621,-0.409879278123627,50.37391882484862,-9.58695355995005,0.015615925383942133,-1.0655746415688208,0.09812466758019278,0
0.10040686058788909,-1.1278839547067507,-0.04679942310044134,0.47546816274729903,50.850562458747625,-8.783371234362598,0.01198214972686589,-1.0731934497196178,0.10791654125345337,0
0.09771069055052001,-1.1261489488856076,-0.032899113790185945,1.5179046519328026,51.55715584341343,-7.901166804667029,0.010197116733441324,-1.0783415389435462,0.11854870048095037,0
0.09610814295220572,-1.1227653937472515,-0.019026462212982945,2.753767931584042,52.44834961370359,-6.9565388596288535,0.008784641325970708,-1.0799560492603506,0.1299062370236935,0
0.09477630090300986,-1.1219299989033067,-0.00832231701972093,4.277707367959544,53.42384337690367,-6.076498486142025,0.006669715410798344,-1.0795340967007832,0.1404715960368183,0
0.0924068605550708,-1.1250133936544857,-0.0008260839351242519,6.145258523858067,54.40353754273785,-5.430203701453407,0.003764264726450273,-1.079591863060423,0.14902860059747075,0
0.08950844660192143,-1.1314164782927079,0.005605089101579474,8.222384591731402,55.37158992012076,-5.10123311377232,0.0011990530331184642,-1.0828282180906295,0.15425787494009638,0
0.08892899322273802,-1.1414205209957462,0.007878365362380048,10.11984172416078,56.31218510640324,-5.030599966431118,0.0016907208513550795,-1.091792864981829,0.1520571316135602,0
0.09403218217875593,-1.15641547105416,-0.006523015087524724,11.243449524209447,57.10872434783093,-5.067868709622143,0.009039576531602823,-1.1082703309902207,0.1339456241256546,0
0.10728534321502949,-1.1765812990597817,-0.052351041810593656,10.876658988810453,57.5634573888355,-5.071074012423023,0.025709621921625833,-1.132966061674449,0.08971502286549131,0
0.12966307393010096,-1.2005108110355007,-0.13362547936025246,8.32295977214987,57.55310550428709,-4.997791297866964,0.04999099140002733,-1.1650756311305823,0.01430912260734239,0
0.15823682707838949,-1.2280441424446153,-0.23759566583992317,3.262530480909175,57.15477432567991,-4.9409571864529145,0.07540047733936107,-1.2007976991655023,-0.08470233675810734,0
0.1828403101041071,-1.260866819690458,-0.33998213677831823,-3.73768207149145,56.59379356366322,-5.048130375774957,0.0927577286669413,-1.2330839964177815,-0.18524349606255378,0
0.18795463833379963,-1.297510733312186,-0.41545083068898986,-11.017716928922331,56.03473419195101,-5.328134600432299,0.09330015059958517,-1.2553834597864182,-0.2591119011847045,0
0.1619701210745273,-1.329167842321522,-0.44733769435349585,-16.375724914805616,55.377817307628135,-5.491335859218292,0.07137926341103745,-1.2660984403775757,-0.2875380199360114,0
0.10537648556375684,-1.3439735472523626,-0.4347810884080724,-18.22152149015602,54.244278447756066,-5.007717002846483,0.025974483208300557,-1.2679528359267092,-0.2725723870727723,0
0.02857088018929005,-1.336749796235349,-0.39416917046747335,-16.51255757342081,52.20505267966118,-3.408782050924521,-0.03936892449565126,-1.2635669180346663,-0.2344746178435831,0
-0.05694909694230528,-1.3141359214815853,-0.35128003462113233,-12.682568073788653,49.08620207690328,-0.6362097585577668,-0.11783750433922248,-1.2538727649042998,-0.19762230787911345,0
-0.14243443079460613,-1.2899864945556856,-0.328123585829625,-8.605834613160127,45.09082115353762,2.849492136113091,-0.20084478375997117,-1.24046604056202,-0.17777131397156923,0
-0.21924834636271312,-1.2745032064335697,-0.33405358516632644,-5.4929143256947075,40.651121960626696,6.333820205457304,-0.2789886407283131,-1.22610148604043,-0.17996552010422867,0
-0.2784418981054317,-1.2649908341991392,-0.3653951142246679,-3.5722874341167987,36.179996427794734,9.299147018033386,-0.3428678653450029,-1.210720812306304,-0.20376253643443637,0
-0.3148322334214921,-1.2462802111375597,-0.41149160973133514,-2.5298107789013855,31.939556017967977,11.681165978869604,-0.3847389552891186,-1.1884409070092166,-0.24638184878085712,0
-0.3291318940841133,-1.202911498839764,-0.4630440928357305,-2.00069862773162,28.075805393587,13.737045535311228,-0.4010658770214314,-1.1511524598363028,-0.30118282500200527,0
-0.3257684200575718,-1.1336991242814056,-0.5158814669313431,-1.6634028262648566,24.711419247887655,15.721290816184629,-0.39443949566300807,-1.0960430717967566,-0.3574238728274712,0
-0.3097270899647905,-1.05444939522075,-0.5663499851998249,-1.1642704987326316,21.979451663085847,17.701158054283873,-0.3726583061093226,-1.0291482559015739,-0.405086754390148,0
-0.2836643971423001,-0.9851540964585324,-0.6061126990187509,-0.25731191523838054,19.98203521991154,19.59797315453132,-0.3440603699738898,-0.9615449281314417,-0.4398453369504307,0
-0.2456301196751396,-0.933933896754479,-0.6259615745915271,0.9181727599385591,18.769771511850234,21.287453877796302,-0.31161202822465733,-0.9022390270918506,-0.462044262740607,0
-0.19027893127315837,-0.8937070085724581,-0.6246281277955026,1.8313788524570074,18.430702694096365,22.64292931321785,-0.2707301003503125,-0.8536941739841213,-0.4719802312788894,0
-0.11403413083566372,-0.8537269177207216,-0.6107649648908967,1.960142129425223,19.205782545412887,23.572505568721212,-0.21326185591974073,-0.8127122522914176,-0.4686434706623459,0
-0.019203474388659422,-0.8121147826587951,-0.5949165247863719,1.2276719393832691,21.412611418960022,24.07092964373838,-0.13436620843496078,-0.7755138313063376,-0.4529307585492387,0
0.08708271495938334,-0.7769869885958233,-0.580221742954013,0.021666161934654704,25.118300057546573,24.185158347606865,-0.036785157067080694,-0.743141354917339,-0.4294954308723597,0
0.19655548100472228,-0.7588703633002555,-0.5620601150088891,-1.2151595025698312,29.841635947476032,23.87341473053381,0.06984344245717543,-0.7225674753909701,-0.4041783098283299,0
0.30076506282924587,-0.7641765532803307,-0.5365465397057562,-2.3740547192707857,34.6448611959863,22.930698637248856,0.17286162054409737,-0.7219089018738465,-0.3804592975459541,0
0.38957011889315085,-0.7929526265572782,-0.5071972935794511,-3.6435576241181398,38.62634324060776,21.130769269926663,0.2607370423809579,-0.7436496771311644,-0.35883848283109554,0
0.4529506604515597,-0.8385402273847837,-0.4819625952078709,-5.134090610820843,41.42474669212661,18.487185931923626,0.32587688447214874,-0.7820411786556215,-0.33881592101364955,0
0.4872726587999917,-0.8893739916231904,-0.4652627103089615,-6.617136842162266,43.33296472456744,15.370342478730883,0.3659557861790103,-0.8266862800483961,-0.32057099359309393,0
0.4979562981281699,-0.9347915886367643,-0.4546620703094164,-7.662563460173808,44.9720620847958,12.330309614666692,0.38367570923293715,-0.8687596696849219,-0.3045734289746982,0
0.49251011470070444,-0.9715098291839286,-0.444617388782732,-7.98923867507562,46.81800762676795,9.759104808251521,0.3839766092905792,-0.9053022358603623,-0.29015688035458187,0
0.47133200850874757,-1.0036765178804747,-0.4316518083966718,-7.635943273108863,48.92739636470645,7.68697468796231,0.36894563941183867,-0.9390180283409428,-0.27534524204226224,0
0.4287681265027219,-1.0355722268558993,-0.41568905912779447,-6.818919422614885,50.99376352815293,5.863963020381478,0.3350954589194225,-0.9734173838723027,-0.2584812705357004,0
0.36362429373920807,-1.0653519505258338,-0.398128455383826,-5.718413409561796,52.60608126739944,3.995532178241655,0.2782896742370823,-1.0071795216941852,-0.23979201553136542,0
0.2850620601344421,-1.0870627527120766,-0.37998708319865093,-4.459430684797158,53.48923406081964,1.9104792860178827,0.20263669477252816,-1.033929693131577,-0.22105195219434373,0
0.20617947974849743,-1.0973266489501603,-0.3615078196178615,-3.2188447974640404,53.604150082262514,-0.40018721203450114,0.12166958435313538,-1.0481431091346112,-0.20381508549448685,0
0.13389779353589276,-1.097803765233308,-0.34308631311879106,-2.1937912397735087,53.10440727984727,-2.802399214740388,0.04817135997209618,-1.0498642430703689,-0.188481485500279,0
0.06751657912270458,-1.0915588762778017,-0.32679010124103286,-1.4112869041041043,52.18483881807123,-5.077185413384159,-0.014934686235629465,-1.0427545523460093,-0.17535787683659318,0
0.006328459997359897,-1.0797834312092656,-0.31609121814597313,-0.6685151680739533,50.91663151848708,-7.032349588452377,-0.07074780666248173,-1.0297471042145396,-0.16586542385279596,0
-0.04473397107206448,-1.0633580792316288,-0.3127472499570476,0.24970502940579675,49.24087874787576,-8.581198646615272,-0.11842133185199341,-1.0127672769493854,-0.16162098002590883,0
-0.0792346958406234,-1.0453196633337698,-0.3149371552973398,1.3339457178886032,47.159702312735675,-9.696890075274705,-0.1522859326944052,-0.9947693634506616,-0.16254175278268107,0
-0.09707732967092289,-1.0288842881470441,-0.32009740477595916,2.3895509900393797,44.87843396154798,-10.32684804985241,-0.17006911164805028,-0.9786330317533212,-0.1668022492894137,0
-0.10437873872857245,-1.0136316507340832,-0.3278353385050992,3.2652476637573393,42.67160038281982,-10.416462338774755,-0.17626249596686405,-0.9640499753583914,-0.172402955470198,0
-0.10538866048360754,-0.9962846041649934,-0.33746905755678736,3.9642276057278547,40.62819102472126,-10.017438552074983,-0.1757690233234408,-0.9479836884166333,-0.1777818411524849,0
-0.09853363391725,-0.9756002945701328,-0.3446700105347983,4.553917622588878,38.60287530415693,-9.326964064685454,-0.16873067083638627,-0.9290102723577315,-0.18114811695916785,0
-0.08240538791647217,-0.9546684767073731,-0.3444844280123395,5.054093164279225,36.39570958429583,-8.610892868719707,-0.154540201101107,-0.9097725293321204,-0.18070774562078795,0
-0.062072279469354306,-0.9377177923847283,-0.33738101485331373,5.418819167853013,33.90382190596729,-8.106046075125553,-0.1373726374484551,-0.8941921376494272,-0.17637601654907056,0
-0.04505193951778121,-0.9259100288685277,-0.32907106418423365,5.55432280831468,31.135305065115983,-7.964719333824581,-0.12287448509581109,-0.8831881397804825,-0.17048418253161082,0
-0.03187677922824552,-0.9172878719002227,-0.3235815910726279,5.349512046127293,28.212922050780257,-8.215829140731456,-0.11048779788335641,-0.8745198699153638,-0.16558135831325568,0
-0.0151911623451993,-0.9099338610404061,-0.3186390272661646,4.773426537473628,25.410262980895922,-8.743265908965318,-0.09394268948217992,-0.8664928740014428,-0.16156552059330173,0
0.010318597220247992,-0.9037909232209115,-0.30943732930986,3.9705529784518743,23.08034018212747,-9.333088042848203,-0.06999200454794446,-0.8600277024495305,-0.15589950484484924,0
0.04006780387732989,-0.9000539954823354,-0.29579180720710163,3.1898973933311097,21.44827114062353,-9.782300173962183,-0.043019030530088764,-0.8567828382449176,-0.14668592908140912,0
0.06379954624061504,-0.9000650433116535,-0.28297577759609405,2.5788833450718,20.47266277540084,-9.987415210933744,-0.020175197235413108,-0.8570977993045467,-0.13463654190540958,0
0.07643532279793391,-0.9040875405023212,-0.27500829384975894,2.088864883354702,19.927472635641024,-9.96399898052805,-0.0047117322137004945,-0.8605426246455485,-0.12189740663772305,0
0.08254694858175193,-0.9104372669520427,-0.2694982440205803,1.618647422759738,19.59410101858266,-9.816696857564258,0.004988244685259719,-0.8668413254471595,-0.10976350754117122,0
0.08942224587319816,-0.9167069748570432,-0.2606387136804441,1.2280960920505894,19.36361577019149,-9.686292855882641,0.011655948649108936,-0.8749262319741961,-0.09786175161860307,0
0.09736672110615145,-0.9216515768924523,-0.2463349025200141,1.1710900621363831,19.19841485215818,-9.683574873987126,0.015744349744320523,-0.8818178798532531,-0.08528874466171416,0
0.09950666045345227,-0.9246865725160353,-0.2315149592900187,1.689012205636776,19.05234488005236,-9.833815528085987,0.015619019620203551,-0.8839025608188209,-0.07261502366780809,0
0.09149240909937523,-0.9247486848431105,-0.22419867278293973,2.753858084585076,18.855087623297475,-10.070234418978025,0.010509290461506903,-0.8798839598160118,-0.06276929515767153,0
0.07839693073811443,-0.921649975976777,-0.22755356448271621,4.02420236701175,18.573794305040476,-10.283378979370838,0.0025531869751646732,-0.8721569040090801,-0.05920672127473406,0
0.06971763170897385,-0.9172432510676303,-0.23608639068468038,5.073129924900517,18.266132840534233,-10.38813969020376,-0.0043757287010921415,-0.8648916943147578,-0.06266050310902758,0
0.06953108673824603,-0.9131064980858742,-0.24129998268835096,5.645927722227926,18.033132283411735,-10.370226466338805,-0.007361955369835956,-0.8605809137894221,-0.07006437733913747,0
0.0747816038035874,-0.9087495467435254,-0.2407885298007057,5.693115268644475,17.905096523086208,-10.291922450043169,-0.005661897084557632,-0.8584542365203585,-0.07686440300530416,0
0.0819261467604035,-0.9043698297713656,-0.23924214338734318,5.245418737368666,17.80291703053598,-10.238088280179731,-1.5456343241858502e-05,-0.8565169620712427,-0.07978658908833514,0
0.09074860338122852,-0.9031916118367751,-0.2401910762978467,4.37940916757346,17.62745650520467,-10.226218791003857,0.008176114990680692,-0.8551497821248505,-0.07742299609268126,0
0.10132130454006287,-0.9083923881654595,-0.23995682286734435,3.2978659837875206,17.348611632528858,-10.176150645818918,0.017026379614100126,-0.8579634979025308,-0.06974601404443256,0
0.11171270368265587,-0.9193197881180082,-0.2321741400009255,2.315231694273921,16.977622458517338,-9.992077362106007,0.0248355753615837,-0.8681483977033011,-0.058373300011057096,0
0.1206008066881162,-0.932394894481661,-0.2169956058913713,1.6881332672026335,16.497666573198874,-9.662194061056299,0.03165653782046182,-0.8839089840330904,-0.04673709885332102,0
0.12942512133807926,-0.9440230194174803,-0.20296312478292006,1.4922563519945586,15.887677276628983,-9.251961123294283,0.039620775325294975,-0.8986110822471985,-0.03872976856132471,0
0.14028554058894346,-0.9517063214130248,-0.1987442549071018,1.675086170056648,15.210875713520009,-8.816280330138051,0.05056432502818237,-0.9063869254943527,-0.036641720584516285,0
0.15307727984403044,-0.9541847801553058,-0.20438960515695268,2.143513423844273,14.627114365145278,-8.354775800421171,0.06360622006209551,-0.9070987708975043,-0.04013835417223178,0
0.16545947037855258,-0.9518320522793432,-0.21197633330432483,2.7333600796040143,14.300569704109593,-7.842638981430682,0.07593383869619517,-0.904998418473496,-0.046637782122464055,0
0.1747894059933664,-0.9464418637243349,-0.21390451855295767,3.1647562042117103,14.31032520752899,-7.256634007080703,0.08541937974829945,-0.9031716926123029,-0.05243924303746421,0
0.1799100889798376,-0.9399419862330021,-0.20930183320189066,3.1699145867317573,14.632537077876506,-6.554779661905904,0.09155881279889129,-0.9005315421861464,-0.05431936720852682,0
0.18174434275550394,-0.9331645964486206,-0.20313040065256474,2.720218454026358,15.169058841732896,-5.667461875585726,0.0944905574546955,-0.89422304677597,-0.05132269801281637,0
0.18217117031773777,-0.9258784760891496,-0.2005575927947481,2.072894670342819,15.794014357793296,-4.5528974600700804,0.09426245598193182,-0.8838241022819031,-0.04549073546173676,0
0.18200565326147292,-0.9180129005914069,-0.20240926999686792,1.5463380521113392,16.40639432649534,-3.2730036239485827,0.09123232747472136,-0.8724283230929175,-0.04032782454928476,0
0.1805823366091125,-0.9109904334228314,-0.20542070937903775,1.261865732690125,16.958486116971265,-1.993082540174875,0.08677166294454386,-0.8641025414333573,-0.03794058071473958,0
0.17775876572118898,-0.907544029957043,-0.2058930982416522,1.1076156658963858,17.446044559244456,-0.8788607808081736,0.08307358228197288,-0.8612125332881098,-0.03749352239686119,0
0.17536291846488963,-0.9092698376216288,-0.2022326791497932,0.9070411841545061,17.890300831182657,0.014634679423374541,0.08172630839140992,-0.8638875317449592,-0.036309743328548694,0
0.1753709118192205,-0.9145225991867272,-0.19470469899350706,0.5850954874251827,18.329738073307194,0.7475901685895467,0.0823637026105387,-0.8705553813695276,-0.03217066254822417,0
0.17691118545621579,-0.9199655362346519,-0.18456796990479435,0.1933834938342615,18.799964822230848,1.3991079902097483,0.08310007341946767,-0.8785553083974241,-0.02465617194986532,0
0.17659376309162983,-0.9239984100065181,-0.1737110986004994,-0.17317554133794838,19.304612286434413,1.9911731784707036,0.08251437290808038,-0.8855555541766302,-0.01499120511252942,0
0.17250999988377655,-0.9277059543466349,-0.16407394676077194,-0.456939242733522,19.82295285232842,2.513973080089644,0.08095513741821678,-0.8912502908637022,-0.005131688754424443,0
0.16671263621196641,-0.9331517964602141,-0.1570389419391442,-0.6494216948709115,20.35611932017271,2.99392087882793,0.0795958015187591,-0.8970523218732843,0.0033006372056429535,0
0.1625377916982664,-0.9414984442802483,-0.15303669524462726,-0.7519987190671431,20.943690560682974,3.496910162235853,0.07850461034561936,-0.9037310712837503,0.009844316848406646,0
0.16054753986991868,-0.9516935790573162,-0.15092245031343857,-0.7470227821116958,21.619959627656023,4.060179543986663,0.07637326224104159,-0.9101024945709604,0.0152486136266594,0
0.15878458488268238,-0.9603975470961356,-0.14810000675243368,-0.6148955318367865,22.374477013985253,4.647238226967446,0.07230834235835217,-0.914538576077335,0.020494453267677903,0
0.15613541841419726,-0.9644473046174837,-0.14270625336025652,-0.3670911340696016,23.173767736365065,5.1849826315411836,0.06725199049935639,-0.917062622629862,0.025425853067570427,0
0.15335925689244825,-0.9639549235344477,-0.13609774648678255,-0.0470307467522955,24.00484841193346,5.629926594201657,0.06319262636656894,-0.9190882110524855,0.028381992606131116,0
0.15120443737934924,-0.9620548077812684,-0.1322780733059659,0.29377276532991325,24.8775161674627,5.977698841401373,0.061341199763489895,-0.9212864180740363,0.027697612104418845,0
0.14950250589224198,-0.9614345999820251,-0.1340104372144497,0.6001150372798025,25.794611768829366,6.214378774307943,0.061489395226622896,-0.922628765723249,0.023846371244982217,0
0.14806112736961646,-0.9621616584551751,-0.13950736532624475,0.7954395825645388,26.7364030334213,6.289875572079619,0.062655694742479,-0.9218895395634599,0.01962770235116542,0
0.14676895311076832,-0.963116288423074,-0.14388462173819536,0.7872117515579017,27.662049158427287,6.163588970549706,0.06351074728707029,-0.9195187110441867,0.017765079393279135,0
0.14452082524556215,-0.9641417298641783,-0.14463827676944802,0.5180586302672507,28.499520427002373,5.874138823142144,0.062284241233797576,-0.9175834238620533,0.018533413000108738,0
0.13909607914136662,-0.9658421369819667,-0.1446076951365617,0.022573785568032453,29.13141907494756,5.54898203567574,0.057172759266436654,-0.9182196167274352,0.019971768956126165,0
0.12854884079319565,-0.9684143472137013,-0.14769495500986662,-0.5782134914434887,29.420407237813055,5.33941792559028,0.04727725395346459,-0.9224663508145919,0.020102301759574358,0
0.11247990315751875,-0.9719764467892557,-0.15251950334659617,-1.163081617740653,29.27733246219886,5.346612269372035,0.03299302467046083,-0.9301226933856122,0.018692399809887076,0
0.09229088453918403,-0.9773811164071926,-0.15333000676756417,-1.700898887887414,28.7080886010105,5.5985276112491045,0.015693252833552846,-0.9399996305768199,0.017087759870776143,0
0.07094674247120254,-0.985484348166914,-0.14757758744465385,-2.2430058142867217,27.788567659214838,6.069752194551203,-0.0025422664744724982,-0.9502335286618697,0.016642351401698344,0
0.05194247517820522,-0.9957662809248279,-0.1399689693585663,-2.8236327504961345,26.598089490731205,6.699283159158628,-0.019305028768865314,-0.9590521018330636,0.017393617511442444,0
0.03699246043469314,-1.0067119847835382,-0.13795730605726378,-3.3904585910604705,25.177918621389825,7.390937373532275,-0.03299605026961617,-0.9661520195598232,0.01821739457602519,0
0.024925087291601797,-1.0178559516185057,-0.14410618899024333,-3.8475387401778787,23.536403085617266,8.023971387055173,-0.04386173761464378,-0.973592147474204,0.018208028623372695,0
0.014240542140061471,-1.0303418214814974,-0.15282080995956862,-4.144479723612216,21.675704790532986,8.498354567919655,-0.05334230582330307,-0.9844402982782935,0.01774325429058968,0
0.005913362007934988,-1.0446081424263367,-0.15456949272210294,-4.293859178214538,19.619668359699844,8.791436530399642,-0.062313200360913194,-0.9995484412522871,0.01797790920069732,0
0.0015603540894367485,-1.0586953215739794,-0.14504532666725986,-4.308196131580567,17.43105376112536,8.96522866052389,-0.0705384361484264,-1.0160917671299845,0.019438545061131747,0
-0.00029043572820910724,-1.0702843023724182,-0.130871266911028,-4.153180174323064,15.19393001404804,9.097344901516918,-0.07773204566806348,-1.0303246085002589,0.021628997494093707,0
-0.0030883277025754953,-1.0798042801714787,-0.12401753259290295,-3.7766664323060906,12.962252815721971,9.199236087908005,-0.08410171952167049,-1.041483391593919,0.024048542619694798,0
-0.007139462429312522,-1.090189619113313,-0.12907036328856603,-3.1693996164587745,10.73531309825266,9.216884160496864,-0.08943324492771097,-1.05185867545062,0.026928206063620216,0
-0.00864745909754823,-1.1034391786503521,-0.13787926082031082,-2.3833827590676306,8.505984618108736,9.113946147407617,-0.09255953370664868,-1.0630490769598733,0.030768319187823145,0
-0.0054849004001409265,-1.1180635592192074,-0.13815155064680984,-1.4908514693836412,6.326956776859122,8.93225310320017,-0.09257777268126853,-1.0733880205814812,0.03585281748835748,0
-0.001211982757096893,-1.1302642177400053,-0.12566818526855408,-0.5309297997065633,4.3000318858311255,8.760118809985933,-0.09025227632931984,-1.0798859385752149,0.042430924827842394,0
-0.0002485114583270918,-1.1372038521580898,-0.10727662014996427,0.5014251142257324,2.4856422579756368,8.66015160869357,-0.08752554045947224,-1.0821824841125915,0.05060305350936987,0
-0.0008468587428734195,-1.138783708770104,-0.09356908950453216,1.6174423060397363,0.8309020956276766,8.639777743400597,-0.08565903459503349,-1.0834979162838079,0.05974420787610679,0
0.002648231304779772,-1.1374166586543677,-0.08897268781328464,2.7883283517852453,-0.8071942996181654,8.670982638764736,-0.08430666440243771,-1.0873985542533757,0.0687098929308216,0
0.01049664834876649,-1.1371697753762822,-0.0878160928665657,3.933841400639211,-2.5714148826648984,8.715644848464676,-0.08254025981726991,-1.0942808722606328,0.07691667256250802,0
0.015409125094775843,-1.1414897497466039,-0.08031683617606236,4.9569859220609205,-4.527601958708908,8.739794803898427,-0.08033103872908944,-1.1015589145613511,0.08487171887676016,0
0.011757020620428759,-1.1501176703946374,-0.06266543694789743,5.803844226132876,-6.645789211841891,8.72919140331511,-0.07849638686136007,-1.1069494929446673,0.09366047225906678,0
0.0029474612842194997,-1.1595758181214206,-0.040010035804276776,6.510354324118111,-8.831452848030308,8.705166517548351,-0.077427721088451,-1.110717269221643,0.10430274931103996,0
-0.0030810431134471964,-1.1669896667219013,-0.02010728124538879,7.198681116185898,-10.982032328647325,8.717129570623241,-0.07656417816839838,-1.1142458192270202,0.11739902875544116,0
-0.0022668395411011943,-1.1709424553180194,-0.0065992506153997104,8.008584865818708,-13.045170395799584,8.799455571729277,-0.074829451972837,-1.1170470316074272,0.1326115342689716,0
0.00464877730363893,-1.169478924380789,0.0017903117920165309,8.997530893490284,-15.053861213035532,8.927030081336548,-0.07046743836209858,-1.1167015909759217,0.14819372173743317,0
0.016613037256060104,-1.1623727302527598,0.008464898595113332,10.088930675779686,-17.115657003211847,9.02544796351665,-0.06064971439426835,-1.1126923961554642,0.16161195174949033,0
0.033723937679511554,-1.1565427786675904,0.015649952777616338,11.119029874679658,-19.353183384078008,9.03393439449612,-0.04327534858642782,-1.1095959903030377,0.1708527780983791,0
0.05446614687259159,-1.1644110111325818,0.020490634910427186,11.908035643522592,-21.817189867016367,8.941350568111893,-0.02057834859656464,-1.1153237892500742,0.17368138049575857,0
0.0738556018053427,-1.193194265695837,0.01200639994912855,12.200356197167137,-24.399002247478883,8.734251165048498,-3.745129283356987e-05,-1.135957835287435,0.16384782183270044,0
0.08590685204294353,-1.2371923103974911,-0.025666107481546355,11.475411323706286,-26.781872817237517,8.309025103396047,0.01029696207536891,-1.1719655380958462,0.1295873967965049,0
0.08889190727974619,-1.2833714131524476,-0.10057703102830344,8.937313816149574,-28.50367883376061,7.470049288802005,0.008765499179998013,-1.2180518508723863,0.0616617846222777,0
0.08857694076285008,-1.32378757401293,-0.19928167204591452,4.010314260371761,-29.181615559334762,6.055934633687785,0.003060155799552425,-1.2657639002225043,-0.03246556329785985,0
0.09585228055585007,-1.3593643309701295,-0.28880888562395085,-2.8513069642547038,-28.807841881875763,4.081721522701562,0.006246711068805939,-1.3071704098379868,-0.124617670540532,0
0.12022543389133032,-1.3918536667687167,-0.3384318776968648,-9.82002699308706,-27.862479224510142,1.7487728986389766,0.028659840385415435,-1.337589029196038,-0.18235658061174664,0
0.16392951387448407,-1.4168852802844358,-0.3420376651177594,-14.466825416584385,-27.04016020355547,-0.6859082596808747,0.07162609353857223,-1.3556275486218763,-0.1930230815553689,0
0.22056831447818398,-1.4275182928517682,-0.3192794661795686,-15.309963461652522,-26.731224434003373,-3.041531405437588,0.12744813127778218,-1.36156122307185,-0.17184185850404157,0
0.2796571260314059,-1.4223656720603568,-0.2972747241723594,-12.879097003534085,-26.713038275934448,-5.227110856916604,0.18517834601661057,-1.3570635575261036,-0.14760972171208103,0
0.33362264457541907,-1.4077664361760331,-0.29312042067130073,-9.278281530961454,-26.35185604444568,-7.172672225053432,0.23702046810633498,-1.3461654926329696,-0.141875789841043,0
0.3791625934459272,-1.3917891419385695,-0.3102423893651036,-6.600335146912384,-25.102688144855435,-8.806431515566185,0.2793399527143649,-1.3335892772024178,-0.1594419270185566,0
0.4104444967318405,-1.3763697067003073,-0.3441243274990443,-5.623802364009922,-22.844556955827485,-10.10959935460906,0.307509884414685,-1.3198873308415773,-0.19291798025167753,0
0.4153042687262761,-1.3550329786787885,-0.3874799583854605,-5.792230811992633,-19.85490327338701,-11.13585097582833,0.3124042744696467,-1.2988774561054348,-0.23209505969840652,0
0.3852617751463536,-1.3176743384551246,-0.43173265596975147,-6.091598937399873,-16.576357389227557,-11.932343557189565,0.28686929245609755,-1.261317717746436,-0.2695843292366036,0
0.32980236335107743,-1.2576690684293852,-0.46807588759081925,-5.765703720234446,-13.383466251274147,-12.482014181137833,0.2371860220594442,-1.2014811969936323,-0.3014047902347674,0
0.27459450558721504,-1.1767725019643056,-0.4908330540438251,-4.428995523717937,-10.461993452885757,-12.779905197113568,0.18419710744694945,-1.121282668506808,-0.32597046875055763,0
0.24167783317787464,-1.086115771251859,-0.5012071850967551,-1.9800490408531584,-7.859659767510551,-12.929402526584248,0.14908502140418053,-1.0307663394247875,-0.34410718298622023,0
0.23198477726037264,-1.0016324748555814,-0.5069232676189711,1.2820138548066857,-5.6636083962519095,-13.074398070096441,0.1370316780577784,-0.9451191955643063,-0.35891710449201186,0
0.22724105702509093,-0.9342000160092622,-0.5161661504009469,4.536291213600236,-4.111095335800075,-13.222077503211839,0.13430866448070988,-0.8769996994913937,-0.37316567585000854,0
0.20736690824684745,-0.8819003768231014,-0.5302343592197585,6.748582729582426,-3.480146056192311,-13.193799944927386,0.1207965090652028,-0.8276450010475829,-0.3858710025464767,0
0.166260022128541,-0.8338636243439334,-0.5418950908175182,7.336266335236966,-3.8606468645771805,-12.78533606843348,0.08640269550883017,-0.786688397238081,-0.3926347591798844,0
0.11286172492692377,-0.7837841432298839,-0.5416499106889118,6.533867295742607,-5.060809923893866,-11.95890409317067,0.03678525801101413,-0.744002149190955,-0.38976947058834616,0
0.059292268453497596,-0.7385086829089826,-0.5261185084119179,5.032332087621624,-6.754121707536833,-10.869725549747763,-0.015683810997830384,-0.7014296455168579,-0.37686356016471634,0
0.010439017513620303,-0.7114343058578065,-0.5003112349116454,3.320857000017464,-8.703090813268158,-9.72502001450816,-0.06399202688284461,-0.6707680894784991,-0.35541543119767455,0
-0.03387295098648312,-0.7081203868361239,-0.4724004349051736,1.485452977407592,-10.821942353006847,-8.62663420028604,-0.10779219862267732,-0.6609839015967066,-0.32741010397974,0
-0.07018570559745131,-0.7205237668606093,-0.44769046719666045,-0.4545526819601622,-13.021615859588486,-7.523277431148781,-0.14568887678134487,-0.6697020372136666,-0.2964133431531104,0
-0.0913012012775822,-0.7357313922539513,-0.42716637077341735,-2.291996793500745,-15.019175973315503,-6.279466560534298,-0.17199472090353285,-0.6868547822178976,-0.26796683723829445,0
-0.09660590767350298,-0.7482323182392466,-0.409018540678098,-3.830865678602851,-16.375314736736925,-4.79924562519092,-0.18338607079591082,-0.7041620922116058,-0.24641735227099648,0
-0.0968078950640784,-0.7621701567619256,-0.3906844401407366,-5.155132182472976,-16.82854751317036,-3.13477659110245,-0.18528218602351265,-0.720347099651972,-0.2314182247659437,0
-0.10251061522410754,-0.783554313267641,-0.3718740563331462,-6.486144171070182,-16.61338927893622,-1.492262476889757,-0.18686998456359927,-0.7392856284698057,-0.21919342826364066,0
-0.11014545263687049,-0.813483334729088,-0.3562225799752998,-7.830890546544784,-16.325940517668023,-0.07637163207640305,-0.18980314967886258,-0.7653208965038406,-0.20742364527358179,0
-0.10543723446136975,-0.8491215643779276,-0.3471147745260166,-8.979836502633347,-16.368712648936427,1.1170382710083309,-0.18607545044799625,-0.7999923698191387,-0.19711246223959483,0
-0.0808182020051029,-0.8880104884457323,-0.3415911387592576,-9.867901753148306,-16.56484105402022,2.324002335295211,-0.16835723682182455,-0.84100794975293,-0.18916032868616606,0
-0.04385253872968299,-0.9287678675474696,-0.3323955960963296,-10.753247666694385,-16.36776147297819,3.793025950348097,-0.13862726417692722,-0.8831774266631504,-0.18143219092784468,0
-0.007355299451687346,-0.9688051713073978,-0.3173386121545343,-11.944096648093641,-15.38962729287816,5.556454651593297,-0.1047853406179552,-0.9212583192331395,-0.17096653482803673,0
0.023615179673640768,-1.0043921157317026,-0.30282926261462956,-13.406751447937431,-13.683063406725779,7.416044884757448,-0.07229816297837885,-0.9529269563808251,-0.15794607863461999,0
0.05203464379693924,-1.0333103865836195,-0.29644887533252995,-14.670782444942207,-11.60342798807898,9.102779827935024,-0.04189075561588845,-0.9790612311453288,-0.14610967743811765,0
0.08034088417504208,-1.055530164388189,-0.29914953808353645,-15.091733870094393,-9.513120919769213,10.439403063589326,-0.01288039468199012,-1.001282968836171,-0.13987708960927633,0
0.10703602578257818,-1.0712784738515662,-0.30617880284636695,-14.267815515532279,-7.597078759287071,11.416873479826624,0.014815075427779966,-1.0195760280190331,-0.1417051581498278,0
0.13082587527141312,-1.080398076600107,-0.31294778462575296,-12.347464005657116,-5.8414765956164,12.175534397565679,0.041096367317312484,-1.0321871985244488,-0.1508906611285396,0
0.15203088926024222,-1.083621066593245,-0.31832730717672814,-9.996927885852351,-4.134422421787992,12.886397884271243,0.06455865428932775,-1.0375008176634553,-0.16345054030561645,0
0.168189577466051,-1.0822978309919407,-0.32370255569241113,-7.98494554525937,-2.446567874876436,13.58330340043679,0.08073149493901066,-1.035676971049485,-0.17397685929347237,0
0.17366319040353734,-1.0763820008423222,-0.33052709360120713,-6.667639506267694,-0.9523974796579187,14.104690712208019,0.08479707447311524,-1.028271393339661,-0.1793930961987501,0
0.16673943792044152,-1.0645303751210957,-0.3388545928285416,-5.803018437722143,0.08588282424785228,14.253612045648032,0.07720356402333911,-1.0166466864586603,-0.1811095279853076,0
0.1532639533139445,-1.046916395530696,-0.34698975724388675,-4.858136849701908,0.5989423251788023,14.030443203897761,0.06418325652854652,-1.0014644319353043,-0.18267696098392627,0
0.14047484884960013,-1.026927650514321,-0.3517436740502449,-3.5130155532648666,0.8400846042105761,13.67083636449495,0.05189600508472037,-0.983999174630937,-0.18533408778635643,0
0.13010092838917436,-1.0097571888338939,-0.35006925922345716,-1.8950107429396137,1.2245695371597725,13.452612161863478,0.04200573329591308,-0.9674054479987995,-0.18652764219101106,0
0.1191461179342907,-0.9993631528661706,-0.34158165871973356,-0.3970438330485757,2.070433035113127,13.495573097432874,0.032894947922293395,-0.9553846663518671,-0.18281652368300663,0
0.10457552351806398,-0.995617994666937,-0.328981264000438,0.6460006757270852,3.439088499864258,13.711594534742979,0.02229137553355803,-0.9486096810617303,-0.17354832118059338,0
0.08578160485395722,-0.9935087848285504,-0.31581103024401846,1.1335227996885902,5.093569328190955,13.866671447494154,0.008056006849540139,-0.9431367257773504,-0.16156089484856076,0
0.06456878843572951,-0.9863800577534497,-0.30476946366781243,1.2118616085043141,6.589697317595459,13.711575999963515,-0.01100999832755363,-0.9338281583386292,-0.150977230368257,0
0.04355261843787872,-0.9716928601914278,-0.2977342616476266,1.185359254241927,7.540489288518643,13.168824447864399,-0.033980544144606994,-0.9195632263974182,-0.1444848405241118,0
0.023176044844281637,-0.9532781186233498,-0.2952674174566869,1.3031273127478007,7.887794165719469,12.423842790822269,-0.05870503489490652,-0.9042287591236902,-0.14194847845528985,0
0.0007739886149109618,-0.9370341506388943,-0.2955678065588487,1.5261852629298749,7.884754134868506,11.745817146677163,-0.08396693731193251,-0.8924851533151154,-0.14101311482710324,0
-0.025294582973979025,-0.9255329119851804,-0.2952759361331091,1.5548117642259058,7.794822444256513,11.188108776259963,-0.109329648329544,-0.8853656974724273,-0.1389893168796308,0
-0.0511825991649785,-0.917868255925443,-0.2916607199672225,1.158690395389429,7.672710359937376,10.5467320171535,-0.13293246731675348,-0.8803504509183482,-0.13420992637073553,0
-0.06992876869172072,-0.912911965000221,-0.2836464621940303,0.4364572989718336,7.451705284679546,9.650241780182657,-0.15107812121525563,-0.8749822289843374,-0.12602500764942046,0
-0.07835583185949678,-0.9105494220079571,-0.27161183863492766,-0.30470702348800294,7.137030569950072,8.609008441941477,-0.16083501765932265,-0.869394331362541,-0.11460031158691053,0
-0.07946191395793543,-0.9104126309700689,-0.25728352167180907,-0.8778399894292185,6.82270591757376,7.713710346720892,-0.16275321116471106,-0.8654942100986831,-0.10135865268414695,0
-0.07836838722635349,-0.9114082702941454,-0.24360850902102954,-1.3683555887571643,6.553799593953733,7.132494485053859,-0.16072143041482753,-0.8650555348199539,-0.08884161799040066,0
-0.0783439812985726,-0.913196246401833,-0.2337527107158278,-1.9860241272284234,6.2539633537612715,6.772725487118067,-0.15904749871822943,-0.8688813199767219,-0.0790160882007635,0
-0.0803760626115409,-0.9171725964716015,-0.22909217401712384,-2.809895228801353,5.804180550380191,6.425599933651746,-0.15953363711350846,-0.8763621804180296,-0.07172522375538362,0
-0.08372015266132106,-0.9246517878912661,-0.2276388810523053,-3.676730545916719,5.157833878897228,5.986589772550916,-0.16121748720621143,-0.885276823850892,-0.06544867003134763,0
-0.08627812933755154,-0.9341157391320926,-0.2251266691104148,-4.298031315080255,4.371448470042649,5.5190541126088295,-0.16247135515127298,-0.8930084837252703,-0.05944639307405775,0
-0.08622740776423583,-0.9416992556328966,-0.2184738764132072,-4.472178648352495,3.554159398081604,5.14911374955239,-0.16272729855658402,-0.8983160518611024,-0.05434330762505432,0
-0.08396884422480913,-0.9451333201798239,-0.20832178936289542,-4.189273626626338,2.8050356970626047,4.941012918619661,-0.16241676670247368,-0.9017322845054647,-0.05043552107573248,0
-0.0819857548191535,-0.9464331745164286,-0.19834165739808104,-3.5801673478533522,2.1778285869980287,4.851476597881733,-0.16235863531183303,-0.9047979259435541,-0.0463250555730091,0
-0.08261351928069981,-0.9497271907612104,-0.19215409818010284,-2.826260958112971,1.6690850427813408,4.750230428089078,-0.16351302795395625,-0.908927346014933,-0.040117600946262204,0
-0.08570993908736682,-0.9560680958938055,-0.19032043964662948,-2.108147820461216,1.2212689808180826,4.493922620192647,-0.16621957609693405,-0.9136168696961809,-0.031719136105053856,0
-0.08821836142878103,-0.9607375209677076,-0.18961327966349328,-1.5498440325082625,0.7523762035844137,4.055784618408417,-0.16887009166477032,-0.9152119265564355,-0.023046959181850284,0
-0.08649346573106591,-0.9569339289587641,-0.185304612616997,-1.143727531324682,0.21813257006795173,3.6100481098238086,-0.1680106171990374,-0.909150766486779,-0.0158604492173477,0
-0.07954782771673904,-0.9431715432689518,-0.17535344764160224,-0.7544069842097154,-0.3410248080185322,3.4171736266354302,-0.1608977259380368,-0.89502179015573,-0.010227190817204027,0
-0.06944788172526244,-0.9262747285161722,-0.1635263856722171,-0.25073774874635657,-0.8482006738510843,3.553140063717323,-0.1482594845576549,-0.8785718177866729,-0.005506275450772877,0
-0.05827141218519284,-0.9154530292244758,-0.1573214606122807,0.37153747488319605,-1.3206179297082357,3.76758860313807,-0.1340011703478186,-0.8671030122226938,-0.0019304075749163715,0
-0.04603220531360786,-0.913451084363646,-0.1602866819987597,1.0308000755125815,-1.9252911776251693,3.668399815251078,-0.12177010693134845,-0.8630993361720115,-0.0001606205194211645,0
-0.03235471278751628,-0.9150146822487609,-0.16655123075402442,1.6910419322716452,-2.8477097876559943,3.0599725182722786,-0.1120364458672134,-0.8633123600723932,0.0004934363372057512,0
-0.01865313494180198,-0.9140308648160823,-0.1658643430548019,2.381166167631787,-4.1015099054446456,2.0802048540703706,-0.10266162100223694,-0.8632252330033742,0.002302849449758016,0
-0.007365142684805099,-0.9099801362131598,-0.15484102868702435,3.080579927139234,-5.497772161707212,1.0307334870451594,-0.09178578385954987,-0.8609464846903739,0.0070280935910822006,0
0.00026414707413868765,-0.9063990575297204,-0.14067047217354423,3.653410862326785,-6.788014177530085,0.12645537203759025,-0.0799286559851873,-0.85756411990507,0.014129131583346572,0
0.004954916987048541,-0.9052541396674335,-0.13215690866012741,3.9302355691087567,-7.810185960896518,-0.6066507035490617,-0.06986850112246387,-0.8557351820707221,0.021831224508105,0
0.008145860773162166,-0.9053865853252198,-0.12938090946909234,3.831077801044043,-8.534645025194903,-1.276690845002703,-0.06482236895738593,-0.8579496956695156,0.029682877220232624,0
0.009680214679326789,-0.9057784838053957,-0.12511389408296608,3.4102014873812383,-9.041765341493594,-2.0205603672164694,-0.06629190718410803,-0.8645319275864721,0.03883302070418153,0
0.006778704405270332,-0.9075336842948363,-0.11494609963543398,2.834428899541321,-9.467389105265937,-2.9181090296996164,-0.07311223422362757,-0.8729343583972942,0.04955136510763079,0
-0.0029226812656900384,-0.9119432949156014,-0.10179919147974552,2.340426744626231,-9.916237967728245,-3.950209036864487,-0.08232077115782793,-0.8799439756963813,0.05985758066156992,0
-0.01641149982134083,-0.9186121736913483,-0.0904386144988444,2.1511233673174437,-10.382292055145015,-5.015157746854712,-0.09101871025782655,-0.8845688444095792,0.06741414583962047,0
-0.02584027971075627,-0.9264137504018849,-0.08196318595270397,2.349528933238293,-10.750458726700781,-5.995704775202029,-0.09795838136540214,-0.887773184018737,0.07182666450253294,0
-0.026707221803416524,-0.9343469905505156,-0.07541036729299651,2.8109032636562525,-10.889434070307063,-6.828636191636319,-0.10395799706490108,-0.8896551705362802,0.0743463969905884,0
-0.024212510943180606,-0.9397062531149242,-0.07162223370716662,3.286811769991117,-10.7523057771224,-7.522820345339807,-0.11072740251205007,-0.8883705796324575,0.07612396681189788,0
-0.027984376247766923,-0.9373130265392281,-0.07264111187384924,3.573278538980075,-10.399463926764126,-8.121875780858717,-0.1188043492213569,-0.8823262195342192,0.07735521299968018,0
-0.04024038433300824,-0.924251615873322,-0.07818382281953118,3.593663289239646,-9.938577211126757,-8.658093107002424,-0.12664817699929187,-0.872636519919062,0.07730523463520862,0
-0.05288791822159281,-0.9054191824320837,-0.08529941671361974,3.335432302455914,-9.444263311963022,-9.136360361590631,-0.1322692148788886,-0.862720213938971,0.0745326639861995,0
-0.05781951892263852,-0.8908472122160939,-0.09203702118132964,2.754603337729032,-8.92575184541051,-9.542671281328747,-0.13556969594740828,-0.855390756951971,0.0677611768736876,0
-0.05617878866131085,-0.8861923804339523,-0.09977463852356146,1.7715631579377176,-8.358349540566833,-9.85685495595059,-0.1379358384497235,-0.8507224150535398,0.0572475247559662,0
-0.05454759956410575,-0.8879975119514242,-0.11110313384859875,0.3376968251278582,-7.723766827023148,-10.071140051393332,-0.13925731106089334,-0.8472540712074792,0.04517604147947262,0
-0.05481209897684692,-0.8894728537857757,-0.12606547922283123,-1.5236451353602893,-6.9973893900879895,-10.217488583752823,-0.13684264323422157,-0.8450495519800083,0.034400689074264,0
-0.051136368173860546,-0.8894326376199955,-0.14057981200629543,-3.72213805341867,-6.1066890697331555,-10.374725106094784,-0.12818049672042853,-0.8466262144566149,0.02664174980783295,0
-0.036195810850720815,-0.8939580563302091,-0.14848539742669106,-6.108919873147068,-4.950180624530191,-10.627191615033894,-0.11362372397054171,-0.8544842342258993,0.021623425382315056,0
-0.008910942038413392,-0.9093290725866556,-0.14671701526985864,-8.489399564853107,-3.4945616247131404,-11.001724475007629,-0.0954597982013873,-0.8684457114831461,0.01776815300641954,0
0.023655234599167175,-0.9346178136702259,-0.13968263889761487,-10.664145587184056,-1.8405537138260115,-11.445297185249018,-0.07524212708430308,-0.8862182354468914,0.014011495952486056,0
0.052111948286356735,-0.9627388651012118,-0.13617819310386736,-12.468992150237478,-0.1547009224469225,-11.868795055677234,-0.0530020306652259,-0.9064347019865568,0.011189706405019132,0
0.0727282366241691,-0.9887012659860097,-0.1397046109958756,-13.783673901523118,1.471442407044793,-12.214763370551836,-0.028947358414600236,-0.9303531483805895,0.0111157923320707,0
0.08844585494829572,-1.014539843453727,-0.14488715132288427,-14.546761900973847,3.057411448470691,-12.482020803358322,-0.005372545778386358,-0.9600268608701084,0.01366635974307774,0
0.10207819786838788,-1.0447366878244975,-0.1463804365367254,-14.806323231731751,4.605639339141262,-12.686883531186275,0.013700765810069649,-0.9949280342363601,0.015400894927906212,0
0.11173014628258014,-1.0788055132203824,-0.14712203019510894,-14.74008420685969,5.980880629028166,-12.81530177054781,0.025200539056647854,-1.0309283737218824,0.012362365158338174,0
0.11447155738601825,-1.1111073032835255,-0.15300273775605822,-14.571865045194242,6.989952904298203,-12.83150102388952,0.029161265742468762,-1.0630008928248686,0.004476822236191493,0
0.11140259525350024,-1.1375461357297842,-0.1622784819945937,-14.437073131693378,7.602187827658253,-12.730718335819263,0.027846638243603093,-1.0888099818694046,-0.0035673117201875924,0
0.1060665540866208,-1.159460245151224,-0.16593834479948488,-14.325411044595903,8.059026979067665,-12.560283309355269,0.02306053624601177,-1.1094588519697663,-0.006003588039038199,0
0.09935050918042587,-1.1797434414098051,-0.15840583791795723,-14.137320724023674,8.742742046857236,-12.376961236708636,0.01509847833946803,-1.127108715060487,-0.00010706847686992878,0
0.08911485152448896,-1.198046876862688,-0.14291645507956388,-13.764580078160948,9.936436634160476,-12.192974742621963,0.004172651506006003,-1.1425484610117422,0.013109028504774934,0
0.07480135215844276,-1.2124306156626514,-0.12445919405249574,-13.116797392764854,11.690525219561957,-11.970890723620078,-0.008307583610777856,-1.155056372384922,0.031115107680257832,0
0.05974219730678062,-1.2232310078584714,-0.10200953705613691,-12.12216047069367,13.863440081799077,-11.664480981030849,-0.02037799857558501,-1.16369710479921,0.05197313902934484,0
0.04788292466851,-1.2315625324284165,-0.07233999365578586,-10.757018792377263,16.23980403531695,-11.25912530252312,-0.030923681009190733,-1.1681112035084307,0.07465043508454391,0
0.039592328135004046,-1.2354873797165329,-0.039034349233275735,-9.075305520874112,18.615041641117056,-10.777213194237381,-0.0401508389814052,-1.16851866106754,0.09811912999278909,0
0.031612871020345455,-1.2315057654438402,-0.011864523253759654,-7.174799243423526,20.82593836022147,-10.251788091219625,-0.04886964146573238,-1.1655673983848063,0.12056950889554602,0
0.020849600113031167,-1.2195502406399643,0.0034102444038370157,-5.127424205945146,22.76984849695475,-9.701333345522638,-0.05755137918212707,-1.1599787087317124,0.1397349911382093,0
0.008168102290395374,-1.2037989968964236,0.010529478304915428,-2.9669893480065794,24.437530443798515,-9.133542981920677,-0.06615922567087111,-1.1520988207484801,0.15448378087282005,0
-0.0016691392494465687,-1.1886672198303974,0.017081537572051896,-0.7473042329786023,25.928798796350307,-8.565909135303949,-0.07431651774136969,-1.142073477716504,0.16633799359387874,0
-0.004381536853454297,-1.1758158701656443,0.02713525060859214,1.4253379950008374,27.40742542948815,-8.026455347268355,-0.08069069684042623,-1.1304863607294005,0.17874921974216573,0
-0.00019067636045386823,-1.164730115355896,0.041130824796408824,3.448372343991153,29.019060170726643,-7.529444001962164,-0.0825733067576527,-1.1184771754174363,0.1939990540244863,0
0.007098331125881398,-1.154719178786093,0.059025947369101654,5.304463320239414,30.855740170909947,-7.066986454848228,-0.07773559469124204,-1.1073472054729647,0.21104328619567503,0
0.01458830837220115,-1.1469506938998122,0.0792886999258943,7.070766691041239,32.9804155994388,-6.641007192846836,-0.0670352291968077,-1.0987463140114582,0.22698730756926722,0
0.02365908891065384,-1.1460342981880887,0.0953911159108145,8.84233704040484,35.40021816760551,-6.289003127278104,-0.05346296002403419,-1.0958329123722355,0.23920143716081096,0
0.03941584620474219,-1.158412646912372,0.0950413612669777,10.580575769612826,37.92784914454035,-6.04598241702392,-0.03771652638299722,-1.1039149592937783,0.24243507524051225,0
0.06667746365037502,-1.186464042281058,0.06178525285015411,11.83852470404111,40.093977539869385,-5.884739462725092,-0.016098461958121642,-1.1282918937364383,0.22229473097576172,0
0.10576856000961646,-1.2245093561588678,-0.02073486253153202,11.466371353368132,41.33817462202342,-5.742214179150834,0.015765803905314704,-1.1693290728206283,0.1563453738856592,0
0.15113840440882173,-1.263281059846408,-0.15620987535820244,7.799967460387856,41.42465407568419,-5.626173990302199,0.056812414915777903,-1.2189309761277909,0.031480236349728505,0
0.19181467014895423,-1.2982895640660503,-0.319117919153878,-0.1991136048667972,40.70225258483994,-5.636608117714526,0.09739550316702503,-1.2636230256774301,-0.1331146027336961,0
0.2120938002323053,-1.331655955564766,-0.4560364075994795,-11.380284922175086,39.88412102741015,-5.793661285620248,0.12132315393402435,-1.293832307318202,-0.2837884932575582,0
0.19569339946218497,-1.3663488705988192,-0.5166421220243708,-22.025204575211873,39.4637466174913,-5.818910818507826,0.1125912050287039,-1.3111075169151027,-0.3636046235573038,0
0.13537801110999442,-1.4012999234702619,-0.4904492410884607,-27.74849095871619,39.272731111120414,-5.146335789626557,0.06401199947238267,-1.3254308574601679,-0.3534762544099892,0
0.04015954990125071,-1.4320684591079256,-0.4126332713999924,-26.545027089058852,38.603258517917794,-3.2492750652197566,-0.018162484910754405,-1.3450758210560374,-0.2841077158389728,0
-0.06933282051317671,-1.453323965650681,-0.334375597980079,-20.243386745804656,36.79306362870423,-0.04851314572667384,-0.11802425818933562,-1.368873064066185,-0.20780123083384047,0
-0.1731499914914901,-1.4595481218037472,-0.2888843180790936,-12.87120241610309,33.718827198923194,3.9457967194734453,-0.21849719733751777,-1.3866211164513695,-0.15996581757925266,0
-0.2587692880960327,-1.4458956862164518,-0.2812747431405839,-7.49417591304664,29.759933244880703,7.892080386375414,-0.3060923481185796,-1.3853610241779621,-0.14574657013212208,0
-0.31820850005576834,-1.4109767882920023,-0.3011101880321788,-4.500646685475008,25.348098220020226,11.076873383241336,-0.36976860988987453,-1.3567551863847187,-0.1553699948494428,0
-0.3446749233547371,-1.3584384924363788,-0.33827214757456797,-2.519661162971354,20.589335906015815,13.234879791861719,-0.4004175361665144,-1.3021389477251692,-0.183532188547289,0
-0.33661547960908933,-1.2946978878186206,-0.3883536550812895,-0.44613974510438603,15.287456492194755,14.54517545240674,-0.3958197201856913,-1.2322565656492674,-0.23202377314592706,0
-0.30366194583069384,-1.2256598058090695,-0.44863913051825866,1.5867251050891582,9.291943563987259,15.396768160246449,-0.3657384700637788,-1.1605678483932922,-0.29881056324447197,0
-0.2628472649272448,-1.156100196142572,-0.5133673855592723,2.8127719259071666,2.8722168796550394,16.141640055348997,-0.3277234521703601,-1.0950374652135373,-0.3712369972803048,0
-0.2253009241955717,-1.090668174203204,-0.5732228747905714,2.870459543890835,-3.1475691173650313,16.954607445434686,-0.29418266703356083,-1.0364798396729793,-0.43224968406348485,0
-0.18802208014891447,-1.033762155927343,-0.6179938320693283,2.0966542756339974,-7.630015055965799,17.788673013532183,-0.26346674068104564,-0.9844011923900495,-0.47110252877634573,0
-0.14045574514162762,-0.9889314377943063,-0.6405491175604677,1.0500172301027122,-9.66727909967453,18.412426938470063,-0.22442749373595877,-0.9420490333558591,-0.48670531134390405,0
-0.07715827132144652,-0.9591347803415071,-0.6402632782440489,0.030193368472065565,-9.078141215470042,18.54162590812546,-0.1684693922088677,-0.9142944734276715,-0.483315706007934,0
-0.0018879962145116362,-0.9454073596939218,-0.6227236677285598,-0.9259400038509495,-6.460112296734273,18.002752735609935,-0.09630648207917054,-0.9014884553525935,-0.46612968525841364,0
0.07817722682646926,-0.9426212915891516,-0.5957695183414397,-1.7859328104873786,-2.753553115319513,16.812381228489887,-0.015466893287342225,-0.8964961974409614,-0.44053354142747775,0
0.1577593280482435,-0.9387068695888965,-0.5664797712789712,-2.400821086245045,1.2832658460662667,15.14812855075219,0.06540257112172006,-0.8883924743215555,-0.4127744931277338,0
0.23276455641074165,-0.9237911038186517,-0.5412556783485801,-2.590373747422996,5.265522582633022,13.280704725443774,0.13956719339567808,-0.8705496001224352,-0.3892709812465853,0
0.2976765207607742,-0.9015573929540622,-0.5258480943000136,-2.2736777090230667,9.021939419852815,11.4946315684431,0.2023524662371665,-0.8463840484221847,-0.37447270181629766,0
0.3460117801637348,-0.8861903327632642,-0.5226285500089451,-1.5571711644299935,12.394537692674028,9.976443764637857,0.25072344161756405,-0.8264109774781887,-0.3689180600424966,0
0.374135222274142,-0.885091494077814,-0.5271899808764893,-0.7588745221209313,15.217253931073136,8.711212873747925,0.28323959886679095,-0.8185112955157096,-0.3688820951964201,0
0.3850791085824795,-0.8904098938686713,-0.5291010804574091,-0.30180620908486133,17.407818139870354,7.482834032802018,0.3002036627389027,-0.8216515303139982,-0.36790757339612795,0
0.38727236143481475,-0.8917692340445464,-0.5184978641037054,-0.46644478285495505,19.028671557806426,6.012398305847085,0.3039086687208778,-0.8293463610873556,-0.35968988109613603,0
0.38684770630774795,-0.8903704879085126,-0.49322322826864545,-1.1662609674383217,20.296856029251646,4.163474428994705,0.29794631323005,-0.83712592341618,-0.34087653196599693,0
0.3807020503863654,-0.8942297612967861,-0.4591377459122397,-1.9586370556318968,21.546616540872975,2.0692417716933753,0.2843321375335912,-0.8452059936625604,-0.31200472513102695,0
0.3592537570164017,-0.9056362202367642,-0.42369306500166726,-2.3366250992710818,23.060903141729334,0.03803318176731879,0.2609531094031203,-0.8558255273877333,-0.27665018049088963,0
0.3175813338851395,-0.9206796270877977,-0.39067862536160974,-2.1110741082496784,24.803126768283132,-1.7359934782415427,0.22409933765719123,-0.8702298889921568,-0.24026612528449529,0
0.2627553673981189,-0.9374502112268671,-0.3611373238469309,-1.5722367844940512,26.344010659619663,-3.3813832244032875,0.17483287637096015,-0.8878580685708843,-0.20846081596833096,0
0.20834132356275192,-0.9579694232611586,-0.3363722389124081,-1.2514785468737664,27.18113374083613,-5.223297909792313,0.12125863576425283,-0.9072793571235996,-0.18403115609481335,0
0.16258173849639554,-0.9825282179844504,-0.3174234476558371,-1.4542014875150924,27.161650964137564,-7.4400156070337555,0.0731295375915749,-0.927454974191032,-0.1653652117098886,0
0.12444700631900714,-1.0059820244369844,-0.3026927285586935,-1.9869282525863445,26.53673413936279,-9.883059251017254,0.03512941534996949,-0.9471629517403389,-0.14899003029752086,0
0.0901081482058003,-1.0205158743693636,-0.28892310728287796,-2.3316757316135432,25.61911196305776,-12.23223986068507,0.005917796160015189,-0.9624541844416618,-0.13364155495394328,0
0.058917870245222936,-1.020910639582125,-0.27523248681163787,-2.0708718056483026,24.47905161954276,-14.252377438136916,-0.01819194277489827,-0.9664881717877457,-0.12115228349994996,0
0.03196912710876848,-1.0071678556525927,-0.26487909563405515,-1.1603833028021469,23.000915084740374,-15.85011960203822,-0.040230201324593075,-0.9550368048183611,-0.11409504361908666,0
0.008594522694588212,-0.9840123109583314,-0.26187603653564584,0.09872893083486707,21.1448741584101,-16.94954290486319,-0.06190289974115688,-0.9325092267987196,-0.11312954069719273,0
-0.012424918697611045,-0.9589238131359158,-0.2655676592014502,1.2325349002690076,19.035209723260415,-17.450610853741942,-0.08353912871547792,-0.9095573516576582,-0.11560787904321573,0
-0.029247020130350788,-0.9381162570867267,-0.2697847845143904,1.7801167200327777,16.772035801842506,-17.37061646629094,-0.10372648771384628,-0.8929032426565664,-0.11686311497782222,0
-0.03766284799707,-0.9220836538413891,-0.26929980280878607,1.5080904806439819,14.27926848392828,-16.938225292988452,-0.11912630248094265,-0.879578270085851,-0.11475695882670037,0
-0.03610770895490782,-0.9069291387657054,-0.2663257704699404,0.5874976863922823,11.489583014521129,-16.418665005393738,-0.12547698327175896,-0.8632304843703567,-0.11272044477806625,0
-0.028041772718828597,-0.8910224514197064,-0.26783312718897073,-0.46441910999373476,8.657907719595773,-15.844386548990087,-0.120401547591672,-0.8436213649123488,-0.1160873850809019,0
-0.018403526008984695,-0.8768969297090724,-0.27692255086030854,-1.1129423488585293,6.298160303666921,-15.02642052073138,-0.10595584296609205,-0.8263803597257424,-0.12578016116696936,0
-0.008711364335929521,-0.8660573295464752,-0.28985640676551894,-1.1402458327798928,4.715824687213413,-13.857070652946174,-0.08730012275141677,-0.8152047639674509,-0.1375743059472542,0
0.0036142841451860057,-0.8568932490764367,-0.3011505554555025,-0.704438345644333,3.7285888874625956,-12.503536985280332,-0.06823880813502867,-0.8086958507718683,-0.1467807220631682,0
0.021184195140315037,-0.8490766458445196,-0.30827426523849566,-0.1360116678852462,2.9440221893272773,-11.262180370253414,-0.04915429048792926,-0.8045176224545517,-0.15159195364353223,0
0.04245013182037276,-0.8455334417957983,-0.3109344718848141,0.2908329488918864,2.20301359906204,-10.304958952286519,-0.02969462342638254,-0.8028927532573774,-0.1523625290934108,0
0.06259171347676873,-0.8483367282896396,-0.3086534667607397,0.4433644674886084,1.6323649768081363,-9.623751398698573,-0.011653980217588164,-0.8052226491549772,-0.14968109528036672,0
0.07845067474930718,-0.8556376689506979,-0.30094243437790535,0.29451198987976346,1.3417606991494773,-9.160147855765892,0.0025350545874265086,-0.8115421889289232,-0.14379298768391843,0
0.09093520515902162,-0.8640935312977428,-0.2891282331478923,-0.1344071977464129,1.2343687319336736,-8.905410560500897,0.013259050639112112,-0.8204777170225469,-0.1350593221406885,0
0.10231010822843263,-0.8725463877446055,-0.2766188027017113,-0.7962175032319339,1.1430169302702284,-8.870078845981858,0.023390787929769445,-0.8307392682922354,-0.12427801670669135,0
0.11301170272218217,-0.881928473301271,-0.2668472513781394,-1.6054243588699737,1.0344612515547733,-9.009178183611985,0.03417134829530174,-0.8415020987493932,-0.11257090556486024,0
0.12217885189808425,-0.892281012530201,-0.2608660848102134,-2.4231961430665367,0.9960539916369578,-9.210208330275112,0.04346196398405867,-0.8514451278029862,-0.10107911615242694,0
0.1301551110930896,-0.9015497944542332,-0.2568639246760846,-3.082688277584071,1.0744147712497345,-9.348212119271816,0.04921723108080133,-0.8587012266373903,-0.0907148423224562,0
0.13866812284154875,-0.908153323798645,-0.25238875869848654,-3.460285286862096,1.2208930123403523,-9.347144844372464,0.052860328570754594,-0.862857710966769,-0.08222731379146676,0
0.14808870814325506,-0.9137979143656393,-0.24718798073262135,-3.5388036154473688,1.3919487294997601,-9.208542902099072,0.057184149179758184,-0.8666463459270323,-0.0763570165256022,0
0.15592245047887654,-0.9221325716985136,-0.24300000529564986,-3.414703208196665,1.6095009732474583,-9.006209887597489,0.06206961498362044,-0.8741347850022364,-0.07333993066457481,0
0.15935679428948615,-0.9341673221566148,-0.24045929957133014,-3.2624659169224923,1.8668905501449926,-8.849801044383089,0.06488704417313801,-0.8862684835124023,-0.07202121106802017,0
0.1589375318815664,-0.9460566509956905,-0.23775036718969117,-3.2711508696752696,2.0327227137538575,-8.818348118196893,0.06527453265188683,-0.8988719181312013,-0.07013974238683328,0
0.15905444064787377,-0.9526578399746908,-0.2327982243400398,-3.5268112316956937,1.954232667825931,-8.888377712715496,0.06740009295791137,-0.9063612020698878,-0.06615271750615205,0
0.16466457999922873,-0.9530429402815717,-0.22558231984601113,-3.8847065877998697,1.6894519226904892,-8.912857324584682,0.07606770629372779,-0.907519542461251,-0.06055467745662558,0
0.1767448237341957,-0.9509963364595128,-0.21804899097970318,-4.00698524434126,1.5580640182256824,-8.698599550820985,0.0908933077593508,-0.9064889486121587,-0.05494539563364282,0
0.190370938559468,-0.9502143605072132,-0.21223541886188532,-3.6383430121070277,1.8718092624294855,-8.150822448323051,0.1054610126173359,-0.9076784930726649,-0.050045461132586136,0
0.198268672504892,-0.9512078725722567,-0.20797254003355967,-2.8624955928214786,2.6194226247480885,-7.367740607805715,0.11301700734209248,-0.9109125523924259,-0.0452917607008957,0
0.19737156487123134,-0.9529491520218201,-0.2028097748869913,-2.0242618665850998,3.468365588457037,-6.59191637972267,0.1126504537598508,-0.9126378335019546,-0.04035446950602473,0
0.19197437762063918,-0.9545591077479937,-0.1960601720472696,-1.4065405763243506,4.071746852324842,-6.045161305800914,0.1090461448570696,-0.9110428803166585,-0.036043321272860494,0
0.18982880543304853,-0.9545936195891253,-0.19197134574996272,-1.046963352404938,4.346077254211727,-5.763482816105772,0.10656540743601373,-0.9083358703912934,-0.03317000122600116,0
0.19390032917556868,-0.9516276751649498,-0.19492370280193372,-0.8339278399627608,4.47590865980653,-5.560188257657711,0.10502338800005151,-0.9076892346180102,-0.031354855025163435,0
0.19779283662816288,-0.946937544815534,-0.20138829981362122,-0.6623083219727033,4.695506944980518,-5.176492077226974,0.1013733288419951,-0.909119643383411,-0.02954791299102395,0
0.1915170656942517,-0.9442272832421179,-0.20171635264816737,-0.4682217143323213,5.07295522715988,-4.5121707876733685,0.0937547935795941,-0.9094687707248328,-0.02690805123050769,0
0.17291974784267075,-0.945035473902076,-0.19178087915788528,-0.20230192655850465,5.484587239162038,-3.7049941275604166,0.08288839195125729,-0.9063117245580558,-0.022776719355773502,0
0.15091536165733255,-0.9460999925275344,-0.1785474945773483,0.16040056825684393,5.7726609992796565,-2.9674327712402784,0.07052859046093629,-0.9008351469615717,-0.016921732495264102,0
0.1356221188458032,-0.9429736098993637,-0.17157182977172064,0.5906498892371895,5.894958556763915,-2.3773612346367914,0.057667653916628564,-0.8962026160932794,-0.010393891911088688,0
0.12763792820555633,-0.9354347053789446,-0.17183439329283676,1.0081420171234077,5.904986172604203,-1.8648923061350295,0.04438148912101655,-0.8937822073180172,-0.005034387704915338,0
0.11946791985521922,-0.9283035935988428,-0.1712469555544826,1.3183087454885372,5.8209586791439625,-1.3667205285657102,0.03129566852494867,-0.8923941713675869,-0.0013629390196873363,0
0.1060699451756736,-0.9271895116949236,-0.1622722091028303,1.450240675181357,5.57197619812472,-0.9107637395848815,0.02055741489551168,-0.8913205138993117,0.0022371659573978643,0
0.0911850681938237,-0.9330031596260752,-0.14723519132547352,1.3820027763736107,5.086318936276235,-0.5216580291241698,0.014220545907458982,-0.8920343440824079,0.007550033397833191,0
0.08295467926650255,-0.9397152302158192,-0.13749313957352452,1.1650950801437079,4.393734055812308,-0.10409246721607901,0.0118159700383976,-0.8954579584428802,0.014427009810510967,0
0.0850455381914498,-0.9388674104235424,-0.14163433943332623,0.9306887700849698,3.6119297859288126,0.5061946010181387,0.010931525578213029,-0.898852858424761,0.021256225078195988,0
0.09324789688304932,-0.9283174120964366,-0.1547063133354725,0.8211178215963975,2.8452902509154896,1.3744942502654283,0.010256236548063258,-0.8976602335755549,0.026723615490501985,0
0.10034590945014164,-0.915151163845805,-0.16233598945094938,0.8618209789176225,2.1118139443445845,2.3993446348156144,0.010602365307034893,-0.8903605696242115,0.030212601366604783,0
0.1029857578860742,-0.9077431640198365,-0.15620550116581722,0.9106686328795837,1.357619627052008,3.4198250324118384,0.012788926816629322,-0.8799233843516391,0.031186496809320553,0
0.10303637903059845,-0.9068292331065124,-0.14174818400372932,0.7749319151458942,0.5294505770933733,4.348892571212003,0.016071310536347395,-0.8703995055899958,0.029579556109387516,0
0.10351535496800303,-0.9070392320559503,-0.1295919257886267,0.38520307118173364,-0.36069589099596355,5.1926356605320745,0.019184779439143252,-0.863609080823279,0.026887517442451124,0
0.1052898403019771,-0.9051863545463702,-0.12410382277731284,-0.16024950291640908,-1.2297796119748017,5.984418240855881,0.021783398348723067,-0.859677892029552,0.025854922085190715,0
0.10766926214091699,-0.9037108671114737,-0.12262510939798346,-0.7107522356813256,-1.9802784268630682,6.730852875132436,0.02425633447816433,-0.8594178926054453,0.02846384833478707,0
0.11016494651575391,-0.9068428000749681,-0.12172412772485187,-1.1960995093438955,-2.5703697816467015,7.40628602885303,0.026826545891692085,-0.8644920610686908,0.03420943263153441,0
0.11258436644720685,-0.9163358742205003,-0.12059824373449168,-1.649595751874302,-3.0388152081124242,7.978851672269777,0.02927899487332929,-0.8749888802704007,0.040354857616194735,0
0.11398785182762101,-0.9310204061839447,-0.11981726307763275,-2.134151074706505,-3.472145648529347,8.438873787828442,0.03115878197919192,-0.8881125189657196,0.04408046659193891,0
0.11259729989093194,-0.9481379696338064,-0.11901817672377597,-2.6668872169107445,-3.951372733685276,8.80353948400139,0.0318015043624449,-0.90035344305808,0.04492850431703146,0
0.10753359865553694,-0.9643682468905601,-0.11631480990791108,-3.200828595966533,-4.51782619324797,9.100616278200237,0.030316664368767357,-0.9106209083769201,0.04528970696051405,0
0.10054819873738777,-0.9772983023780997,-0.11043276980933793,-3.6513545763010216,-5.172368717119753,9.362806192000381,0.026149513129271457,-0.9206726791230331,0.04804674231509655,0
0.09499469989908256,-0.9870129238081755,-0.10323467498435483,-3.9274694980127673,-5.899925814786631,9.639360100033528,0.019998918925164713,-0.9326625563900472,0.05361848834116933,0
0.09243922539512436,-0.9952848571321857,-0.09810264591645139,-3.9418284557033263,-6.693241499644387,9.989719503588368,0.013624607835700889,-0.9462492133906553,0.059728494070085944,0
0.09066180463260755,-1.0026278880152204,-0.0953816510696888,-3.613989519461312,-7.552678062921268,10.447070970179904,0.008046735530608742,-0.9579202874226862,0.06406113135388779,0
0.08563687543804221,-1.007634075694274,-0.09217255655202378,-2.91951217734155,-8.470760720910059,10.997551898684588,0.0023188046232104453,-0.9639265836875083,0.06642465065244985,0
0.0757743642600716,-1.0099919878697268,-0.08724442968843886,-1.9891826807936983,-9.42829646845908,11.608635738603368,-0.005060552862290091,-0.9644288029480306,0.06802984293713345,0
0.06389615545813797,-1.0121208448527976,-0.08268741279566916,-1.1343842939351492,-10.408984605108573,12.267369508193017,-0.013781227265866685,-0.9637870259662797,0.0695690176886272,0
0.054572332627372676,-1.0165077459688239,-0.0799527104195728,-0.6738930819179124,-11.414706949717635,12.97580490397076,-0.021714517503993686,-0.966339595761687,0.07081649001948966,0
0.0498776151756679,-1.0233612945438373,-0.07817304968924452,-0.6700657150764899,-12.463020855931555,13.72207849025,-0.02715760155834347,-0.9731656716736088,0.0714469077308815,0
0.04822108543981736,-1.0321289500129704,-0.07713799777724512,-0.86306181635275,-13.569560563161344,14.48419461645289,-0.030173540379195413,-0.9831930368711288,0.07135920566973718,0
0.04663442895267152,-1.043343358734,-0.07786577582786477,-0.9097027496712984,-14.739396713829926,15.265400761020201,-0.031748986584012304,-0.9955280534713118,0.07071228741705117,0
0.0435535071994154,-1.0575028442341257,-0.07943524361664114,-0.6818398696903621,-15.979458338009238,16.10059035706908,-0.0326313965171725,-1.0098188209265406,0.07046348870170277,0
0.039955537958530477,-1.0736097153989914,-0.07867117042253492,-0.3196654962061376,-17.305331235379004,17.012189820421103,-0.033321806959705054,-1.0258901168026382,0.07244748599552384,0
0.03824237538364636,-1.0903536075982778,-0.07368385182474724,-0.029768741232830208,-18.712248689886405,17.9699859474658,-0.03440451392235549,-1.043929770183898,0.07798039248529763,0
0.0395183396553386,-1.1079662843501679,-0.06591407299645022,0.1244327956832426,-20.131598187267375,18.902408570985706,-0.036153886656611865,-1.0639171319840401,0.08627806290921844,0
0.04191671446154198,-1.1275933500444413,-0.058878168866385486,0.2447370707964672,-21.430256183602847,19.736642989095465,-0.038037676117274245,-1.0844638141572849,0.09483079092357591,0
0.04250070465271758,-1.1490914437390776,-0.05536723169361909,0.4657427784024118,-22.472457016193356,20.420464960065168,-0.039173307595150156,-1.1033611047143193,0.101583698243946,0
0.041107175459657704,-1.1703096249404692,-0.054496956969051255,0.8357550029871743,-23.19385535543414,20.91646042076278,-0.039033341181703145,-1.1193835321938235,0.1065337979131269,0
0.04137996202650761,-1.1883540202925431,-0.05129792791485493,1.3268288275406896,-23.62043810614256,21.191113715169042,-0.036893852185518855,-1.1325020234286534,0.11131914522061923,0
0.0473915141852651,-1.2009812799685442,-0.041048980408984394,1.9402629077052125,-23.82110942438908,21.214413200292924,-0.03094412329476493,-1.1425515910810786,0.11767464322057976,0
0.05981911526987618,-1.2071720995572222,-0.024748283619598598,2.770357369463245,-23.84668280415317,20.964844960149495,-0.019608848808345184,-1.1488501117362242,0.1261416944476223,0
0.07566648553863332,-1.2073310783097724,-0.00911769349550024,3.9321903656440296,-23.71472554353731,20.43226605947354,-0.004284504862844997,-1.1509676345289874,0.13580771613850195,0
0.09072168621305633,-1.2031361114126313,-0.0001634157213968358,5.421996016962082,-23.449911155346477,19.626413695782947,0.010614031576154846,-1.1487965300331413,0.14537317139789258,0
0.10189936083137469,-1.1964275792086239,0.0030432324670474978,7.085121860576028,-23.128763914123013,18.596298448944562,0.02117087811298609,-1.1419679307838342,0.15478486916764447,0
0.10856462600487408,-1.18757240797732,0.00745726292195663,8.754810420982418,-22.860819460463194,17.434850175815278,0.02699689933836801,-1.1304107553326308,0.1655605252417478,0
0.113208310803085,-1.1753839863610542,0.018669502373738982,10.401331496367304,-22.697981130451346,16.23945153330302,0.030962965136647647,-1.115804927990048,0.1787110126267338,0
0.12100321534776105,-1.1597894932937272,0.03438743127187965,12.099634014635926,-22.556731583672878,15.056010525925597,0.03712760546473263,-1.1014917524437249,0.19194833871146946,0
0.13676200778063655,-1.1446454780019961,0.04540582477148206,13.853967469141205,-22.255722240902298,13.872186823263592,0.04866106331241954,-1.0905625462335935,0.19977051133062276,0
0.1598790783338143,-1.1368987938641169,0.04359812456983152,15.505619333798776,-21.664314970860687,12.670039347672736,0.06572494437845862,-1.0852460602063139,0.19740491602611004,0
0.18272718818193898,-1.1429776972448786,0.028106651211380437,16.830652618587067,-20.821361435409596,11.472240816411855,0.08431858760578485,-1.0893088452565245,0.18395946108865288,0
0.19657840783950484,-1.1669315513493614,0.0009779566345483152,17.639707565495033,-19.884969938628107,10.318711800411341,0.09835143578101341,-1.1100387323580208,0.15947809578000333,0
0.1988963648139495,-1.2109834152183732,-0.04259424770766611,17.625859635838392,-18.96078233927466,9.181091358266704,0.10384739030892105,-1.1549666426353271,0.11864776881579452,0
0.19309582242812756,-1.274574540601999,-0.11321103385729994,16.08609356132428,-18.03047256090413,7.901305228166713,0.10088712077036463,-1.2242223565966095,0.051492067178883216,0
0.1837142908377037,-1.3511941145093955,-0.21135214101026895,12.087586889204077,-17.101204397856186,6.255158508482905,0.09256522536902997,-1.3058701491656963,-0.0440115576739526,0
0.1762496882964325,-1.4277102327517441,-0.3147626439007067,5.419580234088496,-16.38574054583388,4.130658540104856,0.08500722713066171,-1.380189739351033,-0.14894409932024677,0
0.18035788571539887,-1.4888069956557652,-0.38824980325387015,-2.3509141769376445,-16.218526972945686,1.6609145432015144,0.08856065828364655,-1.4303943545440345,-0.22921951335293603,0
0.2071086967731358,-1.5227879338335804,-0.41127351033397236,-8.096930395650235,-16.717293703510848,-0.8459884019239725,0.11417980605157049,-1.4506452425847933,-0.26175864895154244,0
0.2596172256649332,-1.52416166473115,-0.397484745880247,-9.092924443626712,-17.5335177803133,-3.157307185809792,0.16409209513339393,-1.444539512836549,-0.25600990996875744,0
0.3268510999049683,-1.493022579334457,-0.3853336179646302,-5.2097290305288935,-17.957104641976244,-5.348108192376632,0.22618476115511815,-1.4168863931489537,-0.2461955096400279,0
0.3875001028345208,-1.4335580155808265,-0.4070265796510908,0.8739261556905021,-17.287709555340864,-7.807733968737592,0.2798542625735962,-1.3682901405235866,-0.26204818445211936,0
0.42104011061077284,-1.352273514726523,-0.4657789462228739,5.8079548359314295,-15.19990465846808,-10.9709044972744,0.3084695913055974,-1.2974945842156318,-0.30905836889667776,0
0.4185656320651931,-1.2559276121792962,-0.541341068799816,7.955827369713091,-11.909492301288202,-14.94243522194755,0.3075177801238483,-1.206618890070219,-0.3739025687508062,0
0.38699563898271966,-1.150807908502147,-0.61181901884201,7.847403307504847,-8.080968705598009,-19.300604505185444,0.2837850689878836,-1.1026106945680474,-0.44099038829258497,0
0.34335646910278866,-1.044310869079539,-0.6661086850145861,6.82637442071259,-4.521270144348316,-23.255028047286398,0.24896948969089577,-0.9952454478422909,-0.5003125772022594,0
0.3019535152459195,-0.9462993259041457,-0.7003782396426457,5.722970212439061,-1.8340880679830731,-26.059719682816173,0.21251893759874668,-0.8956873123558625,-0.544467004120059,0
0.26411467165654284,-0.8669199594251407,-0.7125884704868227,4.669170227637041,-0.25419506801374503,-27.380464613547478,0.17629194455012961,-0.8153715755654357,-0.5656989800084447,0
0.21966937773345183,-0.8122923673914743,-0.7037094114899892,3.5574174473762077,0.2950481539639061,-27.37268365399174,0.13364459663693923,-0.7626093735735582,-0.5591630548854409,0
0.15894330054111888,-0.7836126241521489,-0.6792226466615963,2.2796350889895027,0.08199292753148607,-26.47178378460015,0.07556725007434324,-0.739413318747688,-0.528054254079333,0
0.08338545820225636,-0.7810582835801748,-0.6455023003970101,0.6635267226079776,-0.5090599929987054,-25.095770856240442,0.0006656301221592215,-0.743516635962338,-0.48327395225768677,0
0.004449529953706985,-0.8064899638968601,-0.6058023258209115,-1.4961155798009023,-1.0795608058200192,-23.463721594988005,-0.08084991295843308,-0.7732636431167204,-0.43618659028398926,0
-0.0662897307111665,-0.8603657613372195,-0.5606464141663595,-4.187805510386982,-1.3868873399378792,-21.600266662094526,-0.1542680043877138,-0.827531720380849,-0.39097579246013264,0
-0.12364824854720352,-0.9365447699585201,-0.510449931216105,-6.969907370570105,-1.4581157469087875,-19.460738872484804,-0.2106683316410445,-0.9002465617700669,-0.34470485043055293,0
-0.16635089590000443,-1.021354097541306,-0.45713347572432567,-9.063786711970264,-1.5118742479010252,-17.053629044413718,-0.2490446149834447,-0.978369121428464,-0.29503130361902935,0
-0.19163130812854381,-1.098361340846187,-0.4050031958169847,-9.770990154943485,-1.7327883162028226,-14.469120432338798,-0.2698019412164407,-1.0476885463271663,-0.24616242765603605,0
-0.1939576019108706,-1.1552688706595782,-0.3608426637177926,-8.928310347969663,-2.086367749855137,-11.809801467698664,-0.2692341687674163,-1.0996095758007565,-0.2059149743155687,0
-0.16812456541257206,-1.1882577469856817,-0.3309732586151241,-7.007554495996979,-2.3110598318982816,-9.099767193925198,-0.2419596130229889,-1.1321274194841584,-0.1783900739067708,0
-0.11382662464456934,-1.2012719978860558,-0.3161625441721209,-4.766442022345993,-2.0563650878358875,-6.266408564201773,-0.1880148839876568,-1.147139096325392,-0.16137489901737134,0
-0.03867902731420391,-1.2015046282011501,-0.3099258965389336,-2.805835092942789,-1.0416726020119291,-3.224513758389132,-0.11586665595726577,-1.1487571053674155,-0.1498263732435701,0
0.04385553165676733,-1.1950504980302303,-0.3031841307081587,-1.4130611898716015,0.8446669897613157,0.0083953665250045,-0.03788797565231056,-1.1423936978776024,-0.13979319929958825,0
0.12138682130895478,-1.1855280479679164,-0.29110436347258684,-0.6558727607748331,3.5067101973747277,3.273048208013186,0.036154275069263046,-1.1326468957405982,-0.12953129667857688,0
0.18797858893014455,-1.1745099075968408,-0.27566692331424286,-0.4453883823202396,6.651396160295387,6.343533844865052,0.1011016721561815,-1.1209955322081622,-0.11915130075848145,0
0.24321125190497853,-1.1611579767501252,-0.2622710824992349,-0.48557587790452983,9.875406994257881,9.055189616498982,0.15464620863083775,-1.1056944522690313,-0.1099782786777654,0
0.28775726768861415,-1.1417773083629446,-0.25469578482662325,-0.28830293290760567,12.841127244482339,11.391494220093293,0.19619205549889648,-1.0841407227591318,-0.10342482999051557,0
0.32067377326735463,-1.1124893233629816,-0.253279453399925,0.6036973710994559,15.442298590475422,13.474221034884787,0.22636721149464847,-1.0554577739468225,-0.10014225409188819,0
0.33973150420868453,-1.0742001406850021,-0.25632264927133436,2.2935661558523717,17.796952289338158,15.456891296739792,0.24489563309528745,-1.0212027632808038,-0.1003298419131267,0
0.3431521279547852,-1.0335694102139081,-0.26153734918020083,4.388125701415239,20.05592207036845,17.378510741422346,0.24913929195310233,-0.9844220739827861,-0.10390214771922743,0
0.33127726155060827,-0.9972202306667848,-0.26648145855875083,6.216353456604846,22.235131589509272,19.08588620041132,0.2371733310731613,-0.9483152152280192,-0.10936345206477481,0
0.3077534361886522,-0.9660241916403951,-0.2692923788685224,7.264924140150169,24.255440758096107,20.314472308727304,0.21266053546438343,-0.9150482590079526,-0.11346092357075156,0
0.2798263887303148,-0.9366518246841851,-0.26959496133141747,7.466468976082472,26.11563906067766,20.88977729476648,0.1847215664401933,-0.8852165373001079,-0.11359847440120059,0
0.2562162731088312,-0.9071627530081879,-0.2682393724169362,7.119187673059664,27.97256656561604,20.876732248659447,0.16194871378155015,-0.8585247628003463,-0.11055973288115349,0
0.242253866077842,-0.8786697560594704,-0.2664687939266667,6.572867090929108,30.031399136130467,20.527199074857343,0.1470234737015799,-0.8347651235248825,-0.10774631478181858,0
0.2360735301862587,-0.8524466002185928,-0.265753801284715,5.999419698027783,32.377946533037374,20.07510070396117,0.13695699817451631,-0.8134514998039823,-0.10762803132046873,0
0.23003924986436375,-0.8282836966461631,-0.2675898066929818,5.407780061785512,34.95061758373721,19.607061633771405,0.12700790443681886,-0.7929372872854517,-0.10988753885691097,0
0.21588456452665133,-0.8061907416512174,-0.2723918786612808,4.770611734262458,37.67308431360668,19.154624327897064,0.11324176611143869,-0.7716780037429525,-0.11315279604792758,0
0.18845769259665726,-0.7874913886033429,-0.278199806413222,4.047636878972105,40.540603856613444,18.852763220895902,0.0921102725552866,-0.750856761776888,-0.11683832232897592,0
0.14699330706565678,-0.773082997458633,-0.2809488263860443,3.1061492844315866,43.487895590457526,18.886475924145508,0.06037256491784529,-0.7340475213660133,-0.12000548110478318,0
0.09674745170617897,-0.7623373294064472,-0.27772714300470014,1.7388925891164173,46.19129079911662,19.248251068494856,0.0184485331101477,-0.7235285034622622,-0.1200274804716567,0
0.04941535875826783,-0.7549731112311424,-0.27052767670479316,-0.14647165212435048,48.141172304339236,19.65909572755124,-0.026060809552589048,-0.7183647493717408,-0.11471853207287509,0
0.017150485185989797,-0.7520601994501992,-0.26462607358813406,-2.3613539578572498,49.02323270071587,19.830769743034267,-0.06128598385989468,-0.7164993009946425,-0.10536817278210757,0
0.003195292451259203,-0.7535033951100902,-0.2617695746806556,-4.4928232705594695,49.01630515499098,19.771706503039304,-0.08003816512824383,-0.7169779053939731,-0.09591146846546984,0
-0.00020521045707528593,-0.7566903650151612,-0.25740669751838086,-6.135026734310101,48.65772093708549,19.752311111565927,-0.08568464878964938,-0.7195299510214147,-0.08914115206309874,0
-0.0037497841424728603,-0.7599258829603686,-0.24719255904098733,-7.105124145771554,48.40990159054211,19.974492186825547,-0.08832671001520298,-0.7238134971257797,-0.08481171780922854,0
-0.012181475018145035,-0.7654818711671348,-0.23469462010961986,-7.517397796875725,48.37320852903509,20.34204281541717,-0.09547136789467703,-0.7304089891472947,-0.0812871178523743,0
-0.023059115541990555,-0.7768552971365716,-0.2295209907916945,-7.6871413361342436,48.38846380756218,20.56741863109198,-0.10668582746347526,-0.741380104665168,-0.07800575366849102,0
-0.03160100012007765,-0.7942783403881147,-0.2371495480122311,-7.915695722899158,48.343662523488014,20.442682929150624,-0.11621069144640143,-0.7581537520916661,-0.07615075253970041,0
-0.03484035387975662,-0.8151918135389283,-0.25220486937130515,-8.307490542018835,48.33370735975354,19.966491117004043,-0.11923906649433753,-0.7791632334691014,-0.07751089685509499,0
-0.03219263889424624,-0.8379595327799094,-0.2633923157774775,-8.77676066483034,48.544078789743516,19.248263094969378,-0.11555953680521311,-0.8009720498227321,-0.08267410716999071,0
-0.024872754545105635,-0.8622801759009273,-0.26481551072612625,-9.217420831555685,49.032331187934204,18.361059276782925,-0.10851224602456162,-0.8215871393400522,-0.08967739030750949,0
-0.016225459545631146,-0.8863018854758961,-0.2601774931294585,-9.619900921753082,49.656700282425824,17.31254999120399,-0.10171843354285241,-0.841369246999331,-0.09446771602923051,0
-0.010685328549391205,-0.906571503778797,-0.25522180359202007,-9.992484222811091,50.221989465979554,16.122607704861263,-0.09674583002665671,-0.8607450310722221,-0.09348186940525453,0
-0.00955775871661669,-0.9219427788856782,-0.2493851032734041,-10.213105919860961,50.67281262633832,14.875423073356567,-0.0927357644362935,-0.8784933760116146,-0.08596961997839983,0
-0.008614769878604631,-0.9350634552456921,-0.23773438301420002,-10.04144510108605,51.11682308613767,13.672029395199504,-0.0875012930680081,-0.8928540578870247,-0.0735282409628036,0
-0.0029176787738943106,-0.9482804865890246,-0.2192611644030993,-9.317136401369172,51.66357544396769,12.545697973312892,-0.07975536381455621,-0.9033698021430097,-0.058059858915546776,0
0.006153500124164047,-0.959687399047625,-0.19968912087733054,-8.132764254282002,52.26565338851521,11.443192275535273,-0.07145242238938247,-0.910701457384621,-0.04120772987639025,0
0.011481512754662724,-0.9649993514784907,-0.18577424798939635,-6.793751777757184,52.71707666707849,10.28954564618092,-0.06743448045234428,-0.9148510655131374,-0.02526855189961143,0
0.00840735377695555,-0.96250652843299,-0.17943417401979767,-5.60639756167537,52.78915075856775,9.063000360941524,-0.07104569385074738,-0.9146734145736678,-0.013170838382966846,0
0.0003832693927430991,-0.9546865875172547,-0.1783102559399671,-4.698136356047175,52.37652224260801,7.802837736677306,-0.07985476787807304,-0.9098236865381029,-0.007062730997494935,0
-0.00496722084999607,-0.945338416036271,-0.1795115913529363,-4.014728845555086,51.54336800933388,6.54835530048683,-0.08733898415867877,-0.9024260351837244,-0.007162614645811206,0
-0.004572354589595691,-0.9366520181994719,-0.18124613811559767,-3.453456650419501,50.442496779392464,5.287806836287898,-0.08953026257933025,-0.8956450402694438,-0.011709164258083693,0
-0.002841123076624204,-0.9292450482503067,-0.18281102354836035,-2.9883195692958315,49.17649274629055,3.9846240261362382,-0.08880702041997282,-0.8908197785498823,-0.017784633545931017,0
-0.005876955524112766,-0.9234691255896272,-0.1844234617970313,-2.695256115436878,47.729586891167585,2.6415050499856045,-0.09049742877024357,-0.8870980536934001,-0.022747628568846302,0
-0.01470614243327364,-0.9198310686645799,-0.18569143393410217,-2.6833607408515996,46.04963527306141,1.304756688932669,-0.09696644117948049,-0.8838685793750213,-0.025335592029839524,0
-0.025059484675029612,-0.9191570224379024,-0.18431833228910585,-2.9918939643293605,44.202399202042045,-0.0005411464128693838,-0.10593145393764929,-0.8822723092889416,-0.025283380690715517,0
-0.032330883156111656,-0.9226611594695876,-0.17866054712939836,-3.531208057844894,42.41855046602827,-1.3026200913694959,-0.11349399106354653,-0.8836965137670835,-0.022222327457115096,0
-0.03502081937715133,-0.9303817143540403,-0.17106576091878864,-4.120642218908948,40.96261660650222,-2.6252555038476633,-0.11727846804305857,-0.8877080625443272,-0.01590362012329604,0
-0.03357972778913101,-0.9392200431382184,-0.16564545537122072,-4.595219401092372,39.958738222047145,-3.9288694065434866,-0.11673024852704751,-0.8923744985418547,-0.007679910771159454,0
-0.028088348775436294,-0.9443033990188291,-0.16314724586124496,-4.8924570768396665,39.34727090990319,-5.150381041542537,-0.1120712339862818,-0.896096787215383,-0.0005382632858919681,0
-0.01884696061283803,-0.9433476691574639,-0.16087730434289654,-5.0629940967825675,38.98285261863971,-6.28317969516541,-0.10429882947779137,-0.898362775482381,0.0035569494999213866,0
-0.008254104067060154,-0.9390701415222368,-0.15676159062279815,-5.22032593468486,38.744983014816185,-7.368725276591911,-0.09548405007499002,-0.8992851356775322,0.005978271496598516,0
0.0004359843960553937,-0.9368778352987074,-0.1505504056543733,-5.471793300967932,38.56978269696848,-8.415673595722229,-0.08724197752572435,-0.8995431617030615,0.009950143158579715,0
0.006771433071874179,-0.9405017578778326,-0.14234488417136143,-5.864254271358206,38.43008176017681,-9.382101729153275,-0.07860801146135685,-0.9008931066627486,0.016868541512180306,0
0.013888850955491139,-0.9498727652323488,-0.1330830170522971,-6.371192938635763,38.32515396943687,-10.249478089190944,-0.0669100412757558,-0.905919910011718,0.025215501114685554,0
0.024948784935920624,-0.9625656425613422,-0.12519286749444292,-6.925158451578109,38.28266875129254,-11.061872812474716,-0.05141363381960414,-0.9166535804053005,0.03317164866139002,0
0.0397562435082612,-0.9768674670125437,-0.11964443930256277,-7.454529423055917,38.33988402725997,-11.857347102169209,-0.03495767114852325,-0.9333660165476982,0.041040035768848175,0
0.05543611396491222,-0.993649815943082,-0.11341198521142737,-7.877582278904912,38.504015502036886,-12.593771054495223,-0.02112213754510228,-0.9546534454450185,0.0503857729700193,0
0.06947793148562226,-1.0150209929925333,-0.10291391371554627,-8.071867513485689,38.72306100593584,-13.18492732273939,-0.01063325411780095,-0.9782404692873472,0.061335628658191574,0
0.08079660440632544,-1.0404155010840221,-0.08960000049780019,-7.895380574455846,38.88598748677964,-13.592715460086161,-0.0017952379435116981,-1.0014751422305794,0.07126455509147304,0
0.08798078361807202,-1.0645923270562974,-0.07982420503246435,-7.286968397112543,38.85745277284881,-13.837694125131401,0.005631025052232297,-1.0215496103648856,0.07612563702373609,0
0.0883414897808717,-1.0809793536623842,-0.07922946306451843,-6.3526268453912635,38.55189166636275,-13.921761138741875,0.008306565837991801,-1.0360447498497583,0.07331357380118125,0
0.0799378929162867,-1.0870240144894556,-0.0883230852603504,-5.3214569461205805,38.01664494424512,-13.794312853527822,0.002157173702389318,-1.0438706139760014,0.06372147308168974,0
0.06399432438452639,-1.085572546030607,-0.10274055025556161,-4.396929702460852,37.4398567493339,-13.4265806746114,-0.012937778580250367,-1.0459026983799933,0.05103276509589018,0
0.044640081619373426,-1.081611368127936,-0.11690010336907757,-3.6570851854989304,37.032469806516055,-12.894539743379259,-0.03231329975034971,-1.0444597210730484,0.038821689521677014,0
0.026564553087556533,-1.0785025797005177,-0.1282090753045411,-3.0858958878244955,36.87241981065188,-12.350866064936172,-0.05029144840848047,-1.0419059811564482,0.02837431066888553,0
0.013002814857656824,-1.0771519583762037,-0.13825386936442804,-2.6500530199868213,36.87793938876354,-11.90985995836117,-0.06364047864539846,-1.0398472279881994,0.019120691165662805,0
0.005192381004680727,-1.0779741412620696,-0.14954246761947124,-2.3150869294598837,36.95241580325635,-11.575561175838146,-0.0714223972999847,-1.0394493206676485,0.010474075191403445,0
0.003141889433635224,-1.0823013355239564,-0.16176126153818549,-2.0212280814174357,37.14262395408921,-11.287033877607922,-0.07336790874352958,-1.0416854157036006,0.0028305377386193937,0
0.006980657150413055,-1.0908335068356034,-0.1717556196295368,-1.6900294332745764,37.63569443965638,-11.022014256526854,-0.06951832709656816,-1.0468982017052137,-0.0025955332290219426,0
0.017525283137000143,-1.1017769695171542,-0.17552548427512213,-1.2557882457204084,38.60148395307888,-10.84629899055963,-0.060350613747471755,-1.0546870876152576,-0.0039499975080538935,0
0.03511309980181609,-1.1124430551066402,-0.16945530170190423,-0.6818642275687979,40.03075229007546,-10.86659242083338,-0.046079394842570134,-1.064480341910991,0.0010308881232297033,0
0.05781882924379027,-1.122403107514184,-0.1523620334399337,0.025751771937947344,41.6954343358181,-11.145454134583575,-0.026492891147374225,-1.0756002084664205,0.013550901228041756,0
0.08139373056761755,-1.1331241067353819,-0.1285242373462389,0.7921685630627429,43.244799544274635,-11.656094665846007,-0.002633605401689288,-1.0865253553792469,0.031622829659826844,0
0.10141781818636875,-1.1440738825863297,-0.10674417576529287,1.4748799422479617,44.359958175697464,-12.294049911376987,0.021602220561991577,-1.0949018090061902,0.05001608556283331,0
0.11547003276240574,-1.1512163366633603,-0.0938751453537683,1.9212006011619305,44.87202232629521,-12.915789586388259,0.040719262512728394,-1.0991334446898209,0.0634085054598223,0
0.12339089654674047,-1.151470555155056,-0.089494181416892,2.040048860120246,44.805486741424005,-13.381075425271897,0.051102278748662286,-1.100052568676037,0.0699736080817389,0
0.12629409652105528,-1.1480592361740085,-0.08766468633009351,1.836332552700519,44.365689569570755,-13.590227874160043,0.05316510398807305,-1.100623042098928,0.07199422267447127,0
0.12593983173501336,-1.1486811893777735,-0.08278437581129511,1.4059241155769553,43.880005433727,-13.503885487641213,0.050158443818423104,-1.10353578606183,0.0736537219238965,0
0.12428414097195435,-1.1571075827299488,-0.0726566578758979,0.9101965088512372,43.67870885003117,-13.138395668177953,0.04534949638357852,-1.1088859386885894,0.07874959875961622,0
0.1220847243998586,-1.1681963322772788,-0.05751084114601859,0.5342803774127352,43.94809605456966,-12.54984733464836,0.04032298778525074,-1.1143115634956708,0.08970847785402541,0
0.11789869404789427,-1.172939132017385,-0.03866122600077333,0.43286294149909393,44.654351658648686,-11.820648975453562,0.035044407384015326,-1.1173077180635793,0.10713020774404099,0
0.11008608712948106,-1.1679178517408286,-0.0180740914566383,0.6849103536497981,45.60596495587964,-11.041681245474772,0.02879562579104384,-1.1170137336014574,0.12932693546230342,0
0.10030103896952586,-1.1582765811331783,0.002461859252530311,1.2803553845920583,46.60777975000571,-10.282669447192998,0.021502443515066284,-1.1139753051093328,0.15265817680544297,0
0.0935753430139082,-1.1512376701447484,0.02181077005114492,2.1418023230825476,47.58490999350408,-9.568999114456606,0.014863216879274263,-1.1090792975609998,0.17340040596851594,0
0.09405728854289837,-1.1480158348312293,0.03883702157271269,3.170053691412834,48.592583453575216,-8.88732293756007,0.011675222773601897,-1.1028084309766786,0.1902385009313553,0
0.1009427452280288,-1.1429968670277684,0.05250602745816036,4.300581630872872,49.737440245417375,-8.217347226591171,0.012984001466884157,-1.094641124205529,0.20486845766849682,0
0.10860044878952545,-1.130470976458203,0.06275148277072606,5.542805943050432,51.105721436144954,-7.570657232900583,0.016091383494081603,-1.0833618752833978,0.21879588642106143,0
0.11112718231017361,-1.111954347551624,0.06908398755090994,6.947559712959959,52.74384321699848,-7.0112668932023405,0.017028582427110518,-1.0696622232824713,0.22848802681597158,0
0.10866636442903048,-1.0977940912345392,0.06764558343123789,8.476124545968332,54.64405245285685,-6.625719240782435,0.016349758108032676,-1.059472307699281,0.22516424404337773,0
0.11014062200040908,-1.1019190644457082,0.05138134233612594,9.855164320243604,56.71975206746072,-6.437133075923999,0.021707305208855377,-1.0638410902907691,0.20152921909138471,0
0.12764287287814885,-1.133132569518333,0.01292666002838569,10.548664968381345,58.879019145375295,-6.338766088859618,0.04227044253421138,-1.093311641992039,0.15666210468350344,0
0.16545353859072126,-1.1887632985633017,-0.05462892569909044,9.83230515242467,61.248917632211864,-6.171509540217321,0.07916319598227375,-1.149761607024168,0.0903791214525556,0
0.21330748311018863,-1.2559088551729798,-0.1558596697686616,6.898584871329996,64.29547475808597,-5.938362132371724,0.12142530593122003,-1.2220897526857206,-0.0026974381604434553,0
0.2493146584295318,-1.3202318546682499,-0.2816384502907341,1.2329151619945742,68.45017673931481,-5.892815274715134,0.15073018462751017,-1.2907219916873784,-0.121071814471917,0
0.2502819074630902,-1.374478718648661,-0.39716482280616416,-6.464504641241081,73.32990980870318,-6.243852257719174,0.15012980955307303,-1.3392120878537894,-0.235758597283968,0
0.20493733732222963,-1.4177584687783547,-0.4540549203522889,-13.535180872049317,77.3549782941097,-6.6894232478870475,0.11212885721543889,-1.3639090587907625,-0.29676323404325766,0
0.12223972229162616,-1.4477331033535523,-0.4278566157723487,-16.330791711573017,78.49612302505037,-6.37643402347575,0.04267204568309081,-1.3729136648439684,-0.2745556143524289,0
0.024829420974031076,-1.4580876196762043,-0.3435518655416535,-12.953182966181425,75.7260462752376,-4.51733834703351,-0.04313197460900006,-1.3754513308539766,-0.1923953031577264,0
-0.06901438473045962,-1.4454411935790805,-0.25787035582838647,-5.1963626127306615,69.79323918127545,-1.1127750921847799,-0.13161365558529606,-1.3723283798453483,-0.10880756762538024,0
-0.15521229359682714,-1.414048126969521,-0.2163055430478968,2.7221548153014474,62.531591914085055,2.953853866430807,-0.21653951670546964,-1.3561525981449114,-0.06974899058737567,0
-0.23491601193628026,-1.369769560858855,-0.22902114465603365,7.511480641355237,55.46279517741477,6.5416354150526255,-0.2942766105909915,-1.3192936195497094,-0.08313858116006255,0
-0.3011811743023187,-1.3123768112349408,-0.2825311329994013,8.7397817981767,49.04922078297859,9.014862852997664,-0.3567269877034156,-1.260573660014936,-0.1340274060489358,0
-0.34007786521005656,-1.237917914763295,-0.36342890679112577,7.793928155968188,43.02723296357183,10.527464087101688,-0.3932590344666231,-1.1847948557502666,-0.2109854744736471,0
-0.34405217295910073,-1.1473581524990233,-0.4655841808724259,5.752791828303292,37.12759768801351,11.705145681159232,-0.39938755967846723,-1.0977762481355802,-0.3120313817947438,0
-0.3200844133439649,-1.0495545491699219,-0.5804069916089438,2.66656590803453,31.421103819633487,13.094066422597688,-0.38101698405320517,-1.0040438931323987,-0.431130283901504,0
-0.2833587716430315,-0.9561598845598056,-0.6896721562103931,-1.5406337865631803,26.227915355567834,14.842661698555334,-0.349673652229174,-0.9097173893156296,-0.5478968842350893,0
-0.24389939531465804,-0.8764949037102389,-0.7708718920504781,-6.190867967903184,21.96045374214683,16.768250031086197,-0.31392591026327066,-0.8255059071885156,-0.6342679323027416,0
-0.19942526853960407,-0.8178636365701938,-0.8072707920851266,-10.145489232914828,19.07025931957124,18.58959952834173,-0.2739524926412049,-0.7644500220364104,-0.6703115631348654,0
-0.14046854295649444,-0.7879120318204532,-0.7933349575634135,-12.745507473216742,17.9483322221848,20.063611905111927,-0.22302656644604263,-0.7362631121737278,-0.6529159351008014,0
-0.062301140940048266,-0.793240922660498,-0.7355019815258463,-14.195585570526342,18.672586366014354,21.011165795803095,-0.15512118308609282,-0.7439942883505456,-0.592388497547468,0
0.02792280260573976,-0.8339733454261664,-0.6510736093108167,-15.061555545280683,20.78101669081386,21.36732489445311,-0.07252938656677865,-0.7841277296659375,-0.5057940525059155,0
0.1154173395778561,-0.8996595073407171,-0.5640493926474891,-15.625746996361764,23.357293076409366,21.26531486743119,0.013586411428901539,-0.846901408577658,-0.41416331902225534,0
0.18878963885952998,-0.9716139071859952,-0.4962624865541295,-15.808665778160163,25.482922579842025,21.013235875011222,0.09047282010159863,-0.9165900230302139,-0.33945070010014977,0
0.2474914584752368,-1.030713894423073,-0.45716998987828966,-15.520256530502063,26.751024448419248,20.900353834861008,0.1524563997800527,-0.975008910079959,-0.29595643009240485,0
0.2996194153594074,-1.064731602014048,-0.4399036784100341,-14.857625733629572,27.413901065478875,20.964465723648246,0.20358210468028354,-1.00861519377101,-0.2817107005520265,0
0.35258095284326546,-1.0714590367464518,-0.4284385101998881,-13.939445032726299,28.02621753812754,20.90929731126543,0.25183759131405364,-1.0147977988735883,-0.28000652376963087,0
0.4046851117337778,-1.05825473079221,-0.41063217855761186,-12.692323871569158,28.91183635933861,20.239799725601458,0.2995669343110543,-1.002434334643626,-0.27166182537451466,0
0.44441518537619806,-1.038171874220392,-0.38527442382936183,-10.929051669395395,29.95043115386793,18.527208160849966,0.33859241367258436,-0.9855943908788325,-0.24785489640025365,0
0.4575688309301993,-1.022867355311451,-0.3584339732436837,-8.667378012420484,30.845901980152558,15.639143442317852,0.35492079816468186,-0.9747171122291104,-0.21383144829955228,0
0.4364556546321701,-1.0173713503609738,-0.3358169206415634,-6.32303246620504,31.53976579219311,11.799244339463451,0.338800151249753,-0.972305023568692,-0.18200195247047588,0
0.3842388898704282,-1.0214327501873877,-0.31845497934058714,-4.507526816987805,32.29991627707121,7.449405355479769,0.29110997492016566,-0.9759003472992183,-0.16088148281648973,0
0.31183378296301534,-1.033188805461156,-0.3034410347882289,-3.584828176769749,33.3821229134299,3.007859575264173,0.2220682766337261,-0.9832406507552056,-0.14937199100894835,0
0.23187542963827307,-1.04860725307627,-0.28864052618062813,-3.4242028435410385,34.63290104571644,-1.317790362968937,0.14588903049038537,-0.993053244502476,-0.14058476248224505,0
0.15605225838309517,-1.0600332938601702,-0.27637246330964665,-3.5626751555630265,35.494935162150234,-5.529711602155542,0.07598545243303151,-1.0023716852254656,-0.129457452782946,0
0.0943705699963089,-1.0608579825738709,-0.26967212164377874,-3.5291597314037184,35.47477717704756,-9.660611950673625,0.021000005176839455,-1.006502340434224,-0.11578164770630613,0
0.05070149561778784,-1.0517504045909536,-0.2656206369008539,-2.9898195866186175,34.601234668339096,-13.600613866355284,-0.018876102442808827,-1.0025871607584707,-0.1018596732473762,0
0.018636189181373483,-1.0379896601185172,-0.25785330464786127,-1.7302409176689058,33.3526502394138,-17.106625721022535,-0.05145640596449942,-0.9911274234533706,-0.0900475097373894,0
-0.01249973165282017,-1.0209466696951282,-0.2464277650541514,0.2754692035706374,32.144370662612275,-19.950566209194516,-0.08475701507466772,-0.9736456434612061,-0.08245948623524456,0
-0.04544430164202731,-0.9972347967959737,-0.23936178359900653,2.6978127274639983,31.00238451403776,-22.03646456731092,-0.11842262149392747,-0.951674378513062,-0.08056350194674457,0
-0.07233197747904813,-0.9669667610174852,-0.24227826039701997,4.868663555410598,29.733479314663583,-23.429590483919785,-0.14483604842420766,-0.928561241338354,-0.08391331766112113,0
-0.0846860203601295,-0.9376498722510614,-0.2509318032259015,6.102554032079413,28.22965737035311,-24.319080019286716,-0.15822829411111908,-0.9082908250218744,-0.09021510788061814,0
-0.08203529759378285,-0.9167685260494628,-0.2564535520111848,6.082341934152614,26.532505493328546,-24.876351781495494,-0.159662466013943,-0.8906586843482021,-0.09687898811307695,0
-0.0697251051816321,-0.9028460523963109,-0.25553465567047295,5.0374055920532825,24.75728304912211,-25.062016714477373,-0.15352232873055363,-0.871191612234623,-0.10152570127523555,0
-0.05215142779025374,-0.8871205682662593,-0.25339680059204034,3.6461278482989403,23.053706163602204,-24.62724216584609,-0.14282184885792235,-0.8481629717572214,-0.10173348759439328,0
-0.031073183385992846,-0.8647698555016046,-0.25727086195148,2.681472189091661,21.53249498635752,-23.403401158597195,-0.12861330020903158,-0.8267949472647306,-0.0970171469631119,0
-0.009175137484271581,-0.8426677832209984,-0.26778219697911104,2.5193203029778406,20.151994831784037,-21.571495909736118,-0.1113492718028031,-0.8140658868310362,-0.09146848661169218,0
0.008897688283182131,-0.8328017857290233,-0.2774318711121104,2.8775363763897013,18.755864668334137,-19.588528012603536,-0.0916555960247012,-0.8108962261678283,-0.09134162649465008,0
0.021737451150728043,-0.837408150449816,-0.2782323335499191,3.1129187844800628,17.26775939278581,-17.876532557649423,-0.07024698735109906,-0.8111007693707764,-0.0981912904415856,0
0.03514315096132161,-0.84494054703978,-0.2700536666850601,2.8441642192382552,15.781643395193687,-16.615402758708736,-0.04712427642742012,-0.8073956655063099,-0.1063352025558204,0
0.0569704810296024,-0.8431235035605401,-0.26016525190092277,2.2471218905539345,14.442486209709672,-15.769471801201163,-0.021557554507259137,-0.7976774773812364,-0.1088325138257527,0
0.08793669252161175,-0.831922587488212,-0.25518624780253785,1.7244349237142476,13.315729534906037,-15.217475817187946,0.005718126137172609,-0.7859481887899771,-0.10437718011899345,0
0.11974479008411106,-0.8209853012085023,-0.25467075936723177,1.384496952309258,12.404969179596161,-14.839103065099694,0.030811984019153072,-0.7780403404595054,-0.09646357250139859,0
0.14271466638662883,-0.8179102397241058,-0.25220371784417306,0.9489912061229511,11.73470435740951,-14.527833324471729,0.04922247429855274,-0.7766848645785979,-0.08735272304782934,0
0.1544285619458578,-0.822050405756676,-0.24198474648171284,0.14313969814412167,11.362977632150725,-14.183382178335062,0.06043960798179641,-0.7800878735058908,-0.0757765362847334,0
0.16079797819165825,-0.8280113257384318,-0.2243216597506636,-0.9427391967089392,11.322095582721273,-13.735771862876387,0.06871921954026636,-0.784456503022796,-0.06054276107846048,0
0.1694554463216309,-0.8324740503622601,-0.20490562591971473,-1.927132889157541,11.565524493331527,-13.181555228968579,0.07886909311279222,-0.7875954289783204,-0.04374311170794416,0
0.1828215581026257,-0.8370254352762294,-0.18920256625389198,-2.5086667091452615,11.97171902763713,-12.569490290106012,0.0919056579542285,-0.790433950784495,-0.028978554745157505,0
0.19725758411924674,-0.8453421470459078,-0.17831831500397632,-2.710526204239747,12.401267035452278,-11.938360428041266,0.10494991488820227,-0.7959027328701209,-0.017632918407587326,0
0.20772208985545418,-0.8590405263734915,-0.16994715439386004,-2.796786557395157,12.76067966018754,-11.286895393295307,0.1147105491958991,-0.8068345620344244,-0.008419305451987321,0
0.2123831529468233,-0.876863450173292,-0.1616257803249241,-3.021168959124143,13.023279548606395,-10.609387761584028,0.12055140572256838,-0.8243229485914381,-0.000206762485113291,0
0.21308525123424865,-0.8967822010132266,-0.1526745227631181,-3.458452003210434,13.206164262460844,-9.927163898102656,0.12432314114278696,-0.8469237744950623,0.006298222659863844,0
0.21260945421236258,-0.9173949705972866,-0.14466443848125193,-4.004765469099458,13.341422038691077,-9.255939677368499,0.1277830267154119,-0.8711509297227669,0.010177282808784573,0
0.21215424637472538,-0.9376653031241495,-0.14032879675938303,-4.484722647038195,13.464593007542186,-8.562750525388012,0.1304613661831226,-0.8934816500162674,0.012395019531313653,0
0.21099833431555345,-0.9568348913460114,-0.14028328421976569,-4.769540882470285,13.611079354524323,-7.7984280990835835,0.12987913377235352,-0.9122924814642643,0.015100920624421903,0
0.20816669847959338,-0.9744610621701177,-0.1411561377144953,-4.821290885568094,13.804968628225758,-6.977635644347433,0.1238812461480135,-0.9275432265895899,0.019166937744552574,0
0.20396593874774196,-0.9890373170731496,-0.13921621895483044,-4.640760059870633,14.04197978997979,-6.190182892898067,0.11317440457361637,-0.9387939044173078,0.02338291582117296,0
0.1989599112526092,-0.9968500752555842,-0.1350680972185394,-4.204366196789812,14.285606783730257,-5.511736169864064,0.10165738523403466,-0.9444288975464538,0.02607079023653601,0
0.19212773412644807,-0.9941868242617672,-0.13207606007964476,-3.478323421590412,14.488205778776468,-4.922984523504379,0.09364361963392637,-0.9429767249759334,0.026704494195550897,0
0.18229362425659057,-0.9812583322816595,-0.13121518710621258,-2.4723899224549974,14.618189704717203,-4.332545748013265,0.09015911549878246,-0.9345951262597011,0.02590312357237693,0
0.1710663018326668,-0.9630049643348637,-0.13091678031518134,-1.2563099336211312,14.66497952971317,-3.6558855601941724,0.08803113216157171,-0.9212872467072588,0.02464845641066628,0
0.1616603521750131,-0.9457095901961876,-0.1316588111915981,0.042179124183124056,14.626263229579811,-2.852257940087423,0.08296509185475538,-0.9061117373386741,0.023670890364914807,0
0.1546945242190001,-0.9327458914711281,-0.13679921251795285,1.2288614270273652,14.505091354853333,-1.9176093256075022,0.07351386639953571,-0.8918529063304044,0.022777157711867613,0
0.14752943381307598,-0.9230084269223274,-0.1473160527845953,2.089705206344535,14.318957783553717,-0.8898555831535185,0.06181532486483158,-0.8797561052870655,0.020536684262259904,0
0.13805913328708902,-0.9133855756792806,-0.15831528493437752,2.5134538708368175,14.099619878296433,0.14438818808883158,0.05073073302768574,-0.8696064490372781,0.015576402524419773,0
0.1272123651183495,-0.903150910072947,-0.16308531478957353,2.5495559137394483,13.882462570340294,1.1013034332162785,0.04104796393698913,-0.8614593903912562,0.008842669408412945,0
0.11700115902603979,-0.8957779742294466,-0.15972067255324163,2.303703265073153,13.701857111294471,1.9894951200800481,0.0316906738855492,-0.8571387245819031,0.004053330061155035,0
0.1074957177156942,-0.8962567681734286,-0.15196723077910515,1.8206165347419325,13.591067986833067,2.9284292074959275,0.02187215538620708,-0.8594078138628022,0.0051852044019145265,0
0.09726963348127401,-0.9063989598349353,-0.14394527779771904,1.1459218041197539,13.572790348584068,4.043629949887959,0.012384999947135503,-0.869056058689131,0.013343465834716245,0
0.08675600912220434,-0.9218924386746982,-0.13610213543488256,0.47728008811752315,13.642314856584132,5.331627564946814,0.004968682849663392,-0.8826978423223931,0.02591555814594164,0
0.07940054077098047,-0.9342098343951963,-0.12719412353180004,0.1424598883387266,13.758384904410372,6.636125725777697,0.0006410494840363472,-0.8942315030030575,0.03838627468746329,0
0.07794974622598544,-0.9374451989269648,-0.11832917132462369,0.36929370974964487,13.852391423523644,7.7699851412760825,-0.001460791446347393,-0.8993494018261916,0.047197501768207396,0
0.08026817361851733,-0.9336644175281981,-0.11223115597543136,1.1078862770875075,13.857751515584367,8.668876493024086,-0.003319629871228335,-0.8985005127884854,0.051821787700653044,0
0.08090705554531663,-0.9296987870688044,-0.10847908656935039,2.105996395925046,13.745876700692822,9.425230941903331,-0.005759452575404576,-0.895021453070247,0.05469463194047724,0
0.07728989360387625,-0.928993622607514,-0.10283581384128222,3.1315430251396736,13.536570767267577,10.174234334186862,-0.007464494986023814,-0.8909913562945073,0.0588984120408745,0
0.07262123386944004,-0.9290305129881785,-0.09326009165497987,4.092361050534039,13.2665822339713,10.962227872544329,-0.006804164793991255,-0.885936437176988,0.06543323071882694,0
0.07197263188175547,-0.926080066890149,-0.08379383974633828,4.956883860642712,12.952590843219943,11.73801172860901,-0.003810419582309797,-0.8791402463239903,0.07244021343297671,0
0.07713808696680037,-0.919225968782118,-0.07959712918432246,5.607438398610786,12.598440150053792,12.453951809019616,0.0005383665202798864,-0.8713788477395221,0.0769092920064953,0
0.08607556162149584,-0.909706817708391,-0.08020153482723169,5.820281392743288,12.234842732679631,13.137436519119948,0.006281808872218169,-0.8636513550828894,0.07732161037871363,0
0.09571564749479959,-0.8991867356821186,-0.08079654344841421,5.423565708303857,11.927717336305436,13.848017644507722,0.014525755457277655,-0.855615965294688,0.07512439725447341,0
0.10428821550434944,-0.8890671187386207,-0.07885818619244722,4.477576665146111,11.727808388443004,14.585874186318058,0.025434260526617902,-0.8464825162200211,0.0736443601191437,0
0.11204729475781862,-0.8797271495831175,-0.07659193850982304,3.2649858915198444,11.613182285646033,15.26402428751735,0.036920045111320667,-0.8367465116316257,0.07491262089804256,0
0.12055084359566015,-0.8704943065152516,-0.07739533440529879,2.060635569513333,11.494768583366339,15.762698654980474,0.04607810370603284,-0.828092879495435,0.07727580577523586,0
0.13045890822396605,-0.8613670450198919,-0.08248462480163142,0.886714229589495,11.283062637994854,15.997910374246684,0.05203229561125693,-0.8219539283874856,0.0765319357297859,0
0.13970028393206196,-0.8543237868739053,-0.09142935295484947,-0.5186732146218348,10.93437374495968,15.952461248919493,0.05657574792041672,-0.8188782426525532,0.06957076623346672,0
0.1448812614025731,-0.8524422649245174,-0.1038373279915816,-2.5002231312809817,10.415733812101246,15.67208151503371,0.06134513005109643,-0.8193005275343164,0.05679529737557812,0
0.14497614274107357,-0.8580575273115773,-0.11850274785377873,-5.228857947044925,9.637541459396463,15.249552670806514,0.06506484885660363,-0.824412040705985,0.041553925045207475,0
0.14242528885257774,-0.8714101024087666,-0.1316966305416921,-8.569781215426506,8.462583956767789,14.811966494274696,0.06468551692176894,-0.8355666663523552,0.02798245460513241,0
0.13961651513138412,-0.8903918884041784,-0.13926949452472923,-12.125706262498923,6.820017358573445,14.504598592349144,0.05898277882122702,-0.8523905989257987,0.01908673129094424,0
0.13523012152245914,-0.9120010196952424,-0.14114818454046238,-15.399105511019306,4.822105993180795,14.445809837610744,0.04994369418092963,-0.8722460275086663,0.015878390109139696,0
0.12579587279000592,-0.9347067964266044,-0.1405525911368708,-17.982663718574784,2.756292654511086,14.657684565648363,0.040435579616450945,-0.8929829086794157,0.017810436001602915,0
0.11096778882950531,-0.9594029549877972,-0.13756294066973082,-19.688091814264304,0.9365207895447488,15.041440823024445,0.031281221674306026,-0.9161092661541356,0.023956633946693597,0
0.09542388647211911,-0.9882368696557225,-0.1279869793168046,-20.55145824718792,-0.47227350246819233,15.455130189048738,0.02120313972343684,-0.9454998800995671,0.033439252366284526,0
0.08435556750426242,-1.0229518605347023,-0.11153040264666404,-20.726829011399815,-1.5215864754212043,15.83210187049684,0.00947561070604026,-0.982276934004066,0.04442933767997731,0
0.0782692854366512,-1.0637602477481745,-0.09653896632559547,-20.358200135989094,-2.403451346146586,16.20615103836108,-0.0022244077165190666,-1.022234495127217,0.053506652469119925,0
0.07359054062382164,-1.1081189896669636,-0.09183463211955732,-19.515822486771913,-3.310183861608424,16.61527153245089,-0.011372258671696722,-1.0590990139386958,0.057652284928907366,0
0.06721839166447009,-1.149767901059802,-0.09606483992392444,-18.206319892455216,-4.333976008057746,17.011275317998464,-0.017607272514771937,-1.0893000910179884,0.05757436854783106,0
0.058755379619850875,-1.1806785756701776,-0.09926376764396713,-16.425214411422207,-5.455321244533814,17.28700880130057,-0.02304635684854814,-1.1129235295148059,0.05791836100137254,0
0.04925507644066091,-1.1969193122773376,-0.09389687289799646,-14.231580404165799,-6.603673587696548,17.37943233966192,-0.029431263739040633,-1.1314289143538756,0.06301070487122287,0
0.03982459265824108,-1.2033402204366515,-0.08079126701544283,-11.800945441970505,-7.729108677698758,17.32931805969118,-0.03605520386355896,-1.1460151652808748,0.0729835112702107,0
0.0313750073603998,-1.2102107380440363,-0.06466345366798186,-9.381549493577655,-8.820297625117625,17.24418118532292,-0.041085958320189776,-1.157853805965178,0.08503937172598286,0
0.024665267817281167,-1.2235533673169887,-0.048064930374638146,-7.1586512201395935,-9.87044796214949,17.212078703081573,-0.04416382807897071,-1.168417014617753,0.09753744605302549,0
0.020364644436035032,-1.2398903816748321,-0.03156240425931145,-5.160051348986549,-10.8642886479677,17.249644009884676,-0.04687625015151609,-1.1787056094999286,0.11102871248501658,0
0.01869957001479568,-1.2515404664711485,-0.016711258824011435,-3.3068207747374228,-11.818524641254834,17.319784827465856,-0.050808272774509035,-1.1882040736825932,0.12557757986351553,0
0.01844523165795863,-1.2553011466612731,-0.005398116590895549,-1.5344841220427858,-12.80897149497079,17.38102346712691,-0.05573907560682435,-1.1948630579971633,0.1391876070160978,0
0.017054295360827393,-1.2538084062284065,0.0029071352202460175,0.16455184564185144,-13.93393113522146,17.414231690891526,-0.06008750019758971,-1.1964041075216243,0.14979393473111838,0
0.01305868599173247,-1.2497363155453953,0.01058719192328177,1.7974090055691585,-15.267701690709233,17.41622708550853,-0.06279937607725945,-1.1920905267979318,0.15768440195303945,0
0.00800862730715892,-1.2422657559058743,0.018572758149122334,3.412668718427913,-16.85747116118609,17.382370737253126,-0.06405392001942271,-1.1834517668847262,0.16488798276063038,0
0.005222405071247189,-1.230366220893056,0.025257293557398305,5.0544118999159355,-18.72218660516369,17.296236051258436,-0.06396385585741858,-1.1731550286842714,0.17254491000440125,0
0.007099350034399996,-1.2168513548780897,0.028944734797126215,6.6922591599834,-20.812707837948203,17.13461975709482,-0.061543724848944575,-1.163130292622581,0.1796842228901564,0
0.013796453273244184,-1.2063326746383354,0.030365175491731386,8.236591778246478,-22.98687259138716,16.887110766408444,-0.05598822922746894,-1.1536760516030315,0.1846780594760285,0
0.02319352097906283,-1.199384116735858,0.03207543622377217,9.642317875849901,-25.06021200279824,16.572575893730786,-0.04866059322610412,-1.1438836588653178,0.1875776069968334,0
0.03206305641754751,-1.191116955750849,0.03558308088241606,10.979506074315562,-26.891209739447568,16.233200400798072,-0.042272156342667365,-1.1327276998560674,0.19070592706473175,0
0.03973237574671996,-1.1770833491042296,0.039869031844923485,12.36904243877428,-28.410910162359258,15.909981748795474,-0.03679100269807935,-1.1202806280982551,0.19634526188542295,0
0.0518374737091369,-1.1598700503632962,0.04302856635166506,13.843464285440191,-29.581394944207354,15.615165891383581,-0.026447092593733533,-1.108498111074123,0.2033839232638456,0
0.07765892204997563,-1.1483131505455373,0.044369333300468605,15.308959717731057,-30.36362407246664,15.305847119825863,-0.002793772461244616,-1.101044153048168,0.20695091147931968,0
0.12033288857128777,-1.1500485023462224,0.043436469084348575,16.67674277613926,-30.772915195183828,14.868111116413793,0.03694008014348049,-1.1020677650595365,0.20218341324521286,0
0.17020911258080595,-1.1656445369077644,0.036306085438455885,17.96715797865395,-30.98386091975701,14.141118567338895,0.08396367256122785,-1.1142782936890792,0.18696013708412043,0
0.2104961789239926,-1.1894893051517452,0.013323451507666811,19.101859560253416,-31.33057753832807,12.994228124839582,0.12201332699310202,-1.1370871261486797,0.1583871537149019,0
0.22998382950465968,-1.2144566671962274,-0.03794494293123129,19.453516152798294,-32.10475477258803,11.41813882767308,0.1394353253511269,-1.1658631410195635,0.10758526360395688,0
0.23041897060055933,-1.2352537854215018,-0.12443675875993983,17.745626624668166,-33.27848809417776,9.554443858604923,0.138420198191274,-1.1931325508121682,0.024049364700236296,0
0.22437111983918662,-1.249670590734253,-0.2378202428407067,12.842650430885033,-34.407511116151575,7.602597456439308,0.13310601787891083,-1.2118422555828179,-0.08895652040228523,0
0.2280216234684114,-1.2590898991788064,-0.3508829026300147,5.038357071125146,-34.82322564561114,5.6323302613765165,0.13922864292956316,-1.2193148120236492,-0.20423818121097126,0
0.25365453387165593,-1.2673471622000054,-0.4285481163061372,-3.4595859246812832,-33.967815074045184,3.452406102332087,0.16503630010435116,-1.2189916748060794,-0.28311232304605877,0
0.3053857495288535,-1.27703144023009,-0.4517517059285166,-9.72332814145874,-31.620168666234473,0.6855570786726779,0.2102423078005899,-1.217795083691278,-0.30482048359281616,0
0.37956722482493804,-1.286064748634173,-0.4351959813429717,-12.181788729609803,-27.85554795887291,-2.9937240553128226,0.2708073566290408,-1.2201646610709518,-0.28542903659365126,0
0.46576652809737246,-1.2879404470658669,-0.4188452210386523,-11.687481333247874,-22.812770890804096,-7.670845625937626,0.34102725529907507,-1.2229091935466527,-0.26635370022029237,0
0.5443818797001855,-1.274589993746196,-0.43795515929073825,-10.573162419742903,-16.553116886117287,-13.181643882300985,0.4088070704366146,-1.2152471213458507,-0.2831940610279446,0
0.5874934245390936,-1.2386528697719656,-0.5002813610443042,-10.707353329286876,-9.214294274212342,-19.196469012069997,0.45240382353122793,-1.1846525417387301,-0.3443361252563607,0
0.57297716451902,-1.1751248364275033,-0.5903520808915631,-12.436823484528194,-1.2756165337201528,-25.256158915051746,0.45013457364867127,-1.1243326154008615,-0.4352956262274872,0
0.5043600432795305,-1.0847636635451385,-0.6890568483225068,-15.12269550004664,6.4610216814620465,-30.769268295443126,0.3985346747040817,-1.037632350054387,-0.5364456907841939,0
0.41234977750256313,-0.9787056017071929,-0.7827446865891051,-18.226951715005054,13.249825023933607,-35.116232123331265,0.318323101454632,-0.938014361221908,-0.6321263849192063,0
0.3295614258112975,-0.8793209154190275,-0.8564831638756699,-21.629187258097378,18.760513735573866,-37.918317997156024,0.23754984644730487,-0.8453490214935625,-0.7067672933774094,0
0.26337270012105507,-0.8125896942488543,-0.8904874126544325,-25.132605593187172,23.072764662783527,-39.2721798662978,0.16839941743226366,-0.7794789143485027,-0.7424596674807685,0
0.19638323617793504,-0.7946768059015129,-0.8717680604839061,-28.150205933033096,26.404739783973547,-39.652870713810685,0.1021576117583517,-0.7534257572450868,-0.7277143070193874,0
0.11103804012863307,-0.8238977984755627,-0.807257187381991,-30.116767229041404,28.907424463105386,-39.48160199140392,0.02509427481240976,-0.7698854946516017,-0.6683497325856862,0
0.008790510168670497,-0.8861674553608094,-0.720304065382189,-31.06715733322368,30.642101762537507,-38.76372876114403,-0.06459707497905597,-0.8224242130851949,-0.5857104092708943,0
-0.09336617798239803,-0.9671640400798772,-0.6340573234028749,-31.57534121816611,31.603404747314865,-37.183047758519294,-0.15567886911854953,-0.899238062835194,-0.501821929213819,0
-0.17821345646866718,-1.0575045475154148,-0.5593347004223591,-32.055763074098884,31.702858517866282,-34.53876725255897,-0.23498204794877153,-0.9869851288239992,-0.42639171789630953,0
-0.23811384531734925,-1.1486513861021719,-0.49555263803705707,-32.182827683359676,30.803363494069693,-31.036509477155487,-0.29596518522435233,-1.0738123267811348,-0.3577684218644258,0
-0.27466194348496514,-1.229493956959371,-0.439050370711275,-31.046086906542325,28.872383485883443,-27.150298806190158,-0.338058522567208,-1.1508575630406366,-0.2935244841207255,0
-0.29244692260611915,-1.2893363624247385,-0.3895084731256708,-27.90231250267795,26.14101434257434,-23.261844455498643,-0.36201257179627816,-1.211696200670572,-0.23725407262052245,0
-0.2925314428579178,-1.3224780336074828,-0.350191317935835,-22.84430243110071,23.092184542767633,-19.462614172200375,-0.367229215352182,-1.2513511902010397,-0.19583976182604165,0
-0.2712388722079589,-1.3294521941129314,-0.32465323647290045,-16.838342192928312,20.254380532094853,-15.642040115821134,-0.3517820797493049,-1.2672152145094828,-0.17307386594573257,0
-0.22571471243031732,-1.315918320226152,-0.314982389194156,-11.149199599887286,17.96815305210532,-11.674330774658229,-0.314257413838131,-1.2611675170950896,-0.16717848449016545,0
-0.16011297541960462,-1.2905759731705104,-0.3217761712377396,-6.632301252971539,16.299891297208717,-7.509526639480759,-0.2567732971466848,-1.2396879267514138,-0.17327701831899758,0
-0.08509420105852526,-1.2615027663312075,-0.3423204989155414,-3.3964301376173633,15.111322391252825,-3.174291855334632,-0.18658268486905902,-1.2107560610236903,-0.18685062592586923,0
-0.01128214895296709,-1.2325079781638266,-0.3684110293383753,-0.9918025844979375,14.178366686016801,1.2283070352261567,-0.11352085325193952,-1.1798821870446468,-0.20482503425837514,0
0.05586157259834497,-1.2028038602203721,-0.3892331867833162,1.1140283235690602,13.306341380166545,5.528713211317644,-0.04519168881450972,-1.1485078131620805,-0.22428819629329214,0
0.11507550638919796,-1.170096229116726,-0.3982811732034559,3.158662206909711,12.451135793925715,9.56766299850689,0.015078513802966608,-1.115673885288446,-0.24100159915838834,0
0.1654276141609934,-1.133533537455616,-0.39648919756147616,5.0483237153855445,11.783855300694484,13.28466670855279,0.06634999657237821,-1.0805538043415184,-0.24972867337579777,0
0.20527376580342335,-1.0936418888067119,-0.38844952017157025,6.603834602569149,11.583878475595675,16.690359732552327,0.1080988831840246,-1.042954754515135,-0.2467646818988544,0
0.23473401151525464,-1.0505318559029737,-0.37768689257059596,7.794276491929409,12.003960317998446,19.7294932463255,0.14061999602050138,-1.0022291498877922,-0.23294677811557568,0
0.25710446445406,-1.0040383430296471,-0.3662884659689808,8.712635049965385,12.949686929428248,22.21041609177919,0.1657145054699405,-0.9574183300547066,-0.21415595333275453,0
0.2760459566503096,-0.9558543521862403,-0.35617541148226833,9.367715514763841,14.21928451140009,23.91972279174233,0.18535495088937864,-0.9091757371123493,-0.19769290786107638,0
0.29160258902758995,-0.90938910967593,-0.3480725011196137,9.599679266419924,15.7265353814216,24.81217345669824,0.19957963424177927,-0.86082967022972,-0.18693291773647336,0
0.3003372813858151,-0.8666665867986548,-0.34016669680079686,9.257836609141702,17.528870216084222,25.057364098766527,0.20634105295484043,-0.8168728532741008,-0.17924375175814203,0
0.29956466145183497,-0.8275116221525824,-0.3296721303090675,8.411416161626512,19.65525931512626,24.87504304712973,0.20376857059978226,-0.7804277117525052,-0.1693723540663933,0
0.29049823387049784,-0.7926581853860752,-0.3158515983405817,7.305101169778143,21.991269924596182,24.34624197704495,0.19259739216765376,-0.7519029000112776,-0.15494281304659904,0
0.2767015624560409,-0.765089539327816,-0.3010030191520321,6.113026726271336,24.387351349543497,23.44659735567191,0.17600476032007967,-0.7293145347603807,-0.1386470176056243,0
0.25946309206584195,-0.746518921999886,-0.2885872799796197,4.804542581333116,26.83734903508715,22.266137443280176,0.15635086034777226,-0.7098338982795785,-0.12534952976764044,0
0.23540636329489345,-0.7340581768898994,-0.28068395517328865,3.2622476728287078,29.44442276111156,21.08800601906934,0.13226476424196787,-0.6918695604876856,-0.11761097152471749,0
0.20014625637972014,-0.7225099714842059,-0.2772134456662136,1.4667545723077016,32.17808402041321,20.17865213423776,0.10047385345227805,-0.6763063720403846,-0.11420558303784957,0
0.15463333084219172,-0.7102463054418524,-0.27675786020549503,-0.4755289771868316,34.77220238841491,19.579821585924392,0.06121457092716262,-0.6658109580044571,-0.1121248730281568,0
0.1064510864403525,-0.7015083660659622,-0.27682430821463944,-2.45246716054234,36.95302418356399,19.18420103456357,0.020271945274391544,-0.6626657324307997,-0.1089170636414538,0
0.06429068565245429,-0.7018739625342254,-0.2738599282706835,-4.437742092847574,38.690728212772385,18.93342851967627,-0.015742014473311146,-0.6667228576349704,-0.10339566757464465,0
0.0322925077800545,-0.7121434897700848,-0.2656890937668711,-6.447062054290719,40.121602741043915,18.838848992268115,-0.044868339238207,-0.6751863706297117,-0.09559498233775207,0
0.00987728905844812,-0.727545971619126,-0.25462854259014933,-8.43529113034791,41.28912391349649,18.865856471516125,-0.06888462121044805,-0.68479055902746,-0.08681897794054981,0
-0.005097987072577938,-0.742118839264026,-0.2458907182476877,-10.281231815750605,42.10093099810801,18.917084347880984,-0.08837605713406739,-0.6945619142562816,-0.07922288741502306,0
-0.014549874386166398,-0.7532334774664815,-0.24219563432258107,-11.882039966912473,42.536546670354646,18.92845652661958,-0.10154629624272299,-0.7063748559335199,-0.07463349591139706,0
-0.02002317512366953,-0.7632813379430934,-0.24157505428097834,-13.227183312037265,42.78145409956226,18.904324374790004,-0.10759329251426097,-0.7227443706786116,-0.07335638302044131,0
-0.022423821313784665,-0.7779590816543455,-0.2404614347633487,-14.353166873038543,43.104200737218946,18.840521742352983,-0.10856574759342474,-0.744025057291929,-0.0739378906886188,0
-0.02225937402003745,-0.8013498097419731,-0.23751139692225046,-15.2500354573027,43.632562572137665,18.650914222880566,-0.10741229674822687,-0.7676312298691393,-0.07428008625571504,0
-0.02068499133412942,-0.8313458057145253,-0.2345343830318763,-15.857091342781619,44.26612070736119,18.19409218608392,-0.10596537499877713,-0.7901938079250432,-0.07329369947539695,0
-0.01929483065073195,-0.8610481935239003,-0.23445591960834916,-16.153709841354043,44.781207063036426,17.380676198642377,-0.10497836747707308,-0.8107125399694847,-0.07152531058777818,0
-0.018501833376707397,-0.8853970279823293,-0.2379710591423166,-16.211801623091816,45.00369368075044,16.260776575330464,-0.10436082532235269,-0.8311710603923449,-0.07032151016997712,0
-0.017051811769794468,-0.9050186642866327,-0.24199495884183064,-16.134966818234478,44.910203611760195,14.997924478363506,-0.10290141976070494,-0.8535697565313138,-0.07059564169414588,0
-0.01344436540288339,-0.9233207765327358,-0.24246885308649233,-15.971054288986727,44.61587071664095,13.74340566766331,-0.0992022866810052,-0.876734370538968,-0.07200668143907848,0
-0.007646400313802658,-0.9419014014042266,-0.2388004230574349,-15.698085372402423,44.281030068987704,12.53644180259177,-0.09358100740842618,-0.8968481094720191,-0.07264940171451513,0
-0.0015895658796838553,-0.9596125244965608,-0.2336228838201181,-15.261059877915544,43.99790502247058,11.322378062888252,-0.08806568596997573,-0.9112901915810699,-0.06971656867578704,0
0.0022685006728838672,-0.9743365279294699,-0.22782029997156678,-14.605348383992979,43.73813473761182,10.038208679112383,-0.08405345229905126,-0.9212568166431337,-0.06128323333865772,0
0.003318830142387069,-0.9843870659325418,-0.21868936777944695,-13.713023638898699,43.40486468786706,8.659898940818453,-0.08112350362122957,-0.9298711014709617,-0.0477855529652589,0
0.003209593063416107,-0.9892323276119885,-0.2043282217660633,-12.627408318739114,42.92863852812785,7.1951445835224295,-0.07885191357488114,-0.9380555575262103,-0.03176501581889142,0
0.0033261802323536665,-0.9903007805584478,-0.18718616802155638,-11.403064243428124,42.305447188968735,5.678012000305864,-0.07859345990480143,-0.9435500318675245,-0.0164511200632829,0
0.0025635117489823936,-0.9905046290508561,-0.1718010234106012,-10.007996609229556,41.56023269841923,4.178604870869494,-0.08226781842355936,-0.9442614480715716,-0.004573404574830544,0
-0.0017401439865019383,-0.9912340489048326,-0.16121083328612015,-8.319083967660982,40.702719770922386,2.787737102814229,-0.09008455610437067,-0.9409713654705052,0.002243072441996661,0
-0.011309749330044066,-0.9898199689307849,-0.15666681842071162,-6.26988550907176,39.72103926064031,1.5714926596545702,-0.1005884349991359,-0.9357377049153183,0.003754105572379233,0
-0.02574700193437567,-0.981813192144442,-0.15845333188025976,-4.01004377336747,38.59670857790937,0.5418492836158385,-0.11234880743124809,-0.9290693427097497,0.0009577813277145254,0
-0.04259293684304962,-0.9664829800169944,-0.16505342994513572,-1.8902275097896235,37.31630728087076,-0.33200589745261133,-0.12435172702261284,-0.9202278498066236,-0.004495227650492565,0
-0.057713212655794696,-0.9487382560511264,-0.17273446004894677,-0.2635320015483377,35.883701471893936,-1.098075166861914,-0.13519945526517443,-0.9094904786395043,-0.010741871856119772,0
-0.06708326244614454,-0.9347513085396918,-0.17772774194825278,0.7183127669149012,34.332705937003546,-1.8055219375687896,-0.1435818053740458,-0.8983629019585953,-0.015577584119077269,0
-0.0699892873479726,-0.9264534218218261,-0.1786642696884468,1.1448434381823038,32.71357560871188,-2.484949326890467,-0.14972167706010397,-0.8875622728234753,-0.016593715224749197,0
-0.06978432958649321,-0.9207419556763258,-0.17638103400189392,1.224101479368497,31.04962997609313,-3.1191733231974643,-0.15469684763972708,-0.8763592820214176,-0.012471035688629548,0
-0.06980286193358506,-0.9130887616564332,-0.17204405505863818,1.1312143836335635,29.319156514245336,-3.642230519790834,-0.15754050615865295,-0.8645507718143408,-0.004353773130330115,0
-0.06911301908794801,-0.9015772071894226,-0.16593527834562757,0.9467342679876147,27.507674647281295,-3.992817480022606,-0.1546032391887511,-0.8538978260572314,0.004594798961062013,0
-0.06396333738501515,-0.8887241724725743,-0.15791746017781544,0.6931494841348748,25.681857069768352,-4.175442678055719,-0.14345131519889195,-0.8466654314385477,0.011328504691253993,0
-0.052757885319280606,-0.8799632362676462,-0.14922358899945792,0.3847341045073988,23.989786437756408,-4.261266198676876,-0.12663179987790257,-0.8435294210865603,0.014777037037900629,0
-0.0377967122579526,-0.8791833668907914,-0.14294173584010195,0.016198459861499672,22.5757147030399,-4.335656377809871,-0.10977750486344612,-0.8438980183103403,0.016051090451244487,0
-0.022411939887352735,-0.8852441419177671,-0.1411418235839752,-0.47922146395577664,21.502784868883598,-4.458972819242384,-0.09599789196502417,-0.847740513392013,0.017093164287097454,0
-0.007781412927483654,-0.893769396825791,-0.14227330412675412,-1.212325356404968,20.757152298204005,-4.668057880388799,-0.0835912875390171,-0.8559620509202304,0.0188973334502736,0
0.0072689292764211615,-0.9022351274836755,-0.14311600195904778,-2.252146265420576,20.300375771338473,-4.986874598815427,-0.06946940392230705,-0.8688103499552557,0.020956518246944344,0
0.023703958620878762,-0.9120217940692449,-0.14218408002973854,-3.561311331470348,20.098137799316635,-5.420530236840804,-0.05321592282455629,-0.8845288796886847,0.02255712800527301,0
0.039924620651573234,-0.925616163902795,-0.1395407666751233,-5.012305073546952,20.110042211512773,-5.940281348352779,-0.036892544812391896,-0.9000883202205134,0.024124358080207138,0
0.05279442720185395,-0.9429850712791106,-0.13501190183355602,-6.451275060619135,20.275192729555076,-6.478197422135648,-0.022298743281551157,-0.9132798718755939,0.0265257433501829,0
0.061011294318717,-0.9607925404960495,-0.12947116661642818,-7.751490169857906,20.519934411460174,-6.94828337694896,-0.010199976647845646,-0.923833881205617,0.029202078449560354,0
0.06634511282131723,-0.9748900427299781,-0.12718142290694162,-8.838322817405196,20.78140569515308,-7.294316688668925,-0.001790531157011129,-0.9324989357007535,0.02984264528456049,0
0.07129003867710214,-0.9837555836307968,-0.1331099573523121,-9.698877684407186,21.025297523906,-7.528925460331252,0.0010381664689473585,-0.9394625873561003,0.02622697391477662,0
0.07595486480821094,-0.9891140404262082,-0.14658447294220803,-10.382548870104369,21.251125619191004,-7.721568240113916,-0.0024008489309061856,-0.9440061409444855,0.018114442031335127,0
0.07696658929423766,-0.9929634584467527,-0.16070480042172805,-10.977531713161225,21.493062564799615,-7.942345411411849,-0.010484932557967928,-0.9457100846380702,0.007334547337251593,0
0.06971848484943478,-0.9954143321108313,-0.17002124445986647,-11.560608895049603,21.811899834154882,-8.212364025422886,-0.020815019776761066,-0.9458869416043739,-0.003550910552115834,0
0.0533695813411135,-0.9967331970006554,-0.17581055780329963,-12.156400590100581,22.269708206105364,-8.496815955952702,-0.03207249820547261,-0.9475522264311357,-0.012483146712450663,0
0.033972891421376016,-1.00008287769626,-0.18146334889144158,-12.737383938365358,22.907000693362587,-8.73846999449319,-0.04353170060833913,-0.9535476881732947,-0.018214076084631683,0
0.020927108319603475,-1.0095136278409502,-0.18599575416929948,-13.244044696344195,23.748139389106303,-8.908206186829647,-0.05334937779386413,-0.9646089067642402,-0.02004218322132807,0
0.019623953735265633,-1.0250729338441644,-0.18549224216425972,-13.590011264109538,24.816215931300963,-9.04091818184603,-0.058518957425478066,-0.9796072685557228,-0.017673562525189757,0
0.02836141981545064,-1.0425287609975915,-0.17879102204764225,-13.664187474799775,26.11305392582534,-9.229061408153063,-0.056851060093126154,-0.9973932129020405,-0.011415463093442898,0
0.041779254389896776,-1.0588729819137463,-0.16857740262105086,-13.369607843536704,27.569336680677957,-9.573669491034227,-0.048661307948170196,-1.0172233661519743,-0.0024082463491312575,0
0.05535517522685421,-1.0755890681447084,-0.15798571844917628,-12.693500645060942,29.033717339657148,-10.12862529585815,-0.036248486171932756,-1.0371973693077103,0.007434662935160563,0
0.06675625367016277,-1.0949351729284682,-0.14860907919771824,-11.749951002603504,30.34525832159697,-10.880222519178655,-0.021776279358546716,-1.0540536244097594,0.015865031323679186,0
0.07571077241448398,-1.1148810648174308,-0.1416336813075934,-10.757115394995532,31.42946828174819,-11.769579012957907,-0.006120991911403289,-1.065840232344547,0.02089495798151836,0
0.08458623884422374,-1.129408206709647,-0.13958368058638854,-9.971057078522513,32.31315258508765,-12.729988062273991,0.009861415158294912,-1.0738410108521101,0.02122754441677072,0
0.09741962545475408,-1.1333561562068253,-0.14619589349256684,-9.611533822777163,33.05062356403533,-13.706158059208306,0.02375232696773805,-1.0806773877616487,0.016654827459427535,0
0.11511157065993036,-1.1271754054458736,-0.16255322416239668,-9.78578839497924,33.66888587461169,-14.641154634350697,0.03272895394010001,-1.08711555245486,0.008772165530274382,0
0.13155551424986242,-1.1182336079911543,-0.18144055587419022,-10.423991838483424,34.20019685000356,-15.453374513663464,0.03647807445519783,-1.0918342206297222,0.0013493478523380724,0
0.13812356930730593,-1.1166293154101525,-0.18865823068638035,-11.289476822485314,34.73462994504545,-16.04633220377763,0.037792628637160965,-1.0941259207242056,-0.0009645718895537078,0
0.13353949701793108,-1.1273135531407004,-0.17515488757091435,-12.102197057361328,35.39945381508447,-16.350503953258215,0.03980301774498844,-1.0958066855459407,0.004781464147966142,0
0.12624462338118572,-1.1463391632607478,-0.14679836032131072,-12.67849077152166,36.2794602997477,-16.34156515399493,0.04325914730306388,-1.1000559871687385,0.018367361479309556,0
0.1249965678532358,-1.1660098746222087,-0.1174900810478551,-12.934276788195179,37.35771677877401,-16.006985702076488,0.04676517614357179,-1.108753791936398,0.03728201383323689,0
0.12981415388675493,-1.1822941835013758,-0.09402251365086323,-12.765974765105733,38.51206977266193,-15.305532057857777,0.04886663267635753,-1.1211620819548074,0.05847380180112012,0
0.1339238846625833,-1.1957809943668891,-0.07257690322155223,-12.007156511268118,39.56214693723853,-14.175679972480395,0.04902308650070893,-1.1348453695936058,0.07930212759455994,0
0.13156101779721302,-1.2074805336496128,-0.04869851749674836,-10.565179744781156,40.36448072466965,-12.594716654075658,0.04673807570448011,-1.1475049001171278,0.09788023451903322,0
0.12187816336269822,-1.21664775670035,-0.024848043570258063,-8.57001184889453,40.90572128086762,-10.643014315748434,0.041025715992101655,-1.1580538596139662,0.113448054275603,0
0.108794872947465,-1.2229835925282162,-0.0069977979559316715,-6.3110539856133325,41.28889882986046,-8.520825248778399,0.031896531603016136,-1.1664463130557206,0.12657836133559922,0
0.10031670111398353,-1.2287117869487818,0.0025114423911594273,-4.006674273175775,41.62123138990921,-6.4838306796379985,0.022304109310891846,-1.1728102023766023,0.1389686840791417,0
0.1045933077980774,-1.236046813527078,0.00732023852885492,-1.683176927796396,41.98329880798404,-4.710573172525951,0.0172951515758646,-1.1766337578421902,0.1527948592904014,0
0.12121867184235804,-1.242944066072195,0.01425183349027838,0.6998248529276164,42.549545943512946,-3.1971765066905538,0.019677762887697806,-1.1768585404058471,0.16938167149673602,0
0.1378616417421686,-1.2444232720040904,0.028199860094616103,3.0769272245806714,43.63234855561387,-1.8139479025015468,0.026534716050580765,-1.1733035417785767,0.18746622908054286,0
0.1418025237602829,-1.2390679482109748,0.04689485662859196,5.320306200279773,45.45083812946987,-0.5271211454597207,0.032231376912829394,-1.1679948641685394,0.20253479641932373,0
0.1357168774002904,-1.2313180990294976,0.059447405760628354,7.44522790537077,47.83066483141488,0.44366483047392324,0.03638713014714197,-1.1642866205059175,0.20842191302581806,0
0.1365816468587458,-1.2264048314618932,0.05108372683331283,9.651964668682265,50.20553023595731,0.7700333402079811,0.0465181949412309,-1.1646603577749153,0.199369832111082,0
0.15721357972005703,-1.2264814316112014,0.00868719432018435,11.9932970418873,51.942857839490756,0.35636503748312554,0.06970757530778364,-1.1705764171396007,0.1683756546434929,0
0.19347643879324233,-1.2331360553548425,-0.07868789944435937,13.79549055221215,52.71457403204455,-0.5134236521473781,0.10314840809613772,-1.1846385597397566,0.10253097766719088,0
0.23067486659539393,-1.2504785074758762,-0.2175873066264625,13.290014264064009,52.743384990574725,-1.422028790973506,0.1359388184106787,-1.2108070056740823,-0.01420741652946692,0
0.2560777524654205,-1.2835154070581352,-0.3966056989223953,8.149213008036607,52.83174590867323,-2.193304172880971,0.1582708271775948,-1.2503622990945895,-0.182757648760046,0
0.2616593689167127,-1.333716465280007,-0.5730471735997786,-2.7204277573749467,53.95141650087496,-2.962419587832525,0.16506899523090837,-1.297953104867961,-0.3687355555669166,0
0.24051174392639244,-1.3951445387659838,-0.6861657975903516,-17.15305394594887,56.41486993517862,-3.8440257916724954,0.15240370099757347,-1.343367054588492,-0.5091765465868584,0
0.18708199946157827,-1.4538756847528431,-0.6986126678016805,-29.737840827340094,59.29078673591306,-4.577074724804839,0.1151506086083938,-1.3779867970683246,-0.5535199446211303,0
0.10000671808865655,-1.493497075968004,-0.6285949844867462,-34.99095267055501,60.78282532260664,-4.582410435877326,0.04840850387971881,-1.3992408860805965,-0.5045554223399118,0
-0.016870713729641978,-1.5041720242065197,-0.5377137514704551,-31.459301353969146,59.371471872004754,-3.4014034842523175,-0.05042329839882723,-1.408616723492599,-0.417339771735696,0
-0.1518490119159089,-1.4866006032418397,-0.4859551183997547,-22.82788438561396,54.7070768757755,-1.0509077693010807,-0.1767237334516838,-1.4055688490155946,-0.3570031248099527,0
-0.2810855039451824,-1.4468402450545461,-0.49745273055058165,-14.782271465790455,47.57917698597031,2.0471801847107622,-0.31041869634125807,-1.3840183951562408,-0.3577813005818036,0
-0.3735810679438896,-1.3885595125475814,-0.5618616320251819,-10.702755224037467,39.250976722280605,5.426344989722372,-0.41713295333869427,-1.3359298841892102,-0.41581630134010195,0
-0.40888362498495084,-1.311152202765681,-0.6564175832205174,-10.1538023319468,30.843092074796413,8.832707329522762,-0.46765147097834847,-1.2588796029158602,-0.5076344778052079,0
-0.39083783755058127,-1.2145464417900529,-0.7603883686314995,-10.807970002777976,23.097320302607073,12.168106829666305,-0.45889197119374137,-1.159734489524776,-0.6079159755406044,0
-0.3408844175769989,-1.105144473729093,-0.8538086717727332,-11.10625675288777,16.449028985673532,15.275160046644668,-0.4122312810734768,-1.0513265800505114,-0.6953772914057468,0
-0.27857065786755836,-0.9973514060218277,-0.9150607641757486,-11.083498470887669,11.229547026042628,17.87736290160662,-0.35208469921614505,-0.9473527725431787,-0.7532091848562529,0
-0.2108878425572139,-0.9092259371146537,-0.9290171064043793,-11.364207376352917,7.808884551324887,19.767815380966184,-0.2894103616069479,-0.8607280108214496,-0.7709676979960349,0
-0.13728381871966008,-0.8548653486686861,-0.897471464527022,-12.077721997476274,6.510794436112868,21.00682588805522,-0.22308945877661135,-0.8031020918583129,-0.747608732868219,0
-0.05784124260882939,-0.8379372778298617,-0.837701543169202,-12.853231270359519,7.328971564514743,21.87117536777407,-0.14992134033236365,-0.7811027019543876,-0.6925227375825405,0
0.025670099879618047,-0.8505740827550665,-0.7701774227668369,-13.464977644507607,9.732443219378965,22.618923300413087,-0.07015985852648002,-0.7917070144530238,-0.6227241636156611,0
0.11211686970380791,-0.8794555594748992,-0.7082160531236767,-14.108551862378368,12.844712308483624,23.340276366870082,0.013405439341129663,-0.8233245054321163,-0.5563475863733317,0
0.20014635677524567,-0.9151123550083183,-0.6566379045010617,-15.040685611321951,15.941448584434847,23.990525534499234,0.09760350362143431,-0.8632238644324843,-0.5047798624600445,0
0.2858741719809612,-0.9557512736855914,-0.6150819861215603,-16.140089835167178,18.850126060159717,24.450342553739482,0.17948581828393914,-0.9042006878369221,-0.4677536325981736,0
0.3638398928881795,-1.0016784353223143,-0.5793335470710859,-16.88895432790089,21.859757815151127,24.494343833899805,0.256094308848893,-0.944568926126664,-0.43532995594354873,0
0.4295994785364682,-1.0478885784894187,-0.541436665932189,-16.70939414862171,25.219545124004142,23.761794475578142,0.3235296348747537,-0.9835408659395624,-0.3961633331028895,0
0.47896834362856255,-1.085373950232586,-0.49427451681603307,-15.30697291211466,28.742004683194974,21.87795267075874,0.37561743980932233,-1.0184698030573158,-0.346014019242683,0
0.5055108995206035,-1.1102044423524173,-0.4395545520995568,-12.816176818536116,31.897022470942233,18.691129974925857,0.4047559459807353,-1.046765552870483,-0.29039364022549174,0
0.5026950411382272,-1.127889304633535,-0.38941953840106647,-9.757209008263453,34.22491822006259,14.401727470904383,0.40576986122474906,-1.0688299264135965,-0.24058316908147864,0
0.4698589307212298,-1.1455681853930644,-0.3569312924536744,-6.864468805610051,35.5955988336723,9.426199303631256,0.37887972084333293,-1.0869693688806321,-0.20663819408329043,0
0.413829313775298,-1.1612266660357815,-0.34492948544738844,-4.793582051818334,36.13120068776733,4.129174451626094,0.32888940830003505,-1.1007923177822643,-0.19176459094207868,0
0.34405730276559987,-1.1644946226939266,-0.3458475081826221,-3.7581692927007353,36.04149194402447,-1.2890662109053166,0.2628223004559272,-1.105126878859849,-0.1916051452055637,0
0.2679458570474041,-1.148547571189481,-0.35123269237419313,-3.3384241566112376,35.613771797860494,-6.676339563764432,0.1884195927075814,-1.0942061569075068,-0.19877034068336522,0
0.19052524632420734,-1.117806501030339,-0.35805202946099896,-2.736128227467247,35.24931599889344,-11.806348181184664,0.11262264984543066,-1.0680786028192488,-0.20775080102211751,0
0.11515503543077499,-1.082308121111246,-0.365599118360777,-1.3744473691743195,35.303662646161015,-16.44037540005279,0.03949526557333348,-1.033701045439021,-0.21497381882203084,0
0.04261455602322849,-1.0468367307065816,-0.37063124304246603,0.6742295576365427,35.74264623997032,-20.479179198584426,-0.030309902913602794,-0.9985296741006294,-0.21597699726496783,0
-0.027201103276309996,-1.0079104499905356,-0.36884287814320527,2.816444281724013,35.93788095071694,-23.985336372008742,-0.09650670146459156,-0.9631903997196952,-0.20677566538590114,0
-0.08926672723876573,-0.9610538657594621,-0.35991488413354894,4.444970983967277,34.96260965547912,-27.021055853636128,-0.15477230364696828,-0.9222926756185508,-0.1900155545625975,0
-0.1332596813508155,-0.9089978667229182,-0.3487041846488915,5.347463680233502,32.361347173204614,-29.468417520917207,-0.19760784526835942,-0.8736270987959235,-0.17644330960451426,0
-0.15475862051733463,-0.8607570928915134,-0.34136896955152174,5.746495241207104,28.74200077204949,-31.035773834715737,-0.22208501462573252,-0.8242748624265136,-0.1758786239729826,0
-0.1619070173537201,-0.82295155191965,-0.3411213336150267,6.0355713884198074,25.452742612162144,-31.468848950372394,-0.2341300431115132,-0.7847186725748967,-0.18693840552631888,0
-0.1646719952525052,-0.7952817376296591,-0.3465441467201433,6.439628208631562,23.522512444177522,-30.764401549673494,-0.24108580304303498,-0.7587256814247725,-0.1983131109893122,0
-0.16263582116199451,-0.7757959705796359,-0.35181757572581907,6.844892378303169,22.934606933654745,-29.193357943126244,-0.2423354104678241,-0.7428090475287868,-0.19973269916044173,0
-0.14962380336360181,-0.7662463157683533,-0.3491849948084477,6.925916756783802,22.887757187301915,-27.165260914233,-0.2318695082336357,-0.7340564489911383,-0.18958993007108554,0
-0.12470704564243854,-0.7684016154425959,-0.3347428307356978,6.453795330519429,22.56489425087598,-25.087097849920106,-0.2079026285651172,-0.7334491660826905,-0.17317122452151062,0
-0.09154122272271632,-0.7782511253394659,-0.31347646276688995,5.496377971408849,21.61425415497156,-23.27267106554492,-0.1744594416367813,-0.741192618534949,-0.1570811179086169,0
-0.05098621750939104,-0.789110199058622,-0.2963142673611689,4.343844357537918,20.159563031046737,-21.87940140587092,-0.13453663258628595,-0.7533270026023821,-0.1456548568160656,0
-0.001884522206748168,-0.7993750887207474,-0.29013451492734343,3.3091688344938586,18.604835877396383,-20.902249600350547,-0.08766398238236593,-0.7649154935415691,-0.13939746007784287,0
0.05198126270929975,-0.8117961398290624,-0.291604217098716,2.651514445073203,17.389482794363264,-20.262745256042603,-0.03531011252316857,-0.7737304194873421,-0.13520197191398658,0
0.10190952699941977,-0.8247160859147872,-0.292035281597209,2.6015567222652596,16.728756286976473,-19.910085978576614,0.015903552374247894,-0.7788947958991925,-0.12964081139087538,0
0.14237501788611967,-0.829994184679673,-0.28744896658775754,3.266254760956066,16.49513514652548,-19.807943625456502,0.05862952042224763,-0.7785249946791545,-0.12304911042821683,0
0.1750955335522232,-0.8224260772225246,-0.2823275604107777,4.421044454382634,16.37798323526979,-19.847090830911107,0.09042526831509373,-0.7716624056761316,-0.11936216334428078,0
0.20367765058239645,-0.8070872034007497,-0.2830223493865816,5.496356557091916,16.1736010943004,-19.849070286044764,0.11407310268797625,-0.7614704551550171,-0.12140365225690582,0
0.22780017838450886,-0.7942818837507103,-0.28900796140760926,5.903962978475471,15.921179245194093,-19.677044074332198,0.1336592639498381,-0.753752744326446,-0.12710568593361848,0
0.24486972470306198,-0.7896570436520125,-0.2929033540791906,5.423442691303688,15.81159014501256,-19.288102710842743,0.15070323010372857,-0.75194265399401,-0.13059094586851955,0
0.2544397456995196,-0.7918380385178474,-0.2887263695728495,4.293144679665352,16.020862571488674,-18.66704745254252,0.16346591210902742,-0.7552290267129124,-0.12652062732646027,0
0.2583112808103951,-0.7985020149240679,-0.277398676732091,2.984772566886052,16.596710597309713,-17.793315211269384,0.16992023698659264,-0.7621979065975604,-0.11401141103953223,0
0.2582502735292737,-0.8116244062671034,-0.26370818130742585,1.8931769641203395,17.41694774407542,-16.73128418373518,0.17105228326333233,-0.7748752961168908,-0.09749723724261877,0
0.2558546978511995,-0.8353637227199635,-0.25065452038686753,1.133323828740017,18.22964335398848,-15.690072017729598,0.1704758169635741,-0.7976636380401558,-0.08339487165501795,0
0.2533493313422426,-0.870976270679698,-0.2386116555133382,0.5393427670218278,18.78445940503346,-14.894226718264262,0.1710068588341925,-0.8320950726576563,-0.07457204741339983,0
0.2524996860914138,-0.9158618965380745,-0.22842991818499817,-0.11430031832214117,18.974352441109904,-14.384304434852792,0.17230143064725087,-0.8731697201999249,-0.06803293753478373,0
0.25266633091565754,-0.9645534444902887,-0.22204934824562517,-0.8319517652604826,18.860370238118556,-13.996917713642823,0.17151715233724274,-0.9115526924720224,-0.05888677332835175,0
0.25079657659917376,-1.0075752960054332,-0.21879711037896066,-1.3507130253262958,18.571980094503285,-13.541972514069,0.16569182916721484,-0.9402207556122049,-0.04620767248984305,0
0.24394330975861916,-1.034274757907908,-0.21378016077873188,-1.404991930729977,18.216560524962436,-12.948211117334665,0.15389155245136305,-0.9593677755555217,-0.03379175203451294,0
0.2313924258167026,-1.0426030765169096,-0.20285242796999822,-0.9950575048036084,17.88475068920035,-12.237080961323441,0.13765409464947276,-0.9743410436216374,-0.02541972702705208,0
0.21340301260165515,-1.041952884229776,-0.1878124852017145,-0.33071843036919946,17.671285184435778,-11.42734559639596,0.11922633071743274,-0.9883001923651984,-0.020928093761457704,0
0.18930306752081597,-1.0408550708469135,-0.17443598845745878,0.47472280636593317,17.61282779107974,-10.509927346846947,0.09944057284306501,-0.9975183289172106,-0.01729609476132111,0
0.16023129697140642,-1.0368282712049581,-0.16729611727680263,1.568586723310089,17.618003837546144,-9.484530675781278,0.07810486903641041,-0.9952315998484523,-0.012494387554526616,0
0.13301727622597612,-1.0239128249970615,-0.16863958292510406,3.1517816730811705,17.53487735192551,-8.371047487662764,0.05639450154546922,-0.9801708116546555,-0.007855929420457132,0
0.11570259435075293,-1.004746640821809,-0.1788610969231628,5.118515445140694,17.30527490173932,-7.173347861968901,0.03724386837604497,-0.9594848090517193,-0.006997218069544998,0
0.10760199934958879,-0.9882302372709005,-0.1936053123206151,6.976229219869958,16.992814425197245,-5.860100618080023,0.022616749778755663,-0.9423244574092448,-0.011890039414748158,0
0.09916124841136148,-0.9782232753166515,-0.20306386462579426,8.19518912815403,16.641832047605746,-4.4193201150161165,0.011648666222608439,-0.931975041451871,-0.019574287869255552,0
0.08424900056459095,-0.9709072820569037,-0.20014703055033015,8.651216620248887,16.181762648241016,-2.940222659568986,0.0022217017526953197,-0.9249663029749108,-0.023843606593791346,0
0.0679590743605401,-0.9623106581452342,-0.18884958182396658,8.705028595033156,15.522755948199615,-1.6049724369942844,-0.006553116948508875,-0.9159414336968555,-0.021053115828901358,0
0.05940371344435848,-0.952523647217137,-0.1798173771217254,8.857770207023217,14.707474586855522,-0.5490367929080859,-0.013660123248725661,-0.9021126806181251,-0.013564556045893458,0
0.060674639047076116,-0.9416091756707681,-0.17814787254181821,9.354497798830355,13.914746745970085,0.2884708759048088,-0.017057396591394484,-0.8845664256752906,-0.007146282893154944,0
0.06621205068844535,-0.927057562813827,-0.17992580822016296,10.089567439919634,13.311189045592275,1.1479137400635961,-0.015373519776650251,-0.8669325463058364,-0.006018889268655687,0
0.07056816730949964,-0.9085156200090662,-0.18067710155087893,10.808059300074827,12.922766303616644,2.2478767195843585,-0.009744928028739644,-0.8525026788428349,-0.010596039771544701,0
0.07315274969962793,-0.8910910461310758,-0.1822198223765841,11.35127738866156,12.657644839657944,3.59725880478485,-0.003803768984053946,-0.842040921973769,-0.018365633505316257,0
0.07576038721914646,-0.8804755854970118,-0.18840682030531347,11.746913158916065,12.428986633849282,5.008841679805501,-0.000900488584845526,-0.8345371762631895,-0.025785357624052884,0
0.07862272432587682,-0.8772497220384464,-0.19728916247137623,12.121203826286289,12.223288814483242,6.262709472522912,-0.0011615153424608888,-0.8297182190447259,-0.030105669364324465,0
0.08066580489162888,-0.8780951154144332,-0.2017133510571257,12.53955004767792,12.06208588990933,7.230543930734063,-0.0015282104010279501,-0.8286643932810873,-0.030447997134878845,0
0.08248665678804123,-0.880252920016299,-0.1970575284638931,12.930656711833324,11.952846934182741,7.8984599022282085,0.0014122975794341505,-0.8317785000796672,-0.027222906823606917,0
0.08696757227949299,-0.8834243571857422,-0.1854105193893296,13.184159729086545,11.896194903550077,8.355446783621987,0.00861104044175638,-0.8375472424569237,-0.020681953070670136,0
0.09629705334138879,-0.8890721644704073,-0.17224618736166225,13.330219254686286,11.895841644233649,8.7530582846933,0.018148860334807886,-0.8441959824861405,-0.010821714328515641,0
0.10912113396785786,-0.8985831960859875,-0.16104512413828326,13.588760281463312,11.935434222840488,9.196169399262471,0.027462293585782244,-0.8516206810059843,0.0011892814572521592,0
0.12136335527977356,-0.9113834658731741,-0.15160534706787818,14.200012576007563,11.984905576007101,9.646971989969726,0.035932189046435116,-0.8607353100347689,0.012421086926142869,0
0.12996558562552302,-0.9248482478299862,-0.14278879870994163,15.190445425358499,12.052454248910427,9.975844650100898,0.044711327238349446,-0.8714853162706224,0.01973569684260806,0
0.13514281428452293,-0.9357175515169669,-0.13576261492842284,16.299543151185663,12.172019792617034,10.108448496675063,0.05371446786520983,-0.8822873435145442,0.02205068886472408,0
0.1383859264257441,-0.9410727796511286,-0.13303355527944508,17.14460000003971,12.270862298891117,10.07941790285832,0.06001112616706692,-0.8910933394957331,0.021199015966039,0
0.13959792161477252,-0.939585232684367,-0.13423833749221484,17.50469916343809,12.063183137435649,9.955216034737628,0.06068261187860541,-0.8964036818396283,0.020655790235832455,0
0.13793929805918909,-0.9336736517254997,-0.13506321084526857,17.49458888398216,11.151492732659685,9.779499007596204,0.05666362232696194,-0.8976960825692948,0.02311819299110893,0
0.1341662061996104,-0.9290957682754042,-0.13165898837484416,17.454661316371286,9.295012229097892,9.606715261385162,0.05185637567018292,-0.896043811820295,0.028841131227876134,0
0.1297077296067529,-0.9303888262085448,-0.12483556821215254,17.62448952062864,6.6012629582445,9.503993706267662,0.04832746270859746,-0.8945298598491122,0.03586007470244226,0
0.12436518849312317,-0.9373901327835036,-0.1185845533193657,17.902958968996668,3.466613036515723,9.463842787803946,0.04433996909531179,-0.896792011266138,0.04150639843440364,0
0.11724348500407464,-0.9472044905906608,-0.11518585687395386,17.946638277251264,0.333260919537913,9.36780483547835,0.038005550374305634,-0.9040281565658476,0.0440561248871383,0
0.10932352229310023,-0.958166300831979,-0.11322805714977525,17.524943432609525,-2.540334856268207,9.108950159233373,0.03088952404368872,-0.9138109750893362,0.0437582376404795,0
0.10321569736050513,-0.9703532636179049,-0.11104332412424026,16.776575241967137,-5.169113341507853,8.747227621201825,0.025769469537568222,-0.9229134541298314,0.04246221935074392,0
0.10031860803508026,-0.9833298101451022,-0.11103693375021338,16.09401062269376,-7.779688740895052,8.503214425769025,0.021898300838288535,-0.9313591290832405,0.041775184501221335,0
0.09876689522126764,-0.9961073508706126,-0.11768578693742605,15.736309748936245,-10.633979364339217,8.595303820823094,0.015603414103911629,-0.9429686867472051,0.04159213545121804,0
0.09447207624236705,-1.010327764639356,-0.12963234930669215,15.557615309982602,-13.814582580349757,9.097519418175148,0.005985333740622838,-0.9619765788043019,0.040871514849165916,0
0.08524780653801245,-1.0313643006716477,-0.13704489189500588,15.122020459312106,-17.109924184944543,9.923851601050329,-0.0027286898800708034,-0.9895878199226924,0.03983091731821791,0
0.07416966972477379,-1.0641232783304544,-0.13027645423354922,14.074640446724354,-20.116529016355766,10.891648636750881,-0.005832760242435941,-1.0234800820828136,0.041159609406414034,0
0.06729894846751237,-1.1083654058807701,-0.1084443570322921,12.40729684323423,-22.51296163322206,11.805494440836371,-0.003419046173061228,-1.06033898236192,0.04926020714446886,0
0.06779562661642902,-1.159182014000632,-0.07636646844867837,10.425820049353822,-24.28420117593473,12.55765948821258,0.0005285541715417564,-1.0994284435745922,0.0682888929149493,0
0.07382347503070998,-1.2111162810306708,-0.037228156365024745,8.536251460198757,-25.691847255744992,13.200469483482195,0.0034560062229666106,-1.1435462006415533,0.0999552495563333,0
0.08181014482708185,-1.2607276535403222,0.006635305182190364,7.0621056476159225,-27.027805857825097,13.905678261789609,0.006847047959846818,-1.1949482547855759,0.1417757636446765,0
0.08945401973371034,-1.30581641526554,0.04868401162305101,6.167807782606858,-28.407732620681745,14.827870440870914,0.0132158063824668,-1.2496524744627324,0.1867619110080846,0
0.09572870768997806,-1.3439519720851583,0.0804707033886962,5.8333494269673976,-29.784037800614513,16.004749665684862,0.02203627099754996,-1.2974788561518265,0.22554349428304946,0
0.10093344231325443,-1.372912900123122,0.09978166239031458,5.846121303686699,-31.07648339978408,17.37367007797536,0.030260374910057408,-1.3296913763231168,0.2506221264989939,0
0.10826946522000724,-1.3923230256680006,0.11214263884515809,5.867829260274809,-32.202693014395436,18.845818758185608,0.03710829107186687,-1.3462965356289918,0.26045933185531644,0
0.12348146126293501,-1.4045467064338513,0.12276791820484519,5.627602908606933,-32.99366717843611,20.352597960194643,0.047170971576139545,-1.3546851210326933,0.2603775002049449,0
0.15052426043042966,-1.4139527017703233,0.1306148513984961,5.1401451060396495,-33.20776299549534,21.84990663056907,0.0672954318164368,-1.3618708362594807,0.2589832866290095,0
0.18806021109876608,-1.4239466068055457,0.13232623158397336,4.731225134021484,-32.73989069164071,23.295993682474332,0.10039781394290892,-1.369387579345529,0.2623600644187512,0
0.2324024785169338,-1.433301939128862,0.1291072198723101,4.782577325058778,-31.767716489939826,24.609998636569845,0.14371908113574489,-1.374621561846335,0.270883538969937,0
0.2834689189120264,-1.4366494054592398,0.12739568378369348,5.40015418041449,-30.54969143636047,25.645144648363797,0.19322732375663682,-1.3745452155573288,0.28145344973900305,0
0.34467270449118415,-1.4301768011728972,0.13330945688900114,6.329837300898804,-29.066681405057093,26.22532846136129,0.24770972215722462,-1.3677028845103438,0.2917953936590794,0
0.4156892224527378,-1.4153053932895592,0.14616662865860483,7.212438940912277,-26.99393449125565,26.23919821832275,0.3072728401549334,-1.3544489632325398,0.3009885317526919,0
0.48769765609314486,-1.395044031694952,0.15685266002045897,7.899998026535087,-24.071141920325854,25.723630232929317,0.36895647448931335,-1.3364510882806564,0.306052465591385,0
0.5484282610708678,-1.3691728654528503,0.1538593019532306,8.468460080914895,-20.39338920886898,24.862583070909487,0.425702639649678,-1.315274020806743,0.30047264453898087,0
0.5917046742415584,-1.3364164649385144,0.13171656340153487,8.916138534608857,-16.275145798609774,23.88154384557007,0.4703485056760969,-1.2908181336420406,0.27818265058045527,0
0.6201856808755105,-1.29980574115528,0.09291906659259777,8.9511583393582,-11.90020032033491,22.916627334083188,0.500254543250401,-1.2617531375221909,0.23914284421015872,0
0.6397074225026649,-1.2654951961039598,0.042397839865740215,8.19331231902735,-7.1722775618042816,21.98420029020861,0.5182847565028094,-1.2279557015008127,0.18957112243740648,0
0.6544214845145134,-1.236022409282061,-0.017842864908101268,6.57091743360561,-1.870677670106816,21.06375870125479,0.5304106527802991,-1.1919677969010993,0.1354070473604825,0
0.6666692801540893,-1.2083421178163596,-0.08777984067901567,4.397035634524975,4.113118696911517,20.164223988999858,0.5416329773996519,-1.157647668795585,0.07657348723866725,0
0.6758702681536085,-1.179514682549978,-0.16445207837842918,2.0246568037045396,10.682311468718883,19.30436263455698,0.5513193674323683,-1.127812468064731,0.00976255676301948,0
0.6756931932110771,-1.1514775407949158,-0.24080722186204626,-0.45599363073460364,17.60010224719283,18.498714006801716,0.5518381410218081,-1.1032431976654744,-0.06408519719225331,0
0.6573084997875113,-1.1282202301944368,-0.31097805596681866,-3.112329794679578,24.588859212456768,17.80775595534523,0.5346955278100368,-1.0827222676221113,-0.13850096183484537,0
0.6192756288290877,-1.1095260767942325,-0.3753861164088722,-5.860501746125205,31.388313100831027,17.35502585963406,0.49986506561203625,-1.0630109847172065,-0.2082325887838382,0
0.5719512260497497,-1.0897111763938867,-0.4393035952486094,-8.369479146169537,37.80780693036531,17.238792478452382,0.45735732259135664,-1.0398378246999838,-0.27433667239161236,0
0.528772242614174,-1.0625921993671397,-0.5069463683500326,-10.263453813373122,43.78307074861225,17.42937537316015,0.41813644824390983,-1.0104257980904412,-0.34110816430909635,0
0.49453347275933635,-1.0256847027942328,-0.577253447942686,-11.375160772685769,49.356383026293486,17.76591679115204,0.3852380665510814,-0.9744936530459837,-0.40996682246240296,0
0.46547658263115826,-0.9791592180680926,-0.6446653168227239,-11.822990351128079,54.57300996514533,18.050108516208102,0.355583191565974,-0.9319071033807105,-0.4780603847179521,0
0.4391048485268012,-0.9240703896758486,-0.7033919500867967,-11.893862074076806,59.44143016372499,18.165297370096905,0.3283519556901167,-0.8812619311948543,-0.5410206000571929,0
0.4180844889214401,-0.8647084937753048,-0.7498386062895562,-11.852984736729661,64.0256021405595,18.140415180156282,0.3074259124140184,-0.8235706585067488,-0.593842794003684,0
0.40297007606652857,-0.8113216781316132,-0.7798470012286626,-11.813561818303087,68.49840085979426,18.095532564849535,0.2945532906759497,-0.7672015804068067,-0.6287843205594845,0
0.38606540453196,-0.7774848208811516,-0.785766423901338,-11.734832731539937,72.9924198667607,18.103692040029586,0.2831529680583538,-0.7269522188241794,-0.6358908380721757,0
0.35658159858454164,-0.7736151380820792,-0.760854944534921,-11.518679678549779,77.36842335113677,18.106218870799548,0.2618206173630594,-0.7167223181905878,-0.6096779117643936,0
0.3103290026518725,-0.8017669756858044,-0.7082894599306709,-11.10117398767512,81.16349935246807,17.95899974974891,0.2235021579607728,-0.7417339045814649,-0.5566692917943606,0
0.25175185189123006,-0.8544065289366508,-0.6434598719223016,-10.456253495668067,83.79769099958989,17.529800130074726,0.16954209325348363,-0.7956618143871381,-0.49450378039313125,0
0.1877619049883183,-0.9181927493722905,-0.5850583411116597,-9.543940617596213,84.89332784109945,16.741365897719916,0.10577134044383495,-0.8640992567784592,-0.44093620218755164,0
0.1219548493173862,-0.9812378233013213,-0.5436151549303825,-8.322004590889998,84.51049394441812,15.576521590918198,0.0372913972279563,-0.9319514087074369,-0.4025858068704311,0
0.05407016381515063,-1.0372658068623117,-0.5182673004748193,-6.86259457768475,83.14836123055841,14.108498966928739,-0.03287075087024793,-0.989237820459488,-0.37445632836736986,0
-0.016934090163812282,-1.0823665353801724,-0.5026421375295018,-5.447590524009288,81.47655724556877,12.528786671329064,-0.10255965037763863,-1.0314131157519824,-0.349860455513527,0
-0.08925953211375202,-1.1111034087459222,-0.4922676649734442,-4.499445864114159,79.95807171824086,11.113358811883154,-0.1693752476058486,-1.056932213334126,-0.3297231092753394,0
-0.1566910360416297,-1.1201338328423,-0.4873182489391367,-4.381369059655367,78.6311968320777,10.156557629175952,-0.22986088602098942,-1.0667655853052707,-0.321898962047592,0
-0.2109611303308107,-1.113884965751519,-0.4907085054009257,-5.219812076122458,77.19783670962205,9.922669590550905,-0.2791600506858677,-1.0649863666722157,-0.33222108164093966,0
-0.24658097926631625,-1.1019213512308674,-0.5045313473186854,-6.820159817821721,75.33758073103917,10.585519680263976,-0.312503290466458,-1.0571387119140618,-0.35734626178057466,0
-0.2628226396266462,-1.091231252836073,-0.5271741997832751,-8.660119057870066,73.00764759424365,12.13515760266942,-0.32765511896194766,-1.0475876568606486,-0.3866151292877411,0
-0.2603580922053369,-1.0842035336568232,-0.5525971386505554,-10.010816243058757,70.5032744652131,14.336697521332638,-0.3249549405411568,-1.0390948791761725,-0.4098411566523516,0
-0.2381083951964448,-1.0820805732020018,-0.5722515154542783,-10.247822074957634,68.24863513588353,16.81976242257761,-0.3050292543837535,-1.0340978432929635,-0.42236841163185457,0
-0.19579234167033993,-1.085968829687587,-0.5784280544889211,-9.200201205408408,66.50048203284899,19.2283987763573,-0.26832883297702015,-1.0348954136770383,-0.423863126999685,0
-0.13789013720097196,-1.0951522902823012,-0.5677432535327078,-7.2304450544523275,65.19272627285532,21.297310237321355,-0.21725682943228222,-1.0424441190012346,-0.41513104644469095,0
-0.07260170260866264,-1.1076849623130285,-0.5439928631281592,-4.962485176703634,64.03477993157976,22.84057035892761,-0.157179019066974,-1.0556863958712293,-0.3975816657011263,0
-0.00807054868483683,-1.1224046113140493,-0.5174877999347735,-2.9306433542269397,62.784682558348,23.745966299313498,-0.09508367994522127,-1.0720428083080074,-0.3745699239846845,0
0.049381592780484436,-1.1387876085169366,-0.4980256834341939,-1.4302510563133257,61.450448261063755,24.001484837064513,-0.037888136614178364,-1.0881896415820993,-0.35128530282577464,0
0.09576726893722287,-1.1556202321542246,-0.4864177046000051,-0.5479111368796071,60.22528125619568,23.67922689175068,0.009050924417272413,-1.1011525664674546,-0.3322394699863939,0
0.1302990729485866,-1.1704709896358076,-0.4753854539532828,-0.18352636381436083,59.26029496972265,22.848913545499677,0.043652490161462755,-1.109872347415143,-0.31873010969538396,0
0.15568963689063758,-1.1793483572581664,-0.46102412353745353,-0.02304801539364736,58.57259900392654,21.516884653230484,0.06814105125993568,-1.1150253887842874,-0.30945345339138614,0
0.17715055265103044,-1.1773684349568105,-0.4500403649872058,0.3796148852096779,58.2124593774281,19.69927339248936,0.08813152333489044,-1.115837971037503,-0.303980046833945,0
0.19934475271188276,-1.1624837105115478,-0.4512927994935338,1.3131816610566909,58.47657446708957,17.591076705406955,0.10915488056001586,-1.1084313416368974,-0.3041565788316246,0
0.22188888194932294,-1.139224016161907,-0.4629092837798544,2.6291287578229956,59.84030186161726,15.61921499616366,0.13187209077093423,-1.0902414527909117,-0.31055576776019433,0
0.23897805291448926,-1.1163084923356261,-0.4741918005545274,3.8594553974654295,62.54953184146196,14.195852213575131,0.1507504299064914,-1.065440581373802,-0.31932915413788887,0
0.24654879903408533,-1.0987898525152358,-0.4796786008988443,4.761762563782718,66.2532999024687,13.317406247460953,0.15985747316902546,-1.0421884629962284,-0.32580211905428924,0
0.24834296925702093,-1.0834887314573638,-0.48443033965061266,5.713489704361133,70.16202173336211,12.469125670340777,0.1601350327294499,-1.0237133578734836,-0.3304630763347415,0
0.2509663173165847,-1.0636304024510483,-0.4939386389327921,7.374754629778719,73.66268375363659,11.073051682865128,0.15807602109340468,-1.0054170453938442,-0.3377413316169103,0
0.25503072405136623,-1.0369265786950201,-0.5055782653638611,9.891868005126067,76.68450139566464,9.058843449639605,0.15756535674199468,-0.9819120600064756,-0.3490441369975068,0
0.25633867724862114,-1.006737808221944,-0.5137516040689313,12.569827077330606,79.41009666952384,6.9321833962295605,0.1574265655592257,-0.9536819773987104,-0.36078176936037626,0
0.2531769763390694,-0.9767102455785155,-0.5180903123918251,14.410356130562453,81.87002032714626,5.329357462780101,0.15637876164505227,-0.9254180443170255,-0.3691271525051331,0
0.24576832141054455,-0.9486937949732616,-0.5215702732102555,14.890646652649895,83.99686038681358,4.581273999140529,0.15392167661145575,-0.9009331512502311,-0.3727034237460117,0
0.23110254146232181,-0.925561643939867,-0.5237988376520786,14.216230611372447,85.81831155788356,4.600068935888497,0.14591630625792276,-0.8815063571576086,-0.3706172758716117,0
0.2056170938808431,-0.9106826690343928,-0.521112813653821,12.98398027158002,87.33611201697506,5.031841450783469,0.12601401768774956,-0.8668425009024447,-0.36204157497442835,0
0.17114797671188225,-0.9031376014324577,-0.5120672908929104,11.696447140692598,88.38556546970258,5.561513426614211,0.09286916816559374,-0.855847314209986,-0.348471390331969,0
0.13284868729308044,-0.8974954490866373,-0.4989246833177281,10.510430247217426,88.82507814961856,6.18449927826691,0.05155012331030597,-0.8475567524625265,-0.33310034395898186,0
0.09375064534147064,-0.8902738106335826,-0.48370903774226526,9.31896940011808,88.75777194421815,7.186861104665754,0.007896433267170875,-0.842196961273589,-0.3168300481856576,0
0.05476362683583526,-0.8840531307471319,-0.4656299418669204,8.013235700757688,88.43200388648933,8.836668157077579,-0.034968750971357015,-0.8407877898057174,-0.2971401201340368,0
0.016962384846252003,-0.883588082652812,-0.4432786342060238,6.667248146771999,87.98481873588696,11.09926008476997,-0.07498166602878883,-0.8435758741101541,-0.27237687140634936,0
-0.018189675571379918,-0.8900880778240708,-0.41766809941571964,5.49856064519174,87.37753925718944,13.623793965792604,-0.10928326503146185,-0.8494795263828087,-0.24572301744742947,0
-0.04853427367528651,-0.9011003233115716,-0.3919196484203714,4.68161620335468,86.58115661657614,15.969549656802366,-0.13541123127359073,-0.8571038729961412,-0.22285510973032377,0
-0.07081998326678729,-0.9137681811572321,-0.36865535347144684,4.221295509839396,85.75017839761685,17.862735932708127,-0.15344422024115525,-0.8656397526353493,-0.20611995540036737,0
-0.08321878707183565,-0.9258287142191294,-0.34882108066641543,4.001455477878621,85.14217422081568,19.283483700328283,-0.16563835571932758,-0.8746360630514666,-0.19323451983215012,0
-0.08867301072884955,-0.9350900265441088,-0.3331745989070877,3.911623315022577,84.87099160300205,20.35190417602046,-0.17389645347534932,-0.8834539254785069,-0.18182532636016496,0
-0.09305438990292576,-0.9405557916483528,-0.3236292148736881,3.8932546105797954,84.7879075931873,21.16395097442937,-0.17852468521520298,-0.8911704999464422,-0.1726566956405366,0
-0.09822506613484826,-0.9437481145366543,-0.32114447833360693,3.9014069745925006,84.61339820705884,21.735716450724542,-0.1793235217928001,-0.8969351835127104,-0.16721730518363742,0
-0.0991473985537916,-0.9474133559945113,-0.3221901384372796,3.89589909627582,84.17570755101826,22.07208072126546,-0.17685281472798878,-0.9006884473133244,-0.1642501440326431,0
-0.09109128249390812,-0.9525981014563306,-0.3201749568755453,3.8863169395144843,83.54667094770053,22.249200984566972,-0.17259000250443418,-0.9034153372522347,-0.16060850373232421,0
-0.07809137921107151,-0.9571415657537434,-0.3122978264472436,3.939423469707768,82.96918097978187,22.38615096981784,-0.1681894017139045,-0.9057211751806911,-0.15468067259758458,0
-0.06943428979836912,-0.9570835018657318,-0.30302639329719977,4.119913407248753,82.63792408976713,22.500150946478016,-0.16398238777950497,-0.9059027064641509,-0.14757146126233808,0
-0.06764864363384748,-0.9498464279192989,-0.2988446424806563,4.445587682044908,82.53340382527816,22.410955111892658,-0.15804977064933848,-0.9006284471687683,-0.14148371382447808,0
-0.06497143414551265,-0.9362255561670214,-0.30109923355317314,4.894676954105131,82.46755554087869,21.859475063765878,-0.14792674994032592,-0.8884333261743846,-0.1381613827591246,0
-0.053431923075552785,-0.9194122136329885,-0.30570518198577296,5.409214973540947,82.27353559937778,20.75666481478907,-0.13358967707521296,-0.8719728504164751,-0.13850606159794482,0
-0.034381728819306116,-0.9024631248413623,-0.30847046354024776,5.878632193665963,81.93050726841611,19.288080653371743,-0.11755896375597862,-0.8558327789428468,-0.14237805756878605,0
-0.015377145635123133,-0.8863911456570089,-0.3090518098164344,6.172749172921572,81.53418254408606,17.76215428304209,-0.10174929433525672,-0.8420845074620998,-0.14863014907770666,0
-0.00048084549733039814,-0.8700697801658341,-0.3108596918878271,6.238438731008149,81.21023139062858,16.395549044796727,-0.08574856769004538,-0.8289322153996785,-0.15613195544838485,0
0.012640033958697726,-0.8528900432884066,-0.31871659267833363,6.144554262846868,81.07395238592251,15.253733779675137,-0.06898244464555617,-0.8142147380998378,-0.16482722513645828,0
0.02647707125701436,-0.8382932008766778,-0.33527247465552795,5.981097150438248,81.22456299023986,14.323433533059562,-0.05336393587094712,-0.7992772514271745,-0.17518555226604926,0
0.03813537326765068,-0.8325057508009667,-0.3568963332277347,5.71234054943832,81.71643897255902,13.566627053693136,-0.04282478000199773,-0.7883213424416258,-0.1864227983897386,1
0.04237781817347164,-0.837439264521991,-0.3733111857406731,5.185648821594487,82.50584713265725,12.919812733348845,-0.040399187525953006,-0.7843993192731109,-0.19566328882031342,1
0.03902234576140633,-0.846617501382263,-0.37482357485543205,4.320161166884769,83.43701286171498,12.313585372192879,-0.04532317029725177,-0.7869722190660946,-0.1993998719581521,1
0.03435354706940157,-0.8515658866734305,-0.3613378180905307,3.2481960377868244,84.323099135896,11.735820419179225,-0.05221992036148302,-0.7931279634419445,-0.19591415798183587,1
0.03438543036625477,-0.8521897794150772,-0.34176394443452424,2.2177084801390152,85.07573416805779,11.264823914368858,-0.054302336016358754,-0.8006489457421666,-0.18592367042215616,1
0.03853977085731013,-0.8579617424623752,-0.3239102925979209,1.3726622432604016,85.73537060516678,11.002862370057484,-0.04968062194346686,-0.8104010625620219,-0.1709788128983699,1
0.04051716022248274,-0.877427980776489,-0.30793455582166745,0.6868507038075662,86.32513549278343,10.94417455526657,-0.04468577648020269,-0.8260496227144779,-0.15224300462291407,1
0.03359490396530149,-0.9078715902972843,-0.2901948240482442,0.10440098043045709,86.68244313716976,10.91301813757665,-0.04899060023513934,-0.8501664540495367,-0.13132635002978216,1
0.015001946035447087,-0.9371477189159679,-0.2699456438482008,-0.3283382912760999,86.50466474658893,10.670812685906315,-0.06650344272409371,-0.8795030374034475,-0.11107065357128904,1
-0.011726714974771462,-0.9553800424981509,-0.25044319881603805,-0.4770870059206889,85.59819964615193,10.102740359886578,-0.09171483351231204,-0.9053469722560908,-0.09394375961758335,1
-0.03721108575236391,-0.9628876568840841,-0.2351767608553872,-0.17955526817257106,84.07000906898264,9.285709673584472,-0.11487079226679026,-0.9203775150315134,-0.07972521632980813,1
-0.05234367759248573,-0.966601410087681,-0.22412840587123437,0.735641519981373,82.28594852581853,8.380859936722048,-0.129932570489529,-0.9248015062146184,-0.06576181623583624,1
-0.05684345066001366,-0.9714237421066283,-0.21329130554468792,2.395900307177793,80.65708478901426,7.4854595235651775,-0.1381563314092799,-0.9246296120109518,-0.04958624800154097,1
-0.05980663434768051,-0.9767260715758761,-0.1981972839051037,4.7743777731256545,79.41070263133282,6.585224266186097,-0.1454641117125841,-0.9247445948615703,-0.030894146773228243,1
-0.0698667710759062,-0.9796322828235229,-0.17844125683118717,7.656145732160054,78.48478019893034,5.626654334114777,-0.15661499158150138,-0.9251678277412942,-0.011483661009038772,1
-0.08680050149625773,-0.9789391231226334,-0.15820068451309388,10.74418738857236,77.61642885668277,4.621195567016804,-0.17110285718456458,-0.9237304586659671,0.0059448892217839515,1
-0.10384297070163923,-0.9749154817888445,-0.14232777286465756,13.786667225335824,76.55238833956872,3.6636756018291896,-0.1841803865292132,-0.9203806845380645,0.019235386794561424,1
-0.11540052478594676,-0.9672808524476604,-0.1326538387774185,16.62182475256233,75.20943786009033,2.8378864535661483,-0.1917379518354104,-0.9172644458529902,0.027859476615348006,1
-0.12073943604353368,-0.9559107417832294,-0.12773172364615648,19.16943731010627,73.68508321509971,2.1193963748350026,-0.19384842281087494,-0.9147454575878318,0.03277322841916969,1
-0.12183223574144847,-0.942581492446289,-0.12532461224388872,21.402382782713527,72.1625959075961,1.3914559417179753,-0.1932166883459519,-0.9090473510296487,0.03526877150666002,1
-0.1190309903630078,-0.9288296902211393,-0.12483138923630065,23.270569043982494,70.79969067341376,0.5468865787684121,-0.19058198093153547,-0.8953101177095755,0.036264963977779674,1
-0.10909466471975174,-0.9124002672190183,-0.12702141608747713,24.606802831554365,69.65059296002708,-0.44939806644214053,-0.1827907386483529,-0.8727709599674417,0.036159767408384565,1
-0.08859928055453473,-0.8894012495576799,-0.13210239133372068,25.13750524552349,68.65353916474153,-1.5943788339128087,-0.1661710956942901,-0.845759415879212,0.03410792355259306,1
-0.05958463007167036,-0.8604126233496092,-0.13980294064447785,24.653067997179424,67.70441324034365,-2.9031038027368368,-0.14138734664431477,-0.8193965708743564,0.02771030520783464,1
-0.02954204811306995,-0.8311222684238286,-0.15086021587343207,23.21591732668886,66.76095212810128,-4.3933211422917555,-0.11395000735185216,-0.7954573302392167,0.015335988143245232,1
-0.004397222516094185,-0.8062221285982317,-0.16538581956941065,21.221601861994102,65.86532353623066,-6.022465603962878,-0.08946342787828228,-0.7730987181583394,-0.0005819594689400267,1
0.016841396719821253,-0.7859385215733115,-0.1794546514143647,19.23429053850282,65.0664289661979,-7.685061892987906,-0.0686193725884341,-0.7523612058321704,-0.013992305112504074,1
0.03932606095171049,-0.7693524763274245,-0.1870420411034458,17.679401660185114,64.36328484981493,-9.296345456012466,-0.04727678865449767,-0.7350915637009077,-0.02001519513696849,1
0.06611154159070012,-0.7573493417504251,-0.18661744427972066,16.6103760117363,63.76678304244908,-10.863545567824792,-0.021463162185420943,-0.7224865480037701,-0.018753944008915096,1
0.09617152157527672,-0.7504410786997519,-0.18205987986803238,15.76912391282509,63.412265726596694,-12.469583362627361,0.00840550280615645,-0.7134976028739841,-0.013768968764468158,1
0.12705296455812776,-0.7465739734232648,-0.17539488367205014,14.904241922240432,63.55865608627311,-14.208275839792377,0.03875031352897958,-0.7064887888691576,-0.007338565935239026,1
0.15723210721560177,-0.7430794900878492,-0.16310449733160176,13.984717020328135,64.40012890576824,-16.13590502753681,0.06709097364004282,-0.7014585725314327,0.0018911125046999259,1
0.18576907142099283,-0.7391977725118715,-0.1431500831989967,13.010874019455727,65.82533811686643,-18.245361716525274,0.09317767670949667,-0.699577398363582,0.01630322797415957,1
0.21071225727797133,-0.7357587817484035,-0.12267854695719065,11.62803164761515,67.37930740478681,-20.44929451097556,0.11603502187041588,-0.7008817919511374,0.034231063035126845,1
0.22861951716874193,-0.733908961449111,-0.11492795066528723,9.09438961633052,68.54106872653948,-22.585338333409663,0.13235689638397474,-0.7033944148527074,0.04715397910973095,1
0.23659165272282046,-0.7347033543240536,-0.12920030355645915,4.856477235615876,69.12506972772671,-24.456018231693445,0.13940883109540947,-0.7045787943642254,0.0428333298865077,1
0.23520279058286161,-0.7381740495916086,-0.1645537701943951,-0.6981949748959551,69.4552423014496,-25.885324082679595,0.13833729739300188,-0.7029152788413704,0.01404479238145882,1
0.2281373135810014,-0.7417679981864767,-0.2099742996380122,-6.1082297936685555,70.12233014926743,-26.76534216749288,0.13290505527058033,-0.6981792845817965,-0.033251874575024,1
0.21784099092043957,-0.7414171976326891,-0.24872056698900022,-9.704291521249862,71.49618830095896,-27.088700541686354,0.12513901592424406,-0.6917376955567868,-0.08054346281279481,1
0.20271360563946764,-0.7367697762739732,-0.26611155503796635,-10.880688189506733,73.41828150320194,-26.966517636925115,0.11329769303994211,-0.6877463882157792,-0.10748447826092856,1
0.17993471761701618,-0.7359573780301648,-0.257409207846945,-10.585438070793566,75.37060714259479,-26.59910506417957,0.09422174240321546,-0.6931906952666107,-0.10398658666407169,1
0.15010328411986956,-0.7526251890595358,-0.22921357711146959,-10.446243742625935,76.96176469917206,-26.174741676691337,0.06721756838836382,-0.7148083658602198,-0.07419809752951663,1
0.11782865412855287,-0.7950619671346484,-0.1935862723404598,-11.316837682905412,78.2456726759536,-25.764433789517636,0.035788984440095054,-0.7549250977138539,-0.03164419574697755,1
0.08859017502018392,-0.8584069440453685,-0.16095838162404197,-12.637267843522453,79.57464900120623,-25.32794984567413,0.005928900846601769,-0.8102080912231377,0.008779846625437241,1
0.06604343973565083,-0.9294332287941988,-0.13610531425011266,-13.082152541844428,81.1909601466365,-24.829535714762564,-0.017544160592335593,-0.8739927326316197,0.037238441592590585,1
0.0513445671254814,-0.9973122038516563,-0.11804057284534686,-11.650923407877634,83.00666022356047,-24.327302692816247,-0.033396456570359855,-0.938937462043293,0.051668843620868425,1
0.04340686436502967,-1.0563580386061517,-0.10454044528811197,-8.200363571285806,84.74700661856706,-23.952089374594834,-0.04299215388951674,-0.9976290018572902,0.05563519530923586,1
0.039626806989341616,-1.1002460814739874,-0.09850412580349073,-3.3171338678037183,86.2045721147306,-23.832178096842902,-0.04755086688876331,-1.0422978670108822,0.05247437807990621,1
0.037645364301006616,-1.1199927823595335,-0.10834716303993484,1.9960159943695337,87.30245360483715,-24.03871730670355,-0.04712199870478492,-1.0658289341830909,0.04069673366677326,1
0.03759039939435695,-1.1107600069363033,-0.1392656712540339,6.597238504207085,88.00382004791514,-24.5683499656028,-0.04190096421745358,-1.0643671248678264,0.01604034821680796,1
0.04222888153698545,-1.078503400567413,-0.18389176353983655,9.551867182109794,88.31323553682135,-25.370541627570645,-0.03334253210515541,-1.039991917102986,-0.020658385234095206,1
0.05374860033614847,-1.0372482891305301,-0.2240629369628664,10.524216410143634,88.38809577085794,-26.408794367834552,-0.023389149223245795,-1.001259787631858,-0.058619429628552766,1
0.07027003292336967,-0.999448643658607,-0.24428577191340126,9.919998147553114,88.4975224479706,-27.689879120114394,-0.013127470425519141,-0.9600197284250139,-0.08315115656603565,1
0.0860966502811408,-0.9695208240758336,-0.24400305974994163,8.55810806540678,88.74103938864002,-29.22152586335357,-0.002975733073304165,-0.9256862280105994,-0.08812295778086834,1
0.09553687284193312,-0.9460116866376208,-0.23626111483761755,7.086329079938493,88.85482333038259,-30.95057415094641,0.005874921652090623,-0.9013152471015219,-0.08119820965450988,1
0.09673024526706271,-0.9276178097351385,-0.23466466890534926,5.668106302764773,88.41252888800577,-32.740581064824994,0.011247367799576902,-0.8847715255714854,-0.07544458755978957,1
0.0925238147569134,-0.915098158992985,-0.2414806677528271,4.19708793707539,87.23576304308561,-34.38950802787669,0.012136513490953623,-0.8729795380637174,-0.0764970275108451,1
0.08826953618485402,-0.9081497227333706,-0.24734159031924982,2.6850985659790068,85.56504564165238,-35.68617599229835,0.010878830344669677,-0.8644424217869952,-0.07897305650645264,1
0.0884626281263144,-0.9033207420757917,-0.24280146324663537,1.2890950951565379,83.8367729327185,-36.50951773764139,0.012010729202802195,-0.8584888056023028,-0.07517743875452583,1
0.09407184878015568,-0.8966482327784893,-0.23104390592723395,-0.03650507067994567,82.32489596393309,-36.89963570814722,0.017982967996371217,-0.8536641208773854,-0.06620075829665223,1
0.10176989511355726,-0.8871204376773494,-0.22685499534282139,-1.7264340657269468,80.98891794103955,-36.99927736686032,0.02601507769102654,-0.8473505104180282,-0.06282250759134761,1
0.10559336598754347,-0.8758783531791485,-0.23956479758972726,-4.258252758529701,79.63240069208707,-36.900987248763464,0.02967832160779174,-0.836744819852545,-0.07355843286797191,1
0.09992669044770291,-0.8630254437287881,-0.2585682432153976,-7.590629627673809,78.15799325819634,-36.56859202532476,0.023615343129421866,-0.8207945722016804,-0.09161812678261705,1
0.08196589369872641,-0.8476510189949821,-0.26082675913481274,-11.05062830274142,76.60630859398793,-35.92046720960205,0.006577879686175305,-0.8020519542111192,-0.09673667047349285,1
0.05263834848160026,-0.8311448175667534,-0.23421197206523606,-13.88637023445914,74.95100182659405,-34.97301075356123,-0.0196571796357372,-0.7863177927439066,-0.07373518566539267,1
0.015237752265328579,-0.8183773074241708,-0.1908800586949576,-15.948665991264718,72.9692795669992,-33.88846383591403,-0.053481854497159066,-0.7791622653051024,-0.029734667273690493,1
-0.027680625434455115,-0.8141968006656511,-0.156565239726544,-17.783438810819522,70.4159656264097,-32.87839629500476,-0.09502857391679435,-0.7818178054062159,0.009502672703987029,1
-0.07573283366443416,-0.8189295805480319,-0.14856234265838925,-20.063783472474046,67.31539894164163,-32.048618415687315,-0.14437312379450754,-0.7902907795251225,0.02151202705416343,1
-0.1279933193927443,-0.8278926838397538,-0.16470705370426778,-23.01256783612773,64.04083209436702,-31.334284895048985,-0.19817735210188778,-0.7986082591844739,0.004803627190335258,1
-0.17890447045921712,-0.8356412065758219,-0.19043702083751013,-26.379426934316093,61.11432703470315,-30.60269053709613,-0.2485426777165634,-0.8032724420402221,-0.02399496008165383,1
-0.21794785874904574,-0.840992325989716,-0.21219785835186808,-29.827153081413854,58.914552478197855,-29.8177979205569,-0.2860201470827588,-0.8056388615864071,-0.04686206081981469,1
-0.23467287374367019,-0.8482875121143723,-0.22376560612834576,-33.21206549608971,57.491534624168516,-29.071246473776647,-0.3042607694885793,-0.8112195948172322,-0.05661403798569285,1
-0.22511534607125047,-0.8635873010398811,-0.2246714596424231,-36.542609600051584,56.59025579112788,-28.446576931347817,-0.3016803415728079,-0.826080963776364,-0.05603436035033837,1
-0.19359056180237458,-0.8885809002038054,-0.21803021484203372,-39.80254078870528,55.86611999900576,-27.900921946574186,-0.279148964661493,-0.8514404823572491,-0.050697955349689044,1
-0.1482809416410543,-0.9173661748716521,-0.2104074837079414,-42.875779884184006,55.1301860235488,-27.315151307972915,-0.23778774350085877,-0.880594064688287,-0.04530989041721731,1
-0.09547570406211654,-0.9394860990782111,-0.21006052041485845,-45.64169337337911,54.42154836607689,-26.633952896441183,-0.18024835312527754,-0.9024639285627047,-0.04488946355347315,1
-0.03787413586684564,-0.9468629932239455,-0.22224936290226713,-48.16315726308979,53.87908829506172,-25.917828758981045,-0.11326417123880089,-0.9093072104595775,-0.05530602221856302,1
0.022382338450302113,-0.9384574877143274,-0.24535846953549478,-50.78830707093039,53.591139512114374,-25.265403401906312,-0.04733456266089146,-0.9010016792169574,-0.07922835673409138,1
0.07912565467674132,-0.9196186673873995,-0.2707951540586278,-53.96468327573315,53.57342452620103,-24.71413559626675,0.006437754849352252,-0.8829810671417757,-0.11013702955847267,1
0.12128656357420939,-0.8986669322399617,-0.28665684185068036,-57.78821275422752,53.82932620051233,-24.211227789273252,0.03992280569701411,-0.8622470926269958,-0.1321858621653046,1
0.13983578731917456,-0.8838236446355664,-0.2846043361702683,-61.702360970338546,54.37554377995961,-23.655847058576644,0.05138470826190129,-0.8457501006261172,-0.13094125118221453,1
0.1373108844444803,-0.8806646940257168,-0.26708719501340633,-64.81143985396378,55.228357002823465,-22.983864740671713,0.047176446252517726,-0.8398451614065736,-0.10799452925359937,1
0.1269223798272142,-0.8898898240193072,-0.24775012840169483,-66.67221497582177,56.42276962690886,-22.248612559971484,0.03776442815219383,-0.847668279252759,-0.08290727728899606,1
0.11954516211633777,-0.9072716116594858,-0.24079533452533447,-67.771182671427,58.06120967852044,-21.60784445212062,0.029799175318646932,-0.8661316118972342,-0.0755693856054423,1
0.11523899975846309,-0.9273376306769723,-0.2473925905943043,-69.10155512967873,60.2885790436722,-21.19343645132002,0.02341072037344553,-0.8879467087209496,-0.08590002595035413,1
0.11014232131718747,-0.9481050160520671,-0.2542185159639425,-71.25021963516045,63.134275726645846,-21.005499910916754,0.017830211828500055,-0.9086216173413004,-0.09508750245603657,1
0.10579973664627355,-0.9713476513898556,-0.24782716019051212,-73.98177032780546,66.33960874891939,-20.957469652286147,0.015605503991472884,-0.9300066970824382,-0.08785240019355373,1
0.10534557484490131,-0.9972870353065489,-0.23010012330042764,-76.67465162996402,69.3857177977022,-20.976129635986577,0.01788613408940036,-0.9546930923850527,-0.06933458560338239,1
0.10389673836823865,-1.020070214093964,-0.21819049440127844,-78.96573879165275,71.77652907921396,-21.000397567953687,0.018274240930836134,-0.9781891508050823,-0.058812413419244994,1
0.09034205978148384,-1.0305949671474586,-0.229138855840069,-80.9237867633744,73.36121526299952,-20.92181039726992,0.006056753063327,-0.9902123472471552,-0.07072862722350162,1
0.059656654284100226,-1.0248606914195781,-0.26390810993501035,-82.81614472752933,74.41973047814193,-20.599711489971444,-0.023572038690138703,-0.9848127366804893,-0.10284191342357699,1
0.019450086648804082,-1.008948955905323,-0.3047548236544864,-84.84879406563637,75.44521738827119,-19.935310832729023,-0.06383195493543008,-0.9671916926591383,-0.13865563935206776,1
-0.016414944896953193,-0.9946854666187684,-0.32779404483917185,-87.00113496327482,76.80093250310848,-18.907688491523018,-0.10093609735051519,-0.9493264840868363,-0.15901769158651702,1
-0.03783936386689867,-0.990130009492882,-0.32009764723415374,-88.99008426667895,78.50083778592426,-17.571796144494556,-0.12369009752452495,-0.9401779412005826,-0.15423006102217363,1
-0.042132676849810036,-0.9943139794369779,-0.28829951260998005,-90.46827991144612,80.25497345160962,-16.06577561334527,-0.12896089520046508,-0.9407387607160688,-0.12950221808211307,1
-0.03192040714806412,-0.9999193287089212,-0.2541611973423266,-91.34053451740124,81.7304408562581,-14.608645045120081,-0.11969864741751277,-0.9459288276876112,-0.10133140554864667,1
-0.012180375636930182,-0.9989869372578484,-0.241172838925838,-91.86812930575678,82.82232182488502,-13.447693192282514,-0.10025574494916048,-0.9481571568498977,-0.08777489849553366,1
0.012444808435023309,-0.9861029915178232,-0.25979715031982104,-92.46258781377024,83.72048623862749,-12.768089818669313,-0.0742942504417095,-0.9396509599504336,-0.09833470001513991,1
0.03989969947904128,-0.95930175869945,-0.3004968978783497,-93.40809893286465,84.72968331760907,-12.615181621503117,-0.04495651251651,-0.9152591775377569,-0.12898635654571175,1
0.07014138294602494,-0.9210463957048788,-0.3410095627957248,-94.72551601520068,86.01392290331383,-12.884416831581659,-0.014883893691744681,-0.8761666898385784,-0.16543959656682714,1
0.10134407845194837,-0.8781567061113303,-0.36360780451698577,-96.19235106370915,87.48746062040718,-13.40551817086488,0.013520904851413357,-0.8307786008633145,-0.19295004366248308,1
0.12747061986289707,-0.8385133101728954,-0.36768060619841325,-97.49657270666897,88.92104522026118,-14.062625189413874,0.03687386998544,-0.7898759652329864,-0.20586703194473088,1
0.14143682653376324,-0.806305689774883,-0.36679912496013156,-98.49241863038046,90.14184754827342,-14.828116964385636,0.05084941588022931,-0.7593414494637837,-0.20989951744343147,1
0.14129085786033674,-0.780099781388164,-0.3753425727078857,-99.37596331466153,91.15995090907398,-15.67345966402546,0.05304710624457523,-0.7371842313514164,-0.21632006873425585,1
0.1324301100295888,-0.7559006145882134,-0.398456613576009,-100.56566005165793,92.16015711144941,-16.488319010554896,0.0457586299634706,-0.7175571483918659,-0.23339753865317395,1
0.12285288483384846,-0.7330585412991314,-0.4311969500274466,-102.36256952389026,93.41302183529338,-17.146853698372315,0.03467788867067859,-0.6977222410170192,-0.260890199614512,1
0.11591870949994987,-0.7171841027611986,-0.46232070960495564,-104.73262228689029,95.17325609832982,-17.655755053096676,0.024018239363475736,-0.6813122324830367,-0.290491449788237,1
0.10784326426184324,-0.7156169768150459,-0.4794784077477353,-107.39740572382985,97.58504877497111,-18.184755216924177,0.012664386194653746,-0.6749192571874277,-0.3116333738199868,1
0.09226396552961687,-0.7291579409862995,-0.4773254596802742,-110.06136480284148,100.60359690058621,-18.929859783525014,-0.004480692666386073,-0.6818135290309972,-0.31881570676263155,1
0.06692432990966847,-0.7498111920999947,-0.46451625323446616,-112.54564094072126,103.98133011657386,-19.974592417592316,-0.030315650296300404,-0.6993094305862517,-0.31541403367715193,1
0.03657698634555287,-0.7681097866674521,-0.45880471859728983,-114.81772045513529,107.37125774589217,-21.280644051004327,-0.060027138985218775,-0.7213700042377211,-0.3111362752596515,1
0.010914493252549992,-0.7812517318938739,-0.47048571231956193,-116.98017954257175,110.51167882308135,-22.751098144386813,-0.08244211732305255,-0.7422327741794374,-0.31459812480555716,1
-0.001087109902967415,-0.7920440199504011,-0.4922805057030371,-119.16908230477854,113.33972492918043,-24.27107206154693,-0.0883977755127336,-0.7578415374949903,-0.3263146162274873,1
0.00224555008514044,-0.8014687123878291,-0.5082054491507743,-121.34596920506296,115.88143006465603,-25.742913315881708,-0.07888833066318152,-0.7659911574561536,-0.33806049464305166,1
0.013318444265733986,-0.8059539144670353,-0.5097795370484862,-123.17660059853603,117.95799412891176,-27.162293683190793,-0.06490533740005805,-0.7664112121725261,-0.34009003296768164,1
0.02149909348261241,-0.8023981112762213,-0.5012573147628037,-124.20022576461402,119.0160212211204,-28.673610544650938,-0.0579677862672006,-0.7604997194137499,-0.3304966702646872,1
0.022244357117107733,-0.792848823213429,-0.4927855625356446,-124.1593949626077,118.43531879640267,-30.473918572584587,-0.05997013645815392,-0.7506503836176459,-0.31805801738915146,1
0.019433685196316684,-0.7820077016017662,-0.49254589600605525,-123.12426353613363,116.22369000673346,-32.5674788975524,-0.06357526457666715,-0.7390407265947623,-0.3155871672334993,1
0.019344328969689756,-0.7708150437053984,-0.5036280814427396,-121.32601660652479,113.3792427750597,-34.62722714000607,-0.06262224306898946,-0.7256520218838652,-0.3300675694743009,1
0.02527611840313882,-0.7548988784985273,-0.5238398159108522,-119.0191398798654,111.32985765429629,-36.2205771966276,-0.05787473812509967,-0.7077320598498428,-0.3582515079828926,1
0.03863820215962215,-0.7313363711134766,-0.5462131964839699,-116.54412466603536,110.93757292909176,-37.22934820648746,-0.05052401193994869,-0.6834904056681971,-0.3891947992387411,1
0.06013952629656507,-0.7064495016313018,-0.5597922823319046,-114.309071445347,112.152922285762,-37.97256768047909,-0.03668165453716492,-0.6573730185542159,-0.40895041506978735,1
0.08548152275156999,-0.6932972273311919,-0.5525741215275,-112.47961417730555,114.51980593700262,-38.88597104806868,-0.014859264432142572,-0.6396261974751976,-0.4054361759332822,1
0.1032575189298304,-0.6979563466819183,-0.5190828372275484,-110.71578306715764,117.68076683016506,-40.171939014600056,0.005244812929354277,-0.6375021740148803,-0.3746935617961457,1
0.1031628629372491,-0.7098055748361481,-0.4675897315380086,-108.41359446518933,121.35645940219145,-41.78429145344709,0.009550022224872032,-0.6461918020082101,-0.32487087351211347,1
0.0869861168814582,-0.7102628038292104,-0.41593082877646015,-105.28801024712118,125.1892944137863,-43.61527227645321,-0.004315499463979042,-0.6510957088147679,-0.2713688286953426,1
0.06929444658117301,-0.6917908131827094,-0.37702892137040805,-101.6142181947289,128.84680698009052,-45.58371083245444,-0.021989336551366014,-0.6413179578473058,-0.22578530068388625,1
0.06713640192038574,-0.6643824562898926,-0.3510612261526704,-97.83684658640962,132.19601264790433,-47.57609123279691,-0.02420452509547369,-0.6197334458747851,-0.19042214726704176,1
0.08850174329768483,-0.6432319074101146,-0.332329549028241,-94.08137528095618,135.28916331877153,-49.375760977353636,-0.002410156129690239,-0.5984400296571051,-0.16310071388788958,1
0.12749609683970758,-0.6352217427078352,-0.3179311594290622,-90.17922157242445,138.2226850542102,-50.683556135058645,0.03583721425101952,-0.5867419656113865,-0.1432730935926994,1
0.1685123807596023,-0.6388931697235624,-0.3071281887244448,-86.05214203933306,141.00296810960123,-51.26230268777735,0.07439085031877501,-0.5861376358616127,-0.13138371167446655,1
0.19602016578958179,-0.6511661593016177,-0.29833331125602924,-81.86622577967537,143.46662996826566,-51.13213038639265,0.10043531093884824,-0.5941306486965164,-0.12590085093650724,1
0.20133226031678472,-0.6676976684221562,-0.29148063237669714,-77.84793098068859,145.30721555791595,-50.599731655352485,0.10893345056767315,-0.6072121626894036,-0.12449879028401255,1
0.18148014614230257,-0.6782444351740217,-0.2898316017843878,-74.18946637021818,146.21147206238686,-49.968177509959986,0.0974427820677082,-0.6190077662354159,-0.12652173151934315,1
0.1365332559310955,-0.6683275508197699,-0.29565079091049856,-71.24022885795283,146.0028061875095,-49.129017324780676,0.06253004484437055,-0.6194004150767133,-0.1319729896597562,1
0.07171709165320625,-0.6287246581517892,-0.30670461179170716,-69.64447588098952,144.70940982991783,-47.47547641329217,0.005347043777289589,-0.5980487851685679,-0.13979139888798983,1
-0.0010410349070085149,-0.5613739392646709,-0.3198683543494427,-70.07983998360567,142.54232256541826,-44.30875307947327,-0.0631666031115412,-0.5484010254653415,-0.14940324432234187,1
-0.06870389680622317,-0.4753935506139913,-0.3356284932114179,-72.74367580448823,139.78665362462488,-39.39742465303397,-0.12865589985898374,-0.4699203917667426,-0.16259726885154652,1
-0.12436218215443248,-0.3813277085222879,-0.3559743511889157,-77.06186673040628,136.69583907174928,-33.201937686442676,-0.1841643830053811,-0.37079887257460653,-0.18138611341656852,1
-0.16699675511686804,-0.29065863234654077,-0.3793909577742173,-81.9226448638839,133.54464589808563,-26.636035066964414,-0.2303342314663027,-0.2688936917528621,-0.20433555122955133,1
-0.19554043392496043,-0.2147045995711221,-0.4008553630158319,-86.3235211909966,130.77702848538155,-20.633603100382153,-0.265955067001913,-0.18421529094352015,-0.2267193116877485,1
-0.20626001269970162,-0.1587013303413852,-0.41695670028259285,-90.03095154171285,128.89720665298339,-15.826403587419485,-0.28362738404917376,-0.1265931812507817,-0.24469408965269368,1
-0.1959790334571353,-0.12050072634205683,-0.4303067436497101,-93.79567723173967,127.95701453912463,-12.4396804527499,-0.27607518604330866,-0.0931470028901848,-0.2595240262786481,1
-0.1659950245271009,-0.0998320775716531,-0.4489446748049639,-98.84926967303679,127.12742013042158,-10.35912047046858,-0.2439068068087524,-0.07945437131481965,-0.278189344486364,1
-0.12369933666266682,-0.10572903496425144,-0.47855284151086314,-105.88546496120235,125.04957544609147,-9.268584442184602,-0.19743130105597712,-0.08920100607830662,-0.3070544030564819,1
-0.08293046401521816,-0.14916516642909874,-0.5102807175372307,-114.25001745828602,120.91747284030484,-8.766237479827604,-0.154043065953573,-0.1295777247995929,-0.33971106269952206,1
-0.06155931711380621,-0.2287139768366812,-0.5187326958733502,-122.01353589189571,115.27705169527358,-8.432054537924452,-0.13244258519652136,-0.19961871968779032,-0.352699275438962,1
-0.07314479782123932,-0.3275460891321565,-0.48257734696866794,-126.88146124458382,109.58940555747314,-7.8802403050042455,-0.14328250281802446,-0.28670587075638304,-0.323584897051381,1
-0.11663692766257963,-0.42546474883083046,-0.4111351027588907,-127.25251743477818,104.8625236696179,-6.831248969982954,-0.18219096192114764,-0.37443508788211244,-0.25819266947033426,1
-0.17508118695645195,-0.5112681908236224,-0.34293222512749105,-122.74599054312085,100.74862593176269,-5.217981649997223,-0.23331869645370054,-0.45195253074197467,-0.1923963884050872,1
-0.22723119229672825,-0.5823226185861514,-0.31239138329058863,-113.99284445685335,96.06307444045311,-3.3017618785970773,-0.28054267554809564,-0.5155507701480715,-0.16066321362504665,1
-0.2605953709793084,-0.6354329612685854,-0.3205457633073201,-102.0398325362827,90.09674663304702,-1.6790362416852402,-0.31439571080946394,-0.5632821595034356,-0.16618184498040484,1
-0.27241211969092877,-0.6626118510579947,-0.3394508058234411,-87.981993640155,83.22271210606604,-1.0399242435021985,-0.3296485950900112,-0.5903774988077772,-0.18392781562523905,1
-0.26099566941568364,-0.6565806395703095,-0.3416728394917942,-73.0772925426394,76.20126915939217,-1.7676211082097553,-0.3206505276577146,-0.5907958104083899,-0.18820756822514714,1
-0.22105153711276668,-0.6178345026695342,-0.3255852641749373,-58.929768433957854,69.16739487452685,-3.7437602715441267,-0.28214226939425807,-0.5622648347243541,-0.1758312027871154,1
-0.14841437908734317,-0.5547899285638679,-0.3158637827167183,-47.23515359190207,61.63754578767881,-6.618408056017023,-0.2140218149793057,-0.5087529512924137,-0.16735605208566004,1
-0.047813830957758346,-0.4783301111827311,-0.3381147981293521,-39.18157327752017,53.585411951833485,-10.317529589729665,-0.12401060448581645,-0.4385985467413937,-0.18626413131006633,1
0.06333802324832515,-0.3973008282441006,-0.3875694803612203,-34.98924684401898,46.24437461941296,-15.233973821264627,-0.02686318373045344,-0.3608832027669835,-0.23084540775852344,1
0.15920885136131413,-0.3168672840055048,-0.42575474603654817,-33.828386160734155,41.50841639052695,-21.81154002900976,0.0583300960378866,-0.28196149086798883,-0.2670834337721809,1
0.22068767872473455,-0.2368078496430085,-0.421915925781841,-34.13040932283645,40.47468088506942,-29.913486764221688,0.11585145440073633,-0.20290477407750707,-0.26251243608638253,1
0.2553454047605041,-0.15057341707594024,-0.40460497232690795,-34.451433144615144,42.774238933172875,-38.765652212608344,0.1483382404930055,-0.12003613007499406,-0.23749663416482375,1
0.30281785165793845,-0.050641413963451426,-0.4602751137153278,-34.786764734769214,47.366836583631056,-47.76003115645214,0.18702087395331482,-0.02993082193448384,-0.2743951482688486,1
0.4112746887653303,0.06021959476049782,-0.6659218584826616,-37.25592133240539,53.602090445262625,-57.34517892015842,0.278407568544804,0.06449316669326208,-0.45822327076115693,1
0.6002343533586846,0.1617388888335167,-1.025098913103963,-44.811027071453736,61.125736405866746,-68.91317704470855,0.4498541335571913,0.15190404105257643,-0.8049819216248603,1
0.8475157347369408,0.22115112645434779,-1.480163578416428,-58.320018757135806,69.02865819982189,-83.66938630282047,0.686070522980836,0.2148552733463187,-1.2601514735317683,1
1.1198593827887835,0.20780238605712742,-1.9807934380079526,-74.5232452771963,75.95578595296767,-101.72738737124013,0.9476390138718238,0.23318773234693946,-1.7677422994519107,1
1.4174458097405684,0.10950553549271097,-2.5172923972812797,-87.10924674385494,81.57587172795134,-122.37628776846425,1.2211674781562234,0.18948779168964552,-2.317401153804038,1
1.7710765825689307,-0.0544595170734575,-3.074300962174687,-90.39826199313342,87.17454129095181,-144.8086689383191,1.5415176893138312,0.08185956567145976,-2.902865233974508,1
2.1639368914778516,-0.2299291838452475,-3.5670284521048052,-82.8712200441081,92.9223639714218,-167.78159989846662,1.9290062219863873,-0.06031377105573532,-3.4443248388939436,1
2.4452515496409557,-0.34685332238378136,-3.854145625575585,-68.09649417531315,93.38439010707143,-188.155851855795,2.2761817744459942,-0.17972924245959013,-3.7872215217767486,1
2.369500804828168,-0.3643666450763613,-3.8412531850086444,-52.60612459428712,77.20263390070244,-200.44509564163408,2.331371537193469,-0.22986152692206888,-3.811890110717691,1
1.8024667277338575,-0.3105853862539466,-3.5815678217226856,-42.295400079593364,34.726878678101,-199.3575643052922,1.8870776909790739,-0.22137237406606763,-3.555605512582252,1
0.9163115405467518,-0.26792586004464963,-3.2582758560481206,-39.83675262314205,-31.768056720093554,-184.15897771719773,1.0370698152112114,-0.21878129904342114,-3.207900028881083,1
0.12868433652176642,-0.30721756775479864,-3.0385477697180066,-44.51653231973334,-106.33749228336382,-160.65874986803095,0.19524818001028868,-0.28176077167905444,-2.9559450145653208,1
-0.20079196800048701,-0.4511333962545338,-2.9313291789313554,-53.62049037280634,-169.7427130058831,-137.68711872092197,-0.2114162594017534,-0.4318383866643934,-2.8236877186335376,1
-0.012540374818552906,-0.7216455935228019,-2.7928525446467667,-63.803838839952675,-212.02892973074066,-120.17540939869266,-0.06595102436526055,-0.7002150079163028,-2.6694846540500348,1
0.4962505160964931,-1.190504365845139,-2.470979464161145,-72.273654066822,-235.19254904211095,-105.2126776101359,0.4308981671147448,-1.1687828993999099,-2.337945752355076,1
1.0864367188951072,-1.903155417731232,-1.9403823553037243,-77.78608455639566,-246.1244875928291,-85.53246434762487,1.005960885058165,-1.8768400772849507,-1.8034225826109702,1
1.6138303351450065,-2.7164848693006443,-1.3149604202475378,-79.90683942647006,-249.78925141022015,-57.97008554647138,1.5007995218088501,-2.658641202950568,-1.180103367971818,1
2.0200688781500276,-3.277036532210323,-0.7601068382652161,-76.36937326585752,-248.1185464939399,-29.071564787599698,1.8677713383320647,-3.1520647814584457,-0.6280808215542397,1
2.2913721216471226,-3.256756829689445,-0.39650761350024655,-62.665135313481166,-241.09361865107658,-11.735972350581315,2.102405511256162,-3.0606455701291067,-0.2593761511233517,1
2.459362526944028,-2.6327198709953166,-0.254988168213385,-36.9668563549083,-226.31126986743067,-15.118982972325577,2.2327152311726715,-2.4123429592755636,-0.10252607601245342,1
2.594601138451522,-1.6973922161855368,-0.28637411518229916,-5.6368160299006425,-199.16745710932122,-37.281486211849305,2.3265723853062203,-1.521253599156204,-0.11715566378516155,1
2.7488118229756853,-0.7970895757506771,-0.3987188297865075,18.138851197528687,-156.68125330028667,-67.52467380366447,2.4469787118109676,-0.7102589373943617,-0.22326529753335864,1
2.8995827843829103,-0.10789704527924528,-0.49291012505119264,21.865450201961334,-102.49130241486802,-95.19498531176185,2.5890168458157454,-0.11596121523476345,-0.3238137400493239,1
2.965809645819856,0.3424367846389798,-0.49366632588965503,-0.16282428374841929,-47.14088182526966,-116.0444569359517,2.6765081129778006,0.2617436012763744,-0.3328907616300603,1
2.8763261830771425,0.5317928248912687,-0.3874140198040033,-45.502866216301406,-1.8448016721246798,-131.65549849069262,2.624412511265784,0.417889074102676,-0.22536673043146616,1
2.620377534382055,0.41049571179879296,-0.24713729804835904,-103.87500432829445,28.879283938643027,-144.83289188144346,2.403120673094484,0.31561648448965746,-0.07459067645888859,1
2.2428573740417717,0.0022659694507780395,-0.1989106500735647,-158.19473784289045,48.498249800977185,-156.10738128980205,2.051201140928268,-0.024042890189175693,-0.018020999245003735,1
1.8054612058221915,-0.526237965570954,-0.33059417028693955,-190.2506340410171,62.61169291172111,-163.68009041840045,1.6386628659232105,-0.4664129742634573,-0.15349267596855345,1
1.355041297054298,-0.9390065744863765,-0.6125182399481888,-191.75685827908657,72.45316844082677,-165.71599582581996,1.2215167153755164,-0.8259180073373371,-0.45043791188103866,1
0.9192931492173826,-1.0824911885188806,-0.9008472923294392,-172.65798681622388,74.57909758434606,-162.55596865269933,0.8238774232260496,-0.9822665509677077,-0.7553120202709852,1
0.5189375347397952,-0.9747997830134898,-1.027712801085485,-156.6603970035101,66.38832578509013,-157.16787984206377,0.45152578408893485,-0.9400829393965646,-0.8907930379684555,1
0.17657010779367735,-0.7638246152817477,-0.9158864275182136,-164.47927047974545,50.79399129915842,-153.77643699762166,0.11575846070291687,-0.7951714524240202,-0.7769257241503901,1
-0.0839870898866941,-0.6018794394231323,-0.6344781625372495,-198.24192629609195,34.855376103663914,-155.77047409149304,-0.15492326971169004,-0.6523415831899967,-0.4861814889172356,1
-0.24427546474508718,-0.5422098468547348,-0.3489373987637374,-241.01947681715927,24.143284186351288,-164.08138360819038,-0.325528406954302,-0.5603377287929109,-0.18880540252722783,1
-0.30248431262098346,-0.5318026827435934,-0.19891338009983475,-271.64029782913167,18.93988046140804,-176.67583306916057,-0.3819206672801037,-0.5014778817124863,-0.027668579405473914,1
-0.28344733946296263,-0.4882444765842275,-0.20227133169030695,-280.9050491745924,15.651316431918513,-189.35585062543456,-0.35168852057927497,-0.430614399095849,-0.022721536750276758,1
-0.2321311152369597,-0.37792121323894806,-0.26543557107946386,-275.238227975508,10.92837602122327,-197.76818880679062,-0.2934138940839981,-0.32262018121088554,-0.0823429301378403,1
-0.1877364288681705,-0.22419941391027215,-0.2843360964311124,-266.7603324872462,3.963903319321129,-199.8872811319261,-0.25721148297662055,-0.1854664810927944,-0.10338119767462405,1
-0.16041061089249598,-0.059183781912267905,-0.2382346339515572,-261.24644951657723,-4.2436024401569234,-197.44908853334653,-0.2512672836865613,-0.037604296957471306,-0.06340965957632896,1
