ADXL345_Acc_X,ADXL345_Acc_Y,ADXL345_Acc_Z,ITG3200_Gyro_X,ITG3200_Gyro_Y,ITG3200_Gyro_Z,MMA8451Q_Acc_X,MMA8451Q_Acc_Y,MMA8451Q_Acc_Z,FallCheck
0.05077540563098775,-1.0273406734042647,-0.148429135814018,1.525809465657241,5.6761858387074735,-1.7089339055770756,-0.02538941935407667,-0.9843764417307401,0.011721577739547533,0
0.05458289646350324,-1.0280651764103526,-0.15902521188735036,1.5648491136382523,5.631463705067776,-1.8056442389064569,-0.024003063749025274,-0.9812153393972268,0.011037986732904206,0
0.05733282799816724,-1.0244980214912414,-0.1559490399356156,1.5711363482887715,5.589766859273749,-1.8888639957346862,-0.024800437864614503,-0.9798590305517828,0.010773598456095905,0
0.059415608047738065,-1.0182449513825342,-0.14281141201339728,1.5360434160820922,5.562076318063699,-1.9642041398659553,-0.026343461662807505,-0.9801921744254757,0.010492428024853924,0
0.061506060052988025,-1.0154083949401966,-0.13564198016323806,1.4845065737108538,5.5594945967259966,-2.0423868442737927,-0.02555365066532717,-0.9804616671584556,0.00961630330799794,0
0.06293938287005897,-1.018955953102796,-0.14262235203658916,1.4543161361735333,5.575199112507476,-2.1150623923000005,-0.02238184139688678,-0.9792082501804928,0.008632012408723022,0
0.06244717918407677,-1.024257830374149,-0.15490534273372478,1.451143601173339,5.5818402186622595,-2.1619611514048107,-0.02014683906242073,-0.9765301038884381,0.008794425116496987,0
0.06009474252183457,-1.0242203422023899,-0.1589682653571661,1.4224508887563752,5.555893490183007,-2.1798208566804522,-0.02105843880274185,-0.9735049122074456,0.010609728863924063,0
0.057605431727162835,-1.017838438003664,-0.1526759366045758,1.2915073949233065,5.502271059654183,-2.187240098579933,-0.02344124530104126,-0.9708587225589036,0.013140466748943801,0
0.05657291762848172,-1.011003151002427,-0.14534326512714868,1.0295658023619734,5.447441105656526,-2.196817651907294,-0.02417216070182129,-0.968671262580804,0.014957033265614829,0
0.056954244737985694,-1.0091644123485748,-0.14474606793231853,0.6895020497150589,5.410099530815726,-2.1946074621941585,-0.022476025138959334,-0.9672225981926278,0.015536726682129217,0
0.05785337659088828,-1.011965559003258,-0.14882089138704857,0.35637046729132943,5.384619229809907,-2.15583011977645,-0.02038322478859793,-0.9671871401755364,0.015645776041045535,0
0.05898502388876326,-1.0152990052039537,-0.15051529336766029,0.06649205475357153,5.349382526727429,-2.0784854771438845,-0.02007323961952514,-0.9683629805024292,0.01650845195977329,0
0.0603526202024918,-1.0160304669121658,-0.1466079770116306,-0.20936420127018573,5.282016386560011,-1.9930599442459054,-0.02155573559734104,-0.9690233795790956,0.018728821906501162,0
0.06128140234851301,-1.0139563259604683,-0.13937206427570648,-0.5032126285014511,5.167901575082507,-1.9327341618952054,-0.023144627130520793,-0.9677582690018816,0.02189849998741536,0
0.06102510676333364,-1.0110054380009148,-0.13262985837462357,-0.7971066229954343,5.0065436069752005,-1.900446311134058,-0.02386293655633126,-0.9656111797559732,0.0249600330340216,0
0.05982029056452372,-1.0094277141821435,-0.12906246028252572,-1.0467045560039998,4.816826789455065,-1.8765555811991668,-0.024530958432037432,-0.9650930816466222,0.026878073230054488,0
0.05825265494634497,-1.0098781452095822,-0.1293982289330862,-1.232992931963701,4.6279786208402856,-1.8499417347489686,-0.026067967498938478,-0.9671621882384128,0.027259097519438603,0
0.05597642145825773,-1.0109676320233174,-0.13188280210881556,-1.3646247052302762,4.454802497971331,-1.8214984478694174,-0.02768651826984951,-0.9703019311009823,0.02659273941910215,0
0.0522040681376593,-1.0112735461563132,-0.13373817760300316,-1.4394837074970448,4.285794105665331,-1.7842332712164688,-0.027917764448926505,-0.9725265815783745,0.025840036365527952,0
0.04757948727489031,-1.0115351341458767,-0.13430127910312872,-1.4335189480709571,4.10585526298064,-1.7273393883935815,-0.0269701902979051,-0.9732555426483702,0.02564804932620379,0
0.044791231716342375,-1.0138615642198134,-0.13537044285021602,-1.3386714279475556,3.924425303894376,-1.661364011646849,-0.026686817359807855,-0.9731122631475145,0.025930226854501266,0
0.04656616274819983,-1.0186313868126067,-0.13784098733157266,-1.1974116726466126,3.766463649843143,-1.61565695166982,-0.027973719753435173,-0.972864882023565,0.026226867307724396,0
0.052522362423385704,-1.0231029577105806,-0.13982754499776995,-1.0818565091263346,3.6411753733158547,-1.6049788404361012,-0.029463118768723515,-0.973132181591447,0.026453522626216787,0
0.058391073102370225,-1.0238516265629567,-0.13932318438623442,-1.0368436661223897,3.536231437211871,-1.6132228887915818,-0.02939345021712014,-0.9744935702928563,0.027050272490947477,0
0.059768426032136314,-1.020490609239252,-0.1372061202053386,-1.0489566857914383,3.4387558882950615,-1.6122287671409838,-0.028002567538121286,-0.9769249530958012,0.02815567914860035,0
0.05698121552055556,-1.01645716347551,-0.1357674902672658,-1.0638376893105133,3.345293826000092,-1.5847356976163665,-0.027032108222629626,-0.9791922744978023,0.029015580058980885,0
0.05466370717381951,-1.0158175989250964,-0.13523606395163537,-1.0233644186029067,3.2503347909768516,-1.528169119954868,-0.027085171378322757,-0.979710392657512,0.02877654247855483,0
0.05584273458429286,-1.0194123172739173,-0.13400842267443197,-0.8975537721162182,3.1357231522590183,-1.4479741003748494,-0.026631246800524783,-0.9783205513885356,0.02760907196202938,0
0.05837137315419208,-1.0243485936123018,-0.1318497506956846,-0.7038647181283425,2.9744009805524527,-1.3518818747623194,-0.024131767764562245,-0.9766424662513664,0.02646340046753008,0
0.05867555786951872,-1.02708028693322,-0.13075638865705919,-0.5028712643995946,2.7453570999139196,-1.2442776017750439,-0.020327009804622542,-0.9762962197452297,0.025911282266548808,0
0.05697290740386414,-1.0263547914258386,-0.132600796627431,-0.3645703787332008,2.4549025584980195,-1.1236923707477275,-0.017502523480051435,-0.9771758928584402,0.025731039589696168,0
0.05612081373021803,-1.023004414277992,-0.1368972329527849,-0.32585567568970586,2.148719696760553,-0.9903037365053834,-0.016808288285828553,-0.9778734898526638,0.025469150972142234,0
0.05673861434401116,-1.0181550001129924,-0.14085249364461733,-0.3724800165164266,1.8901085915807712,-0.8556657582870466,-0.017248658309622952,-0.9774210333544375,0.02495787747073424,0
0.05674923095272774,-1.0131359517040954,-0.14184401288272644,-0.4590454823465223,1.713486651944575,-0.7398248773955467,-0.01740582806630801,-0.9761001981670965,0.024298874756006665,0
0.055150114305566704,-1.0103382900636464,-0.1402003434453291,-0.5482607410664355,1.6023833938898535,-0.6585982559875003,-0.01733775505203782,-0.9748246249292499,0.023654448059021612,0
0.05326011074200691,-1.0116607064434264,-0.13853519089043415,-0.634301172509109,1.5151980216358594,-0.6162212651763753,-0.018303943202971348,-0.9742429813929245,0.023150018557836344,0
0.05240239323463256,-1.0154332809657565,-0.13808309282133888,-0.7309252334823714,1.4245641500737154,-0.6074961615672237,-0.021006468196926392,-0.9742908991744176,0.022796260362945908,0
0.05259118454541028,-1.016895258170106,-0.13781287323051497,-0.8457016049380937,1.3329574337524999,-0.622548573624183,-0.02461120353600472,-0.9742176002470732,0.022387093115069215,0
0.0532799188279027,-1.0132509660792097,-0.1378045260868768,-0.977459383679511,1.2651621900011498,-0.651013875426268,-0.02754077987130094,-0.9731116908108834,0.021618508748237543,0
0.05374395572272552,-1.007134175185846,-0.14040449301384458,-1.1336395788061764,1.2531278790284637,-0.6857277834519128,-0.028958591212382197,-0.9706910221117133,0.020430731476484512,0
0.0530495082901384,-1.0034979790981355,-0.14618050737438082,-1.3319943561636638,1.31965143234684,-0.7222461210032332,-0.029266032348474184,-0.967609694532089,0.019125204975167016,0
0.05088067317479162,-1.0039227028856432,-0.15147252171208192,-1.5827546978159794,1.464404858240635,-0.7533503718724549,-0.02931816529927727,-0.9648482251976914,0.018107424193989446,0
0.04813191274964374,-1.0057673848902409,-0.1523887453724,-1.8812698694783148,1.657708512504338,-0.7677103870197595,-0.02960714582402305,-0.9627554742652094,0.017693936311921128,0
0.04604223313191386,-1.006255206672833,-0.1493474766229251,-2.220729826201427,1.8467777970251429,-0.7599177823324879,-0.0302185606767316,-0.9607315243945207,0.01819623740874705,0
0.045236527633019226,-1.0051533228383804,-0.14544741297387884,-2.606210507433371,1.9781032516498833,-0.7409635258145524,-0.03103074451897918,-0.9579545081070474,0.019876456397402677,0
0.04587152057156567,-1.0033547732955554,-0.14186186827008473,-3.0565451141804885,2.027830686258922,-0.7295235948222745,-0.03179017131558458,-0.9545476170657737,0.022540886153119902,0
0.04783269042048604,-1.0009225366203482,-0.1373152671868877,-3.594348495269202,2.0138456393369335,-0.7270243030802196,-0.032367530611995585,-0.9518789326747044,0.025336597221898998,0
0.050414470433411095,-0.9975296056073446,-0.13145142045322594,-4.229035193153568,1.9738204805883928,-0.708718016856131,-0.03298951864645861,-0.9512293106161407,0.027363131898006404,0
0.05253255863401908,-0.9938706999719126,-0.12615881782517685,-4.944850065685693,1.9319696766574586,-0.6480079827635077,-0.03392430179620328,-0.9520653455030926,0.028582111174076625,0
0.05344707920608036,-0.9915729964843406,-0.12305456449863952,-5.70812135897354,1.8892603027748902,-0.5433669323926029,-0.03494849306896145,-0.9523222488285703,0.029833453502420965,0
0.05278764729987713,-0.9915363447768651,-0.1214645569152239,-6.487722912813306,1.8391000899139256,-0.41353052856046485,-0.03540542933888056,-0.9508347233192525,0.03187079017251219,0
0.05030948440476465,-0.9928419633020233,-0.11966136024309834,-7.263305609008679,1.7829993203041947,-0.27572622039453465,-0.034935067316794605,-0.9487355345272869,0.034689690287247034,0
0.04668899800697644,-0.9938137260043106,-0.11694436840842813,-8.013233479026196,1.730507454669542,-0.13882102468174098,-0.03404812582674853,-0.947773374032347,0.037899705452146604,0
0.04416198776401294,-0.993993234954891,-0.11406102776136554,-8.706169132895358,1.6875009083461812,-0.008498030563095766,-0.033756339332786635,-0.9480955400212141,0.041323247109607074,0
0.04488078014507563,-0.9945450183121737,-0.11234696634979227,-9.313400020532823,1.6438496888779945,0.11186861788609236,-0.0345000338053842,-0.9487407847428264,0.044836297783465554,0
0.04846909728291588,-0.9967166830207587,-0.11236239286205607,-9.823441113492835,1.5730824921119817,0.2194903221433634,-0.035560296488681975,-0.9496992213865075,0.04782205369354876,0
0.052185582734183084,-1.0003503911243574,-0.11292703861159586,-10.23772400814676,1.4477516353445297,0.30644785248470285,-0.03577039052708098,-0.9521108060021308,0.04930657769291538,0
0.05360052938470504,-1.0041634138365483,-0.11221321584453517,-10.557022884124137,1.2539676651132123,0.36675362777806586,-0.03480754147921061,-0.9563206509989584,0.048872014342778,0
0.05244434255149698,-1.0071602660672123,-0.11008823828440478,-10.774972745801145,0.9915667862238138,0.4152209777280775,-0.03354067589501568,-0.9608355284961678,0.04724885464857337,0
0.04993633354987242,-1.009235707825281,-0.10836967052169355,-10.87883305945078,0.6741279464070032,0.48607650450766726,-0.033067129343385265,-0.9637824891106447,0.04576087550514891,0
0.04728890101757812,-1.0105870675917838,-0.10872223907547472,-10.860265049640027,0.3397738097344468,0.6014291259989928,-0.033676751811541374,-0.9647544322566315,0.04517289828614743,0
0.0452295627426869,-1.011139769056172,-0.11136054974070723,-10.739454218084187,0.04779040826023524,0.7469601606920633,-0.034900501455784105,-0.9645971432944455,0.04509236315821914,0
0.04401964780922697,-1.010525861783885,-0.11549233352851629,-10.582133968114254,-0.15938352540398032,0.8864852447731925,-0.03626399825750994,-0.9638851258666046,0.04433226379497902,0
0.04327729607239093,-1.0084797259602427,-0.11980843161376967,-10.486272621434601,-0.29541645635968056,0.9974305331461959,-0.03750505970029042,-0.9624701753097807,0.041879968449425,0
0.04248614060743973,-1.0055173802036599,-0.12288330641664941,-10.545511546165473,-0.419641915776906,1.0862020663543592,-0.038151137042858115,-0.960483388911164,0.03785917312501273,0
0.04199204422423516,-1.0031248444934733,-0.12421339335181027,-10.809586905634008,-0.5828840957321756,1.1691465045281435,-0.03769195038420398,-0.9589407592166204,0.033690852362566234,0
0.04254332679588953,-1.0029176997723734,-0.12444308946608852,-11.253754455138283,-0.7905904718411042,1.2449158749987845,-0.03650151413038872,-0.9589190496979155,0.031122038511226517,0
0.04361193192075761,-1.0055546474280506,-0.12367953420041736,-11.776026073102711,-1.0192667691693982,1.293260352302279,-0.03588201230066558,-0.9606296923900821,0.030960066828418214,0
0.0433398111196805,-1.0101578784660246,-0.1206479130976293,-12.243794143472421,-1.2546866922299282,1.3022145921533792,-0.0366647150954616,-0.9637399953641397,0.032623665524441715,0
0.04076265936447608,-1.0145508715339455,-0.11527779013999143,-12.569611305684598,-1.5050629307058003,1.2888167952651184,-0.03815117005321975,-0.9680650363065558,0.034696135146949594,0
0.03739883040195701,-1.0168517154086778,-0.1112604026754818,-12.748655777101867,-1.7865837564603788,1.2878999613389566,-0.03885409172204439,-0.9732199616248531,0.03601100303472033,0
0.035952578742508866,-1.0174046311165745,-0.11306187177581191,-12.818485984096897,-2.1075277593436703,1.3258794883341136,-0.03810926550869517,-0.9778124026947231,0.036578469179861496,0
0.037412907557214874,-1.0181878110299412,-0.11968312751992019,-12.792288021919552,-2.462039981900395,1.4088253276958151,-0.03666976265856446,-0.9798871460131647,0.03743081433974871,0
0.03967576277241131,-1.0196873794186074,-0.12415088206397146,-12.65256447316229,-2.8296437296436863,1.5253336716324946,-0.03580521023329803,-0.9787546502190498,0.03925697648126524,0
0.03948734619465269,-1.0198372822692334,-0.12123184709920408,-12.412312315635383,-3.184910281719154,1.6477123757122676,-0.03613995012432869,-0.9761774845414591,0.041260010585786475,0
0.03605534087703113,-1.0175103755994088,-0.11422447870012978,-12.15713240718407,-3.5213909804537984,1.7333835934033717,-0.03742793673029018,-0.9752014383005643,0.04164263065123514,0
0.032124404591775145,-1.0157779853164033,-0.11184988049722444,-12.001286404941634,-3.870153089516032,1.7448944038068959,-0.039027515983513186,-0.9775747692035334,0.039356529908131974,0
0.030943331707200237,-1.0193371632027832,-0.11854131218202547,-11.993210786016903,-4.284120700348908,1.6858188361392852,-0.040176975187373475,-0.9823903825462574,0.03536406495971588,0
0.03307641059884725,-1.0286584112872765,-0.12977763924748162,-12.066550985073958,-4.791383060963043,1.6134643784243412,-0.04011420582921735,-0.9871589886341691,0.03187754891075989,0
0.03673672254946034,-1.0384603104848762,-0.13771455748444514,-12.094325935547412,-5.36223610969653,1.5992530829149998,-0.03872866160724448,-0.9897757452195158,0.03013117519056449,0
0.03969850180967263,-1.042582956117292,-0.13957304888524122,-12.001278362999463,-5.931959121535532,1.6720449631310983,-0.03734218044917474,-0.9893720023174849,0.029309167031539914,0
0.039781014987212863,-1.0395213173276054,-0.13893646840956028,-11.821084784793541,-6.464510901958053,1.8110260505719302,-0.0381924414432683,-0.9862285274866025,0.027924017933772246,0
0.03507619089048454,-1.032944091160666,-0.14015043420637202,-11.644163296727852,-6.994459238089717,1.9919933355004293,-0.04249487929340364,-0.9818512773395088,0.025681241302794908,0
0.025695643875160476,-1.0276593849964077,-0.14361381040249907,-11.528584322854355,-7.60419442667259,2.218142114640589,-0.04921168004415363,-0.9785783776653776,0.023658722462805846,0
0.014898057969741616,-1.0256011096324487,-0.1463928195216034,-11.472677201168414,-8.352288935246944,2.495970220555481,-0.05620118053061924,-0.9779117689806686,0.02314313196518709,0
0.007051675714671694,-1.0253522015337015,-0.14571607444186108,-11.450118654592735,-9.210130959184017,2.801329265334173,-0.06215750133250025,-0.9793438566514092,0.024577603395004668,0
0.004472849980264399,-1.0248986150004324,-0.14144108132517103,-11.43412953178166,-10.067277813341,3.088823039888643,-0.06668623214706122,-0.9815318311545858,0.02728194531996307,0
0.006648578934227698,-1.0242087446229236,-0.1361713687453354,-11.376811979598585,-10.815362783778406,3.3296728492938517,-0.06912272179778348,-0.984042359215909,0.029779350188387996,0
0.011380840583921492,-1.024799590970977,-0.13324898145252545,-11.196317406489488,-11.435797428463136,3.530745401119855,-0.06867234617123165,-0.9868970561082349,0.030314514570178874,0
0.015789002040219942,-1.0272654565920887,-0.13408042431734069,-10.83478773442522,-11.997015317333533,3.7230878711129494,-0.06563249552289177,-0.9889737972554113,0.027529023349195294,0
0.017714105205804145,-1.0300010361430352,-0.13774225744282664,-10.348766458741448,-12.562511106808007,3.9395550165603375,-0.06135419905072659,-0.9883443163880005,0.021488491979211988,0
0.017749000350912602,-1.030467037158915,-0.1430739913630051,-9.912812694330922,-13.112049191924891,4.192338782110389,-0.05699123272870951,-0.984299757572848,0.0142802819163107,0
0.019046773985753218,-1.027390328022097,-0.14937291003952974,-9.702239973933109,-13.558531608880596,4.455844007527422,-0.05298850283513283,-0.9780286853541179,0.008891891128389055,0
0.023876096380344967,-1.021609798475691,-0.15489138346281298,-9.77404620553498,-13.83548853682457,4.674204609685514,-0.049485990035809696,-0.9712393622067617,0.006919610905577526,0
0.03106184170275718,-1.014973676442289,-0.15718788087447552,-10.058138659585884,-13.962404169931428,4.799367947550005,-0.04649495189077134,-0.9650341330248517,0.007465147714928771,0
0.03764636286845921,-1.0088226615744138,-0.15578183276073207,-10.42810729973442,-14.024515781572696,4.824719568143394,-0.04385436589727891,-0.9603005259391232,0.00843477418001189,0
0.042099334265802556,-1.0038848104934328,-0.15262643379216476,-10.765903116810266,-14.090195909906317,4.779508605720942,-0.04143345357739294,-0.9582958296655645,0.008809813346174141,0
0.045078506118661155,-1.001309419415467,-0.1495548917257775,-10.998378309510569,-14.150658923399698,4.69753738900886,-0.03922776531057019,-0.9600497956074142,0.009517028767026465,0
0.047876997682202285,-1.0026770875001092,-0.14685658368185384,-11.115057637280099,-14.139970034575757,4.595435763658383,-0.03717425510536985,-0.9651330175185913,0.012085303142179718,0
0.050719914007908845,-1.0082678304472108,-0.1445076129688331,-11.152707591287667,-14.006523494986839,4.473617174549237,-0.035174984196632605,-0.9713497218913105,0.0165100498700811,0
0.052106996606196776,-1.0159970140780663,-0.1430906059462956,-11.147241136672916,-13.76191910369918,4.333382358862792,-0.033424462886128464,-0.9760330128801411,0.02053988336694411,0
0.049986858954856044,-1.023147814343547,-0.1429251834053065,-11.099223689073927,-13.471223990201253,4.193990337110841,-0.03251926140854902,-0.9780268805540999,0.021386146062883762,0
0.044513254636243234,-1.0289340717299889,-0.14334598689854267,-10.987458836097748,-13.20797923570213,4.08761209636402,-0.03301088576713453,-0.9785313731967854,0.01849329454434247,0
0.039458457364500224,-1.0339995995457334,-0.1433140372314665,-10.80352642770677,-13.013833590301816,4.032442293960389,-0.034659423275800495,-0.979731260308156,0.014527001831694671,0
0.0394353827367841,-1.0373573597726846,-0.1423339399222332,-10.559432084179269,-12.881160540500035,4.016605022713588,-0.036117893814470226,-0.9824167993972042,0.013272306964806739,0
0.04516631396173996,-1.0362687035863734,-0.14058349174052334,-10.263670084351695,-12.757638056797749,4.011475154896752,-0.0356959204350726,-0.9851605632858065,0.016504566766326303,0
0.05260294308421599,-1.0306362426738345,-0.13806730192847025,-9.905430154448295,-12.570200895824165,3.9895654088030703,-0.03288476027362302,-0.985867279497923,0.022971136892226886,0
0.057236879026445114,-1.0251203745903223,-0.13383374866567666,-9.479868549925268,-12.263192010245476,3.921627685833239,-0.029154147801892058,-0.9838401352398302,0.030087558848601873,0
0.05803063799317037,-1.0243173161301444,-0.1269940818947436,-9.033892971842207,-11.832438085321451,3.7710922313964104,-0.026786746561332408,-0.9803843917538766,0.036117037669664794,0
0.056540999066692646,-1.0271349973662138,-0.11903740315788161,-8.669418158843216,-11.334129092058435,3.5149661271393087,-0.026732231219937133,-0.9777674829112798,0.040712895446488366,0
0.05403432613814007,-1.028317014037662,-0.11392881612125275,-8.475054290353176,-10.864550592814412,3.172754857179694,-0.028055544008762482,-0.9774515495567804,0.04405307289379904,0
0.0510995120235811,-1.0250372017651352,-0.11430953588885731,-8.446959222723239,-10.520642070671576,2.7963155219592966,-0.029582196099352396,-0.9787989808507838,0.04613793237864474,0
0.04876384070887119,-1.0199089040771372,-0.11792552800043346,-8.490518922813205,-10.353401681539877,2.422666341869611,-0.031246761703371012,-0.9794960226094245,0.04695740691183945,0
0.0477741375543202,-1.0170539487162742,-0.11945593627312004,-8.509009037006443,-10.337412168032541,2.0491935788460904,-0.033460994028379376,-0.9776870826290109,0.04701923504114627,0
0.047097654970532254,-1.0169870748038854,-0.11587730964029963,-8.482642326954442,-10.387270314062595,1.662257858466289,-0.03609136867108176,-0.9738172495018241,0.047443983819751866,0
0.04493888489490127,-1.0169394045947526,-0.10884784534150062,-8.455402699531001,-10.41707112891653,1.275609960192601,-0.038744360930009554,-0.9702478849575892,0.04926359833361555,0
0.04118745983463072,-1.0152613743747516,-0.10239665747759713,-8.463568924201496,-10.392296480046502,0.9246098735714946,-0.04144987679991939,-0.9690490353851525,0.05253227817732346,0
0.03723777533956827,-1.0133732053507505,-0.09936340038474335,-8.50471400633405,-10.333774350652913,0.6239462889107081,-0.04443557122285403,-0.9701272718392411,0.0563396542289876,0
0.03331507043446372,-1.013237729903599,-0.09943401967421556,-8.57292263673147,-10.288328911253378,0.34210090362446066,-0.04759889147804499,-0.9714272983885067,0.059727209249084125,0
0.027803210840810673,-1.0146918502863018,-0.1000266510667473,-8.686975033847688,-10.303708571876859,0.025177627206435012,-0.05071585560520597,-0.9710195315874038,0.06231291764972995,0
0.02004851593847078,-1.016085283780124,-0.09907708033120742,-8.86122673672579,-10.419375610782021,-0.35218405066823444,-0.05395554312805698,-0.968961195871885,0.06401137659430672,0
0.012438244210609094,-1.0164432190369888,-0.09642536623952022,-9.071419068100097,-10.665170733490806,-0.7612248964486417,-0.057695593271160216,-0.9669006708951066,0.06458049082865822,0
0.008151275295190073,-1.0158451280178147,-0.09311956035906256,-9.283318086495411,-11.066332387033578,-1.1447984200120676,-0.06191459121034039,-0.9660342054539744,0.06377870264813854,0
0.00713283718935197,-1.0140436669148472,-0.0908949236084785,-9.510748610207932,-11.648714643970523,-1.4622574889609843,-0.06638013198090381,-0.9660166945693276,0.06186349374277328,0
0.005787497419088393,-1.0101607391436966,-0.09156249441606375,-9.810486068603883,-12.426443337528074,-1.7019362146444024,-0.0715077409097349,-0.9658117426597549,0.05968404063485251,0
0.0011823107638712204,-1.0045110068849503,-0.0952011236173348,-10.207283029226401,-13.376292821184558,-1.8604691434653575,-0.07819282983284236,-0.9648997786823098,0.05815404252212124,0
-0.005601998784224853,-0.999726432112811,-0.09956491032632292,-10.650295005690662,-14.43504146910685,-1.9355996457149554,-0.08632245079825766,-0.963577575226307,0.05750015611456009,0
-0.011159082657435914,-0.9988043098483476,-0.1025997237561951,-11.066499749262624,-15.539056234079768,-1.9461068022511612,-0.09404783947787977,-0.9626822342751208,0.05692490751412212,0
-0.01381900009001948,-1.0023579855347764,-0.1051914713320869,-11.441350991070943,-16.670961927324633,-1.9355747926909215,-0.09912844203820056,-0.9630561820728515,0.05523038478537044,0
-0.014915266626603522,-1.008462534938136,-0.11034372278197517,-11.814936285642286,-17.859760792220676,-1.9369182403897176,-0.10100153000615003,-0.9647165880085655,0.05207192687314334,0
-0.01661033466667915,-1.0144794752003297,-0.11902947241855025,-12.196408021925208,-19.131924376218375,-1.9397865141174575,-0.1014351214253299,-0.9665608418382833,0.048392853751149316,0
-0.019525354491076403,-1.0183615828798205,-0.12736352079510832,-12.512371039167169,-20.469896631471006,-1.9060840961344014,-0.10299476525037134,-0.9675266312609724,0.04525461149905723,0
-0.0223683927399384,-1.0191787886140868,-0.12998419086785779,-12.663402614085001,-21.822697706665476,-1.818330174068331,-0.10656701422188417,-0.9680573052909872,0.04246651013499725,0
-0.02349352103908117,-1.0173942818669992,-0.12718882279423308,-12.626461218431215,-23.15029646913671,-1.7086901624069957,-0.11041121941912871,-0.9695395650753115,0.038897960120212946,0
-0.023079662341865214,-1.0141674326643584,-0.12583748711255213,-12.484780918362777,-24.4508365603929,-1.6383970854433467,-0.11196000688338831,-0.9719392887583443,0.034164604837651956,0
-0.023285500854063695,-1.010159644469224,-0.1307896957722495,-12.35460549559512,-25.746660446872323,-1.6453464933525737,-0.11050555583698077,-0.9729956226513942,0.02947119437897204,0
-0.025169945052484925,-1.0058759685749767,-0.13821505272073384,-12.29746727138856,-27.05096268120813,-1.7119090970923745,-0.10775227423732543,-0.9707345969479745,0.026358471112293405,0
-0.026453315004369246,-1.0029076796320386,-0.14082624277018332,-12.310935290441991,-28.35065723241044,-1.7900881938776219,-0.10569636122185835,-0.9662103699041293,0.024887870925561238,0
-0.02431354269011281,-1.0031487219669661,-0.13784068697886795,-12.38197464788692,-29.613241767055484,-1.8568878392141268,-0.1044097153774666,-0.9626207435870845,0.02361849996568528,0
-0.019356523045014562,-1.0063973229958503,-0.13546245011007044,-12.516177017595153,-30.79977625008866,-1.9319719840395695,-0.10237566574998629,-0.9619663396336047,0.021267794714016196,0
-0.014472366329712237,-1.0100984099693204,-0.13758106455979746,-12.711281369824471,-31.876213450519845,-2.036184510469138,-0.09885325649481919,-0.9636276645299995,0.0179710385879441,0
-0.010843821658516188,-1.0121262575221401,-0.14072783707209097,-12.927086497304247,-32.828217899626736,-2.1484751696891005,-0.09497479101480226,-0.9659987854984418,0.015113851954652166,0
-0.00752332118509278,-1.0129824571732766,-0.14060812508331047,-13.097728914265854,-33.668904355503095,-2.2208089452351207,-0.09190277107459409,-0.9682908068282611,0.014260891641067246,0
-0.003964568984770913,-1.0146100573966261,-0.13924840181461495,-13.172830130297271,-34.42456873631178,-2.2325504851573648,-0.08880690176935468,-0.9704225551775246,0.015891948206186154,0
-0.0005335365420706794,-1.0175668341051334,-0.1412020768072128,-13.151993885093091,-35.11414689977529,-2.216723876849171,-0.0839515846874935,-0.9720638389594425,0.01874986437043595,0
0.0030326244906930928,-1.0200946323515863,-0.1460578494593114,-13.088932155663601,-35.748197380833474,-2.2323675343808147,-0.07736205573127525,-0.972689031514889,0.020620254510076298,0
0.007717942615038332,-1.0200621829874823,-0.14995814331927199,-13.05565151059709,-36.33998855801987,-2.3237199399308226,-0.07090750419490777,-0.9724805518147185,0.020076364963845558,0
0.01365542883839242,-1.0175372194413335,-0.15199910770359282,-13.087481311601044,-36.90404450385326,-2.507715046466881,-0.0656678902138076,-0.9723323811195838,0.017364063036085294,0
0.019546332601416225,-1.015024809653716,-0.15426050001198213,-13.160037524916875,-37.44177117150851,-2.7795853848294807,-0.060703970463437215,-0.9725968815553764,0.013542654777017996,0
0.023971413912992925,-1.0147680840186515,-0.15746143790421116,-13.224788925922455,-37.93512453594999,-3.110654231120343,-0.05504313593334165,-0.9724407281496634,0.009288382124370132,0
0.026841475066135847,-1.0160779854320754,-0.16036970171104697,-13.264346935799514,-38.36002796940209,-3.44855123024499,-0.0497223369525356,-0.9708675049809693,0.004915206142980678,0
0.02909969737141407,-1.015989791663733,-0.16214413193477892,-13.307121945317654,-38.70955183193296,-3.7400944292146177,-0.04684403067614615,-0.9678593070416801,0.0009563617829337664,0
0.030912912348612057,-1.012305936331091,-0.16306122479683838,-13.394665262727857,-39.00751892940447,-3.960154017048968,-0.047097064990522026,-0.9640838964916824,-0.002139735270864277,0
0.030766323870742462,-1.005450682426001,-0.1640852700948195,-13.548889413374383,-39.30285245120779,-4.116795189093724,-0.04916731139107324,-0.9600261573819538,-0.004800076776508371,0
0.027142671218369132,-0.9980815147840888,-0.1667510124237463,-13.769502269618233,-39.649164180159595,-4.234860086014164,-0.05166997067047891,-0.9559730054564488,-0.008065017018390476,0
0.020759804841395703,-0.9935108054568454,-0.172217619258356,-14.043980121386769,-40.07850604659525,-4.3384938035472445,-0.05498786778382699,-0.9523534224959549,-0.012216126499253849,0
0.01401857937581439,-0.9932450579377032,-0.17947429540245838,-14.35091019500751,-40.581764992831964,-4.43902687456148,-0.06060431860247112,-0.9494318363017684,-0.016009772486720857,0
0.008272029071008767,-0.9950702120191078,-0.18510454245622063,-14.665506210424677,-41.11363328305952,-4.527600861807605,-0.06861591562593419,-0.9470648548040614,-0.017659820293516558,0
0.0027824727427287576,-0.9949336109818172,-0.18566321138527722,-14.967336690901432,-41.62426929429636,-4.5769821955100225,-0.07671066902763402,-0.9452942119836818,-0.016445642960384567,0
-0.0033536417627789143,-0.9919419907279546,-0.18052699107662162,-15.227833009190274,-42.09102088052523,-4.549925207009761,-0.08256156954371004,-0.9446968565971747,-0.01300601443203455,0
-0.009165643698122181,-0.9899085962194201,-0.17232675067829192,-15.386883521960204,-42.52736190916954,-4.4101991294854805,-0.08672271619510284,-0.9457321714935765,-0.008339106007346648,0
-0.01232388818780601,-0.9922973525690768,-0.16457909385225472,-15.374480010299834,-42.973395582249076,-4.146908836391476,-0.09129941300156187,-0.9483048780706121,-0.0032869268763716436,0
-0.011383721434219273,-0.9974073535487535,-0.1592565091783169,-15.192093717478858,-43.47331713346595,-3.80633532046923,-0.09550236498085399,-0.9521463527879067,0.0009139105947578781,0
-0.006897932214797696,-1.0008919562767786,-0.15683017674527272,-14.963984580102649,-44.03884383994439,-3.485849342463848,-0.09500065263056615,-0.9567532304268288,0.0023922650560043108,0
-0.0002604357008017049,-1.0015700615208716,-0.15781670246468288,-14.861248899072958,-44.62358382221978,-3.268910220847137,-0.08724164648833435,-0.9607663012176475,-0.0004196596814660859,0
0.007721223790185235,-1.0019836868964886,-0.1631576786587837,-14.950690450008334,-45.14522649586,-3.1630081597271857,-0.07553256843994517,-0.9625169622583236,-0.007569534061549779,0
0.016312630636244448,-1.0039244133340093,-0.1729620502189275,-15.141773998415793,-45.54576250794875,-3.115286144968927,-0.06590289985798577,-0.961632448419962,-0.017219111898913876,0
0.023447616280125684,-1.0060687721240589,-0.18555425420311078,-15.299257511130378,-45.83438779500795,-3.084305569633912,-0.06109799781999374,-0.9592419219281234,-0.026481080131285892,0
0.026403527749815307,-1.0061463670567314,-0.1982538321245929,-15.375367775670544,-46.075731244070454,-3.074627267123526,-0.05929123177663239,-0.9562598827041032,-0.03328324184540087,0
0.02477893484748344,-1.0032837944867863,-0.20893389596624184,-15.402791494276016,-46.33785714912137,-3.098685623425305,-0.05764539394839858,-0.9522209314413549,-0.03800862826189645,0
0.022080332071976246,-0.9975790958316917,-0.2167196452983651,-15.3992248642897,-46.64514358300563,-3.131718380112896,-0.055236796910241526,-0.946203057871033,-0.043045533257768165,0
0.02303154329180629,-0.9892342964337999,-0.22198855340903864,-15.345034680689857,-46.973559862635334,-3.128034377685071,-0.05255501688081889,-0.938490418828209,-0.05041146099959179,0
0.029146963310726606,-0.9795213368656416,-0.22630574428746728,-15.25333690599495,-47.28543680941143,-3.078965408042406,-0.04957354767323873,-0.930926038540854,-0.059855441403840554,0
0.03754930576037973,-0.9713508917752413,-0.2313744528720243,-15.200002491256408,-47.55821729482976,-3.037969893464688,-0.04537469307482968,-0.92549861804462,-0.06894370660356232,0
0.043603765808836924,-0.9669350526296285,-0.23688397945149864,-15.248358112040489,-47.77263382689422,-3.0779378733639846,-0.03991187752381123,-0.9226430284627667,-0.07458187344256266,0
0.044130221365987585,-0.9653356058589656,-0.23974123820116489,-15.363756990601019,-47.89105108206833,-3.2226461677228024,-0.03547893614503807,-0.9211472689085243,-0.07495052047137638,0
0.03958008627968297,-0.9639944777559194,-0.23644098823822074,-15.427910134358548,-47.88261075217429,-3.4217242713262297,-0.035096302468939335,-0.9196984524444042,-0.07080795954367719,0
0.03455789215739544,-0.9623194269129325,-0.2267495300975402,-15.335331631477855,-47.78056210550295,-3.5949026879504533,-0.03875848634925922,-0.9181965268356496,-0.06478174336573332,0
0.03499774473833466,-0.9622349560812343,-0.21494594259322375,-15.068867156253035,-47.68506383157851,-3.706857792243309,-0.04207399044949854,-0.9175918627044606,-0.05872921594780782,0
0.043179879592322876,-0.9653800293427256,-0.20668288204111449,-14.69093263528545,-47.67713333856761,-3.808485033948526,-0.039711637359767404,-0.9188619113540424,-0.05217711314820287,0
0.055765414094037,-0.970975292224608,-0.2041708727752851,-14.275906154179692,-47.734519430835064,-4.011153436899897,-0.030354481964406294,-0.9221879125683098,-0.04428331767586835,0
0.06712533477025176,-0.9765444278504373,-0.20499981151187188,-13.859954200590137,-47.7575358496473,-4.416042692940107,-0.017980361563818565,-0.9266987744895849,-0.03677921732246131,0
0.07387933950171297,-0.9800327049620224,-0.20596193437007954,-13.461462064591586,-47.67948541076979,-5.052711634820237,-0.008336637455078564,-0.9308208344985041,-0.033426301731354496,0
0.0759716508311073,-0.9810947664765878,-0.20704906148875069,-13.136985478975859,-47.53195989483304,-5.86726161683314,-0.004381916561340386,-0.9331616869391761,-0.03644038552571966,0
0.07456409882482423,-0.9807076317429753,-0.21090803795835794,-12.980681925843895,-47.40131788456208,-6.758578629353718,-0.005073161240543529,-0.9333414590416402,-0.044583172348463734,0
0.07042093777950753,-0.9797862724693064,-0.21905370103878832,-13.0485566694553,-47.34110510942468,-7.627206507800831,-0.007875605739277676,-0.9319345309091586,-0.054804366893497186,0
0.06471899783961806,-0.97837065811091,-0.22949272462063902,-13.301691198540494,-47.3251982847196,-8.402531093111142,-0.01140790985043834,-0.9295905208192556,-0.06451951097770431,0
0.060086913331307994,-0.9761460327469439,-0.23794016694938086,-13.641305701642072,-47.2588685539376,-9.044802668978786,-0.015466753055179193,-0.9265584287942732,-0.07207476455150949,0
0.05899338150859326,-0.97320037118848,-0.24129248239432569,-13.989911475976648,-47.02620392501619,-9.539909315010956,-0.019630028101885286,-0.9232805208217749,-0.0764577833698662,0
0.06089017052422905,-0.9701662868579182,-0.24029705190563028,-14.33069186350674,-46.55038113493198,-9.895466487893682,-0.022947374320791136,-0.9209256230816428,-0.07758758080589996,0
0.06246863223478833,-0.9683422606838595,-0.23856714825506992,-14.680582416596582,-45.835231574404816,-10.13634518131695,-0.024845058446677167,-0.9206465697321365,-0.07642324485202924,0
0.06162645086081023,-0.9693318685000742,-0.23863622876172455,-15.040488206504437,-44.965429116907046,-10.304688673832594,-0.025552809304890945,-0.9223296708026625,-0.07427399216606853,0
0.05996606475487699,-0.9731051289557648,-0.23976557506467036,-15.378327794857194,-44.076365482833204,-10.463820947767282,-0.02546268336715144,-0.9244824445597691,-0.07222017194378223,0
0.05997769165971528,-0.976719617095435,-0.24007553552739694,-15.661542166084802,-43.3098420716834,-10.684406615690147,-0.024599790339695116,-0.925467623535135,-0.0712056920198206,0
0.06077643564863606,-0.9767188914547115,-0.23939955662437243,-15.89890963858565,-42.757248519444836,-11.002918523602359,-0.023184939559393845,-0.9247535557345411,-0.07201096471596981,0
0.058788867227578846,-0.9725833802954578,-0.23879007478193506,-16.136047307776266,-42.419631443821366,-11.387987810285598,-0.022568378958930664,-0.9228970874326482,-0.07458788590208443,0
0.05251244216349027,-0.9664444215927388,-0.238243962125086,-16.409908757690328,-42.23699443216059,-11.761259136775376,-0.024854714658144404,-0.9204266869606839,-0.07771469537124132,0
0.044591588152025456,-0.9603959668278934,-0.23656772512817298,-16.732815829845332,-42.16889142090666,-12.066762386487072,-0.03083512038762765,-0.9173187480668527,-0.07985985387846319,0
0.038860435971457316,-0.9559522069272471,-0.23351170863912965,-17.13253527496291,-42.22478546272102,-12.323174725114445,-0.03841222604013781,-0.9141231528617241,-0.08023716921321658,0
0.03675316327263777,-0.9551906209298993,-0.23077375172637365,-17.667316267326772,-42.39785543620973,-12.598085910071475,-0.04397758554020442,-0.9130680924619977,-0.07864056814247553,0
0.036826055824015415,-0.9601682330618917,-0.23014514970539954,-18.3454153276568,-42.5950013403621,-12.92244485289184,-0.04573210445334411,-0.9168238291316745,-0.0748713893260767,0
0.03673857828793734,-0.9710134595254257,-0.2314526389026223,-19.029916395502475,-42.670653232169705,-13.23803624818752,-0.04511874505043222,-0.925893912292057,-0.0694362008607305,0
0.035465531655521285,-0.9854398942636575,-0.23330782732597688,-19.48412795396042,-42.53318715755429,-13.441116824068661,-0.04478086783950788,-0.9379946995588285,-0.06460487783979503,0
0.033951163538807005,-0.9999170433033451,-0.2350471737520898,-19.56451734312549,-42.200486266880645,-13.47291927346588,-0.045803878154996175,-0.9502494891210757,-0.06324033426627902,0
0.03357944857648388,-1.0111667083676183,-0.23636291843078025,-19.366550349629474,-41.75453325065953,-13.356875472580144,-0.047283970869148935,-0.9612866791664785,-0.06568318536287789,0
0.0342387078056899,-1.0175556265649552,-0.23570421285644338,-19.15285407293101,-41.26549017544763,-13.156208980466351,-0.04783441082538159,-0.9708842369799605,-0.06856195240648946,0
0.034434460787044534,-1.0197050588548535,-0.23157381837222915,-19.13373981688485,-40.768632425755506,-12.912830728132747,-0.047022846447548165,-0.9783340794594516,-0.06790976007045597,0
0.03293789344329436,-1.0192818629579488,-0.2258923839111879,-19.327368231995507,-40.29431522159814,-12.623666650244344,-0.04603975160369068,-0.9819629001278025,-0.06356470624148579,0
0.0293367805008026,-1.0171234348510412,-0.22362968832984928,-19.62210066201051,-39.896169843077246,-12.257101851537904,-0.047550388624361846,-0.9803244405630831,-0.05963397376515695,0
0.022959387886634295,-1.013071810564109,-0.22760266949579003,-19.944574820079303,-39.64897660502328,-11.786919510774236,-0.05428758418877855,-0.9736809009456582,-0.06030206750315313,0
0.012401853788732193,-1.0072448268179581,-0.23496368383988736,-20.346512956871194,-39.626178419764834,-11.21674524405643,-0.06691788224138132,-0.9641936207187317,-0.0658597820454268,0
-0.0028952122482575207,-1.0004008330361538,-0.24017199325917782,-20.934003022502687,-39.86689869344217,-10.573043216615131,-0.08315609677333007,-0.9543901687740061,-0.07313144616529511,0
-0.020690578069780873,-0.9929688254960812,-0.24085503380410755,-21.73950988389846,-40.34255158624363,-9.87944093441861,-0.0992245164460399,-0.9453343994469122,-0.07888189992382386,0
-0.0364091362943451,-0.9846801818164492,-0.23962886407174838,-22.68347314671229,-40.95091805403566,-9.149105721248958,-0.11227261758088698,-0.9366104909057029,-0.08199408523241317,0
-0.046318509295875616,-0.9757486082329827,-0.24006640517827693,-23.651827366332057,-41.5558088698556,-8.395344273800783,-0.12160407537879954,-0.928084561272192,-0.08287765605516866,0
-0.05054719897910585,-0.9677503627142393,-0.2420453660783099,-24.591821713585748,-42.04907042164814,-7.627241449558141,-0.1282488400360057,-0.9208518621429759,-0.08201342871220864,0
-0.0528131229434475,-0.9621624934763384,-0.24240329887443118,-25.53569777965347,-42.394129823760466,-6.834062182029567,-0.1338248440973209,-0.9158252913708925,-0.0796275637159305,0
-0.05659942725137879,-0.9579619495739009,-0.2397141147053944,-26.54879422124937,-42.63543636168407,-6.000450799037868,-0.1391865443570284,-0.9120160139852179,-0.07634030671808638,0
-0.06120064579363191,-0.9520686282043536,-0.23632191748398157,-27.660761452738512,-42.879549683729984,-5.15324408019834,-0.14309107191460343,-0.9074124477566688,-0.07346342966424733,0
-0.061982951441723805,-0.9434152055419666,-0.23502098132981067,-28.840826011611384,-43.244902423179354,-4.375585327938428,-0.14232781304465303,-0.9017940711207422,-0.07229422603462538,0
-0.05522783601472533,-0.9359380636371228,-0.23560195464875996,-30.024285120681633,-43.78528318480537,-3.7445145467715815,-0.1345459706100543,-0.8976946266919198,-0.0728702939289268,0
-0.04259917672379186,-0.9354731131834109,-0.23582384993256136,-31.14112942359243,-44.44248284539024,-3.248496408527793,-0.12151821205114861,-0.897836095438749,-0.07324919602606876,0
-0.03012687492032976,-0.9428887575977607,-0.2340662364503322,-32.1176780410576,-45.095198197744274,-2.784799444810718,-0.10864351969158845,-0.9020241683098449,-0.0702771672919204,0
-0.022803123448737632,-0.9519747543117948,-0.22933426694039027,-32.87923874880188,-45.681298718990725,-2.2443602365896163,-0.10062668854682394,-0.907216008478114,-0.06170211199860063,0
-0.02128759342219984,-0.9556562821799478,-0.22011899768814586,-33.36830454919303,-46.279291583132164,-1.5836842644233473,-0.09833257272665878,-0.9105815577628842,-0.04802472388775349,0
-0.024076452103361314,-0.9534745437431542,-0.20589271188296854,-33.54705184517641,-47.075057579027145,-0.8124072804233817,-0.10016671213738787,-0.9121317008051009,-0.03249859418549247,0
-0.03069048056351637,-0.9517088699481471,-0.18995429041694328,-33.3859051068668,-48.25999786665305,0.058051293856005576,-0.10525610556170699,-0.9142481895553325,-0.019433564236335667,0
-0.04113443967361152,-0.9565534419176681,-0.1788281230793094,-32.89312875486188,-49.94614130877644,1.0223152608294546,-0.11390333922299217,-0.9188980186890178,-0.012285384264290988,0
-0.05388635648111458,-0.9681400514848385,-0.1775733181963706,-32.18336750998663,-52.12190257144463,2.041085337120648,-0.1254491950779743,-0.9257970511783009,-0.012586318084468083,0
-0.06624198845803002,-0.9813556015579731,-0.1860739145661239,-31.48349070529081,-54.63598139214189,3.021702121107185,-0.137509627402149,-0.9335144272467861,-0.01969545231544207,0
-0.0759271849361533,-0.9917358254521742,-0.19990955655095982,-31.01118240201664,-57.23097663829082,3.8613597289932033,-0.1478870235214498,-0.9417335947624506,-0.031079923712035936,0
-0.0817148132569597,-0.9995309286172485,-0.2137243757330613,-30.820746031973822,-59.647470373780706,4.511490748537046,-0.15607999324105115,-0.9513773182188308,-0.04330638444306939,0
-0.08331075343952919,-1.008067490859587,-0.22410481743500085,-30.779878676859084,-61.737096463498325,4.988876911852468,-0.1622730601841465,-0.9625256976994722,-0.05386524923515878,0
-0.08106533501679171,-1.0196216293290503,-0.2311793352951994,-30.708457594054916,-63.481392590313106,5.320357624371634,-0.1656570884867058,-0.9736854373904075,-0.06275968871778255,0
-0.07557473102853665,-1.0335967854020922,-0.2377568650781549,-30.527683014003678,-64.90383957691667,5.486445423689381,-0.1644572435279575,-0.9840301058906329,-0.07208119927148948,0
-0.06753435937075343,-1.04744439354046,-0.24579683921669757,-30.266087362982287,-65.98138823926175,5.422332429723502,-0.15740919242318285,-0.9951443852003556,-0.0834551157850793,0
-0.05759272511966688,-1.0584841379723964,-0.25416256849481467,-29.94981945186244,-66.65487751508294,5.064090866671639,-0.14492334350944938,-1.0090344407909384,-0.0958761263730356,0
-0.045824069907468706,-1.0661034899486377,-0.26065925457862965,-29.530258504362394,-66.91433890477595,4.396853302395958,-0.12877847747550283,-1.0250079963281178,-0.1064120405180866,0
-0.03154993693899944,-1.073322139088019,-0.26490289478388945,-28.92096238537955,-66.84874086142862,3.4785073021682242,-0.1106673865217109,-1.0400503749954428,-0.11280157506605032,0
-0.014057760435742564,-1.0848730724632725,-0.26764054286875527,-28.062405957187064,-66.60115825851385,2.416869715095853,-0.09117675688354603,-1.0519901060793062,-0.11462484378459024,0
0.006596724783616693,-1.1018634154671618,-0.2682564172929913,-26.918883780234832,-66.28432047427236,1.297864959216793,-0.07027292626920681,-1.06067364592344,-0.11227553632848691,0
0.029638126868433125,-1.1189897651918008,-0.264935177262803,-25.432314645607114,-65.94052853923635,0.13170049550806606,-0.04846486200497404,-1.0661071993064741,-0.10631781772624496,0
0.05404237176268329,-1.1290122724376694,-0.257628030170706,-23.528035122385663,-65.55278244287324,-1.1036223381644386,-0.027234095176534003,-1.0674976444903432,-0.09829701760425226,0
0.07815719953075763,-1.1296496094408082,-0.24973512532192052,-21.19967191510912,-65.05381478197855,-2.3647862550081684,-0.008425260721292625,-1.0648915241344137,-0.09097906981356893,0
0.09884384935483317,-1.1241281674921924,-0.24594124475521761,-18.59118421459044,-64.32055538838605,-3.528793022574579,0.006805991621833899,-1.0601678757129462,-0.0869415342144137,0
0.1126842486512588,-1.1157867276330804,-0.24826391836539916,-15.969876423081907,-63.20583014562025,-4.490109086281501,0.01864824095676781,-1.0554293006067448,-0.08692013066302041,0
0.11963614230693928,-1.1056115898475238,-0.2541259686697071,-13.577111450855314,-61.62923404700376,-5.234015706936674,0.02839949364560652,-1.0513427335421899,-0.08926558417750938,0
0.12456438304771955,-1.0954249400178848,-0.25800838484209265,-11.475874943718189,-59.65947898437402,-5.793259079393651,0.03775764769222959,-1.0475606644700943,-0.09083210690426273,0
0.13308427831199904,-1.0892069746892399,-0.2555361495245701,-9.542136632855025,-57.508367258860495,-6.175690324377176,0.04819041018357067,-1.043927894624636,-0.08905542356128242,0
0.14610924858953173,-1.0887122158684768,-0.24720392988206663,-7.614035257697687,-55.44179285246499,-6.37673974880125,0.06016526977965165,-1.0407901946551683,-0.08389301534504993,0
0.16003128380299333,-1.0904400606304043,-0.23830072931115676,-5.656745764677748,-53.679020067680206,-6.434016518688081,0.072386912766713,-1.0383955883618177,-0.07779599485287553,0
0.17120194828434815,-1.0894128143606046,-0.23426975829872349,-3.794491294535825,-52.336836152531355,-6.412758271088734,0.08242500014301471,-1.0361345197138556,-0.07361709814749802,0
0.17816048223632497,-1.0842166720721755,-0.23583218615936616,-2.1963893131227277,-51.428688256188835,-6.337647319916673,0.08916063599286009,-1.0325083422511252,-0.07246180860617604,0
0.18125146400411457,-1.076529462412409,-0.23900281884122873,-0.9303481521678906,-50.89285110605397,-6.186089036106727,0.09453345623988885,-1.0261997291001996,-0.07330690153918332,0
0.18333603579939775,-1.0674981844491744,-0.23961769543816616,0.08737726869313157,-50.61366127173394,-5.960666069386396,0.10180036518442948,-1.0172936219341493,-0.07432697069761827,0
0.18947731327136813,-1.057094324732936,-0.23707159218901044,1.0120328355888255,-50.4349156247615,-5.728414787409407,0.11173744217422169,-1.0075648301766291,-0.07448878150258531,0
0.20204338068681837,-1.0469123627619596,-0.23357775687498922,1.9337046373965185,-50.19862969917877,-5.570508429030918,0.12149062401251463,-1.0000683773051673,-0.07401923719931638,0
0.2164277710271955,-1.0416523878428277,-0.23091525375602684,2.7935364769948987,-49.80088281004612,-5.529208630022371,0.1276551169706919,-0.9984177602076342,-0.07360144084434485,0
0.22476369605403446,-1.0461869946168967,-0.22904868479795987,3.416048969712528,-49.199078720359374,-5.626964969704271,0.12955246880514154,-1.005186851436917,-0.07353096006752378,0
0.22403915510161893,-1.060878439479013,-0.22773704138947723,3.6353516274042126,-48.351889317262206,-5.899526666946221,0.12894212141244377,-1.0197287682450096,-0.07396059419251616,0
0.21849617473049152,-1.0806014571008498,-0.22862209276360024,3.412344832717083,-47.174705273251064,-6.367338046841499,0.1276897323303279,-1.0376311694328455,-0.07588427628740498,0
0.21426969645625243,-1.0987166489312288,-0.2351922944042047,2.83881332138193,-45.592434012253264,-6.987490683815749,0.1266315747243445,-1.0531409665487836,-0.08150475510071101,0
0.21356084288715904,-1.1113389433231329,-0.24974296358484052,2.0318846205243135,-43.65224748656753,-7.671515844628374,0.12563348458657594,-1.0626695368661543,-0.09295385749278744,0
0.21382069887457236,-1.1179560086732734,-0.2695441046108447,1.0291265632480382,-41.561660630533424,-8.353340410851533,0.12333188529532582,-1.0665318691856078,-0.10982419038585536,0
0.21052870544225144,-1.1198926162134417,-0.2872439995595034,-0.21965722576567498,-39.56249370461809,-9.01694370449889,0.11712652109481723,-1.0680839890417768,-0.12785283349140372,0
0.20049030076885732,-1.1196430887767992,-0.2967604930045955,-1.7827325525199864,-37.72057734349229,-9.662634591995058,0.10492876974002804,-1.0711287129732585,-0.1408738378980308,0
0.18424439249603208,-1.1207576953315972,-0.29799127789116475,-3.6983471352792208,-35.83927981837184,-10.291678350363261,0.08780888950300597,-1.0772585466433275,-0.14478046016959817,0
0.16585578974783236,-1.1266634642465068,-0.2943784727817987,-5.983897983576217,-33.61991737277119,-10.955943350792454,0.07040672873871948,-1.085422744436609,-0.13968766154129134,0
0.14974140345735748,-1.1394458431106196,-0.28743601869573576,-8.617785195878934,-30.93889131766141,-11.790737982332194,0.05765666018569229,-1.094651527388763,-0.1285910792154503,0
0.13811337720911177,-1.1601410363198772,-0.27624598811443274,-11.45325347340667,-27.96418379168358,-12.934105470832192,0.05076376327680691,-1.1073811806747478,-0.11471937342324308,0
0.13110339553941774,-1.1889404691050962,-0.2612919862831639,-14.201830046803655,-24.99143982155781,-14.395769719609978,0.04647566197851054,-1.1291376216845237,-0.10006117143768166,0
0.1267451061464549,-1.2238393631026077,-0.2449128017861243,-16.616458226431277,-22.188099726676683,-16.04484520675925,0.03978172896473887,-1.163480938033556,-0.08483354102226985,0
0.1205919788598926,-1.2604370912211122,-0.22667132646998966,-18.733767237036012,-19.526309416988543,-17.746940242552775,0.027516176740539362,-1.2068728373543591,-0.06706624821470786,0
0.10953457157503503,-1.2953532055463595,-0.2014609950576735,-20.869486223263472,-16.93309286692618,-19.471937653268427,0.011663329342590886,-1.2500892328366793,-0.04347663278324589,0
0.09790221284941177,-1.3300757226924051,-0.1654636885452636,-23.282642573183427,-14.404795360436673,-21.22411073787909,0.0003811793013552395,-1.2867731041599884,-0.012437849079999948,0
0.09550294436183356,-1.3701687845743062,-0.12270089986009639,-25.817353846224396,-11.91635027986959,-22.90666999298127,0.0025875216447418803,-1.3206023375744007,0.02375401436201939,0
0.10640117782944719,-1.4202720979446621,-0.08196042699097693,-27.930957394471967,-9.298284560293725,-24.360250656195312,0.01840914100648771,-1.3618705638346864,0.060742607397809206,0
0.12285647959065833,-1.4805259728256577,-0.04647298921655711,-29.12890821175232,-6.317285935296078,-25.569263666590942,0.03718279820532396,-1.4161734919553788,0.09677351698886057,0
0.13372376615236037,-1.547262021652629,-0.008876805843435982,-29.34053197795474,-2.8774555574978873,-26.731129125036194,0.047915051547242314,-1.4786205335296216,0.13518983419926092,0
0.13734715943247228,-1.614802735679431,0.04132480004812415,-28.823567374972363,0.8960948858652606,-28.035882526880997,0.050229764654188706,-1.5403237834030656,0.18175701274958062,0
0.14362437621628724,-1.6763054460662694,0.10396776845013024,-27.77658852269843,4.726796012969695,-29.43627597754496,0.05311204425715558,-1.5977007528932725,0.2383406826246845,0
0.16253928764181488,-1.726292984683531,0.1630778606643612,-26.183539245215513,8.30678400675709,-30.735077903224283,0.0643753167867947,-1.6524210906264214,0.2980288117066579,0
0.19151700915246975,-1.7645943017894412,0.1986605261863517,-24.0497227375917,11.43177750524534,-31.89529346997963,0.08297468629461041,-1.7037038882698288,0.34656451739062416,0
0.21693939602601442,-1.7956941809281588,0.2030514939768083,-21.65300425265397,14.133078065214768,-33.17696688564399,0.10131763251544111,-1.7449087513711492,0.3693421042218629,0
0.22907547447791154,-1.822192736303823,0.1824196984407635,-19.470683392247977,16.726575953110117,-34.88823788614676,0.1141680728228944,-1.769560492051962,0.3583983162506486,0
0.23161350650309187,-1.8404289999904502,0.146024953997054,-17.93384311836022,19.68731758954719,-36.99535400388343,0.12397945779311816,-1.7781786724232027,0.3164652952044971,0
0.23467133471210228,-1.8440587240252597,0.10270595937805829,-17.307790933504606,23.34550324579794,-39.05329859876705,0.13662703569717732,-1.7759950291407214,0.25878855586019306,0
0.2427531170316533,-1.8307469252882143,0.06609973251402579,-17.601913647688434,27.58540301299391,-40.578137643655005,0.15321745196982206,-1.765194413084426,0.20963203795863883,0
0.25165725113125836,-1.8041639653648236,0.04999046725751404,-18.34069802242019,31.831498438318995,-41.44965708468305,0.16795184550597403,-1.743542359067826,0.1884648754298985,0
0.2537648126122381,-1.7701169686772353,0.05274795095881099,-18.611690338192844,35.38279594522925,-41.91857241394095,0.17361997115240768,-1.7108948351827848,0.19349957686679448,0
0.2452152870594594,-1.731975382245969,0.05576558935359563,-17.81256150712774,37.799587302588925,-42.31226266024571,0.16787841099966813,-1.6723327146510618,0.2023776067327405,0
0.22996566899225585,-1.690067227678516,0.044282675227000155,-16.38561659062223,39.01638796593957,-42.83984935216283,0.15447963502685153,-1.6323848782652943,0.19443535385790398,0
0.21606942684953126,-1.6441271196171314,0.02292378335105107,-15.384420164558755,39.18910399502938,-43.61406262755518,0.13934553307903108,-1.5897622167236751,0.17013980367360032,0
0.2061076081449342,-1.595120044677492,0.004812604047362803,-15.196544449544623,38.55856081615189,-44.6487494112468,0.12523220295301432,-1.5414304747723615,0.1452177396807683,0
0.19297646694650858,-1.5453674750258513,-0.007065114311206374,-15.064531622445957,37.48350375930635,-45.73555655496077,0.10935145415186576,-1.489525454316982,0.1303281385531971,0
0.16768381553659895,-1.4972274562817884,-0.019132973328050116,-14.00187051345912,36.45592658886597,-46.47896862379401,0.0861870700373843,-1.4396379042702476,0.12300152505697012,0
0.130511400108305,-1.4503179473436383,-0.032475495161617164,-11.796863310666794,35.9083227293342,-46.64063627435699,0.053644112675046915,-1.3925137873197992,0.11720312130949413,0
0.09207673874930726,-1.4001257142991532,-0.038580099971052544,-8.867602067962968,35.98332537923659,-46.40421929760413,0.01694162064159545,-1.3417841476467214,0.11335652579255795,0
0.06337035505698324,-1.3413446391735533,-0.030594498528978546,-5.449312003624964,36.52015160163611,-46.159265461781786,-0.014272873237019187,-1.2815753026518966,0.11698421342627421,0
0.04689452088094328,-1.2731563635143281,-0.012855418231374934,-1.3195129964493588,37.176675354993456,-46.059650027641545,-0.033271595460263204,-1.2135455320133277,0.13043685125971854,0
0.03817270531048213,-1.1999033551427216,0.002277390198967977,3.706472948640088,37.49538382775691,-45.90648126154544,-0.040557164685323145,-1.1440019321242576,0.14705523755490782,0
0.03317495083695359,-1.125057031826458,0.004067406123911867,9.223970478841341,37.002484859349025,-45.40859394134736,-0.041331431696340355,-1.0747925339099806,0.15400402821442574,0
0.03092803809337926,-1.0439200605977506,-0.009932160655005,14.257426653406322,35.47398560804931,-44.426481094205506,-0.040625023385523595,-0.9982769187708929,0.14328779558667495,0
0.02938854567040688,-0.9441433031597277,-0.03469563852978796,17.912566332445255,33.14398458434516,-42.967864870255454,-0.042346042193358975,-0.901590488368629,0.11905914721188714,0
0.022992891397154356,-0.8164678211892064,-0.06599682550845762,20.154985705168798,30.552752689359057,-41.01833372427644,-0.051308872060620875,-0.7768784457787653,0.08962033899291089,0
0.006639712440636533,-0.6645078043698536,-0.10819381810504008,21.88295985872793,28.20210063362032,-38.374933000644276,-0.07215986847723661,-0.6285902992098146,0.05342528261435266,0
-0.019580306182423523,-0.5010437874574979,-0.17077336141622343,24.014787729700547,26.44503538930757,-34.6658625749082,-0.10445047562657431,-0.47012393285104115,-0.00031632311291165125,0
-0.05064139632097988,-0.335710336916314,-0.2560736889559901,26.4982295414237,25.604928028162686,-29.658192406203266,-0.14074078215278285,-0.31246102658022695,-0.07672305426419755,0
-0.07980995467650032,-0.17090985099124362,-0.35351012951877114,28.371794648631358,25.924904844175007,-23.608146533935564,-0.1717652602639183,-0.15797972609047986,-0.16776819991294156,0
-0.10103151913829264,-0.011066342622859701,-0.44737209523627924,28.706529789453203,27.283483734077326,-17.21073319313709,-0.1926642511396559,-0.008105192194643555,-0.26091698792194035,0
-0.1100255638716226,0.1276204294844108,-0.526452653794373,27.193731934122155,29.100471858155114,-11.12858081095073,-0.20241615489210826,0.1240428271009607,-0.3469907774386625,0
-0.10442326206301315,0.22025927595110423,-0.5818217511898504,23.82129517073206,30.6636812442538,-5.619514554801736,-0.19854962387977323,0.21357145875117736,-0.41417127230948797,0
-0.08348395597075985,0.2480136610906431,-0.5986133546841342,18.44779502492115,31.53109254848372,-0.6296698359972274,-0.17647174369300617,0.240557185371617,-0.4410394274297227,0
-0.04958224712012926,0.21140173763889297,-0.5604454271828275,11.169175380810382,31.561515246937653,3.8909104824187573,-0.1363633392457945,0.2072025314411361,-0.40704219526130575,0
-0.011317357932092898,0.13050265248558193,-0.46778121139312046,3.1096962203726464,30.608959550290578,7.879810170966035,-0.08943297796566575,0.13696257008303742,-0.31355459173992084,0
0.017127656190944456,0.03261514335936813,-0.3473646963910818,-3.5414223635095325,28.327446629704156,11.30167250139605,-0.05445110527249719,0.05704482135808843,-0.1900877389721928,0
0.02358678814019099,-0.06134846785049905,-0.23765138301438746,-6.642062111041341,24.37113758554167,14.251012105480491,-0.04581179833624292,-0.017255851992015337,-0.0761935773805743,0
0.006168588837999263,-0.14108854645805793,-0.16458343035270173,-5.3965126979714775,18.761247959954073,16.863203691129737,-0.06379427510146905,-0.08310294593813354,0.0023334672620915504,0
-0.02666910033633051,-0.20174029285328354,-0.1307805702597869,-0.6647980454498166,11.983777650411799,19.181966352371628,-0.09605206383006673,-0.14024350817298042,0.04169722862261897,0
-0.06310449769181745,-0.2392088452704067,-0.1229923564337095,5.827576338130479,4.729126737544174,21.177354812541825,-0.12817198962169962,-0.184450163481093,0.052225957452991835,0
-0.09282143302317257,-0.25366963554345984,-0.12607027976356747,12.511013570533759,-2.412994995801194,22.865232205188363,-0.15217636795170442,-0.21099701771150742,0.0473688090952643,0
-0.10651741577715482,-0.2551600075475845,-0.13140964233603247,18.462642855652927,-9.042564002075169,24.31028962673987,-0.16545749064472431,-0.2219921573566728,0.037728403465373254,0
-0.09620246099416603,-0.2583125457252939,-0.13697659754344313,23.376534895594013,-14.879897832545522,25.478526294746594,-0.16472035968207924,-0.22627947771969986,0.029074344916428914,0
-0.05949533677703618,-0.2673958208819966,-0.14450582213938806,27.42018560280112,-19.699211733527836,26.196185323215765,-0.14442194213570334,-0.22975813806369086,0.02118561870680719,0
-0.002167060712530351,-0.27036271902000975,-0.15882283936394995,31.093382260570284,-23.294075188094425,26.358019540778436,-0.10144228967706874,-0.22790076475527968,0.008167541851453578,0
0.06535676761252833,-0.2518013254718946,-0.1865631306581019,34.8994673237394,-25.453094138718907,26.091463539335557,-0.03984279550446124,-0.2109117298926818,-0.017358913860549285,0
0.13385651256442704,-0.20966443357102568,-0.231282266481053,38.873363048914136,-25.998670980452342,25.561201382452488,0.029744094723801906,-0.17557710095089302,-0.058722188691478425,0
0.19884239012509555,-0.1578412394107774,-0.2901473130129114,42.363215549270635,-24.92193410405374,24.625534699503177,0.09652528668332588,-0.13105745888054945,-0.11409575641526798,0
0.25979399758651306,-0.11631433047700362,-0.356525556287195,44.29015915509457,-22.526300208987003,22.808864025882393,0.1558807741643358,-0.09495726551629721,-0.17910460703690004,0
0.31489271509438765,-0.10111149818318757,-0.42280180098299347,43.657968221462326,-19.468413372981075,19.683301313115454,0.20782669203972987,-0.08401035676748436,-0.24699778021618835,0
0.3565892824628761,-0.12100541839469034,-0.4791812767553673,39.98606996893401,-16.67254686001307,15.325315079906876,0.2499012716566339,-0.10670816966792733,-0.3067868773482574,0
0.37518918564060705,-0.17961000745744285,-0.5158046683589298,33.50745789328394,-15.13096178561399,10.414399051853508,0.2750486565812116,-0.16440379776851394,-0.3472465270230238,0
0.3662998023971641,-0.27652578732139216,-0.5333697925443205,25.00811269738857,-15.55650244449599,5.796412953143987,0.2755678582907709,-0.25716201852269055,-0.3684959603817867,0
0.33078373956030294,-0.4054455177838558,-0.5501741571126598,15.317777447645215,-17.90367407441792,1.8762913482758354,0.24507836591110166,-0.38375825743992215,-0.3884950920188509,0
0.2684211949107674,-0.5555547544204817,-0.588797938557555,4.910904580103457,-21.048817323284144,-1.5481193061634069,0.17904872007179973,-0.5363556641922927,-0.42966793747492377,0
0.17851675324382574,-0.7186246069327693,-0.6476241878540032,-5.816150114799355,-23.124388901320213,-4.931051975977556,0.08066187350449337,-0.7008042293597009,-0.4909909209580456,0
0.07008702159854159,-0.8931192871489319,-0.6865372544359568,-15.75427135152431,-22.618604101330092,-8.637036886498926,-0.03224976582134422,-0.864991691352706,-0.5335430569267621,0
-0.033010677194481704,-1.078535615998888,-0.6492238483984923,-22.717357740414844,-19.507424938581963,-12.931029562676844,-0.13114056577032437,-1.025413504578576,-0.5019013396236799,0
-0.10305356639536478,-1.2659396876067885,-0.5092570844062414,-24.230081824436702,-15.360167607847929,-17.993693670852483,-0.1921222847397755,-1.183798797574701,-0.3692940666241937,0
-0.12658584465733683,-1.436204284421207,-0.30096770538565154,-19.121313148157995,-12.20567632529991,-23.6670131408519,-0.209067114979845,-1.3371379080513108,-0.1676398705602876,0
-0.11157125297552259,-1.5694085585817732,-0.10694072482821304,-8.70932399685762,-11.187370386968935,-29.231827588516083,-0.19269068878069667,-1.4726452062970483,0.024617787195716553,0
-0.07787949521526694,-1.656931944099788,-0.010404127887145582,3.4607058429170023,-12.216322051261505,-33.68430580796757,-0.15875798437982558,-1.5748178875336694,0.12709800358280232,0
-0.04322330038918024,-1.705268934834127,-0.04774421268956471,13.283562928510118,-14.713928112099882,-36.36939807189586,-0.11951228426626259,-1.6379549405564542,0.10137573705933922,0
-0.01843903087860575,-1.7295681997205163,-0.1923744186948418,18.07867083705968,-18.447631846497895,-37.28677533462033,-0.08617251685825404,-1.6705682841946365,-0.03247166100706842,0
-0.010759033398108327,-1.7440755689624576,-0.3744935007649355,17.609604647813217,-23.563180201837355,-36.708299582125576,-0.07264342822054017,-1.6875916546942844,-0.21088488027271407,0
-0.023185447319801544,-1.7567798699316313,-0.5167930138629789,13.562390497844317,-29.947595146528,-34.57465466950177,-0.08693453683765058,-1.7000569365243137,-0.358372754910494,0
-0.04733206939700031,-1.770439862877118,-0.5637497018030511,8.029226484132195,-36.866913673445794,-30.392911948261602,-0.11709760459151076,-1.7129454403196676,-0.4166368553981381,0
-0.061834017880949936,-1.7888989433315594,-0.49830733344382655,2.2525648336896387,-43.51079072583583,-23.704111971271463,-0.13351201205104807,-1.7314379093206071,-0.36334578550883323,0
-0.0456884038870179,-1.8243028761703888,-0.34905928968701905,-3.560961174557451,-49.91445954847435,-14.550878917074021,-0.11240142478026546,-1.7675579250798361,-0.2212287889509146,0
0.0031835955905989218,-1.8968077936803776,-0.18158249492289683,-9.7265813204002,-57.114450234061934,-3.556674125906492,-0.05720270271062595,-1.8394340775113869,-0.05190446950691734,0
0.06432213492730117,-2.0230546383072716,-0.06456627000952203,-16.67704452090393,-66.19535332739622,8.24783661875424,0.005636559978164143,-1.9615161967815309,0.07457829030788071,0
0.11122685640411217,-2.2027365031968924,-0.025738177867312268,-24.733347947473618,-77.14179733388633,19.645273109092926,0.050349039062751545,-2.1328086623619615,0.12316129446095089,0
0.1303391051127891,-2.4157478868627584,-0.03538246567861611,-33.60467446805746,-88.62104235083685,29.49693456336064,0.0684776371459109,-2.3339946558650855,0.115188404121282,0
0.1253683062652074,-2.6302864797007732,-0.0365265390055908,-41.8385257264304,-98.86581933204278,37.024795312423315,0.06577212964400815,-2.5357331264944554,0.10507701628211645,0
0.1104761268185298,-2.8135205995909365,0.004714955980530778,-47.10398523512633,-106.7784335191294,42.00860560588358,0.05242310521910986,-2.7090892161344455,0.1323092691757055,0
0.10351583317802776,-2.9404117672222556,0.07489545742042777,-47.523222443775296,-112.23455938244525,44.91165671547586,0.04059564826446893,-2.831455611519891,0.1930687536560345,0
0.11878925767315941,-3.0000288250680045,0.13355509296752505,-42.98401271239738,-115.48767555052505,46.896047199054244,0.04369275785084356,-2.890780021363401,0.25333171691181344,0
0.15690421219380193,-2.9961188608391915,0.15286575325046992,-35.16454054154695,-116.57453754870494,49.44697394426491,0.06790345978734184,-2.8891392375044305,0.28311304038909424,0
0.20259011056270956,-2.940509327712553,0.1370611136833894,-26.244476960531582,-115.44417397401227,53.566711119879685,0.10442237556876646,-2.8394015387011775,0.2768525147170218,0
0.2384659358881018,-2.845143322277581,0.10857753338837246,-17.576659958388078,-112.43987624598704,59.178839771053106,0.1366284569219296,-2.753874593929114,0.24789241243216528,0
0.2599505977187023,-2.7186719437274087,0.08287285132801732,-9.461604930480341,-108.33691399771283,65.40506732645468,0.15598874407402671,-2.6359717535022114,0.2122689754948702,0
0.2717615830200175,-2.567344421317835,0.058993166899220524,-1.8075658391137783,-103.90829893751734,71.42355686104823,0.16521004025082062,-2.4850472063158655,0.17912731964756468,0
0.2722863651814253,-2.398124647347748,0.028892466579254275,5.369137851248055,-99.65565122901714,76.94569781626211,0.1648018130459891,-2.3087513834508067,0.15008199627242713,0
0.24961250362999102,-2.220870220807052,-0.01015798869029705,11.951650567974387,-95.89976226369913,81.96152840143999,0.14447182248536258,-2.125737918320668,0.122183748230505,0
0.19433328232913888,-2.0439796932254826,-0.05154535465072094,17.67288019794607,-92.79884191062833,86.42248468374324,0.09283885848455575,-1.951529504246972,0.09278195617615022,0
0.10973396122891035,-1.8668466927133407,-0.08440226547612573,21.87311713651611,-90.2244385833744,90.41528909532607,0.011172702203405587,-1.7841999047431467,0.06454416930323846,0
0.008107083101627848,-1.6839979685762922,-0.10381028006347226,23.713280786986587,-87.98074035415658,94.34713363358641,-0.08625020137814715,-1.612542393865436,0.043566263473767304,0
-0.09606999077005336,-1.5024661095119933,-0.11726626661896887,22.81367833568526,-86.30755888414906,98.43803408101417,-0.18217524023609183,-1.441128497005686,0.029825950137645947,0
-0.18812429196063912,-1.3489105185260437,-0.13689269795259737,19.27963935114469,-85.83184821768916,101.9022272625713,-0.26474829372157593,-1.2980665184286648,0.014926325175624177,0
-0.2564713940202787,-1.2493517236149962,-0.16242881998451378,13.062754168127753,-86.76401011041294,102.971757226717,-0.3293249344241157,-1.2084098307335458,-0.004256154577941273,0
-0.2973223622124333,-1.2004171195612527,-0.17913325023582594,4.136719449265779,-88.38040303239796,100.08204745795196,-0.3743789301739466,-1.1630135524658372,-0.016831894425147837,0
-0.3118520259994823,-1.166868618151106,-0.18029237724650474,-6.231968369228502,-89.53646154521203,93.14884132073631,-0.3953401398395653,-1.1230802087881073,-0.01500331083929824,0
-0.29870354003135113,-1.1105706731329286,-0.1847390281216431,-15.255798748481508,-89.4731115646386,83.73039309545436,-0.3837709225478351,-1.055878097228253,-0.014978708590831809,0
-0.2537073543025774,-1.0183802972754519,-0.21894327538879088,-20.682020736642777,-87.97540408016792,74.00017246924277,-0.3340802182234291,-0.9585772235236741,-0.04444954602358282,0
-0.1761247476714384,-0.9011528501947709,-0.28315877376498344,-22.914701230141763,-85.16472361524049,65.44691818737004,-0.24972204459304478,-0.8470795635120224,-0.1072699236122912,0
-0.0725029732481085,-0.7740784881463453,-0.34658420196061945,-24.45543933908586,-81.53860113667541,58.272202339051084,-0.14281120254642166,-0.7324307709652611,-0.1732492278229543,0
0.04266498938335569,-0.6450485064456809,-0.3771545479124916,-27.376248790867496,-77.97415690113849,51.80083442979601,-0.03078148693102789,-0.614516474346352,-0.20763475455409997,0
0.14841247175836195,-0.5165971843875947,-0.3682024102855341,-31.845533684400735,-75.2279402742679,45.42022810148455,0.06686451160078048,-0.49112311668615655,-0.20250673664364416,0
0.22477874384114357,-0.3889940804113073,-0.33564482441578736,-36.82230449713246,-73.34196983475138,39.20023941252489,0.13397471464760596,-0.36338621268005483,-0.175043613057618,0
0.26267302055784403,-0.2608135686849436,-0.2984714336363113,-41.21832076189539,-71.70372684876149,33.71835979170294,0.1639415752287996,-0.2340043651411854,-0.14341055661955449,0
0.26512595844241554,-0.13292469181423905,-0.26721656778812836,-44.06293530350589,-69.75245606405413,29.39697402948663,0.16110597291416592,-0.10766957590787109,-0.11363739108459411,0
0.24111900259847602,-0.01434403825211997,-0.24603889063145346,-44.35290236705469,-67.5945477963381,26.088333105007127,0.1370732190611351,0.005652424608044576,-0.08714399772202432,0
0.20294920673900507,0.07816296553588235,-0.23707409290510212,-41.67638401532531,-65.97043124127369,23.2754897151218,0.1061690284644553,0.09246842122462884,-0.06924285533657182,0
0.16553993347557427,0.12821027361251386,-0.23794313555500674,-37.034679600150966,-65.72063342125485,20.535203097611863,0.08050876488618369,0.14229353173903578,-0.06298622901505309,0
0.13888235753059122,0.12872658751357652,-0.23653371283270028,-32.478662728420794,-67.26244827652428,17.717179616394034,0.06393266016041863,0.15103195270234585,-0.0584993009791126,0
0.12077609607831177,0.08510868803546609,-0.21486553450605497,-29.521764053929516,-70.38115410580725,14.79113006834737,0.050550261679171545,0.12033617450840761,-0.03719004522881693,0
0.10369807002857803,0.012452433833079818,-0.16417975449019412,-27.839425250710892,-74.32256457998363,11.713138814010783,0.033477169439892096,0.058601378885536244,0.00983216112257532,0
0.0891691578976973,-0.07003758238530389,-0.09642745486263861,-25.550021090662,-78.07782681095352,8.466516008648759,0.016072462257854997,-0.01811037309268812,0.07049919230780967,0
0.08916606089740514,-0.14623142430912037,-0.038268606589404335,-20.805728640782537,-80.73815308351983,5.100520040297848,0.01087647196811978,-0.092294435586385,0.12073648772395952,0
0.11107644174034982,-0.20923631779805715,-0.012813396095683913,-13.258780571189856,-81.7514119072651,1.6366397055675515,0.025491207438065565,-0.15513154654304012,0.14260144860286958,0
0.14561217905999785,-0.2608950178512493,-0.02517539907648941,-4.231084825169427,-80.96822109018782,-2.0380244878276312,0.052268302331499136,-0.20832050792699167,0.13414127732782347,0
0.17341163072633733,-0.3045848610304131,-0.06127554943119314,4.3732686956670275,-78.53475754218655,-6.110913856677317,0.07433058433683087,-0.2552101209099237,0.10666232990717758,0
0.18173623664611585,-0.33935503396125666,-0.09914023399577325,11.3968245814667,-74.77593164580176,-10.626709756611431,0.08005639754096425,-0.29306934945061325,0.07521209706845824,0
0.1714937426454251,-0.36087224754761554,-0.12528794055390086,16.96148581376058,-70.1388454782761,-15.330482755873472,0.0697774309163191,-0.31555906538668027,0.048230685199566456,0
0.15043498227513216,-0.3661211148473047,-0.14473935995319606,21.934714124889947,-65.14985940042538,-19.768634412837603,0.0506883105259183,-0.32024897586658196,0.02191816067363819,0
0.12578067519875114,-0.35600091759715297,-0.17572479824132023,26.924416219822945,-60.30150676109384,-23.58532166033103,0.029423436833918556,-0.31056978751601905,-0.015528024472126261,0
0.10410484756691271,-0.33328193308566734,-0.23215155168061397,31.719571648290472,-55.87532957467933,-26.74603808662669,0.010266251186456975,-0.2899332329641613,-0.07206291317113585,0
0.09142660276248889,-0.298123556988179,-0.3096915095592541,35.64696266145777,-51.8489118863779,-29.506791146488805,-0.0031343141019813886,-0.25597974984956384,-0.14364842119046772,0
0.0883674069475089,-0.24676711982379484,-0.3893459220674148,38.42589742335417,-48.02489308949838,-32.19453491709194,-0.008579388399043337,-0.20299798126050053,-0.21758494442905194,0
0.08747041123671227,-0.17647199389239615,-0.4534726606856117,40.57613759289923,-44.3012401724493,-34.987079649508914,-0.008926003182002708,-0.1302778218414047,-0.2812578328540364,0
0.07851631859445217,-0.09131527587217106,-0.49534169675601847,42.92180763883895,-40.849480778634316,-37.81518353514908,-0.012834002102872808,-0.04606579352776,-0.32569510182882117,0
0.056033342807591036,-0.001272866211188506,-0.5135997122559255,45.78835848185849,-38.073880139087194,-40.39223028737731,-0.029725405392184687,0.03779062510238995,-0.34380099749488213,0
0.02149743315757644,0.08371212733912341,-0.5041557646897976,48.800920955412785,-36.40125097989478,-42.306097188791036,-0.06284383279131486,0.11334415653375907,-0.330876806672445,0
-0.018375722682198493,0.15698345635038047,-0.46377909594618916,51.345212614755766,-36.01731462646681,-43.1034367563821,-0.10526619766404996,0.1772601204091039,-0.2888159747209427,0
-0.05211812266520481,0.2138022382646293,-0.39942726603657125,52.973745103609055,-36.68484107875539,-42.36267752916027,-0.1406310953382529,0.225860987209161,-0.22718189525705168,0
-0.06442197232002358,0.24847974731406577,-0.3265140365588615,53.38831416655314,-37.76622222810286,-39.8227726322559,-0.15006658805540762,0.2520541543843341,-0.15740361793316832,0
-0.043661271064912986,0.2524410009097989,-0.25558459480329937,52.37688208315598,-38.46131573626775,-35.585601992858756,-0.12448871180011249,0.24761863071752402,-0.08528803191275527,0
0.006571492491229611,0.21725101361617458,-0.18450400803586997,50.01125795179378,-38.1508513298313,-30.245232322274763,-0.07327852076648397,0.20876793503381322,-0.009355951075949462,0
0.06507419107327203,0.1443595136194653,-0.1057456116656735,46.79127206821053,-36.72145955515898,-24.724925583479006,-0.01920407503043503,0.1409497848526315,0.07327082405272713,0
0.10664303688875221,0.05056888080230292,-0.019888262585441116,43.38084502822038,-34.73308561293652,-19.80727850561883,0.017342343997133428,0.05780309119963294,0.15804840674900564,0
0.12140697856713455,-0.043336599684401,0.05891889169948832,40.219370129934624,-33.178603833377935,-15.6814032072128,0.03120635648022475,-0.027503166396588445,0.23008125996204717,0
0.12321085265026839,-0.13092953180058733,0.1132311693392215,37.61559737121078,-32.680972635537714,-11.918091647739276,0.03466284256593723,-0.11089865651347393,0.27553869592812985,0
0.1391260527669136,-0.22077723793754422,0.14081593744934617,36.278699218081975,-32.655230285297996,-7.979102265851519,0.050311812538681534,-0.19562684290507,0.29935430139549946,0
0.185447767288718,-0.31588003150830557,0.1501638426205419,37.17371895928185,-31.72359324987583,-3.9306518564778066,0.09632119115620415,-0.28238610170440703,0.3149644876029207,0
0.24767275864318986,-0.4007521602611238,0.10693302687165068,39.66274957499587,-30.010101092328167,-0.7527928305134146,0.16812835289466177,-0.36635971109036536,0.2842726881734717,0
0.2867319088244082,-0.4608066190003197,-0.12203921572045849,39.05682628359554,-31.316494517114464,0.28470145509372013,0.2316788910032122,-0.44755256545655886,0.06427113711652982,0
0.2754238131809724,-0.5144476168806092,-0.7095249842401826,27.097739469752813,-41.257620018175515,-0.9709655722385587,0.24298132307222545,-0.5395552107767692,-0.523451322793865,0
0.22939406800401227,-0.6126148482123164,-1.6539810349945991,-2.3508347585259513,-60.41434956805684,-2.5839773584934544,0.18330390514852568,-0.6611664035601403,-1.4767793972220444,0
0.18529577209928963,-0.798878080080209,-2.595833574124449,-45.67345631121221,-78.76735854062713,-1.430937367386798,0.0741627195582574,-0.8213576285434764,-2.441047472167832,0
0.13841452315895975,-1.075494339567842,-2.9484468801642723,-87.44505349561302,-80.28450664711265,4.245176483119318,-0.049518963857349954,-1.0196830724945012,-2.8424226245981963,0
0.022144947434392975,-1.407553624191327,-2.3578439684751493,-108.23456128833206,-57.09740891111208,13.023441804529849,-0.18138894869344632,-1.2577232021903646,-2.3219164198382303,0
-0.22232651696495634,-1.7462604780169515,-1.0791664372594494,-97.75037622576933,-19.424849385332113,21.37093663954523,-0.3489979602210489,-1.5362997240310399,-1.0899434284647036,0
-0.5555890562709362,-2.0502560994365076,0.1680175286907838,-63.06347964106746,11.377125158667983,26.67302177182834,-0.5684391722860617,-1.8408011646611282,0.1849355134564504,0
-0.8391409776077363,-2.310667832274888,0.7720629734397116,-24.679830813789298,21.097076458984102,29.12058371671025,-0.7959632364665346,-2.147889083275625,0.8827556970955788,0
-0.9346518645464049,-2.5644316755100123,0.6567818488495535,-2.6571311613261464,13.307758486816537,30.82357103436093,-0.9350774592288115,-2.452793130063832,0.8545401402149593,0
-0.8052064317217302,-2.8555443454726817,0.18786190608132836,-3.206821253925619,2.3858934665663556,33.543663054773845,-0.903073991295215,-2.7646724266775142,0.40478476110613004,0
-0.5309155486311167,-3.161656194656245,-0.22328435867078966,-16.071542593898737,-1.0172449041985463,37.25039763227945,-0.7004525337826825,-3.0556459710863453,-0.045812551323461126,0
-0.24243253765785305,-3.3741089883995756,-0.3825272798608984,-23.839563003468754,3.9282329114567776,40.19813091694137,-0.41921651547010197,-3.2369029465129384,-0.25129257238739056,0
-0.036594790794645414,-3.3751493683263782,-0.31079954985273145,-14.796418734764028,13.19138899017932,39.97517767704449,-0.1780439869486653,-3.2188395119978463,-0.19919021211388532,0
0.06759330843832466,-3.1407030445625885,-0.12976833260739418,10.144737973378355,23.910228404301712,34.91622469870849,-0.0397345031812905,-2.996920829053994,-0.01402365406294174,0
0.11358540139496748,-2.7671403355421305,0.03613479925282422,39.63344242883861,34.96473012195104,25.297046473034815,0.016283020572889773,-2.6661827065655745,0.16366839372126843,0
0.15477409579774953,-2.4061857864536957,0.12066848790331725,60.169215926900755,45.443733331738535,13.492074928480534,0.04978009104048608,-2.356255757296463,0.25831321359266096,0
0.21076153521678473,-2.174376878734816,0.1297011167127869,64.61165751224678,55.055243298752316,2.6773840375421614,0.0971984326330143,-2.156887693088915,0.2741181681220151,0
0.2648096499250017,-2.1020353850515625,0.10300197251547032,55.33974563700886,64.82806775820207,-5.115357499251548,0.15065873495401338,-2.0863794137661844,0.2513139172692461,0
0.29394691102568365,-2.140648928411042,0.06801826136648344,40.43890808212746,75.80572388163846,-10.029228573261838,0.18507174637159793,-2.1049899671770365,0.2179047535889847,0
0.2968129412195208,-2.211567492957557,0.032168231248692204,27.0214975045527,87.40689854167046,-13.70789515005427,0.1936121423660247,-2.152856462915492,0.18182341444815683,0
0.29475978378553863,-2.2590455505908054,0.0009927194808981576,17.629807290247342,97.85779181014824,-17.711118977300202,0.19455539217530782,-2.187127791869107,0.1483477604107468,0
0.31083370509143005,-2.2707512768252878,-0.015563793668348022,11.485130897306032,106.03868021081281,-22.47772502743633,0.20974101649981602,-2.195975593520986,0.12644500647523765,0
0.34984370320881714,-2.259158883622046,-0.011323115201602237,7.446374409948555,112.47501274093983,-27.474349304838213,0.24358024117551444,-2.1858441088134803,0.12242862383573419,0
0.39691485449072383,-2.2324747353315617,0.01356394045979926,5.396011578759602,118.64133253638106,-32.011181269751695,0.2832944949349207,-2.1604127612286073,0.1391687378548783,0
0.4314171368116672,-2.185099572827627,0.05558755392716893,5.855999853136093,125.57304770750723,-35.8875361541138,0.3132335153454608,-2.1131018232330225,0.178386468026796,0
0.44073165039552736,-2.1088601705170595,0.10305269890293171,9.136107922362287,133.05979997992318,-39.445644640225076,0.3253476763533978,-2.0372481996083533,0.23226050888084496,0
0.42407163813124077,-2.0051453288562318,0.13080603260619528,14.514447053793464,139.86904106461057,-43.0883373263491,0.3193649601467255,-1.9377348309451452,0.27399928836580606,0
0.38877741352937556,-1.8848624197669765,0.11453029799591401,19.710839691550326,144.64916598482174,-46.67345970757666,0.29847044049815463,-1.8281906994828263,0.27169360382055957,0
0.34527332630354823,-1.7613821372694325,0.055914785907431964,21.6638875790844,146.83215974437894,-49.385114406945675,0.2670959775549461,-1.719317899774532,0.21939943057638417,0
0.3024357156427863,-1.6461876641643611,-0.01642298503488646,18.75185984353395,146.9121064125461,-50.32297044625159,0.23071754660033217,-1.6154037873339044,0.14564778631226544,0
0.2633692162758424,-1.5473714509755072,-0.0757906727074829,12.251080177025935,145.91382364222892,-49.25649484727226,0.19368613229014792,-1.5202853998457915,0.08420929260732489,0
0.2248242100814726,-1.4671611261966429,-0.11680203387603989,4.996128965760198,144.57099972435591,-46.71603479467824,0.15573336670339186,-1.438872580522174,0.045323131309122175,0
0.18191792205174867,-1.4015085931649984,-0.14225270897920725,-1.3112816278422954,143.02556735176134,-43.31827965325951,0.1124688342791722,-1.3714016461195564,0.022716836233706558,0
0.13274863272491585,-1.3455538696617337,-0.1454630905853382,-6.887796179460934,141.22090723001386,-39.0981914482601,0.06086995088964825,-1.3126821929722252,0.01716835028552527,0
0.07783940801637342,-1.2984405588246877,-0.117318933894662,-12.20551735732187,139.31297243557304,-33.59365932149194,0.003960612660543822,-1.2593890797602636,0.03845042984673453,0
0.017975743053739363,-1.258617648157416,-0.06411047036048048,-16.47802257578864,137.51434686590454,-26.594336269157665,-0.05093465854825359,-1.2121328191478993,0.08635235074751588,0
-0.04451642641490581,-1.21420160836121,-0.008894100509011026,-18.17076031439285,135.62560740224615,-18.75724869248457,-0.09931594026201777,-1.166030031397042,0.1410866842204203,0
-0.1042189949053573,-1.1424442842042062,0.023405252767974158,-16.582703839143445,132.90257691632766,-11.377878440857444,-0.14394715047653858,-1.1034971151327104,0.17591189565587617,0
-0.15552998135659654,-1.023416718622198,0.0198912773183779,-12.561937486443341,128.4795106437616,-5.41768133074088,-0.18999080753969338,-1.0032598182144141,0.17614486321173572,0
-0.19590651982202395,-0.856422885894819,-0.015387411281545929,-7.75248473984735,121.97935768257807,-0.7149459592604576,-0.2360236717313769,-0.8575548848982415,0.14635208728758303,0
-0.22378025367692125,-0.661875412646989,-0.06505494982134098,-3.2579415385051065,113.76815253100452,3.7692672671383796,-0.2726391810310769,-0.6767559690929199,0.1032206937197454,0
-0.2354724865789566,-0.46474836231395705,-0.11019966153243951,1.0908580386455549,104.63730461886445,8.889022117874303,-0.29020806678430333,-0.4773790998235741,0.06231945033052272,0
-0.22738806060651828,-0.27670952459576825,-0.14460736696052034,6.327371519348066,95.23846919484667,14.545816614826855,-0.2855219048095711,-0.27193090749759896,0.027828907028673817,0
-0.19983127995707103,-0.09643583794184751,-0.17876039239522276,13.13960257269519,85.79342276659825,19.95146937709737,-0.26075283872781474,-0.07250525361978878,-0.0085219992056044,0
-0.15656703356552074,0.07492014758635382,-0.22735199064229986,20.791054530605983,76.25734832732216,24.5055831019428,-0.21955579131463265,0.10385491500761905,-0.05776401574462817,0
-0.10234222365691087,0.22447999196304763,-0.2903335314372297,27.154301586766685,66.7209761493556,28.330248768867875,-0.16673027141163907,0.2414103067260188,-0.11931606559813077,0
-0.04264932259642268,0.33575972339718707,-0.34671589084364196,30.135167644488256,57.74657826896428,32.02478318645323,-0.10995590829263176,0.33629062310602137,-0.17496693459457685,0
0.015067668512186163,0.40209002344514844,-0.3712190276247164,29.46285529849889,50.35148295835567,35.986790165432375,-0.05882387462851478,0.3961540548675123,-0.2009580376089445,0
0.06173072528811756,0.42830280728437525,-0.36001177429082293,27.073332190025365,45.491192596186096,39.9436969237204,-0.021119896824513363,0.4282450111667806,-0.19061079780818374,0
0.09015800331719712,0.4211166605165816,-0.3372635506253191,25.400231206993247,43.361569696521784,43.10245490715106,0.0004529894267086246,0.4301783158480423,-0.16450096819220947,0
0.10083862580606949,0.3830325131273734,-0.33261597051370234,25.117338109790857,43.19967799328232,44.78206594799426,0.00954952060966457,0.3950273145705242,-0.15415959881888042,0
0.1048079267073659,0.3169592921207551,-0.3540383751721268,24.70052626698901,43.86675719086685,44.93152529336405,0.015339598871461987,0.32500287042480525,-0.17423023938877072,0
0.11816100645673022,0.23226431582632437,-0.38645272110403467,22.322908404310294,44.674006089736494,44.052163362699076,0.028998001117039447,0.2365755876823036,-0.21277134125031516,0
0.15020484310376347,0.14203338547690914,-0.41468847354187033,18.02948551916193,45.64185497010671,42.68728705133055,0.05749689293218825,0.14993395937870824,-0.2491485883336408,0
0.19512386873873716,0.05600415611800098,-0.4405978407852345,13.84240761247249,46.97813137060975,41.07738344465687,0.09787440334693337,0.07548920423743131,-0.27709303939947166,0
0.23556093834716804,-0.019753341903084247,-0.4747338398122793,11.778365706289655,48.373196435516434,39.307779364269955,0.1377217145000141,0.013201301725094037,-0.30638956223801767,0
0.2558575051495399,-0.0777807312920768,-0.5173629354535493,11.993244165903493,48.900369034069094,37.670701680030085,0.16352741586187236,-0.03743263120182666,-0.344765208829215,0
0.2526971508214554,-0.11073793384641215,-0.5552051061203545,12.895557474364729,47.65527137794998,36.753058501330656,0.16941107495744093,-0.07231912742122029,-0.38533174636093354,0
0.23258035070389083,-0.1200676672621413,-0.5755906325135562,12.751748124672726,44.45719461204888,37.13184496072566,0.15672445482487685,-0.08870525086548123,-0.41400128382500817,0
0.1995808614537318,-0.11782904854850906,-0.5765945037396324,10.915800065234995,39.89589756586978,39.006437049287655,0.126078209014066,-0.09152752888286467,-0.4228184771259319,0
0.1486379158843773,-0.11691302962748074,-0.5613611989526514,7.766867198381277,34.7582580635415,42.111259949622855,0.07403648701211951,-0.09063200642541307,-0.41067507289353705,0
0.07385821323338744,-0.12281003598085694,-0.5281383408993429,4.070043817471235,29.49107338354821,45.910749383933755,0.0003450013312358037,-0.09370562368878597,-0.37568236636272057,0
-0.0172998818976961,-0.13632557234349346,-0.4709929038766747,0.6662633796002071,24.194717652653928,49.841916992590114,-0.08414302424768148,-0.1040349157445589,-0.3148611473168564,0
-0.10193074119797778,-0.1589965586122477,-0.3898638220964097,-1.5280614123229057,19.00725938450827,53.45056953947226,-0.16044774546826038,-0.12245388343109048,-0.23155504395626308,0
-0.15630097661528666,-0.19058690542494475,-0.2965306945273164,-1.6182968645530584,14.365615500341928,56.442879512948565,-0.21260773574789826,-0.14713115233385074,-0.13798942698769956,0
-0.17215653902029418,-0.22259137732152698,-0.20874470551134,1.0526965639177341,10.853578690403108,58.700969953370674,-0.23540314778222846,-0.17111519533139713,-0.048833006422867906,0
-0.15840502407079626,-0.23946663717359618,-0.13976615203630935,6.729004960607312,8.832468998282437,60.23982605771159,-0.23347051946952105,-0.18353402712381173,0.02532100724479292,0
-0.12945318257666275,-0.2294678827649291,-0.09554720365852445,15.058119046050587,8.232355717564532,61.086474146499775,-0.215212185091632,-0.1762882023865544,0.07719698277833018,0
-0.09460917063968545,-0.19407434041042712,-0.07915665324238927,24.908284052683832,8.618623845838746,61.16063981090241,-0.1865404037438545,-0.15016562705563713,0.09972455053707975,0
-0.0571531390586512,-0.1456023128750699,-0.08996551831208999,34.532436118986894,9.338682255103402,60.28731588654466,-0.14881382748890215,-0.11317042242190907,0.09066653942944612,0
-0.018913551918993934,-0.09524640947123848,-0.11523306489119906,42.29524966911828,9.5995156926678,58.36779385186768,-0.10355703375063338,-0.07191623646469882,0.06272056310839877,0
0.01637489101089551,-0.04469223942821871,-0.1321257069302277,47.4415100796478,8.611687847337258,55.55649581034041,-0.05957035281055383,-0.026276668769094107,0.04071423406775203,0
0.043563283779327125,0.008034542847351497,-0.13166468746428583,50.08706719609481,5.967512071024765,52.24351927218287,-0.030771955886092432,0.024308591777521784,0.036666619015964054,0
0.06343221109153865,0.053958225847779796,-0.13885851687251802,50.5721917297326,2.0246467604312883,48.816652828413,-0.018599036076852038,0.06916932815175904,0.028519139913013906,0
0.09555921966894759,0.06961415885161654,-0.1909140909229585,49.34421306422033,-2.271717890276347,45.3931193191966,0.005811133775269393,0.0858070756009553,-0.02046345176325139,0
0.17775083534949357,0.036062298505437795,-0.28966313951643413,47.55069985510529,-6.279027089008444,41.72857116052047,0.08896009093955963,0.0553542565989847,-0.11564028079930261,0
0.3318986130826281,-0.038459809149079524,-0.40495599845271096,46.29704390712838,-10.23597569184884,37.35072982491768,0.24469814746473603,-0.023224163429558433,-0.2314839419691486,0
0.5192040086611324,-0.12795432123354972,-0.561681762802177,43.146151903992354,-14.013013524038968,31.819729752008413,0.41426463783493783,-0.14032679334963655,-0.3934818722019733,0
0.6471367133932705,-0.23375120865254484,-0.9036498097740986,29.2561505572354,-14.621248081264067,24.905693209602376,0.5001049078863908,-0.2983984683323946,-0.7426739643613806,0
0.6473817573145586,-0.41391014083720995,-1.578757302218273,-6.496553104358263,-6.490746261695595,16.39126740072415,0.4611376137578502,-0.520957376412058,-1.42870947742225,0
0.5464908349133341,-0.7466791872229518,-2.4769874985823632,-65.9259232265652,12.490156410360122,5.468123091410103,0.3634014103806204,-0.8338512953809251,-2.3505337146432077,0
0.43554827475754465,-1.2548398426482263,-3.1150590285487225,-132.7185972526392,34.17518706170865,-9.547252692683307,0.3071577245821552,-1.2416913469241173,-3.0283869789686,0
0.3635269449334032,-1.8742090080096971,-2.9293473403150463,-178.3557885449458,43.15356304561295,-30.056075533945165,0.3027170043753956,-1.7273152340190725,-2.882058133881843,0
0.2867552648891229,-2.501389602349297,-1.8064360597734666,-181.4266286299288,31.160739641904563,-54.73290147757539,0.2538201184687797,-2.266157914553109,-1.7695879866671957,0
0.14191144787070825,-3.0637789093042147,-0.29905799312148634,-143.88719418431813,8.113751768981423,-78.36894579717764,0.08342449994617074,-2.8269684617239585,-0.23287705835809241,0
-0.05720173967507358,-3.5363283931683416,0.7872075817411146,-88.8935882246219,-5.394339373765129,-94.63850298611739,-0.1578895780860848,-3.3553538286204354,0.899866404528115,0
-0.22931756216249222,-3.89827803566918,1.0464903480255277,-42.04460618365804,2.116161435743826,-100.98411052953017,-0.34518734348745306,-3.766412921432203,1.1894103498754862,0
-0.31640492899127726,-4.092395435071391,0.6846138613880464,-13.369078141989649,23.34308334945956,-99.94761153652192,-0.41497492563429195,-3.967629229024742,0.8323798514293346,0
-0.32694160087131424,-4.043698350779315,0.15706629338191708,4.303392199972798,42.515444005541326,-94.99382637722216,-0.4020456899655836,-3.902623357459579,0.3010759209262359,0
-0.2952523860496135,-3.723480466859632,-0.25575749002269577,21.88888061529669,50.995532299981726,-86.28588685250462,-0.35867792272873605,-3.5828223078120893,-0.11081168879205132,0
-0.235832020961293,-3.191878004375115,-0.5112467869652504,41.40246720804522,50.36035151680563,-71.72482674446593,-0.2929283581516061,-3.0836729534205207,-0.36665787645471665,0
-0.14715494333546067,-2.5785237905995646,-0.6276116348114404,56.433856094293354,44.40015984411395,-50.96618075730621,-0.19323998281821414,-2.515631516813793,-0.4931493486597848,0
-0.03828549155091844,-2.0226862920928554,-0.5948070583433008,61.426365910033574,33.57742280594138,-26.90150568673976,-0.07236700526571398,-1.9928668435560195,-0.472991700304669,0
0.06329906029738394,-1.6182930609887394,-0.43578631144776897,56.84159017700161,17.157825277002114,-3.8000977218219973,0.033593521612898344,-1.6042946409762806,-0.313716891928371,0
0.1280749048055162,-1.3937462609333702,-0.24897238324119877,45.88052982624332,-3.133139795549509,14.804252250531707,0.09421526548502851,-1.3882619570795711,-0.1095015960295983,0
0.1453978747603657,-1.3314577989850749,-0.14129392962389678,29.98768808108024,-23.134865039357365,26.963520509724884,0.10219152047315391,-1.3307010626614837,0.020884464562580352,0
0.1302377789857364,-1.4035618910792522,-0.1389779294089,9.562177229474084,-38.48000739219741,32.62112555495965,0.07224218296548036,-1.3948039286881315,0.03532203904738,0
0.11077974227072501,-1.5867890277116383,-0.18294532829452828,-12.61399884534057,-46.16317951238757,33.63125892210974,0.03180886118036321,-1.550567835978974,-0.013711063645413996,0
0.10777755873669079,-1.8466779014462156,-0.19996292014162345,-31.038294078160945,-45.38296290775744,32.9769644807224,0.0073933032320109655,-1.7720421829211839,-0.0470348908335514,0
0.12414815913919697,-2.1222967224462588,-0.16396107625319556,-40.99080844072747,-38.23574615967227,33.42580259880689,0.011650734220134375,-2.0169981731533833,-0.026845890805842477,0
0.15319048396588855,-2.3433689768221617,-0.09621857022686911,-41.73883237456332,-29.2308153583152,36.60462839140884,0.042364072989598815,-2.228070882037853,0.03338528489709047,0
0.1925811152385704,-2.469455828515401,-0.027691402218411487,-36.29212638353321,-22.8545227157745,42.88334685698601,0.09267866787337638,-2.3621116326552767,0.10227696275124834,0
0.24476563667829102,-2.5097634555615675,0.026125477928642386,-28.586667216055993,-20.836315421240275,51.53325854585996,0.15621363928221976,-2.4151546263465034,0.15963119525478922,0
0.30477145354299784,-2.5024054346812665,0.060724828115945956,-21.068779961152526,-21.599201443082325,60.756007527360495,0.22110747891495885,-2.4160073367943693,0.19816831388823772,0
0.35634835865831566,-2.476959905245537,0.07242113923943896,-14.46189792782435,-22.184544668039432,68.0324326543117,0.2691401522621887,-2.3961809388141875,0.21405626524318616,0
0.38601331502998226,-2.437210273703312,0.0636305390263192,-8.901726857787304,-20.619252759162066,71.3077490477916,0.28986802378642235,-2.3634777894613426,0.20828908013154332,0
0.39792024447984975,-2.3717041993498578,0.049786638087692514,-4.4042128322737115,-16.814682090487143,70.38037717113191,0.29278967129340633,-2.300035946299787,0.19309059414722776,0
0.40952337834877234,-2.2707015108433004,0.04582418768856665,-0.14524352446542393,-11.818391641875884,67.06371186721253,0.29837008352188327,-2.1850892512157114,0.18330379381283946,0
0.4323745418725721,-2.131361503929664,0.04455658913690999,5.71294296956163,-6.508533528582925,63.71026607624404,0.3171260961134321,-2.019769712859972,0.17694761137495105,0
0.46098180440539477,-1.9541429856384447,0.019689786231466697,14.312394835436594,-0.8858319007583417,61.48170488132815,0.34203124280355607,-1.8268799532934974,0.15294864346833503,0
0.48163787835395844,-1.7420391319432307,-0.044366575531527855,24.07055641767445,5.619135277301123,59.9786177697017,0.3604088434952303,-1.6268107285937836,0.09564227450153298,0
0.48706493490385105,-1.5055673567669832,-0.13113800683611848,31.142454471410556,13.279880826557275,58.2268183502087,0.3667477206301343,-1.421766593884099,0.01778199977218375,0
0.47758548332554934,-1.266201899965957,-0.20482618941366673,32.484089056838826,21.441335256835025,55.66002570219553,0.3616503772677056,-1.2089122177985248,-0.048038360194772096,0
0.4524275654256968,-1.0500907387616594,-0.2415479713435221,28.316231175095815,28.57061091517782,52.17048714634308,0.34397158454221083,-1.0011448161447243,-0.07984498541520611,0
0.4088590150424171,-0.8738104867614405,-0.24542045454771416,21.408443154179565,32.9985617061257,47.685915777309354,0.30991977072867305,-0.8232198981983885,-0.08245538242796141,0
0.35036909404489314,-0.7356004646645832,-0.23734361122647885,14.37198017206524,34.06319273479195,42.21625065813534,0.25966293584880706,-0.6874779721521631,-0.07456105247391588,0
0.2886738887319354,-0.6215719794783087,-0.2315851173855922,8.126413298925188,32.885633673248286,36.36067762525698,0.201417727676211,-0.5819779482638103,-0.06649743258231548,0
0.2346409565258702,-0.519281610497761,-0.22265409496954677,2.7503079928410785,31.7875829264461,31.318162346199994,0.14686975511842942,-0.48541182832170504,-0.05287039619874154,0
0.18930044361642856,-0.42595786633780847,-0.1951251048867378,-1.024325371155462,32.424633687219185,27.989590364713873,0.10178204312883829,-0.3895453639065267,-0.02370567251222616,0
0.14435708285904272,-0.34804440185415564,-0.1463046342341799,-1.8348612431421027,34.35598295886833,26.112173136944552,0.06112578980125398,-0.30469052321609236,0.020755678298364704,0
0.09096860808098543,-0.2932989672505598,-0.09398691575585684,0.820605414834552,35.654365656044114,24.54458364668863,0.014230488534416736,-0.24516136135344174,0.06768708072695084,0
0.02886534111074443,-0.259710956194928,-0.058756062998832466,5.635185007872611,34.91819836320468,22.457882132715927,-0.04455819235803303,-0.21196855207709148,0.1023365961158252,0
-0.03267041194391217,-0.2334461056377061,-0.04473634040073815,10.420266744555514,32.48231490351579,20.083280958162753,-0.10956239552416394,-0.19044473882306673,0.11853917123821332,0
-0.08269712786938939,-0.2010794514093318,-0.042908373873589756,13.939471674174957,29.743584539771547,18.239129367093348,-0.16687747632983377,-0.16321161772433188,0.11915388171412197,0
-0.11625949411829677,-0.1605064488081834,-0.048675633340138,16.76326277700731,27.6605348544992,17.30365874172044,-0.2036970827399297,-0.12337566063136936,0.10851656618117309,0
-0.13370874783820721,-0.11633142309959453,-0.06986392092308169,20.52461957838779,26.02557103101902,16.819614886899103,-0.2157872673234614,-0.0754784866755833,0.08536861079886378,0
-0.13407556530114872,-0.07005488122611335,-0.11812429828727007,26.44663607831075,23.949448021997007,16.021366239140555,-0.20657929305036465,-0.02704117721141818,0.04274978162664243,0
-0.11199778717234068,-0.02109289009007409,-0.19609619244134646,34.28581175528358,20.826221374388584,14.504516780295745,-0.18017751707411084,0.01732570769522942,-0.02526826991181906,0
-0.06424370913107692,0.02503212640226568,-0.29317089954953374,42.29422196285929,16.85380542239587,12.290824929092668,-0.1380983364087284,0.053530834085848265,-0.11589797449016519,0
0.00010809347627707862,0.05464805647839604,-0.3910005777524545,48.134045479821445,12.779356965660952,9.445485692609267,-0.08445870137048132,0.07330773032569134,-0.21522269612709155,0
0.05942146865987049,0.052665311545854174,-0.47176457553022105,50.11602886085122,9.279451464403213,5.903429350390258,-0.03192847991343778,0.06547595763646347,-0.3030400664847383,0
0.09349499105192426,0.011596974331797164,-0.5232240074829168,47.9794292178723,6.636143452893087,1.696503104204713,0.0023965201724405107,0.02364767870070247,-0.3615795684570196,0
0.0991634342679482,-0.06252353546245248,-0.539231599613833,42.85742334492652,4.932121923982697,-2.8525012922007007,0.01056109368025216,-0.0464035601227556,-0.38162564646822256,0
0.09213777508652686,-0.15066316788350573,-0.5186529441737798,36.673564589559476,4.368730623232621,-7.30952729697658,0.00279096966922447,-0.1267998337813871,-0.3628627690608816,0
0.09394203624855232,-0.2293575408710964,-0.46755222440150923,31.43663017919328,5.221338298782761,-11.4680766008083,0.00028196801163673114,-0.19628975440211358,-0.3124750087207953,0
0.1161478031838161,-0.28258358134439865,-0.4038093343577031,28.685162195839688,7.473274432305375,-15.435414639519825,0.01764239086124885,-0.24133179682952763,-0.2466374854448246,0
0.15420664538204734,-0.30714722670644506,-0.3551069724017527,29.08404640152563,10.635062931814952,-19.392256691785544,0.052556724792368774,-0.26044903866317376,-0.19116721260369834,0
0.19368490928340099,-0.3076585423008133,-0.3456246110501102,32.21501836495107,14.048344299171019,-23.319697334936116,0.09119473522736525,-0.25886383120966583,-0.17330143709708934,0
0.22178401281125887,-0.2885030049679915,-0.38151138561026793,36.751267090458875,17.36049273110836,-26.975972094623074,0.12066210927003515,-0.24033706335370159,-0.20593936174258387,0
0.23378734006824614,-0.25177419260264033,-0.4489677005590276,41.06617824284388,20.633874214119682,-30.09644327200972,0.1353615189317082,-0.20528843869974625,-0.27789842766190587,0
0.23012203301660383,-0.20033768856991677,-0.5252159913536988,43.97303614817709,23.986282708947524,-32.55410078320295,0.13413771760853072,-0.15524227822557973,-0.3609088795647163,0
0.20963868559229348,-0.13942239054364794,-0.5906238572995405,45.175891655085145,27.183826152211413,-34.30044981234867,0.11503921474577845,-0.09592807564834771,-0.42767122739025804,0
0.16839708330907072,-0.07531607141059883,-0.6334091482871079,45.20170785334018,29.628204327043516,-35.1836756464376,0.07508215184387831,-0.03549074491669708,-0.46502301368378207,0
0.10636931973375946,-0.01463614376480718,-0.6480239729352717,44.84638874076581,30.76064462121863,-34.89526632021346,0.015737825948182765,0.01833851735633575,-0.4731063170359927,0
0.03435886584579943,0.0350291317105489,-0.6327742484187431,44.48798092469261,30.529795337396163,-33.170871638888734,-0.05209610014948497,0.059222777365069056,-0.45605366993039104,0
-0.027832654066037084,0.06619009167874682,-0.5898071625913256,43.84570410223966,29.543769409885893,-30.0919614350839,-0.11047123979277088,0.08311861742616555,-0.41586142658775443,0
-0.062001766649330915,0.07571798444967794,-0.5245952776252044,42.43478269285813,28.80209071443125,-26.18655803904707,-0.14379028219453796,0.09003269146574366,-0.3531736145363836,0
-0.06248136953005597,0.06774548147685286,-0.44175407203910594,40.24329558377638,29.23500744248826,-22.204741994915135,-0.14739132779086722,0.08381807378980197,-0.2693437600419664,0
-0.038312907161096636,0.04936564371133549,-0.34367882823754764,37.92495887524119,31.37024199652403,-18.7894737281377,-0.12797470530078725,0.06828304945528292,-0.16788339276695968,0
-0.00408715712188016,0.022844699191926686,-0.23982318296428362,36.35088635881544,35.23677802489381,-16.34640384476418,-0.09617247837611874,0.04329692111724972,-0.06014643206442012,0
0.032568111223619106,-0.015131813983301557,-0.15486923700811106,35.959809039540296,40.42024309253749,-15.10164346766466,-0.05834453736903261,0.005670050705148923,0.02958441841021802,0
0.07383472474613545,-0.06704406135709357,-0.11352961552808827,36.396039320286505,46.23352567536436,-15.082612454635704,-0.014780697652267898,-0.04696638265450824,0.075859334203472,0
0.12178045767153825,-0.13261170144294188,-0.11263527658791278,36.60860919821934,51.96272373332535,-15.990564593761102,0.03484214699900852,-0.11597224868193617,0.07561427571344127,0
0.1694075773161694,-0.2149976583902395,-0.13324647881088084,35.17213640438013,56.91050934565987,-17.298588087860306,0.08574986201155906,-0.20658403053083105,0.041363034781064956,0
0.20845020933720482,-0.3248721439611492,-0.21132077125169194,30.21666258350658,60.1120694754856,-18.69315579715578,0.13086409006434932,-0.33037410353194796,-0.05679425972681717,0
0.2476428036826047,-0.4758449496627301,-0.4731330306957539,18.755869439522616,60.46057254099289,-20.311988720367005,0.17122278070222144,-0.4980343375476393,-0.3266011038377295,0
0.3115846403989308,-0.6768223820010573,-1.0135463558349749,-3.1262684783808043,58.10392723943085,-22.18464905176116,0.21936688932491835,-0.7062381123814699,-0.8571334967372277,0
0.4038275079976189,-0.9276272582146593,-1.6848343359613382,-37.01409091280576,55.99286471991004,-23.29243650394825,0.28196716516402004,-0.9337555432849324,-1.5311734172120708,0
0.4687042977512724,-1.2191509385743524,-2.073925713967596,-76.95116323378777,58.66224443271508,-21.515063648570706,0.3315165301052474,-1.1586603696352453,-1.9791417169920527,0
0.4103198028391661,-1.5369408675974943,-1.8092945126044084,-108.39071282609926,67.77255595544571,-15.014925167306666,0.30148887190655543,-1.3838723764190948,-1.8255836399248813,0
0.17266213256441543,-1.8628224868120966,-0.9253256070705724,-115.97137953660842,79.0223773298244,-3.8848456495651726,0.12958754785376986,-1.6370201048390225,-1.0332410428793615,0
-0.19301750802395623,-2.169958081491649,0.11964109015988207,-95.31292734700467,85.09479326178001,9.695308270196476,-0.17631474752501522,-1.9321900014525746,0.01776824234359596,0
-0.5471209911058391,-2.4204490584311618,0.7981426076609,-57.48786640843501,82.2429611157727,23.014899731278696,-0.5163825886394366,-2.232707269198884,0.8080857045916661,0
-0.7567538943338363,-2.5785940997773085,0.8763345271891431,-20.959105612887907,73.236817341069,34.44306667295925,-0.7595699182095975,-2.464036460233329,1.0363901048960351,0
-0.7832684104908725,-2.631332751975593,0.4850688651038226,1.6415220638899655,63.99436460340898,43.56011745062258,-0.8387709507998985,-2.5686192818781977,0.7514912888054004,0
-0.6882422422518781,-2.5920538451427797,-0.06267301587714996,10.038411852616377,58.648689417003716,50.14180924920565,-0.7867291793718302,-2.5441579864138135,0.22659687571659765,0
-0.5622961123873862,-2.4848162315710307,-0.49071065731370545,12.053883231848985,58.04220769230568,53.48693129022959,-0.6826733465856493,-2.431248006598271,-0.24873748825895114,0
-0.4515484735598512,-2.3334362949619534,-0.6689221352992494,14.764051458621328,61.295400647310245,52.81972176154574,-0.5783893997538189,-2.276909119665611,-0.5010412036022869,0
-0.3474800383051738,-2.1681549627581966,-0.6084798974828353,19.64533737377111,67.36093852661719,48.127261225436165,-0.4784865858398384,-2.11662826679987,-0.498070188880336,0
-0.22906188537031527,-2.0296283234089914,-0.4074124941779462,24.294502664447787,75.295261593298,40.45953655168403,-0.3683282386607697,-1.9800056414695106,-0.31555050372186644,0
-0.09478555215163523,-1.9519750198859276,-0.19153599667046076,26.54159911919699,84.10732683528879,31.443234328941447,-0.23826538042306725,-1.8942977793149753,-0.08476227110555165,0
0.04472933190715902,-1.9420125484576523,-0.05845814433072264,26.030481394077743,92.88703842345545,22.492334139647756,-0.08783037402394507,-1.8739227834756833,0.07414614833278131,0
0.18357339023750313,-1.9824176545571517,-0.035786188003622654,22.93678580861346,100.95223801566716,14.353403463831178,0.07295716777084747,-1.9122855614470085,0.11484841155792694,0
0.31626075317458596,-2.054418551781253,-0.07998304859791959,16.98923428842789,107.80625729947172,7.296187097252855,0.22191148139017514,-1.9901321863721197,0.0775152222122489,0
0.4257401165160337,-2.150145630095469,-0.11925059058331988,8.440027142025667,113.15601836295622,1.6611111341780316,0.3330493929676575,-2.0896267960672357,0.03797629753070012,0
0.4888683834382346,-2.262591576589002,-0.1051033164453097,-0.7719131424781138,117.02423204645996,-1.9596668998702187,0.39028001425636505,-2.197032392082499,0.04408444649872482,0
0.49313892756655386,-2.3727633921174376,-0.035705512533057544,-7.714953961281576,119.72010451333793,-3.2690577171001456,0.39189823414720976,-2.2962727088927575,0.0952006654359161,0
0.4432894654885897,-2.4538949948368196,0.05443346859733433,-10.40568687228614,121.69899753792022,-2.9444511251577423,0.34570376035975947,-2.368061297634093,0.16406797187171404,0
0.35623087445739265,-2.4872737583349824,0.1222199669524114,-8.868737788008845,123.47258106779316,-2.5287301900869914,0.2655422259283715,-2.3983644980783927,0.22319801093907793,0
0.25592672517872095,-2.471371872270887,0.14356285761042595,-4.512644334281185,125.51920223448325,-3.456936425420855,0.17142717812751657,-2.38541961934522,0.25559995030218546,0
0.16957826284213245,-2.4170223030594875,0.12495289840977084,1.1135368508457795,128.16220079483088,-6.107159296664408,0.08696105816211788,-2.3367455187645034,0.25716704845312044,0
0.11899611315792417,-2.3365469349542543,0.09167238265469946,6.98102092145945,131.5393625001751,-9.735675325128062,0.03206634365647226,-2.2609342139450503,0.2373231325575235,0
0.10955625512258906,-2.2377493402169337,0.06470932101821351,12.577083781848605,135.64233901213382,-13.292446741172133,0.014847090957277837,-2.16432108863532,0.212960370209043,0
0.12824522880571415,-2.125343857636072,0.04781082757655462,17.761509087099355,140.2660366992099,-16.302100518157783,0.02829993656991192,-2.0537192389897663,0.19548278389259843,0
0.15616608000010743,-2.003890471698723,0.03359860877506811,22.61457599622706,144.94066562665296,-18.98708262587447,0.056894144599454834,-1.937293480111749,0.18376918190673566,0
0.18451888396628946,-1.877593596577031,0.018186424020780315,27.118177880241433,149.08464388439083,-21.67300548139405,0.08952902538731247,-1.8200998703174796,0.1716671173414863,0
0.21801263542616625,-1.7491629863845226,0.006200464513395006,30.922177892857636,152.32706106759431,-24.306898306945584,0.12589316582780727,-1.7012150870385134,0.15900036382368363,0
0.2639161647472293,-1.6207816458599233,0.0007992657663813094,33.5890539116443,154.68176824455415,-26.61979577934925,0.16984511470176536,-1.5781896530577224,0.15003434762448822,0
0.31987692373371196,-1.495880139792625,-0.006176081075143358,35.04242248637817,156.46638672568602,-28.515300714599245,0.21928789214660319,-1.453599219739526,0.1429631492511254,0
0.37239524570654087,-1.3794330642252073,-0.027347236728360584,35.568881185783916,158.13565546394594,-30.0351070412304,0.264501875348949,-1.3357750230019168,0.12854550255963074,0
0.40569699386357616,-1.2764687553404304,-0.06194812712650703,35.34045088352994,160.0929575595595,-30.974970235074327,0.29498431402434205,-1.2337800785776285,0.10284778621970489,0
0.41180904518940126,-1.1892634691769692,-0.08945496383133161,34.10591382223225,162.41994291329974,-30.759289683182296,0.30602772231185016,-1.1513263774077689,0.07818913430894033,0
0.3938015713573464,-1.1150976661186898,-0.08560637086008195,31.54151032126712,164.69487970533135,-28.83062608829292,0.2991407559468755,-1.0834398302923054,0.07656597225194137,0
0.36101498815238675,-1.047634289283217,-0.04597103650537293,27.98799718627897,166.20963748103264,-25.160515788924968,0.2779711885539808,-1.0194726376481484,0.10896483433210576,0
0.32003606509870836,-0.9806170927091858,0.007060289068365087,24.69484422405745,166.49572802095008,-20.355572293594534,0.24406978265368023,-0.9512232178358072,0.16047661004539188,0
0.2679157642691597,-0.9081615188140146,0.04083136425880305,23.01907135629793,165.6219112617106,-15.259614682095185,0.1949575277302536,-0.8763452172624094,0.1983699899548209,0
0.1946491814090605,-0.8220121002270446,0.03605609728072923,23.269353343074584,163.92809769280612,-10.418553707953208,0.12608276219209652,-0.7924353561244513,0.19794332222813094,0
0.09485412119349895,-0.7141017668091063,-0.003403415964899319,24.544004224912687,161.49090669735463,-5.857738665357422,0.036601755813942746,-0.6929536550925384,0.16105561198222432,0
-0.022108155919718032,-0.5852169027711022,-0.059310920805069015,25.807257275415793,157.9072049055229,-1.3039898448814897,-0.06607135939823745,-0.5739314448288972,0.1095967005590414,0
-0.1341890310068121,-0.4469302008399214,-0.11437404340712426,26.929744342944975,152.66725222520765,3.4084799968831567,-0.16825721823461376,-0.44106805087696843,0.06334626095779808,0
-0.21895745060808947,-0.31036058397432265,-0.16135549595883308,28.58626425679962,145.81170115610166,8.113173017610826,-0.25581109112233336,-0.304829589362426,0.025676148254337932,0
-0.26468911446857957,-0.17645096458066412,-0.20342699653389615,31.371354909025374,138.233049285939,12.409117093075613,-0.3172810400344698,-0.17114186963559375,-0.012611744133841791,0
-0.2722667678482824,-0.04310716665801133,-0.24915170429970618,35.17977232811609,131.257026867104,15.966467607648568,-0.34448704927826346,-0.04225527238189396,-0.06104848393914815,0
-0.2501190481687334,0.08093569543615169,-0.30497802026742116,39.22778627207301,125.83141050438422,18.81831630964221,-0.33491856225913574,0.0753649266764648,-0.12204991332772845,0
-0.2093224527291458,0.17804541200830196,-0.36893762882142983,42.36837827570022,122.00945129333235,21.377745313421197,-0.2957018020809712,0.1711390968373483,-0.19058964786012647,0
-0.161397854738552,0.239547938357516,-0.4306003956062866,43.47206483749858,119.07736726131371,24.039882492698045,-0.24330993511119323,0.24002978401028277,-0.25679844447909334,0
-0.11561892090931428,0.2754415115731626,-0.4786227166298796,41.9599179973172,116.13175508418823,26.68158513092521,-0.19476626906006733,0.2871564742600056,-0.3105599693920659,0
-0.07530905485139024,0.3023406977819465,-0.5098500937552548,38.251113746417175,112.64489198519553,28.665271125608992,-0.15585368397920388,0.320026744091867,-0.3478476902742746,0
-0.03805057926236121,0.325135341559243,-0.5305329505817006,33.47398097684821,108.57474808285832,29.4409366021714,-0.11953299228096821,0.3393126740961048,-0.3728396122494427,0
-0.0014148977843410205,0.33416347746336506,-0.5472959499071464,28.390787817225355,103.94819798867039,29.0773012010687,-0.07839372374554003,0.33959454798803457,-0.3909965348835746,0
0.03181670461020762,0.3176675085610567,-0.5574589741211339,22.614475523402778,98.43717003296052,28.167674054096093,-0.036809436918051136,0.3163345516075094,-0.3997291171049341,0
0.05414890093724388,0.2720850051672757,-0.5497061502605886,15.148615417820704,91.49148903654712,27.36388569109699,-0.008665407047257382,0.26955538763046893,-0.3884493861344713,0
0.057508851883457994,0.20102879529368864,-0.5146092581315648,5.828607331503993,82.86037724344598,27.102651262948775,-0.0054718325953395045,0.20288206521608448,-0.34950843881266314,0
0.03690891831333392,0.11039705483155811,-0.4551731838917982,-3.840680958203947,72.85473813818727,27.633705397940236,-0.02901211899380299,0.12211695013024686,-0.2889333745735901,0
-0.006736566472348362,0.007918011177026745,-0.38870256415597293,-11.35601406578069,62.14646506757851,29.083211651385106,-0.07279196102367909,0.03440339800739514,-0.22586842528320814,0
-0.06436366236202887,-0.09561150046158651,-0.33761283178797297,-14.798561625142067,51.4947016627326,31.438787484384928,-0.12640885739060312,-0.053561478578207714,-0.18054558619217953,0
-0.12000645525028712,-0.18912729039757725,-0.31455203230396916,-13.971718678345027,41.691952224157966,34.553783651837755,-0.17846414761183818,-0.13723508140570845,-0.16096535393736247,0
-0.15748606719363137,-0.2655487668039438,-0.3138096048893191,-10.286192508393988,33.58001662620638,38.169244209129104,-0.21856752061574308,-0.21301081877215408,-0.1593659474187827,0
-0.16816858211606928,-0.3211475051224775,-0.31768960097203636,-5.672908616758586,27.924329721160923,41.86572381517871,-0.2392016870253302,-0.2748073667107859,-0.16027144365331408,0
-0.15281950167076425,-0.3516831509949285,-0.3119442491339841,-1.4472885755979958,25.21727781941145,45.03285326056585,-0.236540978671618,-0.31314141279612806,-0.15167735053219306,0
-0.116592284814415,-0.35272714006350425,-0.2948803086891466,2.118357907972092,25.583175577438162,47.02194966772088,-0.2099879556268941,-0.3192918799120704,-0.13073935094052197,0
-0.06358748816069533,-0.32457659606759937,-0.2730282757173634,5.43321785316003,28.776268298488855,47.40107058921738,-0.16171708618265532,-0.2916097529390367,-0.10267158487653431,0
0.0029100220782296016,-0.27417821610085497,-0.25095515406291496,8.928129178329947,34.14853392055785,46.06960274839388,-0.09708263464849848,-0.23823915517645347,-0.07499685524514312,0
0.0758073392480068,-0.21069410307771538,-0.22648211211427738,12.640278913659895,40.59673386076,43.18942988866981,-0.025114160136095454,-0.1729198614196926,-0.04982228760055232,0
0.14250108400643602,-0.14079475367321503,-0.19627351279642655,16.201232887453017,46.68030528661087,39.10221463828958,0.04244398696946648,-0.10716987953206908,-0.022434834859359126,0
0.19133046703858106,-0.07096166270788232,-0.1682118257564861,19.007461542154292,51.0518992166891,34.30997245584825,0.0951624397964462,-0.047252303457534534,0.005906464945361475,0
0.22294653298846492,-0.01495383798531132,-0.16608680048441565,20.3819664246111,53.001478776752755,29.404658835627096,0.1317700630994879,0.00028929127124749376,0.014038052311517248,0
0.2560820466358575,0.005574593269159882,-0.21126564063347997,19.861434162221855,52.60680144621198,24.851210009818764,0.1672723282632626,0.022549425924579272,-0.025836791045731465,0
0.31697207897352536,-0.023983735230652066,-0.2963120769389711,17.630339964171334,50.24229837802084,20.750434760136308,0.2269464644990437,0.004778960818228762,-0.11231980669785722,0
0.41311526084489386,-0.09339592157336507,-0.3992374490141357,14.28525149348222,46.071589742472916,16.865876869280797,0.3202361342831838,-0.0572869569641902,-0.2150441356934727,0
0.513781418531951,-0.17531865213767137,-0.5520777268891002,8.927450481453675,40.627635891643955,12.981618505459284,0.4154022723774388,-0.1545867903552533,-0.3480832802191441,0
0.5667973002702662,-0.26406884527659236,-0.8792289613073043,-3.2862458264956977,36.40861961262351,9.119480767237953,0.4543025867078903,-0.2799929725780018,-0.6360103085294807,0
0.5469433841438806,-0.40415079730918196,-1.4946140942965196,-30.179981460203756,38.20186742220927,5.021132250280765,0.4105921654304462,-0.44471161677884835,-1.2268689123255005,0
0.484905265200693,-0.6624569403058757,-2.291054895861741,-75.6365324247529,49.76691429362669,-0.763189829764205,0.3296439558025585,-0.6728375097549497,-2.0508525770470407,0
0.43553471073560435,-1.0619952183180468,-2.84724601412573,-131.15374035226893,68.59618834793064,-10.72892484460108,0.28871490999443,-0.9788520599172761,-2.677395894758728,0
0.41499254849544664,-1.5507991569514825,-2.657813435773016,-175.39169283592935,84.8139216925762,-26.38519930013652,0.3081761858152157,-1.3553278274812697,-2.5458390288773307,0
0.380996093951052,-2.0408473376961784,-1.5786884776378547,-185.831368019936,87.90965880254898,-45.86188236934776,0.31884179081410385,-1.778578665787838,-1.4715593957004798,0
0.28321990805555125,-2.46464397640109,-0.06779822837041752,-154.44965434863255,76.30221184316423,-63.93769924932102,0.2351296293014917,-2.2113127329353377,0.07075704831951042,0
0.12406528324504187,-2.7869000892682427,1.0902869385927931,-94.07256027232499,59.92190453763326,-75.31115638468584,0.052150638594902946,-2.595573538795753,1.2518076850640143,0
-0.044908472145197546,-2.983546522403675,1.3725135913275757,-30.2068094791615,52.30022442241433,-78.4810422338931,-0.15113420313772638,-2.8611090557085572,1.529360063389218,0
-0.18183632953122028,-3.0397625569950892,0.8675320200859814,14.470059499210185,59.46617389760892,-76.45712673339824,-0.3001214548409943,-2.961711073232088,1.0076641097413177,0
-0.28765756982903956,-2.970586118293057,0.09305124906807447,31.422610063117087,75.88218831334994,-73.44244412687948,-0.3865690657560716,-2.907181679629141,0.22422834403809988,0
-0.37648208530555877,-2.819796528869481,-0.46697813319371856,27.145769442201548,90.04932099754286,-70.90830866906951,-0.4396586211324371,-2.7507834349770355,-0.33475683655631927,0
-0.43798046518572825,-2.6239241561892728,-0.6521827640102524,15.481853176850297,93.44091533936776,-67.03456286876958,-0.470503617293824,-2.5417782082585076,-0.5177166135657034,0
-0.4476255903951748,-2.388561845873249,-0.5744043174521581,7.989047869682719,85.09203743096094,-59.35223280460413,-0.46719246313734003,-2.2982960747632464,-0.44125731071799473,0
-0.40479308854577056,-2.1143112775859905,-0.40812743879483787,8.486691528347398,69.68774070111614,-47.07076975457379,-0.4275412166567313,-2.0307471690112533,-0.2770882204773918,0
-0.3445420031924898,-1.8383192710597067,-0.2582143155420741,13.499735829825905,52.38151277046772,-31.14154625501555,-0.3746590004414547,-1.7779189952201073,-0.125897905913745,0
-0.3063667109721722,-1.6329660402059212,-0.15703802952712223,16.165794512138167,34.978047714121075,-13.343629487702573,-0.33789193589476246,-1.6026389122399742,-0.01923732189837982,0
-0.2941147450723756,-1.5604443733810327,-0.10511929186754124,10.633961346484103,16.343507968343765,4.144696061547956,-0.324029408036915,-1.5513155047006457,0.039982200673329804,0
-0.27398766637349087,-1.6327385683310978,-0.0918428552882999,-4.563489194734919,-3.7931069121261958,19.069839274119722,-0.31093676035744977,-1.6249046169575152,0.059096067362405004,0
-0.2154411415508636,-1.8098438843752436,-0.1006683216978869,-25.48617187371748,-22.077384707891543,29.93899878720249,-0.27149675444087207,-1.7850145123719552,0.052506005250747834,0
-0.12562808941613823,-2.02656501277517,-0.11405743583198581,-45.24574214762241,-33.51829915500155,36.68770025089693,-0.20127645817371395,-1.9777608926956955,0.037307199477846296,0
-0.03604231119904042,-2.223228379944634,-0.11820395263637777,-58.47809047021685,-36.32206412273664,40.34508242009014,-0.11873379663839934,-2.1541192612595226,0.02829213813667662,0
0.03577386325219052,-2.3649292198238476,-0.10817234289327536,-64.03830209209,-33.86177136920054,42.14505795316021,-0.042206702092841636,-2.282863162901683,0.03310334357260045,0
0.0976437592966301,-2.44408527152885,-0.09267966466251283,-64.03392633130281,-31.472263394482482,43.04749580521456,0.024509088841232846,-2.3557954964749452,0.04679596167192225,0
0.15946014770456435,-2.4695678332696653,-0.08939908748069278,-61.21445502466263,-31.927604545446872,43.718910621947934,0.08371392541910111,-2.3814283544708763,0.053208039796232884,0
0.2133339422206583,-2.4544138544061656,-0.10866019297771895,-57.51593440885819,-34.33826034525104,44.43977238789689,0.1304634333967785,-2.3716949712610953,0.03897192070267569,0
0.2402567314223172,-2.4116977232468053,-0.14034521952551526,-54.074957964199484,-36.49041150416078,45.00360811190079,0.1528084992028432,-2.3347462382675883,0.00957307446089584,0
0.22686994405919386,-2.354400833285762,-0.15996206184676698,-51.35028191990371,-37.18735209010898,45.03824558301644,0.14113498313037032,-2.2776404221874884,-0.012000069622840774,0
0.1731240057989139,-2.290406898792973,-0.1515298209249072,-48.883784654890235,-36.595747517943586,44.50426847303252,0.09427648198866252,-2.208425461831868,-0.007674644034089319,0
0.09206310925581858,-2.2153170900290693,-0.12522118644702443,-45.495232589506,-35.43750073893259,43.725006575046216,0.02052902814219959,-2.1300749796192986,0.015306081706350644,0
0.004500760233147092,-2.1149968781453246,-0.1089838699376135,-40.26650131474928,-34.267854582427944,43.011376810442904,-0.06450290097156582,-2.0350285009185898,0.03156104016465597,0
-0.07428762711219397,-1.9804452111667725,-0.12116385460689032,-33.44077539580007,-33.11104734088175,42.48799377097435,-0.14562219481097427,-1.9127798217655758,0.02499125330269919,0
-0.14521504072608904,-1.8195269520641886,-0.15391172987629448,-26.331250376857653,-31.56821591340169,42.17786645837578,-0.21776890104314225,-1.7641789425288747,0.0031324148530619735,0
-0.21546046079765863,-1.649874974531534,-0.18175197506631244,-20.453025596887535,-29.45754795798791,41.93683247272456,-0.2845321440786885,-1.6023904535452254,-0.014229101008171168,0
-0.2774673534432165,-1.480511718309995,-0.1804225189058969,-16.685468918925125,-27.29607379585877,41.32340992445426,-0.34367336835780227,-1.4374527920794966,-0.010925140613263148,0
-0.30944818250057465,-1.3054017557891195,-0.14125529517167412,-14.876598219186915,-25.95195315442469,39.810079958016,-0.37996096463012935,-1.2657567848604656,0.019795104884316073,0
-0.3004109300064302,-1.1173985128677508,-0.0802458630801835,-13.985867478787524,-25.962518518071306,37.1771542607544,-0.378547195351937,-1.0801222503448116,0.06971924700137261,0
-0.2621416883635271,-0.926394709917427,-0.03473583720152393,-12.87952391933227,-27.31467444243609,33.611780568403184,-0.34076506738920054,-0.889107849246774,0.111141379129035,0
-0.21050419760705152,-0.7603891386600791,-0.037865504282337405,-11.379391999853311,-29.569076231119176,29.49488034397865,-0.2800467229917076,-0.7211591759913403,0.11305341805373578,0
-0.1468370826825589,-0.6457385930355302,-0.08813944011002275,-10.44139927062768,-31.973295831796367,25.145769338536955,-0.2066757571622579,-0.6045785338596916,0.07218432253948757,0
-0.06584045863790866,-0.5856875542001192,-0.14847658845215972,-10.953619402278868,-33.7438393465367,20.635892649138356,-0.124679740719432,-0.5428585616829755,0.0203403534420705,0
0.026475654248560118,-0.5593415403527044,-0.1788172636571018,-12.381123389975677,-34.537837656153485,15.770017997453941,-0.041210190037853776,-0.5130281639572497,-0.005600022363095411,0
0.11142320431028255,-0.5395549231130756,-0.16777592587956047,-12.92234311043822,-34.62981611674349,10.335151123017301,0.030757418824893905,-0.4873238902560004,0.004368593957955209,0
0.17231740443499635,-0.5083370601602474,-0.1342608664544687,-11.055958955393345,-34.59643466225835,4.403308802235178,0.08202397857449448,-0.45136249607195306,0.03310271550995927,0
0.20608039932940145,-0.45859127522821636,-0.1061761171528198,-6.686075649409469,-34.88776087125999,-1.6718166837257904,0.11405580717790126,-0.4025903594878058,0.0577815619385804,0
0.2205686028979921,-0.39044931343322914,-0.10116750504137284,-0.7559772122378308,-35.63207469999888,-7.545047406458327,0.13310110662790978,-0.3406418105050434,0.06457457699251098,0
0.2239304280585422,-0.30970220281925837,-0.12115380296128304,5.884444802644853,-36.67695416949647,-13.073141177354536,0.1410035919349129,-0.26528218484760735,0.049350239777754434,0
0.21933699267506093,-0.22475007024579516,-0.15686036579541443,12.97207231980102,-37.76078288303558,-18.20291640893704,0.13578615292698373,-0.18015812540972262,0.01523483724395124,0
0.2092322351116161,-0.14056420147060494,-0.1968452548440236,20.420934509110026,-38.72409636792192,-22.76820619324234,0.12017566972031979,-0.09272891503567307,-0.028943523591485193,0
0.20011297017231183,-0.05764495547296375,-0.23536943681066905,27.793603070141426,-39.59053593333242,-26.496103734867987,0.10511365733021921,-0.010493603954632846,-0.07303656711808668,0
0.198723320114669,0.020335255759367482,-0.27228602054802586,34.27359234003249,-40.377300701579664,-29.218604108239333,0.10126343139158514,0.05944478282747597,-0.11092915077232404,0
0.20329237523706786,0.08118720100498227,-0.30632728374110824,39.03545046676492,-40.808015235117686,-31.026751786176085,0.10686836545884809,0.1080827860492909,-0.14132592440752897,0
0.20171696005731843,0.11173848551408634,-0.3321426907290384,41.58789029461076,-40.32695675730004,-32.18608356440656,0.10693107653568984,0.12731929747067405,-0.1642264251051392,0
0.1811746796198866,0.1102692153520248,-0.34507105336730853,41.85667340631613,-38.53738771527236,-32.91514138065899,0.08682315441891499,0.11778607151627193,-0.1779276107836521,0
0.14044369687991162,0.0879679038233178,-0.3454047039012129,40.0779317912209,-35.66304512086979,-33.286290183572675,0.0466176830745315,0.09105226933013469,-0.17953792544797817,0
0.09347682827068066,0.058333748176192086,-0.33580720397431035,36.68323954987668,-32.4862807532979,-33.36541158211538,0.0020038169355757274,0.06102822410320573,-0.16806081038182527,0
0.06122524847675344,0.02716852573645443,-0.3178073901531417,32.24819993873115,-29.67827307587287,-33.40704311733792,-0.027589550675985168,0.033366271688957075,-0.14701672087404077,0
0.05794380098214727,-0.008295479899998305,-0.2947949819136659,27.423611364537408,-27.08794177463871,-33.828012613717526,-0.03200696695977945,0.0037521384963611418,-0.12435853853299725,0
0.08219741399582942,-0.053208816782677665,-0.27590189786461305,22.771737125865382,-23.690238744761533,-34.95687189417637,-0.014685848234703876,-0.03479548973980674,-0.10907501626150483,0
0.11936441529724907,-0.10841976636564057,-0.27032184804433523,18.61260500863943,-18.289561691906,-36.85139722435808,0.012708341525820894,-0.08395831273113281,-0.10565905859562087,0
0.15271173964872323,-0.1682392234337698,-0.2770221153142919,15.08093760984611,-10.379167214555936,-39.3737429669052,0.039023919109947076,-0.1380502257653322,-0.11090517576382383,0
0.17308704730011418,-0.223264685379154,-0.2854134311515567,12.363049928224273,-0.5076121401043354,-42.371058352858434,0.058543061881244356,-0.18752306555505766,-0.11741117102902661,0
0.18019212587427802,-0.26464630391289523,-0.2874732827386724,10.819137996525379,9.996470558918555,-45.71640045369776,0.06996973409472715,-0.223558163842531,-0.12067082305809744,0
0.17679966733088498,-0.2858776106279981,-0.2847443309524886,10.85554480980445,19.633061943272704,-49.189003902559975,0.07288820771166124,-0.24021010313414237,-0.12151655332382608,0
0.16299490339044043,-0.2826993827190517,-0.28240048079599417,12.753593202858452,27.242538773261476,-52.36094494209138,0.06597586597006416,-0.23424291829977853,-0.12194026188862349,0
0.13658715390378118,-0.254639380989661,-0.2814238987875651,16.606176494457063,32.1618340282473,-54.62673854523185,0.048186379894251806,-0.20560851113608195,-0.12111933243178725,0
0.09842635948286205,-0.207709232799739,-0.2795102013687343,22.198008070347534,34.109759422739565,-55.394156651608355,0.020792211727977714,-0.1599604064165461,-0.11673836738454563,0
0.05502176257038475,-0.15373261767204274,-0.27528387450281927,28.741935596264025,33.124996533295594,-54.346601092368466,-0.01255326273302923,-0.1095374580851888,-0.10745975622527651,0
0.014867326313931827,-0.10518871252695158,-0.2651174019040927,34.854669590541825,29.719758243955948,-51.58766711066912,-0.04771008566669411,-0.06776112994839004,-0.09030585755448434,0
-0.016519239721487198,-0.06900279038944374,-0.23690013792271952,39.19229078647702,24.992923510407717,-47.5130486665312,-0.08120210703349917,-0.039829666732354954,-0.05640976403182427,0
-0.03848975663919404,-0.042875700955853725,-0.17704104630375603,41.36167052632627,20.330838089980862,-42.51520521729964,-0.11027834782831614,-0.018794859635113945,0.004402347742428427,0
-0.055458489939376,-0.017753690213518317,-0.09026243914663101,42.06383983826656,16.786794868881767,-36.82094360878503,-0.13435394582259624,0.006397078476839992,0.08931911984970546,0
-0.07429875034193788,0.012490524507217843,-0.006196985700372063,42.16040246332646,14.738379784153915,-30.56975622739899,-0.15626177247223846,0.037540593202425185,0.17369737913984679,0
-0.09602477707101224,0.04235890202234198,0.04329997082462547,41.81944958805089,14.22622404677349,-23.930971691147153,-0.17809346531767567,0.06347055668887408,0.22273774842881913,0
-0.11074684082986862,0.058207403750238515,0.05213797377672011,40.87591542151584,15.551189235664342,-17.13452395253665,-0.19448231863640797,0.07067821008739596,0.21835381260790948,0
-0.109785961502467,0.05064485592404382,0.03132870902688085,39.63288908491528,19.123027644477848,-10.590931278402829,-0.19553574129296122,0.054129955183001115,0.17094031873394466,0
-0.10472308158333744,0.018159000159229177,-0.04632661070951386,38.19563061039092,24.05983244535002,-5.140371912943507,-0.18163120561526913,0.01260842317270914,0.08168997229154701,0
-0.12170477785277813,-0.0455379599023419,-0.29468166784886013,34.16798756337457,26.76862542025391,-1.9150924188442258,-0.17147876227998446,-0.06557793665677875,-0.12781887776316164,0
-0.1664390572878507,-0.1618804122862734,-0.861220355458205,21.450177999301502,22.21523389897111,-1.3196673971921629,-0.18720670914542226,-0.20200788621403581,-0.6135568510364546,0
-0.20624967837411082,-0.35322343422082564,-1.742602076074585,-6.701172249676402,8.899891570403135,-1.7979109096547286,-0.23103715815348047,-0.40297368932581734,-1.4408157651940736,0
-0.2098109650086596,-0.6163574320438829,-2.6194402934054843,-50.84075570076795,-6.642372349202016,-0.10478254525496247,-0.28582348658483275,-0.6400897471413981,-2.363515994949352,0
-0.20616847263381513,-0.924817407486561,-2.9592378645253716,-100.29604851750217,-12.541421530199518,6.273109923985922,-0.3443795582093012,-0.8762636532299017,-2.8501341845917847,0
-0.2770157105447521,-1.2672978753671447,-2.416683886816926,-136.27712904122714,-1.657252635633526,16.645619215695884,-0.4297023118027225,-1.120668858796704,-2.4698385034590276,0
-0.4695264426185871,-1.6675387975351361,-1.1800218083096996,-143.03224894068407,20.788092445580798,27.505823227816638,-0.570512861919904,-1.4393007991993785,-1.306984221248736,0
-0.7258055844396227,-2.143782890107997,0.12313256338438776,-118.69324086139723,41.02601330836556,35.666762520080155,-0.7523927494869525,-1.885895386623929,0.04870240611068742,0
-0.9149102640955591,-2.6533846573574,0.8968410723188455,-76.61274322078829,48.32993827407799,40.76142569476064,-0.9046414127923681,-2.4223235751505654,0.9516012720223502,0
-0.9358112598629924,-3.099924165491619,0.9631588644274217,-36.07490957964535,42.4217184847873,44.60460886001995,-0.9475809746969774,-2.9247954254514603,1.139751174847917,0
-0.7875167319771662,-3.4009842337244445,0.5486924955519956,-10.064444585476062,30.842646816039068,48.64864875321402,-0.8545202934995884,-3.2736410260857403,0.7878837210439625,0
-0.5499441936367647,-3.5365112166706707,0.006937424579862142,0.7949387717937257,21.333977428578507,52.412476739045665,-0.6666000226981029,-3.428043930195327,0.24721898363849523,0
-0.3122510568528686,-3.526675348378721,-0.40649524969256623,5.0883429297089915,17.21195393221242,53.899942804707436,-0.453732085239898,-3.4147803861408774,-0.2055558502778706,0
-0.1213159632578672,-3.3800720890339373,-0.5850829619590392,12.4441860137864,18.296811479207264,50.87200396584308,-0.2676882677431777,-3.2662546376170023,-0.44021183788787394,0
0.01813587582172957,-3.0881202800061875,-0.5384228610135919,26.96369806590152,23.88535544562469,41.91763866717093,-0.12634292045333642,-2.993407935619031,-0.439146926937064,0
0.11591776236470942,-2.676766588241721,-0.3569325627329336,45.79484863082949,33.6481970692467,27.291591445978522,-0.026739602941595886,-2.6211023749997215,-0.2674469655284669,0
0.1768730893645712,-2.2442580064258233,-0.16586784507117924,61.98990000176161,46.553834955956916,9.399078473723987,0.03687271953215382,-2.22720169626423,-0.04714226406565521,0
0.20032222141877606,-1.9223750183291886,-0.059561024752108685,68.86105284418336,60.644127261756076,-7.807574148617871,0.06614752684576035,-1.9210052009141985,0.10275970534309428,0
0.1878764289114322,-1.7907501059438813,-0.057437298151721744,63.580757571730416,74.28448050766751,-20.71332391318868,0.06311636516601685,-1.7752090837726189,0.1322502230719216,0
0.14653753475181688,-1.8301476538526,-0.1169803857589947,48.56586372978161,86.83970570179073,-28.019164121928235,0.034999103741325005,-1.7831178905768712,0.07162352657417238,0
0.08482572707855615,-1.9542439267087925,-0.18158791388868345,29.822774522771628,97.90905194140576,-31.228674311152044,-0.009590217333041644,-1.8796793398227702,-0.013498069478190915,0
0.010702013395475848,-2.078878277597768,-0.21458582159818043,13.183596385555816,106.59795935523822,-33.26208573132415,-0.06646136344867974,-1.9946174316327745,-0.07005651112200253,0
-0.0641127163634898,-2.165386520590269,-0.20254765376616096,1.3764982458239297,111.94040164937918,-36.38093439824387,-0.13150158528337627,-2.0864198351999437,-0.07428481254601048,0
-0.12226766269330354,-2.215330190204773,-0.1489564764483767,-5.774458327349068,113.77474536189534,-41.02362486060408,-0.1911729434967761,-2.1424360435246803,-0.028002490147867452,0
-0.14966748810127722,-2.2401939182375274,-0.07340630273045293,-9.038298732160955,113.01756128902035,-46.205077011861604,-0.22603507658888328,-2.1639507669741387,0.04757168835746966,0
-0.14833107692297745,-2.2406578764588065,-0.005684592850146591,-8.382341724806434,111.1877402647194,-50.860892497901766,-0.22937748680595546,-2.155014213002476,0.12135760597551817,0
-0.13879890663101346,-2.2099116082536785,0.032241615685320676,-3.809133611547491,109.62083114911111,-54.9148851829369,-0.2185425694980369,-2.1196164684835765,0.16873049877264595,0
-0.14678825321513034,-2.1492507188352663,0.03935623612303001,3.2150703530800064,108.86463703603037,-59.143405851234554,-0.2218754120318521,-2.06405618561595,0.18357521775819052,0
-0.18426966057098998,-2.0733609876453682,0.027595898570471077,9.899478028614558,108.60996139901201,-63.985625287724005,-0.2545468603525411,-1.9981677040734775,0.17429087139617597,0
-0.24125006480684444,-1.996671691883855,0.004023117989094802,13.880574949431237,108.14459678393003,-68.6255437211606,-0.30819418260983833,-1.9297291999040598,0.15033871814732322,0
-0.29423907416907186,-1.9181026848906184,-0.03252293433441847,14.740758539613159,106.93301210093844,-71.50598076690008,-0.35962876037127106,-1.8566396208111222,0.11630453817425439,0
-0.3223848919531509,-1.8262086593062896,-0.07759885984953359,13.849466422041953,104.89353035945204,-71.73461512219701,-0.38660864012769786,-1.7694178299946022,0.078036730450623,0
-0.3183580408047874,-1.7180818685366805,-0.11268216241200232,12.952154115920251,102.24342063966549,-69.76161183845429,-0.3802963513380118,-1.6639725135067418,0.04869033179248585,0
-0.2874446990600121,-1.603617670433226,-0.11704956650063668,13.015029187890832,99.15160668353113,-66.73570666388298,-0.34747343196879327,-1.5473913440755096,0.04363082894535724,0
-0.23811667047397259,-1.4897193782915288,-0.08692328689304167,14.140988450462048,95.5843455208387,-63.513423494971626,-0.30003272169497236,-1.429085537886611,0.06810504299132161,0
-0.1753717791011319,-1.3716480083404279,-0.0397025574612072,16.031968462251776,91.47532505304615,-60.3300786200157,-0.24335778360598181,-1.3123458864143551,0.1106382021912839,0
-0.10405289365923893,-1.2450398159095126,0.0006380451471543029,18.121312865169,86.97510948120957,-57.07226116982734,-0.17843303212137235,-1.1974707006954592,0.14979337888689387,0
-0.035100117183989664,-1.1162855961516462,0.021113841339013898,19.38043228088157,82.4848009719529,-53.591185669566705,-0.11239268564119384,-1.0859427548439833,0.16935110071854392,0
0.016005281107188917,-0.9939543966481016,0.02375867008267516,18.597797272691828,78.42481946239397,-49.84309367948965,-0.059841494482390234,-0.9765555688131573,0.1683826270789638,0
0.03784239356815668,-0.8770080762461702,0.015996392356848965,15.377701853129574,74.88690086658347,-45.927163789626874,-0.03279425024852304,-0.8627603083648895,0.15713296706602303,0
0.03006073101726897,-0.7576145354080102,0.0018381670165134062,10.861675053236398,71.3993220114512,-42.01079900371198,-0.032938719577762406,-0.7386152974500897,0.1449166288821423,0
0.0037355873057032434,-0.6308916623430576,-0.016675700277315002,7.183513314907364,67.0751158369969,-38.153825346045124,-0.05298700889851343,-0.6045141718099191,0.13396026712284048,0
-0.024254608842337377,-0.4974076920968312,-0.0355658648351286,6.140915868144326,61.231082658760194,-34.232522424917,-0.08117984791429037,-0.46501609591156623,0.12248077672063162,0
-0.03912889200370273,-0.3594471316605847,-0.05308413189259828,8.382133960730275,54.08669416351661,-30.100076922558323,-0.10418504671351199,-0.32442026575212435,0.1081432240993931,0
-0.03357954912497923,-0.21905835686424732,-0.0766313318500991,13.501060848368688,46.866885137841194,-25.82344613730237,-0.11035124578248703,-0.18634865317785662,0.08695718098610501,0
-0.008209403196688354,-0.0792860107174351,-0.11875811810014954,20.381396472722425,41.07544686275336,-21.741484878947304,-0.09426012756566134,-0.054799140682825404,0.05274805373241961,0
0.03099841351293835,0.05450440764879867,-0.18207413346351886,27.345463400943746,37.53805408848336,-18.25458816165137,-0.05912937157953067,0.06642651857783416,0.002195355455736896,0
0.07567887420512583,0.17361571679679674,-0.24973064183145988,32.42858680083782,36.03859698421726,-15.465451025451236,-0.014479700786187683,0.17337706922823806,-0.057682655670165915,0
0.11830435208622506,0.26498465996754006,-0.2955352701191561,34.1554337946916,35.69999204476148,-12.989958445955331,0.02913413391844099,0.25903673069078287,-0.10863083321681975,0
0.15447087151546374,0.3140350021021322,-0.30642678343096935,32.47289854425991,35.602628439901196,-10.23683382587523,0.06435522228653406,0.3123380629157148,-0.13289823548869395,0
0.18255551633132125,0.3137494220220153,-0.29375231341439306,28.932822136303606,35.22416974799641,-6.970504140963178,0.0882670651781407,0.32370478833156946,-0.12956257443614566,0
0.2029851841463839,0.27237236960533234,-0.28129773817457965,25.70407197516822,34.65346812787649,-3.550676910943747,0.10227740574050039,0.2939047767765526,-0.11690448489973534,0
0.2191725066105974,0.2102414326721858,-0.2856657777024308,24.18179373436609,34.54408951859211,-0.5935333504234737,0.11216982778826441,0.237350407294706,-0.11619520704286686,0
0.236277549783973,0.14838504144415565,-0.3102485854646826,24.352947427594227,35.68805370122514,1.521296081271661,0.126083808992407,0.1753076988295522,-0.13592278648823747,0
0.25571186628353565,0.09985832779479817,-0.35127022737134334,25.14435669614756,38.33572154301211,2.8103490963140296,0.1485156867224097,0.12435177385128962,-0.17263900771854981,0
0.2713739989238489,0.06852351643068584,-0.40131854691524005,25.0963765975967,41.7073108972172,3.511236533481584,0.17446120810119123,0.08957595761851735,-0.2202095231196758,0
0.2719727488224991,0.05128040274156182,-0.44936755461846556,22.90549317711913,44.08615064637598,3.883765890340591,0.18971582748771867,0.06629246684695997,-0.27238468067954213,0
0.24629926246201936,0.039656082973646374,-0.4855652151683179,17.880540434056883,43.50665839902558,4.202770478972237,0.1779333063095753,0.04596891484821806,-0.31990897318934536,0
0.1892505819661807,0.021089837010126164,-0.5072065846805858,10.285323861182809,38.70122058183236,4.8912978272231165,0.13061910357100248,0.020423382209466268,-0.351910639742688,0
0.10790614125553481,-0.017494567419129938,-0.5159823573496051,1.310865498947544,29.804753012318788,6.543223653039325,0.05440926851831327,-0.017405411486733833,-0.36165115912583085,0
0.020625288829584226,-0.08316549751489315,-0.5101091985164652,-7.384275694779755,18.351507303675227,9.653264580033541,-0.031606000381580214,-0.0729726432103809,-0.3489495336604598,0
-0.055353543750133995,-0.17145334776028698,-0.4836434259460302,-14.26267036463747,6.469364160331007,14.226028310549411,-0.10942420040242559,-0.14665015195518216,-0.31681061983404113,0
-0.11589493218443965,-0.26711296944486923,-0.4339726960324182,-18.262817826647744,-4.1822385641677435,19.683300625919244,-0.17369082245469128,-0.2295242983387835,-0.2675749544827652,0
-0.16591347934463646,-0.35144489566429415,-0.3664801197210031,-18.8320426678449,-12.902209278927808,25.227768580327254,-0.22766906377697949,-0.3050163748134733,-0.20334816176640827,0
-0.20394616243943733,-0.4109250899521567,-0.2903711827390778,-15.839258477733333,-19.608962454944646,30.285853679039388,-0.269117563763494,-0.35791713189647195,-0.1286102583644557,0
-0.2163998282178325,-0.4410628890868144,-0.21243240158784124,-9.544952164127015,-24.25019038163372,34.55421855765098,-0.28548874516728234,-0.3825580701615835,-0.050174230086046975,0
-0.19082781541986832,-0.4428431657479915,-0.13764947315131354,-0.5393505440630829,-26.612359835347497,37.72206945934545,-0.26578980787310075,-0.3810870424915306,0.024730434427914096,0
-0.13236391589301402,-0.41607736789420746,-0.07446591397690014,10.474190139305446,-26.558477498601366,39.390097091776035,-0.2141912436941793,-0.35493162229471764,0.08786387095661538,0
-0.06221346714725519,-0.35840404677350046,-0.03413399867936617,22.85753457216261,-24.352447193906908,39.37018966459139,-0.14841622139985702,-0.30178904638293347,0.12917305792403327,0
-0.0003219544983670596,-0.27154203702468166,-0.021891449835910383,35.87665081666744,-20.86601164381045,37.92297962736162,-0.08614694224095054,-0.2223939699398799,0.1422570253220655,0
0.045579521212265675,-0.16579509193567607,-0.03241106528822189,48.32064294709149,-17.52825986066933,35.551846776423474,-0.03648411508969836,-0.12679975412665517,0.13113444120913179,0
0.0755431376002186,-0.05701343656053508,-0.05929916867268769,58.4389794735684,-15.79796273282244,32.618985975321415,-0.0022778664670634018,-0.030873311768051564,0.1046770272449808,0
0.09456021059298002,0.038678151042968976,-0.10653151466684609,64.53954399975377,-16.309698823551564,29.259488666686057,0.019352560844920996,0.051730726348813406,0.062374790684175695,0
0.12299711900332741,0.10715987603710915,-0.18151281369592917,65.87867336086387,-18.53867212047285,25.553355030683843,0.046805083733878865,0.11123380544643169,-0.0052906060762243756,0
0.1998154333127418,0.13760220364008052,-0.2788877549400817,62.84824373761657,-21.632852869989712,21.5389043855034,0.11681095722107938,0.1366684258449814,-0.09922075783914935,0
0.3505649987880989,0.12365777233389107,-0.3943731918919569,55.664500016198225,-25.4837509407823,17.0148357358629,0.2543228921498289,0.11348696669019004,-0.21441973923020868,0
0.5348765912731952,0.060939690215518594,-0.5761971504730287,42.215116174114485,-30.067977165441366,11.58243940288563,0.4215012490157723,0.029162584999463535,-0.3863087608304994,0
0.6385890921491384,-0.05940692211249667,-0.9430416004628965,17.475462277158968,-33.083966380771884,5.148914774603691,0.5090844242551307,-0.11890602882290113,-0.7237799514566108,0
0.5570550678552986,-0.2550828006713023,-1.5823598648126673,-23.271769178644348,-29.436684686301863,-1.6990044155466526,0.41786041471205454,-0.32329213095260617,-1.3315699053240495,0
0.3128530562821765,-0.5490606899723706,-2.367419025239034,-78.29367705675159,-15.575331826052278,-8.304643818777839,0.17465334155677462,-0.5776320949672,-2.1278966490415065,0
0.07338391507560087,-0.9567107209119977,-2.8949914687505673,-135.112338566221,4.621247334290361,-15.324904653243824,-0.05184618718559489,-0.8896393026217219,-2.743041612173068,0
0.012098080869144469,-1.4669084095739775,-2.719064850174031,-173.53999532299912,20.057038881580297,-25.188329985704858,-0.09142413825394127,-1.2784109381398256,-2.705194575346564,0
0.13940779294673544,-2.02718050841179,-1.7567292146937252,-176.72305690289346,20.89911504513468,-40.16835574779736,0.05900775864491284,-1.7472856043725247,-1.847449481154898,0
0.29046118117704367,-2.5518748563372062,-0.45948034881233124,-143.1055206501298,7.478705343791676,-59.28759273134633,0.22647323200991473,-2.2533128461074368,-0.5468992138412087,0
0.2891118122638112,-2.9639885268435866,0.5063664417724218,-88.86733590460918,-9.674914601022516,-77.57319584534865,0.22983602568370673,-2.714637888989637,0.5222574632518188,0
0.10504938349173704,-3.2409183326950552,0.796915550070329,-37.081492056390566,-18.4582343600208,-89.44505351784504,0.03931624620979403,-3.062341697660488,0.9312768057037555,0
-0.15634583247628714,-3.4084192967286504,0.5934554573428946,-2.150846315518713,-13.671358135202006,-93.21882560721812,-0.23321200507808096,-3.2787813852421404,0.7819102713485302,0
-0.381266741076121,-3.4798615851194143,0.29813038688440974,16.743917494331928,1.5406197600588427,-91.77638801181968,-0.4639195225824916,-3.3709147517901985,0.46904896264128015,0
-0.5268687025878712,-3.4189469494774882,0.12380028179823488,28.568535039422034,19.839420134380923,-88.63729876507188,-0.6019047227339767,-3.320434054403245,0.2548109285682745,0
-0.5954751808409069,-3.1829340030426456,0.014375719406301484,39.16860138772041,33.79680098962146,-84.04134020145982,-0.6487177342799347,-3.0939899398818707,0.1263326309799736,0
-0.5895281665739572,-2.7916988411089037,-0.1386433933251401,47.73834121646855,37.604731592946415,-75.3064923616462,-0.6148136448878252,-2.7066207654895695,-0.020503102058656887,0
-0.5172735341924478,-2.3331891958251623,-0.3211794246859279,51.645384826134745,28.194448824355362,-60.44131732614859,-0.5210567430671232,-2.2469515767557406,-0.1892088009132382,0
-0.4131798780783779,-1.90667127043317,-0.43310012414779275,50.77452105720088,6.652813423479325,-40.733368606911604,-0.4103244389713028,-1.8269414701478124,-0.2911146931158626,0
-0.3190471947603704,-1.575457022739355,-0.41837463053832785,46.34335924948829,-21.909068463469733,-20.014360778424066,-0.32309390171301955,-1.5183019275343523,-0.2691939584310907,0
-0.24796893933364594,-1.365094485023093,-0.32027067564507145,38.116389802981566,-50.91684578799238,-1.974182714843128,-0.2662815852531145,-1.3380023326585584,-0.16385213681102695,0
-0.18500591719192203,-1.2827485433255332,-0.2295600268254311,24.951183317592154,-75.2776030428227,11.834766448732466,-0.22174498975076898,-1.2752016300426707,-0.06772655391433835,0
-0.11965649789503897,-1.3252986271696425,-0.20348923632073704,7.551988248813153,-92.54258115188595,22.04808025105876,-0.1779128635858819,-1.3161870596316514,-0.04064682813849892,0
-0.06066268372819619,-1.4714601532301195,-0.23185917875244516,-10.713084569500824,-102.367247261738,30.25302529215729,-0.13890831125235326,-1.4446735654143799,-0.07081527379510577,0
-0.019591794925954864,-1.6765071829441167,-0.26356418140475424,-25.896729035049383,-105.60007266774737,37.76268055347101,-0.10884525613676901,-1.6297909450086987,-0.10332725280837583,0
0.0056719553358163845,-1.884050693404627,-0.2560638250040387,-35.807125316173924,-103.89328231598714,45.02055600049426,-0.08219836569905098,-1.8245145106545597,-0.09480616860119084,0
0.02860452213873858,-2.04545705268249,-0.2048256412254286,-40.38948849331672,-99.70841335589492,51.615193944795145,-0.04990441276452564,-1.9793008668913614,-0.04379085898086788,0
0.06296611337849126,-2.1314699590205666,-0.1370336536739874,-40.657376465668904,-95.86015749903017,56.86966695357205,-0.006712696237055296,-2.0601397784021898,0.019723539563682287,0
0.11292944391680941,-2.13921700335629,-0.08276194409557028,-37.83649649976496,-94.23245083018205,60.675914570183124,0.045715461078617514,-2.063478322026242,0.06653783137066328,0
0.16624746888690736,-2.0981156286668265,-0.04971390838532162,-33.27278750291938,-94.7709598659406,63.603102210486725,0.09508762769497989,-2.020828168757953,0.09215813092635716,0
0.1972305494036492,-2.0568070392656863,-0.022783208606588053,-28.383050737437877,-96.09463447630668,65.8623989135073,0.11940194962857578,-1.9800263041483908,0.11442615411528571,0
0.18358149038915322,-2.044889596943785,0.012988272596859756,-24.087227870383344,-97.17770670326598,66.43093627923555,0.10033533826016244,-1.9673216833237188,0.15017709968898954,0
0.12419634989602935,-2.0458272448761545,0.051701263770485256,-20.175516541210985,-98.11478357287106,63.84951013326642,0.039003646667615514,-1.9651015674345382,0.19412511006453168,0
0.041723727215582776,-2.0159163914289726,0.0693908041233679,-15.484995864953545,-99.22223577407209,57.98264369620847,-0.04271196391763994,-1.932152614757081,0.2195546891330783,0
-0.031438526571672606,-1.9279249550450128,0.04569669099817523,-9.089951193590911,-99.85294339149374,50.546195119017526,-0.1160292524299908,-1.8446886634017767,0.20067665106613544,0
-0.07426229689120831,-1.7893832861292451,-0.014370909646426408,-1.5630466274899923,-98.48106060701343,43.79690926841092,-0.1624964581109041,-1.712368601223577,0.13925750191930863,0
-0.09017025363801473,-1.623605665887485,-0.07748977695680226,5.089984907482012,-94.08614704620348,38.97180323441204,-0.18243606971868565,-1.558312498166605,0.07058080197585433,0
-0.09638251539107413,-1.4464395551521567,-0.10637905810475536,9.043185136659785,-87.54629881374387,35.837968087483546,-0.1869722648419421,-1.3953687678710458,0.036521335146176094,0
-0.09697219617499213,-1.2644122280219154,-0.09149478383986756,10.189293854667728,-81.5281952885515,33.16780474034836,-0.1802678384743936,-1.2251741838434942,0.04944343556738423,0
-0.0737369258747996,-1.0832943413048113,-0.055320779543052236,9.986809960923965,-78.44764144031313,29.560045978316463,-0.1528183999985915,-1.050041477062981,0.0869155709461238,0
-0.009897071836085082,-0.9085351754091978,-0.026447429750584676,10.095690596847176,-78.1243120206309,24.407607703648374,-0.09508203609011157,-0.8762091032910595,0.12022967470464262,0
0.08425871559187938,-0.7417106377363596,-0.01713809603802745,11.512369113092776,-77.68492254561865,18.494733170392944,-0.013590197070472695,-0.7079749318924975,0.13819755097761569,0
0.17655103800829197,-0.5833473161649292,-0.02532884608671914,14.708356915874615,-74.16682142468886,13.423321064719186,0.07070066983870794,-0.5465803265971434,0.14236244960986286,0
0.2392801168367064,-0.4368868006988114,-0.04688879776431876,19.829403758161224,-67.19084020474565,10.104308625690733,0.13708001474760248,-0.39631232989445087,0.1320961675182064,0
0.2666171670706315,-0.3064022317256421,-0.08021800561891851,26.417007535140527,-59.02863203122245,7.81908227980763,0.17541085954682006,-0.2659886219341305,0.10294875721916401,0
0.2716535658924043,-0.19325602541574347,-0.12471667179036407,33.23650642051433,-52.368617478443795,4.9314375074546675,0.18740079310802255,-0.16087900556100235,0.054251467459481936,0
0.2713964941435871,-0.09759241809355725,-0.1796654463877967,38.74261510887794,-48.257488198430636,0.49159719247058126,0.1836435250412964,-0.07649523502998809,-0.008040306735244626,0
0.27260947984170414,-0.02014612247549459,-0.2426049011915716,41.842401868140925,-45.9776504910789,-5.0426896731154445,0.1769642410144466,-0.003920965076847965,-0.07470866721572532,0
0.26992644043183794,0.04043878524352812,-0.30709608638891606,42.30787389699848,-44.41806433298885,-10.621996174123826,0.1732510406576086,0.06045231149780958,-0.13718065203363514,0
0.2570579660637931,0.08891593820261327,-0.3634052767709297,40.608566553843104,-43.184610345732175,-15.767397635600437,0.16798112099593765,0.11259698977423234,-0.18890896527040135,0
0.23611716613408498,0.1272118156789517,-0.4016009439135547,37.42770476344345,-42.41530683290277,-20.69183468507741,0.1528919282951619,0.14613126930203324,-0.22382596164368898,0
0.21318506202812332,0.14877205716334002,-0.41403017482340754,33.333043927600755,-41.9749616089798,-25.528734031217038,0.12546695439749814,0.15758107354546644,-0.2353016101052472,0
0.1900397756036195,0.14423827812310358,-0.3985796951144784,28.85804837051783,-41.226845745643224,-29.87074318023693,0.09178674656512292,0.1474532227018833,-0.22071739897757267,0
0.16694801487171868,0.11178292301744852,-0.36377392050709956,24.7102403486962,-39.47649922348042,-33.14557051773074,0.06213730052800895,0.118141193616145,-0.18852971421986875,0
0.15052503793943442,0.058018292690962606,-0.32850046461282345,21.5956687025511,-36.317423977531334,-35.205763043341186,0.04542300682717025,0.07161500972449046,-0.15662191239420442,0
0.15111714622114847,-0.008927553714905001,-0.3096649629836174,19.703318992694058,-31.59062400910707,-36.44238303202188,0.04649904232784446,0.010169803502359652,-0.1392259747591442,0
0.17187389128926225,-0.08195540956972484,-0.30765494057184334,18.560414588756444,-25.347319805327615,-37.461196037730645,0.06533161018835573,-0.05947886490026483,-0.13619152170900453,0
0.20411489655521642,-0.15149289181627454,-0.30879254802405026,17.64888320125309,-17.99343593445088,-38.723305070506726,0.09572038949415802,-0.12417866575761476,-0.137900307780663,0
0.2323881602422348,-0.20495184268342648,-0.30467179467431127,17.11858133581531,-10.319124156820651,-40.351038161896355,0.12482010227095679,-0.16947684361396684,-0.1394110393012813,0
0.24161637011242756,-0.23252039146078118,-0.3036882964706877,17.663609769514036,-3.2275528672455236,-42.10786318511511,0.1370823938884695,-0.18819066075254967,-0.14577286782351248,0
0.22275425893334813,-0.23306363864948312,-0.31897999672216126,19.654225092891803,2.608386648513817,-43.56165294948587,0.12244848921140895,-0.1837585128594429,-0.16330227614222068,0
0.17677029621542148,-0.21413475193712073,-0.3491616559308575,22.546217179120458,6.861709229749195,-44.3725619547104,0.08197239822021384,-0.1658513078707951,-0.18949295630697824,0
0.11337929586726796,-0.1862638721232024,-0.37679016321418723,25.20190716242852,9.421956034167708,-44.48410224867349,0.024859222370887724,-0.14327319368196745,-0.2130575101206744,0
0.04398059463152659,-0.156362303761945,-0.3842162601813355,26.704080794022257,10.236538930131118,-44.02710517234057,-0.039065700678675236,-0.11969107800250095,-0.22155062507830237,0
-0.023633113734665857,-0.1257911654760174,-0.3661931910270172,26.869437794516426,9.31091778063964,-43.04617713646994,-0.10238840502668425,-0.09421959924949436,-0.20781702067823316,0
-0.08339315604576021,-0.09366745333421626,-0.32818572164741505,26.166991129798824,6.851329682933229,-41.370454430851424,-0.15772811864819508,-0.06501746174546892,-0.17171848768398765,0
-0.12703550292594037,-0.059801056229864445,-0.2783006516382095,25.29819502538082,3.360648753632488,-38.768249965166895,-0.19689240428483987,-0.0318807082571466,-0.11904396007634624,0
-0.1458895836120085,-0.023959555204209667,-0.22377682531060145,24.773230496973728,-0.452443018902499,-35.18195582836927,-0.21419182818459453,0.0037616291548267975,-0.05977258908784833,0
-0.13724116188346952,0.014268299247600086,-0.1731940902659256,24.65363818904189,-3.8600462307228147,-30.79583548635556,-0.20928132518960588,0.03928202956647567,-0.006015370677428559,0
-0.10689985298129828,0.052088739195681445,-0.1374939599750384,24.56396362628522,-6.216089834350628,-25.95180947275947,-0.1861274569523956,0.07053550374403028,0.03132824124772117,0
-0.06446727053667195,0.08231876914339913,-0.12324380455511712,24.012089891712236,-6.979371169804101,-21.074165184603707,-0.15030692930108108,0.0927466739618143,0.048011184749218734,0
-0.017877163180489642,0.09887714756635928,-0.12171045274948478,22.814754031161918,-5.814772192826605,-16.61277952842407,-0.10800876248258218,0.10345710230847042,0.05190932388114706,0
0.0261597341098558,0.1016456616259106,-0.10965534469886899,21.2426191164462,-2.7877489885860998,-12.891732902229707,-0.06661913860367044,0.10396964442653504,0.06140067371772498,0
0.060028638019980395,0.0914989606987841,-0.07226556570386224,19.7437881282861,1.5449180017362265,-9.92951510109297,-0.033824809034653916,0.09514874841402614,0.09016636845256322,0
0.08049077430688875,0.061460495913275695,-0.027818624352164274,18.587499519361756,6.355425630117277,-7.481437879865381,-0.012776072634611533,0.0709349801170658,0.12850832633842585,0
0.09802148305450721,-0.00015520257711246817,-0.013406545973713426,17.88338210550751,11.079553026395601,-5.344444074933863,0.0042953230237493065,0.020122898358779392,0.14942028910373542,0
0.1321661555417342,-0.09400269584728033,-0.03248049614615632,17.9101947829281,15.869929775860411,-3.632728967112337,0.03455434181845972,-0.06142509167687369,0.14522148188680928,0
0.18664385921016863,-0.20291208746895065,-0.042793166389758074,18.93047543151204,21.153160617412748,-2.8174791880474754,0.08781045666972338,-0.16429403397920705,0.1396173815648541,0
0.2334223805905692,-0.30907918171147747,-0.0522846675553658,19.599716442598318,25.885520409902504,-3.595075995232021,0.14786628973292587,-0.2789223572790321,0.1159932511927246,0
0.24046289024110976,-0.4179971114865436,-0.23026546879198354,14.665549960355415,26.060320952485295,-6.496386289263158,0.18106841599311543,-0.41345638338572716,-0.07560086822992458,0
0.21824245259958303,-0.5581865612601951,-0.8183974633548484,-4.770375022369457,16.661000686758474,-10.968830048591112,0.17253524395609315,-0.5858465763891839,-0.6535763055641369,0
0.20788204371916333,-0.7539943306582209,-1.8076424218960703,-45.234573569235366,-2.4468995508197384,-14.429346422182135,0.13938990740342178,-0.7937450009809173,-1.6258655848716568,0
0.1973155773752792,-1.003992074955257,-2.721609224021603,-101.64461439176391,-22.599205753598415,-12.843519976933306,0.08430493405509701,-1.0069888082483387,-2.5669080649241094,0
0.0778227126789888,-1.2902939504452795,-2.8838945645161775,-154.15907448398482,-31.375656024530493,-3.510899907427243,-0.05373015246596387,-1.2056778165860984,-2.817419946303947,0
-0.259472827186929,-1.6009090112998936,-2.024501754249712,-178.13089454021775,-23.739633958340576,12.125420574646279,-0.3559576172966205,-1.4176125985139265,-2.050469069311004,0
-0.7713630771438343,-1.931737971050269,-0.5922523058178935,-161.52763764048464,-6.997862207632298,28.93360554620015,-0.8056113029424132,-1.6959745618044633,-0.6361973440794759,0
-1.2418467088428495,-2.273845000416606,0.606825512833149,-114.61364447595182,6.574036923348266,41.92032849096813,-1.2377828282370387,-2.057653882982352,0.6353033254677899,0
-1.4353266854118945,-2.6170415018461237,1.0706521643095042,-62.45360365864184,10.560497335325456,49.62033705479292,-1.4399701928742996,-2.4616055240052526,1.2024959475057755,0
-1.2680173973900786,-2.9597684677602802,0.8833124816168004,-26.56848870118943,6.8274791747878,53.81875578603587,-1.3099288618870628,-2.8479087576698054,1.080773335181072,0
-0.8456834783522617,-3.2844442835268164,0.44200125411249186,-11.51218722315776,-0.2834365079958271,56.55497321647721,-0.9225289866118461,-3.1699058604415846,0.6482094650477115,0
-0.369954417944935,-3.5163394405108908,0.05472283073917071,-6.442108542441269,-8.798956146063366,57.73463155926007,-0.4654431850367211,-3.376554115376842,0.23714395496502344,0
-0.00946950851478056,-3.5433051106877507,-0.18662628987205895,2.380752830123854,-18.173625306528773,55.26740722407464,-0.11284072394932511,-3.3981785373934583,-0.03330616285606025,0
0.1834875581887655,-3.308903242745182,-0.29571913104389086,20.5344432433108,-26.273302127011302,47.08752342282003,0.0725036444045831,-3.1921630453588365,-0.1666094836782268,0
0.2715664293468537,-2.880065885851701,-0.29157891002482333,43.76538021352608,-29.223329258757026,33.13767195761164,0.14851811879919644,-2.8045620281782173,-0.17990515076241936,0
0.35178931883730297,-2.408315490416979,-0.19468457047262375,63.6323057573437,-24.030669050166054,15.78188831657462,0.21424039769341605,-2.362922428587517,-0.09016383331929391,0
0.46433015509032516,-2.0319027432118397,-0.04295680247757876,73.79925489244043,-10.724963422712543,-1.4706087145096585,0.31580866512617817,-2.0005785872763227,0.06721470933945128,0
0.5737973183989825,-1.817537556525182,0.11662770564389745,72.89009899990647,7.673587468596684,-15.822009185180947,0.4240435506428046,-1.7901374746471816,0.2417940030589238,0
0.6250187078793218,-1.7630917547417044,0.23694022379746277,63.75904062427573,26.695506898742277,-26.382480826916833,0.4853519582085886,-1.7317381108462822,0.3797958726698987,0
0.5976760019721334,-1.8184949036053795,0.27617208481092226,50.82910503907061,42.4191908921931,-34.06133364165545,0.4744454416095495,-1.7755659882542807,0.43507933460237463,0
0.5111339332155767,-1.908082489350369,0.2215665226320622,37.51024406910475,53.08974408159287,-40.29064114046494,0.40362886562996475,-1.8517424638845972,0.39200067907582764,0
0.40039425539841217,-1.9671109599998966,0.11451124688898642,25.227198024725507,59.43072228920116,-45.64372893610405,0.30435329515476406,-1.9035170742287455,0.28702047235830097,0
0.2963669561327464,-1.976991335671626,0.032240590717222864,14.154967709628792,63.45629754658417,-49.66407465076716,0.20752389320657952,-1.9134468911067646,0.19386251285193914,0
0.2167508410913812,-1.96202763692857,0.03024944461231714,4.464194016348531,66.98631429233205,-51.9345320782649,0.1309917296422692,-1.9001022625728665,0.17275116520919087,0
0.1645970986825762,-1.9487239332383484,0.10375852214535257,-3.0723952225942797,71.11485344706469,-52.97269914758805,0.07741196643389092,-1.8860166437482797,0.23054278367179207,0
0.13361866395711566,-1.934475256205868,0.20190022637125374,-7.3805896132709075,76.39080983509096,-53.959925845762385,0.04197736310209412,-1.8708543678922032,0.3256726563458055,0
0.11447680199038614,-1.8985470753422489,0.2686974419211654,-7.978738284677965,82.73197662375013,-55.81477185639351,0.019832147590442963,-1.8377584119527102,0.4024158003749162,0
0.09789092377474119,-1.8350395677920162,0.2746387305723891,-5.888284153684523,89.10558264964646,-58.553729804602625,0.005876448779308265,-1.7805491726688218,0.42299466941134917,0
0.07808090556554093,-1.7649790389824858,0.23019055731521795,-3.6802977024072128,93.90058580673161,-61.27116256778538,-0.006839688570341039,-1.7161415619932734,0.38653266312595275,0
0.056858238878778625,-1.71589957687221,0.18075564805402108,-4.04555359840595,96.11526462144604,-62.6795353208659,-0.02271951195512986,-1.6685353021681806,0.3320174877524236,0
0.042900110399687316,-1.6971517072538025,0.17678855193811888,-7.688373443277245,96.17189050699831,-61.94061553993721,-0.037429261478736445,-1.6471980261915298,0.3144676909870895,0
0.04695365445123204,-1.6980132400058303,0.23128718659936892,-12.605209076906103,95.39725036013039,-59.13810608148138,-0.03800429051942317,-1.6447807254615199,0.35901860408950326,0
0.0783353088488873,-1.7021307159923014,0.3035017521742593,-15.83787093926407,94.7866888550055,-54.93134380520125,-0.010052260155441339,-1.6483750616858255,0.4326248823284551,0
0.14062489596878555,-1.695893875963889,0.33176404827079226,-16.0693963669354,94.43902436449062,-49.888201822308325,0.05178139273313677,-1.6442040678111223,0.46979567108395875,0
0.22348158762421336,-1.6668042689672533,0.28629828585236633,-14.325239585312623,94.04218756420592,-44.357026104225284,0.13516060324892312,-1.6159891648134475,0.43192732736266776,0
0.3000996700693461,-1.6048385286863498,0.1908040038084876,-12.298806365644229,93.55116696769713,-38.81936758888092,0.211610781298725,-1.5514968850107043,0.33904707324120004,0
0.3408487500408046,-1.5102808835382797,0.09742431992447999,-10.574410847318369,93.30098614309058,-33.898034471202614,0.25238601015974127,-1.4545242367886446,0.24537273123029063,0
0.3337937712917847,-1.3963730868638897,0.045608044417017796,-8.677610930123896,93.66074675577725,-29.80411442137673,0.24726319578937012,-1.343890230835966,0.19241770101261918,0
0.2912525387807095,-1.2792934958064026,0.041218398673115005,-6.266247610115709,94.66050957466196,-25.975057030942406,0.2087243426661294,-1.2360622491271747,0.18650697323513035,0
0.23665820966854495,-1.164497386465555,0.06379716655610426,-3.60352351266543,95.79557761135665,-21.485333381926704,0.15876409114221451,-1.1305843364787447,0.20865871719861617,0
0.18587901557733427,-1.0443882440029952,0.08523257596372863,-0.9274414873519292,96.08865629241336,-15.844721433062597,0.11195901990032175,-1.0144286364827533,0.23351679244601511,0
0.1387378046491991,-0.9094223461599157,0.08365489632970473,2.025077560217007,94.47493836877128,-9.389742748198767,0.06832038903460419,-0.8787535860599711,0.2400663954975708,0
0.08508230403555986,-0.759075762867069,0.049597038208160533,5.504002703067418,90.3562320870943,-2.9650692822144555,0.01883848665802944,-0.7286232640337378,0.21566142333377739,0
0.018800964949606886,-0.6008231044655448,-0.013420999353656685,9.001261733417854,83.93770347144434,2.7357868317009046,-0.042539212324250036,-0.576234038207575,0.15895396611801405,0
-0.05205048700230477,-0.44133528545652745,-0.09357785137811177,11.432886944694985,76.10025728590611,7.5848861974271795,-0.11006510504249986,-0.42759495485062887,0.07998086201737063,0
-0.10740603571988755,-0.28237332989531455,-0.17825347291631968,12.124524648642229,67.97153975449369,11.92472589287286,-0.16676967094092487,-0.2790463676847972,-0.0059199605433346795,0
-0.12771483452313906,-0.12537286085985377,-0.25906247362342066,11.394178226740546,60.57756977509072,16.18401385838796,-0.19382550690951078,-0.12698433289013336,-0.08683204575732918,0
-0.10685105664820907,0.022410289047887624,-0.3325019036814351,10.09278845052096,54.736692784968646,20.56841269469351,-0.18229960260076178,0.021620588271606997,-0.15863635917077293,0
-0.05545881645808903,0.14766331659382903,-0.39824640970266023,8.744596107533503,50.97669203460996,24.94590766578538,-0.13866924987174267,0.14987584499299839,-0.22272081609614963,0
0.0075885030190176225,0.23656020575196957,-0.4562874798257955,7.228113898908961,49.30653169329879,28.882577894300283,-0.07956382342170715,0.24081055936192555,-0.2802330557010911,0
0.06726553236106832,0.2808021491116377,-0.5037464841469615,5.16731803786995,49.158951236898204,31.864873002659703,-0.021143807110967243,0.2860030910707631,-0.32800888866044636,0
0.11702395269671081,0.28068089016321096,-0.5347238905253726,2.492685147769242,49.8425008836231,33.67302802295202,0.026819863847282348,0.2877537247792316,-0.3600642238896784,0
0.1550245871993249,0.24555537188252258,-0.5452736981912436,-0.38504616540019865,51.11431057917671,34.588196991567216,0.06016121162868991,0.2570663569320702,-0.3734485474318499,0
0.1799219292410696,0.19206751699130767,-0.5386966908935211,-2.8901678153137977,53.15040774722066,35.16483973483097,0.07895754237962721,0.20981933967795768,-0.3718175384862245,0
0.19100220814005478,0.13849858643941715,-0.5233326843169195,-4.752205125324082,55.92377705417887,35.78723641159827,0.08744498992719724,0.1610506745886952,-0.36174489620801975,0
0.19024664056971885,0.09624492362673598,-0.5031105683891958,-6.222519981735276,58.75426866611816,36.48077935608243,0.09118575765667748,0.11919867545411553,-0.3449805611637618,0
0.18238160849350527,0.06507341453552463,-0.47214448254816266,-7.8848486210006525,60.538086326613964,37.094042840635154,0.09254048849758088,0.08487960499460795,-0.3154520867189548,0
0.17268257499066383,0.037606439131742254,-0.42260111085957125,-10.222682034955081,60.38551365486566,37.53822967460236,0.09081663237685596,0.0551569536678209,-0.266264769479586,0
0.16536302116011808,0.00857988632933822,-0.3584864361065235,-13.290087561189171,58.093924394284656,37.83264885910047,0.08693788047479739,0.02801860476108813,-0.20112699445393398,0
0.16369997508676445,-0.02114173634240229,-0.2978341463989574,-16.758039051955908,54.196503966820636,38.03722982252483,0.08528589009438445,0.002827598077080749,-0.13715428148574216,0
0.17012592972164273,-0.049026054023300535,-0.25888263607892076,-20.24449744507672,49.69296111195629,38.22802319283872,0.09032897501699648,-0.021613298792444197,-0.09363946559908276,0
0.1851600555257672,-0.07698594185585923,-0.24642738371700346,-23.542241817064948,45.641140265119915,38.488113659617056,0.10313405386075436,-0.04830852960422592,-0.0783018696719244,0
0.20562023394799633,-0.11062187078536777,-0.2532895460881255,-26.554166476287673,42.74645439042401,38.82824465073091,0.12049538908228834,-0.08093228504529888,-0.08573782333172723,0
0.22357207384634736,-0.15116462909909759,-0.2711327190099889,-29.158177470026374,41.146654646886,39.098706114715355,0.1349979050333543,-0.1194046859437123,-0.10631198774210592,0
0.22927960427835029,-0.1893564584169661,-0.29540357849235527,-31.233523253674356,40.57659270151074,39.01326776823415,0.13734055014720123,-0.15537789289712356,-0.132223089536168,0
0.21836873713301436,-0.2099778216706829,-0.3214610666756594,-32.761495395883195,40.77683789491661,38.26274411532364,0.12325815152597186,-0.1745994427905408,-0.15662209668185942,0
0.19550040947963326,-0.20356944600919816,-0.3415904804490369,-33.82575207075249,41.67145814283917,36.61215973894121,0.0989608940654217,-0.1671394462673181,-0.1730429715780782,0
0.16852381329818505,-0.1732846804466064,-0.34959673559500604,-34.5219238644634,43.02895504477965,33.98672429555348,0.07577313721943263,-0.1360224392131828,-0.17883009703538374,0
0.14002150186766704,-0.13134071805202277,-0.3486491034443895,-34.86853449221448,43.96852846521769,30.588219468520492,0.05766348868566929,-0.09495777297034098,-0.17842022205483996,0
0.10736808348869646,-0.0910618156589303,-0.3520173868145985,-34.76341132620274,43.02720321597702,26.901462516681814,0.0372559645541313,-0.05798856482862305,-0.18210322514754385,0
0.06989649549997196,-0.06161593185333833,-0.37084463616444857,-34.03735235330294,39.02415738128592,23.40257632515388,0.0062935533751367,-0.032250906723585354,-0.19843745831128715,0
0.030365143075458196,-0.04564346792857618,-0.3970318491120303,-32.621928153961896,32.013507729992,20.14502033964824,-0.034176567646730695,-0.01831469085088091,-0.22228399877124821,0
-0.015097466598561218,-0.037621898083518915,-0.40179807836693054,-30.672329362125133,23.250544100147188,16.766276939569725,-0.08084983250574285,-0.011711353393327939,-0.23022373794147166,0
-0.08460904583133681,-0.02577094123460685,-0.36309344411074346,-28.430592979157918,14.014772860769295,13.139808988631245,-0.14412671420725884,-0.0025887749844712734,-0.1994007428853396,1
-0.19493913643369581,-0.0022882321379581886,-0.3027006832621147,-25.872836249579017,4.584372465748679,9.988359047235296,-0.24316343150937902,0.01845503535207415,-0.14337024570047444,1
-0.32874024190786966,0.024464960684553293,-0.2865223226055075,-22.51054681203184,-5.257266211967796,8.47091712884576,-0.37220979780457764,0.04687680325382509,-0.12254069351498416,1
-0.42581373250928467,0.03441546683407476,-0.3675067971098301,-17.795618078263367,-14.804923193566866,8.940404520249464,-0.47805637443982785,0.06163118475050223,-0.19556130181947076,1
-0.4238577212892696,0.01877054095257209,-0.52899630130635,-12.312629871181318,-22.57034310000653,10.460939929287717,-0.4892717921385229,0.04499061386991812,-0.35603216986977576,1
-0.31327124970811215,-0.010735468095224519,-0.7223603541936434,-9.283481065194765,-28.918512279380156,11.921495163134617,-0.37861466827411855,-0.0007835017966719392,-0.554992877038993,1
-0.1530771107489161,-0.04767308522914301,-0.9904102404591622,-15.090956108098506,-37.91489581927882,13.235599783046524,-0.20165066314220587,-0.06820247510733783,-0.8218124405993681,1
-0.0417290177476133,-0.11598025321529651,-1.5066875721205615,-37.41910059347363,-54.001460501499125,14.856146183450848,-0.07776591837157215,-0.167544331297486,-1.3223806837841128,1
-0.06205610675843383,-0.25123795378547553,-2.381848697584003,-80.90126589152679,-75.13824351247919,16.49216646621806,-0.1144550434836027,-0.3154479926030711,-2.1860134848779937,1
-0.20958513341864457,-0.46562454133926917,-3.3737190948483917,-142.1473277591287,-90.92870403860809,17.131373653102912,-0.30601362179467356,-0.5065338156721555,-3.2074444594997775,1
-0.349177240010105,-0.7545708236733657,-3.8730599859054755,-207.16624707217707,-90.79844844502806,15.993250265963786,-0.4897191106669883,-0.7249146955605726,-3.7939734093641384,1
-0.28863649907341443,-1.130749153602469,-3.3338300861816657,-253.9250139314352,-74.67922359357392,12.364279391051806,-0.4491049295629543,-0.989211302743232,-3.3649464704607803,1
0.03832882959592148,-1.6169120784748046,-1.8002469874527067,-261.13001541823337,-53.37525027548193,4.757042987923183,-0.1188261642592041,-1.3568773867103536,-1.8958708741240995,1
0.46383911171268905,-2.1922242212008594,0.026228824667730882,-220.43458681169346,-37.260333106958015,-8.114424218237618,0.3165052008269169,-1.860244604638842,-0.04200841433233252,1
0.7112829246197417,-2.762821414265229,1.301997185959946,-144.02289487022728,-26.344169370670027,-24.90920651370133,0.5706865819965226,-2.4403212268587615,1.3354383326286487,1
0.6456683654679124,-3.1939124064019597,1.6461875268385309,-59.21729012844906,-12.891039371742469,-41.32280050369865,0.5132674266713703,-2.9488050758122926,1.7909417470926798,1
0.37950381638508507,-3.366508932580564,1.2778249406117193,8.442793368207479,7.852947321090699,-52.888481964188124,0.26220009613766226,-3.216254906150099,1.4883672494731623,1
0.13928996702324434,-3.2216838024981986,0.6650508355580096,50.10067688469814,32.104148823139354,-57.54564947646903,0.03841976931707636,-3.1393185128296315,0.8884516197719581,1
0.0636376293115331,-2.789063821315356,0.12990014188098256,73.54785881849223,52.15692292584333,-55.50670833199612,-0.029103366710756716,-2.740259043592802,0.3408452330832443,1
0.1294414824269452,-2.185278073365168,-0.24746740570095155,90.11315371923901,63.54483155555267,-48.1663087544393,0.03821084331619835,-2.1580797572080965,-0.051050036356447726,1
0.22456115007088473,-1.5618275688141197,-0.48634412404290456,102.75647092515551,66.45560571259318,-38.02078550260884,0.14135688233490912,-1.5644640076466527,-0.30644299704202865,1
0.2582622250854114,-1.03324754649399,-0.5809316540605336,106.12691739341713,62.22125615079745,-28.470937117114765,0.19740278606532186,-1.0695777674916567,-0.42623402303562585,1
0.21570741629626503,-0.6457426632908894,-0.5152937159183081,95.55216767045364,50.88367122042642,-22.278830142923113,0.18350641979950652,-0.6987394242851853,-0.3867873092594732,1
0.13730555321880572,-0.3952713134995929,-0.3366094996004284,73.92935296637303,32.461529332260234,-20.06417782497116,0.12463491772847778,-0.43707042648163164,-0.21821477017862792,1
0.06446611438901073,-0.25575733668121126,-0.16484834268204057,50.066152884649135,9.494914666386103,-20.41972417649105,0.05241883340084598,-0.27175685038305814,-0.035616052747762514,1
0.00875949099376893,-0.19723320845538317,-0.11799027425959047,31.50325118379832,-12.458191989463993,-21.10140958970501,-0.022154312217439236,-0.19693200915084882,0.02971349143197542,1
-0.03701412076198957,-0.20150775849006297,-0.22319838008088688,19.129259105451098,-27.187258735439894,-20.105136903303336,-0.0995495753307313,-0.2058552907394221,-0.06440955694139186,1
-0.07556162467287757,-0.2718547119524457,-0.39073206089826995,7.9204389518420335,-31.18395187880174,-16.36738399832238,-0.16983002088617713,-0.2927273556112861,-0.2301350279752635,1
-0.10000668471896713,-0.42365287645045857,-0.4747006374068723,-7.642811795032925,-25.359824408050752,-10.0807300915828,-0.21259828541776096,-0.45563128706052236,-0.3142964701972811,1
-0.10328962137899302,-0.6626234509614503,-0.3766240233989946,-28.492834085919636,-13.983850533532028,-2.376546029418529,-0.215062387711201,-0.690218394885304,-0.21438300083409786,1
-0.08457876952113388,-0.9714305879336103,-0.11160554266731657,-50.22232859672553,-2.027896648959934,5.4166156984144616,-0.18141571838041776,-0.9803229711419851,0.05172203512764792,1
-0.048430045347199566,-1.3124183086770438,0.21001413112603948,-66.55639669360532,6.893064345895537,12.265514048648742,-0.12599232229604446,-1.2955143730497996,0.3702021931700827,1
-0.0004484956909113335,-1.639934624347768,0.46164858520229957,-73.70847813797039,11.000305921541688,17.475066852418227,-0.06181183630690859,-1.5981140642303056,0.615170684284076,1
0.058449508249757955,-1.9158678960394613,0.5779205420695711,-72.30336303433707,10.04112117664582,20.684100124599624,0.0069971064479040146,-1.8555946830094912,0.7245935909505719,1
0.13403459836352888,-2.1216520342737053,0.5822765081507476,-65.86041885582833,5.160670744545047,21.99695608634951,0.08510169038496698,-2.0497170299416254,0.7243053143794991,1
0.23034313381756547,-2.256723434737362,0.5527442570559061,-57.37866593068484,-1.296478226770864,21.98016042795227,0.17547309357583768,-2.1747871432815065,0.6926514466727693,1
0.3343752339563439,-2.3232438599300855,0.5512322750363567,-46.97043786011346,-6.794381436007608,21.390655494189502,0.2651979487938285,-2.228346041327617,0.6909482494383203,1
0.41001782804190906,-2.314577666885576,0.5693137218153254,-32.74041966244184,-10.080000841329005,20.87217605585123,0.3235271794396916,-2.2071533238082965,0.7105770562177715,1
0.41523660066244483,-2.223966497567046,0.538780311024206,-14.210627775443275,-11.800046214217836,20.833891007643178,0.3192625942746003,-2.1146320591117664,0.6834169420123202,1
0.3348488240993621,-2.064348419667535,0.4046722752963919,5.165223925387914,-13.620387373374287,21.487633429223,0.24430171334153877,-1.9693990701681714,0.5531625442729541,1
0.19913052888080227,-1.8721692309448434,0.19422640998732196,19.349283160654622,-16.715414875959926,22.943319448409024,0.12280020352243703,-1.8010089204324693,0.34356491372241943,1
0.06624667251682133,-1.6870845828306635,0.008036695477260866,23.98585463150136,-20.97874560878578,25.265655709676196,-0.0013525969160318521,-1.6361533728306126,0.15272544645088246,1
-0.017666164629383425,-1.5322648248158608,-0.06234516595295369,19.48781114428908,-25.428431685146755,28.36974576911614,-0.08852690523357937,-1.4919338575677052,0.07487142216553191,1
-0.04368156768378263,-1.4161962237372205,-0.00515980768537646,10.238171668103238,-29.188767973449533,31.74788059418689,-0.1220443172671039,-1.3801530840929275,0.1283874827550043,1
-0.03109898324258168,-1.3427240476952889,0.11910364317685924,1.3458476667756396,-32.13283580805129,34.31577873190076,-0.11038756815350932,-1.3084176441517377,0.2567422291968428,1
-0.0012727930964833646,-1.308738254203509,0.23957082741220584,-3.8814630398375196,-34.81063600603553,34.793889083859476,-0.07440813324716804,-1.2722675997040056,0.3861238880534593,1
0.03713862574458011,-1.2972061171593985,0.32151218504285606,-4.56260508912289,-37.94863103393561,32.62091995565132,-0.03173353050335311,-1.2529091772490826,0.4752947083573438,1
0.08384592700468371,-1.2846703654860505,0.3647985882381105,-1.8186219415289884,-41.93299379198618,28.661203438309723,0.01041352524363062,-1.2304755133499636,0.5210846555842843,1
0.13701624537700574,-1.2585138694653077,0.3766554635696262,2.0355242664157314,-46.48062974810081,24.82114928112695,0.052782833687169316,-1.199404631521425,0.5336039124959621,1
0.1904156364342208,-1.2229386432259424,0.35691831261122803,4.666321969098146,-50.65550907346545,22.65724028950285,0.09776026058088444,-1.1680673239159878,0.5162828934412755,1
0.23798796709680087,-1.1883366636499861,0.30886546833024686,4.810124134292206,-53.335636201467516,22.220784712043564,0.14478569837068198,-1.1449249995785926,0.47105828642358527,1
0.27899476806213647,-1.1584786601232513,0.25413715794779507,2.462010584583177,-53.89995324626855,22.255457022576888,0.19032173306084527,-1.1280242710621475,0.4158252332740438,1
0.31791654512017997,-1.1280090903837752,0.2239754335552123,-1.8931324004330599,-52.6380266011152,21.452543957476415,0.23134439391452272,-1.1072852317382589,0.3825081510301841,1
0.35910602743093356,-1.0895701059730327,0.23009716795966964,-8.192607030843698,-50.5507282594384,19.442641842244775,0.26800897697773324,-1.0745534956166078,0.3876768798457588,1
0.40145609887833733,-1.0428736084540824,0.24894208472739515,-17.098548374104904,-48.64914672884975,16.698166042339736,0.30204297255631507,-1.0316194379741457,0.4095144226199266,1
0.43877380968584256,-0.9983926910233074,0.2420444989172376,-29.550125274866343,-47.24057117821213,13.774521610987929,0.3331119287545449,-0.9907290957985555,0.405725038149807,1
0.4668277430007102,-0.9718258229512535,0.19438014193166173,-45.882280291265005,-45.735658127151034,10.833541198944765,0.3594537283123016,-0.9673205441237619,0.35770467583301774,1
0.49049992141607834,-0.971798461994362,0.1298038793471717,-65.08873203461775,-43.10756739161321,7.786611210399567,0.38340665864131673,-0.968608277487114,0.29006569973876634,1
0.5209102372926135,-0.9903914137511107,0.08383862552402217,-84.87980602161707,-38.60723950311022,4.6292846204028795,0.4123728950977374,-0.9856937445074511,0.2402888438507955,1
0.5618744469530136,-1.0062455153188028,0.05833349775953434,-102.74886958819546,-32.21027084769509,1.529953542035326,0.449248944549426,-0.99710559609081,0.21000301785456915,1
0.6006840359505687,-0.9990778341169019,0.005573020614668029,-117.38297668477075,-24.605675441195036,-1.2753779983182674,0.4834067728477296,-0.9829102943062019,0.150906603606595,1
0.6172986717183299,-0.9633207453900876,-0.13607364450059314,-129.23883703901947,-16.892113378512093,-3.5736356079330482,0.49738586236504084,-0.93809554256444,0.002839827330432509,1
0.6042729279127226,-0.9112251967900512,-0.38587709842186896,-139.6420770816861,-10.178676897491654,-5.292912098881209,0.48422976777448734,-0.875501108018269,-0.2515187388706732,1
0.5732528238548615,-0.8670157270795628,-0.6984670414747384,-149.0653337396481,-5.134242940631728,-6.677098816408045,0.4529456560697645,-0.8200364723987987,-0.5667716695352621,1
0.536152996922953,-0.858416604505811,-0.9952111673062907,-156.19714910431904,-1.557680671889859,-8.144035207466288,0.41170568323789813,-0.8014475975401497,-0.8651527810679673,1
0.4794477008682911,-0.9093563419061669,-1.2148661533889265,-158.97430362980552,1.6886119345123083,-9.492841321408966,0.34690390324035114,-0.8478989127194494,-1.0848354151752744,1
0.3627442129922589,-1.0349244182492974,-1.3378255021481438,-156.9053495874147,5.958499575149745,-9.038102686546877,0.2248512727571485,-0.9776976004712318,-1.2053801526683172,1
0.14902780094046977,-1.236433616065861,-1.3755875577984664,-152.37558294971626,11.422014370882387,-3.993833121048373,0.018818635322388436,-1.188633681537979,-1.2410716456433772,1
-0.1614657221187599,-1.4937845692885983,-1.3503172630919031,-149.28009214520134,15.952789305190555,7.417393494339897,-0.26552829812482986,-1.4506357409069708,-1.2195808633671215,1
-0.5265554170026627,-1.761392989950109,-1.2825421789765297,-150.05876683591296,15.53345734780026,23.763035616525197,-0.591615025260633,-1.7108171753695494,-1.1617161421442659,1
-0.8870175179263354,-1.9812427181110677,-1.185406711122875,-153.89961144320958,6.427975347142655,40.6508425405856,-0.9135266984319554,-1.9137712539985543,-1.0717523604283192,1
-1.1919293972913982,-2.1121652889082267,-1.0677809454388556,-157.46628976894652,-12.248884803475447,53.82681753043589,-1.1910494569992438,-2.0264054213083376,-0.9495032915785357,1
-1.403518704611026,-2.1511336621333395,-0.951723668171616,-156.99732016171814,-37.50714868856044,62.216552211028485,-1.389210214990761,-2.050004123682066,-0.8188010049203063,1
-1.4912225107709425,-2.125432050605582,-0.8821424262506924,-150.0356056774495,-63.63681397495355,67.768099867047,-1.4772399888577257,-2.011146721305216,-0.7351311019295889,1
-1.4356298085910817,-2.0644337087952103,-0.8966077012957162,-136.2069359803441,-84.50349080111833,72.5294417826173,-1.4371718818008237,-1.9393747484880737,-0.744414805809607,1
-1.2432922940436189,-1.9794307486338638,-0.9761293805269693,-117.26612200727917,-95.76209871450908,76.3483114328034,-1.2740387983601085,-1.8497467661322466,-0.8275554647954648,1
-0.9537928363467816,-1.868476204384334,-1.041966976355306,-96.49726620333958,-96.39362405398948,77.34104477237686,-1.0175496878825299,-1.7438415659186834,-0.8994502571906645,1
-0.6269268525175088,-1.7361257718261347,-1.0171988189536816,-77.47905920859444,-88.87120031658405,73.96219031680346,-0.71498272575646,-1.6248845601025321,-0.8765503541866161,1
-0.31894695573891585,-1.603549876300775,-0.8914415254465184,-62.717083806895104,-77.34398944616277,66.3242027865823,-0.4187562923063274,-1.50853812730081,-0.7468121383153448,1
-0.06561730554757206,-1.4969888611938242,-0.7227719799133254,-53.050170498791964,-64.88871933129042,55.94362627170672,-0.1710247946041219,-1.4168159934514974,-0.5720403732936998,1
0.12051553826252075,-1.4278888773808103,-0.5811396408629115,-48.17637687296939,-52.28247396235855,44.72925442478518,0.009262843825995688,-1.3614195146383592,-0.426487227757393,1
0.24465374118060576,-1.3863625106711364,-0.49172104558499324,-47.45429590374653,-39.266080641122535,34.16608702087245,0.12851402336009124,-1.3333379213247734,-0.33617753557648516,1
0.32352090789217547,-1.3529708957307773,-0.42491629139137127,-49.89947869091523,-26.411294562027813,24.972148401973516,0.2078363550747099,-1.3091370325972944,-0.2705146883594551,1
0.3782227780283025,-1.3156831234850974,-0.33178713968193446,-53.582362552667355,-15.370032487296417,17.13245767427315,0.2677129531221975,-1.2696769623440263,-0.18128985444424395,1
0.4236104959788066,-1.2775573378529055,-0.19154316519882109,-55.73579319620967,-7.666828484273945,10.27617905142192,0.31745216335385074,-1.2162944748190379,-0.048309966900476786,1
0.4596902722624124,-1.250586870453829,-0.037811555342334886,-54.16481669656895,-3.61265118293696,4.29278838267598,0.3529512819546035,-1.1702985200028375,0.10062929568581899,1
0.4759033718927596,-1.2420961255714444,0.05605855352110706,-48.92068127853809,-1.8367821486390128,-0.3428149948713659,0.3633473034697643,-1.1544428542274627,0.20285578434237642,1
0.4668064117750631,-1.2463288396703969,0.03294740864511203,-42.68658189947203,0.9137746247892418,-3.1349283636592573,0.344233607182582,-1.171111018716287,0.20244131018380887,1
0.44113827950071943,-1.2492003918642989,-0.08789253621051205,-39.29086970491284,8.977019418247872,-4.662016601258359,0.307154346024655,-1.197450988132738,0.10181746366664822,1
0.41360378723139996,-1.2406777233528283,-0.2102801438939788,-41.103847850824344,24.988808141764178,-6.81798178364093,0.27423437241632853,-1.2042541063614556,-0.022327490225409675,1
0.39182821732001166,-1.222096049057465,-0.23894812974540036,-47.083417087188344,46.78283484966295,-11.460161515489785,0.2610144931789219,-1.1821221018780643,-0.07329212247382659,1
0.37306026969648004,-1.2041549491715247,-0.16227715823216352,-53.39164169230908,67.70648868242999,-18.688886239424995,0.26293848756167326,-1.150398836293206,-0.016760869319889425,1
0.3474516836571397,-1.2022912870042817,-0.048670408601139914,-56.72605163248676,81.27024947639734,-26.68032148864433,0.25716757345229974,-1.1419906061025709,0.09769633101413215,1
0.30184932528165825,-1.2321237531245266,0.035031051290941806,-57.40861748785247,86.0362106407719,-33.24293537095463,0.21932007388384128,-1.1785001469010936,0.19797389500695023,1
0.22826680707231656,-1.2986624362668786,0.08309194915236567,-58.62304761097647,86.00038105111695,-37.317490897256995,0.14350878043502846,-1.2536549667674735,0.256977522212803,1
0.13458438027431097,-1.3825230604313843,0.1270154048436785,-62.21135946466577,86.47615603048678,-39.03725002045205,0.04814338352811691,-1.334795742317103,0.29391144747403763,1
0.041689693050216824,-1.4425360001274026,0.17621757425163287,-65.89160585219314,89.85314960652526,-38.8736204724908,-0.04026240807018979,-1.38201958440132,0.32707720161849296,1
-0.03513196124177177,-1.4418477634972373,0.20187643117789375,-65.49111553972277,94.88331551219349,-37.11278283960375,-0.10979111917159483,-1.3722816318137854,0.3449349243865568,1
-0.0975840135050823,-1.3736042308233525,0.17268042794813274,-59.77831145474684,99.06764581976466,-33.94672631035123,-0.16762536303639625,-1.3096037999377101,0.32248572688205285,1
-0.15332953690879153,-1.2601914867915542,0.09157629216992033,-52.29551924502063,101.12169498772877,-29.647217022255646,-0.22277160961614761,-1.2145590999262603,0.2537941434002241,1
-0.1993920380140928,-1.1318447632682191,-0.004599411284454352,-48.2039172130168,101.37588118950842,-24.554205866053547,-0.2696774577105699,-1.1065916672621252,0.1633236282031509,1
-0.22349270218962833,-1.0093679288574107,-0.07797322687672449,-49.76569355545718,100.45660695986939,-19.075368827076026,-0.29299706690196414,-0.9964487063507735,0.08631824463159489,1
-0.22157587759592354,-0.9004931552520464,-0.12409785744957658,-55.02279048403594,98.11545261495219,-13.814284036948942,-0.2877524273623367,-0.88927650170584,0.03648575825967721,1
-0.21015558633870343,-0.803008220949216,-0.17650397189381842,-60.28172108045049,93.55780846402668,-9.608364754591369,-0.27192987900206894,-0.7879890808269886,-0.008880487524960026,1
-0.2166342426722544,-0.7123556610782875,-0.27513504765185,-63.40924799487058,86.79956630742447,-7.213679006893134,-0.2753341833090982,-0.694965409914072,-0.08969298488599471,1
-0.25212518023914093,-0.6321721976120391,-0.4268893703520204,-65.11207127829552,79.33089500253872,-6.794004188922979,-0.3110393228025306,-0.6154085340772235,-0.22519715328089723,1
-0.2951461754500735,-0.5739746902779932,-0.5933004333582795,-67.77648446069053,73.04522108447802,-7.79041220282614,-0.3577058488732779,-0.5563571680046961,-0.3910591799629974,1
-0.31145846537204186,-0.5413066435647331,-0.7122989847119569,-73.11362532944398,68.33524781663543,-9.442379215045188,-0.37756416152518263,-0.5171491458968956,-0.5295996037356664,1
-0.29320257618380663,-0.5206610751513139,-0.734137537102939,-80.16953286301515,63.35312051776684,-11.430057670871756,-0.3564442443337858,-0.48467974441859474,-0.5831005155104726,1
-0.26972149573417303,-0.4934151806167139,-0.6489930985378787,-85.08453586453886,55.343575664513,-13.943413189325655,-0.32059840144215845,-0.4436611179574655,-0.5270107130623775,1
-0.27436300913561046,-0.44807642404514875,-0.4924757645257538,-83.19870231498899,42.79470379604609,-17.188167011554025,-0.3090176991328608,-0.3869619315456276,-0.38380110974519405,1
-0.30748489573544535,-0.3750872724792461,-0.32640558902164757,-72.25528806292684,26.41919459785255,-20.894694481561626,-0.333522864782281,-0.31063213496633385,-0.21045415314972965,1
-0.3379257451593245,-0.26069207284289053,-0.20813157446997532,-54.07369453591482,8.445979270226356,-24.25732608471442,-0.3703523983581604,-0.20575193371014505,-0.06915899969919966,1
-0.33474242071794086,-0.09821671401340715,-0.1689495101248213,-33.30213650821008,-8.637960322804403,-26.32344864090078,-0.3856700118854376,-0.06513748933151535,-0.001251497341416356,1
-0.2901981883618233,0.09589934742285637,-0.21029189356855021,-14.6873476624774,-22.784971280037738,-26.552766867579493,-0.3627488582769433,0.10229236032495098,-0.01769525323722674,1
-0.21633143628024734,0.28457066176578977,-0.31195478431640333,-1.265599294734764,-32.519740414387066,-25.166908916059302,-0.3071837298942849,0.2697145900375939,-0.10437670336562228,1
-0.13041475475794584,0.4306443165393604,-0.44385040633966616,5.773618371277724,-37.07093144778114,-23.075751378677644,-0.23473999705482396,0.4060983422076766,-0.23339858162687546,1
-0.04812103776046754,0.5136258526752744,-0.574116842464884,6.3987203909890455,-36.678738470297816,-21.45323359688807,-0.16017894276563543,0.4897601075943271,-0.37202474995693,1
0.014784780230224573,0.5291461206805496,-0.669504096055888,1.1176898458199114,-32.665569271858686,-21.182860913285143,-0.0969688106387641,0.5112487179932803,-0.48419246166255375,1
0.04277953188570311,0.48122068459432404,-0.6959550333154269,-9.09233986877728,-26.905089161156837,-22.41244328731076,-0.06059587468163224,0.47152504497661,-0.5305149551689762,1
0.028218675241529295,0.3825107117967469,-0.6348717509614952,-22.21216197349629,-21.04972299065991,-24.461326533055505,-0.06315849343871445,0.3837310098561176,-0.4834626761309277,1
-0.020713738699233895,0.26071723071424696,-0.5100441259135549,-34.77740176209546,-16.245922787487036,-26.204880953890722,-0.10176664657341623,0.2751837032090334,-0.35843638873246375,1
-0.08236559321096608,0.15636815626395148,-0.390270518954717,-42.949740765799966,-13.378500632715168,-26.728242281484654,-0.15653441111163607,0.18148227687765564,-0.22533739066192907,1
-0.13406119511108103,0.10558006800691455,-0.34575243796018396,-44.89372674907246,-13.146535216975083,-25.77188422727111,-0.20344694354304513,0.13268141977081682,-0.16697348741164003,1
-0.16271022912505761,0.11935707454827632,-0.39201446160536874,-42.22119531512657,-15.700572251426733,-23.658877561241287,-0.22819831641241844,0.13932207958014334,-0.2114992695525134,1
-0.16520686742580448,0.17689805936369346,-0.4799064289546979,-38.728592697829754,-20.450493645055627,-20.876255334880458,-0.2281745824540416,0.18659321551819955,-0.30963563283713513,1
-0.14342442052082807,0.2385266988351305,-0.542478006671181,-37.53221033906593,-26.502259360702077,-17.748274904911206,-0.20660360237128048,0.24132102038766842,-0.3830712992746681,1
-0.10263632804918976,0.2685591064158831,-0.5481354091450032,-39.32027968303729,-33.250367493647694,-14.438135307819469,-0.16915439892288076,0.2700609890638389,-0.3907884969010182,1
-0.05322903691100837,0.2533219364277259,-0.5112927895297181,-42.87150273271221,-40.428733480692344,-11.131994731311437,-0.12443322362942398,0.25789597570736494,-0.3481892418455933,1
-0.009130805327628347,0.20422408939683925,-0.46532365287594324,-46.59450783699783,-47.68881401344973,-8.099551712566834,-0.08349577776681869,0.2142387198645881,-0.2957596879752678,1
0.018023109621637123,0.14532412691611354,-0.43549368819191986,-49.502375877796695,-54.344882637345684,-5.517254221816484,-0.05686266895140124,0.16124591826284262,-0.2632140773357745,1
0.02323834839547962,0.09569366151294988,-0.43177278654666335,-51.398513498338595,-59.60578129764062,-3.2617652128025476,-0.05122667917578824,0.11588011677080423,-0.25982640976565746,1
0.008111637035133394,0.06048622571246456,-0.4521166611017706,-52.82144013887107,-63.013030620018476,-0.9539877363075434,-0.0672204848390658,0.08157456997219327,-0.28120873985735556,1
-0.021274442231868234,0.03484503646697638,-0.4850856533146414,-54.79706858406206,-64.66341027788671,1.7483196492775757,-0.09906487456943665,0.05364541067751625,-0.31447951719099515,1
-0.05700086616450363,0.012685654636971536,-0.5148461587312453,-58.1380270553101,-65.062580651302,4.8868750898704505,-0.13737105911676223,0.028574864477147074,-0.3430315940434887,1
-0.09263635393637598,-0.007768491847980388,-0.5314230657965419,-62.70209304254277,-64.76138669320895,8.174899477005486,-0.17389053473470636,0.00749086275819739,-0.3569131412649026,1
-0.12468508277855807,-0.02320261725484092,-0.5367336655268306,-67.43872149726997,-64.08432417467316,11.16283456402801,-0.20393447184360047,-0.00593650355671393,-0.35989135884813156,1
-0.1491453136066982,-0.028487112445680304,-0.5380588795859663,-71.23949875142355,-63.170481483260815,13.459735514107678,-0.22414792069456352,-0.00883880719809487,-0.36224009859972495,1
-0.15698674626396109,-0.022369929545120487,-0.5372773317002238,-73.6685415160581,-62.22802672904187,14.905198564253515,-0.2288509401702346,-0.002089563968643403,-0.3670346009612825,1
-0.13711289388427517,-0.010445810696364905,-0.5299699571270269,-74.92621235549744,-61.67114879530499,15.592964729707429,-0.2106576692377051,0.008617762813023093,-0.36718941167063507,1
-0.08717986957690087,-0.0015068767655985558,-0.5141908364047166,-75.34904053495687,-61.94974475638883,15.706081013247653,-0.16695232906395588,0.01610143113614276,-0.3560724898568591,1
-0.020074485409761162,-0.0004521165657358279,-0.49716715544170453,-75.06627083535075,-63.22209279050412,15.297772380598362,-0.10617940455698256,0.017724702604454527,-0.33857088149067155,1
0.04396684468060025,-0.004041351000922971,-0.4933615751721129,-74.04034029205103,-65.16370192683493,14.235035662208928,-0.045467387278453925,0.01793518693300123,-0.33105781382790234,1
0.09283426585711187,-0.0023494032360581343,-0.5160644370929548,-72.34329952952316,-67.06130166764099,12.359957174284787,0.0008797169676519993,0.02459183622323973,-0.3502345172798458,1
0.1291496326485298,0.015099610700060322,-0.5670009985312989,-70.39465767721917,-68.13611305182397,9.69848994491723,0.031614114202585,0.04323782109956228,-0.39944454139158153,1
0.16223595618280168,0.05203089026297607,-0.6305026974024407,-68.89926826230479,-67.92898709571872,6.520490879487362,0.05712680769772849,0.074479090428731,-0.4631976039733,1
0.1968334462004009,0.10215001556750403,-0.6805722916719636,-68.46692710898823,-66.53176110031563,3.230429075055869,0.08818486584498127,0.1148681206364789,-0.5155197369493976,1
0.23058141556613337,0.15277105988750125,-0.6994730062739156,-69.26090886812574,-64.48927534678256,0.22075054415230488,0.12607842809518915,0.15820153486779298,-0.5371209218170719,1
0.2580420678554958,0.19191182109546318,-0.6904833557489884,-71.02818296871007,-62.4162357775082,-2.2014906216350503,0.1618669006916412,0.19592582787382237,-0.5280524258554204,1
0.2735217910824385,0.21252784498741506,-0.670428364996787,-73.41568389979153,-60.63281076906477,-3.819298566886435,0.18336608291062256,0.2187399946728364,-0.5048418664046374,1
0.2732607633470816,0.21206759971118588,-0.6515371633216522,-76.17414846281036,-59.10167080839207,-4.508329624741215,0.1841469450795033,0.2204689958583541,-0.4843845068341447,1
0.25968263102955585,0.19121106921595335,-0.6334230217821877,-79.09827089452706,-57.63156791007069,-4.276251187250067,0.16839700909089414,0.201348348289485,-0.4698954441528078,1
0.24200210208909165,0.1547620985938342,-0.6099819343398153,-81.91974141901564,-56.08399695722512,-3.307122810909304,0.1472855952533321,0.16773159286614006,-0.45236815103805006,1
0.2280553325548074,0.11225851089003343,-0.5795357209603287,-84.31952167553497,-54.42802615976409,-1.936496198363131,0.12925785304783557,0.12913000439397304,-0.4242929182681368,1
0.2155541449721308,0.07486119451188523,-0.5479959352295245,-85.98158725532069,-52.71907909042702,-0.5217552437157169,0.11389876904281976,0.0952013732154679,-0.3895499957977966,1
0.19533662037538635,0.050024365692445866,-0.5238062907425459,-86.65556438666574,-51.10975475779872,0.7279633844292404,0.09566774557906427,0.07306890425535754,-0.3595635627414921,1
0.16430812170790707,0.03840603860284847,-0.5105870958274212,-86.33344020279418,-49.84732678186408,1.82236453396675,0.0720453091724139,0.06437341944751891,-0.34247096439128966,1
0.13160093186392977,0.03502953001649166,-0.5057685330966394,-85.43150244004525,-49.14730116431361,2.8701486098801707,0.046400319896981033,0.0641979865664808,-0.3382455409575293,1
0.10930689541496275,0.03342640954442855,-0.5064213733409902,-84.6217792809495,-48.985827492140054,3.868039526065773,0.02415267976963443,0.06481324547628953,-0.3428250668510288,1
0.0995771836951532,0.029966437694111173,-0.5137897430533378,-84.29006917546221,-49.02262077549025,4.6357734206276575,0.008447494656750817,0.062102806094737666,-0.353429906683824,1
0.0946855893582428,0.025237055664038527,-0.52993573723759,-84.18190063091487,-48.79364350065522,4.988301773352625,-0.0004602927098043795,0.05788279756360601,-0.3684130015740485,1
0.08868742664386617,0.021141116799524785,-0.5509167326675807,-83.71186888458017,-48.05080168668892,4.938252381316412,-0.0034933607185039708,0.05496777837596293,-0.38379988908031015,1
0.08391134721219068,0.016305226432997085,-0.565745528846737,-82.63239457355249,-46.96348240689752,4.669840152441593,-0.0016821934685487647,0.050845401406863305,-0.39295892006535527,1
0.08436414445848213,0.005178304838246992,-0.5638853036587623,-81.2897033981729,-46.01775748554756,4.309712192049884,0.0033274126675747113,0.03888217833293353,-0.3908636570547829,1
0.08712085842511377,-0.016346159468893468,-0.5443033175803386,-80.15275123898611,-45.746095309342145,3.785939608109629,0.008301018950052771,0.01694471715188995,-0.3777158507394488,1
0.08381395034820521,-0.044692282568418756,-0.5168159897487932,-79.14854378162197,-46.554554945496655,2.97748673567589,0.00822832784097662,-0.008312362209692918,-0.35813513612197617,1
0.06832046734595337,-0.07224762277135693,-0.4943479141879222,-77.62463843736226,-48.678992935353165,1.9657392931694577,-0.0028239726429395862,-0.03012843933063266,-0.3381798184143435,1
0.03956727550532225,-0.09852231274410402,-0.4826676232367943,-75.09711414373396,-52.04815617647734,0.9737193040963641,-0.0297265087491316,-0.052889370299108646,-0.32211379920804106,1
-0.001025004604201643,-0.12959382222675317,-0.4743236014688855,-71.88125346023838,-56.09416768202565,0.0013957568952888966,-0.07265586170677031,-0.08563354378108878,-0.3076781829535911,1
-0.04845899184503451,-0.16006469666049414,-0.45312938914985756,-68.53684838494331,-60.00499936335723,-1.1349344103326928,-0.12279611324312921,-0.12029182308959484,-0.28475565028577965,1
-0.08822084136783286,-0.16956728147480932,-0.41445287327411656,-64.58528373189073,-63.52658556409421,-1.9930891201787329,-0.16201339952722085,-0.1319042459448128,-0.24852573314817114,1
-0.09974219216645082,-0.16227542601653464,-0.3866351968577007,-58.68057952596284,-67.30192878793743,-1.2112310378238196,-0.17268759502964345,-0.12405457075711156,-0.22030265369939167,1
-0.07952988721840022,-0.2019114155517575,-0.411647930132702,-51.22687012642905,-71.77311011487278,1.5568041142712987,-0.1564262202480914,-0.16371604794877098,-0.2380950357527791,1
-0.06080364291337338,-0.347032820426425,-0.4718150786380728,-46.09529416193149,-75.80557284122536,3.0545948170199275,-0.14301399920363825,-0.3095327666774134,-0.2949261062142234,1
-0.08531571571350567,-0.5058904971485589,-0.4492530909605629,-46.3876968403729,-77.7053430910753,-1.5166328266392701,-0.1638723349614722,-0.46233946735538495,-0.2909915642119215,1
-0.13300891458702985,-0.4181513304470836,-0.23678438316438152,-46.174407371451096,-78.62728365236066,-10.186591880059002,-0.198955695183427,-0.3571759075672196,-0.11461940396455271,1
-0.10425322595428148,0.0906458686912397,0.06620778171748773,-30.219047397220486,-83.58358639641487,-9.041526154391804,-0.16519957000956917,0.16275601271795567,0.17582523800273983,1
0.06884308931492321,0.8211336444401862,0.16611520106640737,10.262665799996892,-96.1490728632672,17.720368890463295,-0.0037672846267733104,0.8629984047711284,0.32181244073708143,1
0.28779556333884526,1.3052338427091799,-0.07947301215277802,60.22546597999469,-111.90315746503578,67.9938159777366,0.20617636382417887,1.2730860421666992,0.14845561491686415,1
0.34254522555226524,1.2777306080455963,-0.3859661991852699,88.74219534897446,-121.01266502604571,116.56465602952255,0.27311802060257095,1.1980807709626935,-0.14601141976524784,1
0.1421239445449585,0.9441065866192891,-0.3292778022962965,82.14433219346463,-120.05779755714097,136.39856942128236,0.08177225739557192,0.922420830008581,-0.17560846911904077,1
-0.1876752021866236,0.7089975211725612,0.06311961513620004,61.778615816666694,-117.8251882221051,123.65550191673833,-0.2720128625198755,0.7995458752114207,0.116346440750723,1
-0.484913512476103,0.7394098938072786,0.2911265469895093,55.73113944564598,-123.94591246657758,96.54873927179611,-0.576507842742423,0.8097452285149425,0.37264393686640285,1
-0.7060894869212987,0.8660246415292484,0.14959618584312362,57.44520818981961,-133.28442409146913,72.61601408551762,-0.6995262494742338,0.7206889656699466,0.4124570503646272,1
-0.8044818225327939,0.8058029696044924,0.241419538939412,35.899119140300655,-130.86617946498143,55.362902392510385,-0.6577152320416039,0.5585591821563016,0.6170326013792182,1
-0.6773291550954653,0.40469691343124126,1.1844015409614244,-0.8465364602595093,-118.39777354063182,43.0142515902077,-0.5987792069380304,0.5772358183524121,1.3006986023028855,1
-0.5732761734777124,-0.19170102524705185,2.1892292376970635,19.81345646360788,-125.00397214332801,40.57812983959525,-0.8423308908425317,0.6714185716767181,1.782253263159224,1
-1.3480556903231355,-0.46509058080994237,1.175309010868854,143.7443194090165,-166.38160910815986,56.51711992566644,-1.753954930789636,0.24095013131738333,0.7589267206292688,1
-3.4816745312423683,0.18144953255275503,-2.6794147220640085,260.04944279486557,-186.96386204620651,89.64092706110831,-3.12466219972241,-0.8708932177241709,-1.8705242509288447,1
-5.574854707572584,1.695176173676984,-6.681748161828083,137.97710896355778,-84.92403416319715,123.52223088444606,-3.6791368556062003,-1.5943337640919426,-3.974986029258294,1
-5.0413336258299175,2.9585989361300244,-6.571543653312162,-310.4614897773653,155.71442133784274,135.70144128375213,-2.056618429049528,-0.7571502951652167,-3.033462012180307,1
-1.4434338778642897,2.591742489140604,-1.6067297726828114,-830.829813992521,380.46580195772225,115.08377856397472,1.1002562504825302,0.9417817994082888,0.7109318360890711,1
1.8970927365299253,0.5561380557880043,3.7248313389502865,-1021.3428378206702,385.3782046379059,73.17027847386441,2.8628409587072317,1.4573597600401038,3.886518389931921,1
1.3940529646908832,-1.2831185466509987,4.359077110220418,-762.5867603768638,137.7616321202935,35.99773894177534,1.0526597937596736,0.40617341538283475,3.3876706747857073,1
-2.2150702317420032,-0.8650929338431029,-0.012630050905877599,-342.7257511866071,-175.67754027358114,21.20752561075647,-2.7764006767294873,-0.10522151470441622,-0.49475991252980706,1
-4.63453046811023,1.5872077164661271,-5.293589364161674,-116.93053163582242,-337.33942883437027,24.9899176580074,-4.7324334885008925,1.3304384152203979,-4.732271527104006,1
-3.240804569274736,3.5028712422081147,-7.635264476837187,-156.5323263009163,-296.3268111779119,33.57467495960732,-3.0059887426373453,3.0833676837023325,-6.6816461006521495,1
0.18550226079908907,2.9885339604082835,-6.657682859544198,-288.6433235026168,-167.9755437615122,41.51331825380836,0.3148017776932684,2.90167840192411,-6.119699301228383,1
2.097805248825794,1.2817594271676218,-4.665381050783503,-364.7816167344711,-85.14858802156593,53.60818032338597,1.9614133892906276,1.4293388995173086,-4.696951013710489,1
0.8953344694128701,1.1984151525871183,-3.8391765182664246,-381.0136558856911,-90.89226554235046,74.27731887383125,0.7009361345317754,1.3916011976650384,-4.0205673473568115,1
-2.4391791441875705,3.449706732143797,-4.415676394867427,-385.123173106197,-151.88790365383738,101.42485938893289,-2.4331361936419205,3.6546039771532834,-4.3228476373051805,1
