ADXL345_Acc_X,ADXL345_Acc_Y,ADXL345_Acc_Z,ITG3200_Gyro_X,ITG3200_Gyro_Y,ITG3200_Gyro_Z,MMA8451Q_Acc_X,MMA8451Q_Acc_Y,MMA8451Q_Acc_Z,FallCheck
0.042961035148937184,-1.003907296780612,-0.0976571303285775,-7.4463545252578704,-16.96767711868696,5.3110597031376745,-0.038083689153019476,-0.9541006403223977,0.0732331951037976,0
0.05115448188733841,-1.0093399089002681,-0.0770267010288305,-7.453362498930268,-15.899357794098197,3.95957568504133,-0.03144800182527728,-0.9676629022240533,0.08528392034863215,0
0.04733544048966791,-1.0204811094684352,-0.05138974919110646,-7.323818483188119,-14.924707907862395,2.467873743389216,-0.0342460643695901,-0.9804639908757611,0.10190053578880702,0
0.031271066385650366,-1.036033096355311,-0.022250167068189428,-7.015164765621353,-14.119530147696944,0.8106471464455887,-0.04793246569940034,-0.991459734794892,0.12271173610027031,0
0.01146099262566663,-1.0484447081856525,0.0022640073549273746,-6.590541609492143,-13.538991494207924,-0.9058239774844096,-0.06617791407808607,-0.9992929367129928,0.1429287923052119,0
-0.0057618868304202915,-1.051559238895142,0.014899808935497,-6.153802802485027,-13.220356460064908,-2.521901141401445,-0.0823620641561398,-1.0029216414499014,0.1578590389064047,0
-0.020104587684695543,-1.0464316362447743,0.01631599330251074,-5.778122948609984,-13.170586646064566,-3.9025942856772824,-0.09567622753713974,-1.0023616011426255,0.16607273908804232,0
-0.03348935047778052,-1.0390051639690372,0.012933641552873977,-5.477978908747696,-13.341476758579278,-4.944186094820698,-0.10968299029742816,-0.9985029993197935,0.16877630341751754,0
-0.047077778716595346,-1.0333372310262896,0.009056145047943566,-5.225765286071084,-13.624811602322595,-5.542643325535335,-0.1264312103783372,-0.9923494218828317,0.16726315739875455,0
-0.061281194838647024,-1.0286417423227732,0.003939119018549267,-4.994970745247459,-13.889585624088811,-5.598678969944227,-0.1434981223787408,-0.9848481010972712,0.16159790049012202,0
-0.07517224977532967,-1.0223446268833671,-0.003963059777468056,-4.7995404559381605,-14.036722676795907,-5.0662416343393195,-0.15656970635129838,-0.9771987593316424,0.1517698016360333,0
-0.08559261875192535,-1.014289158196105,-0.01362267945385313,-4.689971045565733,-14.026601721157329,-3.982487298441668,-0.16365848820329926,-0.9706659460896934,0.13945809430941034,0
-0.08950240768184484,-1.0074283058652316,-0.02389085825797684,-4.703725157151161,-13.870559578344668,-2.4422299719896063,-0.16623923907356047,-0.9659870924107831,0.12762276356614902,0
-0.08802209985413863,-1.0048103523414527,-0.036318861654366326,-4.82353217042094,-13.613552338471319,-0.5517809155813146,-0.16687262721551882,-0.963244782185699,0.11786729031552201,0
-0.08586816674255296,-1.0062148061936338,-0.0522062849489709,-4.986478047484671,-13.319650726384436,1.5820330472860573,-0.16659724212875013,-0.9621380382048228,0.10883519496115902,0
-0.08548443457630678,-1.0081742625268224,-0.06804254876232249,-5.122379899640467,-13.043834054727087,3.821816923005725,-0.16471674829651817,-0.9620652569284885,0.09822890040972539,0
-0.08360492534066223,-1.0076226023620034,-0.07759131584194927,-5.179900771581449,-12.789649786945123,5.980764444218564,-0.16024967516548283,-0.9623754873540786,0.08638622601978911,0
-0.0752887740029703,-1.0052106439620436,-0.0790443095080776,-5.135573715552519,-12.48912937258491,7.86169049764445,-0.1528234488139946,-0.963088502387058,0.07675792063898892,0
-0.060125303941020426,-1.0045650550088736,-0.07728028402688787,-5.000534938208376,-12.03934096182114,9.328258994599894,-0.14258401662759018,-0.9650057490810849,0.07242032158757267,0
-0.04277230910672082,-1.0085869985592066,-0.07775084753519945,-4.8208569490796425,-11.382026863718796,10.334684263406311,-0.13029802662336615,-0.9686271979932971,0.07310020835596595,0
-0.028032997424525464,-1.0173633575135765,-0.07991175402387098,-4.651341142426156,-10.566015044014996,10.88917530742212,-0.1177766002999517,-0.9734825365242563,0.07643608533010286,0
-0.017270368571860834,-1.0294432385881296,-0.07822128549242433,-4.5016371838259195,-9.737016286971699,11.003641461337866,-0.10744308284640293,-0.9792947098252028,0.08138221255464188,0
-0.01016287811772336,-1.043254675900853,-0.06895391952105631,-4.301891504774206,-9.058229734023817,10.682625543191035,-0.10101382026186866,-0.9873788292317415,0.08894042073326512,0
-0.008277553151186733,-1.056527068892084,-0.05453152356795147,-3.9489139888195757,-8.621027871446552,9.950072816138206,-0.09903547783054564,-0.9995453493749332,0.09944363023161179,0
-0.014451299948054473,-1.066290265261428,-0.04068802195408944,-3.413400638676928,-8.407128313295823,8.880683729121913,-0.10193122851898151,-1.01500861325875,0.11059873669326417,0
-0.028270193902648188,-1.0711027031449385,-0.030655709121890373,-2.7967731618188236,-8.321596965702286,7.603512108940063,-0.11040974754298774,-1.029261823541236,0.11928038663819138,0
-0.04455017959196582,-1.0725596948652105,-0.02356657742581246,-2.266894059829874,-8.266140321098332,6.26471396591639,-0.12369818677606767,-1.0372878251520283,0.12468350605635097,0
-0.058053175736736976,-1.0736402519346742,-0.01764808174562511,-1.9373699737141215,-8.196603406932468,4.973210204421285,-0.13823362034114917,-1.03817904214866,0.1289022857670357,0
-0.06854790313238811,-1.0757762451429507,-0.012553608881036401,-1.806442828876296,-8.130388110092634,3.778511269130264,-0.1500791907058659,-1.035979515173005,0.1347097059427475,0
-0.07973662094679743,-1.0777500372882847,-0.007936454191983765,-1.7850623059409014,-8.115791860635206,2.704331792646736,-0.158850686990464,-1.0354684788663304,0.1431729000033768,0
-0.09385160042227164,-1.0772558363505893,-0.0018954587085761468,-1.7499896740288416,-8.195113370289873,1.8015449158248937,-0.1676593657199545,-1.0372107354063993,0.15285289451994555,0
-0.10840907429906399,-1.0734122342520356,0.006533537842176117,-1.579077062240572,-8.380448702268263,1.159045296682438,-0.1785052609549074,-1.0372230352763296,0.16060080668639692,0
-0.11807717128283425,-1.0675014895047938,0.013523161498969307,-1.2015193222147447,-8.644756420049404,0.8576896438414976,-0.18884605651839378,-1.0316964487374682,0.16330597205287592,0
-0.11942467219799345,-1.0610611230412659,0.012541164739597857,-0.6725437615054615,-8.928501794404308,0.9160561127723302,-0.19383360560351937,-1.0214255154203913,0.15957160228463002,0
-0.11421719425325308,-1.053869571755761,0.0021239428003299744,-0.18791710802247177,-9.166688657324729,1.2804414563836972,-0.1917258420787999,-1.010918223862736,0.15025452008582976,0
-0.10804537812648057,-1.0447866094064278,-0.01151888464944772,0.023713686927017325,-9.325165983990665,1.8592264228096107,-0.18596947631848065,-1.0036901316417888,0.13775662221272633,0
-0.10512108704611743,-1.034601403244288,-0.02207667305305609,-0.15042026301760794,-9.408249869910234,2.5615605828132946,-0.18136546197648182,-0.9994773005449672,0.12489271402109803,0
-0.10420450551360941,-1.0269120161334186,-0.02997785452205491,-0.6520322653546637,-9.422742716127509,3.312412328776115,-0.17901461864559776,-0.9958318863680424,0.11400388345218242,0
-0.1000941010103011,-1.0250880790277954,-0.038512975590694144,-1.3172138686152346,-9.346638505535513,4.051950077291583,-0.1760451253621706,-0.9912848867927102,0.10641549451977528,0
-0.089624395184751,-1.0284660414319584,-0.046579865179635964,-1.9790369383236106,-9.153014813243681,4.735412714460019,-0.16982847230178974,-0.9865732849434526,0.10225427512714133,0
-0.07579920309473559,-1.03248941194884,-0.050113404336885596,-2.5279898763730713,-8.862554454263455,5.329851726712305,-0.16121664495842658,-0.9833674369675581,0.10073296907972956,0
-0.06502845272596919,-1.0329631684439462,-0.04940519149138533,-2.9165268418118884,-8.551403762384913,5.8010771454949275,-0.15342188659996606,-0.9824034191716381,0.1007679457243193,0
-0.06077479959916063,-1.0297332142967215,-0.050060021608364404,-3.13637038342856,-8.294286492310132,6.1064519606398315,-0.14852839535055237,-0.9829784504087351,0.10149950073129728,0
-0.06149730840904068,-1.0261215523572123,-0.05502653620334291,-3.1990016717949272,-8.107976512287376,6.213801990583556,-0.14581634460183202,-0.9839043699377099,0.10244970933432329,0
-0.0640472996428816,-1.0253662206348204,-0.058574564732189104,-3.1281191730042015,-7.9632113176031245,6.132482860687635,-0.1436183550386861,-0.9846070536006103,0.10357417892044232,0
-0.06658696040573163,-1.0279301195351083,-0.05172869009717816,-2.953217663016334,-7.8468795664377184,5.914077053318851,-0.1421785165593888,-0.9854613482071438,0.10552678571781562,0
-0.06859436603940565,-1.0318329348397128,-0.033768994855452775,-2.6978162123081444,-7.796879064340371,5.610539557607168,-0.14357993709441216,-0.9872445226324984,0.10961842148854682,0
-0.07048998537007142,-1.0349871145764815,-0.01502327517186449,-2.3721245819000636,-7.872457629989373,5.236969883910227,-0.14856999226918327,-0.9900870741165977,0.1166069108384126,0
-0.0733045853914533,-1.0368038367947376,-0.006367135195380373,-1.980993125857667,-8.098900885299338,4.78481240228838,-0.15465832001075747,-0.9930103650283268,0.12508208711474733,0
-0.07731939130276655,-1.0373058627538025,-0.008353435192912408,-1.544253076422376,-8.446241005962733,4.262601188836933,-0.15848296002877735,-0.994696300928158,0.13176171543406176,0
-0.0811806976724636,-1.0354284470927135,-0.013310012695484054,-1.1113330023385248,-8.854615893697416,3.7080044809838992,-0.1593888996218858,-0.9943689146953988,0.13422760177718204,0
-0.08288400974035114,-1.0298869444286614,-0.01595176342986516,-0.7476419697008303,-9.263607289184009,3.1625091633753133,-0.15927627503007777,-0.991737036894219,0.13322052349279925,0
-0.08142698823961224,-1.021880007959591,-0.01750614953725935,-0.4933292667000788,-9.61452176867361,2.6477466204786686,-0.15924059686905834,-0.9867586695764464,0.13171555588033665,0
-0.0773987032757619,-1.0149425118522364,-0.020113348624578684,-0.3302851610757726,-9.85555632294435,2.168182564575331,-0.1581105581736169,-0.9798734799923975,0.13188838262200664,0
-0.07186916901323746,-1.0111843976350827,-0.022953528701484167,-0.1929558566997985,-9.97536737126209,1.7281612973023577,-0.15469444247902311,-0.9720200356850537,0.13336067803183074,0
-0.06493587983396193,-1.0088625232521709,-0.02573977406680899,-0.016965097966644596,-10.015470817054261,1.3416597761479039,-0.14981791497384261,-0.9642033951241104,0.1341556277927133,0
-0.05632437362064498,-1.0044156982420347,-0.030945236131966907,0.2168266016290156,-10.014340571994186,1.0263634217182813,-0.14496329578746697,-0.957175151884087,0.13286775715237512,0
-0.04719543816016213,-0.9964013227266741,-0.039136140018778576,0.4800411763309731,-9.941667314607484,0.7872539527876597,-0.13987250605869864,-0.951189272882192,0.12983685570173562,0
-0.03954718054536096,-0.9870230260330042,-0.045476568443270214,0.7310925186372146,-9.716236822967394,0.6037141984533336,-0.13302696822770194,-0.9457131119047917,0.12645346762243095,0
-0.03351900231103381,-0.9798226039488646,-0.04452459954148788,0.9451420372031325,-9.292199811994605,0.4388783294104775,-0.12429813275262877,-0.9398063481370208,0.12361970547536952,0
-0.027028053840528744,-0.9761951375553412,-0.03696459343854601,1.1122588486988196,-8.706259007072818,0.2723703908056397,-0.11568518223560312,-0.9332763204588438,0.1210917096396604,0
-0.0188162524789503,-0.9745575896655762,-0.02922131199011931,1.2184308576243648,-8.035273332920811,0.11961204391080588,-0.1091489040742172,-0.9271826828162811,0.118164997364547,0
-0.010837653448375405,-0.9725166988769921,-0.0270777849785628,1.2408725785253636,-7.327256592532363,0.005162654935401877,-0.10490486643300562,-0.9227585520283522,0.11465495913577714,0
-0.006776926106405911,-0.9687497414589403,-0.030493478415393706,1.1684447850970185,-6.584478005654993,-0.07661892501235076,-0.10226279991167986,-0.9199701207486047,0.11120402038791467,0
-0.008097520053622494,-0.9629306246205019,-0.034386140576791846,1.0258373905279978,-5.801377779495972,-0.15445816510230617,-0.10096775383251821,-0.9175478753432916,0.10893075454822704,0
-0.011877952808973502,-0.9558398901164602,-0.03469758877580952,0.8688057561516795,-5.005136112676067,-0.2380181462226623,-0.10094223721852258,-0.9145217082504418,0.1088690032955651,0
-0.013638280836443775,-0.9503952860295362,-0.03325590016554531,0.7465472094981936,-4.258512459996894,-0.30732026775293375,-0.10158446779089027,-0.9114226847580881,0.11143617270153859,0
-0.012876901582067814,-0.9502700390184672,-0.034969880749598566,0.6681748058644641,-3.6250887163987144,-0.3470324279163601,-0.10235021459381716,-0.9097636689696817,0.11607593485520766,0
-0.01405989672487091,-0.9556005815650717,-0.040154928236789615,0.6061408649577528,-3.1290252413585953,-0.3686614204248561,-0.10364531331799917,-0.9106816184146818,0.1214641182244984,0
-0.02053622088421593,-0.9619135394372315,-0.04215793397127451,0.5231873199515241,-2.7457014098625065,-0.3915826891970801,-0.10619789182879005,-0.9144644789468152,0.12645429128936114,0
-0.02936472102669067,-0.9655928936348197,-0.034514616848310385,0.392589445120818,-2.4271501953562016,-0.42284114601807465,-0.1097090016066437,-0.9208550453850192,0.13093491073072958,0
-0.034586572654903384,-0.9688104642021919,-0.0191933611641648,0.21212899016312753,-2.129917777839797,-0.46788501020330403,-0.1130493519792392,-0.928906037292929,0.13550060076670292,0
-0.034279500644213166,-0.9761405727016126,-0.005187070365219677,0.018742682309153987,-1.8223789539111124,-0.5454128315797075,-0.11580706737237091,-0.9367930884965991,0.14031355889080133,0
-0.031849583562216774,-0.9873079322859699,0.0010114998469117815,-0.12128362133301694,-1.4850568805574595,-0.6753257577760358,-0.11874537370849916,-0.9428757570525105,0.14467036230631833,0
-0.031112224976715584,-0.99669863702707,0.0011468857399030078,-0.16148336617986556,-1.1201595246042166,-0.8565539534392221,-0.12252620699874589,-0.9471069671530628,0.14772352375439665,0
-0.032641231915500224,-1.0001326750569683,0.0009043360606789558,-0.11867719217202378,-0.7565626038729869,-1.0649967909438032,-0.1267588196721258,-0.9506278473546862,0.14930747464310148,0
-0.035298536884178756,-0.9991612596735742,0.002359435471797331,-0.05574734402451471,-0.42941137458419554,-1.2682447018745335,-0.13059968266469515,-0.954017513412756,0.15000663730079333,0
-0.03932251180067817,-0.9979707276067693,0.0029223517065318327,-0.02071453837529096,-0.1468804284166565,-1.436476442447209,-0.13351377971322903,-0.9568033061337822,0.15063446959905627,0
-0.045998492015206886,-0.9984348010508606,0.0008762678000962154,-0.015611432767125386,0.11803457757287389,-1.5477343368209306,-0.13501316820533035,-0.9586134471298958,0.1515901802343023,0
-0.05429697693487343,-0.9996574919804068,-0.00136144062086325,-0.029953139979644827,0.4003410226033153,-1.5957687123838082,-0.1345850254001789,-0.9598560014256066,0.15237494176491434,0
-0.05987425749779359,-1.000966628731508,-0.0012669966445930814,-0.09255812826633453,0.7148889670920496,-1.5929124868477893,-0.1327604307637173,-0.9611574165417412,0.15179343318739186,0
-0.05912029329457774,-1.0032340647587294,-0.0010793525787637364,-0.27551144781691256,1.0555495638441772,-1.5584372868821172,-0.1314451250252041,-0.9628467290155783,0.14923837716199317,0
-0.05330812613762291,-1.0071173456984244,-0.005385009279636744,-0.6398659970282126,1.4083688843375926,-1.505218043545266,-0.1319761877301485,-0.9651249290712635,0.14584322605023603,0
-0.04719092943055562,-1.0117272137739142,-0.014382522066321627,-1.1749318764384056,1.7563226645396124,-1.4412326856201687,-0.1333465142438811,-0.9682284598353851,0.1434674921519485,0
-0.044200007708288025,-1.0159224410617504,-0.022285232959562248,-1.7919679645142819,2.077586435494548,-1.378820922804538,-0.1335522395723903,-0.9721314427195122,0.1422235471825946,0
-0.04444452397843424,-1.0197642403436116,-0.023167473258128176,-2.380979858462217,2.349067976164994,-1.3346299300666349,-0.13228393025918267,-0.9761900172728241,0.14012451994660813,0
-0.046760358924249304,-1.0235158213561455,-0.01733037536522638,-2.8751848854725495,2.555739622964698,-1.3181046637998177,-0.13108537630241612,-0.9793200943166158,0.13588863502347137,0
-0.050559519989449124,-1.0258287993127324,-0.011112578909395161,-3.2658984498224997,2.6969346778053764,-1.3224738456251846,-0.13120049104276799,-0.9807480509747635,0.13099724130743925,0
-0.054745559700297645,-1.0244567594516583,-0.01050892555675331,-3.5744203423915772,2.7846598938821563,-1.332430334128195,-0.1324379404305907,-0.9805772182652218,0.1278790518108874,0
-0.05670069506077391,-1.0191491213333033,-0.01572579892098901,-3.8270202780268305,2.8405511671232575,-1.3418059312851247,-0.1339965767899577,-0.9793104394628569,0.12680649740108085,0
-0.055055015193549856,-1.0125191322970972,-0.022337939579553382,-4.047027100993169,2.8959090840393795,-1.3553524156251475,-0.13547537322211306,-0.9768205226812153,0.12580813083040523,0
-0.052933097841591246,-1.0072221351664368,-0.02683568679912,-4.244013591063956,2.9840894703807286,-1.3685285575451036,-0.1370858591758165,-0.9725738581730728,0.1233685814188666,0
-0.05521466102721346,-1.0036500577867493,-0.02975779824318949,-4.400890896202312,3.121621239991903,-1.3561683559857767,-0.13940244769242172,-0.9672424857198147,0.12016499808257106,0
-0.06210074866095437,-1.0013787591173593,-0.03307830646137029,-4.482607794946426,3.300035949496982,-1.2914624634679304,-0.1427669055869315,-0.9628487311856866,0.11798448486118221,0
-0.06834750183691135,-1.0009746442281742,-0.036022021238365474,-4.465365718680359,3.504535993541001,-1.1695747487119856,-0.14656282792224676,-0.9602331932196413,0.11759779260731927,0
-0.06969410683941768,-1.002550244039979,-0.03593744898434767,-4.356331012383227,3.73653011992872,-1.0034091086052397,-0.14932626953379116,-0.9576367869838679,0.11813433123455214,0
-0.06760876009574503,-1.003794787158051,-0.033125880757593984,-4.184219144987302,4.005795258276813,-0.803504238121414,-0.149975128759202,-0.9533651151169352,0.11829354667029471,0
-0.06651451134603528,-1.0014943951201858,-0.0314280093718873,-3.970044391886746,4.300713838283706,-0.5729862605644648,-0.14870860668982272,-0.9487144257394025,0.11762393982856184,0
-0.06776604606892939,-0.9951093230944507,-0.03299215391217554,-3.7058439702219625,4.580995351549915,-0.3174453154226282,-0.14633642412328135,-0.9462105513012018,0.11656422554885054,0
-0.06778168068168403,-0.9876920356941834,-0.035601752723229005,-3.3639556818979344,4.807772789653587,-0.05050212569875956,-0.14305661894166455,-0.945685852464721,0.11580720236649902,0
-0.06228295040868596,-0.9827502865078793,-0.03648866304037566,-2.9291080891798695,4.973985850858085,0.20871736959453127,-0.13847774624501036,-0.9444454645952234,0.11596288989227596,0
-0.051690972023408,-0.9810302400524291,-0.03565609031167807,-2.4203154069875956,5.100499686730804,0.4404582339646504,-0.13267721164101035,-0.9412456700161431,0.1174402605809705,0
-0.041115113138217946,-0.9809979514341076,-0.03366996716186424,-1.8809760845143553,5.208612321351671,0.6288143713910939,-0.12651740940567208,-0.9378781876742014,0.1201569686128862,0
-0.03453349024124657,-0.9811965075665527,-0.02936103039967464,-1.3501170601297212,5.301728848211904,0.7600269787766588,-0.12072035592559915,-0.9362569373209031,0.12347146049810342,0
-0.030528836852209668,-0.9808811304010252,-0.022571174110122053,-0.8460534199649268,5.371470140994741,0.8149605642290548,-0.11512329371201248,-0.9356741713560182,0.1268168397809789,0
-0.02518570303028134,-0.9794866939477253,-0.016615219502712202,-0.3770427892744928,5.416535668476328,0.7723922393256797,-0.10914933410870198,-0.9339969036463649,0.13041336652118002,0
-0.01761712885031075,-0.9770217166407907,-0.014270421439309764,0.039264514243815385,5.452026053880155,0.6303434102226502,-0.1027117859381119,-0.9307530386818755,0.1350311200363444,0
-0.010367639994185598,-0.9746057599566171,-0.012798090521116703,0.37754642638999186,5.5016515999838855,0.4206115181821423,-0.09628265452338283,-0.9280003710553146,0.14102546246551478,0
-0.005252712885508738,-0.9738060410359632,-0.006963510597622847,0.6306319204426153,5.589915817449353,0.18846788592525215,-0.09015225309479014,-0.9282206982390893,0.14783568569192368,0
-0.0012840053088195654,-0.9757177944459046,0.0032943028395510197,0.823810285197762,5.751488468902765,-0.04825338552957267,-0.08403362879436574,-0.9320718063598565,0.15432033332110365,0
0.0029182712311669663,-0.980659796562848,0.011801893527612746,0.9866023572821964,6.046419060443165,-0.31460737166707015,-0.0775834185240051,-0.9383768711441663,0.15930943141286222,0
0.00652733629977287,-0.9877790066069498,0.01337026160190582,1.107654197026182,6.551448259225134,-0.6518809498433665,-0.07103892888988908,-0.9456046470081713,0.16208306449186222,0
0.0081685789931686,-0.99509735270745,0.009364382007588068,1.133484717342277,7.315540278050423,-1.0799819247771214,-0.06507847415106206,-0.9528027669148491,0.1628459563758623,0
0.009701596167072503,-1.0013092623947433,0.00517540558048612,1.0231528632358975,8.308617569200937,-1.578548546485572,-0.060183868496615466,-0.9594577437968655,0.1626853460756544,0
0.01531785459926928,-1.0070564028709637,0.004240588347176407,0.7942296995746139,9.417691485106646,-2.0887570400992406,-0.05638137947712783,-0.965016727192697,0.16252261264945356,0
0.025307145832853838,-1.012696448792688,0.005584466159081722,0.5003169413491089,10.511793504515936,-2.5323875593892997,-0.053645442982287975,-0.9686363431958996,0.16202780519332802,0
0.03349499480826826,-1.0158632615958394,0.005914084542721552,0.16759753450776835,11.52384474666645,-2.843145665647414,-0.052376007035804195,-0.9695130262022953,0.16009331020153725,0
0.033539275411942834,-1.0139421015356953,0.0034605636808163545,-0.2334520268715989,12.47318111710264,-2.9900770529667087,-0.05320256386761731,-0.9678150343255358,0.156424967073427,0
0.02607974136698257,-1.0085284947744764,7.086526364743833e-05,-0.7567102286895855,13.414906049616699,-2.9759119036750623,-0.056252423788190314,-0.9652004777283788,0.15189959929004054,0
0.017371163691977255,-1.004716737031295,-0.001609090213439679,-1.4297152710659315,14.375904987691442,-2.822597491541562,-0.060791024966488555,-0.963841415700927,0.14716962295337438,0
0.012094484358263134,-1.0055323906811349,-0.0036565932847787614,-2.224455023654731,15.340769035834171,-2.5672677249758604,-0.06556254262312507,-0.9646985347131307,0.14185366936158234,0
0.009680017523591891,-1.0088802983542289,-0.012421185661301586,-3.064300206728233,16.288920033136815,-2.263024441520053,-0.0693635429790701,-0.9669252909000001,0.13554445293768336,0
0.007281966543981035,-1.0106184083428686,-0.02963681801409083,-3.8638936599367213,17.227353328880444,-1.9595885462481237,-0.07158815862275497,-0.9688692441844368,0.12890442916588035,0
0.004226111702370184,-1.00931236557216,-0.0469925412965647,-4.574957413690067,18.17727555667252,-1.6705977702985968,-0.07250129067852541,-0.9694699042257138,0.12333692394127661,0
0.002387085165527055,-1.0070706828133307,-0.053923029716703444,-5.201964470790589,19.138732359442127,-1.369837267301131,-0.07266572725799068,-0.9690460002710373,0.11986417548476949,0
0.0030976538531715123,-1.006778851712762,-0.04891433902770576,-5.781527230606052,20.081479936613974,-1.0321750430925445,-0.07202311231886288,-0.9691886698672073,0.11838671977893668,0
0.005257214831012219,-1.00979212101324,-0.039145216105100585,-6.348013116692727,20.963999909357035,-0.674581765535303,-0.07030924789861322,-0.9716841211913986,0.11797350477581604,0
0.006688368231607468,-1.0156276160634177,-0.03097395887706611,-6.902870504869624,21.746781999581707,-0.3466587002389936,-0.06870323100918944,-0.9770002443224571,0.11821422263834643,0
0.006278528903344322,-1.0224519991059045,-0.02487248409883476,-7.396062289979998,22.388190536111544,-0.082881127050778,-0.06998551397639027,-0.9836349965839449,0.12030156953691669,0
0.0042405803522411216,-1.0280201680324967,-0.018355685912195222,-7.736662153186081,22.84284067268042,0.1270260816173375,-0.07595348773664355,-0.9891117820998596,0.12601026585448305,0
0.0008479238898009557,-1.0311842073612354,-0.010259660416023718,-7.847960121774192,23.080771614357158,0.32310586171431294,-0.0850712940773585,-0.991794680196222,0.13523082397614208,0
-0.004313096829540716,-1.0326296382033204,-0.002140497224986458,-7.745275977652021,23.11841426556291,0.5389920418630091,-0.09371831609242207,-0.9918483723351852,0.14519489583424514,0
-0.011480633407466634,-1.0338094060290686,0.0030725071557713016,-7.567935555062611,23.026373661410567,0.7781201059778772,-0.0996940236956104,-0.9906465113292043,0.15261955934615345,0
-0.019357888670280148,-1.0351710959777911,0.003927264297763791,-7.506163122524923,22.893462107837387,1.0185104107647547,-0.10364741703689921,-0.9894165625825617,0.15620588591655557,0
-0.02550322218881271,-1.0353293228091216,0.001998986638276605,-7.6616078230975475,22.781638444127005,1.2391323075161662,-0.10718712936196563,-0.9882517099929529,0.15692173876374196,0
-0.028575831312852355,-1.0319433325679728,0.00011273458931826359,-7.974459124573433,22.724185948846817,1.439474146320211,-0.11056802969357392,-0.9860851923758984,0.15652334734955708,0
-0.029342670649046408,-1.0240486236756539,-0.00042858574736463317,-8.296946523974656,22.761047134522723,1.629757059986879,-0.11239637369338701,-0.9815230701523867,0.1561011279391124,0
-0.028726905175799653,-1.0137397628479938,-0.0003295790197661275,-8.531967417503699,22.955866822275617,1.8061437689798456,-0.11104483197139278,-0.9738180938809218,0.15553075930705992,0
-0.02605050379284238,-1.0044728614395857,-0.001080404439122684,-8.69821277883935,23.366358739531847,1.946468780196154,-0.10635843308853213,-0.9632796831551607,0.1538395280996881,0
-0.02054788107944961,-0.9971149993959626,-0.004066402475321166,-8.892443728322705,23.993396086647294,2.0370850732604846,-0.1001933217468529,-0.9510020396904724,0.15007635643655548,0
-0.013475548546884182,-0.9887883648638629,-0.009856607052955777,-9.224136829781552,24.754582760722112,2.102985432998489,-0.09495905568738522,-0.9382703984115494,0.14399322040444984,0
-0.007047923611153089,-0.9765866178083918,-0.017673070628072406,-9.776828689064782,25.51269759542863,2.206676345591117,-0.0916207934951275,-0.9261689048914876,0.13608033712491724,0
-0.0024178886433818274,-0.9617211994394761,-0.026458896516155666,-10.583089772839624,26.148584670664533,2.4113070785101693,-0.08980374927644179,-0.9156221411756217,0.1271667690249876,0
-0.0005017180800658391,-0.9489519876939262,-0.036228157924872946,-11.595909991940985,26.625499839769148,2.742598331262728,-0.08964876389244163,-0.907553324550862,0.11822703355858036,0
-0.003271290225253083,-0.9423037003199618,-0.04667690329128131,-12.680321428578361,26.99396516245054,3.1895605530846205,-0.09218730037446803,-0.9028161282573461,0.11061310402816327,0
-0.011504557125476475,-0.9422889596500534,-0.05486044003624415,-13.650518255993559,27.337297206346715,3.7349957168593324,-0.09753355589959971,-0.9018848468679133,0.10604546290036133,0
-0.021809955343703953,-0.9468077775265165,-0.05632553573736708,-14.335304904300076,27.70615881391903,4.362472804900766,-0.10384999561764996,-0.9044541105597357,0.1058162233956944,0
-0.028371959288788738,-0.9532766752713596,-0.04901146437571699,-14.639260104669628,28.093682046047054,5.023765901983302,-0.10860188968334172,-0.9093634348347567,0.10982696860108503,0
-0.02801947805079501,-0.9597150037256572,-0.03562244344350854,-14.584906254580844,28.459813230467745,5.621744180530545,-0.11030859291794728,-0.915176979956605,0.11648433953820861,0
-0.02249046757112174,-0.9651032439419724,-0.022264742509586814,-14.314447322480799,28.767670904982737,6.051136139683296,-0.10915648543664301,-0.9209734102604746,0.12364431523104431,0
-0.01612398174411113,-0.9697141628157846,-0.014011747833387093,-14.019901302203563,29.00228093962508,6.257700731977628,-0.10656316888854794,-0.9266879132245006,0.12989571206310627,0
-0.012233741397656097,-0.9748663495366843,-0.010899029605939551,-13.827082636989365,29.181242759587946,6.251444836172799,-0.10401132540086933,-0.9329503716014833,0.1351425068282151,0
-0.010978385172063584,-0.9817024231562468,-0.008982200834331683,-13.727608112138489,29.362335028040224,6.069246020789472,-0.10165471304191064,-0.9405316754035171,0.13993862202964644,0
-0.009859945680320486,-0.9900658564146079,-0.005570894075258739,-13.619789634854154,29.624197024241482,5.732858061100704,-0.0981431353736741,-0.9494364261404709,0.14427536538307906,0
-0.006515717087283031,-0.9986237602857049,-0.0017179810884221153,-13.414298801530721,30.022096794876767,5.238958862053004,-0.09240257853703308,-0.9582862371636399,0.14729877291004112,0
-0.0010665898115912282,-1.005871137184075,0.0007997629260480948,-13.108927206922607,30.563807805592372,4.582219859269461,-0.08562220260291037,-0.9650246961990263,0.14847845668178558,0
0.004140922056346069,-1.0109070814452195,0.0023715175678357295,-12.775888723532553,31.220521867785173,3.7870375088825905,-0.08100017454957394,-0.9686825742736315,0.14875585971898445,0
0.0060926591700194615,-1.0135665888641452,0.003933894411737874,-12.484386464095023,31.935160261753516,2.919986743285512,-0.08125720366657715,-0.9701562579392718,0.14984031126455846,0
0.0022193236581225535,-1.0143002504040775,0.004718723027848941,-12.23919947073686,32.61344892723114,2.070507517486367,-0.08659190136273844,-0.9707814669518189,0.1523183685469336,0
-0.008721154897749639,-1.013942154025422,0.004008741698686477,-11.997370956438605,33.1346825077555,1.3112437119816875,-0.09536881294730132,-0.9705692736032515,0.15526457056642037,0
-0.02577585861584239,-1.0130179507818364,0.0038526850031492905,-11.73572383680073,33.406041312453695,0.6706571948821355,-0.10648337557819197,-0.9686464101459071,0.15798409321320542,0
-0.04559913139810557,-1.0112500183217037,0.007429913876129061,-11.485579037754029,33.42648682175535,0.14696751880447828,-0.12007214783592364,-0.9652675401552825,0.16125630248848266,0
-0.06343755276409531,-1.0085192221616675,0.01494814660547233,-11.301521002076104,33.298321102846664,-0.25181319612050507,-0.13563018246668007,-0.9625271233736312,0.16632324830691264,0
-0.0754467458217638,-1.0063370175670117,0.023263555901680083,-11.214936852700491,33.16178392880201,-0.49566451929341093,-0.15062970103305223,-0.9628654323979141,0.17329887178050624,0
-0.08149128570430264,-1.0075208693969067,0.029961178257646118,-11.227292487394509,33.102590267211745,-0.5684389530646488,-0.16219050439394395,-0.9673564161425463,0.1811349633873504,0
-0.08571451522698728,-1.0140475052361777,0.03613070944170316,-11.331582403442017,33.112634970085686,-0.5032565012983541,-0.1698798368865415,-0.9754216665086921,0.18885538313982708,0
-0.09288669692591249,-1.0250563687534728,0.04391491742263355,-11.514448409390132,33.12979994765883,-0.36859678098516196,-0.17595431023616276,-0.9853752502070011,0.19639630040292846,0
-0.10348147003050012,-1.0367353198381628,0.05242320734700621,-11.733474393917579,33.10727339570272,-0.2222955368471295,-0.18259873935436768,-0.994980832363507,0.20406172674117398,0
-0.11311831316699088,-1.0449726763498766,0.058104595289118,-11.917905862323625,33.042936834538,-0.08242417513746118,-0.1894064857965562,-1.0024703630742295,0.21114320793226907,0
-0.11724171058858396,-1.049082504333451,0.05908897972935326,-12.018572685978803,32.948060819023546,0.0671306503573926,-0.19402554473814482,-1.0077412985217986,0.2154686116550943,0
-0.11603162957224797,-1.052083488633905,0.057001547390825136,-12.057647179337772,32.807719356546926,0.2525682074259688,-0.1952434099674091,-1.0119054964818202,0.21491013050628138,0
-0.11464418449849859,-1.0561040324219957,0.05360999118629187,-12.113193947053118,32.596354749290114,0.49002768254187173,-0.1949907978700036,-1.0151032440728538,0.20937025938626777,0
-0.11831554006772556,-1.0585475610458406,0.04758504449440889,-12.247766776469504,32.32712484497779,0.7839371141234104,-0.19684707885314817,-1.0155243804854441,0.20080592020928342,0
-0.12713291129914073,-1.0548670035877414,0.03662467571254996,-12.458670592313432,32.04937047718954,1.140393676500552,-0.2025207046643894,-1.0113487483824573,0.19124544399891732,0
-0.13661926405170866,-1.0450416345031066,0.022018069674231547,-12.706352953771468,31.77911813631675,1.5742411224902517,-0.21014875980079067,-1.0032586297208321,0.18131182661828396,0
-0.14320671579742703,-1.035020404267914,0.008816648878046946,-12.986228463655882,31.458905625649326,2.0970128926844698,-0.2161921411546822,-0.9944904243963065,0.17094771079854398,0
-0.1469109100365374,-1.030517875698204,0.0011538861408762245,-13.345800158459962,31.019812197126075,2.6986187888615536,-0.21863576263051046,-0.9884681388551082,0.1611627960117852,0
-0.1487241998150466,-1.0308367642487586,-0.0012334365835700517,-13.804478118924246,30.480175096699057,3.3404379317388004,-0.21818051807769856,-0.9862910766368979,0.15436503872722665,0
-0.1484254024848693,-1.0305708425408733,-0.0016017901254849532,-14.2664920156815,29.9568636632611,3.965165707466739,-0.21687615888602585,-0.9861702856612762,0.15248003310938876,0
-0.14570418132542798,-1.0267777672795877,-0.0023511277086747905,-14.554833746208399,29.57090001450973,4.525768094761152,-0.2161151623174838,-0.9853657113077128,0.15480928181301717,0
-0.14108596431862644,-1.0222673975016903,-0.0030812742377214234,-14.555257389015855,29.35193393917867,5.022194188719186,-0.2156781874163139,-0.9827107601380233,0.15826551883656154,0
-0.1350110751889835,-1.0209326717442062,-0.0020146308971896753,-14.308776927681153,29.22925287882235,5.502336146884111,-0.21420320639676668,-0.9789347305565874,0.16004081954799296,0
-0.12780348458758267,-1.0217142563471688,0.0013895098628688572,-13.944811679281065,29.09481326980016,6.0027456033964155,-0.2105286816787384,-0.9750209773329459,0.15984333034715903,0
-0.1209849654394688,-1.0197824861823543,0.005325821508687243,-13.548481741684176,28.87625939923016,6.488659404084305,-0.20471223670093142,-0.9713831754747685,0.15925002906278854,0
-0.11633877026347623,-1.0133068844959268,0.006600419575638404,-13.124283359611205,28.576874492319998,6.873597438185045,-0.1977353755231816,-0.9682341096946525,0.1591143525587542,0
-0.11248378368653106,-1.0058066642389634,0.0028182130405855132,-12.668061991113309,28.26351979677218,7.096910378572648,-0.1903957812672664,-0.9651785509097939,0.1583294436684013,0
-0.10506461328567009,-1.000871975090164,-0.005276291769587643,-12.224591202809792,28.014284698494137,7.161192579391853,-0.1828843168806074,-0.9607510670985774,0.15546814974987583,0
-0.09292579808333301,-0.9978925613680172,-0.01318455372764895,-11.86442865859584,27.87618682183303,7.097461513389151,-0.1754859279474724,-0.9541873364341733,0.15096308548087758,0
-0.08176223509152715,-0.994672378622644,-0.015716074465754307,-11.633697453228734,27.86654956350389,6.924547916768764,-0.16916805774808874,-0.9473086617669452,0.1469242136028403,0
-0.07801590963096397,-0.9908039490859384,-0.012098381288247306,-11.536420117773101,27.98436343556855,6.6525873238929,-0.1649987072533518,-0.942506697374811,0.1450743959546397,0
-0.08053295767371668,-0.9861191448578714,-0.007294912654906366,-11.54231059616438,28.1958186020954,6.298338717514989,-0.16312438508492935,-0.939048669881188,0.14531017724270026,0
-0.08197380900023848,-0.9789751598731884,-0.006860362970129594,-11.602594951261235,28.43119796606665,5.8783387183958915,-0.16263559942798517,-0.9336189202996845,0.1458846949415782,0
-0.07797099815261552,-0.9686918227863477,-0.01125547473487188,-11.682148323497902,28.63147799474092,5.408196100214762,-0.16227077661825437,-0.924684362026271,0.14457792437231928,0
-0.07160450626613546,-0.957285110755207,-0.016532462897502116,-11.793507758992254,28.79397745109095,4.922732137742891,-0.1611371882275807,-0.9144652324264124,0.14016791688488106,0
-0.06860483314929522,-0.9470729899832779,-0.01949172184295374,-11.991655450066245,28.954301216070455,4.468476688455648,-0.15926375247286595,-0.9063663566054982,0.1335584424540689,0
-0.07092817588336721,-0.9392489296621531,-0.020038524110634344,-12.326669543496077,29.135099404238712,4.058735316266167,-0.15766358252339446,-0.9020967994831485,0.12769932209687676,0
-0.07593370047628421,-0.9359993125200156,-0.01871661289977803,-12.792668853125043,29.32655322535632,3.6651672519662823,-0.15720756742034667,-0.901646258756715,0.12593341101883074,0
-0.07952504455944025,-0.9403526085332773,-0.014677145100914061,-13.298777428528293,29.49969220503054,3.268598129047695,-0.15726574375465235,-0.9044676838257854,0.12974391203427277,0
-0.07874859875768626,-0.9516094631980531,-0.007714487258114915,-13.677001214657764,29.620426299130372,2.8823878268577596,-0.15620693929004675,-0.9097880225005903,0.13778634437859652,0
-0.07324393627904924,-0.9640521145394032,-0.0003424897505483061,-13.749902306941413,29.66198478719185,2.507281086358084,-0.15335637598685195,-0.9166182367699187,0.1471144787941082,0
-0.06575961555027877,-0.9730481900863766,0.004533759153997388,-13.437194034928984,29.621406736627335,2.1066162241074213,-0.14966960241645377,-0.9241224490611519,0.1552943648840468,0
-0.060144254541637014,-0.9799051384632751,0.006943816979517771,-12.809684884507647,29.521764769395276,1.6624608348840473,-0.14624934348049282,-0.9316338542399312,0.1613227178639469,0
-0.05773740594802004,-0.987690684439105,0.008876986615743916,-12.030272594215358,29.391937301765516,1.2256591715458949,-0.14279118643752167,-0.9382702625213121,0.16497758893451353,0
-0.056220942819322384,-0.9948077107676471,0.010885008197565896,-11.245034827739866,29.255595570137725,0.8685405603644454,-0.13793507977681635,-0.9430367447854168,0.16604967591900469,0
-0.05231192699470736,-0.9966132662480545,0.01130946497892419,-10.53113724213421,29.147879315900685,0.6027889563718773,-0.1311249599633249,-0.9453285058309013,0.16445744973771537,0
-0.045250852738608974,-0.9920806559897984,0.00832970843499231,-9.920229825885048,29.113518141824205,0.3761144859196882,-0.12379251260489608,-0.945020697859035,0.16067942963703172,0
-0.03782031749391317,-0.9853870838157405,0.0019584442826272785,-9.434271584414747,29.155230307929454,0.13704206762265603,-0.11835999386901094,-0.9424355269492806,0.155825739449118,0
-0.03427523509818081,-0.9813957194288063,-0.005024233507494901,-9.083981659248801,29.21127725614399,-0.11928775752892139,-0.11621011017473488,-0.9390496205263239,0.1516112377253722,0
-0.03677733058493636,-0.9820073807974169,-0.007866187177605758,-8.838497797789817,29.239710145477428,-0.34758494638091636,-0.11695650296364182,-0.9378479611380379,0.15006912828993488,0
-0.04322009902237264,-0.98619257565453,-0.0037556129652989278,-8.617443136039087,29.31267669461231,-0.47826573000480976,-0.11933357195792631,-0.9410203649342743,0.15204442055932965,0
-0.04891318756969992,-0.9909727282758793,0.003989973626874758,-8.349084785294766,29.559131098907617,-0.4887876736014158,-0.12208878983685467,-0.9465909226535735,0.15543120467603513,0
-0.05080093160291456,-0.9927902981511598,0.007878479495351252,-8.059049169245855,30.001523457764442,-0.4773511503342381,-0.12406046005916566,-0.9495699365774671,0.1562617795551648,0
-0.04940723587817549,-0.9907554754631083,0.004105316574584149,-7.877473218853873,30.50979995087386,-0.6120665250022013,-0.12418181585244017,-0.9480508226506191,0.152770733487727,0
-0.04673773379135454,-0.9885950349882934,-0.0028345161439934305,-7.916137760532023,30.941372412626762,-0.9550000815886592,-0.12212199524415636,-0.9460728063457391,0.14768359246369253,0
-0.04382991975004336,-0.9908683685417946,-0.004851953839920542,-8.138732553823687,31.273244896458724,-1.3795774326708958,-0.11899334853232453,-0.9484568364163936,0.14548053326558374,0
-0.04073841626198095,-0.9974558450706047,0.0008985879885573983,-8.38986875754193,31.567324798855353,-1.7213671356435885,-0.1168449308985767,-0.9548611048809389,0.14783401604297378,0
-0.03765537765839048,-1.0041790917078397,0.009042612821070276,-8.559540367902793,31.86047138910544,-1.9724786433637629,-0.11701839571368806,-0.9613159370450473,0.15245288440582438,0
-0.035618211420031964,-1.0083335725182405,0.012115823090541442,-8.682256157706204,32.136083718850315,-2.259939578834165,-0.11928550924001867,-0.9657609211918549,0.15590677211149562,0
-0.03635748556599337,-1.0109753431610868,0.008524525499586473,-8.861154804048779,32.37150100745511,-2.661864698630692,-0.12265792839731635,-0.9692461597767991,0.1567203336167861,0
-0.04093955913717804,-1.0136885560279738,0.0031213465539710328,-9.134341612243244,32.56389013865462,-3.1206257340858228,-0.12637211775621726,-0.9727608295987888,0.155864820177817,0
-0.048427904198401,-1.0156239629991501,0.0006589539905879604,-9.443926219350887,32.70858617212578,-3.5357619327650496,-0.13020974612728822,-0.9755293104519605,0.15488711854057258,0
-0.05663564622003083,-1.0151632027103268,0.0006837979803613867,-9.712997549554448,32.775809141830415,-3.883742397806748,-0.13493623823938733,-0.97640105459119,0.1536977227488727,0
-0.06425325830732419,-1.013216553720163,-0.0007656336748501317,-9.929543673255887,32.726684403000796,-4.221689976592657,-0.14215105471226655,-0.9754587294438378,0.1503376825445054,0
-0.07155711439751887,-1.012936302312934,-0.005793978317528504,-10.168106033295516,32.567208610271884,-4.5928631023697015,-0.15220159785953352,-0.9741282979922516,0.14345756463143103,0
-0.07896851456350916,-1.0161554825093342,-0.012131402616633492,-10.539201327854835,32.388450003184026,-4.95066541634326,-0.16226177402576478,-0.9742823192643439,0.13487171420835561,0
-0.08549939433575887,-1.021352522124631,-0.016084157894850192,-11.095420746539638,32.32949730229155,-5.180287603012518,-0.16796802379353368,-0.9769904954062263,0.12870215570916915,0
-0.0892794367954564,-1.0253539184402105,-0.01692823057474494,-11.766672586096917,32.46839175478711,-5.197381626268092,-0.16766220939064821,-0.9814282357070181,0.1276023456544565,0
-0.0899660198273206,-1.0264840252589442,-0.017194884053502113,-12.399048097496562,32.73621984449457,-5.047379206607149,-0.1645031845100336,-0.9851791310524394,0.13011092504835878,0
-0.089853938439723,-1.0261066001553532,-0.0195111094256918,-12.878205959526305,32.955877075870156,-4.9200531855241465,-0.1634939236360655,-0.986713989327626,0.13182243703720262,0
-0.09128187784818417,-1.0271279828882829,-0.024808755973768346,-13.21099859371302,32.9965822556667,-5.028217267996885,-0.16609909790825025,-0.9875384345290791,0.1292952546628524,0
-0.09329872644828931,-1.0306567547555794,-0.03234673268738833,-13.468832565200492,32.89333618964642,-5.431561871531171,-0.16868131518194526,-0.9902164825913456,0.1231870180890467,0
-0.09260199806560507,-1.034767445746185,-0.03918445135826524,-13.658469007641498,32.783661706795094,-5.9956243875943205,-0.1669171071076039,-0.9942015741170117,0.11753398746635402,0
-0.0877821522683123,-1.0373371355793135,-0.04104818349018161,-13.679527740426341,32.71957629157049,-6.541778919873462,-0.16069367387157452,-0.9961878715730509,0.11581203740081938,0
-0.08095409737109852,-1.038928866114045,-0.03643647346759979,-13.419804151972947,32.582189381044536,-7.003826913388706,-0.15375545587796347,-0.9953297294110676,0.11810198240920443,0
-0.07524545813754704,-1.041527786222364,-0.02891923042464893,-12.86825085156127,32.2115315287216,-7.424407973571445,-0.1497352505712901,-0.9952725919418316,0.1221993076882696,0
-0.0724655284993765,-1.0455351879879307,-0.023218426672616695,-12.11783553920452,31.602734484575908,-7.86101820294956,-0.149701003660833,-0.9995392432680964,0.12656811517569697,0
-0.0730527693080254,-1.0494944039453582,-0.019967419418761644,-11.281537730337602,30.94851853437823,-8.34647409564741,-0.15245411125678435,-1.0070421162180367,0.13144312105180253,0
-0.07626070237322656,-1.052093472155831,-0.01618917433108158,-10.434685941226055,30.488845419256545,-8.904011837125323,-0.1557224545291953,-1.0133875666553187,0.13741560138057873,0
-0.08008736093739251,-1.053305824673579,-0.010024365915752308,-9.623624240542062,30.324908134776337,-9.542632447180335,-0.1575212695039547,-1.015063244136661,0.14380701527005735,0
-0.08225454020320916,-1.0537643230193425,-0.002929361899395083,-8.884672614031809,30.368126806469416,-10.232501610077113,-0.15729779854641907,-1.011854277813959,0.1489692964891357,0
-0.08163467683493979,-1.0534676953056108,0.0024087256719463714,-8.230352639918774,30.442698715600702,-10.906982090237424,-0.15565233234179607,-1.0066155539521264,0.15208552365323802,0
-0.07884356953320121,-1.051315348933524,0.0044266064190728125,-7.63015636725479,30.41663785706918,-11.502180702379789,-0.1532627256824667,-1.0028532644006993,0.15402045297651973,0
-0.0759241890122091,-1.0464446152598752,0.0033045352336354525,-7.0307474022193945,30.24926783773118,-12.002669515411576,-0.15101676465431288,-1.0014740275963536,0.15610197727648686,0
-0.07501758815395014,-1.04026847017981,0.0011132693387867617,-6.409270905450476,29.958883310013086,-12.446156841786818,-0.15059021814732068,-1.000253194047336,0.1587074424692562,0
-0.07658085636764181,-1.0366599001868118,0.0010116190604550108,-5.803382676891364,29.573489056337053,-12.870073638707119,-0.15328771836326696,-0.9973739313141442,0.16153098053330353,0
-0.07933288347858819,-1.0390840753463877,0.004766237648982051,-5.277710871140022,29.104441352858586,-13.258894088101577,-0.1583717744989283,-0.9945103570687579,0.16465941806888187,0
-0.08231619756688183,-1.046519441130836,0.011421714433354485,-4.856623207506328,28.552292878408796,-13.57071198291709,-0.163708214343009,-0.9948188151572616,0.16862535672134546,0
-0.08603882573278811,-1.0527331152274726,0.018991528993067313,-4.4953717584886705,27.9303061498002,-13.818857103046062,-0.16800496804260925,-0.9983515082503509,0.17342015553852827,0
-0.09109683651888034,-1.0516808026290079,0.026115941974507013,-4.120618020113294,27.26922544167512,-14.093168163563615,-0.1716778856981538,-1.0013340124781855,0.17799141403016996,0
-0.09689564525101059,-1.044247850661872,0.03147865599049552,-3.6945643192600253,26.587112988360282,-14.476247044616857,-0.17579347236994985,-1.0004988732150228,0.1811334894986939,0
-0.10261134616927396,-1.0379566085558842,0.03364871522697788,-3.2378127734311324,25.863411309757716,-14.953212366751943,-0.1808626190214824,-0.9968664167483148,0.1828063689025224,0
-0.10857364140973541,-1.0390815947751835,0.032818470103614515,-2.8014597930492156,25.06350188009365,-15.426008007113552,-0.18659240067490934,-0.9943904832338097,0.184115616280716,0
-0.1157559743609816,-1.0462376096201251,0.031116168384121005,-2.429484972442685,24.19098451696258,-15.810004669654687,-0.19226428861522205,-0.9957605028312176,0.18584807463472222,0
-0.1240685010003088,-1.052812625489246,0.030195961063989665,-2.1402292771221916,23.29588329726446,-16.096883760738496,-0.19709621825236756,-1.0007286358049856,0.18757797491623723,0
-0.131608761743703,-1.0550530903061786,0.03015556819561369,-1.921725140206128,22.42445996882417,-16.328875967582206,-0.20049975429038597,-1.008052950000309,0.18856426682461425,0
-0.13583447185726277,-1.0563618553540646,0.031178826991220328,-1.733439277341284,21.583743553880115,-16.540655691333633,-0.20242944340318744,-1.0174200934461177,0.1888534628112185,0
-0.13577156579525473,-1.0631846903713034,0.0335605764243747,-1.5159704590142677,20.769436730793185,-16.7399082122312,-0.20343855685475443,-1.0289206668726005,0.18881507672606027,0
-0.1330033970402584,-1.0775759224087114,0.035409555793295966,-1.2028519558871618,20.003686906115192,-16.93046266403161,-0.20386454252890882,-1.0416712687199703,0.1882039473082775,0
-0.12990814158687716,-1.094888438647324,0.03346024943665618,-0.7333615681311959,19.3179198407023,-17.13702774358167,-0.2029010996005103,-1.0538612632119633,0.18659991385006477,0
-0.12682851805993164,-1.108513641498569,0.027534913107176488,-0.08582116501011901,18.709403544530698,-17.40221845768986,-0.19906896084534004,-1.0640093082958713,0.18432641835839572,0
-0.1216046302171533,-1.1157009708134566,0.021686207592388044,0.6696402928930785,18.1410992059335,-17.7601643733373,-0.19171081687793243,-1.0717556898360376,0.18187722136347118,0
-0.112162222574583,-1.118576275400518,0.01928219561808414,1.3560355814331115,17.585589827510738,-18.214358044015203,-0.1814992494247012,-1.077524125041274,0.17849015869999055,0
-0.09899438334208002,-1.120921277196799,0.018179678173641422,1.763460971581577,17.048635828558265,-18.744927258888076,-0.16964038960540698,-1.0818740630702706,0.1721025563839934,0
-0.08466305072723733,-1.1251833343068591,0.011825845041459306,1.7711907301971577,16.537015645885685,-19.340773392429586,-0.15744174001502154,-1.0853632466654803,0.16079949852079972,0
-0.07169510535291272,-1.1317576304755739,-0.005137347153242046,1.4118260343752105,16.012135516230178,-20.02128165162437,-0.14676934738307493,-1.0885779887368954,0.14370051581436588,0
-0.062279264003579964,-1.1392699383880809,-0.03242589008533368,0.8214612334936662,15.392847281492976,-20.81686891265355,-0.14018534070006786,-1.0917625003979934,0.12057586273900828,0
-0.05952270418779189,-1.1454332259173365,-0.06476557243462307,0.132715969881344,14.613947288872259,-21.717778273203376,-0.1401333170734469,-1.0946471011850578,0.09187775648723187,0
-0.06667544838565587,-1.1490602230222628,-0.09665898486158267,-0.5753960300318428,13.68826151424941,-22.639185636558828,-0.14778199028248562,-1.0971350700516218,0.059955584945523256,0
-0.0839250369669922,-1.1511001186033945,-0.12618046674866623,-1.223530097045582,12.725470769980777,-23.450216440993614,-0.1622642697276983,-1.0997620331955544,0.029404663920465732,0
-0.10700344115974034,-1.152337943702704,-0.1536608440964403,-1.6621547088356576,11.899481305265839,-24.058568344418486,-0.1807521161207938,-1.1026556934845861,0.004955790206641244,0
-0.12974995646576334,-1.1510999656303964,-0.1770120286070371,-1.7140066327153751,11.375827281402923,-24.471704676832363,-0.19943002097343662,-1.10420123686657,-0.011135857555327722,0
-0.14741179137860896,-1.145493595786704,-0.19025723224784813,-1.3213510328572329,11.225362539041532,-24.76789152219082,-0.2148315688114468,-1.1016808885271456,-0.01936990057561994,0
-0.15757222535264323,-1.13652634516826,-0.18922079906143666,-0.6367787759793151,11.379008328127915,-25.017983546340815,-0.2248968330001964,-1.0935542769272417,-0.021472543214436975,0
-0.15961781389713497,-1.1257502054440138,-0.17863252928391454,0.06652688747961066,11.674049008830746,-25.25335532068529,-0.22934414097941813,-1.0804689814740978,-0.01967735716334685,0
-0.1543623036044524,-1.1111955012515786,-0.170000748667811,0.5963138961478284,11.972764859126839,-25.493202174901953,-0.2289120192166022,-1.063651275144625,-0.01702472383691943,0
-0.14343927784983704,-1.0898092734713207,-0.17064450525908223,0.9720788617942835,12.260316540506224,-25.764413918396325,-0.22378484709822602,-1.0432285732944204,-0.01657063459756632,0
-0.12808506082705193,-1.0633736020202198,-0.17801989591947265,1.3840847006080033,12.637812909502449,-26.085992164078363,-0.21295405197458198,-1.019276279378329,-0.01953798911554578,0
-0.10837461141370286,-1.038078593980915,-0.18649290561206722,2.032251704145165,13.220060068803983,-26.45230714176695,-0.19556800035906857,-0.9939740623640889,-0.025135796428348144,0
-0.0839860728894918,-1.017934458029253,-0.19523798905302564,2.9704353312186815,14.035555442458865,-26.835935149924193,-0.17254853828905486,-0.9710870451201282,-0.03263342714622699,0
-0.055950387372553,-1.0012363515456262,-0.20645070283630748,4.060490696023228,15.018012603996015,-27.198154422581368,-0.14622578897605235,-0.9527248933224612,-0.042704514260283856,0
-0.027160771682723503,-0.9839659513076242,-0.21990791307633833,5.057661514906389,16.078183993626407,-27.504194248987563,-0.1186220756474896,-0.9373039118923028,-0.05630102036929078,0
-0.0002549401924511682,-0.9649949063815605,-0.23353509393141453,5.7444601142043155,17.1645744447582,-27.74864550670729,-0.09066786938948457,-0.9214102980266874,-0.07299037675553441,0
0.02488596280475317,-0.9469095172385698,-0.2472575398992128,6.004122278705746,18.25836591941025,-27.969380914684038,-0.06268800323288067,-0.9036434688429902,-0.09077041486151212,0
0.050512953442442006,-0.9320149050810125,-0.26234661658606756,5.8197215257064965,19.343733861405056,-28.215739693171525,-0.034815199340200234,-0.8858687473942837,-0.10705451253069745,0
0.07783709698572712,-0.9189066436760482,-0.2772755428391132,5.266331313110922,20.413609630674987,-28.481945606601602,-0.007011087993381807,-0.8703227343773303,-0.11991277164995424,0
0.10537991596718496,-0.9046143496174563,-0.28757684923046734,4.512259108834557,21.498449461965215,-28.670794325531432,0.02049903773305151,-0.8569788815501004,-0.12889104726984216,0
0.1302538751201367,-0.8901649552173238,-0.2908734528284058,3.7633177591954476,22.65891747894244,-28.640314644273715,0.04615611328621718,-0.8457633053947261,-0.1344193728407353,0
0.14968708476661172,-0.8820320701218962,-0.28936960915660787,3.133617246249269,23.931395496378276,-28.308793636613697,0.06654257945005,-0.8403723331993886,-0.13604582432719775,0
0.16127869562622424,-0.886368576227426,-0.28568378940578026,2.564429754955662,25.286491613268087,-27.725984105561004,0.07794688101484808,-0.846309345063696,-0.13198519286759344,0
0.16359119697448088,-0.9022609253213113,-0.2789107603193458,1.9185172278616656,26.649924198282438,-27.035856901922244,0.07920640947517332,-0.8638705857966607,-0.12145355155951883,0
0.15748927838614143,-0.9219547338968305,-0.2674626865553096,1.167216117648539,27.95120987504374,-26.357953356310535,0.07263053748751977,-0.885636378673809,-0.10711176271524389,0
0.14618118804016902,-0.9378572800607025,-0.2536167414415654,0.4249448224986108,29.127078449018914,-25.69987994647811,0.061970083221375726,-0.9028132899160204,-0.09374651533501066,0
0.13340753107087372,-0.9488017240295981,-0.24175188510531317,-0.23815388807564555,30.075556085689495,-24.983486023580838,0.05014019618010644,-0.912696037799667,-0.0838357253621698,0
0.12156608997268473,-0.9592811302024568,-0.23282550557329895,-0.952397417849099,30.637420549312317,-24.15022675126867,0.03869010420445106,-0.9187447714850215,-0.07525758906204494,0
0.11104149171466776,-0.9727091227523943,-0.22368024144898094,-1.9340161273472918,30.659157072790183,-23.235066345208846,0.02817196641952625,-0.9252697278732579,-0.06437201548156916,0
0.10087808533680834,-0.9864870336077434,-0.21201635282580172,-3.2301171108599385,30.09745750396543,-22.341874120459952,0.01856240670907231,-0.9340836225949718,-0.050913459933295865,0
0.09033884420337425,-0.9955136203931509,-0.1996726264268661,-4.652569082339223,29.07113219975033,-21.565748707043678,0.009779639284624034,-0.9451677898170139,-0.03854472994095763,0
0.07978246938105854,-1.0002170688191645,-0.19044532932875907,-5.972471383590127,27.80258536010226,-20.958977987949087,0.0016584783882545775,-0.9580147555858491,-0.03047362400550385,0
0.06972243762750402,-1.007472863795836,-0.1864467675909179,-7.107398947423976,26.488815982058725,-20.555037820201676,-0.00680885012719558,-0.9715067528180154,-0.0260404210649361,0
0.05946537888404778,-1.0215565388959855,-0.18692758141077126,-8.077460691914158,25.214158248012055,-20.361672850519412,-0.017366473932038492,-0.9833898178092245,-0.022740033041229388,0
0.04745667685805744,-1.0373957460936785,-0.18907123179715765,-8.836247368045896,23.97652745248772,-20.291543863442623,-0.030729844869490697,-0.990927142185385,-0.020423292901385785,0
0.03335450227991549,-1.0458481232955472,-0.1898623792546042,-9.2278789532595,22.77859751648247,-20.15186736534643,-0.04502847536112556,-0.9925888026667963,-0.021225611009839086,0
0.0197903101879073,-1.0433564384106055,-0.18865674468391727,-9.116765970706194,21.67689831364186,-19.787190756212073,-0.05645396114160255,-0.989058354107975,-0.02539232661857945,0
0.01153501254306048,-1.0336369136470884,-0.187983599644939,-8.511257914972829,20.749537963204638,-19.24417226083575,-0.061862871876776145,-0.9824010653619277,-0.029968427007252187,0
0.011937920449364762,-1.0222016804128287,-0.19085314508432916,-7.553979792985615,20.04114724900499,-18.745069551906894,-0.06123080614185967,-0.9744331304095424,-0.03291487651261282,0
0.019717698716657024,-1.012432011269685,-0.19744612433019665,-6.439357660394569,19.557045719726048,-18.48052943542326,-0.057523359533902335,-0.9661856416001887,-0.03617802535646781,0
0.029633163683656906,-1.005667771013529,-0.20519026481735708,-5.354211450674237,19.30836179080323,-18.455226481904845,-0.05364995532662419,-0.9584938651832454,-0.04274034190458482,0
0.037051779277142524,-1.0018485888514652,-0.2119496212941433,-4.436613160747736,19.34026656918684,-18.53969331317578,-0.04957820789227694,-0.9519675634288771,-0.052178394608556646,0
0.04236366510160272,-0.9991408127846413,-0.21815139263789887,-3.732537028209546,19.683787704337217,-18.644710653403475,-0.042883210072489006,-0.9459965639717673,-0.060952768448667045,0
0.05048287017785383,-0.9940402007302017,-0.22490104854133375,-3.2045755984002486,20.267886287130107,-18.835538154302633,-0.03192641895111531,-0.9387344541471252,-0.06609646505387778,0
0.06525946784631718,-0.9834912908646589,-0.23066102995183993,-2.8086111361276855,20.914884512244655,-19.270228128001374,-0.017769506935501465,-0.9289451525950706,-0.06714449046055807,0
0.08496006914929112,-0.96825942521497,-0.2317210532821706,-2.5235219957357753,21.47512108581903,-19.990658444662987,-0.0027200887208496272,-0.9177020039196384,-0.0651065211210171,0
0.10425568384436283,-0.9536856510486513,-0.22655157496357323,-2.2708591657324773,21.964925170798587,-20.77152061999411,0.012275976538312599,-0.9077567930368259,-0.06107310648195307,0
0.11966245000893806,-0.9452101132478152,-0.2182882054422563,-1.886021461610928,22.521725046450108,-21.24889091674635,0.02763383801482195,-0.9012127680576347,-0.05605395937531733,0
0.13135023274139043,-0.9430270204000708,-0.2116991217623185,-1.2912636795420076,23.21163734098926,-21.2478240240747,0.04249286642078793,-0.8982119556639556,-0.05106565808781941,0
0.14046204050623,-0.9428074837953498,-0.2080606292993664,-0.6786330000620077,23.929043999281994,-20.94030146694579,0.05373885576230626,-0.8977861482991846,-0.04646288980913635,0
0.1469840027615537,-0.9414544643556935,-0.2044402529863206,-0.38117373152454076,24.51102474205127,-20.64119897087952,0.05889179745769537,-0.8989075293211973,-0.04148966003298932,0
0.15049205204401525,-0.9397834815362657,-0.19834284435276733,-0.5121914605346419,24.914750192685332,-20.48363031612682,0.059079972861597205,-0.9001631251096173,-0.035109031929952975,0
0.15111973570062542,-0.9392055204387182,-0.19084699720666598,-0.8219435926708295,25.24279782382473,-20.322332442264024,0.05783761983009175,-0.8996089152371599,-0.02717291230040551,0
0.14881854580376158,-0.9384563203213293,-0.18383209653365376,-0.9674129999771353,25.600607003267395,-19.918255266302666,0.05720848965321476,-0.8962243963324303,-0.018584824109134698,0
0.1429408152333875,-0.9352494446074348,-0.1768913620031584,-0.8667273713741568,25.960547969362274,-19.180631378291952,0.05594286010692909,-0.8911929549532074,-0.010571887213102628,0
0.13397076099691202,-0.9299338678226678,-0.16942981203523974,-0.7375188275004091,26.17693204075136,-18.240668643138086,0.051533680891459606,-0.8870318955714377,-0.00398131197103053,0
0.12475160173341286,-0.9260866202916387,-0.1633368023031777,-0.8260604023641998,26.11570928949941,-17.316404739243975,0.04335737140692745,-0.8856529691455002,0.0008715796050469078,0
0.11818148375982011,-0.9275243186080083,-0.160438227468677,-1.1585697664210701,25.75247301608869,-16.51905331653153,0.03344560338164916,-0.887509032281709,0.00414657186559005,0
0.11408603848231699,-0.9351641581518503,-0.1587012382418935,-1.5513351787313931,25.157001462527433,-15.790914390551807,0.02441439559312583,-0.8921307646079276,0.006791757897520056,0
0.10978786791159606,-0.946701746256282,-0.15404295972816326,-1.8022578771049427,24.4173309343741,-15.010027093292036,0.017231568964339194,-0.8989665137793054,0.01063989797849626,0
0.10327556913763745,-0.958794869126652,-0.1456134333112495,-1.8351775488580282,23.596915816987558,-14.118175985297615,0.01138188541953521,-0.9076523807817625,0.017294178373217655,0
0.09493249366152975,-0.9692505365027568,-0.13666648550585417,-1.69223032752097,22.739162838249605,-13.140831730799173,0.006776848315780299,-0.917561333271365,0.026707113066819107,0
0.08718374154669188,-0.9775937990238268,-0.12944334445231623,-1.4494008385020114,21.86743580602007,-12.132127096342185,0.004545260082646479,-0.9272707571946747,0.03739972995303652,0
0.08331134849662622,-0.9843476602085628,-0.12106689770540693,-1.1533997381517456,20.966788314819127,-11.151950652783437,0.005653017276725313,-0.9349768171823026,0.048199301708192296,0
0.08554589456256183,-0.9901381864763251,-0.10652526788088496,-0.7967224458788653,19.992090765921464,-10.277412121340127,0.009532232446332747,-0.9400007283171775,0.05927096097753276,0
0.09323459391774536,-0.995408433191844,-0.08559360217221441,-0.32242974795997126,18.920778433357935,-9.566628653321324,0.014770734132212466,-0.9438218300552998,0.07133677378511158,0
0.10295890224662442,-1.0005536394794592,-0.06455326323849254,0.3310236325370481,17.799868527045273,-8.984806021999484,0.02075517027199294,-0.9487810967117866,0.08451066041471936,0
0.11099982457973108,-1.0056420109629005,-0.04989003758768903,1.173983104654694,16.73036509552481,-8.40816175479997,0.02789076559334924,-0.9551711380412762,0.09811150920280065,0
0.11645974027964882,-1.0098066555625191,-0.041986622393210056,2.163123544063232,15.799432948285896,-7.734617002451905,0.03631773909175271,-0.9601369651503067,0.11081994218381115,0
0.12224262100737843,-1.0113769169951101,-0.03588444478729576,3.243906627815086,15.029245337729302,-6.9750786961449,0.045148024762252846,-0.9602710889707857,0.12072306289723246,0
0.13200683590988263,-1.0088024474034283,-0.026491806598957585,4.360867090276073,14.39259887371717,-6.222104695926205,0.05325484887688943,-0.9551114145229579,0.12624731835953218,0
0.1453510001259889,-1.0013789033000475,-0.013209228532416838,5.428550953033965,13.87183372335939,-5.54874475752936,0.060306101227731175,-0.9473072057397576,0.1276704079562679,0
0.15693412004041846,-0.9896825853531938,-0.0017509031966482483,6.342108557818015,13.49131140477236,-4.952908482225281,0.06639952695277668,-0.9394753277746185,0.12698710330715304,0
0.16169776358806792,-0.9760244167902468,-9.816821173976747e-05,7.04543666056008,13.28705664069562,-4.386166389894552,0.07099059385524537,-0.9319764319268051,0.12594779423795308,0
0.16036146222563696,-0.9639276480370692,-0.009639538646387053,7.566145731140526,13.25369175762649,-3.8167438951401262,0.07332397851129245,-0.9240560960295409,0.12499169342788453,0
0.15813135814280993,-0.9559211398637082,-0.022335637871473354,7.95954081778679,13.333853889123976,-3.2573018183597204,0.0742373240763195,-0.9159423870988809,0.12414411686608093,0
0.15853587918918155,-0.9514277069302912,-0.02967619243836269,8.232280135360291,13.458130790559665,-2.7364744874093034,0.07630963465960941,-0.9087762329187622,0.12372005189300243,0
0.1608984714019256,-0.9470855562448817,-0.03156425649336014,8.34286594371815,13.58552124589332,-2.2598885635848123,0.0811282696776119,-0.9030062047533299,0.12363241771636274,0
0.1638958065330703,-0.939686931015329,-0.03308995204611973,8.26905465097167,13.706014692890852,-1.8116112119121908,0.08694015344446143,-0.8980147936739832,0.12306644480893142,0
0.16820951912490578,-0.9300138193111557,-0.03545791761830973,8.051068237567153,13.815150728333903,-1.3788765370573277,0.09026962742395125,-0.8934698296092956,0.12163923103686625,0
0.17366509064516894,-0.9241224200591741,-0.034352854480429205,7.761242237653952,13.892626932226875,-0.9505748866812346,0.09004374038395804,-0.8901023421608093,0.1201760531705565,0
0.17696449776102383,-0.928208167570131,-0.02725699524035292,7.442808569707037,13.905287524790563,-0.4993646203876748,0.08907841286568338,-0.888637906139061,0.11956723703938837,0
0.17619327826678505,-0.9400537478026999,-0.01919047903452248,7.088505911648966,13.832707557808082,0.0029405240725654813,0.09080100236360845,-0.8886700126050832,0.11949861983130959,0
0.17545027643972796,-0.9488855222772647,-0.017787105651154128,6.672653496743527,13.692226168660437,0.5451584912028459,0.09514477952025883,-0.8893387715059035,0.1192081453052233,0
0.18027081235736242,-0.9476291566533386,-0.022885123036981217,6.190448443734237,13.531822840829246,1.0733312920684914,0.09866771336611055,-0.8908532249823102,0.11910112851905562,0
0.18947339564180266,-0.942106629282029,-0.02553103133164553,5.6675752097805185,13.383652484086697,1.539371259242017,0.09862036323751167,-0.8946532053903573,0.12082669589412713,0
0.19595362063823324,-0.9436205087401397,-0.019104076963847822,5.150505744356298,13.216517612997968,1.9461905046887669,0.09590591676904471,-0.9017517646971882,0.1258640628039565,0
0.19530034070262267,-0.9555973151158561,-0.007158567483466903,4.702271515418827,12.94036723838115,2.342704548691256,0.09360712095361767,-0.9111422158918978,0.13423987208008895,0
0.18988334873483628,-0.9718303609133263,0.002348506705565554,4.40132033850877,12.468063010813571,2.786525984829654,0.09326695915414264,-0.9205007374064977,0.1441189348449897,0
0.18378520117301347,-0.9850099382303477,0.0067669330225271955,4.320268339272332,11.773657556848622,3.3225563003566854,0.093359279076303,-0.9288309110047137,0.152540871864151,0
0.17670967300443635,-0.9931956308757527,0.008898891701841109,4.481232674505259,10.888560893954613,3.99253476677116,0.0912450556685321,-0.9378148795719081,0.15754627544604538,0
0.16502475768716646,-0.9996458479871962,0.010037960022196531,4.823152021900394,9.85582473784769,4.8397738899243805,0.08587214621867749,-0.9498042360713362,0.16014883723303858,0
0.14792008857849642,-1.0088750190137925,0.008402667084499165,5.223036305051989,8.713244497190406,5.8730751824580025,0.07829854626816751,-0.9648565146452007,0.16342694873647234,0
0.13061859848128762,-1.0224711239212834,0.004869137256969663,5.569475412092075,7.521683021742257,7.022399334915587,0.07025150873834789,-0.9806998650251546,0.16902498806184954,0
0.12051015673358,-1.038144590646245,0.004834142725380184,5.834291973416153,6.374650265372856,8.163071815123727,0.06295040413683622,-0.9954383844069042,0.17519262645257874,0
0.12019247540073233,-1.0528827917416004,0.01165624703821569,6.0855163853551995,5.347274562151917,9.206835582084242,0.05714899059027613,-1.0090588424788876,0.1790567469400067,0
0.12540686583661698,-1.0659210850729084,0.021791654966433528,6.436010390942588,4.439476013357391,10.153898795441723,0.05349268763578486,-1.0219778191244182,0.18039010928288543,0
0.13053697391083824,-1.0780044995992524,0.029142553432790826,6.969664512795353,3.5876746757728006,11.04478212289198,0.05257190409613067,-1.0334735705425435,0.18200541503963452,0
0.13480482070838934,-1.0894358987150727,0.03226132409527341,7.6896482564537925,2.732417504503888,11.883496701256094,0.054926615086128026,-1.0426731387140467,0.1862900261019009,0
0.1414614668316864,-1.1001233826532877,0.035809701313391104,8.510827858398565,1.865898354088858,12.62308011407141,0.06073769301324949,-1.0503470510480861,0.19261465276480808,0
0.15173849872067205,-1.1103515399436714,0.04571987284809307,9.298992929258059,1.0158795549826032,13.208544531628451,0.0688844183742474,-1.058453180502957,0.19889987135707204,0
0.16210344185849032,-1.1202594168660434,0.062323698929537166,9.934044073620651,0.19347525758946155,13.618475825654961,0.07670982716245561,-1.0681954113000314,0.2045775507113209,0
0.16857127385250348,-1.1292521122371821,0.07759256293726753,10.351167711678663,-0.6317922639349972,13.876270861555106,0.08194855088941908,-1.0796175132017773,0.21071443774861157,0
0.1720009408289432,-1.1372103899172454,0.08151740350983797,10.540626301576765,-1.498425795572755,14.03075382128452,0.08526687458673093,-1.0926207589112462,0.2176724960705468,0
0.17717769705843306,-1.1458910004344132,0.07282408597257568,10.545254384597838,-2.402859646111925,14.110897389270397,0.09018094472645925,-1.1066675309299618,0.22374100756120055,0
0.1875436016489219,-1.1569924694879703,0.06104534197717409,10.484318979595928,-3.2976670094302856,14.089596235499679,0.09992115435572817,-1.1192580969699395,0.22629024670316172,0
0.20249145434279625,-1.1680551737075133,0.05655881858449255,10.550401700953312,-4.137268223063186,13.912875612639462,0.11446805356359757,-1.1263286172580815,0.2241574984981923,0
0.2187225811507832,-1.1726393524052345,0.06105115469240741,10.914960250254541,-4.909375265069867,13.578821879417209,0.13061684408033294,-1.1251768207985373,0.21918831604460853,0
0.2321806244072408,-1.1664128409834973,0.0689254311102668,11.586472167255518,-5.620690169597668,13.159602634397693,0.1442207081335362,-1.1166399258435171,0.21561725916410981,0
0.23922541461447308,-1.1516314001362453,0.07530847521837351,12.350732036511177,-6.274687871243713,12.720893348436508,0.15183952720980018,-1.1043508983785437,0.21761856856479564,0
0.23800548086514592,-1.1346616674553494,0.08093644965726772,12.880303049037046,-6.885191800693976,12.248904196232429,0.1512232315322758,-1.0924215897169796,0.22705608353027787,0
0.22943758664982158,-1.1210439044240563,0.09047660291900796,12.971676332597458,-7.509036322267565,11.693978358505792,0.1423342121608248,-1.0835730441702616,0.2431277246600331,0
0.21685273464077764,-1.1136251311700558,0.10722111259204072,12.734219843261094,-8.24259883673245,11.062970421282605,0.12889168762735698,-1.0784484944766328,0.263246240315625,0
0.20511020595755672,-1.1127722122969619,0.1294297838556996,12.530144212378863,-9.163476805494469,10.421897019436408,0.11760092318325961,-1.0761469407552309,0.28365761501829984,0
0.19898924275110147,-1.1164946629812569,0.15117813391768928,12.667804402465038,-10.267369295195728,9.819294129339939,0.11370788249643562,-1.0755149881136041,0.30000833895933143,0
0.19932652560620837,-1.1217775080410866,0.16538964412719842,13.132231571715764,-11.47407272798462,9.258317620278579,0.1162534564458177,-1.076452177432634,0.3086494835287211,0
0.19968391359029533,-1.1279014597834978,0.16615249966950454,13.622494850322301,-12.724057010973508,8.746565870105796,0.11795800021305136,-1.0808900799249945,0.3076831584318316,0
0.1897652553710554,-1.1387414807891165,0.15082660322670088,13.81604504334311,-14.097440832840766,8.325259321376429,0.11033813829100922,-1.0928730832505307,0.29635525628873155,0
0.16446559216525075,-1.1604464574215987,0.12147835988964611,13.538752558476075,-15.842873164020101,8.035371444458344,0.08944602483014079,-1.1164524792660293,0.27376202524182275,0
0.12853250014131104,-1.1951459094163008,0.0825755184229041,12.681124926236388,-18.255219463047577,7.8881638761653186,0.05779419855939659,-1.151650388141909,0.23908575042663183,0
0.09198640382091729,-1.2364424266617893,0.03667954539867366,11.029735003863163,-21.44834107588617,7.87294047756995,0.022531355479256488,-1.192070470805267,0.1936462447390964,0
0.06334260254302607,-1.2729714820474995,-0.014615712829626015,8.304812605234048,-25.158837263198322,7.951714029443884,-0.007666177956603806,-1.2280177833875345,0.14295663364286182,0
0.04764229296317593,-1.299243181907082,-0.06447629242999278,4.505374966173922,-28.745254968857463,8.033275461896661,-0.025778762887709993,-1.2541112305498057,0.09663611320669042,0
0.047282833425038744,-1.3225161363128797,-0.10035200340294882,0.3049570096607412,-31.46104848898527,7.991209438806471,-0.029038665528486603,-1.2742831691572347,0.06463134671695517,0
0.06183860231996135,-1.354123497572921,-0.1144034831275654,-2.9749057932571397,-32.8595874919618,7.713150982195489,-0.019222452423792766,-1.296999411004636,0.050654970240580625,0
0.08774234574975734,-1.3917233444529964,-0.11339670816819132,-4.036957984655505,-33.01489987718366,7.074411510408209,-0.00013027234642355788,-1.32354605397168,0.04796053435430347,0
0.11905875651333817,-1.4156521463536904,-0.11477238107059329,-2.5166161901795934,-32.36453408652599,5.866558453032698,0.02486976971656709,-1.3430991921276367,0.042937902232308006,0
0.14819626394279162,-1.4084015021297387,-0.13200254797586017,0.678564826050388,-31.332271695400248,3.893823101148597,0.05203587618189416,-1.3427354707252142,0.024997399740789503,0
0.16655544291926946,-1.3739923216994385,-0.16496864719530768,4.000207284282327,-30.07888800509198,1.2577314275984048,0.0744480665167602,-1.3210480728585094,-0.006225600675926326,0
0.1670703776162251,-1.3313245261994509,-0.2044148643895793,6.336530294073536,-28.552466924018532,-1.53423018942269,0.08226143643517105,-1.2876977728449759,-0.043362610759825046,0
0.14867922180363746,-1.2903904762168532,-0.2433729012624422,7.561135762403018,-26.69862803426004,-3.9009705154833503,0.06875524422198398,-1.2497335021383305,-0.08051717005752054,0
0.11870437793136669,-1.2431446130404036,-0.2830544637568495,8.155999584649763,-24.581054217620075,-5.634642579157204,0.037731682068156455,-1.2034305127423328,-0.11931874317020648,0
0.08886072397823502,-1.1794768667250166,-0.3286936947840159,8.454580646910799,-22.323616291625516,-6.916902720910472,0.0033608823131106996,-1.142295161251699,-0.16516908762687899,0
0.06678874865887899,-1.1047313112561237,-0.37999481315724154,8.3246589632495,-20.021237611378258,-7.919255238656617,-0.020607908895003284,-1.0696170949329185,-0.21722740151625622,0
0.05083162058764266,-1.0355010951503982,-0.42594491086327596,7.529842388023858,-17.80423612609218,-8.55103212599096,-0.03294397122675572,-0.9984261362099986,-0.2636946730877912,0
0.032633658357584194,-0.9815792198015711,-0.45159175961677933,6.254525090925926,-16.00129334432131,-8.646891576584185,-0.045488604009284145,-0.9396349880587919,-0.2899022604649736,0
0.003850418264247868,-0.9391255683597248,-0.45117265271802454,5.119611053139537,-15.1348470238992,-8.228613695052637,-0.07143967051603374,-0.8945640750585663,-0.29165196556308,0
-0.03899656031529694,-0.9021141413274902,-0.4324519307235368,4.628757942294671,-15.643979835388988,-7.4298788581405235,-0.11395366413414042,-0.8597977562938334,-0.27822375642344027,0
-0.09301885817507036,-0.8741683024253613,-0.4081107293776555,4.686865128300652,-17.584376661747953,-6.245263171025536,-0.16559042673970006,-0.8347995125622893,-0.2614969199847875,0
-0.1500081796957473,-0.8642353107100823,-0.3858867974609237,4.754258694854989,-20.607155345092423,-4.5321909888087095,-0.21614316500998432,-0.8218707854300736,-0.2447914039790215,0
-0.20054693967822526,-0.8725885520964637,-0.3665303399235759,4.428411794649592,-24.20256038790574,-2.2853010314793853,-0.2597092583661091,-0.8211613482638248,-0.2237729853247521,0
-0.23976426485501381,-0.8870710479761209,-0.34672267467225265,3.7844265704116986,-27.940046161092503,0.212252682166245,-0.2961957553599232,-0.8288304603794507,-0.19528735318403626,0
-0.2692241517205674,-0.8954888904990691,-0.322330357683868,3.1856070538360273,-31.523865181022078,2.5827158468888607,-0.3282015983313211,-0.8397923502144309,-0.16190338484816802,0
-0.29222169751004506,-0.8976630861560262,-0.29165166051820246,2.8877039993883025,-34.73100266809789,4.665127067428104,-0.35636504416875936,-0.8508836458695319,-0.12834062273979632,0
-0.3078614004853443,-0.9016773646051672,-0.2573815599201974,2.8661645699004277,-37.38623506285344,6.6060087169879225,-0.376910086966199,-0.8614563064924352,-0.09630541447747357,0
-0.3106192482884552,-0.9110419493427538,-0.22436929430150254,2.9537487267281777,-39.398695530904575,8.671174699598042,-0.38332108958853334,-0.871501480338106,-0.0643526996151825,0
-0.2948204978682019,-0.9200659366541993,-0.1952864083925198,3.059170689824489,-40.76098397599452,10.988536279831774,-0.3700985170548552,-0.8795723408072098,-0.03219543983420672,0
-0.2586182241246949,-0.9214856816543642,-0.17034727112964682,3.207195476890527,-41.476111021216425,13.441092073786452,-0.335660775934542,-0.8832223652652159,-0.003519762430419071,0
-0.20486352100395488,-0.9151882120407958,-0.15067474447759888,3.3784124000221554,-41.5067678816591,15.760592118923713,-0.2836058516594992,-0.8818486115570375,0.016656764731751057,0
-0.14020997593037068,-0.9084004307162823,-0.13805786416997148,3.378631651743746,-40.81364725889421,17.7152959735049,-0.2218436258005101,-0.8785607760970269,0.027096794324013462,0
-0.07339626433950014,-0.9092906426708082,-0.13048919678441617,2.9235939769741655,-39.4154477106112,19.24531634379235,-0.15904199750189751,-0.8787531878889584,0.03176723094958994,0
-0.012082685449315744,-0.9215204706449467,-0.12184251206007361,1.8486730546202395,-37.389636240360026,20.46221097921426,-0.10070859574017203,-0.8866846621577748,0.03630747846670585,0
0.040409492104270056,-0.9431565268199028,-0.10823262131157552,0.23464604383718318,-34.84313147802706,21.53342404185489,-0.048678741219367536,-0.9028130098693277,0.044077612334186146,0
0.08466756072751846,-0.9685058010643641,-0.09241327917835934,-1.608502194556974,-31.91690488858284,22.553271022450136,-0.0037950108052578506,-0.9236107526192302,0.05524368479169564,0
0.12094653300332368,-0.9914676583747034,-0.08006512789199616,-3.2312796655331266,-28.808510729900522,23.503317796994637,0.032271662401043344,-0.9439969060667549,0.06777325650836916,0
0.14705531397640187,-1.0092689782304651,-0.07371830681027618,-4.192048706558927,-25.74899654840557,24.316558766277772,0.057853416803300216,-0.9606962192302275,0.07845474224752946,0
0.16172032861187494,-1.0235894977237243,-0.07214335609920919,-4.265918156692002,-22.923172226851076,24.953592827122574,0.07256187594598487,-0.9736730305636414,0.08429322297716026,0
0.16772186163096475,-1.0373166188051364,-0.07351585968510854,-3.583909236048806,-20.397112519749893,25.39345339893539,0.07733569858751127,-0.9843286739923899,0.08453075969512071,0
0.16868850837851734,-1.0499096191456636,-0.07657591841822212,-2.5230348797015307,-18.121869281662946,25.567954099485018,0.0739136431939764,-0.9925932549394485,0.0813990268497218,0
0.1638229078404861,-1.056233819596088,-0.07988620923671495,-1.3908560077797534,-16.005374733518263,25.364440339375708,0.06420477093424472,-0.9961637078519092,0.07820391099387687,0
0.14930441743676826,-1.0506194482312063,-0.08204008995328656,-0.19781102793067729,-13.9740825350099,24.726807284026414,0.04965291054705606,-0.9923538837635572,0.07658617026746219,0
0.1254246447139264,-1.0326215403334378,-0.08255799832021812,1.258418290471672,-11.975885103213162,23.727742895749305,0.03152016367202255,-0.9802559974962664,0.07578039781593002,0
0.09946944968438219,-1.0081817999288825,-0.08252035893847094,3.1010234889988295,-9.958486967906993,22.517403044205356,0.012079161498595567,-0.961526891776222,0.0739714993676752,0
0.07989779623816606,-0.9845356768779856,-0.08473360601142041,5.173306399474333,-7.870350976238455,21.227306996449045,-0.0052915507773926606,-0.939946603686312,0.06987677635232357,0
0.06875010785163163,-0.9647593468830814,-0.0921592635153225,7.08859959562369,-5.678646447198936,19.943853436838836,-0.01819100676539154,-0.9198299267180952,0.06352843265154601,0
0.06079680650475102,-0.9472789963657192,-0.10490740464613435,8.443065240799058,-3.37831732322102,18.724476049929905,-0.027366165410220522,-0.9031732662168914,0.05602992253727149,0
0.0497628339145033,-0.9288203088838414,-0.11961385489215295,9.015792827392193,-0.9913631106085831,17.574397644895768,-0.03600963270690843,-0.8877456257443876,0.04817092590346656,0
0.03476754859922034,-0.907319021668662,-0.1329410837254986,8.835051979388878,1.4329949531098476,16.42615738024507,-0.04650229250518439,-0.8694159956798911,0.03914980801175642,0
0.020360615613599413,-0.8838500145051335,-0.14473114647533075,8.081490147536808,3.816051983080272,15.217093755457848,-0.058512602005077595,-0.8473828334495431,0.02749643923271648,0
0.010337572979599401,-0.8624978115114451,-0.15611923423075916,6.917276468237523,6.047232220146263,14.009739010890934,-0.07068074734038257,-0.826158693125933,0.013894191498874489,0
0.0026600382328876597,-0.846955292007962,-0.16519843307333182,5.400739954822299,7.990590463821667,12.990701177289743,-0.08279988531785767,-0.8112879176339929,0.0026113616606522334,0
-0.008060028471159691,-0.8369527052427542,-0.16692479614063566,3.5552157652089496,9.520698012374531,12.314454484072597,-0.09511113467896912,-0.803511362934231,-0.0009578284686079082,0
-0.023695564707706646,-0.8294761758726581,-0.15850269653213053,1.4896402626150327,10.579980091894853,11.952899011833729,-0.10694661776679726,-0.7983864416264754,0.005092253108822553,0
-0.04068349137368392,-0.8233654615360296,-0.143760516065048,-0.5796557439480934,11.201720499164587,11.707447632016361,-0.11807764629272959,-0.7920231383075244,0.017192329836609378,0
-0.055074452453084004,-0.8206660980946103,-0.1303959105954666,-2.4299038060334524,11.467612498445481,11.363793102294945,-0.1300872130175283,-0.7858841170906814,0.02948956809735415,0
-0.06635880936354575,-0.8233623071787479,-0.12267201092474461,-3.9363400797913526,11.449354573380086,10.847586730763112,-0.14377262360437804,-0.7846679890814686,0.038984678880934064,0
-0.07495978413182279,-0.83117381648863,-0.11808465017122755,-5.076747496585438,11.199492712427947,10.267485263853532,-0.15598585564178094,-0.7905507582827355,0.047182756625447825,0
-0.07908217698072005,-0.8431457960971882,-0.11127807653695027,-5.871412705652963,10.790424954081754,9.81860456996684,-0.1619083019658677,-0.8015389930662937,0.05719179501551258,0
-0.07715350597981033,-0.8591018420449366,-0.09957296897301064,-6.355087575260663,10.346207059348332,9.604212898287482,-0.16051830428139438,-0.8151662765608075,0.07004584711695024,0
-0.07212623436575424,-0.8784456594005109,-0.08432632095105681,-6.597455406619882,10.01622281285423,9.51424832436524,-0.15578273758683142,-0.831615346047732,0.08371612564678804,0
-0.06992674845962465,-0.8992178585963769,-0.06879865553212931,-6.706188650874025,9.891100451553756,9.28707905193584,-0.15251617108343507,-0.8523465526743165,0.09506700722920346,0
-0.07294938331587839,-0.9196871433505355,-0.055573641708516246,-6.770955702630552,9.933418270833105,8.712824951569857,-0.1527178807805796,-0.8767688740699897,0.10280120821677038,0
-0.07764016271205668,-0.9399705994235937,-0.04475614836617648,-6.793248131160906,10.01011878438227,7.780080923443495,-0.15566055149881516,-0.9013059090967073,0.10870192006486666,0
-0.07982986492430443,-0.9605727176977349,-0.034302225000491356,-6.681223502653229,10.009800773981283,6.635017328803159,-0.1595649306233686,-0.9216849736099703,0.11571253730010525,0
-0.08007467363336973,-0.9794904732620204,-0.02312848389622097,-6.319545872015903,9.916341423324196,5.432715761486068,-0.16260067198688954,-0.9357263760400459,0.12476022411530621,0
-0.08153141310004992,-0.9923220201905205,-0.013306278373607492,-5.635582882165866,9.760422047815085,4.247597530901142,-0.16354607656314576,-0.9437327365825383,0.13394958305989865,0
-0.08447016110404994,-0.9957427816617767,-0.007695610286893165,-4.602341283429916,9.53193569933116,3.0954759935844285,-0.16258195657863542,-0.9463659539939829,0.14078783749311566,0
-0.08591470038449367,-0.9900559453702866,-0.006210067595060216,-3.2260599892091077,9.180904733166985,1.98520332469817,-0.16126581052702582,-0.9430187932600254,0.14440546572423157,0
-0.08382285752655796,-0.9785772518464473,-0.006128231840228598,-1.5923422430626362,8.701638088947782,0.9305940483779673,-0.16085463899653069,-0.9334469156531422,0.1455465111316112,0
-0.07869459777228262,-0.9657623129802035,-0.0053347047867439564,0.07394400283690541,8.180882657220447,-0.05325353551623825,-0.16037296101407433,-0.9207838559372103,0.14542493688993466,0
-0.07159406153533668,-0.9554192114510759,-0.0034548031904145468,1.4599953405392074,7.743207250629253,-0.9433989214929281,-0.15716726706858153,-0.910700529636751,0.14521459584538524,0
-0.06333193129812786,-0.948634061782733,-0.0005631215491351679,2.3391588230298064,7.449551343835059,-1.7267491049888803,-0.1497771333816396,-0.9059148985519195,0.14608425164642544,0
-0.05504088539133885,-0.9429010815148877,0.003144773536359702,2.713501875386061,7.246601839221689,-2.441164445294049,-0.1393230996831882,-0.90282619561007,0.148905046676899,0
-0.04712602464465029,-0.9347277661313614,0.006819427763661124,2.7838100589945625,7.012702928457614,-3.168908404536402,-0.12795371995384472,-0.8956587908925007,0.1536627553693575,0
-0.038322895203398426,-0.9236272312021143,0.009806000535022926,2.7812810550868137,6.662328383395134,-3.9702047060804158,-0.11739241686901447,-0.8833466705802259,0.15922944074400017,0
-0.027669058173848144,-0.9125760393046458,0.012408955007545575,2.817984802040473,6.214018191836442,-4.843533835809926,-0.10902855898425648,-0.8703017491088715,0.16390690596702157,0
-0.01664641756521836,-0.9043993618267083,0.01444438839990649,2.8657090051641103,5.757950484419981,-5.7586948126606945,-0.10346023208436167,-0.8607204719477369,0.16662821875707584,0
-0.0080875284646496,-0.8989160008547414,0.014422135590179694,2.8412039693762434,5.36817378189592,-6.703880153764808,-0.09941474405537234,-0.8546277871161062,0.16796055029539578,0
-0.0034883685749054626,-0.8944206726528721,0.012457933724975771,2.699592653221152,5.060684452781333,-7.692697430441063,-0.09459139923262554,-0.8501838985857322,0.16978947620818682,0
-0.0018290142917022584,-0.8912135396270381,0.012919375152188974,2.462855260269617,4.82557135532685,-8.751212762778636,-0.08797355654262272,-0.8474293313068766,0.17379936921955547,0
-0.0002645654689463477,-0.8920289268743725,0.020796804403893508,2.189281301915649,4.670214880363811,-9.912192086702927,-0.08015283049193783,-0.8478365167972444,0.18024675024144154,0
0.004459485812757345,-0.8982408697318252,0.03488270850717734,1.9408965462896914,4.62354439782694,-11.205901146506339,-0.07132327310391537,-0.8513599851797607,0.1879570453774118,0
0.014279699274525614,-0.9067175851440535,0.04741672678978107,1.7816720910540786,4.714654577015351,-12.643499399647224,-0.06067895313890224,-0.8558973558609606,0.19508909639833422,0
0.027708258859134475,-0.9120793398438864,0.05201185464830584,1.7803719449667679,4.94959649633607,-14.210443534052269,-0.04881490457136352,-0.859737012737041,0.20011810931710167,0
0.039029420010877065,-0.912339052098694,0.050224524075429995,1.9811738364186617,5.292813657862475,-15.869602975360307,-0.039593204897137045,-0.8634241128570745,0.20278882790456282,0
0.041770084839096,-0.9107975735344002,0.04866062929657758,2.3589951590517817,5.671047325081755,-17.562400532160527,-0.037851784572830866,-0.8685612155445606,0.2043094330200469,0
0.03493754577450229,-0.9114169489525396,0.050703306512779815,2.813496861740038,6.015707462983897,-19.21761133047565,-0.04461537624909142,-0.8751348497720782,0.20616234957432478,0
0.024748183173317312,-0.9142086244311792,0.053580405875036735,3.2060447445850992,6.311181747307491,-20.773169476449837,-0.05518182845047788,-0.8810205871896515,0.2084032486166576,0
0.018590412507548112,-0.9170835188014338,0.05365834347125805,3.3822935383347748,6.592636730456171,-22.187553052759018,-0.06290379321111095,-0.8844070286460102,0.20937820897188916,0
0.0179794446143427,-0.9199104153687996,0.05136481169189445,3.17159882291558,6.888027517091927,-23.430200795758193,-0.06504848506059491,-0.885657809558705,0.2074813983149284,0
0.018289041691339217,-0.9233186189060929,0.04914499839047187,2.4335172858142724,7.162142185237028,-24.474068229100478,-0.06441808875155738,-0.88600411623489,0.20302146604732046,0
0.01445330243218928,-0.9250195583470241,0.047317367713725654,1.153013785927909,7.323126243685461,-25.30613476199883,-0.06560022877662383,-0.8851762382093442,0.19803185389616837,0
0.006096605447457002,-0.9213842129240959,0.044632675867915673,-0.5401190908450166,7.299167184247298,-25.944113122603067,-0.0707735009288893,-0.8816272959315025,0.19453820012491566,0
-0.002334797999633943,-0.9129613383605237,0.04159476951395799,-2.4862141108750446,7.129064289429971,-26.437395436050604,-0.07859833089861944,-0.8755051745348625,0.19345845446863488,0
-0.005720603708404224,-0.9058894958701308,0.04087189726576845,-4.611905526160848,6.9846371142579615,-26.8367257603076,-0.08524204477984873,-0.8705651836166538,0.19500223609895048,0
-0.0025694168663930672,-0.9070048836114085,0.04475891684539385,-6.9102690170679395,7.09209208605617,-27.147049723033277,-0.08651144025418218,-0.8719493676579843,0.19955795246263658,0
0.0044838349923107135,-0.9187117081206545,0.05358757532965688,-9.34773304791859,7.608778788985709,-27.311787469418164,-0.08091028833579039,-0.8823401959711884,0.20762186122883436,0
0.012271663497326602,-0.9395276087145226,0.06577940891865476,-11.846201427435952,8.54693133778777,-27.25649120067434,-0.07096462620430381,-0.9016696681504497,0.21847756593013754,0
0.02088479600405423,-0.9685457194113398,0.07793445172193365,-14.34029774718778,9.78684466292396,-26.958889558248952,-0.06004697163154301,-0.9298834592130213,0.22927941593261078,0
0.03375027616606375,-1.006674320158084,0.08577574992735197,-16.77833446963548,11.155840989686034,-26.489631924467815,-0.04762668732344731,-0.9670529162649117,0.2364057421954957,0
0.054347914764444935,-1.0524099089239278,0.08675151857569836,-19.02197785645014,12.518550389568176,-25.996912415100542,-0.029343379198404632,-1.0099619052817381,0.23809465883646222,0
0.08285797345012118,-1.0984440111743288,0.08207276455468474,-20.774566214334577,13.825120782410409,-25.642682674021778,-0.0027789393254566376,-1.0512002880968347,0.2352508224459315,0
0.11479382129060753,-1.1348917295547787,0.07627600386252163,-21.687098018311758,15.098858571038571,-25.52420603458752,0.027860561589279242,-1.08377464996964,0.2298047661381165,0
0.1420878354569922,-1.1566560701732194,0.07442775892912162,-21.60341347516555,16.3964736494386,-25.63247567066658,0.053898324344250736,-1.106098663548366,0.22352463228183825,0
0.15719781392986093,-1.167398486915246,0.07825795318384549,-20.71485509735525,17.778373896913877,-25.882574555501787,0.0687968872580428,-1.1214726534115782,0.21869471929826534,0
0.1585333202043627,-1.1753609976089539,0.08473567344452686,-19.44755870246409,19.28149964586602,-26.190646882723414,0.07239260464522411,-1.133206423568787,0.21820151478867328,0
0.1517752558823557,-1.1844900582803157,0.08958823252392809,-18.18110027876573,20.879124779776646,-26.518745369369192,0.06926119352582473,-1.1413271992526417,0.22360041783953927,0
0.14452562639818012,-1.1908958362008912,0.0920489580443629,-17.070978477841155,22.460489385045577,-26.837321692573035,0.06373923272612653,-1.1440618826282312,0.23389303441655873,0
0.139668464058113,-1.1896908956686933,0.09578612530813274,-16.10298117276946,23.878865307408006,-27.059948940366617,0.0568826027175395,-1.1415417907481271,0.24717212245700607,0
0.13446830267841728,-1.1835074781195356,0.106241661684894,-15.239983671130004,25.04807531558733,-27.05560200849583,0.047966629096832636,-1.1371676253411003,0.2628774123861556,0
0.12565568373282096,-1.1807206694171617,0.12635569309637185,-14.464193533317983,25.995705196000664,-26.744397026390903,0.03774019275285974,-1.1350962503435305,0.28155906672832887,0
0.1143206152371318,-1.1853603228203735,0.152610483513397,-13.704568764508625,26.819144485627206,-26.158783466623365,0.028768687369481294,-1.136510978737567,0.3025550685156678,0
0.10501925610792276,-1.192118982093224,0.1762658950402231,-12.79961724312221,27.602269518783807,-25.39600163417858,0.02258060658482293,-1.1385542854431936,0.3227549687848931,0
0.10019598904135926,-1.1925370697098627,0.19094675888292892,-11.582377873190383,28.384255450261907,-24.534733965252624,0.018058133370557256,-1.1370127317881276,0.3385945414323585,0
0.09674862548309168,-1.1838912551072456,0.1979038979850542,-10.003806207713062,29.191056578456735,-23.612188133964676,0.013416273890270154,-1.1299897918887991,0.34934815910529965,0
0.0895167053373876,-1.1705526888237752,0.20231922802917596,-8.166599920178747,30.062374962824673,-22.64595689455627,0.008426717456139543,-1.119295263474009,0.3572558778529325,0
0.0780122374597672,-1.1587534024334045,0.20659452255123392,-6.257393351468621,31.022089015111877,-21.62794135082429,0.003512842212588953,-1.1094618734821853,0.3635802097226131,0
0.06755849012603755,-1.1531708393219426,0.20854460420536888,-4.477365504526456,32.018913207151456,-20.47945790145241,-0.0022612397452927108,-1.1065072856179021,0.3653777478209553,0
0.06263885048159626,-1.1586372080095162,0.20340604792876313,-3.054520074982153,32.916484883113505,-19.02753355418152,-0.010511157407501045,-1.117077791034653,0.3570598989829173,0
0.06194536901067482,-1.1818359703861008,0.18606351206978142,-2.308770469439507,33.58466867943946,-17.060799220561613,-0.020468583287941308,-1.1467448713161705,0.33466658153025897,0
0.06298682673701837,-1.2280636441549977,0.1536889998320062,-2.6518765944051337,34.0627720906845,-14.464023244353385,-0.027189668432347148,-1.1973566671300195,0.2980950092163657,0
0.06863049941952035,-1.2955674954278897,0.10767763351782743,-4.434855456531992,34.67563147608588,-11.357453733905656,-0.02382748995335476,-1.265272410356073,0.24986898556358983,0
0.08291257287531975,-1.3743196545509087,0.0520887030449301,-7.700558576025347,35.93173737898745,-8.125529259750888,-0.007934511856130436,-1.3417632953204277,0.19319808292645385,0
0.09918778250435917,-1.451598190982958,-0.008625673880922927,-12.007826247683099,38.133636438795904,-5.254835262413316,0.011846691813455497,-1.4151935035829708,0.13252203466260162,0
0.09751731489992523,-1.518233437840226,-0.06785587243588487,-16.427221004835495,40.93309332598917,-3.0339314868509346,0.01573605862885048,-1.4741037342956271,0.0757389626883338,0
0.058842780010325293,-1.5682532221123897,-0.11508656415630435,-19.6903920660578,43.28024911221301,-1.3335000315331966,-0.016109179097470647,-1.5100023919221806,0.03327759577095751,0
-0.018016970249013484,-1.5939198202611142,-0.14152134570721644,-20.512935954638625,43.95099921583998,0.29995410543918655,-0.0882222049373111,-1.518217750141148,0.01170239558035097,0
-0.11542948358645998,-1.584870230970035,-0.14911237025492718,-18.149380663719583,42.250109130811914,2.2662540517155394,-0.18513146185383342,-1.4967735619822482,0.006958187518983121,0
-0.21192103943753093,-1.5345967480885956,-0.1517678936463478,-12.980327309782385,38.281996780581714,4.594916078474196,-0.2829287026382682,-1.4458377912113458,0.004817489335964746,0
-0.2954613571394984,-1.4483357974604056,-0.16636182684023706,-6.615814878443324,32.648666622767266,6.992873623289227,-0.36475948087425214,-1.3696311825736234,-0.010362448994437359,0
-0.36326454411047265,-1.3443264039192055,-0.20162161102319545,-1.1996639080579927,25.996936263558553,9.158543263504493,-0.42557280972147854,-1.2786939069651166,-0.04576984359767131,0
-0.4139606840160784,-1.245501420617888,-0.25354236570972466,1.7196777723431225,18.84804057831445,10.99748703255857,-0.4668525944386415,-1.1881262058108824,-0.09745362925357,0
-0.44428948629350123,-1.1670550795968806,-0.3105773045727251,1.9476112226220303,11.70994697795841,12.555527982483705,-0.49171093646598557,-1.1109110954427115,-0.15567149240474115,0
-0.4530877478519369,-1.110272997526188,-0.3633607910860689,0.5092581779485598,5.180115903047618,13.833908673657133,-0.5036702802366472,-1.0517074736137468,-0.21141185040691368,0
-0.44459296150168426,-1.0673800407149878,-0.408209088935964,-1.1837300301974039,-0.13667072067813757,14.730161396184432,-0.5048448614831255,-1.0071779260056593,-0.25807670452279474,0
-0.42441643917095373,-1.0311780320797623,-0.4419649727938612,-2.1814298579936766,-3.8025531848768006,15.13531636485663,-0.49329014924865877,-0.9720747456456973,-0.28974894571409526,0
-0.3926187319574316,-1.00019096113358,-0.4585423854732846,-2.2935718025095553,-5.6395555386770955,15.035222033801016,-0.4643116604734633,-0.9444992636252195,-0.30146479399592463,0
-0.3439106639561495,-0.9768272008503105,-0.4538475382971487,-1.8170020189973501,-5.70255738885055,14.500211690383333,-0.4158908421974041,-0.9257062077676217,-0.2928280768142538,0
-0.276267320627666,-0.9630078139830669,-0.4320275652137134,-1.1124541254558542,-4.229219587591323,13.5932186338,-0.35196439446688554,-0.9163986904271209,-0.27042780388915466,0
-0.19715920356682065,-0.9582353600141535,-0.4042507578095576,-0.4154676541185532,-1.6400897234536913,12.303599858422919,-0.2797981706929614,-0.9147383239157398,-0.24494924081247504,0
-0.11832538246660601,-0.9605363406463371,-0.38110822994872146,0.10998520068436946,1.4652231546701484,10.573375028828043,-0.20511981384243008,-0.917639860519972,-0.22480594988964334,0
-0.04464390910910416,-0.9670009206171661,-0.3663502752984007,0.3241163461641292,4.422724478975565,8.39205458996252,-0.13021305990750015,-0.9221439007507538,-0.21200631131293463,0
0.028571981352078606,-0.9729921904298234,-0.3573478480058433,0.2025297516524409,6.732007634920149,5.87129135676953,-0.05548669969425045,-0.9252245188249538,-0.2034799526881115,0
0.10534464447071083,-0.9735956032496718,-0.35031972597733474,-0.07122383798778546,8.244198004930048,3.2087880994340714,0.017941443322513417,-0.9244154077948464,-0.19536352293489723,0
0.17913367614326584,-0.9679786485736972,-0.34371047566230184,-0.194645905100088,9.137047566261733,0.5432408389406366,0.0867091128830622,-0.9197566899430127,-0.18543401397044842,0
0.23773375268043145,-0.9604496303050293,-0.33635891356916264,0.02971656288045639,9.686667977143607,-2.1566690133162676,0.14603935362882176,-0.9136948611318912,-0.17245951283363795,0
0.2767191729085241,-0.9551797501689162,-0.3244422948660443,0.5668082209475702,10.046498753907294,-5.020047406717092,0.19219125828961944,-0.908295189084896,-0.15537034647107054,0
0.3019251899879901,-0.9518843697416546,-0.3035232024334671,1.231437217478427,10.215207200107372,-8.073570864976489,0.223324040395331,-0.9037466770620908,-0.13419857862007714,0
0.31790091212381555,-0.9487182809063993,-0.27491945226197667,1.8404401429625992,10.153023546396009,-11.136222371051257,0.23773659400881195,-0.8999176706519187,-0.11113786601135606,0
0.3197101687735773,-0.946784830887289,-0.24716222274519567,2.2617362552609337,9.877300753743794,-13.921345745966486,0.23291187953902226,-0.897953875072696,-0.0895220445925309,0
0.29838554161089026,-0.9485990248657228,-0.2278144517304214,2.387637422359493,9.453651271260485,-16.221784235256262,0.20763247012093897,-0.8994429179947621,-0.07122479793258485,0
0.2515225429762312,-0.9532953086318278,-0.21531228878149866,2.173234627204823,8.927745720972831,-17.997053165919638,0.16450443974831644,-0.9041816727760005,-0.05520665137794768,0
0.18782089971082586,-0.9557772397735733,-0.20249119347181618,1.7465981174307532,8.26673760179668,-19.322101655542834,0.10989364984505653,-0.9088122730437043,-0.039291528348076706,0
0.12284501708346342,-0.9504878196445291,-0.18721790107203087,1.4172278142770356,7.352409313491574,-20.278984975741796,0.05187756674679638,-0.9077093430552566,-0.023726688577350226,0
0.06911737234424176,-0.9353531745539357,-0.1750957309097835,1.4683851336656373,6.052058028927169,-20.86850481329109,-0.002043467287375242,-0.8960785271581311,-0.011977617805418101,0
0.02767238564473156,-0.9124561613476211,-0.17103492200585044,1.8970984281059884,4.335445155188348,-20.978585111862813,-0.0472113480844543,-0.873342698840341,-0.006881605020955085,0
-0.01032293131930929,-0.8854521956445394,-0.17272366029528735,2.389900560396414,2.322579323532053,-20.44332069914955,-0.08378311937857426,-0.8439719528429651,-0.007095518571419001,0
-0.05167280103734402,-0.8571829183496222,-0.17515833243476317,2.57204520740253,0.18591977061673898,-19.188723133010612,-0.1161920223006433,-0.8148535862919382,-0.009184472589981237,0
-0.09206134458612222,-0.8303667617087076,-0.17816994440100353,2.2655763627636927,-1.9952729761475294,-17.3556539816519,-0.14848984326913064,-0.7913961258463432,-0.012227786558450159,0
-0.12115373045378862,-0.8091297613698344,-0.18526284188019232,1.5410847343059475,-4.25399261228145,-15.266760743970451,-0.17919557950125978,-0.7754673995158371,-0.017910081873268667,0
-0.13436169073249205,-0.7975962171045003,-0.19650976265551745,0.6099888002483752,-6.611685694552958,-13.251824734521758,-0.20185167121467895,-0.7664357003659495,-0.02661034614331821,0
-0.13563927158931144,-0.7967902987140633,-0.20699487105897496,-0.31082313886268254,-8.9796103564894,-11.491656954747508,-0.21118921600384513,-0.7637175906229409,-0.03588539704077198,0
-0.1307272006152019,-0.8043106561331369,-0.212613469569727,-1.111324452821321,-11.207699707760623,-10.001243567913377,-0.20783473772484487,-0.7678759416406774,-0.042740669462017024,0
-0.1221568624931607,-0.8175186613429685,-0.21373546721540795,-1.830754509179844,-13.205308589606002,-8.724087158349903,-0.19703561430109315,-0.779272519064761,-0.045467803720920796,0
-0.10978944349001842,-0.8360508760686916,-0.21153937035050566,-2.5650109650665494,-14.984689380035789,-7.630157596668499,-0.18389083936400555,-0.7963603880537812,-0.04328269084850654,0
-0.09238900640423953,-0.8601641475651387,-0.20374767421151996,-3.299490854755498,-16.60156499563492,-6.738682616222206,-0.16969579662318945,-0.8158466099876373,-0.03592270591335969,0
-0.06904865425271164,-0.886798687144855,-0.18774203082236215,-3.84759207383301,-18.09177576139182,-6.063315508801714,-0.152059000574478,-0.8343145671740978,-0.024430861138123167,0
-0.041466668715804324,-0.9086984021298736,-0.16743997607874758,-3.979121960174036,-19.471721460752416,-5.551487805942331,-0.12858550151543297,-0.8493594345426546,-0.0118142386955875,0
-0.01388036081625848,-0.9190562340467984,-0.1527833648608508,-3.6266278971073196,-20.763914544631533,-5.1026638692608906,-0.10043463017923898,-0.8596498724208049,-0.001980829205789711,0
0.01111578891112441,-0.9175516872427619,-0.150296275505717,-2.9908085278136527,-21.988094918302057,-4.657731119173895,-0.0717712489826803,-0.8649309147753208,0.0027870820770786496,0
0.03524905739824574,-0.910924822772311,-0.1567446745274981,-2.4573810376991556,-23.130874866140648,-4.248313716931273,-0.046095754898586506,-0.8662245737309738,0.003393280338784395,0
0.060986490624907824,-0.9068357900517776,-0.16369862597315163,-2.3835824275491513,-24.14967349119295,-3.936434283124945,-0.023949662796564106,-0.8654162459550206,0.0025600620539978376,0
0.08645914145312228,-0.907674456651901,-0.1658273442017873,-2.9107125070825055,-25.01926371421817,-3.7182315447664553,-0.003946477388315738,-0.864516659460935,0.0021537202576016596,0
0.10647495183047954,-0.910878073563903,-0.16350364666747882,-3.9289863831333776,-25.76509676997276,-3.503731815344607,0.01481117253848651,-0.8655406653633183,0.0025124614331858137,0
0.11859353628676166,-0.9142031823111735,-0.1597485596018366,-5.184145953735278,-26.437530922171238,-3.1785467849346185,0.0315790854804385,-0.8702571025762497,0.0038600122692161597,0
0.12605321866410332,-0.9190763299099155,-0.1560734810228539,-6.417719099065256,-27.05380092589844,-2.6718251090705056,0.045001946267689524,-0.8789903385127006,0.006935739369406968,0
0.1337595229204005,-0.9287166514786663,-0.15052940958678562,-7.4591849071266445,-27.578356160858952,-1.984848007375187,0.054899414967478556,-0.8902297561480648,0.012078889982689444,0
0.14296400387399075,-0.9441830633349917,-0.1400043415028479,-8.255590747640902,-27.96931878714976,-1.1890575649108897,0.0625103975609607,-0.9024178274697732,0.01901596174204288,0
0.151548752059727,-0.9628424026202165,-0.12462144340429242,-8.840513202868694,-28.236226275482686,-0.40312743958153585,0.06903510564040419,-0.915490519020887,0.028115875466431243,0
0.15857263428629004,-0.980142793907826,-0.10815951114701394,-9.248095589142181,-28.435788420296962,0.2600484148676019,0.074815157794735,-0.9296484775387334,0.04078623690825559,0
0.16585431327830372,-0.9924822287723913,-0.09379944862033916,-9.430953949415207,-28.610215156358688,0.7594649618736239,0.08023865133596673,-0.9433742322063409,0.057545539184813393,0
0.17430419155159743,-0.9990848679852455,-0.08163259499379706,-9.274439773023472,-28.749002910143503,1.1403057537684584,0.0861626756056047,-0.954119029862349,0.07589964324710026,0
0.1809007985298525,-1.0021880655719448,-0.0704272149593864,-8.711757113653125,-28.82343605672035,1.463265171572701,0.09223713659836437,-0.960813285304112,0.09108174963556676,0
0.18124200439521548,-1.005390907861925,-0.059507051208235406,-7.815131856629197,-28.841629013750666,1.7293872183081433,0.0956231082151559,-0.9645424287085275,0.09965307061477996,0
0.17438581759951993,-1.010614369254005,-0.04887039611889926,-6.752108698187511,-28.84027918137052,1.910354116611546,0.09287436951067703,-0.9666987139690494,0.10260225652682005,0
0.16354613331623255,-1.0159621750305219,-0.039244039466880085,-5.65201688844105,-28.819566532992592,2.0541539911199655,0.08306296338839354,-0.9673497651556942,0.10462016010322589,0
0.1519446779846283,-1.0172286776120234,-0.03193126074983561,-4.526693620570711,-28.722539696513703,2.3104507311711506,0.06837756648781468,-0.9655187946111246,0.10987613693195519,0
0.1394575471535209,-1.011902975067292,-0.0276111162873185,-3.3137824324786695,-28.51276422846973,2.8106604081457847,0.052082328714235834,-0.9603415631346363,0.11833220385894803,0
0.12430626730117915,-1.0007918266488083,-0.025538958479955912,-1.9734942481776245,-28.256327876893447,3.537597737836175,0.03652730876783934,-0.9515463115533069,0.12614007540033065,0
0.10681721674743955,-0.9856143507269469,-0.024648064229402616,-0.5443588867994621,-28.08637080414883,4.345250575862134,0.0224706379400454,-0.9390916744509483,0.12932609953145138,0
0.0895680832133243,-0.9668014279642723,-0.02535883265717099,0.8560497946956785,-28.088289164978747,5.098379896755609,0.009186066534156729,-0.9231200243406975,0.12690463354259346,0
0.07420013683537804,-0.9448380572221283,-0.0292615282588152,2.053317488720729,-28.252989502871507,5.763066622967315,-0.004641958654743268,-0.9049507734826511,0.12093461883459206,0
0.060241235770948094,-0.9227866297671065,-0.03637874837290662,2.856037794250331,-28.53082735274975,6.374348073667622,-0.01903515417935308,-0.8877294437068828,0.11448694034292142,0
0.0475361138538424,-0.9059020773112048,-0.04389608968161341,3.1232887202722623,-28.876169702555988,6.970863247712869,-0.03156352488046617,-0.874831050735208,0.10995668503772985,0
0.037954767517992205,-0.8978350379653819,-0.04867646255248276,2.838876035872723,-29.23258231967165,7.581981878150695,-0.03911265424091872,-0.8671411611143621,0.10866377619385018,0
0.03346987037877553,-0.8971281700016831,-0.04992787519514352,2.1426130461928734,-29.540983840803257,8.227660449864846,-0.04119268680070026,-0.8626542166327851,0.11087422088234902,0
0.033875055000729695,-0.898235755266387,-0.04838373932864473,1.2773205728990686,-29.808565515741016,8.874662210435421,-0.04037474295418745,-0.8589846659388669,0.11559204345503885,0
0.038232365475403624,-0.8964964052646324,-0.044334465727511395,0.4653623429455704,-30.128382955795875,9.416229234421703,-0.03854673988564097,-0.8553335900225061,0.12068390171055736,0
0.047628461121099655,-0.8915385054321975,-0.03809588926113396,-0.19332165192190703,-30.564720653957156,9.770552607914917,-0.03374067834119329,-0.8517052252028386,0.12394532688742184,0
0.0636280011270869,-0.8857319855555462,-0.031446032733698615,-0.7109031347907069,-31.02371194651598,10.015897791706598,-0.022429106910551465,-0.8474725478731245,0.12459702498714459,0
0.08379928352044917,-0.8806781279774588,-0.02679117762671574,-1.1260298917923832,-31.298351655320975,10.363024615986728,-0.004817005697268008,-0.841897120177125,0.12393516876951706,0
0.10199878689094931,-0.8763621295146604,-0.02485813250033205,-1.4684685395684618,-31.264714157700507,10.953335482216424,0.014191852369939749,-0.8357970498036513,0.12442507517826079,0
0.11479152918681326,-0.8730145931802977,-0.02393236180819069,-1.7991634368608225,-31.002009117809237,11.720554240606608,0.030087130442803058,-0.8316673859605823,0.12786991454951946,0
0.12546798507814455,-0.8720591616250891,-0.021509035068270115,-2.2197255451953115,-30.708664484215138,12.47375991253861,0.043168626200528366,-0.8316322056725632,0.1339334629606148,0
0.13954765748476597,-0.8748408010241566,-0.016959085128275455,-2.802266128231154,-30.52924251634336,13.069195571905635,0.05660793613100993,-0.8355576766465339,0.13997947139107322,0
0.15729124497886685,-0.8814970598903822,-0.012728708532384432,-3.526683686337438,-30.463825072988442,13.472985528902338,0.07121144660571993,-0.841452648460917,0.14268608870983887,0
0.17301759985168594,-0.8911229388723199,-0.012046895803424114,-4.300535758231406,-30.402949049734875,13.713117167803487,0.0838945488109454,-0.8474354458834437,0.1407827809983468,0
0.18192151517552285,-0.9019014212548324,-0.014909202617064491,-5.025805694048289,-30.22579053110018,13.834231811594274,0.09142490248936225,-0.8530868205307277,0.13662141433468486,0
0.1851790794496036,-0.9113544453033335,-0.017327929263580098,-5.645468663367987,-29.88445690253583,13.887868098904653,0.09420676112498408,-0.8593156326456796,0.13464996661690298,0
0.1873495521455356,-0.9181389427915468,-0.015275477798416079,-6.149971831916139,-29.427672862105126,13.916694862088514,0.09541449245927563,-0.8673989784752721,0.13793994057113315,0
0.19071836464540132,-0.9239271273197266,-0.008245562455232476,-6.563529498845573,-28.9685509636014,13.930575843130363,0.09704647079244165,-0.8780505888129594,0.14612830617893674,0
0.19348158553175288,-0.932394703102351,0.00193193298545383,-6.942513458170364,-28.636924139759053,13.912514533373304,0.09801960558481075,-0.8911162396661809,0.1565573155284008,0
0.19233839128219485,-0.9460280011420823,0.01397899832226518,-7.387092475045886,-28.54137361339112,13.852436544249823,0.09633477514916813,-0.9060387151536906,0.16696932953565766,0
0.18605339363273704,-0.964229361657776,0.026839624818709353,-8.008125915959235,-28.73688354457798,13.761862169416657,0.09218421779721495,-0.9223217643302943,0.17683967098666867,0
0.1769965750616633,-0.9839001066752273,0.037886533026403775,-8.815140657159759,-29.199720900224243,13.653425147114646,0.08796982418754144,-0.939160044257836,0.18632683047299775,0
0.16922355914072212,-1.0010585954589029,0.04406529464430024,-9.62637447465443,-29.825499202351814,13.52708620812722,0.08526167854484662,-0.954748726084392,0.1943926670832378,0
0.1645998047717,-1.012321508811627,0.04450562140819282,-10.16247659180933,-30.452050968634953,13.396424195443178,0.08264553410213318,-0.9665149437710218,0.19844936676607938,0
0.16101776541739915,-1.0159846573451492,0.04042510623370048,-10.310222224078412,-30.89499343956686,13.322051457213169,0.07723998401027125,-0.9724215171906578,0.19638491857580076,0
0.15463682971888398,-1.0126371275787363,0.03308132180289997,-10.295682882917536,-30.999809006128025,13.393622159439634,0.06785383705840166,-0.9722506442536085,0.18911008327643694,0
0.14344294181612946,-1.0051416786714047,0.023593849086977894,-10.539217702145788,-30.719352295888882,13.663110441808833,0.055812291842686906,-0.9679197799997714,0.18062878771346874,0
0.12849712800827545,-0.9977557855480051,0.014775464041826978,-11.308133949607948,-30.18310610319388,14.099427773814835,0.042944552546077486,-0.9627249293250211,0.17507791172606638,0
0.11249129843288887,-0.9945964707188906,0.0110938726840292,-12.515565701888914,-29.682704738937858,14.611612115361515,0.029998624484136472,-0.9599953957196916,0.17379367220854447,0
0.09793103640912071,-0.9982325339091436,0.015282223701180412,-13.83265794035305,-29.539860431511357,15.107002391574637,0.017628628928136134,-0.962064039598967,0.17558050807800377,0
0.08660564599641207,-1.0091272906851882,0.025733804366739783,-14.936576272208264,-29.938662956105702,15.524564543548458,0.007868806341836706,-0.9702237466915498,0.17948175918057271,0
0.07963830868039844,-1.0259933511237322,0.03837918847893149,-15.64206854909957,-30.859471864054637,15.834943506332912,0.0029597033924755184,-0.9849311336596278,0.1863117675094981,0
0.07691970514490068,-1.0464996968289582,0.05040729100031587,-15.884261163654623,-32.15417155903258,16.037837319051643,0.0025272636189355682,-1.0050496853177484,0.19695219091763452,0
0.07666668671409808,-1.06797091759617,0.061212798705634945,-15.688983565855223,-33.66358570701532,16.16508054290945,0.0032974764657299678,-1.0271686106591726,0.20965514231036547,0
0.07651760249344192,-1.088331668024824,0.07050379321025291,-15.194396035636641,-35.26779884911155,16.274177109386947,0.002372686709914706,-1.0472721358517425,0.21999113423265876,0
0.07538653199718634,-1.1068146844447972,0.0765030252018895,-14.649250806899243,-36.86464621480218,16.43116362190812,5.2672527335311756e-05,-1.0636405356339607,0.22410878512323026,0
0.07403628216390179,-1.1229890699728575,0.07620427651752074,-14.31270871031427,-38.34256335347701,16.691177551841907,-0.0012052606135962507,-1.0769204728692763,0.2220217651646913,0
0.07420327326988374,-1.1349075868104939,0.06815337631400899,-14.29448552471285,-39.5903782388447,17.076448657546806,0.00010365761762478297,-1.0870244496936274,0.21717199789319486,0
0.07756947893865115,-1.1398444540071564,0.055705885198298645,-14.47264405632051,-40.530010816748636,17.55630074060908,0.003505461721926572,-1.0918213893024977,0.2127258807556423,0
0.08490038600470594,-1.1379279506015145,0.04616555446819427,-14.601485908752984,-41.13462524525483,18.041704607088608,0.00847129722784108,-1.0903614402750463,0.20915928851734586,0
0.0954378332175574,-1.1336185082891161,0.044750882282838286,-14.53531671129306,-41.4190372624641,18.398831561306057,0.01609440309992986,-1.086125703577516,0.20582501896320274,0
0.10771451781839238,-1.1319331027986286,0.04987630086557161,-14.318761618961975,-41.429641441055516,18.482900178546714,0.027930490023282427,-1.0846477775469234,0.2037147454030741,0
0.12160551423169508,-1.1337320907041593,0.05612136394675776,-14.016865664488186,-41.25934242644073,18.195348151207558,0.04363885389510938,-1.0876223538818717,0.20546358436859882,0
0.13867004198536556,-1.1360000816766078,0.06160752810990427,-13.500030990413592,-41.05879492681151,17.544279969554943,0.06088374946745773,-1.0912964029666534,0.21288900026177787,0
0.15936106558459492,-1.1362716170879756,0.07025073159331413,-12.486565046126632,-40.9942081121713,16.65490460353073,0.0776440822728669,-1.091445905194873,0.225323715338573,0
0.1805957077626081,-1.1351606125020866,0.08579508528597606,-10.817225977401987,-41.169808522860826,15.694817709715418,0.09347419074525536,-1.0882726313194864,0.24032270898603195,0
0.19751433457044243,-1.13439978436265,0.10579729670727696,-8.636822337043013,-41.592182261648915,14.762574116598609,0.10800320577285744,-1.0852290273157184,0.255456350388399,0
0.2076821566135133,-1.133889512586067,0.12401680230754172,-6.279095944811867,-42.201755994614,13.842716796672757,0.1195399040339143,-1.0841901262426716,0.2693551816804729,0
0.2129329838196789,-1.1313881860331398,0.13739784241845696,-3.9986603155423674,-42.91482244716913,12.86457026068332,0.12677954422210028,-1.083215120815556,0.28145786134934936,0
0.21754420896851173,-1.1246420996968136,0.1469898485433534,-1.833397774986677,-43.63517383370585,11.78999039277505,0.13163828650755974,-1.0789552122915032,0.29093923762259377,0
0.22515924849802704,-1.114403344957104,0.15196288960570745,0.29717275819849864,-44.26694764084696,10.644642667767966,0.1383954033362322,-1.0708525635371986,0.29560089187167116,0
0.23593348165482073,-1.1066610548351101,0.14711027135651783,2.396486313106642,-44.770270762399385,9.488980899589444,0.1483089301175269,-1.063457582058492,0.2919676278514468,0
0.24419942483968232,-1.110970448881504,0.1288035080884296,4.29869719052979,-45.23915700486931,8.377847689932194,0.15537860655001243,-1.064897212265255,0.2774751723413979,0
0.23969364825088707,-1.1339111010016065,0.10072221230331647,5.749992882675862,-45.93027848135672,7.345672111753345,0.14951871649898474,-1.0822439448267585,0.2529421430012752,0
0.2152293145967431,-1.173225139173243,0.06984569391802102,6.564219839523787,-47.18889956297958,6.4168994372991595,0.1256047377023398,-1.1172162923086786,0.2218488990154333,0
0.1749162110445418,-1.2194205629679242,0.0369822241253068,6.674413116813558,-49.286121725366954,5.610754131675185,0.08908892507206026,-1.1653080839371135,0.1864549600361582,0
0.13233051636134055,-1.2640358879064015,-0.004714103520798471,5.990219834893141,-52.2387819079549,4.921645679882366,0.051789136702266925,-1.2184025911162628,0.1454135486572924,0
0.09956996581492752,-1.3065736923255797,-0.0595831046147013,4.227389678714193,-55.702602302328984,4.308906577544994,0.02261392490151994,-1.2692114551671332,0.09627116515995018,0
0.08025531816496927,-1.352860662175312,-0.12110248846823535,1.0501093235845134,-59.023838100519946,3.7287637034490015,0.003275508458461535,-1.315125797028821,0.040225934469246626,0
0.0727277681588274,-1.4054717305369577,-0.17793842719752564,-3.412956866384406,-61.47526322087338,3.135922288991795,-0.007876616291705765,-1.3576769290121804,-0.01677503761730334,0
0.0754104281385369,-1.456250308477483,-0.22666025833341352,-8.196468923316896,-62.56220333555572,2.336655848055941,-0.010734241759274293,-1.3968407117954686,-0.0684844225971168,0
0.0863803999899157,-1.4915224755194318,-0.27304103657605205,-11.858737406797841,-62.18586396524894,0.7940107214219084,-0.004648509398987297,-1.427256532353401,-0.11315273848396383,0
0.10034506984170431,-1.5063093018951668,-0.32071945301449256,-13.391299285725177,-60.547799311040954,-2.2517035622466093,0.0062589863745252244,-1.443069275213081,-0.15314370343264994,0
0.10979397616470403,-1.509442354532879,-0.36484637392218566,-12.78307965847673,-57.896227737665725,-7.212642825071089,0.013281553829951064,-1.4452573688831745,-0.1910423127947211,0
0.10963848225654463,-1.5099249005439885,-0.3996299442405571,-10.69405009041322,-54.33182902405773,-13.637651028571575,0.01068536382822557,-1.438885865146664,-0.2276679926256849,0
0.0995669407145983,-1.4997940726685717,-0.42775710971815506,-7.714241471837283,-49.81877119541988,-20.397432275875016,0.00024028939861475143,-1.4212798611603819,-0.26352583088120146,0
0.08216184175733501,-1.4564414145685378,-0.45954649512222906,-4.106735069661162,-44.36790701238733,-26.46850504484265,-0.014087342423957228,-1.3780636031324391,-0.3012908379437152,0
0.059591661227425055,-1.3654390319482554,-0.5044456836821896,-0.286752376286741,-38.213421747352214,-31.50090164277549,-0.03336064474876998,-1.2970660185382572,-0.3458697642971158,0
0.03149374843597179,-1.2398876262380807,-0.5619571506754663,2.6547827174422713,-31.80880863493544,-35.64332617575791,-0.06243833422016272,-1.1859097407769585,-0.3990679452630358,0
-0.005111440043522007,-1.1136880102964357,-0.6168959341363983,3.2642425864769677,-25.632792635508256,-38.98743981881009,-0.10308730380461766,-1.0704823212062349,-0.45175186860967553,0
-0.05364659944281577,-1.0141949772759409,-0.6454764454294553,0.8596739829934178,-19.99190331658909,-41.32304333950356,-0.15199525331522704,-0.9738951924282876,-0.4840037449478125,0
-0.1144632402459879,-0.9444949920089838,-0.6321661049250844,-3.657140437703907,-15.039804074405032,-42.35362615488031,-0.20538610811578262,-0.9012181018729768,-0.47829205264216046,0
-0.18232455487918137,-0.8947594511702958,-0.5821721081740555,-8.356918111813801,-11.006577579734582,-41.94356566416626,-0.2614539731832167,-0.8478053586042068,-0.4341778315840339,0
-0.246538556118971,-0.8648142836657369,-0.5157178652807575,-11.744139308096337,-8.346174022678719,-40.08823157013693,-0.3160930898607902,-0.8166411923060767,-0.3688800097269503,0
-0.2939368149332241,-0.8658991686053471,-0.4511770350965505,-13.592394989753897,-7.550425151674348,-36.79441331749183,-0.3593165114695529,-0.8182862303678451,-0.303478092598711,0
-0.31468819077078075,-0.9003096851579901,-0.39540812446343687,-14.463955491257586,-8.759511612840738,-32.168368711972136,-0.38041080652164555,-0.8532549425873928,-0.24910010706589902,0
-0.30937702442828624,-0.9497412120391365,-0.3473828120479648,-14.787365833689606,-11.552970281601713,-26.619461695958826,-0.3777697301407478,-0.9031537362754247,-0.20461330444129788,0
-0.2917477491236424,-0.9908022792372235,-0.30517690151014354,-14.568159449973825,-15.144613478643969,-20.790351832401885,-0.362342495261304,-0.9454211775001848,-0.1637852464019301,0
-0.28086115255629684,-1.0182808487657773,-0.26719170247901813,-13.67450284879661,-18.849713745572952,-15.105011390367387,-0.3502245316663107,-0.9740495538985413,-0.12223509887483489,0
-0.28473143891470226,-1.0458122001094015,-0.2307716512851787,-11.973410866381569,-22.44421893585109,-9.406695864390876,-0.34950931731798485,-1.000380366705885,-0.07954276317159387,0
-0.289948856224836,-1.0823346549115187,-0.19481888992818472,-9.215065073236257,-26.06752227979858,-3.2350617732564393,-0.35157717469877453,-1.0331386042896278,-0.0392039494891444,0
-0.2723823347255033,-1.113931867594787,-0.16313292421802844,-5.2461411384431464,-29.73405489223427,3.4305509035883293,-0.3371736608939421,-1.0623096664849851,-0.007213136575611404,0
-0.22310331674358488,-1.1161170299835887,-0.14084098318897648,-0.5927115804671199,-33.012945394383166,9.848220631942555,-0.29617836295462463,-1.0677550707874213,0.013056209400727138,0
-0.1607903458118003,-1.0842955036935567,-0.12767361336737376,3.489224335344105,-35.32868523012641,15.152993664895035,-0.2406727271564224,-1.044069868542202,0.025221766435450987,0
-0.1122413546169853,-1.0440303909176452,-0.1194421848449698,5.972269721251719,-36.56257985158394,19.291985972709845,-0.19259719453530794,-1.010697118394624,0.0352670661706126,0
-0.08275857759870668,-1.0249030045668077,-0.11621568612734916,7.030727700386906,-37.17246395480249,23.061381599520026,-0.15913354689897885,-0.9919776663106461,0.04224915588953909,0
-0.05416589892933292,-1.0289776523591319,-0.12323651860913859,7.7552076482407175,-37.629474119423584,27.127065445713395,-0.12782889210234866,-0.9910557355159495,0.03856309116606372,0
-0.011773918352730305,-1.033412606416274,-0.14226801602292422,8.879868640297625,-37.87024147857223,31.257733692905756,-0.08679226545329266,-0.9907126857251612,0.02099902082866119,0
0.03693101425018341,-1.021036854048628,-0.1669064992568808,10.052153716484785,-37.43538589003511,34.6870667752756,-0.04129496897168624,-0.9772676373472114,-0.002915720885817112,0
0.073841229273514,-0.9966694502722462,-0.18818108388106283,10.432736028479766,-36.06540049027351,36.978115685909216,-0.006676090859342923,-0.9538037172340725,-0.0221535203337761,0
0.09165977414115188,-0.9721021456215738,-0.20157116275187043,9.752813704032297,-33.999545522486336,38.24034122492433,0.009076159486240958,-0.9288934239647539,-0.032664036773491514,0
0.09793805683009064,-0.9479499378289775,-0.20745763862461405,8.551828491594978,-31.68484759947528,38.657088581823025,0.010992377561870884,-0.9028565857122032,-0.03765643525919914,0
0.10321821209654379,-0.9182331319459935,-0.20704227127485544,7.494290338509495,-29.318961825424054,38.1895324789992,0.009286743159656698,-0.871497447642126,-0.039436431985788285,0
0.11141947252183805,-0.8847008127510076,-0.1997620621919344,6.7380641007374145,-26.7438725439176,36.805418059271666,0.010992587132850694,-0.837092841253745,-0.03525116263113155,0
0.12008115372969587,-0.8564457919616955,-0.1852118357540713,6.023164380677844,-23.726116667111185,34.721006316575405,0.017912770067165504,-0.8080010353761189,-0.02241896571427882,0
0.1252236748890344,-0.8379803296049478,-0.16694796168614712,5.131573041314511,-20.258662531328497,32.25747153218593,0.027744326670585406,-0.7892930176093332,-0.0047134855031825,0
0.12500677147026734,-0.8256905987533879,-0.15233450153376393,4.055652012615987,-16.584728573000728,29.577015778929233,0.03568757174833335,-0.7791757384079934,0.009352332699069555,0
0.12061211740990227,-0.8153210737436386,-0.14700948356003715,2.822008130146846,-12.984591159545046,26.681220907054914,0.037658579730500415,-0.7737115108713972,0.014580953655400693,0
0.11496885441126531,-0.806515296182259,-0.15008939645164068,1.403744262522424,-9.578150756968615,23.601224675024593,0.0338489077384395,-0.7705293331591004,0.013598311317098011,0
0.1105441383903652,-0.7997874954598814,-0.15540261018583815,-0.1286113469179317,-6.3108562596466635,20.474218334013145,0.028136403343362756,-0.7678457559429154,0.012849143588214835,0
0.10748644679904722,-0.7942111217276973,-0.1565725438250434,-1.5267915147665954,-3.0762794514755294,17.449280575119325,0.023071167616989716,-0.7636137772508533,0.015621837415588981,0
0.10321294015444896,-0.7891295156761896,-0.15150676175218245,-2.56207240230441,0.1689033163289515,14.613468198917214,0.016599880921027096,-0.7571618792495859,0.02005131639453374,0
0.09414139020532729,-0.7850225928870985,-0.14405739815179935,-3.2717194682262374,3.3745300865082672,12.034347152936267,0.004761738292387245,-0.7501103629029324,0.022858039011056434,0
0.07861538402753729,-0.7821787710001261,-0.14100320448823692,-3.936944257020932,6.431240137618749,9.816497203729677,-0.013556199988790752,-0.7446447192018816,0.023323862403963055,0
0.05785416136195814,-0.7803839798702729,-0.14520372507821502,-4.819034335114449,9.220712587604114,8.074609939575296,-0.03608105933962171,-0.7415299966240708,0.023390142667527473,0
0.033177871864558076,-0.7798202448357985,-0.15163487976874224,-5.959095992316008,11.64372941194309,6.860699523435009,-0.06074502883982278,-0.7402800798096394,0.02495595236959547,0
0.00308738472009637,-0.7809391175108427,-0.1520382925612329,-7.22986343194431,13.608617579148476,6.127505810402951,-0.08816725663774863,-0.7406361814338821,0.027986401780867823,0
-0.03479447215101125,-0.7835651660289674,-0.14385129188754567,-8.524157840625142,15.013809181195063,5.750320038564343,-0.12028775031597047,-0.7432507837122351,0.031170307693142992,0
-0.07854906291384346,-0.7870626736316589,-0.13280694521438266,-9.856836029846741,15.78565103040402,5.580941169095816,-0.15717882684997805,-0.7491044200401465,0.03360672604000558,0
-0.12086422888884103,-0.7918460025745104,-0.12603471578992587,-11.309236124915794,15.95462951881369,5.499827592769299,-0.19511556095659163,-0.7586032443228645,0.0354094301037734,0
-0.1544238398239075,-0.8006588840334944,-0.12432183363786461,-12.918466711672162,15.669107358086109,5.435127862289338,-0.2276382308386221,-0.7714177460774233,0.03741949524962015,0
-0.17713737240257665,-0.817569761421656,-0.12217877100187761,-14.627035437636822,15.10971667411594,5.341061406095084,-0.2495788030389553,-0.7875948668013164,0.04125057428260508,0
-0.1912083364734383,-0.8445726241500501,-0.11402016592323257,-16.307316427659536,14.392490846481902,5.173284304611634,-0.2611162550524593,-0.8087634037993706,0.04901818258127977,0
-0.1992312597637461,-0.8789899976685005,-0.0990955367388166,-17.80942495777588,13.548571897398846,4.9032324684662445,-0.26740862878908134,-0.8368447918186182,0.061506381973486825,0
-0.20335748570420467,-0.9148762371386057,-0.08149447104541582,-19.00544457344613,12.572552534371976,4.552386066179368,-0.2734217079931194,-0.8704496031639736,0.07638197180375059,0
-0.20634988984833838,-0.9470545526438098,-0.06675173168640629,-19.831009117892567,11.482234356587954,4.183811605345991,-0.2794678595065358,-0.9036719580483137,0.08944396322664455,0
-0.20982577096063293,-0.9732415435112389,-0.05797637485075501,-20.297130682664157,10.343146083044065,3.8372847993258414,-0.282347361994682,-0.9300625307480977,0.09819613231395571,0
-0.21175347213391743,-0.9925797196852687,-0.05400988471371113,-20.443104306920322,9.233036096971484,3.4805288358921693,-0.2802517020695281,-0.9471989676378455,0.10345489181322655,0
-0.2090058193682686,-1.003761187759816,-0.051318606107658406,-20.276408389265402,8.165367803388278,3.052068594020413,-0.2754432593331038,-0.9562701269702542,0.10716391163620628,0
-0.20259291704976592,-1.005957115195983,-0.04819180626637208,-19.781824700214024,7.044065267265855,2.5641687168817664,-0.27181915582412564,-0.9587282814163962,0.10951895212678336,0
-0.19708090815508705,-1.001282329488802,-0.04650535401682653,-18.995633383836353,5.7132991914595115,2.1390741539649136,-0.27053015254514745,-0.9556267867037704,0.10891002167764943,0
-0.19416457375962876,-0.9949330336642742,-0.048845874861542626,-18.041694430335326,4.083444046467688,1.90830131345743,-0.26879564054721533,-0.9494100574683089,0.10437760164370377,0
-0.190029726017272,-0.9918291315175323,-0.05503391338311852,-17.056267719902735,2.234918548055318,1.8714802496626781,-0.2629995041398882,-0.9437799973106171,0.09745714206677128,0
-0.1804770196795875,-0.9929443893089752,-0.06245085557041541,-16.06702886714369,0.4028127564905242,1.8758591891437835,-0.25218704137785763,-0.94122636033589,0.09122387000137144,0
-0.16640699509479825,-0.9950060500916693,-0.06858334240463793,-14.969252806558476,-1.1626634382965317,1.7405458155005942,-0.23825859045152029,-0.941570545208376,0.08772821381886528,0
-0.1528495780015279,-0.9937438148741828,-0.07210159800837133,-13.641148700621157,-2.353885997747346,1.3879359309880592,-0.2236626280164741,-0.9429454366679308,0.08677462866036648,0
-0.14355367938570787,-0.987998482301048,-0.07277834918464687,-12.080211909568423,-3.2528713843713493,0.8624342223937392,-0.20982300913847718,-0.9438666047236792,0.08694105185477449,0
-0.1370945829409953,-0.9815410906985296,-0.07169762790572799,-10.427363600209041,-4.038181528340685,0.25322438691407134,-0.19739651371548822,-0.9446010935155085,0.0871074896497549,0
-0.12821161845092763,-0.9803083413395406,-0.07049138794253154,-8.869935155978018,-4.848078869898304,-0.39056975253906023,-0.1869001093406546,-0.946576600565098,0.08707296987372154,0
-0.11338615993913984,-0.9865366145943257,-0.06939046920687401,-7.518409012346698,-5.715829138787569,-1.0846625964644747,-0.1784768656957837,-0.9502189369047016,0.08747169411585969,0
-0.09490179638282836,-0.995970341386157,-0.06696278232571296,-6.3575720760144785,-6.599515336909473,-1.854805311364053,-0.1712279169383195,-0.953689934330108,0.08934412512874645,0
-0.07864859521786548,-1.0016940091100726,-0.06243400674508495,-5.3006794856369694,-7.449058453401218,-2.652903253255228,-0.16349418020892503,-0.9542874875863115,0.09319293575092531,0
-0.06853195378082724,-0.9999650392621589,-0.05745154567167897,-4.277943484897833,-8.255468080642537,-3.346003178359532,-0.15460308766256683,-0.9508652186087174,0.098006246996024,0
-0.06405846604276583,-0.9918597340624462,-0.05485391843601429,-3.2652018544393986,-9.052547112602928,-3.8170694468303425,-0.1462214062852025,-0.9442886070664327,0.1014271050829676,0
-0.06233994426600251,-0.9805676483715946,-0.05622180006865974,-2.257324820114325,-9.861810408189507,-4.081451848497189,-0.14090563008878346,-0.9357867838163001,0.1011213000430893,0
-0.06055820008644891,-0.9680514625254785,-0.06161223906380109,-1.2823824212903259,-10.623606687464363,-4.292874774692437,-0.13898216909554334,-0.9257142847825655,0.09597338082223872,0
-0.056854541619025464,-0.9538985037640545,-0.07108767627748291,-0.4754841748320148,-11.197610551785637,-4.635284993214566,-0.13792129187937216,-0.9138168799942358,0.08636357788162,0
-0.05099835614475258,-0.9370804422125154,-0.08407808066992241,-0.092622276720194,-11.455340274037535,-5.212205151953802,-0.13538527880246956,-0.8998739281190048,0.07416192897897274,0
-0.045051325919382504,-0.9188627740834842,-0.09671465958399283,-0.38585421326516406,-11.374896821980425,-6.020599373565367,-0.13190583343479764,-0.8844007749076863,0.06283605065196779,0
-0.04205388110080366,-0.903548752597891,-0.10271029365206762,-1.4400772647339,-11.034099334085218,-6.996522424824849,-0.12969007699410376,-0.8698445185453557,0.05683731615762537,0
-0.04267824494810966,-0.8961247166552179,-0.09840416850894212,-3.1217542207066633,-10.514115459511773,-8.0731415979409,-0.12945882919698434,-0.8608195933880571,0.05953695589364366,0
-0.04345118096832029,-0.8996046393380739,-0.08510856951830086,-5.1595402126563314,-9.830526010730818,-9.20980774474089,-0.129290488842121,-0.8616773691964013,0.07090916808215174,0
-0.039300702707872566,-0.9141851164718492,-0.06652123534675057,-7.270223862524966,-8.968176576747855,-10.382689061152542,-0.12597224099321988,-0.8732152523230061,0.08733717088057498,0
-0.02776789313726305,-0.937228552146497,-0.04653913439608887,-9.261071564728017,-7.9560999442801235,-11.56266371477285,-0.11654443844884568,-0.8922608364463427,0.10404459891122718,0
-0.009909438221176266,-0.9636034657535609,-0.029108532002679287,-11.082029944308957,-6.864498621754962,-12.722979771753867,-0.09923110353221998,-0.9146922138825812,0.11793006005718493,0
0.012192130682196978,-0.9879413101210893,-0.01693006750088245,-12.807398122794403,-5.717866875895501,-13.87471697031295,-0.07472068173477321,-0.9384924302575911,0.12862686671001078,0
0.036695542312154154,-1.0083359624938464,-0.00987615065341749,-14.54492659027918,-4.4457311844642975,-15.071264131958163,-0.04718642158771581,-0.9638963837181118,0.13759808013859068,0
0.060655038172700786,-1.0277403475084153,-0.005831818403828807,-16.315386185960506,-2.962938948457511,-16.352689663429395,-0.022798030687011903,-0.9912993875369631,0.14630485416162586,0
0.08005291879404638,-1.0507568930742137,-0.00236968113065109,-17.979327928851816,-1.3194139330136923,-17.68508207186777,-0.005753581995172608,-1.0194539413109374,0.15480551922023192,0
0.09296913498574082,-1.0780637252717749,0.002315219278366799,-19.280328306425414,0.24268857618202785,-18.961116829518307,0.004588309175668306,-1.0453512230034048,0.1618419136226529,0
0.1015288050670406,-1.103740628856975,0.008187179643028127,-20.00146254180961,1.4221717988865263,-20.05265155207282,0.012354422466409892,-1.065579649388911,0.16615701997920232,0
0.10920154356110372,-1.119590357413713,0.013041735239692556,-20.123492259217734,2.09433525746365,-20.857373759307613,0.020819511495713556,-1.0780201646717094,0.16754496677770864,0
0.1167975357945051,-1.1232155931080348,0.014734974874996077,-19.84222519466659,2.435837663549817,-21.31262987327801,0.02938838300578236,-1.0824615799667447,0.16661177721491022,0
0.12190715537942937,-1.1199733890957195,0.013218766020934093,-19.41490229595237,2.8108197822103405,-21.394142106724903,0.03462191060546849,-1.0799251317894634,0.16400347959721737,0
0.12134906004318886,-1.1156345318544618,0.009750968111291712,-18.969020757741298,3.5163343557682616,-21.1201595233492,0.033831416460591075,-1.072024033395994,0.16043412583341302,0
0.11371640261104245,-1.1098509804692527,0.005586669274013333,-18.449771980613153,4.61534669689586,-20.563192693856937,0.02741405446260809,-1.0609571583836532,0.1571946660715165,0
0.10081836449831674,-1.0989949979570317,0.002370017885830803,-17.7416023066196,5.982215458748767,-19.85419867280636,0.017945736765167208,-1.0490342656129297,0.15578770640195216,0
0.0871088220742825,-1.0826604774761666,0.002139389648066028,-16.82322401833754,7.468776560487947,-19.15155333050546,0.007848177755235063,-1.037370313581787,0.15688225734337,0
0.07650749688347282,-1.0644741743325885,0.005316992244310512,-15.805113298531277,9.006864085477673,-18.568496495035358,-0.001531219981939158,-1.0254925352352593,0.16004983184248994,0
0.06946316667280981,-1.0483802382946539,0.009650995625773678,-14.847942190090025,10.579410578097958,-18.11045949912407,-0.009305842345103586,-1.0130653932831497,0.16448571917092447,0
0.06397710497321493,-1.0371155193902772,0.012741652955888602,-14.074596312434755,12.152195907271116,-17.687884075783927,-0.014887963140673305,-1.002016008228209,0.16959503435414028,0
0.058849888693837664,-1.033499451531485,0.015004578293404429,-13.554669333211464,13.66494479774418,-17.19429195229548,-0.01885076847564041,-0.9963997269109767,0.1749582414720877,0
0.05430105775867649,-1.0402758676370334,0.01868726024697008,-13.340875583555613,15.06773949119721,-16.564654270106438,-0.023073530493437744,-0.9998709662462445,0.18003207047519637,0
0.05008018165260699,-1.0578371042374313,0.024175639082716364,-13.499043137644133,16.339622695367304,-15.761069340997395,-0.029055550246420748,-1.0133569559678568,0.1837038212867221,0
0.044869566177622444,-1.083344935955497,0.02800467534517779,-14.113718693145426,17.479847744917013,-14.731100766250693,-0.036331914338937565,-1.0351343899024426,0.18386550670168014,0
0.036998649675281936,-1.1126710127101818,0.024280764830469467,-15.283725170114495,18.49683239405452,-13.415034923700935,-0.04376296394123997,-1.062502952117805,0.1777552817800431,0
0.02415127047016279,-1.1427892359613192,0.008308301752838386,-17.097323290987156,19.390040695761776,-11.796653757312734,-0.05282769250938672,-1.092836455047975,0.1632851322984588,0
0.003294739649294942,-1.172718124135124,-0.02018653251240216,-19.57253080225293,20.103786538329754,-9.912281891069608,-0.06842468014270998,-1.1239905235267984,0.1401248401959347,0
-0.027171655549172977,-1.2035101719243895,-0.05771882684301069,-22.624197594764226,20.47837081760081,-7.780312989365029,-0.09484200760731919,-1.1554040227924474,0.10907704910865487,0
-0.0652971960221295,-1.2377101795559777,-0.10150257743033803,-26.143445262002775,20.286671861956457,-5.334221418352489,-0.1308570990649557,-1.1887867860359596,0.07033437874216497,0
-0.10657173318164008,-1.2775115334807152,-0.15104163149341274,-30.114359445877465,19.414371742622993,-2.4648574607449607,-0.17020807615074995,-1.2261262159174113,0.023658190821368136,0
-0.14735934320329136,-1.3219187924124114,-0.2028218230208937,-34.53260937961911,18.068513943732768,0.8396204450124136,-0.20784595295146252,-1.266214154334157,-0.02794076810926593,0
-0.1879165803812333,-1.3652286865008594,-0.24578700656631297,-39.04794146491392,16.753092759113752,4.386662288236118,-0.24508865691598203,-1.3036038413965747,-0.07490700605569485,0
-0.23200511667207319,-1.3983829660250808,-0.2666065008769827,-42.65345447828706,15.894576834951925,7.824384376149564,-0.28742225596441423,-1.331217848136654,-0.1038148564387498,0
-0.28121008269605285,-1.4122384225497842,-0.2601500943997571,-43.89752984482109,15.387996541476062,10.821559806701973,-0.3365487244830496,-1.3433051176616482,-0.1054019740745138,0
-0.32778835980995524,-1.4010243877790975,-0.2333084068735491,-41.686885072690174,14.537649178183226,13.225619796680848,-0.38436855347761945,-1.335618937695874,-0.08120062419351866,0
-0.35572030393717785,-1.364610142242386,-0.19934876786864764,-36.10562253844983,12.556328027084101,15.054052878239109,-0.4153357225392198,-1.3048839779054862,-0.043425345120789036,0
-0.352786097274068,-1.308298288885616,-0.1700079976033133,-28.50024257918698,9.214955738646813,16.35755865077985,-0.41648981033388316,-1.2514663215902697,-0.008394271442547938,0
-0.32101073838100525,-1.2402738353145435,-0.15149028542614634,-20.68794898794211,5.042881789926133,17.13375041202243,-0.3869795853072408,-1.1829088026564463,0.012183765538567704,0
-0.27264315628956104,-1.168825536147901,-0.14462851048163147,-13.964236529062013,0.9243693617788606,17.376082229687082,-0.3381937940988741,-1.1117348872823414,0.016342771826733604,0
-0.21784003512940736,-1.1006157425005534,-0.14712961322963589,-8.709190270725179,-2.4792561369521353,17.14690340824338,-0.2842029654098068,-1.0476807046063372,0.009853273126947823,0
-0.15997890457121897,-1.039056172560711,-0.15625380604493355,-4.713875558961311,-4.971587155393925,16.54313345402721,-0.23204270979179856,-0.9923323166744067,-0.0005387809188871031,0
-0.10095935870020512,-0.9830672284925437,-0.17030420803344148,-1.7090820869502747,-6.649860676218086,15.593665056362104,-0.18098657372437543,-0.9411217748905737,-0.012048007393679687,0
-0.04520480119472259,-0.9290109787762536,-0.1881116726683799,0.3812263695176652,-7.637136761004754,14.240222375233223,-0.12942185816891194,-0.8894452814241318,-0.025371410980907467,0
0.0031001705160401925,-0.8753787171280825,-0.20801972187097714,1.5028171785327855,-7.9947884373932965,12.44761472938695,-0.08009681133204401,-0.8367852421943162,-0.041350023398260126,0
0.04311895427079383,-0.8244468076262637,-0.22815156688944213,1.6359350454391366,-7.789503583300581,10.309989689384114,-0.03836059073663646,-0.7860638099671388,-0.058972865846665876,0
0.07557121100409925,-0.7788111761796617,-0.24705233193137027,0.8879902514941312,-7.131735779352326,8.022143977475627,-0.007296546487696643,-0.7404619897230189,-0.0759679136777927,0
0.09995384098393953,-0.7390145313241631,-0.2632724828627049,-0.5331602164129298,-6.1146210070316185,5.761340700386004,0.013821898679723698,-0.7015193347662809,-0.0905978765729811,0
0.11572061081978305,-0.7056325087858829,-0.27541933611170183,-2.416070161737262,-4.748636048253415,3.613822370291965,0.027301356156002172,-0.6692439068854131,-0.1028241348309679,0
0.12501311872985554,-0.6799407883371128,-0.2840601151353628,-4.6184327150474385,-2.9901746262035225,1.5821537779119053,0.0352131302874504,-0.642600822900669,-0.11384472921004399,0
0.13169949222562904,-0.6604288484920803,-0.2923216398980242,-7.069090590933575,-0.8300065528644137,-0.3817644916463841,0.0394939680896931,-0.6202267034073312,-0.12456816356574497,0
0.13714567822330181,-0.6426597245330828,-0.30239594130424924,-9.748583981574832,1.6625285353069563,-2.3339533867941697,0.04173020559290596,-0.6020592743081484,-0.13459047660926898,0
0.13831787326133158,-0.6261602369052902,-0.3121285643329361,-12.69794720015868,4.362488910533377,-4.267706512693934,0.04194491651820943,-0.5904985320597834,-0.1425074181913446,0
0.13124829005225266,-0.6186653836589614,-0.31708374061632394,-15.998805663117096,7.109110579899882,-6.067459416837322,0.03857117274619449,-0.588993829991168,-0.14700977843134946,0
0.11596731638780121,-0.6289809029822367,-0.31559848757240094,-19.644315334032893,9.689611074208264,-7.5756358559605665,0.030465784937893387,-0.5987413014513452,-0.1477525404070133,0
0.09705432903036058,-0.6558656993248391,-0.3102272939782893,-23.384640346344742,11.844901635939836,-8.740520128351125,0.018685571949545263,-0.6168971050558575,-0.14549422162422182,0
0.07987510417535726,-0.6873218639140872,-0.30462946837068067,-26.77356386916037,13.345235474776201,-9.676083124753637,0.005911381169466667,-0.6385783330532864,-0.14176408552943448,0
0.06750601243729674,-0.7117921842333108,-0.300776383570918,-29.480303016311986,14.089240543746834,-10.529628577834607,-0.005538543566749055,-0.6606456658710158,-0.13846112962448034,0
0.06048976538011465,-0.7280770032383687,-0.29914496466356694,-31.571966143225104,14.13582990187782,-11.286751311807304,-0.014730753447917841,-0.6829838487942136,-0.1371994174657912,0
0.05720246882724292,-0.7433183719667577,-0.2995113969216592,-33.4137294679968,13.638502710925705,-11.750614759800017,-0.02162161847157245,-0.7062009111079927,-0.13829878041050023,0
0.053971502773745975,-0.7632668778379093,-0.3007270243565839,-35.26566129674069,12.742923443976036,-11.735647710281318,-0.026568577156310884,-0.7291491476646691,-0.14046205640252996,0
0.04700756734919969,-0.7869369931906574,-0.301266603567916,-37.04281647046392,11.537121730757283,-11.246174107762288,-0.030834572993608787,-0.7493556339592122,-0.14204816884115987,0
0.03576039432831505,-0.8102566944861805,-0.30089525874526885,-38.49525731287784,10.081705663572986,-10.43328252080442,-0.036891964935334615,-0.7657502552343175,-0.14273009931293004,0
0.02323346911842761,-0.8320897604100682,-0.3010539962611463,-39.53516422571145,8.455314497993893,-9.409793377227658,-0.046971718290426956,-0.7809523952876714,-0.1436519438060173,0
0.012007329524216265,-0.8553837363854487,-0.30336366189479547,-40.30049015838568,6.740017731672883,-8.160206633838767,-0.06087711528380951,-0.8004469674026867,-0.14634013448861416,0
0.0015482665392040733,-0.883535456279623,-0.308295663688196,-40.92802591495269,4.973144088566047,-6.623909123870683,-0.07584566835019756,-0.8278412171088585,-0.15187248684914464,0
-0.00947651709433165,-0.9159136578178838,-0.31540655998353895,-41.36733977896328,3.161450034091988,-4.811648834786702,-0.0889666947596671,-0.8599871653106219,-0.16057461035013737,0
-0.0202749020267931,-0.9458686710253129,-0.32456500947695666,-41.47159470358198,1.3645647837219566,-2.8197869412092316,-0.09936431251510416,-0.8881863900530163,-0.1718045929129366,0
-0.029086999150890195,-0.9640024251656719,-0.33628254938463586,-41.23327571131952,-0.2703629210644974,-0.7683119202511302,-0.10778768837552458,-0.9053749550577329,-0.1841418441428589,0
-0.03576740167243521,-0.9658122019344676,-0.35003076402330513,-40.868055665184,-1.6024455115481415,1.2361577343329782,-0.11457702036570255,-0.911194643572023,-0.19616172633907747,0
-0.041090739459383775,-0.9561005078659267,-0.363022877115615,-40.65589243568219,-2.6326067647294438,3.0855918483440594,-0.1186414492549755,-0.9098882980196212,-0.20689520570994904,0
-0.04375838525690642,-0.944290179894032,-0.372571191280825,-40.72979434630649,-3.523450485134875,4.658779837935413,-0.11842472154851022,-0.9053861955047345,-0.21547741787706307,0
-0.04009807336711672,-0.9361852944969371,-0.37926655752697525,-41.02017135936368,-4.471390101638014,5.8546984398488995,-0.11348237767174416,-0.8994553563766429,-0.22103818336490264,0
-0.028297934686471723,-0.931549141725153,-0.38573079760614404,-41.3574618264446,-5.564474852301246,6.653086970065635,-0.10503880097033301,-0.8926893829022965,-0.22370449413394966,0
-0.012510376221924665,-0.9274822555972173,-0.39278091442164487,-41.608869972242736,-6.763563624544284,7.148531939090388,-0.09533871815527864,-0.885239343769596,-0.22574927369923758,0
-0.0006897652439479807,-0.9213526363758202,-0.3995813887624588,-41.77868897513355,-8.000295296574105,7.5129790978606446,-0.08667433582233135,-0.8768295967473552,-0.23118331759394864,0
0.0027470033779619686,-0.9118449914326522,-0.407762390207452,-42.053925431659295,-9.267821322742407,7.899197551307874,-0.08083655361070456,-0.8674541918881548,-0.2433174401487082,0
0.0008746497905535924,-0.9003035734887447,-0.42208523838182516,-42.74249024795229,-10.598490001956835,8.365315402702423,-0.07899842562253799,-0.8582466524669344,-0.2619013687521227,0
-0.0004167669193237489,-0.8906437219735042,-0.44434994232689407,-44.0808576921753,-11.948244873983644,8.882811800431115,-0.08156221915621836,-0.8506120520510275,-0.28260350198922696,0
-3.038592881227884e-05,-0.8852959897840679,-0.46801547229358803,-46.034865734060425,-13.126104105540172,9.388973469854609,-0.08779690699465846,-0.8442417478089373,-0.29990785077047916,0
-0.002359178555577527,-0.8815912264657184,-0.4827566718177487,-48.28146947163097,-13.887110657284719,9.809084828456696,-0.09571926457905267,-0.8370722405661776,-0.31100337751820506,0
-0.01020614132676078,-0.8749871453887528,-0.4855266065696212,-50.40874024168402,-14.139595804702472,10.055153107538498,-0.10277837539442422,-0.8279324296010157,-0.3171168749135833,0
-0.0199203656648239,-0.8658222914320883,-0.48389459730514317,-52.171146583642994,-14.073981767560305,10.053515535113386,-0.10738154872797093,-0.8186264346030709,-0.32140526197343205,0
-0.02594554966371617,-0.8598538192189662,-0.4863719008447205,-53.61012460075734,-14.068730497686621,9.787820976502289,-0.11032700903356492,-0.8125593110544157,-0.32568911305035825,0
-0.02841468346372586,-0.8614353043154315,-0.4924489934397439,-54.98165405891741,-14.435101364187885,9.304901743993996,-0.11446250397632701,-0.811459834439269,-0.32905403322934745,0
-0.03323334438204034,-0.8685036056183801,-0.4953628937798867,-56.56009320177382,-15.220403999586964,8.688962439283666,-0.12230351913275833,-0.8141357691788937,-0.32958197408683476,0
-0.04541057829378385,-0.8751881970625177,-0.4925247831692676,-58.44424250239622,-16.235030533160437,8.044521949174161,-0.134165044085051,-0.8183423269246498,-0.32740032357816307,0
-0.06469088038652977,-0.8778097190364251,-0.4888354319455541,-60.49270058032095,-17.258645788641232,7.4886759583743085,-0.14884896288348748,-0.8229997059663243,-0.32544374517591157,0
-0.08703724632095299,-0.8775241090882335,-0.4895739245854487,-62.4347589120626,-18.228514910888673,7.131018963170603,-0.1652992008923731,-0.8282575138030385,-0.32668470499776503,0
-0.10853115271116286,-0.8781551336090615,-0.4940403106803798,-64.05938383461334,-19.248816994387102,7.045272392580032,-0.1831303477720636,-0.8341194613576633,-0.33125032559907813,0
-0.12839605749563776,-0.8822103177215432,-0.49840212057498956,-65.32252941392397,-20.42992211240547,7.25077969055341,-0.202472507722316,-0.8398911179004285,-0.33741412964450934,0
-0.14930297173288148,-0.888429957386449,-0.5023312251707034,-66.31436468491245,-21.72254783530864,7.707906868438478,-0.2236723237119264,-0.8449562126323503,-0.34516606282328954,0
-0.17387908806866317,-0.8926923707948423,-0.5096360625090822,-67.16487526225717,-22.921124226317268,8.321482352232774,-0.246228411450597,-0.8490478350646277,-0.3569833118635738,0
-0.19996694688851657,-0.891468757561499,-0.5223533900170666,-67.98246980808884,-23.85198483811863,8.95975418496918,-0.2676503455183093,-0.8509442240252996,-0.3739346983831237,0
-0.2203734959801463,-0.8846310044107499,-0.5365460825544187,-68.84605295607277,-24.574288356105964,9.50487690935357,-0.284104656007215,-0.8477744304182776,-0.39218458032362274,0
-0.22891189599791867,-0.8753171400338582,-0.5459544776425652,-69.82298650416566,-25.390728320616297,9.910371439320924,-0.29290704281402197,-0.8375315775563809,-0.40538376878384136,0
-0.22625528252481245,-0.8675202668250088,-0.5496365388531271,-70.97997055234735,-26.633855512096684,10.20093370480999,-0.2945129990742507,-0.8229757718296754,-0.4108896814993818,0
-0.21809109525198997,-0.8636675049174266,-0.5538499376807113,-72.36256584942815,-28.413931211021428,10.409887446636855,-0.291557059243572,-0.8117622639862989,-0.4125671501392863,0
-0.2077289021959472,-0.8642088190863836,-0.5652845085547709,-73.95671998760156,-30.56370121907766,10.544988557680607,-0.2852542769404017,-0.8111069808507426,-0.41713031193723565,0
-0.19296773865379346,-0.8692800580605379,-0.5834753325997166,-75.68501135170241,-32.81285015355197,10.637879419828984,-0.2732547862840852,-0.822198356586849,-0.42794735423568137,0
-0.17141996147285918,-0.8801982266333821,-0.599926517325494,-77.44989414247439,-34.990395382063994,10.799516167100858,-0.2528165481335451,-0.8406211623319723,-0.44134220504481736,0
-0.14695535619278388,-0.8988630931339471,-0.6033119302153593,-79.1412821382958,-37.086266349553576,11.174833280451862,-0.22652897511665893,-0.8617860859778141,-0.44758058156378483,0
-0.12811929893106777,-0.9253583984656314,-0.5868023603763287,-80.54525504701921,-39.2161356866875,11.816640406172834,-0.20278384608272407,-0.8842168103627215,-0.43697621454451036,0
-0.11965824122055227,-0.9556585903476722,-0.5544735951097005,-81.28073981428514,-41.55348077695951,12.621381115207713,-0.18889045842409108,-0.907202109220558,-0.409025036642539,0
-0.11737711331211947,-0.9821462420753937,-0.521988808294632,-80.98267005923245,-44.143452321160794,13.429757726358707,-0.18466286902561158,-0.9273891510725375,-0.3770213602521053,0
-0.11288788708293084,-0.99779070632096,-0.5069282432208604,-79.67839397730826,-46.63356983842581,14.203218325284759,-0.18395383925768116,-0.9398272884843104,-0.3599793866136986,0
-0.10238899971241867,-1.0002321890590196,-0.5138993607574835,-77.94229219774537,-48.29500595869438,15.054551599556753,-0.18115979406703028,-0.9420943604577581,-0.3657303326027623,0
-0.08843848818631822,-0.9919546290455636,-0.5295539631499957,-76.53157491177234,-48.566277645539806,16.06108810166428,-0.17425024808980727,-0.9360232980486306,-0.38237509228568695,0
-0.07388962040765773,-0.9783347606699455,-0.5348340554372067,-75.79985863520002,-47.64650851865089,17.083244613118666,-0.16276085100635823,-0.9257390078043837,-0.38882943882640797,0
-0.058256800811938035,-0.9661197964881744,-0.5214464225226789,-75.5170788189107,-46.41991405311447,17.824925527053384,-0.14667855580249442,-0.9155251142740312,-0.37326771392913244,0
-0.04138450872444016,-0.9607821664485583,-0.49478542518693114,-75.28389660261946,-45.74432559756809,18.062011218456945,-0.12830071505020393,-0.9092731048653988,-0.34016323654470604,0
-0.026754710444050818,-0.96353385629097,-0.4638189558797396,-75.02333142597344,-45.89297101444415,17.78270957915366,-0.11231346812420578,-0.9100336219130113,-0.30222182008699855,0
-0.018168762100666983,-0.97286497301359,-0.4329565240087265,-74.97683383456712,-46.66741469424722,17.137344634154072,-0.102238729078684,-0.9192094553710104,-0.26921810503629423,0
-0.01509419955054001,-0.9886699206815619,-0.40344036658415755,-75.27961170948575,-47.856332426744146,16.302985100821516,-0.09769823035837354,-0.9360927468360031,-0.24386534754468647,0
-0.013509079378489185,-1.0100822773949845,-0.3782709708926954,-75.68143606485806,-49.41801140184572,15.401987027362203,-0.09540356284185511,-0.9568004510238232,-0.22493815888738433,0
-0.010212404662716815,-1.0279651300688186,-0.36346954274881477,-75.75684295768667,-51.23866095891068,14.525980859574867,-0.0919353383433608,-0.9725391601702499,-0.21261224403686668,0
-0.005095780219217694,-1.0258486164605034,-0.3647629128206373,-75.37850939132088,-52.86243859146224,13.810775277353216,-0.08607405053956771,-0.9715920854607499,-0.2105136252604172,0
-0.0001913388636909233,-0.9945781002690578,-0.38265318509147866,-74.96208331421145,-53.60801695222806,13.449632555618154,-0.07967539910509229,-0.9479491375207953,-0.22198937657440804,0
0.0025825590297234,-0.9450015463663529,-0.4102441811072657,-75.23313533228503,-53.04373343042304,13.58614905368455,-0.07599557464992425,-0.9092733863505801,-0.24450194460672384,0
0.0031350451957297847,-0.9011132144212942,-0.4367846167169605,-76.7336797473471,-51.37507056978063,14.179103495275688,-0.07630717817017837,-0.8728624148750042,-0.2692234443139843,0
0.0031749750651095727,-0.8788918176682669,-0.4544302982360224,-79.54160631734734,-49.34478545215721,15.01003643627893,-0.07827806408581292,-0.8510764790887803,-0.2873453899377809,0
0.004475569126548879,-0.8739552787307392,-0.46242141194432507,-83.45050484505926,-47.739623497582244,15.850834469138434,-0.07803463533314722,-0.842061628499168,-0.29680398371085454,0
0.007181011954931677,-0.8705927880345848,-0.4660314682201109,-88.3288440366412,-46.99609210296672,16.584099349782235,-0.07381241073954453,-0.8359915865890154,-0.30266435642352907,0
0.010292616726926425,-0.8598296226764935,-0.4718995945721347,-94.14972734517568,-47.22158423439175,17.13476527733523,-0.06727336301496283,-0.827390163860241,-0.3109916112391874,0
0.014055678888048977,-0.8459010352964029,-0.4826852659397479,-100.60940515253165,-48.42767239236017,17.402582346747078,-0.06069698574478407,-0.817737863997784,-0.3223044371209904,0
0.020569257537776352,-0.8369022747229405,-0.49428885039732523,-106.85214646742706,-50.59033614329978,17.446639119330186,-0.05349209219831096,-0.8084803289551905,-0.3309467298576148,0
0.02991875005318934,-0.8345214322717522,-0.4981696558863239,-111.79809911876002,-53.51600986604864,17.723077277014166,-0.04388858102776062,-0.7982615682587623,-0.33065838646821605,0
0.03547734752144559,-0.8359461240273176,-0.4877877473647397,-114.87706012207099,-56.836601736027276,18.870995856034984,-0.0353930206386206,-0.7887995942208069,-0.3200272046695078,0
0.02553507399369954,-0.8420515135967965,-0.4640835633914692,-116.41512684883534,-60.251337004308205,21.050437804829947,-0.039307424828318276,-0.7877983411001925,-0.30194097866122444,0
-0.007732352134417633,-0.8572347425216255,-0.43495903737819547,-117.21638243793842,-63.69467224684258,23.581556542943474,-0.06720928016556314,-0.8013059966559961,-0.27911961811833336,0
-0.060357954360643416,-0.8803310801056746,-0.4091856447301736,-117.76465204771746,-67.15208707152051,25.44633500877272,-0.1195036936525262,-0.8248582076774408,-0.25299385143275493,0
-0.11795239287627524,-0.9005841557265148,-0.39084198192550157,-117.9209041045573,-70.36650867880866,26.188333177109108,-0.18199885787022377,-0.8453948072557581,-0.22726988151235927,0
-0.16403942348393824,-0.9054305807461172,-0.37940080487590055,-117.4235948306099,-72.89375862942953,26.247191048821502,-0.23383459531314688,-0.8515068293319882,-0.20916279924254405,0
-0.18663338907755753,-0.8905369702643329,-0.37357684062217345,-116.55003723656553,-74.49548569411661,26.45283956092357,-0.2586995158270459,-0.8402720634716665,-0.20411023204951423,0
-0.180028113514492,-0.8611601175877884,-0.3729613602429033,-116.10766986424862,-75.37320084858307,27.321150513100353,-0.25080830531442344,-0.8155136505289455,-0.2096090828976838,0
-0.14531688203152043,-0.8258019650672069,-0.3757228794100532,-116.7386257548925,-75.96951142181533,28.813180208600922,-0.21436333710878616,-0.7826154556911015,-0.21606558400916248,0
-0.09035640747477203,-0.790239080561476,-0.3768534233602111,-118.36989618460944,-76.63410769572552,30.560822123169576,-0.1595095498890773,-0.7463133183733875,-0.21451139759576623,0
-0.026107915566754313,-0.7568138105544773,-0.37049867635985506,-120.47870695245666,-77.52793204769002,32.17789989619402,-0.09750461759101701,-0.7117376689654261,-0.20303767434771325,0
0.039138011165957706,-0.727803209494929,-0.35389530163700067,-122.8287296480587,-78.69432488010126,33.421082184305554,-0.03705127142713476,-0.6847064725657711,-0.18532694944180345,0
0.10109761918710491,-0.707842142943856,-0.32867404289772484,-125.73508033511281,-79.97294331377132,34.186793307604546,0.016664392760512285,-0.6694394057983283,-0.1641716814102949,0
0.1550273815209612,-0.7007370927899119,-0.2992036165262941,-129.5391977941063,-80.73123297850692,34.411927377326634,0.06030411291390556,-0.6657701852591155,-0.13877513276036663,0
0.19336029563530735,-0.7025253093166354,-0.2706856016261251,-134.04651000962528,-79.82903982652579,34.010981241309615,0.0908545765238636,-0.6681343357092828,-0.10917138926232628,0
0.21141152924889173,-0.6997699566718222,-0.24848085882075302,-138.82012687832702,-76.17468740696079,32.979055793471055,0.10716555806188285,-0.6671658710867716,-0.08116750529545186,0
0.2144689250122171,-0.6789341970890932,-0.23704622670929554,-144.18607053739697,-69.59285986781934,31.589157685641595,0.11308664395231985,-0.6545316210859556,-0.06387235708086658,0
0.2155807692091526,-0.6403280554986758,-0.2370449629666423,-151.71245292423276,-61.22002947604844,30.407256320894746,0.11747327828871888,-0.6296891141150346,-0.061570448167044774,0
0.2252115135510524,-0.6024658736946032,-0.24434444515036707,-163.08845476272558,-53.002312148275266,29.95756562961557,0.1293304165900857,-0.602763126432221,-0.07042696522572767,0
0.24354942140269942,-0.5887993446009602,-0.255804906760744,-178.00274580731897,-46.798277420806116,30.266994679292207,0.15152709190883623,-0.5879696286425985,-0.08567639629276365,0
0.2622273775169528,-0.6058933695698627,-0.2759809414361267,-193.3232865985507,-43.92123915600476,30.79219081651479,0.17848372578001326,-0.5914454262170775,-0.10969729667599604,0
0.2741678201268213,-0.6363002001287745,-0.30968857255446075,-205.2461728154466,-45.148569193877364,30.94900116312549,0.20132262564735665,-0.6065886241479282,-0.14508117912132554,0
0.28375776529413027,-0.6600763582588879,-0.3407981496700879,-212.74381678957587,-50.36975235540953,30.711818525712886,0.2172610073643882,-0.624665043894778,-0.1748641244901699,0
0.3048924997306502,-0.6854910598503675,-0.3275521227958875,-218.1079978191573,-57.634278084276694,30.44634731040861,0.2325676154810621,-0.6503010007320726,-0.15927962919669725,0
0.34319391634682594,-0.7496031207440425,-0.24121171746640363,-222.80168155875435,-62.9648819371796,30.083667097467035,0.25313922992142623,-0.7023464953183338,-0.07279544705595686,0
0.3813156400570223,-0.8769753636579666,-0.11935824118733518,-222.88797275510342,-62.50908411164185,28.966832423223934,0.2736002820201247,-0.7945805227726823,0.046399006585792005,0
0.39123836029289516,-1.0362379931892847,-0.06165584679494822,-210.69504351125465,-56.05757493563087,27.0911190276464,0.2806630508169258,-0.9130436607703492,0.10162206982388884,0
0.3649380418185942,-1.148424730508968,-0.14222125083024506,-183.24392405959716,-48.03898304081601,26.16374643602635,0.2668613876759889,-1.0137592073503268,0.021535123219841933,0
0.3233631361772859,-1.1522414949839785,-0.31748483305118175,-148.8481448939737,-43.28966552463005,28.304599537986714,0.2343696775093229,-1.0501560181758975,-0.15159018244823194,0
0.28718202526351405,-1.065603043921177,-0.44215839835010284,-122.71762661073667,-40.880175429611306,33.16016180027442,0.18471436169224195,-1.0127606294062366,-0.2763756533932392,0
0.2496893277824176,-0.9749623960862415,-0.4035561567643567,-113.6931397104088,-33.384754588308624,37.087038464633984,0.1161323187614848,-0.9437819154445473,-0.24108857033327943,0
0.195776516802633,-0.9543429726397588,-0.24473048121459418,-115.65007754648417,-14.070694913420901,36.20582125050632,0.039972369398001355,-0.9029586242031213,-0.08440937562718585,0
0.1429468311213739,-0.9948733879189934,-0.13432065049359954,-113.84473555142986,15.318664622370578,30.278077283966855,-0.008127946665256472,-0.9106434488884074,0.029419878833051583,0
0.1410713107065154,-1.0209467980901143,-0.19765622112666625,-100.06299168181863,45.26649051857955,23.021694756017858,0.012063643555904165,-0.9282883113280591,-0.027182926261392487,0
0.22218025986307496,-0.9746672382734725,-0.388965675537309,-79.97934907606789,66.89554966006446,18.56585853848981,0.10949410006040347,-0.9014912008815046,-0.21546336361674676,0
0.36047642118228734,-0.8711769448132513,-0.5514374519789126,-65.25634276117086,78.59805087174375,17.9141737567528,0.2473333162238844,-0.8168097483664307,-0.3823113036063556,0
0.4906798951811129,-0.7655761372907245,-0.5968996638952133,-60.67334482977321,84.91492353632374,18.696101433799818,0.36608600407058217,-0.7063279896246679,-0.4372686593482797,0
0.5659812627257054,-0.683899506125163,-0.5982700746287338,-60.813437356399895,91.27443986106115,17.721704427463358,0.4277957204901186,-0.6030193483294619,-0.4491850683069357,0
0.5981721265255503,-0.6085470699677836,-0.6957323322051414,-57.80250105971089,100.99716329323397,13.561802056762774,0.4474770399172197,-0.5126556205849419,-0.5546951457616182,0
0.6431373365152739,-0.5275515445065451,-0.9296179270590645,-49.50136788956859,115.74602629799398,7.293119901125544,0.4827928688438056,-0.43713159910311605,-0.7900226388201783,0
0.7473765981270263,-0.4757862783195469,-1.181719134479371,-39.92447473872044,136.19484402378157,1.5665602002883872,0.5851526374139787,-0.40721577484044247,-1.0343950178451733,0
0.904750216195793,-0.5153782510228955,-1.2835274159563221,-33.63527312051395,161.04254810035715,-1.0566060311725425,0.7517815300370099,-0.4704496860736111,-1.123539508720646,0
1.0559781916987925,-0.6782806396539113,-1.1828274647423365,-30.835962476144157,186.1434086914779,0.22644824053320256,0.9174608655361811,-0.6437129003379151,-1.0161096394836562,0
1.1218586346141186,-0.9302521335212597,-1.0026505347804862,-27.523557315340963,206.24667867511567,3.6228627646300393,0.9894702025004102,-0.88561332127347,-0.8433533385119176,0
1.0430404033449387,-1.185813609294942,-0.928279594461247,-19.88476681521597,218.71420469350008,5.647973585212833,0.9007418168036887,-1.1153364940830883,-0.7869776791290066,0
0.8089801281579356,-1.3536273704686166,-1.0363615784822222,-8.064400831748832,225.4329911567827,3.4841780720100926,0.6503312667559318,-1.2538642264422504,-0.9106167548948716,0
0.46777531428253033,-1.3753019542404656,-1.2480224005866996,4.7948791172529495,230.42944836887477,-3.0977535189388385,0.307358736645604,-1.2558439211828736,-1.1243243460407608,0
0.11044423616537244,-1.2435995002642743,-1.442975530977365,16.58727822062357,235.62892114617537,-11.906556915254999,-0.025719334044757444,-1.1235078077986176,-1.30679991783912,0
-0.16840277355076394,-1.0048319422293355,-1.5818417137502134,27.904883578747825,239.5096730516473,-20.1603665228063,-0.2664601084292497,-0.9041868660312381,-1.427406484409575,0
-0.31568806798290705,-0.7416951444221795,-1.6982460294634831,39.57249525111837,239.70846588491543,-26.14039993366965,-0.38637073867755517,-0.6697468098062714,-1.5327663271182976,0
-0.34278984769583715,-0.5330757910362529,-1.8073213106950867,50.107878602503284,235.88234322259098,-29.472363145667494,-0.4079480070185941,-0.4836565858748862,-1.6464659560036332,0
-0.30835147831943543,-0.4161366763512234,-1.869870565266087,56.75829405522092,229.55863161171305,-30.359869920622025,-0.37741716120551,-0.37571677370244383,-1.725142762396404,0
-0.2742541373326846,-0.3826499217003135,-1.8487093016362681,58.57328693582835,222.009193265087,-28.87790777204933,-0.33854563086216083,-0.34054642500863214,-1.7178029495919092,0
-0.27216222185411243,-0.4017357873329338,-1.7650108331895304,57.5611950188936,213.26392336929158,-25.03561168885348,-0.32119380210882936,-0.3529022271649588,-1.636847215442556,0
-0.30373763984401275,-0.43790509903769265,-1.677688747868533,56.71487894733301,203.1866355397071,-19.303503643355832,-0.3403144464334448,-0.3818837129932349,-1.5457773669108368,0
-0.3605340895164472,-0.45943755000706177,-1.6220579951899274,57.38874893159809,192.75375351454213,-12.753186174975287,-0.397013569290164,-0.39964503179876587,-1.488101435314751,0
-0.43711643838636016,-0.44932964010795085,-1.590372291742987,58.87420827056631,183.73644051493213,-6.503316256997406,-0.4810767190642275,-0.390522136006346,-1.4552818525063067,0
-0.5310231067801287,-0.41137775721167985,-1.5662415835173704,60.080072685829755,177.10064759004274,-1.0667806197620875,-0.5777500336124166,-0.35666140534292706,-1.424552609185998,0
-0.6384579421681812,-0.3585975042658313,-1.5527872571980639,60.81676467565665,171.83364185179147,3.7358867829378264,-0.6757800083643034,-0.3102958047868247,-1.3995828305802533,0
-0.7494656375809762,-0.2984951303581502,-1.5582087385807717,61.289967870417506,165.42416689347755,8.372987757439654,-0.769324124945074,-0.2590617008609214,-1.3980999045183138,0
-0.8425972904744536,-0.2383856514402908,-1.5703074122178093,61.143075372968404,155.71246559867168,13.266827543709683,-0.8512179210999273,-0.20512436015822383,-1.4155047328702162,0
-0.8857548902619296,-0.20159481142911997,-1.562077972885349,59.754294865136174,142.62506660961697,18.75097889500126,-0.9045366545094461,-0.1617164033453398,-1.4216291406140904,0
-0.8501925710729948,-0.22200511835193912,-1.5205341264960175,57.29407930270745,128.34300676802457,25.027531600268432,-0.903411388003131,-0.16020044789458368,-1.393159596171747,0
-0.730684026634894,-0.31213062245113504,-1.4595155602750265,54.81243944798205,115.7472701061243,31.941585085764494,-0.827460313748006,-0.22635736124496908,-1.3366451548159715,0
-0.553046610162982,-0.4423819743382298,-1.4038573652566269,53.105092733183724,106.44457350353767,38.85046965812314,-0.6803558817575279,-0.3484080351301524,-1.277583858259041,0
-0.3597606504672146,-0.5609834530870654,-1.370570904574634,51.932063886493964,99.96673022433362,44.846654858528794,-0.4943339739286374,-0.4782328176217138,-1.2381659535671206,0
-0.18667609712653535,-0.632794195135912,-1.3677850408219092,50.624331427966204,94.62456478120886,49.15149620488301,-0.31222815247367464,-0.5679761906999787,-1.2308577838882848,0
-0.04926470477175418,-0.6551185687158886,-1.4002316468649105,49.11541929407367,89.05308167127887,51.36402812618137,-0.16126726099950067,-0.6016034809439699,-1.2619961308557548,0
0.05749681024260979,-0.6437627441894563,-1.4647516956445612,47.95305569628674,83.049456884863,51.51169745679971,-0.04215668351287037,-0.5929885395638745,-1.3278514728031694,0
0.15059251843714802,-0.6153430543725857,-1.5439906187571089,47.42367933296649,77.21680858444016,49.992358598618964,0.05989882154451857,-0.5640080309748755,-1.408893073012618,0
0.24581332531471928,-0.5825618307623753,-1.6143846286326047,47.09876299547139,72.13491813716247,47.41389613117737,0.1572657576286836,-0.5301465419010034,-1.4792118205775717,0
0.34633823462650437,-0.5561985745584156,-1.6619652797644235,46.35498714231924,67.99985040269024,44.34464964786423,0.2513472542840117,-0.5009970213466559,-1.5249379256588431,0
0.44101191841683884,-0.5442847186540248,-1.685998242027529,45.08622178688807,64.86965636931846,41.112060102514434,0.3349578052922975,-0.48451190578024494,-1.5482081467201319,0
0.5126056561892904,-0.5494858056509526,-1.6884014833753915,43.71184460651652,62.936467452273284,37.772422083876094,0.39776213161396967,-0.4861763903202507,-1.5533813873820663,0
0.5479498864333303,-0.5700768026077696,-1.6673738716398625,42.589786880941546,62.42171675237085,34.20862325449806,0.4302452480422255,-0.5057095732975608,-1.5379276210533355,0
0.5433567466998585,-0.6037523037346287,-1.626132944626633,41.67509440542282,63.338141224472075,30.2472063145628,0.4273390841606849,-0.5378239253767085,-1.50136240689259,0
0.5060526278003574,-0.648560963862591,-1.5835863018470535,40.8511472732844,65.53447519021789,25.792487673347733,0.3926225321508424,-0.5773567571782146,-1.4580251133595306,0
0.4539855127518503,-0.6998542242623212,-1.5676331079945474,40.39009782163577,68.97748873935748,21.01649108707175,0.34077690031454083,-0.6223431749222883,-1.43419192992286,0
0.41195898349412835,-0.7484898251365447,-1.5938097663399653,40.812550130639316,73.83595580771627,16.486937763335586,0.2950239639687312,-0.6706154946667441,-1.45007809182246,0
0.4022899337159315,-0.7835643498609082,-1.6520814413272873,42.26243218914801,80.12690889958861,13.019890175972785,0.2787587653044781,-0.7142160785480577,-1.50376521623309,0
0.4346009886410467,-0.7972697896103735,-1.7146526390331034,44.1465647424039,87.24104741809926,11.258262318721782,0.304824565185654,-0.7402393696452464,-1.5707022029695845,0
0.5013969638240493,-0.7889366847651229,-1.754007014005596,45.40606852035019,93.94977014113337,11.289820618237414,0.36846757372672173,-0.7402410896997038,-1.6182628440167115,0
0.580884852247394,-0.767287575702412,-1.755121296053574,45.114575361582446,99.07923355365605,12.632748227703738,0.44826401409635813,-0.7197196964336906,-1.6244042961959124,0
0.6446514912889364,-0.7484229702766572,-1.7185807860111892,42.974845130274886,102.27571374057365,14.58436287747376,0.5149137543519756,-0.6968235957792894,-1.588642181691616,0
0.6690716574703529,-0.7462478355866554,-1.659288328294202,39.49198054319419,104.14540156211321,16.59409556801671,0.5444365432031183,-0.6889351055796761,-1.530012157560884,0
0.6487813684699707,-0.7592416617728717,-1.6003793543149913,35.688249291172,105.77754441170075,18.360578868667236,0.5306222347652256,-0.6977668068422564,-1.4739225262264972,0
0.6033213479820642,-0.7671819110777183,-1.5591083872320237,32.413667370931854,108.21361170020367,19.724117007400526,0.4897475023245835,-0.7063497290307829,-1.435011807904888,0
0.5649365087289442,-0.7469048125481333,-1.534621518556594,29.814340863204123,112.07733952194152,20.631004994614333,0.45077485724131294,-0.6920957573953517,-1.4089415217689558,0
0.5521193412476316,-0.6946389812456993,-1.5169721038467558,27.634954477088908,117.20601207659276,21.20393595326461,0.4338959272061813,-0.6461722966382719,-1.385130088767955,0
0.5554825943469432,-0.630033664340625,-1.5107423449983237,26.04549728718168,122.57465141659793,21.6832009362106,0.43549179854408016,-0.5820254395503778,-1.3699276072894624,0
0.55284615968039,-0.5768753502380968,-1.533409580461591,25.675114440022345,127.03948000280653,22.178434102773583,0.435900663490055,-0.5243153640012456,-1.3850974994758825,0
0.5344641942691641,-0.5453630293343461,-1.5773949726243317,26.416046752924895,130.3824543933565,22.512374158138968,0.421429617155765,-0.48993564434300585,-1.4302808976095076,0
0.508559247165872,-0.5365231297195519,-1.5917593080597925,26.633905906234542,133.328637924404,22.365530625544874,0.3955436932215657,-0.48188344718325593,-1.4583876245521543,0
0.48580163775792723,-0.5547754412486634,-1.528957540736148,24.427700699910663,136.39862526537362,21.550073159731678,0.3698661892937311,-0.4985317710426559,-1.4141016992731361,0
0.46591951480712596,-0.6035007586370594,-1.4065192996811338,19.814529754419066,139.07296848146385,20.15001455091247,0.35018029900585323,-0.5392328271243534,-1.3002707549863852,0
0.44075905882117034,-0.6689847097151993,-1.29849458748122,15.046946366416101,140.24611499754405,18.501242264846425,0.3333259821257011,-0.59600409272346,-1.1847268686593666,0
0.4048488884895103,-0.7203596285994576,-1.2610068644703394,12.452891825061897,139.2134683765012,17.072663575952063,0.312843078536966,-0.6465754379686811,-1.1313583972143915,0
0.35918283457855915,-0.7314286456615962,-1.280805394102415,12.273830393431062,136.10652285948873,16.231432711404725,0.283049373452124,-0.6650144333705905,-1.1379208929915685,0
0.30864670715295,-0.7000331861842692,-1.2994331497642244,12.798131162885806,131.76487283393993,15.994218482056473,0.24103001787489137,-0.6416038235986601,-1.1498570586452914,0
0.2614096418184143,-0.6457866305584535,-1.2739824122024244,12.295068058400368,127.44940197384499,16.039331134433926,0.19182285830749388,-0.5906856197444579,-1.122641617755466,0
0.22916941791679019,-0.5936896565147688,-1.2090874774937606,10.524449683799231,124.27996104718653,16.023342376681605,0.15127931769695332,-0.5393683245860866,-1.0593758478772903,0
0.22139147663326006,-0.561500989106829,-1.1402661158380516,8.427949756679334,122.44436319390356,15.812155440222382,0.13590829775689175,-0.5097289578319053,-0.9945774596218339,0
0.23630746726903434,-0.5575965419634279,-1.095709463804377,6.657705192125148,121.09197198937808,15.3281184780087,0.14659441640010817,-0.5098814362964152,-0.9541338847455457,0
0.2606024920340441,-0.5833489290700066,-1.0741980988545785,4.834070236404403,119.43454718642985,14.334142187956285,0.16767438751212524,-0.5367082316114471,-0.9342478651710387,0
0.282539644469628,-0.6324609079839039,-1.055031249953596,2.4629841066872054,117.85492454637303,12.65029390118623,0.18607570861097247,-0.5817688046286462,-0.9135660383965334,0
0.30479366701129645,-0.6885307038924694,-1.022358837120306,0.11718657517706421,117.44684457148993,10.607209834337292,0.20670966797151508,-0.6331581687692448,-0.8776056860281849,0
0.3376650937110633,-0.7301478094089009,-0.975349376012678,-1.0496935721645804,118.39766662372456,9.013296951693253,0.2416581879655125,-0.6759921962021755,-0.8276877042534994,0
0.3772290262755782,-0.7452851795954097,-0.9208175100327696,-0.934679237728616,119.29253038115684,8.489565400623642,0.2851583046523243,-0.6980202745223452,-0.7725166042084088,0
0.39943066543198025,-0.740450635342846,-0.8678213157177858,-0.8190717082471418,118.38459077034894,8.931218597566016,0.3096686295345725,-0.6979022113112089,-0.7215200612575503,0
0.3849591317743171,-0.7327287245897621,-0.8297536253121521,-1.7325999562470986,115.48492334205412,9.70868552882827,0.2940736830676853,-0.6865504929879964,-0.686267766390866,0
0.34493405015910483,-0.7350709732778951,-0.8190931992605306,-3.0828762725413537,112.33690894886463,10.233925924174102,0.2505709958151041,-0.6796035232629689,-0.67702855274111,0
0.3114893625529462,-0.7515502481003236,-0.8329826947495073,-3.421277117093547,110.98565173655078,10.182360219884297,0.21449292532626035,-0.6885568074672157,-0.6909638806109735,0
0.30440727245206767,-0.7812308504592524,-0.8497930683197384,-2.2277902121071897,111.81775498650235,9.36085268471906,0.2085295773979234,-0.7158535955105716,-0.7081204704143043,0
0.3160947494611914,-0.8200855094061164,-0.8464220491064411,-0.37367135947531016,113.26607680969525,7.700872414390544,0.22471690067521682,-0.7547772567624647,-0.7055856315494108,0
0.32865060097889215,-0.8605205957388787,-0.8177652911813398,1.097704389315677,113.37045384842821,5.427413237471969,0.24143126721165195,-0.7944289581731633,-0.6764461635167232,0
0.33564388421557056,-0.8928597223006279,-0.7762894031426701,2.099004546302456,111.51738973177902,3.0118560332785513,0.249041648056878,-0.825955456071132,-0.6327161657197179,0
0.3438469299227441,-0.9074085394394831,-0.7357403200777916,3.214976939002471,108.7212364013981,0.8446122811801495,0.25481004605022173,-0.8434482218710359,-0.5907684686794004,0
0.3604815417436264,-0.8963163585072994,-0.7019239250072753,4.682022242090653,106.47059136492246,-0.973825362893609,0.2685692766510028,-0.8410287509404024,-0.5585766247112443,0
0.38418932206886486,-0.8583263223430163,-0.6790413698868429,6.087509272430147,105.52986289103423,-2.5222623227441674,0.2898508296383595,-0.8142624201854248,-0.5379090398319225,0
0.40742813948961454,-0.8031200385101198,-0.6746710472191888,7.063872961141096,105.8027535336169,-3.8843910233701746,0.30943918345500954,-0.7660731703148703,-0.5311693227073105,0
0.42537225734081563,-0.7463602486155045,-0.6902238117378019,7.889193385861251,106.94727295252869,-5.127981380554285,0.32148695869858207,-0.7081356089239964,-0.5380050026908738,0
0.44112155269066194,-0.6980924489965562,-0.7111816425037333,9.11264035935695,108.68674803594197,-6.312038032811802,0.3313551429449865,-0.6543824305688822,-0.5476796422248074,0
0.4603637188280148,-0.6596111971734462,-0.7169425124920066,10.708884723227186,110.60348739265649,-7.391941159575156,0.34808178256764793,-0.6142295894639006,-0.5447147984162439,0
0.4810736736583816,-0.6328967052034961,-0.7014556001287002,11.932141968482135,112.20917844590774,-8.171375868620343,0.36987962802327157,-0.5921100210413215,-0.5259465988468424,0
0.49294523295861137,-0.6269085111243061,-0.6768593628385782,12.12438542026297,113.51205689351742,-8.463537505830413,0.38353303751663714,-0.5901439797964082,-0.5049888264462231,0
0.4903966449319656,-0.6488124618123264,-0.6542748477156513,11.519638801282813,115.11398723881304,-8.31619741251938,0.3814518568095577,-0.6079446546355829,-0.49312423330869853,0
0.482539353217595,-0.6912281435345369,-0.6281313809510372,11.099889717793443,117.34203517311201,-8.021131095398559,0.3739827843979257,-0.6401971174140592,-0.4805383871399008,0
0.48460250882273637,-0.734054488998563,-0.5861605206700418,11.608667531480107,119.50695076822386,-7.892732586742405,0.37893975813693714,-0.676991215168468,-0.4465789325852524,0
0.500701463869866,-0.7605080141709484,-0.5318977490380842,12.693858161872786,120.37466417138303,-8.07976602998468,0.40111932000591644,-0.7080828895380242,-0.3896503739022699,0
0.5208921577664096,-0.7691589903950061,-0.48881679451603766,13.09143904461457,119.20589861634063,-8.584877180431898,0.4279430254690452,-0.7273243712386164,-0.3376785360344392,0
0.5356889167395742,-0.7698350529745598,-0.4785470028181526,11.832171744501187,116.07095340020359,-9.38475840776245,0.44525399525629533,-0.7338316988024148,-0.3220087322546853,0
0.5476486496739007,-0.7700499783241825,-0.4988614567975815,9.363681809549371,111.48855529252432,-10.468671150302798,0.45219394923080525,-0.7296554404415221,-0.3444787304770289,0
0.5657099515965758,-0.7668339163026999,-0.5279690016786222,7.3645706974519625,106.31062268429295,-11.75864333178089,0.45899626224874485,-0.716155880005692,-0.3778763752487838,0
0.5921748517218157,-0.7508997242716925,-0.5493182351130177,7.294493129434207,101.78624520216573,-12.990348965070417,0.47443979770865674,-0.6925653036405557,-0.3986895813298728,0
0.6196276589649268,-0.7178174642485079,-0.5661776390950644,9.110731777241595,98.956097624245,-13.66978785202535,0.498156882348488,-0.6589595822399634,-0.4106615505748872,0
0.6392754743362716,-0.6759176418963843,-0.5891746557896728,11.449359079682857,97.6620894940921,-13.23923624879788,0.5223369242519557,-0.6213020856494154,-0.4309804865429411,0
0.6486675836890403,-0.6441043296740772,-0.6146318123656814,13.042711750302042,96.66366354841492,-11.473586293067052,0.5378577175196627,-0.5927368186505341,-0.4596774407090206,0
0.6515003463298366,-0.6399583366534957,-0.6230674756221465,13.917534914579813,95.25642746430199,-8.841198585335206,0.5403491326374782,-0.5874366556954616,-0.4735627140523713,0
0.6529485882944788,-0.6657992478139159,-0.6012556596789528,15.185733548258167,94.57583480601495,-6.416232968156914,0.5337234049129309,-0.6097812772179577,-0.4533856311966354,0
0.6561634613726253,-0.7045721279680701,-0.5595857921733532,17.654865831290476,96.66746383681085,-5.242835268474694,0.5283430827788977,-0.6479216052392058,-0.4085884773077466,0
0.6618285920969098,-0.7330881565037061,-0.5219576727776851,20.73094843249144,101.98903371463689,-5.625441071975825,0.5333945746251078,-0.6809728395033956,-0.3672130133954486,0
0.6693500307111159,-0.7434131248566125,-0.5034605727874492,22.904793971131475,108.20548394789257,-7.021341741966182,0.5487740072322562,-0.6970576322717432,-0.3472709515770213,0
0.6767169845874655,-0.7482940969982571,-0.5047438032306243,23.405407055741517,112.05745539825253,-8.677359135200033,0.5639553194990033,-0.7032544750479017,-0.34812102236036196,0
0.6785844967924507,-0.761384417001968,-0.5216658807354783,23.09102556712409,112.57837645368583,-10.352073864394312,0.565982176717636,-0.7134645455049575,-0.3636129093605919,0
0.6668712683783719,-0.7780562986611654,-0.5498146302676272,23.43608732501188,111.93391021128448,-12.331968881884317,0.5500334554111899,-0.7289203265419086,-0.3894688169086715,0
0.6359816503016631,-0.7836528399271757,-0.5825242390905073,24.899565161688297,112.52194623737056,-14.765646725902965,0.5215698416901678,-0.7378408303740194,-0.419848845244476,0
0.5869918407905947,-0.774287925247698,-0.6112852136947233,26.63693438450578,113.6725698557685,-17.195745463887967,0.4861097862481241,-0.7326442992308391,-0.4469751315297289,0
0.527523810131501,-0.7573665026643099,-0.6236354680538082,27.417303846849606,112.49081606187134,-18.918749420173114,0.4405044946305798,-0.7173805008898245,-0.46042649272923675,0
0.4753902718993003,-0.736005667837611,-0.6001149706107628,26.218750313880157,108.38912941094326,-19.64084890991594,0.38644120980872865,-0.6970087008372007,-0.44236515920679764,0
0.4679603674488305,-0.7103823054782092,-0.5342244373550816,22.45650437279444,105.29180115212878,-19.414113312553052,0.3585150312013262,-0.6723829911006696,-0.3825791566255347,0
0.5543518916797882,-0.6982265540177555,-0.4745799730473457,16.96005209334372,107.54468860306238,-17.905086170907506,0.42133264019778677,-0.6543830890041917,-0.3207862036629682,0
0.7510034382373656,-0.7350304499616427,-0.5259250645870304,12.927815777545378,114.0153287275704,-14.240007186038738,0.6091086561138508,-0.6715738599134918,-0.35726365206798866,0
0.9936351528747187,-0.8351361846067683,-0.7559708957978029,14.456392189860821,118.38984186616656,-8.04745788135547,0.8598766200085362,-0.7446478752975471,-0.5702064269276081,0
1.153500073696846,-0.9563593484034004,-1.080010490609801,22.862973448528265,116.13567348221524,-0.4879563836518075,1.032980026972868,-0.8499888165449844,-0.8960784788546824,0
1.1310601024490232,-1.0211323514154156,-1.2803179164842557,34.826903896831574,109.60041216302024,6.322245966592765,1.0184133916367173,-0.9232939697970921,-1.1270162104052395,0
0.9428716183874262,-0.9819132487931117,-1.1930609850279557,45.025543871449294,105.00214950305487,11.166533252087696,0.8327814428971239,-0.9118312557656326,-1.080636373496146,1
0.7071392770465547,-0.8631148775142786,-0.8766855433101659,50.41034561004045,105.55360937646282,14.776804262969625,0.5993837053616696,-0.8220792558916162,-0.78162773307987,1
0.5419366073627447,-0.7370858101436779,-0.5646814227555947,51.46177357980805,109.08974624748086,18.833793344600856,0.4377906893401423,-0.7113087731769836,-0.44827909120433906,1
0.4849203013755827,-0.6612053474810272,-0.4469321445866858,50.126911178244825,111.75990455538444,24.10188869289103,0.38263873212919725,-0.6342994436926684,-0.28940304372833525,1
0.503115791631721,-0.6377283592418197,-0.5133407470899212,47.83669452501424,112.15711228472756,29.789569794054394,0.39851150491790777,-0.6016929387147419,-0.32738736413395475,1
0.5502083262541292,-0.630287837553463,-0.6063609486583479,45.335333854099346,111.49307472996449,34.60798987788322,0.4408455866011512,-0.5880478202431907,-0.4193064645152831,1
0.5963505405233249,-0.6148097356423109,-0.5961483742163777,43.08308139299076,111.16880266891944,38.04634647885522,0.48411329998281905,-0.5746825319418836,-0.42377082444020686,1
0.6198340520765161,-0.6119609445186974,-0.4849183429073979,41.15343389268728,111.2733479620926,40.41293065313943,0.5091172333334169,-0.5800576480608183,-0.3233014070323864,1
0.6010552282449521,-0.6700332546654499,-0.35906494520615756,39.16902620240166,111.0854699062446,41.90240669162707,0.4950936340757448,-0.6456336199631856,-0.19689369356731629,1
0.537930871031284,-0.8157605749993379,-0.2832277726403201,36.93552306124926,110.11817254023065,42.11483170755692,0.4374256002939111,-0.7905709345794814,-0.11682526329764403,1
0.4594081882467785,-1.018031833398344,-0.26063554252009086,35.269815765291106,108.40798937951418,40.65905269678999,0.36362302460699836,-0.9798254147916052,-0.09597671955662704,1
0.4115980524057431,-1.1967941466055563,-0.2655493124857459,35.82339059427818,106.25397881187014,37.871215759486965,0.31874189993068186,-1.137511758673931,-0.10835663599203862,1
0.4251153604889731,-1.2721906448735583,-0.27521244576329207,39.58502370836777,104.09820650915526,34.54679150707008,0.33143631050421163,-1.1951781090832576,-0.1226758859742777,1
0.4954196607072343,-1.2151052971493435,-0.2748282656453046,45.53309465559276,102.48222375095648,31.062947720753183,0.39621827962000206,-1.1338849381522116,-0.11831755328885595,1
0.5933224547233853,-1.0589834011598365,-0.2610222837348768,51.13409139991233,101.69141750581329,27.103561021816326,0.48650891529835794,-0.9877634074752614,-0.09518283681493958,1
0.6915237815866808,-0.8695765187051305,-0.24737552859174314,54.27027789531769,101.45654060845042,22.28526768958125,0.5789728690013196,-0.814202453732657,-0.07480682151157131,1
0.781541879187672,-0.704968362400616,-0.25280340457389866,54.57948575144273,101.36912939471739,16.862319286155675,0.6655455485922006,-0.6615261287901495,-0.08088522194309286,1
0.8701522730693267,-0.5949084965826609,-0.2788924278365459,53.19366265721928,101.63228640248012,11.781353661610602,0.7497271777830357,-0.5553765957798885,-0.11398466472658227,1
0.9635642511919633,-0.5426420892631988,-0.3029472991524968,51.59417734972579,103.0805493912828,8.106835129069395,0.8357828238343696,-0.501622012368824,-0.14682604072715322,1
1.0548400045097008,-0.5387519986068686,-0.29674077024672113,50.616996359011694,106.35066244083094,6.268270342028676,0.9190273270638428,-0.49572197913096455,-0.14581609497681053,1
1.1260542735354875,-0.5752591350311429,-0.2547006402980694,50.13796245069956,111.24636853801475,5.638890389630609,0.9853082818611454,-0.5318771844468484,-0.10179899370806245,1
1.1636760679013718,-0.6489744411424743,-0.20263603834523236,49.58415035732524,117.01863410073597,4.811100225832762,1.022340331869346,-0.605576553690291,-0.04159457823044005,1
1.1700972274192203,-0.7520176825518983,-0.17138808276285164,48.84031641502311,123.1071577464875,2.470711317010396,1.0304851351143136,-0.7067397745121147,-0.0022924647361438604,1
1.156074254068926,-0.8622557248164674,-0.16105646145679278,48.57343099674649,129.46369688699608,-1.7933292011994864,1.01796363864312,-0.8127810967171747,0.008786817024203237,1
1.1231327854284165,-0.9483725502194374,-0.14251518935229643,49.51040721357268,136.20273922420935,-7.415945216108266,0.9862133801398957,-0.8946758994748135,0.019753300340850655,1
1.0606410506743669,-0.9877133935047088,-0.09749906756949021,51.52382200341504,143.1021785951691,-13.49402683839723,0.9267299957206326,-0.9333198567067584,0.05654411314867673,1
0.9645588921868843,-0.9786115210211452,-0.04208762113276472,53.73859389611529,149.58828318923315,-19.465509174224255,0.8365711443698521,-0.9281307890889636,0.1116554442064168,1
0.8548562687301271,-0.9336221552983198,-0.0015247265866981056,55.53146443107923,155.19294131639487,-25.25559323120007,0.7336831868068036,-0.8887132416628953,0.15867618764342187,1
0.7653390739157511,-0.8627067260937094,0.02323207661955382,57.01246686590884,159.78432800842933,-30.897505916204796,0.6492207436191354,-0.8221274895415105,0.18715323469006417,1
0.7120290778437678,-0.7676815228327901,0.04861479315633414,58.26613011612607,163.13106211920072,-36.04152543617319,0.5999342404424939,-0.7317511860209098,0.20869457786187112,1
0.6775146701746826,-0.6532718829771174,0.07809233935073712,58.41261524145043,164.4597451587868,-39.800988586160386,0.5715549257931597,-0.6255026992182182,0.23239850142624238,1
0.6331859547154655,-0.5368632312436004,0.09635262895854374,55.90316781915458,162.99961009299122,-41.15457828751065,0.5358062748746361,-0.5190775651278325,0.24983991803966923,1
0.5729592511043053,-0.4414479648889805,0.09141114322807636,49.88192689494526,159.16311130329888,-39.64704237069708,0.48264416418788825,-0.4292842578335023,0.2484690952680972,1
0.5182560843912222,-0.38055415985209023,0.06886154030063049,41.09856636115143,154.76773383621816,-35.724599647410265,0.4298148175784498,-0.3666582718374446,0.22909006962003403,1
0.4933253087573079,-0.3544188594711412,0.041813351421039036,31.45183584471579,151.71691323670296,-30.34004947744754,0.4019638072415698,-0.3353335749600202,0.20234259744804733,1
0.5031842282335074,-0.35889514568077296,0.013712732383101622,22.801897433682445,150.6040077957936,-24.29005646500733,0.4070889051463881,-0.3363831859689567,0.1723034709497362,1
0.5336044062787436,-0.39038772147407136,-0.024624699566376713,16.18865454632207,150.7543432335415,-17.982479430227322,0.4333298122984825,-0.3666483247039209,0.1318716564169577,1
0.5640714967320831,-0.4397020210083473,-0.07955556612673158,11.74729785567966,151.30830505940267,-11.65677845926607,0.46108872353790814,-0.41437043109494825,0.07751215981828363,1
0.5785404498429075,-0.48950239714105154,-0.136878956996851,8.895405369452233,151.9391529712449,-5.5723967207788085,0.4742928327982169,-0.46180331864608676,0.02466468544210915,1
0.570438617521572,-0.5263411773803418,-0.1654744035212764,6.648219577175054,152.7193081120548,0.021983258414878526,0.4653317356364063,-0.49713927349693227,0.0013668571557134144,1
0.5440965358951186,-0.551759727075621,-0.14495981373754122,4.267950803155762,153.7025103536388,4.942644651081232,0.437234069694104,-0.5218379278593821,0.02292417754678536,1
0.5106498942402934,-0.5730459687459869,-0.08987431061998223,1.8849088936394074,154.7063236577611,9.085478887487081,0.40201507562405514,-0.5418135868582098,0.0737748329073189,1
0.47748664763823356,-0.5852969497136702,-0.04445086426463739,0.14156710214466375,155.27652141955545,12.530344167644637,0.3704914082457125,-0.5537608092591507,0.11402766438986864,1
0.43941008694335765,-0.5740324590541639,-0.053053335606310884,-1.2174838808957469,154.7882693258253,15.66585284914022,0.3390611602188515,-0.5475490338773212,0.10340764699315823,1
0.381593872781194,-0.5394948851334761,-0.13006095433800907,-4.2539257068327245,152.8242670651568,19.05765306343021,0.2889430702843942,-0.5242623459000524,0.027178838692456467,1
0.2941205845762289,-0.509868593745642,-0.24561848911446554,-11.687720668554368,149.72420908332293,23.028849327380303,0.2043435792420555,-0.5058927590434423,-0.08675124894983118,1
0.18738262436638442,-0.5215300679356624,-0.33526736355531495,-24.33518974943368,146.7214563245485,27.327836596291846,0.09529909628973164,-0.5203998141056788,-0.17356194555359672,1
0.0954586004492473,-0.5851840411083917,-0.3390488850134918,-39.63694893680199,145.2070282428365,31.23797570183049,0.0023399147500242808,-0.5753756034591437,-0.17231634324476364,1
0.06149823553047706,-0.6739867355078795,-0.2536098208426239,-52.914859256444316,145.53909549960053,34.049781252170945,-0.025521547818535304,-0.648107209670666,-0.08125476792855396,1
0.11311459863162734,-0.7453477007476174,-0.14713897171410809,-60.31272950331001,146.5117854595412,35.49772448881551,0.03679395340548208,-0.7027582902023862,0.02875779996865434,1
0.24615170324689636,-0.7724919967771565,-0.10509591552959915,-60.83662125536241,146.23133150179478,35.82407304712127,0.1749231086333168,-0.7165066203842834,0.07150128424552285,1
0.4289595596592023,-0.7537715729050815,-0.15363799723716476,-56.03389895948422,143.9247657174615,35.398957000385856,0.3485242838438403,-0.6882782240922652,0.02153213194235224,1
0.6224377174075402,-0.6967370901047137,-0.2430184920440024,-48.249927279451995,141.18759593690194,34.14667234831496,0.5202168659489437,-0.6263798613216897,-0.0705403044465097,1
0.8021128563103971,-0.6056537241685325,-0.30273851145458397,-39.42313968056281,141.33654054709282,31.286556155502875,0.677267660901663,-0.5371060063147016,-0.13285253535197367,1
0.9711043334997069,-0.4903320422695968,-0.30125440906976025,-31.06824560164007,146.99740624635365,25.701485902602727,0.8341969770149931,-0.4295650634797299,-0.13262886881022778,1
1.157971681869863,-0.375930407706199,-0.25771629005744107,-24.415975770034166,157.86235333680457,16.520107451733224,1.019283785054021,-0.32322493002936215,-0.08942106993145854,1
1.3969059482987045,-0.2919226918706428,-0.21639079927178761,-19.952376291762995,170.93058066130172,3.2411535951168737,1.2539435644436991,-0.24203425740341394,-0.048332871655628044,1
1.6930734666149867,-0.2571252319377917,-0.21631620149340877,-17.158071845989458,183.40547765065043,-14.315634833324346,1.5308168355531822,-0.2059267884448386,-0.04744130146090435,1
1.9904450736669719,-0.2856658484866549,-0.2696868979816095,-15.35730959660089,195.41777509918825,-35.25478218852497,1.797094682456812,-0.2348579947915336,-0.09775320883201795,1
2.1754970567892196,-0.39804594324322157,-0.35234288577602246,-14.803434557156763,209.45629526625692,-56.44788164825209,1.9601968373285796,-0.3513313612036625,-0.1775391332399769,1
2.1370956891155326,-0.6045255212865907,-0.4157417797459367,-16.31885141450533,226.83352932489947,-73.10490798052487,1.9305849396296468,-0.5605110312215412,-0.24352488893853205,1
1.8512861622921277,-0.8719207919710901,-0.42004328148202014,-19.668504438712496,244.99291917767752,-81.85155914412347,1.68380086401808,-0.8234471990760888,-0.25725438184359134,1
1.416204508427698,-1.1222595557980592,-0.3618481434216826,-22.80229520192802,258.7541527081878,-83.61679753019897,1.290982802544931,-1.0623066595260495,-0.20879091236656402,1
0.9864360386478557,-1.2787958006281868,-0.27180038902485065,-23.108534888374656,264.33261098770436,-83.01960645892656,0.8794811664617468,-1.2054304522198687,-0.12026063177104787,1
0.646427586008012,-1.316172797443623,-0.19238948083762447,-19.327504530147795,262.0193506863156,-84.57872511880828,0.5416144106414469,-1.234119135411768,-0.0335368681752014,1
0.33746310097095067,-1.2685653341469556,-0.15565432694906645,-12.409068773312242,254.97488493587383,-89.30903775215955,0.2612075977508017,-1.1899197452686838,0.010135730659902375,1
-0.07662882311677797,-1.1955654900592616,-0.1567667225771615,-5.151428177984506,245.62124161083068,-94.30874071598993,-0.07069717543338726,-1.1368053306350723,0.004510741770672042,1
-0.6477667061000677,-1.1351534560566519,-0.13576790206214442,-0.8678235044752661,233.1979354318123,-94.8297636657818,-0.5399585003381989,-1.1060360673972753,0.006610958245523922,1
-1.23908718068625,-1.073681811599455,-0.01812372765739768,-0.9737432602911164,214.53798735701346,-86.915045407767,-1.080784809006392,-1.0662255529947968,0.10050184198479882,1
-1.596930870189521,-0.958260467255921,0.19247132086743865,-3.0151716504023693,187.14202765591057,-69.32463182966562,-1.4730588463540522,-0.9515350231788327,0.298757839193353,1
-1.548239855781131,-0.7528929881754649,0.3827216417639763,-2.187048529626541,151.96015813045327,-44.22758677019169,-1.5070883933047303,-0.7330533955127332,0.49771179218320283,1
-1.1408253092176326,-0.49137837057370837,0.4298078851088809,3.769065895578832,113.80085841587963,-16.40099325300599,-1.1707097499467514,-0.4649234634488647,0.5683325950528135,1
-0.6009425739206193,-0.26870874543554424,0.32851939531986435,11.395666649343699,79.08236195772189,8.88680578228255,-0.6648266778978339,-0.2525584068004567,0.4883458208350943,1
-0.15918934532657308,-0.17313960512656226,0.19566580466843767,14.188487731347738,52.470665926489374,28.329613397062307,-0.23261171067992223,-0.1732422727246989,0.3613451914052405,1
0.09456541658340475,-0.22448408065564623,0.1535908385541393,8.550854276241136,34.793018402155234,41.79989304788212,0.01704138630398851,-0.22813200395336453,0.3105227124500616,1
0.21388488595054783,-0.37330475036916483,0.2258782433669298,-3.1004087377992597,23.668090259658328,51.33654964941191,0.13057146135776368,-0.3621400063822333,0.3710555653632186,1
0.28741289199212233,-0.5506231581435426,0.34115083187141443,-14.66283742267209,15.949419992788881,58.861735540624714,0.1992815648574799,-0.51681874803783,0.4820323592641384,1
0.3479289764052692,-0.7149819037024525,0.41533166221084,-21.12788409759393,9.606816435727433,64.91353975671363,0.26123159150427705,-0.6631231092631664,0.5614606463945662,1
0.3789980604886074,-0.8591999113633952,0.4162612661293308,-21.29629919010527,3.7881834035831337,69.34320898785496,0.300744586081558,-0.7967499135696667,0.5735916169801522,1
0.3755731858648212,-0.9848130625361591,0.3613235334906537,-16.882017848917087,-1.9785934698851295,72.48314101055308,0.30416801276646965,-0.9158483415918578,0.5314052347692048,1
0.36857605433998347,-1.0796801637538742,0.28282528532375034,-10.044598485316147,-7.947197526174106,75.07948558297781,0.2905335909894567,-1.0075763642017284,0.4620043256621018,1
0.39120339577094904,-1.1220471212054455,0.21048651697950738,-2.0547957318567684,-13.606698107670505,77.31334308026169,0.2925166906993706,-1.0534857757744214,0.3888755604619857,1
0.4413425377845126,-1.101580205255856,0.16928792314996424,6.360738310924516,-17.580622926355087,78.44028831377665,0.32244858621658856,-1.0443213277346937,0.3352099802248308,1
0.4878863554955718,-1.0309948810210392,0.16729133461057893,14.415892444513426,-18.60787129326597,77.55466820938554,0.3633034930678836,-0.9877631621299967,0.31693598032586706,1
0.5069583212908004,-0.9358612090800619,0.18228172253969357,21.44790142051795,-16.748230184765756,74.49470497441135,0.39067262802874375,-0.9019915053620605,0.32389224467061006,1
0.5034207139106596,-0.8353078590929071,0.17757468941662674,27.336247172487035,-13.431292390471354,69.88130888039876,0.3986073127907049,-0.803486122725007,0.32251572923169475,1
0.4996005562455887,-0.7352863226859127,0.13991023196325858,32.23701666034626,-10.174210991192451,64.46628694050118,0.4013705204160951,-0.7026560347216833,0.289585611596278,1
0.5106733572643616,-0.640684228369805,0.09331053609355032,35.9095477849737,-7.314610097560318,58.71308736800222,0.4134885776866869,-0.6101179677880202,0.2387792892401196,1
0.5323803028405331,-0.568154001322545,0.06913534437042454,37.741847961081625,-4.1026979313440055,52.989219079268224,0.4336976737395954,-0.5419987685416375,0.20489686097066986,1
0.5480604079409422,-0.5377594163023554,0.07041144806018933,37.69087630010646,0.02507528400898379,47.821687252754984,0.4484913427817654,-0.512419918144333,0.20445851882995697,1
0.5458409083927177,-0.5498933461975571,0.07514009243052475,36.898173397622244,4.488855178106281,43.6913884568498,0.44782021324412397,-0.5185300934032797,0.22161002883399042,1
0.5314197997997034,-0.5787165798264626,0.07033326211169998,36.926673160441794,8.070806925916862,40.635835760370526,0.43612587717596213,-0.5379598584139301,0.23325316363612927,1
0.5239229061152125,-0.5950237241888926,0.06894133224967677,38.40041297906425,10.338744903437233,38.22609958725131,0.4283621572736239,-0.5474647047321253,0.23667588746887236,1
0.5363583458448428,-0.5927160908815258,0.0885365249212244,40.7073915513209,12.327825822549672,35.97867301274922,0.43459756021604373,-0.5441595038284742,0.24552582937676226,1
0.5606255594796766,-0.5892318806415552,0.12485490078929859,42.972614833878296,15.646022329074912,33.78744041349678,0.4487519732742339,-0.5445813936929921,0.2664680009303982,1
0.5747226569047266,-0.6032918586350805,0.15676499376856012,44.910710405821014,20.97299807354748,31.986316567192798,0.454441420663647,-0.563459886418254,0.29090831775649467,1
0.5643953028144433,-0.6349711390054065,0.171491992772019,46.70115643954361,27.57205649466908,30.963464920097174,0.4421767626065277,-0.5970575773289343,0.3088447348228478,1
0.535231378107574,-0.6640507354271903,0.17536184716709086,48.49253435903278,34.25268050523392,30.636099811909144,0.41807821542056256,-0.6259982095363823,0.3218270809214138,1
0.5050190062057442,-0.6659093994253664,0.18188219106825718,50.269585521379156,40.611180926793644,30.328774888323384,0.3955683230224621,-0.6301994194841559,0.3381986042945309,1
0.4895038489920321,-0.6332035127173972,0.19536655841523334,51.97960879919831,47.13626859421818,29.291657587575283,0.38415346772741127,-0.6031001085654538,0.35847312974271645,1
0.4967828538859039,-0.5843743100657606,0.20504154349477438,53.638654143051845,54.17477020023117,27.383526316248272,0.3891261733520711,-0.5574190641498993,0.3689517609077251,1
0.5288568064450576,-0.5470750427468463,0.19241854938969646,55.46270634373117,61.19114544896393,25.16564253112052,0.4148353352437354,-0.5163119367140532,0.3517749543360056,1
0.581133112832435,-0.5305653584418871,0.14801911934984383,57.87787500181733,67.40174906994581,23.272868474088014,0.4601204547377133,-0.4926018558630665,0.3030720967362227,1
0.6403100575882573,-0.5182391542229247,0.08549532700834615,61.06037423222432,73.01439733055253,21.758347068159487,0.5128497339885706,-0.47694171105403765,0.2417729529564874,1
0.6871374077352186,-0.49101842481301583,0.03667094690485103,64.36001741670623,79.3535579269221,20.123577714334004,0.5545297961303427,-0.45255101475183546,0.19812145329692754,1
0.7032086768051649,-0.45397889005989916,0.02618456168475731,66.57137202422813,87.52820671532258,17.933651328273633,0.5692936413815458,-0.4202870156856073,0.19027093158688477,1
0.6770839384887037,-0.43300425927631986,0.04979534264554098,67.1099200087381,97.22664164101089,15.285381993958557,0.547941374714023,-0.40054039029757604,0.21138024127897434,1
0.6106677076546873,-0.4454058517478685,0.08062459099350801,66.78287391257604,107.0636487309621,12.667724461607131,0.4909269430325339,-0.40877723369493923,0.2392843339512717,1
0.524553906305916,-0.47978533173963184,0.0956718334574406,67.14234992374699,115.95760423140351,10.492958283108596,0.41363049948441993,-0.43651502312707974,0.2559648870806703,1
0.4509610028884072,-0.5071980675438533,0.09233971024228319,69.08976873248845,123.9173638783623,8.839936888899906,0.3432020213099321,-0.45995165762773094,0.2567861484262852,1
0.41095472719720627,-0.5084269650458538,0.08135022703513216,72.23063756609551,131.5506353358507,7.546466190715125,0.30054448454306026,-0.4628104583395283,0.24647189478372833,1
0.3985065689859112,-0.486914120701147,0.07219655592829985,75.51843392540259,139.1223396511086,6.392127495968868,0.28441361244926683,-0.44677230749944885,0.23286431563334822,1
0.39431788106156457,-0.457454225328806,0.06946932173986085,78.29550660249657,146.3164923097625,5.193825913689785,0.27913367453987253,-0.4223778961924931,0.22451165420221234,1
0.3922731401841696,-0.42880096572525245,0.07613932748847034,80.58514887097971,152.83946618009713,3.904631192879284,0.2773789718950842,-0.3963933121672987,0.22806160615164192,1
0.3988769557243128,-0.4008886368002737,0.09096040082769388,82.51863890796089,158.93832071686776,2.7963481031756525,0.28499262502842604,-0.37105017268590246,0.24277228964615707,1
0.40623233942820913,-0.3742976225488767,0.1035512576061014,83.7906424400559,165.06742104626673,2.5061325315464655,0.29892109772061676,-0.35012330361414423,0.25821421974958814,1
0.3840626112498232,-0.3532723214204659,0.09987426355515888,83.90002831629474,171.14639292358265,3.622202273222009,0.2930766002116904,-0.33708217897405274,0.2610651763590311,1
0.31070458190230016,-0.33769231849740483,0.07531175935523472,82.88234508698804,176.51543692628675,6.003318736701078,0.24100094198140393,-0.3271484645205627,0.24582911644627292,1
0.20596045345779446,-0.3210592803127286,0.040922367326938686,81.55111061576325,180.7827524507893,8.63709665197162,0.15185128951335403,-0.31004905866677873,0.21974297362525883,1
0.12554852742333264,-0.3028110936646531,0.017528623833426137,80.85687855422485,184.48712199548424,10.420996878592012,0.07400488926952928,-0.28531231696428283,0.19918654437776867,1
0.12051122094162427,-0.2960156030934083,0.02184913789138298,81.15451583007116,188.7211339744607,11.083281333283312,0.05733125451556318,-0.2690880713917879,0.19957147738633407,1
0.19489590887641714,-0.3123531369902064,0.051424502189928195,82.25663754623405,194.17693538777823,11.226506635599096,0.10939871043036938,-0.27800042223777804,0.22214282462732565,1
0.29658030377636185,-0.3406218465458947,0.08108064747133248,83.94589521762558,200.57622908701896,11.524119994235273,0.18691185014801573,-0.3060016477169057,0.24829428528920117,1
0.3573962183931066,-0.3527409534278222,0.08171008160495914,86.05186844184024,206.85943169830992,11.990888450419943,0.23385455927068804,-0.32529692875441757,0.25279464510532423,1
0.35499238175796116,-0.3374541000864205,0.04761461260635942,88.19784701827115,211.99443106635772,12.07456712951991,0.2343864819099097,-0.31680788782126357,0.22735003494270814,1
0.33186548993591486,-0.3180484585681606,-0.00016069433268189534,90.0208937395825,215.90938038703047,11.427057909136185,0.2255426305973157,-0.2944613313898925,0.187000256740726,1
0.34163649477926233,-0.3254285536915296,-0.04156741281700221,91.74496148356405,219.60770807878777,10.428630891202229,0.2493445343125226,-0.2891390097654777,0.14866914043572546,1
0.38190575190706394,-0.35889024398881425,-0.07986244119432608,94.15703088540934,224.04937088612726,9.785041745215647,0.29608788601527075,-0.3104163256400128,0.11021867107227552,1
0.3988867556082682,-0.3862784099445678,-0.12752526697518504,97.86860758214533,228.9976728046015,9.725910175259697,0.31119803824208037,-0.33556562476676616,0.06126885864617774,1
0.35997959448125627,-0.38186496433612316,-0.17833749319066414,102.84393811450454,233.4241026471856,9.859899526106375,0.26345272055625446,-0.33777938602090923,0.009499409014550177,1
0.29908649422860983,-0.35099584966954683,-0.20978974172848722,108.70196898851715,237.12213130624764,9.755352123486027,0.1898663391667447,-0.31406286283489965,-0.02142200973327405,1
0.2745412158487328,-0.3150535385619367,-0.21396832040257774,115.05671756880723,241.41019327856105,9.407738144213821,0.1566303662211624,-0.2809632085874383,-0.02345339439144833,1
0.2976755428330995,-0.2856902594527328,-0.21055675542233154,121.24770611738472,247.82397991420297,9.193514051120683,0.18314418481088787,-0.2528774294144558,-0.01758794417165099,1
0.32609448035656485,-0.2614326079141134,-0.2217052180066313,126.12512357194417,256.3234901486625,9.56915580359872,0.22443881014456069,-0.23217603959752775,-0.027246820077741464,1
0.32146603416564035,-0.2401072398058559,-0.2449724836161282,128.75185969610467,265.24564708614673,10.691214839980564,0.22921253234481478,-0.21482633706648402,-0.05028404503946667,1
0.29031818842467666,-0.22372462953315406,-0.2605660141685296,129.36882518813968,272.9953958260813,12.104451449340978,0.1959308728826451,-0.19740773914645143,-0.0668957707701455,1
0.26656750987067634,-0.21173438872602202,-0.2580593731401767,129.2585159187225,279.3613054270789,12.915209379747335,0.1647389348569059,-0.17827717098345183,-0.06619235971337198,1
0.27219438283559916,-0.19556165146835722,-0.2471528426146684,129.5704167409465,285.14684086663283,12.534804822403112,0.16840391206256775,-0.15545685118837144,-0.05599876212177627,1
0.2983300053637792,-0.16341983041657432,-0.24759739330654992,130.46477955387581,290.9800865265536,11.319819420545448,0.19986001592633323,-0.125335804322473,-0.054096079201946735,1
0.3131836300369543,-0.11151722514885906,-0.2766122484224157,131.24522511863364,296.66878415472047,10.394743427678515,0.2208142445937028,-0.0847355332120836,-0.07854189844934203,1
0.2894923548007163,-0.05063255137415684,-0.340186951836771,130.9691589110003,301.41184068963736,10.722296749584844,0.19901402520385864,-0.03617352021529257,-0.13903326144010253,1
0.2356688716446631,-0.0011737832147117174,-0.424244758627115,129.01781616806747,304.52818730468243,12.20838708762146,0.14304923570942474,0.008636440863641756,-0.22470360066804992,1
0.19557219956128616,0.019963211165075614,-0.4947652264649712,125.55058092270673,306.3257517903482,13.67101464426285,0.09831928557075822,0.033767958506132074,-0.30121045338896213,1
0.1998474151912312,0.010891827357234832,-0.5211641130355801,121.63610686599347,308.4154919756062,13.816974562340935,0.09713444860593362,0.031518641858191296,-0.33375986321905626,1
0.21702150751601634,-0.01399473950400455,-0.5093673164295522,118.69865805039723,312.69163963250446,12.416476273994792,0.11260431666461067,0.010521659053675872,-0.32278125217885906,1
0.17374823509612605,-0.03367023109977318,-0.5039203006745325,117.48326160514715,319.41621425214777,10.530502501573546,0.07694363727902166,-0.009782851017053599,-0.31121522218122233,1
0.03293742649911499,-0.03242805649271205,-0.5435713474138499,117.44405641997145,326.33420123319235,9.49805598350822,-0.047759302970642986,-0.012484698922488586,-0.3439177105946068,1
-0.16242436546543432,-0.004941042797205461,-0.614891605630602,117.20367203282062,330.15775394305723,9.707904313074536,-0.22725722715222765,0.008640354902921846,-0.4170941095356283,1
-0.3279794024502722,0.04524391309917548,-0.6604493653057955,115.61699915533659,329.24988469679784,10.390334122587214,-0.3859119246678736,0.0501461456803595,-0.4752283454812473,1
-0.40429809657488186,0.10752313540797191,-0.634841613349774,112.36849364480797,324.9798900969529,10.429287405741682,-0.4659445139443486,0.10284182436246465,-0.4619239814270787,1
-0.3905623230842994,0.16406208537548916,-0.5457191718143828,107.67724014761663,320.58054872928443,9.198583241119438,-0.4605530449212516,0.15241343049968198,-0.37184516485101643,1
-0.3500773325371379,0.19091806319036214,-0.43711589848194876,101.68227429777092,318.5026350382749,6.915739194167865,-0.42146604649513675,0.1783476915072552,-0.25073542996918624,1
-0.38831090031720766,0.16731617502940163,-0.3363240386869183,94.36785187077905,318.2718591557372,4.761781623896167,-0.4433597374186378,0.16068432167509308,-0.14320284463142396,1
-0.5811827248146972,0.09550998853984936,-0.2237437796590859,86.27299924772603,316.6174004392187,4.655064278455072,-0.6033726443192189,0.09854683785670117,-0.04346203048874679,1
-0.9055501739024214,0.012585624073122012,-0.060308108107387216,79.0509161198513,309.99302939693206,8.270605014006854,-0.8926031859376633,0.02201266487121554,0.09417466729745924,1
-1.2679115861488826,-0.033479260928588675,0.16191351267249313,74.53754369826395,297.07903435463845,15.93759977473686,-1.2288827076492055,-0.027435207501302447,0.29777911882178004,1
-1.6039515986334831,-0.03200030753220364,0.4110847050446599,72.76195895046772,278.6844822239698,26.674672027962455,-1.5451505982899507,-0.03730886323259362,0.5465819292580211,1
-1.9187980506937181,-0.028037035012429122,0.6546302343435003,71.46011727297474,255.83849201839092,39.248266621612146,-1.839240213321281,-0.041454249283527124,0.7996809829184832,1
-2.2339564090394344,-0.08434723243789106,0.8854313802114651,68.4403511407341,228.94378962352778,52.880535940004656,-2.1343394250991246,-0.09261287115798743,1.034736995668722,1
-2.5312128556739255,-0.22514566627456117,1.1057647167170126,64.35394034744505,198.55172247751673,67.0665877740103,-2.4213815857592276,-0.21710809265673162,1.2491020761329092,1
-2.758549575553849,-0.415226048793896,1.312254424945299,62.31230361614465,165.97156148753862,81.15306423713741,-2.654027819436545,-0.39183420836055616,1.447401901033049,1
-2.877939921293048,-0.5891304028945495,1.5153478092626271,64.46466802019559,133.0473642389577,94.20987828087385,-2.7903973217553206,-0.5607460726597037,1.6506738466078292,1
-2.9036182023075288,-0.7058003522399132,1.755309851745906,69.6627829728485,101.82641972655578,105.31310164816666,-2.8343966953063022,-0.6809057082663788,1.9023389409449656,1
-2.895984675653492,-0.7861904142663176,2.070090966986868,75.29724540724277,74.10682744197084,114.23153395631937,-2.837536685951531,-0.765452219435908,2.234418520575333,1
-2.9169512478890227,-0.9020180705292788,2.447535678444108,81.04393050067995,50.609191842145265,121.95798780388103,-2.860975611220368,-0.8844661939558761,2.6252185619307182,1
-2.987208067760052,-1.1268223145052547,2.833227505631464,89.47219184503577,30.82970419952565,130.0611865828132,-2.933293772823309,-1.1170744541296582,3.0138431726922006,1
-3.082396317961797,-1.490373828427532,3.1924270015862475,102.49086364122805,14.396343704145458,138.68057035293302,-3.0380610457328756,-1.4927286304963698,3.3653044917812664,1
-3.1731224998413587,-1.953359217962215,3.535018663992653,118.24912285648959,2.17776358716113,144.7921544857416,-3.1417571818636616,-1.959446778533347,3.6945183711638037,1
-3.2687050815568686,-2.3888843322513886,3.8458030410539203,132.38563778192392,-5.13251483381612,143.1605180038785,-3.2388730439086553,-2.380216878265577,3.993550206412243,1
-3.3986161101756522,-2.578311525377123,4.002294987319927,141.55834878685496,-9.300097750723028,130.41006252963604,-3.3539304489546984,-2.5470708738625802,4.146814777581202,1
-3.5253333621259535,-2.2677933129356584,3.820207194020226,144.66019449243385,-13.251579435729836,109.17735915705455,-3.4690444464880796,-2.2324902162925615,3.9749605084223933,1
-3.493096938915708,-1.3201467515350311,3.2216333116659803,141.08268206549218,-16.230480759998592,88.39000200602766,-3.455687406983209,-1.3163370318273393,3.4000884434598784,1
-3.118691252020381,0.09555449570732091,2.3432014413352418,129.41559638182645,-12.05960217993285,78.65511199491021,-3.132972192248051,0.04227078572334865,2.5501393127297094,1
-2.374368211742668,1.4599366320884544,1.4561287404418597,108.87528965983779,5.1042725419043276,85.34970708940048,-2.44370500352989,1.3556710810052983,1.681410055425943,1
-1.4737975047757135,2.166329451132685,0.7901285569907319,81.981675692324,33.180457496907366,103.99639238079583,-1.569356038522777,2.047837847678249,1.0137774121926117,1
-0.7370071087821431,1.956816306115011,0.42994467381603757,54.992803789746695,62.167655369228434,122.34165347290991,-0.8259847537667425,1.8669884176137161,0.6360568579696576,1
-0.3428887210517424,1.1188767657580097,0.33248307130715005,34.406251153732974,82.36869534609896,129.14301129220937,-0.41567283211914063,1.0787793801180845,0.5178057784207418,1
-0.2244479922773834,0.22188752661058223,0.40183625283499036,22.542302984490338,91.71342184892879,122.47177943278412,-0.293845951584928,0.2240795851109046,0.5719241992060418,1
-0.2157984977590545,-0.3242399866716056,0.5490179270602719,17.19580671616399,94.96962557048933,109.42149070398224,-0.29420406526529164,-0.3002541507534404,0.710921784972268,1
-0.2562051315606006,-0.460150746836071,0.7017677198473126,15.365410572676272,97.31061830539247,98.3341505488862,-0.337856480660081,-0.43210175092515507,0.8624146939766835,1
-0.3926905352189282,-0.3502238754388976,0.7884455407750263,15.69311410846932,99.61792288049259,92.61913177705048,-0.4597346348555126,-0.32974425558376314,0.955151760422633,1
-0.6185559502470281,-0.18050090126475793,0.75120779703228,16.942439412045495,99.37288624098277,91.29793065927656,-0.6629899376673972,-0.17505220852441372,0.9285044548071292,1
-0.8199748256407962,-0.05600750360024563,0.5928495937664031,16.191816226608626,94.99074975937856,92.58252721010324,-0.8544644004702876,-0.06774534021534648,0.7790085719538762,1
-0.9157529994478736,0.008206492308440356,0.3916442147784882,10.488318039961486,88.62133450703742,95.4443119545571,-0.9589252175375764,-0.01565922868062865,0.580668818471011,1
-0.9625613854112233,0.0480316694099255,0.24220498661103979,0.10047415660474546,84.54913903961392,99.12253226451332,-1.0188602884100149,0.02206582111733375,0.4293855935857627,1
-1.0536416829937723,0.09092727416697811,0.1787994768358832,-11.12611161179554,85.3684003081184,102.7986600362347,-1.115822894484431,0.07260955308084822,0.36295552766626804,1
-1.163804267550946,0.12198663410786985,0.16944464398340486,-19.108255474902087,90.4388087898148,105.59513029434427,-1.2310075323217435,0.11721164488177799,0.34992315180877376,1
-1.1756366765403818,0.10813864294409486,0.1773073517438516,-22.75024852070731,97.66962316637358,106.04991106812058,-1.255824045514343,0.1182076208152179,0.3517228209998625,1
-1.0478671886077995,0.04367949262860652,0.20067194876226463,-23.773314859801918,105.46254361045804,101.9729559014342,-1.1405845988731325,0.06578933156949829,0.367944132946637,1
-0.8831166692079541,-0.04479445280886795,0.24886836417216882,-24.200289123244243,112.62910257785106,91.97711564686432,-0.9721532212136562,-0.015021438910108013,0.4129672112360013,1
-0.808737344213224,-0.13315294951737958,0.3070064055689158,-24.551964316548894,117.85443765380784,77.33237187038512,-0.8788984879880624,-0.09715835282022077,0.47523522900184756,1
-0.8432753755239503,-0.21963474713594555,0.34276923273747345,-23.81147183650016,120.56324102543451,61.51396472708484,-0.897761002680989,-0.1749662499114401,0.5203470745128441,1
-0.9111459753817716,-0.30600590906455566,0.33769489299439837,-20.254943683983203,121.96292366395137,47.62602990808942,-0.9657000102116935,-0.251767610370815,0.5240949589148274,1
-0.9506858175332631,-0.37262497095163954,0.29824545264383395,-12.52769816954378,124.08353813028361,36.623166934913115,-1.0139142032423407,-0.31407497884021074,0.48762624930971254,1
-0.9668813776237235,-0.38145941446990833,0.23931008291760875,-0.8162931925017323,127.4875691538468,27.879269835359715,-1.0319875144174182,-0.3266359712374309,0.4247724774841432,1
-0.994641747166409,-0.3016665891449577,0.16908143877808232,12.618293417845726,130.47631635833173,20.721439888698697,-1.0496894897108386,-0.25475299785268124,0.34781944089969297,1
-1.0508453749147704,-0.1319835098591542,0.09408623078944432,24.403425032060802,130.76203317286988,15.174465460352977,-1.0923652687916607,-0.09244781650379627,0.2683410678718937,1
-1.128722314319339,0.09541835592699632,0.029445924782537814,32.050600784906706,127.53654227403455,11.744670037671815,-1.16310818498635,0.12808691447759468,0.20259928059478413,1
-1.2158800968512253,0.33118893565219515,-0.006126024164053611,35.263366278993594,121.78684374267583,10.880503873344365,-1.2496866151533372,0.35432252665304864,0.16704751995057254,1
-1.3050220777072608,0.5380976939568455,-0.005542632610298024,35.465497382949295,115.04928861951157,12.478638235114131,-1.3376860090438438,0.5472918594735104,0.16689031932339843,1
-1.394135557494653,0.7147031262625797,0.01947298573045716,34.37142348998573,108.21470570847123,15.622643046810813,-1.421531944332423,0.7068910091147529,0.19035920731988035,1
