ADXL345_Acc_X,ADXL345_Acc_Y,ADXL345_Acc_Z,ITG3200_Gyro_X,ITG3200_Gyro_Y,ITG3200_Gyro_Z,MMA8451Q_Acc_X,MMA8451Q_Acc_Y,MMA8451Q_Acc_Z,FallCheck
0.13281500768986407,-0.7617224271663525,0.4921905839981026,-2.3803656767643018,1.1596588083115333,-0.3662221599692929,0.04785056499045061,-0.7275336052886033,0.6523452279288906,0
0.12438049441543504,-0.7591163195561484,0.4945842546698772,-2.5311892636056097,1.159678921601789,-0.41621764534087574,0.04675197772343932,-0.7288323480238046,0.6539120493205192,0
0.12244116906474393,-0.7572338133111449,0.49591960057815326,-2.6715892294706656,1.14661930450335,-0.43761315430648956,0.046769153132194485,-0.7299298382878323,0.654317803951903,0
0.12767616534131335,-0.7574034368552267,0.4961663013943389,-2.749311321776332,1.1299586736583438,-0.43590948885447695,0.04747139272782875,-0.7309276174805485,0.6537400871413471,0
0.13453654579869814,-0.7600472264904121,0.496184199215377,-2.707058235958752,1.122513201621334,-0.43505166519887767,0.047429725387967685,-0.7320271742194389,0.6533138228106602,0
0.1365164720009866,-0.7632249384000953,0.49660334463731237,-2.5508160149732273,1.1180610840219338,-0.44421931803753983,0.04607330080104838,-0.7331551254500707,0.6536280987586865,0
0.13183675635289357,-0.7640758321305783,0.4970036012736244,-2.350169841852335,1.1062504973449159,-0.45680042880238164,0.04430891444619565,-0.7339519613468375,0.6541451832696709,0
0.12425002711814884,-0.7617427920236322,0.49658135062036374,-2.1724733126840237,1.0910368033279456,-0.4693031398742409,0.04322632481406604,-0.734025067020037,0.6541660529209706,0
0.11893336106476628,-0.7581414464508252,0.49565994813044056,-2.0415053465074884,1.0782534424326689,-0.48519356147136034,0.04283931539973236,-0.7331431703419321,0.6537860714284489,0
0.11790187015994862,-0.755854444029116,0.49565838751723834,-1.9560025846114433,1.063722287300245,-0.506183682970332,0.04242785704525157,-0.7313164959094209,0.6535776851851065,0
0.11921217615777929,-0.7557578479903154,0.4970729652927955,-1.9166353133662632,1.0499118167590062,-0.5298293857033143,0.041759750391027084,-0.7288919845629444,0.6537499445716122,0
0.12016206594574115,-0.7567751423641658,0.49839530765198337,-1.928320492973414,1.0572785523405388,-0.552491473628732,0.04154586432444599,-0.7266588380023752,0.6539601508270925,0
0.12037699455051461,-0.7574896598339309,0.49776094326135656,-1.9976877376653526,1.0997146709808372,-0.5709613971199807,0.04260465090898722,-0.7255596516048971,0.6537540451500871,0
0.12118733255770259,-0.7574176324475275,0.4951280441146828,-2.1279924782628306,1.1573711788465397,-0.5848620795144885,0.04479541374665163,-0.7257764567305991,0.6530965287004598,0
0.12302479092409015,-0.7567018942778728,0.4923499530958263,-2.295718278022302,1.1912946377001914,-0.5974468609458419,0.04706642327752088,-0.7262511330043858,0.6525893232745839,0
0.12494138367360126,-0.7553416120005964,0.4913851911037292,-2.442399403373625,1.1848178766766437,-0.609044212999131,0.048514588911675094,-0.7259201876663118,0.652995057086609,0
0.1262296343494628,-0.7534127469341938,0.49251192880252254,-2.5223121672461546,1.1599652742245465,-0.6088151369878089,0.04899481463628566,-0.7253923670746346,0.6543483262764711,0
0.12698598274827863,-0.7519150540137465,0.4941889458497444,-2.5539962118431356,1.1508768374406106,-0.5769660529613458,0.04865309356038093,-0.726371399768202,0.6557229760897152,0
0.12718334639959494,-0.7526352109901526,0.4948169107627476,-2.589627457957174,1.1655484917837589,-0.5011692842438886,0.04756156924689535,-0.729318167594351,0.6560296970664632,0
0.12645580434839424,-0.7564067463758652,0.49424509799669736,-2.6320846802839006,1.1741958874198573,-0.3953191506225302,0.04625705154177641,-0.732744799822742,0.6549120445509999,0
0.12493873745784921,-0.7614867636078396,0.49319116799289753,-2.6207904055352627,1.135176173762387,-0.2986950640460752,0.04596021701279651,-0.7349419049479483,0.6529028298107918,0
0.1233926253893204,-0.7643582744205271,0.4922682908097954,-2.5182130885458878,1.0377114318428504,-0.24790102264731365,0.04739294585838733,-0.7353498812046007,0.6510006379829808,0
0.1222855397464958,-0.7626514896321165,0.4921941254838766,-2.3842667464828247,0.9224093016729832,-0.24563766868174405,0.04954537410043894,-0.7341524812370378,0.6501235113197376,0
0.12154622989211755,-0.757427722150333,0.4935130410362954,-2.3329298008393335,0.8549550520932377,-0.26026970558377305,0.050285359208388725,-0.7318198972134593,0.650663230958071,0
0.12139325376972095,-0.7527329816865652,0.4955872330832701,-2.410888219258909,0.8737109122026643,-0.26029105175504397,0.048343349358632486,-0.7295653178985225,0.6523393321984164,0
0.12251115615306099,-0.7525572550175106,0.4972402650451805,-2.533980552256731,0.961573000580826,-0.24615928508070994,0.04461193433232449,-0.7291569921313892,0.6544251193557449,0
0.1250673727071655,-0.757484304157204,0.4982151742166944,-2.555047766610791,1.0663283042652938,-0.2390815217177361,0.04159101090341662,-0.7314026308567088,0.6561079556191073,0
0.1280945264180499,-0.7642148507983487,0.49850768743112467,-2.3918413387960635,1.1409584908750023,-0.24192493229204137,0.04142061055906221,-0.7351941609329141,0.6567678225044009,0
0.1300015790188536,-0.7685217162245461,0.4971106582709785,-2.0778549350916697,1.1644812620482314,-0.23269096785539609,0.04409012692680178,-0.7383738773566034,0.6561374739485293,0
0.12960190475809144,-0.7683580194024222,0.4932551198217269,-1.6945851028493042,1.1432619411117766,-0.20374840623344154,0.04751709470553412,-0.7390541806964055,0.6543087394013216,0
0.12702696590353432,-0.7642593728454836,0.48819916998857255,-1.2945063779538215,1.1103935911163774,-0.18404228017562022,0.049479256168897305,-0.736001561498475,0.6516369940164245,0
0.12393192402879394,-0.7577706045048704,0.4843293719876138,-0.929496850648454,1.1113936508355957,-0.20706386169419566,0.049390833551590824,-0.7287657170878734,0.6487258390884554,0
0.12237055295705773,-0.7502507678615832,0.4830301471378514,-0.7343063003779513,1.1645594603521858,-0.2725711778610019,0.048249612114987836,-0.7184317261385957,0.6464929315216169,0
0.12283461800611059,-0.7431206102950946,0.4841882378451389,-0.906507875182739,1.2360937158233272,-0.3507727743868182,0.04724606540939155,-0.7081665681861168,0.6460469436231767,0
0.12360553894410606,-0.7385886793826084,0.4869839341953335,-1.5437464332752358,1.2725689338172856,-0.4107770730500119,0.04672949122728781,-0.7022844571187492,0.6481938027109204,0
0.12286245541926015,-0.7392846520869445,0.49051235445347074,-2.4957980044442754,1.2567189511044339,-0.43940821469323454,0.04635952040804293,-0.7040476807326227,0.6528062796818764,0
0.12122403130137188,-0.7466757973218511,0.49422787455182227,-3.3996530102511935,1.2182516496793843,-0.4462404944700968,0.045852438521024975,-0.7137796031605997,0.6585954089663861,0
0.1208639828467031,-0.7596073143678035,0.4981302460859564,-3.8820660474740536,1.1947413098993254,-0.45433417539372756,0.04538856110200096,-0.7286334447795636,0.6636196002137937,0
0.12203727884197406,-0.7741092627128623,0.5021128127628864,-3.7663471078115816,1.1953938904765224,-0.47452859457338425,0.04535880603577362,-0.7439493757373492,0.6662800821749605,0
0.12239968411187077,-0.7846892041652062,0.5054550332223918,-3.1465674303154167,1.2014672826000203,-0.48981144361454243,0.04585212199901075,-0.7551328866199793,0.6661633527339303,0
0.12067466897844148,-0.7867275635959008,0.5077399828197706,-2.307032887143198,1.1912146937404957,-0.4790158815287217,0.046515877732244054,-0.7592666379229409,0.6641965079272012,0
0.11908457113505103,-0.7791298782843021,0.5095310899909044,-1.5522703806997504,1.1599597101570875,-0.45249167449122735,0.04688889274904605,-0.7560849132290567,0.6619666619337172,0
0.12040639820516043,-0.765687735601545,0.5108679443958355,-1.0533364092170248,1.1209517521646806,-0.44460082488319164,0.046744384637119454,-0.7477987022805377,0.6605912937970134,0
0.12402453097049917,-0.7533315671590165,0.51003929126724,-0.8029533902578987,1.096159137374847,-0.46817432548364685,0.046189066024582656,-0.7377985854832703,0.660000985481301,0
0.12706934910722723,-0.7474796067635247,0.5056135106357046,-0.6903871325522272,1.1071101883578554,-0.49339173802824643,0.045638272383340964,-0.7292075427566753,0.6592304280109244,0
0.12839558100991336,-0.7482672923584229,0.49902939611166636,-0.6163457424996641,1.160802953844941,-0.48021948134526987,0.04566534530776582,-0.7238679469352577,0.6573688310199579,0
0.1287408704926258,-0.7515189624185921,0.4935049281488769,-0.5581560949701043,1.2333946857106166,-0.4244288632477348,0.04655835685292626,-0.7216813886102322,0.6543581363105115,0
0.12765738171511662,-0.7532039280220766,0.49074736151494947,-0.5577464674177511,1.2758929609976037,-0.36377438867469875,0.04776128181212741,-0.7208711653367041,0.6511149953071811,0
0.12370682817883025,-0.7523810781037281,0.4899992556655198,-0.6596959012268518,1.2524927276189075,-0.3380111839620322,0.04798552080960225,-0.7197330704770643,0.6488718480401606,0
0.11808315866970862,-0.7503669622513898,0.4899373646180928,-0.8523445580732099,1.1781004304581695,-0.34759312225970557,0.04643279654009658,-0.7184285542998728,0.6482593760507106,0
0.11500980908186839,-0.7485532125194039,0.4900621544898889,-1.072017039387679,1.1104170281230572,-0.35772234821357374,0.04392198145660978,-0.7185254752028645,0.6490796167347298,0
0.1173983322460554,-0.7477009418785906,0.4900958324501038,-1.27424796215952,1.1006098950770518,-0.3407814354608481,0.042191522783190036,-0.7206934649806819,0.6508612046107436,0
0.12367247553890043,-0.7484804566004128,0.4896640642707046,-1.478558094371563,1.155356024567429,-0.3036307261547082,0.0419443978568239,-0.7236274768201418,0.6531843694943807,0
0.12930661017920966,-0.7513963629303373,0.4895850494235734,-1.7125920795560954,1.2447679398593643,-0.270293683328768,0.04226284813174726,-0.7255185958017184,0.6554504388302139,0
0.1306470237696957,-0.7558012987213623,0.49216268574980754,-1.9332708527200455,1.3325459570004081,-0.2504016666434027,0.04225406037395662,-0.7258257220853042,0.6570152815860344,0
0.12764689850806044,-0.7595408584415068,0.49854320115099254,-2.0507348435936272,1.3899073808908218,-0.23328073118353668,0.042458009812578704,-0.7253358172179574,0.6578528214777934,0
0.12382470542275377,-0.7602937440085098,0.5061966325775934,-2.0317817564349956,1.3945299237919444,-0.205346715847487,0.043880076596304385,-0.7252581419815509,0.6586052407360561,0
0.12313058404870122,-0.7577001259699392,0.5105378663828781,-1.943518856437962,1.337835345525645,-0.16534882176801333,0.04616251595273042,-0.7263906562014946,0.6597710089952492,0
0.1260570922126778,-0.754044305162448,0.5092959622348937,-1.880386256214664,1.2381087233020522,-0.126328168212506,0.0476712055518443,-0.7283683143472238,0.6612226306611372,0
0.12927098346907265,-0.7524345785457267,0.5043852374133375,-1.8653262974567206,1.1365515739728635,-0.1062924843600202,0.04733214125706599,-0.72967806007753,0.6625332228722233,0
0.12954564313116468,-0.7542304917996804,0.4995003403153466,-1.8404232777862322,1.0723710207657773,-0.11308984338422112,0.045685644168105936,-0.7290164229864915,0.6632903824032457,0
0.12704382699947134,-0.7579768405074144,0.4969891613226375,-1.7519155913752793,1.0578632619520514,-0.13814087821739715,0.044129263361836514,-0.7265502304719748,0.663046713092726,0
0.124106108218112,-0.760320978403257,0.49711395080740506,-1.6240933747867978,1.0736221000076267,-0.17003945717773739,0.0436871277016068,-0.7236191409845021,0.6615381829037834,0
0.12240803541964897,-0.7586321264321673,0.49893632377200203,-1.5338281371456637,1.0874688660800076,-0.2093969431845106,0.044459762857352446,-0.7216035959506389,0.6592401415660089,0
0.12253540397950365,-0.7537993823703395,0.501157575340888,-1.519581043057151,1.085099355659027,-0.25850187058670143,0.04569253111846322,-0.7211849882436748,0.6572902053711343,0
0.12469730500511994,-0.7496173050991074,0.5027253225943187,-1.5348253414803046,1.087560798385918,-0.30146999928092666,0.04635470213139582,-0.7220745686623717,0.6564789388610155,0
0.12801950103821724,-0.7483715472219562,0.5032143890789091,-1.4999919656535396,1.1318181453863287,-0.3141861025679115,0.04604633812200021,-0.7231200810800875,0.6565479929114486,0
0.13016877271715024,-0.748564477656768,0.5025506081658321,-1.395628502383729,1.2254693969025823,-0.2976738043047389,0.04529656328593708,-0.7230860547469116,0.6567523686591226,0
0.12946776593123485,-0.7483789517549252,0.5005587328476594,-1.2949888584490825,1.3273068457407053,-0.28591414993735786,0.0447753741605145,-0.7217421579236201,0.6567594223312174,0
0.1270024895366286,-0.7492249357513401,0.4974290850048262,-1.2951284700679535,1.3858506942570832,-0.3124986896659881,0.04450893399675269,-0.7201721907323005,0.6565728419118406,0
0.12535057099640082,-0.7531365860609212,0.49440085463928785,-1.4111160487752685,1.3941283227030976,-0.3765893791131368,0.04419086521766366,-0.7198751242206112,0.6559884359465896,0
0.12533826517396218,-0.7578514055429054,0.49283696425864465,-1.5460062376768569,1.390703052539566,-0.4456932170362903,0.04393646083074564,-0.7213771799720085,0.6548373193650887,0
0.12511604599798246,-0.7581283809162109,0.4926119457572807,-1.5824560850466818,1.4053124675761173,-0.4864297388451239,0.044197502505496235,-0.7235724246088113,0.6535660840837166,0
0.12274838356605003,-0.7528344329560944,0.49259568386409824,-1.5109606642565643,1.422456724401309,-0.4899500403612354,0.04496850632287928,-0.7246707290218614,0.6529060037421579,0
0.11899271561691788,-0.7475845265774719,0.49263098393854926,-1.4505390971026217,1.4092936855599865,-0.47291758128277744,0.04550377453833011,-0.7240516013463861,0.653040161580431,0
0.11692208478730184,-0.7482212366519684,0.4936628676187295,-1.523448375248039,1.3645805200106884,-0.458838066107009,0.04504566350902639,-0.7229154202110492,0.6535255456778359,0
0.1189140782318606,-0.7539497534780977,0.4958189845894327,-1.7194992907938045,1.3226241216158563,-0.45721582764402174,0.0437561399443297,-0.7229681388879394,0.6539523909839141,0
0.12417574439152701,-0.7592746770345363,0.4976667623137588,-1.9064695621188554,1.3121407768064801,-0.4580711312945511,0.04265083216250518,-0.7247924525146706,0.6544697711831341,0
0.12917459700162676,-0.7608218050464163,0.4978723651573779,-1.966287408951399,1.3237058263897792,-0.4463797984119245,0.042447052785099415,-0.7275018848323778,0.6556787146838966,0
0.13057706333289623,-0.7596089896900364,0.49686696305147615,-1.894501857359345,1.31974386595489,-0.42194413035731726,0.04288185846399744,-0.7296418393135474,0.6578846102647192,0
0.1279378942266584,-0.7578037658167288,0.4963390932270929,-1.7724602390715498,1.2697522420144802,-0.4032417441535458,0.04348799466497792,-0.7304448641586303,0.6603788980411751,0
0.12377066475190676,-0.7561536815978265,0.49720316263282266,-1.6784328096003966,1.1743991909351752,-0.40793602716141475,0.04431695027222151,-0.7303379827103986,0.6618400712037337,0
0.12140160429778593,-0.754798962277137,0.49842263214861177,-1.6383695484911944,1.063651417500494,-0.4288758087224856,0.045260853948195665,-0.7300738864309918,0.6617303662439498,0
0.12262374726005842,-0.7543044526820794,0.49837843434708234,-1.6383620973902984,0.9779895749204087,-0.4360827986663739,0.0454974461751919,-0.7294311866038341,0.6609348990123021,0
0.12645108632806382,-0.7547138223506461,0.4974393977292111,-1.6609911985559216,0.9456556661610774,-0.40781285460995553,0.04452056050588503,-0.7273319023415297,0.6606516743057839,0
0.129680022655185,-0.7549377509375887,0.4979696744887813,-1.7087546046052458,0.9657371745476208,-0.354799400424885,0.043171664565440394,-0.7236081485691633,0.6609454292794339,0
0.12950565732107042,-0.7543828087027791,0.5010570929492586,-1.80012123556039,1.0078788612676048,-0.3088233377974186,0.04283933598941287,-0.7201836322345629,0.6608618319030639,0
0.12621120323529608,-0.7543186065137794,0.5046805669065038,-1.9418562752281356,1.0343038418579005,-0.29075411603814505,0.04386149854963751,-0.7197133117326326,0.6599187976487417,0
0.12282885733627567,-0.7562311719129994,0.506343640629706,-2.0987503561163483,1.028927496847245,-0.29329127943093786,0.045220709103194257,-0.7229036600464991,0.6589969636563037,0
0.12200271278784344,-0.7591954155360154,0.5060489097326014,-2.195814409540215,1.003799054407824,-0.2945295463850364,0.04575254384347255,-0.7275479936453693,0.6593171185513109,0
0.12368872260608908,-0.760355771864358,0.5051722561978402,-2.17038347833119,0.9768284140674097,-0.28715445529837946,0.04534933873982366,-0.7303554759186293,0.6607051915782844,0
0.12577663413684062,-0.7583687875944928,0.5038622806609107,-2.035143589605151,0.9520296494327238,-0.2901929866206569,0.044862542413294376,-0.7296589891564094,0.6616064736862403,0
0.12630225921594632,-0.7551648066480459,0.5015211561179076,-1.8818776232493315,0.9261857676892012,-0.32747653893213896,0.044954274532338495,-0.7263952108814153,0.6610438641718928,0
0.12509067316101105,-0.7534437687849943,0.4990850036623884,-1.812414347955087,0.903705405420048,-0.3968809528753716,0.04536530470495157,-0.722781361235007,0.6598229555616191,0
0.1236103801810503,-0.7534003441068214,0.4988394287764805,-1.8668094181546357,0.892652584471957,-0.4665893260516438,0.04547882744485907,-0.7204358103653324,0.6593608689419728,0
0.12318158833708992,-0.7531708212820288,0.5016869971580746,-2.012282333367551,0.8910906270356262,-0.5036176960566628,0.04524684150431398,-0.7195844331604676,0.6599822678011958,0
0.12361170868472136,-0.7517693427762158,0.5056697855732497,-2.179800537221545,0.8903713462985757,-0.504595610918825,0.045124830005780985,-0.7194258519037156,0.6609129815547713,0
0.12420799233472354,-0.7501165189920368,0.5076511221557537,-2.3077386297774254,0.8909632667427596,-0.49584848347174937,0.045284277346955816,-0.7190692094657236,0.6613894416693812,0
0.12534621558108058,-0.7495883078533615,0.5060379153967253,-2.3792625711201403,0.9018109616443156,-0.5029045245703008,0.045351148007984454,-0.7183166230094501,0.6611914218224618,0
0.12733792352271836,-0.7506949182948073,0.5017917052125604,-2.437476812606386,0.9203312379535373,-0.5255568502272109,0.04495339817501149,-0.7176319110686852,0.6605188655998054,0
0.12837593954778892,-0.7527527330800958,0.49741558949603226,-2.547612487601976,0.9242605957785096,-0.5465202987103984,0.044332335679456936,-0.7175490272628954,0.6598400505415148,0
0.1263611183759823,-0.7542500525775367,0.49519603090663333,-2.723327804940058,0.8935443854439894,-0.5562033239303815,0.04427439826878735,-0.718283551671835,0.6595434534323332,0
0.12309475635110162,-0.7542656112563053,0.49570341187906786,-2.8961066046278723,0.8383695392325412,-0.5580302942939773,0.04519020668086954,-0.7197190775179109,0.6594980127802715,0
0.12362732106866556,-0.7536548306778774,0.4973741013818729,-2.9738760818635903,0.7960968362190782,-0.5527679094918142,0.04626949174499863,-0.7215526417257991,0.6593250541431327,0
0.129972972961252,-0.7538098429779561,0.4979360959860779,-2.9309165490366382,0.7962195893743127,-0.5314118460569103,0.046177012886303076,-0.7234240852528677,0.6591372615941788,0
0.13769923964323696,-0.7544160674157716,0.4967557664351773,-2.830241836124523,0.833947734932239,-0.48860457729099815,0.04487189070255285,-0.7248623790021863,0.6594088970794133,0
0.14045062693595717,-0.7537153929793832,0.4954886571046747,-2.7573942749950895,0.8825555147930337,-0.4341351418176507,0.04395201172979594,-0.7252506421696392,0.6599720927241891,0
0.13646894093375933,-0.751118145624227,0.4962275269764317,-2.7443757740286894,0.925687476190628,-0.3835544391388715,0.04467184520703813,-0.7242907022416485,0.6599320788753169,0
0.129398079679617,-0.7485171180647395,0.49955971687899386,-2.762750904884628,0.9686303069786453,-0.34289314428473944,0.04636196680005399,-0.7227034825211496,0.659151135495835,0
0.12387997996536577,-0.7483000493873091,0.504362716020091,-2.7746734039221357,1.017196777193608,-0.3114482615055826,0.047365878278196244,-0.7220390272607129,0.659083166392872,0
0.12186880334364256,-0.7503673231601106,0.5083718953815836,-2.771593634915685,1.0555722475438918,-0.2959639906020695,0.046900860158480766,-0.7232246018700078,0.6610659816300902,0
0.12287573729331829,-0.7521164121110067,0.5088739390661616,-2.768268700205153,1.0572141644067379,-0.3086681641867915,0.04555182140323862,-0.7253891960049617,0.6642018234099999,0
0.12599848868190663,-0.7516747184207222,0.504572963383776,-2.7807530818864836,1.0190754909463797,-0.34653326423119274,0.044490525930567265,-0.7266726144584699,0.6662049304158341,0
0.13026691246130767,-0.7501334772522217,0.49779983766572766,-2.8154707659825027,0.9745559851727136,-0.38450582427570673,0.04455601285092449,-0.7261303663151666,0.6661521643313175,0
0.13362712153255882,-0.7499235769162187,0.4936861559101934,-2.8620667913741054,0.9638997525242617,-0.40110818769086487,0.04566683545693762,-0.7242732791165282,0.6650843895511186,0
0.13364383843305827,-0.751775635515646,0.4956007086603722,-2.8866372864992123,0.9953010920728467,-0.4019464476928342,0.04687425907666463,-0.7220970110176637,0.6640423220796213,0
0.12992648805935006,-0.7541648233362206,0.5014370371087383,-2.8470671441482924,1.0437061246571768,-0.40229637865364926,0.047202488419180726,-0.7205954927709541,0.6630095299714566,0
0.1248119306492897,-0.7553725384198978,0.5055481078330949,-2.7323378856662055,1.0855365623785818,-0.39601949951110105,0.046454097139342496,-0.7208082599626899,0.662014573482162,0
0.12126332028425753,-0.7550851020160398,0.5046925192013215,-2.5820897845933457,1.12177314382896,-0.36499163906447385,0.045132096513384505,-0.7228474298019352,0.6618396764889048,0
0.12077389751102625,-0.7538818972809445,0.5009746434168151,-2.4552833391921873,1.163016395795038,-0.3138541488921038,0.043940566757237794,-0.7249500840318012,0.6628303710340961,0
0.12302126269590696,-0.7522301571796147,0.4984424887767481,-2.3802992136339296,1.2042059568042707,-0.2694079580953268,0.043567069371866655,-0.7249089463003463,0.6638280969701994,0
0.12638741671781356,-0.7505936013311447,0.4983077626399457,-2.341676929596268,1.2253527279714806,-0.2466270872702714,0.04441740000294461,-0.722576780031405,0.6632331063195348,0
0.1288750007943493,-0.7497158388046232,0.49857737580727884,-2.3151688113200835,1.2139898264806641,-0.2376045936193344,0.04612058850056456,-0.7199821643041975,0.6609053920923225,0
0.12946280759849327,-0.7499598143564244,0.4971464476505005,-2.308817931457235,1.1785245889000597,-0.2319243966079748,0.04762569586275395,-0.7189920698707918,0.6584006602370933,0
0.12850311460278283,-0.7507902157308771,0.4941770776065468,-2.3591093892277804,1.1384433186375662,-0.22814464079655658,0.04814896440278268,-0.7196474287991418,0.6574832193483858,0
0.12649146128983926,-0.7515249073896586,0.49214159281775516,-2.4816949843930227,1.1040970621850537,-0.22747907468102552,0.04786387326104517,-0.7208550243658741,0.6587699469175927,0
0.12348425062686262,-0.7522261093560496,0.49374751888207785,-2.633821192045693,1.0656377201459575,-0.23131130276832162,0.047482577502010154,-0.722043028685807,0.661470654314481,0
0.12052999103503975,-0.7533874577850318,0.49901240148830345,-2.7378532682278593,1.002936417331599,-0.24256748629997035,0.04733053435244669,-0.7235361866308376,0.6640610783298655,0
0.12023191026806594,-0.7550779086273269,0.5047575678116106,-2.7484573492597204,0.9117747633463394,-0.26108569170449686,0.04709968054354044,-0.7253556788859327,0.6654397403579155,0
0.12403145401801602,-0.7567327466996574,0.5076977577172408,-2.695578578534485,0.8206558957827748,-0.28143959910067695,0.04654304722404858,-0.7264697837320416,0.6654852476332974,0
0.12945571996730582,-0.7575830413352963,0.5071788945338839,-2.6538868706457404,0.7747964566514499,-0.2967734369908847,0.046070883425912076,-0.7258329169936695,0.6643955842178584,0
0.13185826391669578,-0.7572314829267195,0.5045472703250791,-2.6656518321456906,0.7985469866494836,-0.2983244500356364,0.04626830438693604,-0.7237353914445924,0.6622058801691085,0
0.12919770433589295,-0.7561547707291741,0.501246694642343,-2.7023309176242867,0.8735506214534707,-0.27616867031264775,0.046942118339814404,-0.7216024964190791,0.6595380117761076,0
0.12416889453676222,-0.7555348026884754,0.498095169793838,-2.709764387703841,0.9557980027977317,-0.2324036918341364,0.047106578430951715,-0.7206606828455466,0.6578520387961377,0
0.1213345430681872,-0.7558411894387487,0.4955916394977773,-2.6809023851764247,1.0163879602330428,-0.18991578264570524,0.04600872609500578,-0.720954379264403,0.6578589468370212,0
0.12265562683737963,-0.7556659458768136,0.49453800296852607,-2.669310784342629,1.0635996952959257,-0.1773251912686044,0.043959770689352244,-0.7215062804268904,0.6583971713951272,0
0.1261582877092931,-0.7532061734497888,0.49600218471713725,-2.7301153853446376,1.120665311546341,-0.20521056035733115,0.04217680805830346,-0.7215318836731077,0.6580548239628562,0
0.12874435250658267,-0.7490922981092905,0.4998229840671703,-2.8556917834944793,1.186680061030933,-0.2581202776574542,0.04188071898492308,-0.7213815993723797,0.6572708943213671,0
0.1295424701242773,-0.7464310112164192,0.5034806925230735,-2.977660189023348,1.2299589933870096,-0.3061034790653342,0.043286502614742234,-0.7218104864074706,0.6575020838470047,0
0.12965814150772298,-0.7475914302738486,0.5039056541764096,-3.035346395470874,1.21947265931861,-0.32762421383007156,0.04518363348579831,-0.7227266510883144,0.6587627127998578,0
0.12901712771941437,-0.7517002259991622,0.5007123449886255,-3.034046755367958,1.1537537859926075,-0.327570082870924,0.04573670424678967,-0.7235273982089938,0.6594656193283419,0
0.12552987716823458,-0.7555486750423831,0.49680403464719364,-3.0254344078554047,1.0585220048573702,-0.33001593275724334,0.044237909913767255,-0.7241462802724206,0.6587182141669211,0
0.11885403596893575,-0.7567164890151521,0.4955451889900995,-3.0394262586128074,0.9655609262585605,-0.3524811432464797,0.04197624644722407,-0.7247761952919942,0.6575072585516123,0
0.113435881985827,-0.7557297766603788,0.4974697391364168,-3.0584768818092547,0.8984697446679263,-0.394840339965138,0.04076420645430578,-0.725102686887573,0.6572068413931951,0
0.11474571340870104,-0.75497549387955,0.4997018309533848,-3.0639435813229032,0.8700330237571177,-0.44990650127548154,0.040854733656883274,-0.7247849078247514,0.6578786658971391,0
0.12203152740976106,-0.7557294112900684,0.499089735381947,-3.084602371007888,0.8807384192387832,-0.5071617152214287,0.0411637140718694,-0.7244548476441779,0.6587504783476197,0
0.12779715994615853,-0.7571937327088814,0.49608912685855494,-3.1715296776685213,0.9182916635495493,-0.5433124390434984,0.04116458066258509,-0.7255142741079933,0.6596738012832469,0
0.12642006348030302,-0.7584398101852307,0.49428703075434993,-3.313767635805926,0.9645572163561307,-0.5299131192777657,0.04139354126492581,-0.7285312090816041,0.6609717737270867,0
0.12100973824950774,-0.7596893789873601,0.4955622934639696,-3.395452785873082,1.0022844585958388,-0.46364928497914903,0.04230876438588974,-0.7318303090337427,0.6619505038591214,0
0.11910750728839416,-0.7607426750587482,0.49738104502865993,-3.2774621861081497,1.012005021017615,-0.37866176369888477,0.043810938265410854,-0.7322969378210615,0.6608483373875171,0
0.12327848831948701,-0.7595032676293604,0.4959092009956564,-2.9503623198445537,0.9716859336565064,-0.318720676622495,0.04576219114197268,-0.7280858415106685,0.656934424404112,0
0.12891172389228556,-0.7540060399987822,0.49056035504156076,-2.595161690073239,0.8758211040109264,-0.3030197714684968,0.04790391467793245,-0.7202679137866053,0.6519257170916214,0
0.13039123717198045,-0.7457608204668656,0.4845522183317835,-2.468068294299065,0.7577553360582502,-0.3210045388996594,0.04924747471867586,-0.7118700401688655,0.6485934454794361,0
0.12673345511405978,-0.7392991196203738,0.48190485347898465,-2.714504417725802,0.6787318211269683,-0.34665945948735677,0.04848981703857011,-0.7060017304857701,0.6483754364507387,0
0.12141010865755182,-0.7379859027680199,0.4844835070253576,-3.276612677807164,0.6825336163587199,-0.3508977596023081,0.04544106978932623,-0.704822378315216,0.6508818123893536,0
0.11862653963029993,-0.7416716231480512,0.4909840904632789,-3.9401736188924166,0.7620659271353313,-0.31519264879993486,0.04175126170239722,-0.7092189502864579,0.6550981588105328,0
0.11984023157960838,-0.7486824158167819,0.49810846087118427,-4.451029331798036,0.8724449377535706,-0.2493411863173522,0.03985260157000229,-0.7185848202204663,0.6600212918955911,0
0.12276706601638862,-0.7580285740618069,0.5031385428158655,-4.627739376858554,0.9707650723948315,-0.19048280034928522,0.0408382714369087,-0.730732677378231,0.664276531757805,0
0.12376120836704341,-0.768362407549224,0.5054684382004645,-4.433132425060474,1.040963228276721,-0.16984925303051232,0.04329884729580027,-0.7423246020541091,0.6663453616928591,0
0.1216013154182418,-0.7765198921686748,0.5057789755545918,-3.9744824415111206,1.08892861648696,-0.18157675161781278,0.04468438825778674,-0.7499737515374726,0.6658494472105806,0
0.11862845991294357,-0.7792688912666795,0.5049058992854979,-3.4254909766875494,1.123171479320923,-0.1949799316347751,0.044115151421122704,-0.7516180591458361,0.6641062828202042,0
0.11806909933930015,-0.7761497766460957,0.5038630564501824,-2.927352720585926,1.1430741488955645,-0.19313022792568416,0.04332913894445142,-0.7474075259992152,0.6627976605137526,0
0.12086932762112174,-0.7694452435440899,0.5035052255039885,-2.5462921266702185,1.1436637712051545,-0.18546342907358734,0.04425725427530429,-0.7395136375909046,0.662273265521283,0
0.1251575655264158,-0.7618371904922678,0.5034233263819679,-2.2948529545637038,1.1251110178874617,-0.18415429396254385,0.046262504777342874,-0.7308477066594062,0.6615526019261354,0
0.12798294369570015,-0.754977947173534,0.502103714617981,-2.1642476095691308,1.0900393544848885,-0.18325046315465074,0.04698347194750179,-0.7235053833078663,0.6596776975911661,0
0.12756254267563927,-0.7498577396059205,0.4986442033050671,-2.1426299820743395,1.0324395318489874,-0.167774742344703,0.045695884766177856,-0.7181717609267804,0.6565648195722936,0
0.12472936201794553,-0.7472596660103596,0.49377741385189994,-2.227780046483545,0.9385099624639025,-0.13646846442920893,0.04431545729132192,-0.7147905132951644,0.6528037733960707,0
0.12230498456750633,-0.7471780781759924,0.4892392219108157,-2.4213647709407047,0.8051420163226066,-0.10654507637574977,0.04467859163632297,-0.7133677584875339,0.6491784556914707,0
0.12236956517434863,-0.7483648932629848,0.4867638869000494,-2.696553244133441,0.6561074625023311,-0.09366533146534335,0.04612399656839378,-0.7138877999534703,0.6463539312220672,0
0.12419534816314969,-0.7494196337281374,0.48741164240294804,-2.9844720809866265,0.5351106113878287,-0.09174842582060544,0.04657522149653692,-0.7158088589308734,0.6447937575721402,0
0.125454770953191,-0.750272631537926,0.4907937094203662,-3.2165869947931953,0.4803990157510371,-0.07852930774060742,0.045263858422898325,-0.7182101932325744,0.6449527408398713,0
0.12512049357878857,-0.751769979827839,0.49488879542006126,-3.377669688218456,0.504022046581521,-0.04233653602891457,0.043495293638720726,-0.7205133022953676,0.6473073721806725,0
0.12432250630552086,-0.7538502886052828,0.4976954148656589,-3.502605794369089,0.5893789753334162,0.0005975026917405934,0.042952849626780344,-0.7226569308458648,0.6518053898428663,0
0.12459757591986349,-0.7552006891526081,0.49926145745992645,-3.625732738148344,0.7029969726721041,0.018412204320820882,0.04399864039872292,-0.7245488354526884,0.6573645197675483,0
0.12614740814870232,-0.7550697140604936,0.5011079277801781,-3.7450824200168156,0.8113506425678467,-0.008918983205050404,0.04580362700767435,-0.7259722707014507,0.6623393047209866,0
0.12772574012825205,-0.7544585413094461,0.5036427237642576,-3.831324889341794,0.8946933803497334,-0.07498235344647043,0.047568473042133505,-0.7270813093705341,0.6656629092608598,0
0.12786498147227018,-0.7548273024368075,0.505358878141433,-3.8583536606995477,0.9511720555044645,-0.15294979343365248,0.0490446219158709,-0.7281698052836318,0.6674046314940124,0
0.12657014928429036,-0.7562120687162569,0.5048169372988071,-3.822695098013675,0.9905305166393887,-0.21263932170743527,0.050010671486626496,-0.7288850699481411,0.6681670360397949,0
0.12561185492801175,-0.7573112052072618,0.5024532621402269,-3.7396235322447122,1.0230283646234706,-0.24056492029654278,0.05000192551302235,-0.728499607364371,0.66821693330756,0
0.12617646279968436,-0.7571490357556729,0.5000932299244794,-3.6264091698910836,1.0495261389959751,-0.2508120348497168,0.04903327174312786,-0.7270674966245102,0.6674612529957363,0
0.12675672353166254,-0.7560863866820627,0.49916878439994417,-3.495027823432251,1.0595044312983843,-0.27145167198938824,0.04819865965139495,-0.725733290518368,0.6660255748857862,0
0.12512778965700785,-0.7551491029205257,0.49973086794423555,-3.362148398549639,1.043313931896645,-0.31495131726994724,0.048848652665968766,-0.7256401132292358,0.664440514264309,0
0.12221991013004077,-0.7547725580134159,0.5010519626988251,-3.253908237130005,1.0093107208728251,-0.3645417574281355,0.05102811549752596,-0.7265246919774152,0.6632888552303695,0
0.12196741661876731,-0.7547759236113865,0.5027097600162269,-3.1870324584836074,0.9816101810123488,-0.39437515831259823,0.05319146399322633,-0.7266655960370646,0.6628215800913859,0
0.12672817539625722,-0.7555171478179717,0.504821803487466,-3.1491138086442003,0.9745830400958545,-0.40478735265625776,0.05389397552004009,-0.7248749150800078,0.6627647703726884,0
0.13427229611577646,-0.7579583575515362,0.5074721104160265,-3.108816375600577,0.975597534319198,-0.4309866326860387,0.053529722207150396,-0.7225041483201553,0.6625240454344977,0
0.13994337051838276,-0.7619332826287546,0.5099434022611302,-3.0410415020469475,0.9603616828057706,-0.5039427565418236,0.05368229228109791,-0.7223924373182176,0.6618866678776689,0
0.14077271647711237,-0.7653319241448684,0.5104428332030928,-2.9301599155201288,0.9214361982508917,-0.6038569378816557,0.054783834421717276,-0.7253994783380426,0.661410138005666,0
0.13719193956644934,-0.76607125395924,0.5074014036753959,-2.7565241219849073,0.8749250112508203,-0.6711944913657156,0.05548294480618193,-0.7289498530300238,0.6617581332002657,0
0.1320537149321833,-0.7642980194861971,0.5017462576208837,-2.5040892080451163,0.8429783757280802,-0.6697318712862452,0.054744921453104244,-0.7296449347541046,0.6627788774747687,0
0.1284827930933237,-0.7614519332397784,0.49703774745961476,-2.1897542306845588,0.838867323275553,-0.6217738067256244,0.05350788570762155,-0.7266961350547937,0.6635430679721831,0
0.1276943072881531,-0.7577562671238303,0.4963537247641457,-1.8704841630443914,0.8675325231824372,-0.5731043521695531,0.05337859571638187,-0.7222237152255065,0.6633340724345567,0
0.12862154753308447,-0.7525405999193482,0.4992624677175831,-1.6098459013423156,0.9286524673588319,-0.5408256708923589,0.05433923172669402,-0.7186478310920619,0.6625664918207139,0
0.12993797081963102,-0.7468951388688583,0.5022294319116112,-1.4398442451920745,1.01360130095961,-0.5126866217728778,0.05478977086452849,-0.7166257488384511,0.6624695404027183,0
0.1315892027275946,-0.7438156257583961,0.5020238512128844,-1.354174612033262,1.1049938385013487,-0.48598882793305515,0.053681729824101326,-0.7155782739625113,0.6635194729194968,0
0.1336196910807208,-0.7450249784571737,0.49901039690435695,-1.3255118627535878,1.1855945146900237,-0.4781879628789087,0.0516619150926316,-0.7152068644691618,0.6645611401848333,0
0.13457288437584536,-0.7485682238980029,0.49679584238057195,-1.320167444209041,1.2516091675946293,-0.4925136878835043,0.04997531191158015,-0.7156838943977902,0.6641433882337386,0
0.13252093147990582,-0.7499916192724151,0.4976209043869426,-1.3049667050615088,1.3176254800520906,-0.49969238689600964,0.049029924635989625,-0.7169088750511189,0.6624295709776,0
0.1276802980516932,-0.7465202627679554,0.49883453877953177,-1.2593331741307654,1.3988497779897806,-0.47271512209447586,0.0484143599535683,-0.7185062735681608,0.6610730654977425,0
0.12297721625531279,-0.7406137983813073,0.4962485070231387,-1.189836496021496,1.4803586521371639,-0.422530436600414,0.047715148866043125,-0.7203459347462768,0.6613669286665079,0
0.12125586987471938,-0.7378860250426009,0.4905511382559858,-1.1255333012094615,1.517359928029014,-0.37999200322621896,0.04666561121990358,-0.7223234192378282,0.6630420292999618,0
0.12205027397818816,-0.7405018385714751,0.4872457224704345,-1.092461159340717,1.4838635562258262,-0.3563966011709169,0.04476184403246395,-0.7237569821099559,0.6647646728398519,0
0.12200395001097747,-0.7449447524761642,0.48988627715112626,-1.0971268527309763,1.411942722499554,-0.34103497142079625,0.041585625697872865,-0.7236821905934556,0.6654676817669962,0
0.11895858922172237,-0.7473277776563928,0.49591946675280196,-1.1359535323405312,1.3615567289040207,-0.3271875643872139,0.0378310713791571,-0.7218863734442493,0.6651240397570164,0
0.1148111142743742,-0.7477219077264372,0.49957607284982386,-1.2128809731586443,1.354558271763432,-0.32238293268021917,0.035404355580181505,-0.7193644183316805,0.6642744191718837,0
0.11336698663271856,-0.7480328197629071,0.49764598331024373,-1.344343727391347,1.3589105081543407,-0.3360243619896606,0.03576482660363589,-0.71768199353421,0.6631948836664281,0
0.11553258101004445,-0.7490596763245649,0.49332220927295545,-1.5463354869431782,1.3402482815860746,-0.36724742970376734,0.03819802273815675,-0.7178865141947698,0.6620204251357724,0
0.11760969390879374,-0.751168739246988,0.49504158249954794,-1.81015316508805,1.3070841626101282,-0.40592651570660687,0.04032794747134398,-0.7197096678635151,0.6612906070995331,0
0.11539153839904934,-0.7548918713424256,0.5083875093578228,-2.0898241771591857,1.290430247510253,-0.4428727898422225,0.04052504208136779,-0.7216663943208218,0.6615160426541893,0
0.1097838890304827,-0.7591524213112255,0.5266318832881859,-2.3214748101588816,1.293579426338911,-0.47658599057199796,0.039360787485237074,-0.7224422992886259,0.6623060075670163,0
0.10644065500324626,-0.7611110079771405,0.5334554887103228,-2.4602851869201334,1.2867086180514193,-0.5074832634065111,0.03855167898311193,-0.7223815303384605,0.6627087356679942,0
0.10913496563894524,-0.7595190548715172,0.5203207685052196,-2.501853136267515,1.2518905283585877,-0.5275834622127409,0.03905163322584781,-0.7228310958509541,0.6625132883451796,0
0.11581874133432192,-0.7567527200771079,0.4981710051919567,-2.4731359697756776,1.2109090133901803,-0.5232682601178514,0.04043492978750544,-0.723989942758876,0.6625696894769406,0
0.12210570498508005,-0.7559263126497994,0.48597844493749354,-2.403787311112891,1.1953565671971689,-0.4939912441197251,0.041638104044768615,-0.7248188529063906,0.6634662372998387,0
0.12573550185184684,-0.7569676094724562,0.48976657177036537,-2.3040768288706754,1.202229418820412,-0.465325835819435,0.042010830339738875,-0.7252132144636675,0.6643167841999766,0
0.1263427205772804,-0.7570107175116382,0.4986117995216993,-2.172493428756983,1.1976540917818541,-0.4724733366707536,0.0417606462325557,-0.7262695823318239,0.6635531058753944,0
0.12377402408621345,-0.7542554690578791,0.5002054936466168,-2.025543037545188,1.161988906939183,-0.5238254351771976,0.04135211939282066,-0.7277997608915274,0.6609568487279546,0
0.11881502305903303,-0.7504093012827667,0.49491081757457817,-1.9107815344050798,1.1122033639457534,-0.5874660817811365,0.04070979710293794,-0.7276649891381004,0.6581326981846704,0
0.1142231627666277,-0.7491924285947775,0.4930013627827846,-1.8805807257119476,1.0729396007050866,-0.6225054665170212,0.03952125343326295,-0.7246632713766658,0.6565481241836653,0
0.11306547098894003,-0.7522879311483176,0.5007856072727306,-1.9560680439185483,1.042166110568879,-0.617957934499612,0.03812608704641014,-0.7205193729406777,0.6558245727171439,0
0.11574362004903618,-0.7565408645022805,0.5122785353879423,-2.120565331245355,1.001027458668874,-0.5909344624167109,0.037475757323023794,-0.7179855514060803,0.6547002759706575,0
0.11935321228922179,-0.7564387848816212,0.5158760221014095,-2.3393656397640883,0.9485327972098445,-0.5556426333141827,0.03816088757985767,-0.7179396006034996,0.6531598641229763,0
0.12053406369228113,-0.7507209105256426,0.5080528302400261,-2.5830891775318885,0.9070075856466224,-0.5121653160552573,0.039701265243976276,-0.7189091496506724,0.6525966930760104,0
0.11894559612001387,-0.7449925512690175,0.49703974825993996,-2.843907014755891,0.8920713586431733,-0.46331020631202685,0.04089893127905985,-0.7188356661093988,0.6538487039266482,0
0.1174387637687144,-0.7454921387984255,0.49216972894347727,-3.131422358532479,0.8921030745537152,-0.4237556200918063,0.04105018076739494,-0.7171713910382934,0.6559521927259865,0
0.11853045208396969,-0.7514180705437098,0.4936635415740071,-3.443309429498256,0.8828786832793681,-0.4056469469988825,0.040661184864449126,-0.7155010347755182,0.6573124397794933,0
0.1212553431528441,-0.756256690462738,0.4954908732584867,-3.742039167779333,0.8539806524314888,-0.40385358673548777,0.04065929073172718,-0.715890394973322,0.6575682459700801,0
0.12249707274940841,-0.7562149103538424,0.49474778254621843,-3.9689287448103783,0.8162720534654524,-0.4032161720485183,0.0413163259858745,-0.7187090145958427,0.6575787579664091,0
0.12168498854958139,-0.7540347874731569,0.49424833043603283,-4.0837718347136756,0.7875169545114342,-0.39976132488648897,0.04244349284871668,-0.7225001105472113,0.6578040787081009,0
0.12268641130678502,-0.7538910685407784,0.4975152840202255,-4.098366649729009,0.7739535273560499,-0.4070808542813401,0.044028384829586736,-0.7256539028101856,0.6576280679055656,0
0.12912607658632488,-0.7559397722460123,0.5045219220796762,-4.0749335183528546,0.7669735342927839,-0.4347354001427773,0.04597203545319935,-0.7276564274140453,0.6565199305881533,0
0.13850683662764451,-0.757694940119835,0.5116818506705741,-4.071280817667607,0.756128360689768,-0.46649070385414354,0.047718291262760705,-0.7289390463871182,0.6551193672544321,0
0.14396012160425747,-0.7581293125706118,0.5142192448297733,-4.074134787775689,0.7388710244711766,-0.4726712516314032,0.04884757837326409,-0.7299861376397276,0.6546591121807448,0
0.14244201724902622,-0.7581669661428813,0.5097517643532431,-4.013706165100606,0.7159789491687147,-0.4421758900374294,0.0496892138981983,-0.7307950808840914,0.6556205694930278,0
0.13802453544248366,-0.7585244323150888,0.5010373977114229,-3.864758245310609,0.6863027849580369,-0.3905662190099854,0.05077581096953562,-0.7312175911824249,0.6572334033336901,0
0.13577111894495103,-0.7587186041341984,0.49413745680509324,-3.6975593467968304,0.6518929234768247,-0.33899216788185704,0.05193497666682824,-0.7313872178744806,0.6580877747654881,0
0.13575491926052935,-0.7578396422992747,0.4926511737320573,-3.5919205413808823,0.6221032615092448,-0.2983438394033295,0.05239496544661036,-0.7312162469991645,0.6572955647149005,0
0.13508510613601926,-0.7557348911220488,0.49462698989133463,-3.5352870841090747,0.6037613141697529,-0.274461792166089,0.051644967304496504,-0.7297250851957456,0.6555045156354716,0
0.1327030654894994,-0.7532071327892245,0.49612345587078965,-3.464328913839141,0.5884914148941987,-0.2764401294638606,0.049873042801782626,-0.7258455112705826,0.654587673381907,0
0.12973554677394242,-0.750780392028004,0.4962735614504911,-3.3930000081105436,0.5619287094026226,-0.3121212365367131,0.04779756477763678,-0.7202314081469383,0.6556468327210642,0
0.12724579349679416,-0.7481027938492106,0.4968674482462769,-3.429519495312365,0.5325995400869702,-0.3749885331673645,0.04636939353889094,-0.7155233560964414,0.6575664735786142,0
0.1258200175254115,-0.7455273751543267,0.4983154530636868,-3.6455602658563766,0.5387603707546775,-0.43801428760163,0.0462211282704868,-0.7140681996322171,0.6583584748703487,0
0.1259625476778832,-0.7448531812730389,0.49886638497106517,-3.9833637964614956,0.6083155959255788,-0.4697023517527623,0.04694700028760007,-0.715475278467034,0.6575991590211478,0
0.1270773364122687,-0.7466063552055353,0.4976824895560019,-4.34216406407962,0.7139604339354414,-0.4668297735350039,0.04738954409063473,-0.7168619472651664,0.6566018812715939,0
0.12728645679550765,-0.7477909776331505,0.49636232015742254,-4.739749209279032,0.7823782645844289,-0.4683578768546104,0.04716657261601969,-0.7155568339331632,0.6564024242225345,0
0.12608106344470826,-0.7448493847932522,0.49662601765204123,-5.337913290900958,0.7505647593731573,-0.5226398628790294,0.04733836941259012,-0.7114747626569293,0.656379986037509,0
0.1259189773638087,-0.7388160037859157,0.4977398302875138,-6.286355705080541,0.6103961101456197,-0.6318368899343376,0.04890809203177573,-0.7071800129827305,0.6549701443629866,0
0.12913117751168832,-0.7355643920677442,0.4972260721485253,-7.54652440540687,0.40646367600748545,-0.7313968263453536,0.05131536552712342,-0.7060620379671253,0.6515471205050322,0
0.13442526219742013,-0.740078028389998,0.49374655678473145,-8.857087132435904,0.19968798893979808,-0.7350154408094919,0.053350908442279195,-0.7101387098573095,0.6474439875759952,0
0.13883457812611044,-0.7511970818931749,0.4886161145777918,-9.857434519952278,0.028725650736000214,-0.6109649189451084,0.05512828645760619,-0.7186431181846955,0.6446758178701311,0
0.14206265330388418,-0.7626104367293879,0.4844836586703935,-10.282782495928886,-0.10254252974705454,-0.4129989904273413,0.05791594003870796,-0.72821394397792,0.6436974010492973,0
0.14571355370161743,-0.7686986960252404,0.4829708320548763,-10.111877416545754,-0.20833174691665884,-0.22322316905213668,0.061689544294280835,-0.735073909034557,0.6432785551053705,0
0.1485148725220653,-0.7690726340854424,0.4837630111343635,-9.559416067728689,-0.3059148766602917,-0.06208100485112851,0.06391473668717929,-0.7379035742685712,0.6425671824278796,0
0.14664891254168488,-0.7677917110217111,0.48538123968295915,-8.90780502180366,-0.4202211195144747,0.12891991185009713,0.062263835090534944,-0.7385671618573566,0.6419433151380175,0
0.14066411298743797,-0.7688200965556325,0.4861467920997895,-8.32129165793881,-0.5724847306090287,0.39945594358324993,0.05879989966999757,-0.7396269102314796,0.6415569591150118,0
0.13771663798027858,-0.7724117606190231,0.48491622350859964,-7.799561853355807,-0.7294539993420267,0.6873088048657452,0.05943282681462848,-0.7415193017517088,0.6405159978356367,0
0.14285358459967656,-0.7754403218308076,0.4819586694853632,-7.269834959923273,-0.781614373095804,0.8249889810027211,0.06688933896953438,-0.7426008289377029,0.6383459738432509,0
0.15096054682984214,-0.7746602765379421,0.47899581593501694,-6.695316420334524,-0.6292278371253945,0.6751725395529271,0.0752392101834503,-0.7412714242267174,0.6362889516664746,0
0.1522609791515408,-0.7695468812967797,0.47754196390657744,-6.130386803226472,-0.30889080282086756,0.25900194150280237,0.07496374781895723,-0.7373715560251768,0.6362107545310749,0
0.14427384254443734,-0.7624257063936523,0.47748891244597763,-5.728410205807857,0.007608582058932181,-0.269638681231458,0.06408371330894007,-0.7322552367858196,0.6385441189576806,0
0.13368780213364484,-0.7565804377772727,0.47810492697687146,-5.672806107010744,0.1712016774519603,-0.7716823908942131,0.050989462298070366,-0.7284006309126007,0.6419820094699481,0
0.12757585819623957,-0.7544589621391187,0.4795708468838022,-6.010898712025324,0.18944245147639507,-1.221805665512147,0.045125079909950495,-0.7282776067396789,0.6450416155377806,0
0.12755892576941588,-0.7565803461769082,0.4820874745730159,-6.532905642438497,0.18745002388194204,-1.6719934012008957,0.047949019588591615,-0.7322634654953725,0.6471126113957395,0
0.13199015401556252,-0.7608224616339645,0.4843612995998586,-6.898852079841034,0.2686423623900893,-2.1565535112868393,0.05421329623602473,-0.7374625872586952,0.6478468272833817,0
0.13844328333453296,-0.7633306890800627,0.4850407105709801,-6.959584937346555,0.4356751309934193,-2.645525276651128,0.058554522649056584,-0.739484931763554,0.6467605312832503,0
0.14239325340789838,-0.761721742962933,0.48522204186659623,-6.932072174570144,0.6160648696956271,-3.066456756730912,0.05833604440328922,-0.7362508833517998,0.6444360751349538,0
0.13769651559134558,-0.7573005802193903,0.48729485415850166,-7.197499863554724,0.7266824493291952,-3.3492099312697152,0.05250017573068172,-0.7300885741517038,0.6431820942075733,0
0.12267578497452093,-0.7530798801066672,0.4910873082706356,-7.914140558423406,0.7121181049939346,-3.453076045166924,0.0414486366843202,-0.7255319209884494,0.6448811722686008,0
0.10543967448386805,-0.7505080900497372,0.4931386394637439,-8.86025627824668,0.5456398326603604,-3.371727679644968,0.028924925383908853,-0.7249791920979656,0.648155736591349,0
0.09929762978321591,-0.7496205217452346,0.49061096182708336,-9.655866676791215,0.224954580829464,-3.135419421402642,0.021796442806575906,-0.727051865602563,0.64905032171318,0
0.11027131098502875,-0.7508081454666262,0.4845340629185788,-10.08285526337755,-0.21214148362368215,-2.818179220424038,0.025361545879149513,-0.7287961459073823,0.6452364461453447,0
0.13082323274907087,-0.7536398857309686,0.4780991806013597,-10.16710823459686,-0.6725164797971118,-2.5346390656984115,0.03853555744541818,-0.7280057043277763,0.6385376181010749,0
0.1481494686786145,-0.7548309045142234,0.4727489185068174,-10.035746613378906,-1.0207930545808892,-2.4145151784723082,0.05477570761244863,-0.7233999733899683,0.632144056917658,0
0.1563329026276026,-0.7507056277221817,0.46757665354027617,-9.816006732496318,-1.1129699376391113,-2.5539408676725537,0.06731482820118657,-0.7147867310289224,0.6264497746656579,0
0.15719422212553602,-0.742190443451493,0.4623296793854925,-9.678876479134395,-0.8411838293266801,-2.9503038085510536,0.07232483646076268,-0.7045761981858369,0.6199513916353582,0
0.15235490444747063,-0.735086811792707,0.4590149280151753,-9.846005595282541,-0.19816273448831384,-3.4654144969390326,0.06836914366671298,-0.6980524244276731,0.6138465832507044,0
0.14053436874491013,-0.7348609158614111,0.45989647038564263,-10.433487182236796,0.6668338542873236,-3.8840223059754835,0.05591774754019188,-0.7003785157839586,0.6127660851408987,0
0.12281397570966499,-0.7428137751089616,0.4655950521576734,-11.310726873061535,1.4663796118861112,-4.049264599973253,0.038617070594743313,-0.7127920457719613,0.6198822146637816,0
0.10576868867904583,-0.7570861798131076,0.47542237674633336,-12.1867595262812,1.8886320875537315,-3.9489156173027697,0.023476102327836264,-0.7317326171643361,0.6327942457758848,0
0.09672296267577157,-0.7746836957578652,0.4867981646519579,-12.820443760253058,1.7547071317295768,-3.6738890263301633,0.017132997422986435,-0.7513832435305818,0.6447862080248594,0
0.09659999779139557,-0.7917313194217688,0.4935427583252584,-13.102407743909119,1.1309077674922436,-3.3239849511785358,0.02010644380521435,-0.7671761365919737,0.649451768374585,0
0.09905803946143535,-0.8042188918039049,0.4888281975812335,-12.988315040740439,0.30593959280149063,-2.97425745315205,0.025515308331686862,-0.7776620839194173,0.644730202364459,0
0.09803581105742702,-0.8104616806443656,0.47311546940256977,-12.453112490518471,-0.3818809273480775,-2.704696041689115,0.0259310513178399,-0.7836593767545876,0.6339584189890306,0
0.09555731353341385,-0.8121842947882993,0.4567716312443385,-11.524188789728628,-0.7442464476987525,-2.6166576032283593,0.021796918785893685,-0.7859676303364902,0.6234039112933041,0
0.09914662832197363,-0.8121022287902444,0.450951877906777,-10.309270932253515,-0.8092169719643477,-2.795396445923782,0.020480671349014688,-0.7844917464746572,0.6181316039401361,0
0.11060580042462144,-0.8108078875618084,0.45652704220909784,-8.971016860311828,-0.7324468250605088,-3.2367065810577818,0.02606426937314546,-0.779648191154582,0.6192595192317025,0
0.12135291142621443,-0.8067006955076511,0.4647494006608011,-7.674396948370779,-0.666335041261939,-3.7911111625107403,0.033349813432357364,-0.7732682829455964,0.6240476550884796,0
0.12210169717773148,-0.7983865479451668,0.46758276764235657,-6.5388038415710765,-0.6786540533673588,-4.210284148413839,0.034587071322931665,-0.7667931227988112,0.628033052194299,0
0.11384393622444025,-0.7862409153086876,0.464208269507862,-5.6233853391012225,-0.7354823523721293,-4.317266641475194,0.029288088484688862,-0.7592194402732205,0.6277530440798904,0
0.10511954515652457,-0.772247057156055,0.4588669956695934,-4.957297542010536,-0.7520102368811572,-4.145883151599067,0.023524699248203614,-0.7484581371263208,0.622955014894085,0
0.10105836792292945,-0.7595697319510479,0.45630822702707147,-4.568671514357945,-0.6900915607539542,-3.872569211101412,0.021179460063622584,-0.7349623262024891,0.6171322350362579,0
0.09963932559412843,-0.7515263731269606,0.45908233187561204,-4.463007549972135,-0.6093814063828488,-3.6148890282249675,0.02014784506296616,-0.7227043079988286,0.6152196230159123,0
0.09737076649612056,-0.7489062804140487,0.46627276501470205,-4.589276690656194,-0.6095377842829717,-3.3436696855087895,0.017282333125596527,-0.7156288536612874,0.6194625762757295,0
0.09433354146891333,-0.7484583410409384,0.4742421791980785,-4.865630117602943,-0.7355169018222091,-2.989658205887919,0.01351557959771086,-0.7137040366219349,0.6274218131454105,0
0.09264707318363458,-0.7460689965462547,0.47964173047384756,-5.24893695559081,-0.9536939673901111,-2.5771523754329757,0.012089306194537942,-0.7134546656167692,0.6347301339660986,0
0.09222737094656892,-0.7415763214083726,0.4820474668305308,-5.757517532569245,-1.2113922785292217,-2.2118379055071418,0.013366918419563696,-0.7121859055579405,0.6397213260045261,0
0.09082336810655542,-0.7387375876450478,0.4837942555163125,-6.4050336176067395,-1.5106412534015896,-1.9521883805512805,0.014406158751908081,-0.7106022977501002,0.6445361185547771,0
0.08936872938058185,-0.7403412249152398,0.4874144938071071,-7.118305383944633,-1.91180573017218,-1.7446978395642898,0.014530131643194293,-0.7109293159041865,0.6515296241377275,0
0.09489109077916646,-0.7449373019651065,0.49317490297111244,-7.753456553445041,-2.437660982607863,-1.5206746544908023,0.01882919171467387,-0.7133352338345385,0.6595366395899029,0
0.11407370022079405,-0.7488019482994411,0.4990543530630702,-8.22055929612526,-2.976540987074323,-1.3257052377253764,0.032978160351197924,-0.7153231266929441,0.6646488997420532,0
0.14340916697936082,-0.7499072467846438,0.5026812275316571,-8.578740575146128,-3.3351336310915527,-1.2890400178534513,0.054699425606865144,-0.7147932510502747,0.6645103379325341,0
0.16928914784680335,-0.7491356912900237,0.5027071700308263,-8.969052557566695,-3.4179906458274423,-1.4590093709448198,0.0737484305958037,-0.712553687599495,0.6608268031018785,0
0.1800396607152059,-0.7482928159202459,0.49917953636099127,-9.44404163943291,-3.314167715538557,-1.7306371071958069,0.08210112709563537,-0.7109032834394001,0.6573151377436692,0
0.17615150101518293,-0.7481134997546495,0.4940374939017471,-9.9004724636329,-3.1773035512395866,-1.9672632392766223,0.08166811721495057,-0.7106699490383246,0.6560274405581312,0
0.16744579044484184,-0.7481688963399332,0.49045504027785486,-10.209768470615355,-3.066456470623198,-2.145165601496487,0.08000019407193644,-0.7109294517205423,0.6561702997170573,0
0.16267212836845393,-0.7477229364000794,0.48995119617817073,-10.390514014436837,-2.9440726101068075,-2.332097912400487,0.08115284723266758,-0.7109554797300893,0.6557350342937861,0
0.16406554055585063,-0.7466169776945542,0.4907947543373534,-10.607951891089256,-2.7835327994612875,-2.556436997479132,0.08384912531303361,-0.7110796516478899,0.6535426833983075,0
0.16995500693985896,-0.7460172623475689,0.4906455296454588,-11.002750469278407,-2.6135398510127503,-2.759081442063911,0.086763645805778,-0.7120491484802939,0.6501518822694333,0
0.17886457294055766,-0.747799179918466,0.48970512075266015,-11.559702956397803,-2.4633501622224148,-2.879046965563367,0.09178405412360827,-0.7145754625422889,0.6475208458015184,0
0.18990888164860753,-0.7520477748544139,0.48984370139597444,-12.15803063389629,-2.316565534877302,-2.943941336175202,0.10141929144220266,-0.7189086258521896,0.6476105105744009,0
0.2009074818493348,-0.7557620273652019,0.49174174075864296,-12.710512198936682,-2.1440513698391586,-3.0505835795279275,0.11477627904030446,-0.723935660293254,0.6506532202844195,0
0.20809995685494265,-0.7558501174529977,0.4943453341652783,-13.218461657659512,-1.9635280158573283,-3.265305907001472,0.1269321840156871,-0.7276685777103395,0.6546999216054702,0
0.20833262519580106,-0.7535488999925047,0.4963560926490534,-13.713943673383733,-1.8369678234720237,-3.5551879005053113,0.13184429139568118,-0.729854366537796,0.6572187872747275,0
0.2014447379313193,-0.754083749533176,0.497108486237043,-14.19307346565992,-1.8055149567680546,-3.812902122940748,0.12620170079487553,-0.73306125188428,0.6572313160161555,0
0.1908740069897468,-0.7610523921058642,0.4965773275787194,-14.609067357181928,-1.8476815669712083,-3.9418799270310614,0.11208755232207314,-0.7395288084066287,0.6558707367318108,0
0.18213879429764676,-0.7722719706301682,0.49550933545849196,-14.901039371819275,-1.9056203408922658,-3.9258139100102003,0.09683745129870988,-0.7477313694842134,0.6551477429784063,0
0.17959367983507146,-0.7820168646350084,0.49527400386528225,-15.022406501249458,-1.927334400311646,-3.8353889781995822,0.08885565303375603,-0.7538978952781117,0.6563858514260857,0
0.18309756281943432,-0.7863033142165953,0.49669029396580067,-14.968075973006783,-1.8742225903671361,-3.776601724937391,0.09115057975043053,-0.7563127191391716,0.6594270736360861,0
0.18751338426756559,-0.7849692305633906,0.498599741118423,-14.795799372292013,-1.722483616786146,-3.817569949136774,0.0981518292879952,-0.7560920092742747,0.6625979019686794,0
0.18586617188573204,-0.7797427362243423,0.49816659704061916,-14.616632112082922,-1.4988926721653892,-3.939199578277529,0.09975043213374445,-0.7541909268262265,0.663287693018397,0
0.17347317663948061,-0.7722706201225856,0.4937614400948079,-14.554250882838515,-1.315509696315715,-4.041174992218366,0.08932961797921779,-0.7500287635388587,0.6593897583131301,0
0.15090590423614172,-0.7640751108563532,0.4874077808535258,-14.709664869062754,-1.32541343935717,-3.9997759983304313,0.06864614980818284,-0.7432050763472247,0.6511633827192164,0
0.12559155933749552,-0.7565939585082342,0.48248636926056765,-15.152709875757349,-1.5932785548515898,-3.7423505263929284,0.04640887729165516,-0.7344224229077501,0.6415895444172821,0
0.10954089174535898,-0.7502099784542253,0.47889686591378733,-15.923005532894493,-1.994883203990407,-3.2974729194611414,0.032463691867340216,-0.7243613403160023,0.6339861615411011,0
0.11052730708622911,-0.7440176225662346,0.47339442927774167,-17.0190926422,-2.277720311271073,-2.786370158985592,0.030946017933351076,-0.7136353544443036,0.6291632621602902,0
0.12345355466906104,-0.7374168998031563,0.46570828738946723,-18.373843927845936,-2.264146908555198,-2.3431198954239387,0.03725950053350135,-0.7043680888351759,0.6256699035796879,0
0.13412907801363758,-0.7318478050575798,0.46094076430950626,-19.82984953079201,-2.001602943994057,-2.0154029371534126,0.042975723526695944,-0.6999742145408661,0.6226382148104922,0
0.13390808942175386,-0.7305831930560595,0.46339605080570007,-21.15002307387428,-1.6957620213851716,-1.7417854599998799,0.044351213514852585,-0.702420758743899,0.6210119160007659,0
0.12759258052296357,-0.7363672347431252,0.47015583363178304,-22.105731173946346,-1.5072466380656033,-1.4282948991719853,0.044405340590248886,-0.7105192348451842,0.6213560914343863,0
0.1252138395777529,-0.7486052356868418,0.4734840755008978,-22.61799499781042,-1.4447934154000075,-1.0338396446594276,0.046957186301647476,-0.7212526991786847,0.6215312481098685,0
0.12979949593761003,-0.7627545831314281,0.46869493188282313,-22.826593953493287,-1.441957844646755,-0.5816670431771056,0.05157308572298567,-0.7321497334821129,0.6180886903887702,0
0.13619885514057037,-0.7733281227107942,0.45758864384625203,-22.98637857510855,-1.4764068821353653,-0.11464956273685309,0.055101204040226164,-0.7422659621858164,0.610375809467698,0
0.1391307538731111,-0.7784590137096338,0.44514451461441557,-23.266006165831975,-1.584216102522695,0.34200693454782655,0.05581527522450158,-0.7515912371248883,0.6021772607974809,0
0.13814383586330667,-0.78143266664456,0.43558773214968,-23.636463390329748,-1.7895032837854787,0.782072680163455,0.05455974980687391,-0.7600889998488116,0.5980524940054015,0
0.13490462503546108,-0.7868174390406699,0.43142668789057714,-23.94044146056532,-2.061779420217905,1.199342036555129,0.05267593038405893,-0.7672374484423689,0.5982768905343328,0
0.12977970288874577,-0.795118409728689,0.43301040622868,-24.06205310317085,-2.348966930814487,1.5808370218820302,0.050376954919154816,-0.7722491124159455,0.5986628510238463,0
0.12371940361737277,-0.8026384481261312,0.43751939529163897,-24.04521973308044,-2.6307719467457265,1.922073748755053,0.04793659238556465,-0.7748907731550344,0.5954944366496728,0
0.12116244634978798,-0.806910856691554,0.4402704722124809,-24.06018225293973,-2.919188637177339,2.231348765804832,0.04741275785974551,-0.7763489239785004,0.5893339904206032,0
0.12685095157684878,-0.8103196524382769,0.4386616187563322,-24.244528228096122,-3.2102857691644253,2.5039059318863037,0.051038702657052584,-0.7789682393221239,0.583574492874832,0
0.13909020611713294,-0.8169110552338904,0.434160098112536,-24.56968981440319,-3.458621267898457,2.7134124179965124,0.057568951204826746,-0.7844442033322657,0.5805344591500988,0
0.14914607863792112,-0.8269124518072003,0.42965180200685,-24.87225472069272,-3.611014439589532,2.8562473245160795,0.06219948543700966,-0.7921446537382508,0.5797953450038105,0
0.1492050163246572,-0.8364098016308248,0.4259879095347793,-25.01340844825387,-3.6551571897877038,2.9879947854144473,0.06122114961139905,-0.7998049834336487,0.5795700155445177,0
0.139589904079055,-0.8420466295221882,0.4223725343408774,-24.988924710509338,-3.628531353564704,3.1811196511675144,0.05555999661730158,-0.8059727833497179,0.578721896850196,0
0.126797009349341,-0.8440365874016172,0.4189310178414587,-24.88821149780735,-3.5947538540220503,3.4440768645275335,0.04857201515496341,-0.8107166668144605,0.5774821818902356,0
0.11584000487397576,-0.8443567924151768,0.416856716908044,-24.78161008143498,-3.627753802616646,3.7084771064613697,0.0413106905426493,-0.8135165095013596,0.5767292392154701,0
0.10666293785254116,-0.8437577447596115,0.4164747195994454,-24.669798702853672,-3.808234868303544,3.915491343669942,0.03202824897319753,-0.8122363175737091,0.5767890205670838,0
0.09815451457182357,-0.8415469483152245,0.4170181256960974,-24.533692979213264,-4.199025753454181,4.106778539514814,0.02090776446033521,-0.8059889302948421,0.5768144466714966,0
0.09355017579919525,-0.8377218403887161,0.4181579034628689,-24.41416996651424,-4.793640581988377,4.39980118288864,0.013387016548700257,-0.7981015588529977,0.5753602727504263,0
0.09873196538890955,-0.8340212897618677,0.41984473075467454,-24.418013892057004,-5.492416537687966,4.85257397595511,0.01619040223800878,-0.7940309526284391,0.571824778189527,0
0.11399347377759828,-0.8320391855858056,0.41995336121976035,-24.618123095445917,-6.159695226421016,5.3678234871676205,0.029523935260754215,-0.7958805413959517,0.567221225487029,0
0.130872614403641,-0.8311622217449417,0.41410094672793446,-24.955574199322523,-6.725013565547282,5.757447371884773,0.04556464984101012,-0.8001026698856621,0.5631276822572402,0
0.14040232058392854,-0.8297079535822893,0.4008471891391326,-25.2903723020249,-7.213040593359279,5.899431072162142,0.05626391501605904,-0.8011966500066443,0.5601579107865633,0
0.14121020401451387,-0.8276005361152842,0.38701962422646313,-25.574419025048805,-7.663422834430512,5.824429671273878,0.059838196823408546,-0.7973812373139495,0.5581315051103827,0
0.13627522345981355,-0.8266786084706554,0.3836213780868917,-25.937870477829208,-8.074290732206245,5.6840791999949545,0.05774779327117557,-0.7924180037759341,0.5572802342896809,0
0.12786255819295372,-0.8283889164987084,0.39373172381080207,-26.563723551312798,-8.479748524411352,5.663339762512863,0.050898593527621654,-0.7917259561147606,0.5579953925775165,0
0.12148350211382125,-0.8316367867331758,0.40727964754716867,-27.482723061758403,-9.01391660711558,5.870498732939559,0.04368738481949791,-0.7964666569051905,0.559298270936551,0
0.12822229759794057,-0.8329081824007916,0.4109206154005917,-28.521120551450455,-9.7699167472006,6.247728629504081,0.04626953632675924,-0.8015661742510498,0.5589147039902895,0
0.15417885025291017,-0.828931322292012,0.4015489897161634,-29.464501276324583,-10.601248224523747,6.614424891301259,0.0655832178047193,-0.8001737700937785,0.5556602910430025,0
0.1882732432120157,-0.8204557037671867,0.38794590759826814,-30.263973214154994,-11.180516520765856,6.844843732479639,0.09474958531000241,-0.7910868600776637,0.5510631773288617,0
0.20527840864314298,-0.8142773369599775,0.3807521101704454,-31.063392195159413,-11.308994754739068,6.987724423271121,0.1139310643409218,-0.7823685218024862,0.5479793386207799,0
0.1852448804801544,-0.8200298716360936,0.3831669964866108,-32.01032236106459,-11.157420185561072,7.206941026482167,0.10350067861547944,-0.7859457986398508,0.5481809952658434,0
0.13470775562729229,-0.8410270209752725,0.3907568510899139,-33.033511336525805,-11.206469887535254,7.638395652447453,0.06222236097292061,-0.8054515290075108,0.5517615703627151,0
0.0878281292634186,-0.8665160916945361,0.39752754218046965,-33.81743051664903,-11.918656876634536,8.278908034360354,0.0156589408030217,-0.8291103285362278,0.5578356373335206,0
0.07872077952557711,-0.8772491867122499,0.4004207590060148,-34.03949505370094,-13.367655622873018,8.951583021773285,-0.0010000839406569674,-0.8384333016154887,0.5644677112807404,0
0.10941761815095011,-0.8637824984871174,0.39929737571689805,-33.687027510165805,-15.1242292542927,9.40716377851211,0.02419492481705014,-0.8264703427134839,0.5682078008598168,0
0.15173726975168364,-0.837977765239492,0.39520647839851636,-33.15307243268541,-16.537789898399776,9.546021038656573,0.06977632796349142,-0.8053243916092581,0.5653022548599284,0
0.183405511796012,-0.8226681583251514,0.3889025075771757,-32.97083101746795,-17.185070736738574,9.543299646409668,0.10921701873974664,-0.7939157563044575,0.5545299900685152,0
0.20827607973311982,-0.8307332130658092,0.3801768558903397,-33.391064180078786,-17.082696368159997,9.685871300669685,0.1371771171859463,-0.800787644964923,0.5389766972152263,0
0.23060830228731885,-0.8556577634779107,0.3694233913750869,-34.18841201647992,-16.565761816802574,10.087231930056886,0.15568293488693066,-0.8196354205009896,0.5245722757666341,0
0.23183822217149874,-0.8793443823156338,0.35956515602163175,-34.858191200405116,-16.082612506569205,10.623145377409871,0.15327197307079848,-0.8371676942488528,0.515980204734564,0
0.1998692687085038,-0.8868259944509499,0.3540229197345269,-34.986449468464656,-16.010585664317453,11.105103626052296,0.12379428149796026,-0.8429992602318384,0.5131994491807409,0
0.1639710013612033,-0.8765534836539698,0.3530705650887244,-34.487720839423474,-16.391444414535354,11.408111162820108,0.09279447409973711,-0.8358106419411871,0.5126717088371346,0
0.16639502087282795,-0.8596992278982273,0.3549113788158394,-33.60035498691928,-16.785100948433293,11.453076106944614,0.09487287863087754,-0.8233736679723813,0.512154160319185,0
0.2063874088392174,-0.8491021578909373,0.35927788961727336,-32.693487226609875,-16.603214552337224,11.18955623496785,0.12855303381166755,-0.8156666271290837,0.5133046277057406,0
0.2403728506175058,-0.848411890292804,0.36643337430511064,-32.01899161477811,-15.696259783804589,10.641497117302757,0.15665244502198789,-0.8166681225169069,0.5186976724937132,0
0.23521620375823898,-0.8524846742731602,0.3738435705540044,-31.598008859090946,-14.51190328153573,9.940731790353583,0.1507239292531654,-0.8228689220825032,0.5278920469585928,0
0.2011172023506147,-0.8564146028333368,0.377994472054366,-31.325451111783522,-13.64984560065125,9.283576226076237,0.11948629959342463,-0.8286845623006316,0.5376640762768645,0
0.1722646843742979,-0.860655872664968,0.3790551126416964,-31.13274183919999,-13.351272548616647,8.809666569863108,0.09311662369652815,-0.8316355770480146,0.5447894548919003,0
0.1701099933618768,-0.866866389117607,0.38049913598561336,-31.012022023591047,-13.406687089135959,8.497973695483159,0.09109256001052837,-0.832427480610296,0.5476305682465293,0
0.18926172935355906,-0.8721057695419308,0.3843892059263387,-30.94116662015945,-13.416508972310867,8.211354230539655,0.10889601288103894,-0.8318975957413682,0.5464078391906527,0
0.21029841407881766,-0.8706436985347611,0.3888901411896529,-30.881439273372422,-13.072167618603498,7.8672502621705735,0.12899061175629556,-0.8297153840947163,0.5430872018150747,0
0.21852983605047968,-0.8616124784560586,0.3899797800095783,-30.858086540400418,-12.286250023615317,7.548376229115772,0.13736364071328666,-0.8261371081937815,0.5402991951268868,0
0.2110505528606024,-0.8518207793565705,0.3850780883721066,-30.96439297537773,-11.206642054047718,7.43594473694984,0.1299870008980534,-0.8232182111893696,0.5395156545774756,0
0.1940423543164932,-0.8490059532848444,0.3759000355352558,-31.231273763551386,-10.15448559578788,7.6404170495398045,0.11161488361997728,-0.8228988388667389,0.5401345687121653,0
0.17915130554314215,-0.8537638139057407,0.36783667649020285,-31.52225570650404,-9.452505479870664,8.086018045407235,0.09353282494088665,-0.8245439061293868,0.5402335281307452,0
0.17693212351508467,-0.8597448648921863,0.36558904241973295,-31.611135247977902,-9.19288628583731,8.55301810140235,0.08698560944811538,-0.8254712406711112,0.538336464742757,0
0.18670355552522597,-0.8605860299108264,0.3692212980798631,-31.3701313228542,-9.157256491301428,8.853218915070023,0.09293934070931402,-0.8236415431421211,0.5348883977702646,0
0.19595207425297617,-0.8551128799696285,0.37485687029132786,-30.862776081750148,-9.00894331477626,8.968541993005667,0.10120603201105846,-0.8191410462074726,0.5319340363160843,0
0.19473861862144468,-0.8468473134320887,0.37868414970289105,-30.27176649615525,-8.561096742891916,9.00946870142853,0.102825254566699,-0.8135147621248661,0.5311034099746916,0
0.18723149351418028,-0.8404458872734127,0.37947776705618397,-29.78229612473916,-7.844881108525804,9.075658719894987,0.09972009403087749,-0.8086588929316639,0.5323572258449941,0
0.1841677376239768,-0.8387082814785121,0.37819255117518125,-29.52173728359666,-6.974883029505315,9.20123775848724,0.09910380746721746,-0.8062959818865187,0.5347563863188035,0
0.18766371148684774,-0.8418550347069182,0.3769357572679578,-29.521578747529944,-6.021448541392841,9.404871683053212,0.10234615377987018,-0.8075884980671177,0.5374170817306625,0
0.19020196847253276,-0.8488559614652975,0.3780290348233559,-29.67734418619503,-5.010618571753799,9.720484808761002,0.10435276613737082,-0.8126456469865261,0.5394051201864054,0
0.18659801015302305,-0.8585856184431372,0.38192799370505676,-29.78429213896202,-3.9934875735694275,10.15142138701168,0.10169103246629072,-0.8203266256465893,0.5396764040170472,0
0.17919835778394108,-0.8690772038841704,0.38539035583600967,-29.676788570950837,-3.0813628061077654,10.626707335625138,0.09560565103912239,-0.828517049476801,0.5375695162702939,0
0.1710343069795936,-0.8767292499703976,0.383525434766962,-29.349986533847282,-2.4025005788386187,11.042387424984721,0.08752700225907288,-0.8345468189477488,0.5331200413445338,0
0.1612747388297494,-0.8779994743746959,0.3750228960398086,-28.94719386514667,-2.007532282491187,11.348756759253192,0.07709557537952128,-0.8357967769397217,0.5270658896349306,0
0.1496161466454309,-0.8721196809312284,0.363968017029963,-28.647632979004115,-1.8054983264349609,11.576945698574441,0.06564191427085601,-0.8310540606170344,0.5205561962695479,0
0.1394937630061706,-0.8615677113419792,0.3550777937777099,-28.570277821280616,-1.6103123637915113,11.781576327518863,0.05727180798966692,-0.8219345610877119,0.5143854884938386,0
0.13408454017439705,-0.8503877226690562,0.3489370364709755,-28.75782166943007,-1.2772155323587246,11.982674838099312,0.05429272890877055,-0.8124394961098494,0.5086153595970077,0
0.13252365983142747,-0.8427152175677879,0.34388242985858286,-29.218818063626568,-0.79710950857235,12.172532466069333,0.053900130610324094,-0.8065653630467521,0.5032888060334436,0
0.13194160739125033,-0.8415070700516989,0.3403337828298585,-29.95700371943514,-0.2540696161828466,12.35633245811084,0.051576714265023645,-0.8062729513408335,0.4989443247389206,0
0.1307253827997611,-0.846455683641531,0.33989851739727484,-30.941260956405497,0.2868745129015001,12.560506053333771,0.046727446456949394,-0.811053046355041,0.4957796965932377,0
0.12859990676086827,-0.8535650584092797,0.3411707124277309,-32.06267147976093,0.8273166672412489,12.801480890466204,0.04292080671787394,-0.8183995713338064,0.4928249466455061,0
0.12585905342011577,-0.859031972562049,0.3397687131065227,-33.169015263687925,1.391090234476705,13.064953090819568,0.04273030847081998,-0.8251663983478914,0.4887483971925922,0
0.12386137712559155,-0.8634662119523349,0.33299043290623126,-34.17115459692957,1.9738490289210078,13.325181054417685,0.044332077519494556,-0.8299583885316901,0.48335067113321356,0
0.12446099973554599,-0.8702171834129064,0.32235316486080845,-35.10557257904029,2.552613466320744,13.571833994989326,0.04415769474943857,-0.8342806237394169,0.47764723211755544,0
0.12762067653789413,-0.8797602245009924,0.3108533328770392,-36.0807691763488,3.12773473182091,13.804656131239419,0.04171812359391447,-0.8402150797738923,0.4722542986207778,0
0.1310309846693884,-0.8882785969265067,0.29943354622518387,-37.167110210268675,3.7324594200953185,14.015220907277579,0.040294122896483715,-0.8470420199532496,0.4659918376337774,0
0.13321506249087395,-0.8922439560526169,0.28740813032692186,-38.335388242198725,4.39640941205993,14.19534457929434,0.042973906815296906,-0.8514122557348097,0.45664219760683505,0
0.13543845564108736,-0.8918985953626654,0.27485872921927623,-39.49099615314844,5.107269236760023,14.352257874902348,0.04927239039570473,-0.8510291445930267,0.4433057559736552,0
0.13922374332542317,-0.8892437806897023,0.2626524423709839,-40.574376170553954,5.80765164258755,14.489862093329755,0.05601972666850119,-0.847062744950856,0.42755384680587305,0
0.1435083576462852,-0.8851432090576801,0.25105237763989685,-41.64415827298386,6.421288568318888,14.586756887927406,0.060485066374198274,-0.8426525034678426,0.4120186930312782,0
0.14581770896688728,-0.8800952903269489,0.24020465977418903,-42.86063367165536,6.887623203613947,14.62302722976048,0.06196564595725679,-0.8399024796742236,0.39845070235988517,0
0.14524891210831412,-0.8758587554690077,0.23115066005603127,-44.370477580209645,7.192675100608933,14.616617710068287,0.06129816558741299,-0.8386352133819631,0.38753334141980195,0
0.14320140835523815,-0.8744830937074541,0.22455084234133127,-46.184894998314284,7.379854029583231,14.594994690100537,0.05990580811549433,-0.837630646919362,0.3797480566895556,0
0.14175605578958292,-0.8766414601062432,0.21939976770473674,-48.146020704812805,7.519966988983894,14.535095160238228,0.05900306769482306,-0.8370398848428262,0.37529924614342236,0
0.14167640470815382,-0.8816172536771106,0.21507890795623896,-50.00576922091267,7.650943765163621,14.374601449069688,0.058872724697057816,-0.8394781339081265,0.373357363651151,0
0.14163350060983862,-0.8882791081211671,0.21354853607146046,-51.5652596713234,7.7416708032319494,14.096661388093278,0.058720927866693536,-0.8477792510377006,0.37241285163076515,0
0.13970746972007536,-0.8962034255685821,0.21673867952452747,-52.77543049767202,7.723106489929633,13.772269396883873,0.05746304462181335,-0.8612739088775443,0.3715726993792078,0
0.13581914416505683,-0.9062080794714261,0.22244393966685272,-53.716790069772365,7.556197722551998,13.496864658343283,0.054724056615253515,-0.8755965825902353,0.37099785848152117,0
0.1316060622354973,-0.918956314416908,0.22584961043674137,-54.47745122257073,7.259699022396395,13.301571609986842,0.05095469170786465,-0.8870505656306592,0.37127123074620133,0
0.12750776912146206,-0.9329346813662642,0.22539771930144306,-55.04818171264917,6.872989225563889,13.147428497857682,0.04664411954519582,-0.8957335622484166,0.3728059283076244,0
0.12188357224561247,-0.9452025598044105,0.22475957895554982,-55.33497749523683,6.413682149322973,12.995964609387503,0.04189745883031333,-0.9032243955431158,0.3754014154228058,0
0.11455341162910274,-0.9541135261034036,0.22789641535862598,-55.26943819893526,5.887517803407508,12.858265218808762,0.03699679567855404,-0.9089846018180543,0.3777773326828437,0
0.1091455079879903,-0.9594541027742053,0.23328706945260155,-54.901939972498276,5.326741645585908,12.770557129765184,0.032808795560657744,-0.9109562970571496,0.3779360756104883,0
0.10881552599005404,-0.9599662226560957,0.23447905291492027,-54.38607499311073,4.794907942702437,12.744467096183223,0.030110162101854316,-0.908571501849976,0.3746181161358658,0
0.11076478786011637,-0.9534836169677681,0.22668772631393558,-53.88493114497541,4.347049771997453,12.754776454498254,0.028693998457837735,-0.9033397245498842,0.36835051661774865,0
0.1089766905453528,-0.9407387497303917,0.21221517109621166,-53.512571372027615,3.9895162472609687,12.76466181258848,0.02748070950680802,-0.8969290895367427,0.3608189545938468,0
0.1024679022789185,-0.9268439574732527,0.19867278775887576,-53.352421183123944,3.6755221757691103,12.753594808359267,0.025462304854409794,-0.8899026718361027,0.3533734117640627,0
0.09672264179731874,-0.9170810503402013,0.1916532850156274,-53.47322054437197,3.3359173919579863,12.725017979183527,0.022306020565013844,-0.8822611447488979,0.3462964063701323,0
0.09584955164134175,-0.912238165190082,0.18938181595486517,-53.88907587058795,2.925524224128382,12.68868004829591,0.018174956951943936,-0.8746898285748496,0.3391236684585647,0
0.097222183960475,-0.9095196189886935,0.18513439550057195,-54.536302301303095,2.457627136853168,12.638671316109836,0.013632378889697027,-0.8692386597874423,0.3311546384547731,0
0.09593388439256617,-0.9072241219604643,0.17492268169411346,-55.34356457998278,2.00167041752654,12.562254892306889,0.00988995809141459,-0.8685568122053878,0.3218511118946682,0
0.09125796579637085,-0.9069903045438341,0.1613874339648793,-56.332868332561,1.6444965703682262,12.47287694233641,0.008053972267661812,-0.8738353250154316,0.3114999994530301,0
0.08591176107147426,-0.9114632254848223,0.14919597971050627,-57.615686759379884,1.4456979526925795,12.419218460702165,0.007367078898829012,-0.8832846492011004,0.30168741055840487,0
0.08118860354144712,-0.9207716126632499,0.1387189311626015,-59.25231780338497,1.4223210697548985,12.454825477791447,0.005286764121704757,-0.8930182225277066,0.29447045646994024,0
0.0761361700581318,-0.9318199457835457,0.12738477109214136,-61.10466066041101,1.5683773323609302,12.6028228400504,0.00046541591565972827,-0.8998318183079761,0.2906740550605348,0
0.07098611120167714,-0.940834963242698,0.1166830159880184,-62.85196610289278,1.8750469928207316,12.844855465625443,-0.005198474429624411,-0.9033311090850852,0.2892884643493379,0
0.06818160113537942,-0.9463297201627916,0.11324783875329437,-64.19676525933876,2.3200159592352287,13.137513540868856,-0.008719928786601749,-0.9056561469695587,0.28854459066746047,0
0.06872422270706235,-0.9499940296847686,0.12020194689945118,-65.08780363977127,2.843827562494122,13.447686486226415,-0.009591273612819157,-0.9096007812694238,0.287029597138043,0
0.06959918848833675,-0.9554990972012193,0.13034198833900154,-65.74266433122929,3.351869350501067,13.78053780208354,-0.010039474679665749,-0.9172245978316645,0.28373640002176287,0
0.06667239150791755,-0.9662215655216284,0.13206971252619837,-66.44286076368908,3.741538589032132,14.165736511534561,-0.01229853231513589,-0.9296233684072626,0.2779098419417928,0
0.05917490862209864,-0.9828998036689435,0.1214916619544157,-67.30839346196817,3.92841693996462,14.605198679931194,-0.016800568788053923,-0.9465756073792658,0.26950697496412984,0
0.05029064102946786,-1.0028184158414777,0.10549681288948658,-68.26929924911744,3.867682620624286,15.037221518586536,-0.022718710564866705,-0.9656914298530728,0.259416595779556,0
0.044036092502541486,-1.0212901580848945,0.09267207984202686,-69.22536857270563,3.5730493393977403,15.36762141225466,-0.028995547478447348,-0.9828003293060666,0.24852983711174656,0
0.04175796927199162,-1.0339123764327292,0.08382522160721513,-70.19362439286533,3.1081902585940937,15.54591440734227,-0.03447211141367664,-0.9942599056349266,0.2367374651932979,0
0.04126495521970736,-1.0382453512107854,0.07298334270678977,-71.29545860677608,2.5420182408512955,15.602310192885868,-0.03777326293963075,-0.9992138703479406,0.22354206856207892,0
0.04010002951919413,-1.0353859110054973,0.0561354133646357,-72.63202887010868,1.9194470294563049,15.596900820527793,-0.03777220226973713,-0.9998842736181139,0.20959125421188368,0
0.03951841475326629,-1.0305786441700477,0.03622635461980532,-74.20108649004496,1.2870510733100475,15.536221767041084,-0.03429873221957729,-0.9998155892387836,0.19659916339624353,0
0.04320349256433397,-1.030259382741906,0.019190328083431532,-75.93055848444311,0.7233281197364312,15.354292990698557,-0.028348366893061524,-1.0012605171116309,0.1853282438175814,0
0.05207463105480061,-1.0367511022911473,0.007723953958851479,-77.75758116561505,0.3133281274750568,14.97491503917116,-0.021525082257444768,-1.003815654417068,0.1745926260788404,0
0.06276325713812131,-1.0463188119578264,0.0007715257958340061,-79.64200675670885,0.10783355391238747,14.372750113932291,-0.015117290554810599,-1.005894048070741,0.16314714307482556,0
0.07125525769047607,-1.0532480570747027,-0.0029441964357460977,-81.50873076310847,0.13992714923605484,13.569685476493206,-0.00964927195723553,-1.0075388183764349,0.15215823800097572,0
0.07615111378249348,-1.0557909987372864,-0.003803027337655329,-83.21401002614621,0.46728160986254197,12.606562430558565,-0.005307571925169265,-1.0109645358899577,0.14498784933633665,0
0.0784032983257184,-1.0578228739592084,-0.002761619121271193,-84.59573672117475,1.1431826738575457,11.553525765304796,-0.0026703432279727144,-1.0180069794395907,0.1443022180625971,0
0.07885908104041091,-1.0646816246413795,-0.0011322738132044246,-85.55949771786626,2.1213242477656222,10.534366455082564,-0.002884372976747703,-1.0280785141583642,0.14928043344994316,0
0.07636624032681458,-1.0782572085919617,0.0008249048779807007,-86.11820004291064,3.222323363689138,9.697087248025866,-0.006842342295174736,-1.039440570888547,0.15537286052989183,0
0.06916993309515757,-1.0967630313045746,0.002774055317057298,-86.36865454916558,4.2311246154699225,9.13806776604236,-0.013779403650343166,-1.0516440039579793,0.15711691091351307,0
0.05871238044190275,-1.1175145565449516,0.002259558447430105,-86.4481573623539,5.02496956478671,8.853124847440904,-0.020906978417842708,-1.0656180362033745,0.15224877367659298,0
0.050190911783882325,-1.1379073041692247,-0.003444557276600383,-86.49946470591618,5.593414497102492,8.75336458987899,-0.025376307117574864,-1.0816775291620402,0.14348242503872283,0
0.04710479225834755,-1.1550409529838481,-0.013645671331811214,-86.6421973554223,5.945694071964738,8.72897122156005,-0.027130174593747603,-1.0983874409362377,0.13549549016835258,0
0.04601152414599871,-1.1669527568164741,-0.02532658018249874,-86.95907402669455,6.0231735608122,8.727708720445792,-0.02938839972488996,-1.1134666518833924,0.12988804153668246,0
0.039462658021970694,-1.1744152381403958,-0.037314519600371424,-87.50057875538337,5.720828528256492,8.791345782063297,-0.035803029774601675,-1.1251372874233474,0.12411457622786196,0
0.024837925314903746,-1.1803793701578411,-0.0496471053511159,-88.26634445018678,5.004504250233144,8.997969489719635,-0.04711945014745078,-1.1324027943759156,0.11560954195181998,0
0.008248710686536063,-1.1869241838607854,-0.05956743312971752,-89.14209952273346,4.002545950763377,9.358577336352367,-0.06048768217669133,-1.1349107871108368,0.1054554437264177,0
-0.0015021891834215532,-1.1926275641782922,-0.06293620070367935,-89.87515630247083,2.9650283783512172,9.79104740326721,-0.07152490765024343,-1.1335443823343019,0.09725226675278041,0
-0.0014851247452753414,-1.1939547514812607,-0.060127723505878604,-90.17760549099029,2.118278880441815,10.197546512098969,-0.0769674145386805,-1.1309529428790366,0.09368407222262898,0
0.004265263959268797,-1.1906558245544854,-0.05647785749414036,-89.88817100827364,1.5505986231957551,10.531919515483375,-0.0758962168169523,-1.1306768696706238,0.09498098074600109,0
0.011275424974662612,-1.1893604210838689,-0.05577806901556905,-89.02023895018216,1.227378741904946,10.779695329818805,-0.06913410630947596,-1.1357023767604781,0.09939756065063352,0
0.019701336025084837,-1.1996744833045085,-0.05622757118347478,-87.64245110589192,1.0922415306892777,10.913733092529899,-0.058189129633024625,-1.1480577758534019,0.10400385342353297,0
0.031777778967640447,-1.225188540038865,-0.05389252230552237,-85.7335896130274,1.125364814730849,10.899348331747314,-0.04506251473184043,-1.1686654879661371,0.1060558205409292,0
0.04627747184011897,-1.2587228648432924,-0.04803166538289361,-83.18386180551575,1.3068400551904598,10.717660375276903,-0.03230945332674209,-1.1958929455203824,0.10510316137928007,0
0.058388748135456546,-1.287959742706008,-0.041799428574510224,-79.94541668092,1.5671339013284649,10.357526465236818,-0.02223439913172159,-1.2244102436901518,0.10334951833236898,0
0.06483714209618426,-1.3058296111299612,-0.03888210045875196,-76.16165439567544,1.8093081417164318,9.802909113675877,-0.015910423480421,-1.247185779145119,0.10295958844314779,0
0.06653726805001128,-1.313327312281713,-0.04058661105314998,-72.13296207454418,1.97722015245449,9.05380964730293,-0.013256638224232209,-1.2593054729477753,0.10364260310201322,0
0.06613407677980034,-1.312567247458001,-0.04582184667058962,-68.16715031990917,2.0963327949098947,8.153953114201459,-0.013575680789700999,-1.2594954231460629,0.10370869227193462,0
0.06554320931869011,-1.301960468433279,-0.05275776790607558,-64.4734627770096,2.2620350148228834,7.181309571788651,-0.015387866196364274,-1.248804532731902,0.10248521196286428,0
0.0662064421408106,-1.2808080432624036,-0.05981845941765273,-61.17143878755501,2.5903704377238506,6.211655203723653,-0.01631128798916327,-1.2296173783204247,0.10041473614398409,0
0.06916619790844102,-1.2546778244514338,-0.06552672474342962,-58.343490169984676,3.1526114365262536,5.3009764193302935,-0.01434894573064538,-1.2059995071025404,0.0974076644732095,0
0.07389902000493113,-1.2320382765457205,-0.06897550394547186,-56.040310438789405,3.926900840384428,4.500171922419039,-0.00958258485752526,-1.183073774573527,0.09244324294192612,0
0.078582329196635,-1.2165924345829797,-0.07165907689783824,-54.243668623408844,4.800840014638037,3.8650562606215955,-0.003911214187487252,-1.1644813279451418,0.08474004656710751,0
0.08199273804585579,-1.2052473868590148,-0.07767892095534831,-52.86164456599058,5.624833918434333,3.430394480217551,0.0009760951246185802,-1.1502251486703097,0.07444058812231671,0
0.08390450048608976,-1.1928462776292836,-0.09000336795253912,-51.78971964606093,6.279494632554393,3.173618638581579,0.004469977283761238,-1.1375047134320064,0.06207085663736628,0
0.08356304598480013,-1.1774755885204473,-0.10689349738533455,-50.97864766726761,6.7170725627836,3.01926920006952,0.005666296097936992,-1.1242658806941055,0.047918140710558964,0
0.07941530105831038,-1.1621349052228174,-0.12409145886567895,-50.43494359620221,6.961509729101112,2.8891011012009105,0.00249292898294379,-1.1118544138083144,0.03219900265772192,0
0.07091103317780102,-1.1523017667196893,-0.14024479301868362,-50.160170339954654,7.0787143352983355,2.7500061673862706,-0.006538261238537214,-1.103450459601812,0.01562813464038821,0
0.059261379315679444,-1.1507000434347794,-0.157685581463427,-50.09858851862186,7.139415718035811,2.6216871476568566,-0.020240291139824004,-1.1000805449088873,-0.0005442908214029212,0
0.045922610762533886,-1.1538307068218185,-0.17745942397873507,-50.14614943818553,7.19073502154943,2.551751048696504,-0.03544147866022331,-1.0995158406294931,-0.01533191246992005,0
0.031788465131386175,-1.1553416323535306,-0.19622485621048755,-50.219216593345244,7.244235077598626,2.5841385483993187,-0.049378831461772604,-1.0992784778657714,-0.02871718222462622,0
0.01866266341579532,-1.1532130731411694,-0.2096881857848109,-50.32482304219938,7.286121556229748,2.734924434088145,-0.06052090807680809,-1.0990780036429508,-0.04118214052720542,0
0.009919681621432667,-1.15128189855377,-0.21740718969485426,-50.547904091390095,7.304682751573584,2.9798750856238727,-0.06762058001082154,-1.0996137110665432,-0.052626889022674844,0
0.007966207913798047,-1.1530625354970208,-0.22236222211873177,-50.93680635558831,7.308459629984723,3.257055427483609,-0.06964556215078178,-1.100674405213775,-0.062248709345630725,0
0.011499477273606878,-1.1569865770669163,-0.22698580664043924,-51.395880264387706,7.314534805961594,3.488626649292959,-0.06726947739603054,-1.1016984616745957,-0.06952543628921472,0
0.016489527516694493,-1.159426594470462,-0.2317681520331731,-51.71753914949102,7.328557136827891,3.622494890156155,-0.06328612190127413,-1.102997163843913,-0.07495430899038337,0
0.019706355284415982,-1.1598704821436754,-0.23722416378051409,-51.732897989596744,7.349909964491643,3.6730447836330296,-0.06042933720775158,-1.1049875303937498,-0.07986404330222034,0
0.020783734158350147,-1.1604224013316013,-0.24464815210058097,-51.41589279149986,7.386405776741706,3.7180487330024454,-0.05913578119698381,-1.1068767623766917,-0.08578576580217458,0
0.021409842743494507,-1.1615610569807504,-0.25395650394220165,-50.84498126176553,7.434932065953274,3.8368186537928133,-0.05799022736810826,-1.1072924487715192,-0.09381343372962919,0
0.02303247024687247,-1.161340292259014,-0.26267839767371465,-50.108270817736226,7.44042963947812,4.042036016420145,-0.05575645365569681,-1.1058802421979543,-0.10407064632421367,0
0.025122433310399133,-1.1588835152269197,-0.2691598731018546,-49.272952238538004,7.305356113401504,4.273661605768894,-0.05249596165731877,-1.1034686238073808,-0.11561646966547542,0
0.025789213975040078,-1.1563003314191032,-0.2759137130533799,-48.412571289971225,6.974207221904646,4.455181112820215,-0.04934952021197296,-1.1009034537499343,-0.126976026358966,0
0.024439981500671133,-1.1557436570565391,-0.28692791123747774,-47.610211148270906,6.508853246740868,4.549419819094787,-0.04773974104373387,-1.0983166480748052,-0.13680061828410833,0
0.023078298298024078,-1.1557716510483396,-0.3012673764244184,-46.91542366499038,6.05928574883212,4.567579817511482,-0.04849381961326491,-1.0954182324804498,-0.14416703516343346,0
0.023831081202335888,-1.1527202665831107,-0.31245669522138203,-46.30531291672745,5.754500548251921,4.5401679256044565,-0.05132947701353519,-1.092063534676714,-0.148811779103585,0
0.025819618759660313,-1.145675752878492,-0.3157645964894216,-45.69689140802849,5.631839861312846,4.487497407815012,-0.05487089094773175,-1.0884459407577518,-0.15156902538617872,0
0.02639645658629429,-1.1379330358521884,-0.31362341139457905,-45.00777908386996,5.664275600582337,4.419511545988339,-0.05708170398390396,-1.0848579348234688,-0.15420776830141775,0
0.025564575113433168,-1.1325995072049642,-0.3120522230895394,-44.2145332566716,5.820830545848004,4.358049471341352,-0.05618717208669501,-1.081254090646258,-0.158066587872412,0
0.02695063257117396,-1.1286061044921925,-0.313940740716534,-43.35359360446614,6.075759556361075,4.341805681791295,-0.05174908088270128,-1.0770267399418199,-0.16288859001140535,0
0.033313935488643545,-1.122737987078495,-0.31811100143406035,-42.46756424126787,6.376541022333201,4.39681556758279,-0.044959970717651065,-1.0713631390656932,-0.16748324489401337,0
0.04265830331318218,-1.1141551297981405,-0.3230162528730519,-41.55937014456155,6.63912958006098,4.509775165322188,-0.03784419027328405,-1.063842113897203,-0.17112831696371242,0
0.050195514676574786,-1.1044025695585862,-0.3279090482049122,-40.60352203395738,6.786265906352908,4.6438098542512805,-0.03206600432264022,-1.0544646624222853,-0.17363685206993087,0
0.053381820416295356,-1.0936895572476224,-0.33091659168662463,-39.60005869015617,6.780409775072364,4.779295509221393,-0.02820415907430573,-1.0432408664031236,-0.17462923700654004,0
0.05370317333220933,-1.080358782496497,-0.3296903849735739,-38.61537913992963,6.623869360740763,4.926568422686303,-0.02588817951739846,-1.030247846363839,-0.17385925316265072,0
0.053651265471528875,-1.0645986322553362,-0.3248755413435773,-37.76089440640536,6.350767322762733,5.094620021917222,-0.024581134200531117,-1.0161738501680724,-0.17207516608608134,0
0.05329663985252907,-1.0499401566606577,-0.32012884080192827,-37.11373568062743,6.024483990765019,5.264859688069227,-0.024403302680097647,-1.0025100286180832,-0.17039907101673238,0
0.050656855474338944,-1.0398045678819912,-0.3177839560430882,-36.65816967208388,5.712179863472339,5.416958257707066,-0.026313976331511776,-0.9911251387729872,-0.16863526926996997,0
0.044690333826496426,-1.034230918936353,-0.3169764338735142,-36.32537554737019,5.431584186459279,5.574862293423133,-0.031179196970630135,-0.9835396808862382,-0.1652739585633787,0
0.036777097128151914,-1.0308514960975579,-0.31651902016875344,-36.08619703036064,5.128269889638394,5.800983941574908,-0.03830587400432446,-0.9801035195395953,-0.15977447432202224,0
0.02935817210701765,-1.0275494547170345,-0.31659181637466033,-35.96672031813346,4.726712585376669,6.135227512579471,-0.045235778598977934,-0.9794512455782978,-0.1540347813189533,0
0.023866553508455443,-1.023291774437532,-0.3166173697857883,-35.968193475491965,4.208444529909011,6.555722275018255,-0.04968243307125916,-0.9789628033431185,-0.1508063549368252,0
0.019964623699663963,-1.0178943782876169,-0.3144893268494473,-36.02612717256399,3.629516260673124,7.011390411855814,-0.05176009950741298,-0.9763524399515818,-0.15098248717295543,0
0.01635891550929685,-1.0122594509906697,-0.30977212405124854,-36.08295057456925,3.054146192592091,7.478620646691759,-0.05382793318624385,-0.971159137571312,-0.15292662282755082,0
0.012261008442233424,-1.0079091460534928,-0.3056776688340056,-36.159371270590874,2.4826423737082326,7.962861806145074,-0.05799888521755294,-0.9645976092329902,-0.1541673815061977,0
0.008153610833749015,-1.0053233905477332,-0.3058211239652941,-36.29686843704198,1.867450547528649,8.449579124375957,-0.06408179146068682,-0.9578827461287881,-0.15328587114701048,0
0.005258001126207296,-1.0032639307875044,-0.3096535582605123,-36.436300880419,1.1977379890617885,8.888911564555318,-0.06981631092814608,-0.951001227328452,-0.15040427669027925,0
0.00429194644918119,-0.999845449366001,-0.3122903335940143,-36.407613435148484,0.5321382011824031,9.248411816468344,-0.07272383334665278,-0.9433261824590591,-0.1465873563660413,0
0.004624948281299492,-0.9936083416151082,-0.3090236978052355,-36.071810783560565,-0.06985331057371398,9.556851973145545,-0.07217034021154314,-0.9349563168348803,-0.1430034058815271,0
0.004649497885785242,-0.9841227419836757,-0.3001119859288488,-35.45988816577932,-0.6207845730072854,9.864697494292505,-0.07028325027687474,-0.9268108385263182,-0.14017206337161792,0
0.0030923976994574887,-0.9726714901489486,-0.2909940057040466,-34.74975074620056,-1.1816936617893392,10.168212187353403,-0.07033605781283891,-0.9196089253545713,-0.13769741844250488,0
7.513312712820056e-05,-0.9619330234761845,-0.2871068863883882,-34.10963216980802,-1.7763941049890541,10.400989096912957,-0.07347977028788613,-0.9134428063709196,-0.13486707527890973,0
-0.0027256892185262478,-0.9540866238496152,-0.28855548631391165,-33.57687825293348,-2.3535457252123266,10.503161698931315,-0.07744376611082855,-0.9081709090339689,-0.13144510658597292,0
-0.002803791829222472,-0.9491593500669683,-0.29045224458544766,-33.07646614264923,-2.833519060578656,10.476679148141383,-0.0788950483231534,-0.9034465060214907,-0.1276465524291932,0
0.0014218489329551145,-0.9450302533740798,-0.288112120639567,-32.523296540933565,-3.170929584184202,10.367960172007228,-0.07657038953134422,-0.8986372629910246,-0.12356606238299889,0
0.008725399176388518,-0.9389110950435074,-0.281302714205857,-31.89642059876617,-3.364842140948867,10.219032666664146,-0.07176532329384891,-0.8936642643827069,-0.11897409598234748,0
0.015503198662807097,-0.9299575471636735,-0.27364932426126726,-31.247766411754426,-3.436436875494498,10.047976842924932,-0.06643051004558136,-0.8896737379259294,-0.11354884103423762,0
0.01904154265808718,-0.9213568600715242,-0.2683625457207653,-30.668602149240282,-3.4287921507134356,9.861320022638242,-0.06156328753137153,-0.8879971742950704,-0.10718003403515447,0
0.020187005499212804,-0.9186306715904913,-0.2649567509149764,-30.219416681296707,-3.423852148087483,9.668316806814099,-0.057281845024485245,-0.8886816370731809,-0.10018288181638227,0
0.022040363921146226,-0.9241843221233993,-0.2604991815251922,-29.841094161322818,-3.5273189998822763,9.48358333394004,-0.053518774531646184,-0.8906147456354668,-0.09317395371977466,0
0.02610014634039388,-0.9338137750703132,-0.25366676257558834,-29.34098994448875,-3.812538569919284,9.321832218393327,-0.050083614120525956,-0.8924483923620409,-0.08670651033481414,0
0.030647873746359282,-0.939905642129902,-0.24649938753923248,-28.524982012164447,-4.274431456451898,9.19233538943019,-0.04657327721906269,-0.892598735369947,-0.08128551974770655,0
0.03330394478905578,-0.9381884766476086,-0.24172136965820826,-27.375579876902545,-4.844039944770434,9.102386293936824,-0.042933530901508525,-0.8892330311046104,-0.07759096394091622,0
0.034037782453164474,-0.9306119824058234,-0.23943205017693436,-26.085669787432217,-5.454843406093477,9.069234775986779,-0.039902165481526995,-0.8819384124655891,-0.075991877626498,0
0.03460907954629354,-0.9220382714521999,-0.23792634162656387,-24.90255107156121,-6.098934646258668,9.122415248504584,-0.038369801697225016,-0.8733333701654132,-0.07573542035413114,0
0.03585457808650293,-0.9156259445414082,-0.23705188990454515,-23.938087955419135,-6.823320576395763,9.285134238609103,-0.03844571387358602,-0.8672410299973794,-0.07530735024458306,0
0.03682264224209338,-0.9116909034521399,-0.23812049261713567,-23.118949845750336,-7.6796898855265905,9.553135894676995,-0.03947747380734092,-0.8646288807872335,-0.07382600005832175,0
0.0363992742387906,-0.9093093369290375,-0.24007078496685288,-22.297677513879442,-8.684679933125839,9.895548837353944,-0.04087411480896694,-0.8627291735674553,-0.0715826812638651,0
0.03481054808077001,-0.9074746809447497,-0.23868848644999213,-21.400854537383918,-9.827084635790992,10.27500540199836,-0.0427171340164069,-0.8588011846011068,-0.06919242736697481,0
0.03320616760447881,-0.9050071288860145,-0.23175787399566056,-20.480602233943134,-11.097613779900698,10.669141377326135,-0.04539350508213474,-0.8532979296861848,-0.0669438556897784,0
0.03231681899941752,-0.9005981084728467,-0.22343388471659442,-19.645250448964592,-12.488528736911613,11.084362544654102,-0.048433527973659386,-0.8482598673142109,-0.06520639885256886,0
0.032023604799964744,-0.8936307788662888,-0.22089951765770507,-18.958770155603837,-13.95593399802129,11.5532767830895,-0.05007871047780908,-0.8437706596301484,-0.06473471036797848,0
0.03177641271869256,-0.8847860669471275,-0.2264934440138377,-18.408933693909898,-15.399840688917605,12.107034485336928,-0.04873585036744856,-0.8377070260495498,-0.06607727674783942,0
0.031050137874211223,-0.8756034215948393,-0.23495687406726667,-17.955268649699654,-16.710568203002797,12.74154659095408,-0.044787618973467544,-0.8289145023082758,-0.06911799120428788,1
0.0302826339400019,-0.8676996244459276,-0.23945251838932902,-17.58593855543832,-17.856734567313868,13.416364830149755,-0.040315339783153305,-0.8192063513950799,-0.07341420063102609,1
0.031527316637600604,-0.8624477693126974,-0.2390939814925973,-17.32197868132403,-18.930597872672138,14.090051147138357,-0.03713453759584622,-0.8117184866585645,-0.07829705285265284,1
0.03647768571243221,-0.8605174780004022,-0.2387753812304684,-17.176458383245922,-20.0885315042861,14.748947506131024,-0.035572326785398144,-0.808180722417116,-0.08240878148869706,1
0.04342189128708827,-0.8610153685595042,-0.24199409861743915,-17.118054811500958,-21.421323157316515,15.396418931296896,-0.03483582740824827,-0.8081428176092469,-0.08407353440420598,1
0.04799356257843487,-0.8618125758054377,-0.24636586214525905,-17.073772747724547,-22.869193381281807,16.018464441706925,-0.034080975628702194,-0.809966685010129,-0.08271557090728178,1
0.04755037047595715,-0.8616586325333021,-0.24742750426057858,-16.96660614631576,-24.261846291924712,16.56575746903652,-0.033342063752554184,-0.8119710478735065,-0.07950894737624466,1
0.04369514694650915,-0.8613149553098327,-0.24489548018288373,-16.756246948717624,-25.441747376346402,16.976160305777007,-0.03353765065697819,-0.8129646033913182,-0.07649384417688701,1
0.04055784840685774,-0.8615910006542309,-0.24277355769099168,-16.455141826607445,-26.35755895680542,17.22365303156885,-0.03516211319403956,-0.8122776860903282,-0.07537350053010328,1
0.041348645849123386,-0.8611836056489883,-0.24387057494687195,-16.122561394296895,-27.063035162602695,17.346421241678716,-0.03712292919342852,-0.8098828087681272,-0.0768056663005795,1
0.04578379623131093,-0.8581768386615461,-0.24678567219089395,-15.850361775646894,-27.65138442997273,17.420000739061443,-0.0377407318636096,-0.8067655201190795,-0.0800189493289412,1
0.049965658440863384,-0.853480350437424,-0.24889105559807145,-15.72928417021886,-28.198512182017343,17.49649372551388,-0.03699514218828137,-0.8046166773830572,-0.08310160886810454,1
0.04956182154131751,-0.8510173694319296,-0.2499849157967533,-15.789031523204322,-28.754306849203747,17.56184218741029,-0.036747193334497205,-0.8045182447425769,-0.08442552683918057,1
0.043931470873929276,-0.8536093086597323,-0.2512748779309125,-15.960102533746568,-29.356448462630294,17.546753786974858,-0.03838330570800088,-0.8060967551424709,-0.08401103332637755,1
0.036572477948371235,-0.8593648607709063,-0.2520142910511783,-16.11070102664222,-30.02626917586051,17.391685497112213,-0.04127945515692256,-0.8081669887990687,-0.08292360061048933,1
0.03101268590841904,-0.8630855195869473,-0.24947472247533942,-16.130774478828826,-30.75642646563701,17.11719373157895,-0.044126980542502345,-0.8098988352183184,-0.08130184403402639,1
0.02728856382963612,-0.8614917190896,-0.24273152342345924,-15.985560011332042,-31.527245692612738,16.824270168596364,-0.04678506199509237,-0.8113992652567568,-0.07806134364690591,1
0.023606447638489843,-0.8568968373671563,-0.23500269610662464,-15.71000167189852,-32.339557573683855,16.615537503214426,-0.05000189610139061,-0.8136105636564114,-0.07307266920540634,1
0.020140630392708313,-0.8554256512092467,-0.23082316339671116,-15.37416863723982,-33.21096855364627,16.52542611258634,-0.053843452100657316,-0.8176836673674455,-0.06830869962613087,1
0.01867904427313992,-0.8615051616892542,-0.23088213477443667,-15.04478339193576,-34.130796928617826,16.52843289320277,-0.05727423271807426,-0.8242689509885099,-0.06534010714038588,1
0.019005928810269093,-0.8744525233560648,-0.23048876623642087,-14.742359543624344,-35.03734875437301,16.587102810187623,-0.05945549839689004,-0.8333808535744535,-0.06226580444060108,1
0.018387837313291095,-0.8901224015095633,-0.22366522155756982,-14.400934786725449,-35.86283483114152,16.66929497123674,-0.06098176298143189,-0.8445511219068922,-0.054947273534480305,1
0.014969866158869364,-0.9043390390474146,-0.20900369608903255,-13.863852280611916,-36.610001967226026,16.732999235618426,-0.06324918842471336,-0.8564483400669188,-0.04181588666811077,1
0.009838000081369615,-0.9143008325064288,-0.1917232371550354,-12.953817157535937,-37.38067067143892,16.72713339790515,-0.06662391855410776,-0.8664569056207632,-0.02628787519342876,1
0.005382498050823015,-0.9185099140369712,-0.17927467857237345,-11.60630729735078,-38.313249031785766,16.627388179352934,-0.06995407133585071,-0.8715626244993611,-0.013604810992988426,1
0.0027483825279765012,-0.9167496854310629,-0.17406486496310683,-9.96572215275029,-39.47377302413377,16.466975748184574,-0.07213601547543146,-0.8702216668825066,-0.006024205619056532,1
0.0014242185107930824,-0.9096196506234222,-0.17174552985108138,-8.323677754661757,-40.80036488719958,16.312192224972467,-0.07327255126567593,-0.8630868432221712,-0.001978378680393864,1
0.0008613240422227502,-0.8979010368745105,-0.167807767317584,-6.917066413937632,-42.15189747599156,16.198970637423898,-0.07363381504272734,-0.8517985698762631,0.0007150246422892119,1
0.001561087794270437,-0.8832581163020484,-0.16330441380534808,-5.77093403475935,-43.40781704350625,16.10959572132213,-0.07238597150749103,-0.8378491705958021,0.002246045026534529,1
0.004229551773768085,-0.8692109898087625,-0.16181008880666328,-4.741222688686412,-44.52955399358893,16.025293616458853,-0.0685719061675745,-0.8230473074230937,0.0015304842290466691,1
0.008660911063641941,-0.8593652858327845,-0.16373143198035636,-3.6982707813165447,-45.550975082345815,15.984321837323403,-0.0629514860512914,-0.8098803214599603,-0.001843235262532205,1
0.01397879389158481,-0.8536643867232628,-0.1670337059823588,-2.656837194056847,-46.53485023495221,16.061094066019564,-0.05770413565311075,-0.8000222548386744,-0.007280313994038817,1
0.019196174112198965,-0.8478617773568728,-0.17164582857369678,-1.7508401644383549,-47.541975085990586,16.29259592275063,-0.05447281608126357,-0.7928235639300675,-0.014032791754808522,1
0.022901027327545252,-0.8382753558324845,-0.1796548995382493,-1.126716699264648,-48.617773018601575,16.658621885975084,-0.0535811011503607,-0.7863758623101456,-0.021467683930449025,1
0.023295084249874885,-0.8263821860666749,-0.1913330818375544,-0.8815116510859483,-49.7764221955311,17.146733690075862,-0.054818128042884585,-0.7801249743335287,-0.02884613229353459,1
0.019945525836700284,-0.8174460186094141,-0.20308149313027357,-1.0747953188283859,-50.98455093345326,17.803779381988,-0.05784536101050448,-0.7758391400195096,-0.035300277903083765,1
0.015390057794625878,-0.8152940906855434,-0.2097588993312316,-1.740231947331375,-52.16732499579363,18.688876665230705,-0.06159468144848036,-0.7759215240132858,-0.03954528539059186,1
0.013378697806964887,-0.819770405962366,-0.2081927769981958,-2.844355577208315,-53.24522311493579,19.784323444839497,-0.06400267869860275,-0.7811449472787635,-0.039510710805171614,1
0.014882994897867496,-0.8288244353250847,-0.19846049630374632,-4.241703169789968,-54.18425344237374,20.98051315717385,-0.06312189007701634,-0.7903681769663145,-0.033185083015028705,1
0.017289993959236718,-0.8416080421106538,-0.18288733372153784,-5.70258786600135,-55.026919581281376,22.14735825192476,-0.05883281230680081,-0.8025504938849025,-0.020258388060035958,1
0.018231588334300622,-0.8589332499741557,-0.16438849705850958,-7.006533114475604,-55.869910188570536,23.198201845291457,-0.05323384189694102,-0.8185415719008744,-0.0024189639801836882,1
0.018440948754930353,-0.8810406298480259,-0.14507817320737865,-8.01654412697378,-56.787249275592714,24.08372478934289,-0.0489248637200361,-0.8398291900013009,0.017977560318644243,1
0.019839093279735445,-0.9057114090775261,-0.12547452500149106,-8.671601313451129,-57.75930086767033,24.75216789329057,-0.04685710307233413,-0.8651582026810305,0.038871016301245946,1
0.022720906622402257,-0.9292985487120208,-0.10498910957487552,-8.927091422834904,-58.681758645019954,25.14251056683595,-0.045950933935433494,-0.8896567375185205,0.05838975454899258,1
0.02637665379602845,-0.9496020898612952,-0.08376440397171385,-8.727722393217286,-59.4457238457168,25.225766071172497,-0.04450277235997082,-0.9086672572195871,0.07510232198795684,1
0.03113532055928301,-0.9671706616774469,-0.06368692757376017,-8.047517162030642,-59.99674062241535,25.04794208783318,-0.04160433833054749,-0.9219961757774582,0.08897360690113369,1
0.037974754122841646,-0.9833552227257192,-0.04671378493541795,-6.933796791277192,-60.31884640017229,24.717219651374304,-0.03745346528298789,-0.9332927845785586,0.10131369405696088,1
0.04625670051543246,-0.9975043683442298,-0.03287939486673935,-5.477674847355235,-60.39372197407326,24.336613412759153,-0.033004466170565815,-0.9455618912061403,0.11308658092525585,1
0.052912072839158816,-1.0073550662812565,-0.021420434806655005,-3.7392493460203498,-60.205763664432645,23.953807871704832,-0.029767058153414686,-0.9581981124961375,0.12353761287803498,1
0.05441139616600163,-1.0122619722787212,-0.013460928291798726,-1.7372807085267037,-59.79011878871412,23.583340357801656,-0.029591395982326248,-0.9680744082891704,0.13083795699713346,1
0.04978271008073432,-1.0139005651389172,-0.011907323639815559,0.4679291210668196,-59.26288327231021,23.25848661682936,-0.033543624819400646,-0.9723228588849602,0.13375776227733607,1
0.04185404585700108,-1.01269510813019,-0.018307897339401583,2.70773247798245,-58.788610547750366,23.028074350657665,-0.04023580500363511,-0.9697104418080934,0.13234466366533548,1
0.03521466820950165,-1.0056661365266553,-0.030787238464172542,4.747384667098784,-58.50106872441792,22.89991240040867,-0.04602407659316318,-0.960478783316432,0.12725206066789574,1
0.03241504112791283,-0.9898519038985862,-0.045472998325022634,6.385445522613855,-58.442210736942194,22.822741992784984,-0.048175228261658744,-0.9462657856063098,0.11901408143405018,1
0.032075001372699065,-0.9670769587583014,-0.0591020031666528,7.502352224881588,-58.57093782989524,22.75085671484971,-0.047712179748369506,-0.9300121529364322,0.10816833279722131,1
0.030838281644396698,-0.9437893666790849,-0.06994167269329105,8.039812054398478,-58.82554487885387,22.71953901453489,-0.04802408034278671,-0.914518118189744,0.09565249289376176,1
0.02699530795863182,-0.9261570435130385,-0.07772480985466666,7.975223988893057,-59.18029234555014,22.843468584250758,-0.05079098340524491,-0.900646107842249,0.08271426316473304,1
0.0219604619669813,-0.9159704560470007,-0.08373555038240328,7.334726963172512,-59.65749690516635,23.24314184932399,-0.054561000275646664,-0.8878291911079965,0.07080041608380788,1
0.018327537835751646,-0.9111606324964793,-0.08961213253226147,6.222364333560305,-60.29520299459919,23.973944971170784,-0.05744411632606848,-0.8766243312445271,0.06196039544840298,1
0.016893406696062215,-0.9093582496262975,-0.09476776863942993,4.815897877794155,-61.09609367338624,25.012065501726095,-0.05966295901228476,-0.8697685124596661,0.05882240145696398,1
0.015936833361848642,-0.9103308260168239,-0.09552248082637452,3.3160080765370648,-62.00274086601363,26.292085721101916,-0.06260852749204655,-0.8699185952992647,0.06328262269684252,1
0.013463406242605258,-0.9152641752757849,-0.08756779966136048,1.8898970038244411,-62.92601872585482,27.753100620887302,-0.06634252967817893,-0.8767124152569942,0.0751942219801236,1
0.009897303789174677,-0.9243699415868536,-0.06966963596257691,0.6568735166484502,-63.790855945417185,29.35112177754236,-0.0689725310481057,-0.8867112819905992,0.0927413129698844,1
0.007985728814966784,-0.9355501422975396,-0.04541499863404884,-0.27977971893179904,-64.54655502871458,31.034809564874912,-0.0683145768087309,-0.8960847006299117,0.11382367383125062,1
0.009763490534646587,-0.9453291918581492,-0.021236202848750985,-0.7969672254009293,-65.15084186258923,32.724928864916095,-0.06397053901308214,-0.9029395873393118,0.1365832908995182,1
0.014427965055698355,-0.9510904533775035,-0.0019228824417013247,-0.7696915766787928,-65.56677938510322,34.3291265183127,-0.057875241853918936,-0.9074808077287043,0.1589618723426864,1
0.02005102030209015,-0.9528252632492769,0.012614638212663398,-0.14884058583876303,-65.76724438696151,35.77427719012141,-0.05240267542631048,-0.9106518049985974,0.17884863539858753,1
0.02667334643840862,-0.952742838521197,0.02642338213692438,0.9909697989439404,-65.73207127623438,37.019409389975394,-0.04749038586922813,-0.9123020065143655,0.19526188175320724,1
0.03634377964019234,-0.9519011599988418,0.042818119118262936,2.5214982034489575,-65.46273701872148,38.03829773029881,-0.040246589821598996,-0.9097494585531616,0.20865921312849206,1
0.04981870829965393,-0.9463705140575815,0.059461864843526176,4.384662830499696,-65.01400286527372,38.79016844024679,-0.0284601434341294,-0.8982134590154861,0.21900575128322716,1
0.06407659458719309,-0.9285216130458214,0.06843879191687664,6.604087640747522,-64.48052232632351,39.20869203680566,-0.014386696407606082,-0.873815735200607,0.22386786181607718,1
0.07412701104591264,-0.8940744938546111,0.0629649059053298,9.14096682946466,-63.919738861191384,39.22786051115536,-0.0038078831069397762,-0.8368557256153938,0.21963490459274773,1
0.07755556061845216,-0.846489673813847,0.043789721071695965,11.749529313787605,-63.29702875321439,38.829466283740096,-0.0006913965604354628,-0.7916859790928489,0.2046476102989008,1
0.07685491886148751,-0.7924006179342953,0.016937706552812428,13.998053111950348,-62.52873162074069,38.07593376789175,-0.0032905512484543028,-0.7427763896063851,0.18027702558415815,1
0.07717482062767743,-0.734353421057951,-0.013974410227033732,15.437036490172039,-61.570098707295706,37.10324385643637,-0.005780554936788292,-0.6910997791400568,0.14925914034403312,1
0.08195056870265593,-0.6707719340208718,-0.049716956396213915,15.756489137278644,-60.439236153373606,36.06826396100392,-0.0032397411644831953,-0.6349449904899322,0.11419850436740747,1
0.09036662346222464,-0.6022511426764123,-0.08985002314055132,14.830730149653688,-59.1746743152853,35.076590048696055,0.004852738809055973,-0.5741193400218657,0.07772460543254911,1
0.09863366733432274,-0.534844701907024,-0.12926129854915622,12.687269111214185,-57.82249467783294,34.158467618434315,0.01471962961945646,-0.5123018059910257,0.04274893888758276,1
0.10342742890097271,-0.47581477065716765,-0.16221762345719676,9.471683295736957,-56.473307905324596,33.33405521755815,0.020951267575423524,-0.4546507876467873,0.011643141727263325,1
0.10357072136182925,-0.4270822121669499,-0.18750703698631963,5.407374517062797,-55.251968211737676,32.695811512393576,0.019885721676960413,-0.40393139886931495,-0.014661706075654295,1
0.0989291579463585,-0.38458662946347255,-0.20759613887214942,0.707136533328214,-54.21248558576179,32.38300662431402,0.01188997141315017,-0.3601087496305761,-0.036473673355157506,1
0.08977301407124208,-0.34487502117424906,-0.22406087772091637,-4.5327531793380444,-53.2327106161422,32.44874989647151,0.000904146460277762,-0.3232464446054328,-0.05407168331159913,1
0.0781736053509507,-0.31082155460431155,-0.23555204951350475,-10.324287239940167,-52.02991450208104,32.78499916091978,-0.008598682442686021,-0.29504926061228814,-0.06613632098395922,1
0.06869414472485232,-0.2891197946453647,-0.2394496092782188,-16.597691924838053,-50.308750030560894,33.22773461969248,-0.014349321212038151,-0.27716106446567196,-0.06935623848979215,1
0.06650008130201189,-0.2835821410833319,-0.23393714871929214,-23.003131625123217,-47.9334240870556,33.72403170492211,-0.015997990735081923,-0.269807669105829,-0.06062832987832143,1
0.07441545594618719,-0.2932813830452459,-0.21846765843777236,-28.979984020261934,-44.99281521380853,34.32981122533574,-0.013004429259176943,-0.273228245350608,-0.04047604081692288,1
0.09084531919938475,-0.3157017183204653,-0.19350591826112398,-34.092683016089715,-41.7285101742633,35.02146447045222,-0.004131773830167436,-0.28870181016324475,-0.013631056403971055,1
0.11009019457634285,-0.34827735078468414,-0.16124667295078793,-38.27197656452514,-38.42377473175926,35.56715669446095,0.010899495005382344,-0.3163676458027762,0.014483182699547603,1
0.1263314237047054,-0.3871119138816223,-0.12686221298724729,-41.66463486958495,-35.35440984827502,35.62622324970955,0.030190215847081047,-0.35291436582130303,0.04100342633131609,1
0.13860930884943742,-0.4271873993963239,-0.09727294628212331,-44.265777530169,-32.780887653002566,34.94988967594641,0.05033278881509712,-0.39294609405792236,0.06470426815600558,1
0.1506653347601565,-0.4647784220551382,-0.07685911775527082,-45.79874754504814,-30.892738820490475,33.482449128480454,0.06795941312285216,-0.4320219880831721,0.08348488019603195,1
0.1653169497557725,-0.4981841642686881,-0.06498696442463438,-46.007188230433094,-29.705955161955224,31.351787099379468,0.08123026181621171,-0.46687092409094194,0.09490518780869357,1
0.18129171816334289,-0.5254321888834195,-0.0587296898136685,-44.97484973127624,-29.02868100646143,28.846402001090237,0.09134934300503453,-0.49330961819213315,0.09881010310251828,1
0.19658517238911216,-0.5427629728042909,-0.05677461480539872,-43.02671137625871,-28.568160107523255,26.38572735271842,0.10289013941110811,-0.5064552347279072,0.09757037882197701,1
0.21190475559193042,-0.5468724825642843,-0.05985174285302648,-40.32972882364797,-28.096280361924826,24.421592144739325,0.1203036667626047,-0.5041069151195148,0.0934667585102822,1
0.2282440552717938,-0.5380029011303443,-0.06938423679109358,-36.74858129099009,-27.522888219577037,23.287303308638243,0.1419572218457101,-0.48897344942372456,0.08645854847350232,1
0.24273804820971,-0.5191547466258051,-0.08725012615879725,-32.21124992858088,-26.823927220257943,23.106118348352524,0.1589706115351934,-0.46646559218904493,0.07386878148551317,1
0.25001500461811205,-0.4919536562421996,-0.11471565824353273,-27.190921762090753,-25.921674980047094,23.833283675912373,0.16287441592174276,-0.43965945410288926,0.05225654316320119,1
0.24784493470323862,-0.45467981027962073,-0.14908236803664096,-22.678770956787783,-24.66724520356091,25.361387182291693,0.154402653170115,-0.4064625314603315,0.021816868470975144,1
0.23877485314359045,-0.40580897095940366,-0.1830901982417385,-19.478322733391813,-22.969609599397184,27.544125044952175,0.14166486947551693,-0.36296654044830995,-0.010976076132064487,1
0.22482257087292604,-0.3490222558837539,-0.21127513466466596,-17.470813553464478,-20.928425993630896,30.129720057279783,0.12872533802473707,-0.31010027033257875,-0.038928035060939316,1
0.20332432295946415,-0.29216065139035124,-0.23631793277838004,-15.79253935964973,-18.791698320312022,32.78625303586137,0.11030472475048803,-0.25490159285288283,-0.0631134139377878,1
0.17110650636408922,-0.23991753128587132,-0.26536820443809117,-13.898741638042459,-16.8011973569931,35.29869934313551,0.08099801746052107,-0.2037631755127785,-0.0917870219535622,1
0.13052201455424667,-0.19050199543127994,-0.3016676195611392,-12.238552283125209,-15.16672642029282,37.7048162249295,0.04446370982052762,-0.15723590863837283,-0.1302046097585083,1
0.08679759695284316,-0.14326279273709547,-0.3453020429705529,-11.698598428453552,-14.15345610213461,40.15650671816314,0.007060080061499073,-0.11515831689229514,-0.1775862685114759,1
0.04083668408436816,-0.10786788146288886,-0.3985302696024147,-12.722122384609017,-14.008097551111444,42.663564136895864,-0.03294094315192218,-0.08517580253577388,-0.23264113509565088,1
-0.009465203486650073,-0.10002747299097434,-0.46060041058255585,-15.329586098766244,-14.759852777657088,44.97695934411277,-0.08094769903014597,-0.08042517182639564,-0.2928414954938202,1
-0.06089391840847477,-0.12595690201327173,-0.5208474778563835,-19.662775634309543,-16.224485077049312,46.63721339096884,-0.13357168207255485,-0.10666514741607698,-0.3499709152519733,1
-0.10475572430602491,-0.17481061200388706,-0.568878131288792,-25.964525842839834,-18.12510114076659,47.17379484343547,-0.1799981168686498,-0.15520169823426047,-0.39720399271423845,1
-0.1374074223028513,-0.23005991155694214,-0.608309651800116,-34.12051786317679,-19.966760989783065,46.475513322172695,-0.21583151235147757,-0.21174019638677374,-0.43869837598752437,1
-0.16534869757894954,-0.28747165590801416,-0.6482412571474889,-43.60945826409568,-20.904192572181604,45.03083000195038,-0.24773178808327662,-0.27130348040429075,-0.48152669584436303,1
-0.1958715104800354,-0.3584951126317014,-0.6849776652550125,-53.829786574939185,-20.13956543511059,43.57992974462823,-0.2823174116474831,-0.3416602150957979,-0.5208150074648256,1
-0.22629227202437358,-0.4542051209805605,-0.7058756330945054,-64.17759806577476,-17.552517781583017,42.37203534243004,-0.3159917315178608,-0.43103705337646164,-0.5444662595073234,1
-0.2472982498475824,-0.5681132795337731,-0.7105605317364506,-73.88743549882905,-13.72568656090276,40.90638501692318,-0.33918658522251394,-0.5345454690519592,-0.5525860909145123,1
-0.2556402856788059,-0.6784213007983853,-0.7171849217087215,-82.13510296848608,-9.343880042237865,38.5802198070811,-0.34808699496559736,-0.6355144109991151,-0.5630763118053964,1
-0.25808878228616705,-0.7671584675190637,-0.7473059136189424,-88.44969279545244,-4.784054433803369,35.53762598189777,-0.3482136770390729,-0.7197588088844257,-0.5966504619110521,1
-0.2602449192852666,-0.8341355677203128,-0.8120941047359364,-93.00635331151244,-0.26786217298702086,32.73465337204082,-0.3454012328771813,-0.7860417581872747,-0.6621498228442867,1
-0.25484972596757316,-0.8927188353297764,-0.9111815799982147,-96.52526810240562,3.8967798888353458,31.142912218248014,-0.335557896068891,-0.8434321944414379,-0.7568581053226835,1
-0.2274388277797689,-0.956693286247886,-1.0372154126143667,-99.85144954032475,7.3683828075831785,30.930633689154625,-0.30763004884049405,-0.9028501046811034,-0.876598996450033,1
-0.17638065873615932,-1.0328122440552256,-1.1833513504761473,-103.46055011371344,9.914336769298204,31.424042948740368,-0.2598277878854769,-0.9725650374781963,-1.0243873751371697,1
-0.12368955045033071,-1.1222619490684778,-1.3496231446396532,-107.17000387202958,11.479420165293732,31.854609291863433,-0.21104034483653566,-1.057510879755218,-1.2067340106859923,1
-0.1004339718367149,-1.2254772060833938,-1.5308820431573358,-110.16415209049681,12.340615545528795,32.117734485475935,-0.19024303189201897,-1.1581880961062694,-1.4107423352009343,1
-0.1210261792565551,-1.3431503217673524,-1.686476236462329,-111.12977504768801,13.159255622375754,32.73629521138825,-0.2120496762356584,-1.2694716893998386,-1.5778893395158107,1
-0.17693528839048933,-1.470224783193832,-1.7330476231709209,-108.30687536943158,14.384144026294068,34.13166101929092,-0.267985343406195,-1.381584118407784,-1.612890389011569,1
-0.25857712201748234,-1.5899959086534796,-1.5933063598615522,-99.72324081723592,15.289301669346889,36.22822637703614,-0.34749271120740566,-1.4825737650409943,-1.4430325079497313,1
-0.3788958016111934,-1.6786660403946145,-1.2661958974577843,-84.10932608452201,13.951312034580324,39.04319570134086,-0.4636451462658337,-1.5598270069507325,-1.0845605838693233,1
-0.5678900880967144,-1.7162411395349428,-0.8473490035696997,-62.35940472377183,8.739583108889763,43.529351269657596,-0.6479382171326035,-1.5991194375652695,-0.650158665589723,1
-0.8397877704597679,-1.6887705693960495,-0.4738420204185577,-38.44592446652557,-0.01395306247049044,51.41127959941083,-0.9141817096719485,-1.5828201851516122,-0.2813951595326906,1
-1.164702347303813,-1.5805091256344665,-0.2379898896299574,-18.559839792822494,-10.031921732660564,63.87652489673226,-1.2289354237609276,-1.4916608055282752,-0.060342149988291106,1
-1.4724376963357158,-1.373228733290707,-0.14051125160262157,-8.352095282335132,-18.9686265480321,80.30998682004672,-1.5200161624268274,-1.3117626520290233,0.02689520822135727,1
-1.6874208078101893,-1.062891655818897,-0.11836460223816854,-9.821056981306514,-26.31249409240536,98.2208435853555,-1.7164816472059665,-1.0430784081665223,0.05003519682633682,1
-1.7701873576566984,-0.6781034599537958,-0.115620268844915,-20.240081538249232,-33.40825967711795,114.36946083477694,-1.7871099686787397,-0.705003149818972,0.06174202458266031,1
-1.7361243689385364,-0.27717321302033776,-0.12699206718755185,-34.2340056488326,-41.68221626006342,126.2276121580187,-1.7502570159165451,-0.33695816808909806,0.06065691695105358,1
-1.63587482388339,0.07592361707476945,-0.1793108559993336,-47.32295314781467,-51.04469126245109,132.9372737607904,-1.652105507114582,0.008732325474893589,0.01539216918366866,1
-1.5122433447800563,0.3352816400161216,-0.28570309997370363,-57.938490766526876,-60.08894816575249,135.38525833289734,-1.5324305977457646,0.28186726793539996,-0.0882474831399305,1
-1.3733047039205248,0.48348783699558223,-0.4255551830998842,-66.8433468623019,-67.56153269602397,135.41114694582785,-1.4039341766987692,0.45094235000468674,-0.2277485216447806,1
-1.204594078645286,0.5317800480583309,-0.561446401343602,-75.64419728085733,-73.28096366970404,134.59763686783842,-1.2570054244312847,0.5130576282893582,-0.3630170947924707,1
-0.9985405558219287,0.5119643304923784,-0.6661552488585574,-86.19927932633252,-77.6854671812733,133.42364303816214,-1.078864385215303,0.4926834363567815,-0.4663808050206379,1
-0.7669491030082809,0.45931661212961195,-0.7342869128454996,-100.60519389733425,-80.96293424392364,131.2967612750851,-0.868784127495188,0.4287825042376157,-0.534754706489663,1
-0.5330823038566839,0.3954169746468669,-0.7743830095785565,-120.4948334871027,-82.9513419572142,127.2638637999981,-0.6424704109885113,0.3554291720555646,-0.579166564017847,1
-0.32167725626191584,0.3237442791685686,-0.7923322943724745,-145.75533015018863,-83.6581583113807,120.81533344777573,-0.42813860777951235,0.2874004949565331,-0.606031262086151,1
-0.15515073965572607,0.23704230365101672,-0.7797439532238793,-174.0582688293968,-83.36677069966164,112.39282634694791,-0.25658010502841555,0.21942474736736348,-0.6064135953741165,1
-0.05151258328316039,0.12344344122872913,-0.7167184699412765,-201.7621460573435,-82.07728703334081,103.46996310334471,-0.14903640806563814,0.13506380425320977,-0.5599746735339765,1
-0.021728272973034878,-0.03398574563108314,-0.5895608245843222,-225.04112823900817,-79.23721751868818,96.11622819381701,-0.11126793672765634,0.014633203453641382,-0.45053439470437495,1
-0.0673566321209002,-0.25404191562611966,-0.4109388208849418,-240.02334570044172,-74.50467862082849,92.11071211298525,-0.13774144047091977,-0.15976270342603904,-0.28423324114563137,1
-0.17720148534321578,-0.5407323488897967,-0.2234184174771349,-242.52454849603902,-68.83663512770335,92.12859398650677,-0.21853488889033212,-0.39515246738485355,-0.09704198429998304,1
-0.32655757203646657,-0.8624678322139889,-0.08033792128084898,-229.16370302805248,-64.47824491453042,95.70707477406413,-0.341244401128717,-0.6743892227998828,0.0582726479692854,1
-0.488150433676143,-1.1509940967762549,-0.01918968174685999,-200.20614401411206,-63.49692889942695,102.05477645872645,-0.4912557322768387,-0.9513649518683891,0.1386615826888043,1
-0.6493267882180684,-1.3318916176461215,-0.04656929448152487,-161.70546494400114,-66.14878680273611,110.85437529833362,-0.6552929079153288,-1.165804204110842,0.1301486507271548,1
-0.8128996758307674,-1.3654414925456209,-0.13931104774880732,-123.90039400631346,-70.67124640579176,122.15995020808053,-0.8231615380443128,-1.2687921533254845,0.049467799164358166,1
-0.9780194465792261,-1.2591402649470367,-0.25418078829598084,-95.84703239743199,-74.68975687725042,135.5070763314368,-0.9841410148322856,-1.2358718773957815,-0.06345359520359156,1
-1.1319405747950018,-1.0413831548748913,-0.3415893117544276,-80.23567154152072,-76.90011737336403,149.3450802892073,-1.1291288563961752,-1.0614189894302546,-0.1560750211103677,1
-1.2706211556456726,-0.7329508335925817,-0.36897595665696215,-73.01092852815424,-77.6058437716535,161.69994819416277,-1.26541821638503,-0.7567187949399661,-0.187831108776428,1
-1.4145010280994785,-0.3563399338046116,-0.3478337476243287,-68.46878274262856,-77.69545734030913,171.63543341892574,-1.4210199546135767,-0.36687499475583724,-0.1658424271424247,1
-1.5847575240607887,0.028388606750696255,-0.3249405143780433,-65.19718582356249,-76.82584863532196,179.92274198869177,-1.6138923896824278,0.0166169096830942,-0.14320793204708812,1
-1.7732101947329315,0.31855094715988946,-0.31838311574637274,-66.78511287503115,-73.00883002944035,187.87117624832925,-1.8183066532331578,0.283499664378402,-0.14735850883182514,1
-1.9595117398447637,0.43093487326788116,-0.27947464781819,-76.12833787844917,-65.8508190467709,195.62203548012042,-1.988558293881064,0.37209570986272256,-0.12338517329649042,1
-2.146649154100889,0.38313230471265386,-0.18028811624711819,-89.60363905031066,-61.09039043450284,202.66853446548163,-2.1216400686735084,0.32203791304172524,-0.01768527008537235,1
-2.343237829693404,0.2954470634404989,-0.1412404768363389,-98.97790990227014,-68.37961474895833,210.62597756225134,-2.266439737520077,0.24942533789956756,0.06651588930245148,1
-2.511809829695566,0.2950058425799092,-0.3714207677335217,-100.69418469134413,-88.93814620758582,223.83648089401692,-2.450924216823656,0.25811775487990263,-0.10477155517593112,1
-2.567765384954637,0.427688906218556,-0.9085352804395991,-102.30591851898342,-105.6005484446753,244.9224602867266,-2.608703049563771,0.3789087268843436,-0.6246478337961788,1
-2.442406509784281,0.6635388663231631,-1.4836076010208608,-117.10918515409196,-93.30527609247375,269.98870314924335,-2.598239346693546,0.5849555205982792,-1.2485961908478236,1
-2.1549422210558173,0.9453128962843376,-1.7476092742986329,-150.93398769270695,-45.81060581881749,290.5327630887437,-2.335159710609113,0.8311852781889287,-1.5830226126492448,1
-1.8428331155558217,1.179786616433983,-1.6131028088297648,-194.91278386488298,12.306095054038893,300.7525921513736,-1.9368051021067407,1.0539332234914547,-1.4774008502604548,1
-1.6972509921598626,1.1833971754358308,-1.2866473009606127,-231.87392054251106,47.70752582237942,300.8931501734151,-1.6858521436616227,1.1340989704760092,-1.1399346332623275,1
-1.8170401745300055,0.7508373528881812,-1.0060187301937813,-248.30867342699796,50.71306738253417,292.1667503548223,-1.7774308280236755,0.9048581477831766,-0.8646783658291658,1
-2.1509423752004517,-0.0617880146967403,-0.8804882501513409,-239.84659090812974,39.88523100084132,271.96528712145806,-2.1462869957329445,0.3023401303897436,-0.7670555215705527,1
-2.6168194485250336,-0.7706548459847065,-0.9577109102315255,-210.79960600834698,37.40008750231046,240.17431119326574,-2.6220918188041566,-0.4335579248188115,-0.8184598792412663,1
-3.157760961115415,-0.8649670969361977,-1.236332265190476,-174.1608509298263,48.68067678189266,209.5723137501917,-3.1437135442246023,-0.8425452826966188,-0.9843071946843693,1
-3.5534360735751775,-0.44451566070404996,-1.5496161518020841,-147.49209773428646,67.09569814372965,199.61233420645243,-3.619367921454585,-0.6988115648393688,-1.2053148173905084,1
-3.337592461975941,-0.1639218683979747,-1.6108222393530496,-139.6203499869694,90.41945445935382,213.48576612581286,-3.6512539101216404,-0.3189839732032107,-1.3231200503123741,1
-2.2255535049255717,-0.4348428895073538,-1.2807056762010345,-141.95984074573016,126.03384360076483,229.9735755938387,-2.763338642216879,-0.23639815026030236,-1.1654003758081888,1
-0.6686708627791279,-0.9549697164220606,-0.7371536294134844,-139.1785102220474,179.29873848249144,227.33397309364457,-1.1016735112096214,-0.5790080428246386,-0.7439627305245052,1
0.3181216586309574,-1.12355251996479,-0.3664303943383204,-126.15780300798872,239.79072951594887,208.38460753059078,0.34034141674521834,-0.9169246488233019,-0.33565258765035877,1
0.1042313033320717,-0.6877814472485166,-0.49025552517512067,-108.78428369987465,284.16826981169356,192.02099449263122,0.5640925768298624,-0.7526204154151545,-0.30588209671207833,1
-0.9129236295069258,0.11217554112740133,-1.1019649516450365,-92.59038670476332,295.3524609240392,186.1823867027951,-0.3845392281998022,-0.05281869882155992,-0.7780121488494813,1
-1.7980068039183508,0.8593063723574214,-1.816086012669294,-78.59439998936145,275.3624431805485,181.01098521939372,-1.5080708319459524,0.766106796754532,-1.468977268923348,1
-2.076115788147264,1.3008190872208243,-2.1681440466760367,-67.50044854057114,237.46333738517356,166.92484700213254,-1.9962036904418572,1.2943096152872149,-1.9193501096644838,1
-1.9998592276808271,1.447363679336863,-2.0350028794190216,-60.31311821800632,192.366171429182,149.33068923728203,-1.9311013111474677,1.4581517267347415,-1.9160460976250873,1
-1.937800769458778,1.4507538672407014,-1.7157796637268665,-55.61567381197545,146.75005836988012,142.3750317257502,-1.8121134148392166,1.4376187670772782,-1.6501411081945525,1
-1.8685676886531637,1.4222046718034316,-1.56789589082795,-51.509942056079886,108.34693979156044,152.257205104389,-1.791041130271847,1.3966293237898202,-1.4511335241429797,1
-1.5714408773031132,1.335922671757471,-1.6310356536307593,-49.17156092543539,83.8028518049262,169.42217194121773,-1.633494078878856,1.3325772472279394,-1.4314536957067037,1
-1.0328365388113796,1.0771867501608559,-1.668621443190507,-50.25980106741643,72.73687908258438,176.73361893862125,-1.1958479420378763,1.120040350922619,-1.4423075248550479,1
-0.47026228460052627,0.5901692164305827,-1.5124998648154797,-52.25643703752003,69.61079117419978,164.88048128719058,-0.6378267146096501,0.6685360876287209,-1.3258718384111008,1
-0.08596431172434467,-0.014680374874992581,-1.2476077241947965,-50.44754955595757,71.71993641119437,139.7085503181977,-0.21524789225493754,0.06069709284755488,-1.1055352337552788,1
0.05259391783306557,-0.5118644527772778,-1.0528520930335041,-43.26810872024039,81.72253444726624,114.20417261265978,-0.06138108868348549,-0.46287524645186523,-0.9084458384293456,1
-0.03302731306237779,-0.7190383403388353,-0.9732389954043952,-31.85437872900042,101.77424573742734,94.59902742794883,-0.16706096536900109,-0.6741727633490783,-0.7925886810814171,1
-0.2666637690370509,-0.5955346222218297,-0.9175322014195997,-15.659134669021107,128.00810564839418,76.63117811043975,-0.43118088234895235,-0.5184093191656627,-0.7194865163695123,1
-0.5299792915588285,-0.21581760061564847,-0.8223271731467122,6.562997445293018,152.2889147037411,54.55926412929468,-0.700447687852208,-0.11992343564965886,-0.6513628246516037,1
-0.7261223723362163,0.2907717639578927,-0.7295061121563148,30.602338428729304,168.42932479214016,29.707894574023545,-0.8491189908873177,0.33226291976895683,-0.5958517022593836,1
-0.8335192695061757,0.762605131053458,-0.6996216648092057,45.918863063268226,176.09197930949242,8.349593621041716,-0.8631101727816235,0.6896857803258432,-0.5585501223301952,1
-0.8643069802321486,1.0408065620107203,-0.7147216353230057,44.24654339575137,179.60659324437827,-6.000167565131184,-0.8173886475104841,0.8824937325451987,-0.5138323210052991,1
-0.8014983057192987,1.0583074186947299,-0.6993991138602321,28.210271112657562,183.91784897726896,-15.279950829093298,-0.7688456408660028,0.9191313488024022,-0.44150813830413094,1
-0.6282458223981606,0.8992045718787636,-0.6102995248629615,9.400595819374786,191.30457779954108,-22.807609360305214,-0.7037556969949642,0.8666660126085446,-0.3573026109251651,1
-0.3972749062724339,0.7301189904411924,-0.47989709216730747,-1.9121556852914336,200.86344568056023,-29.171969852295444,-0.5880152716330609,0.8020068143700709,-0.29133870629178293,1
-0.21305965201838245,0.6575678749420253,-0.3823530178925778,-4.103924715474026,210.19245865755977,-32.88045299264717,-0.43263612640230065,0.7591426354615537,-0.2586592325847848,1
-0.1382409407945785,0.6634713679783221,-0.36886197080135663,-2.2747347589316718,217.26992158654332,-33.506796201812435,-0.29236722732233983,0.7236138331024675,-0.25963031464561426,1
-0.14623264071618264,0.6676371620905132,-0.4305063633663788,-1.437260228648165,221.1655519317825,-32.75928942996433,-0.21325698125465303,0.6723541290007073,-0.2900369104428362,1
-0.1667966568574261,0.6189994564743136,-0.5153460808672276,-2.5067291003572945,221.8462201974233,-32.739409893005174,-0.19825667239059808,0.6041039656068969,-0.3413826375275296,1
-0.15501020058535472,0.5206894352472389,-0.5780040751940436,-3.6776027887397382,219.93819547389833,-34.21811856199195,-0.22131735615915166,0.5323278950279541,-0.40191973492868566,1
-0.11352932392699522,0.39894246761258895,-0.6131044792610056,-3.9025375903785657,216.6207893658267,-36.6867362574246,-0.25805393536485594,0.46451982639605494,-0.46380150229696226,1
