ADXL345_Acc_X,ADXL345_Acc_Y,ADXL345_Acc_Z,ITG3200_Gyro_X,ITG3200_Gyro_Y,ITG3200_Gyro_Z,MMA8451Q_Acc_X,MMA8451Q_Acc_Y,MMA8451Q_Acc_Z,FallCheck
0.01563960902005971,-1.0078068174322343,-0.18359000698476255,-13.000241734693207,30.029640989152472,-0.18342869013601681,-0.06933433127836336,-0.9716787944676964,-0.01952866698988688,0
0.008630788164749418,-1.0401084652095047,-0.17707659674359913,-12.538821029079259,30.48095718774976,-0.4950172395706463,-0.07483888677897964,-0.9947383690586856,-0.010411931176480366,0
0.0047138018794893165,-1.0650228297352642,-0.1672704509489227,-11.670843576527338,31.030365507300182,-0.8289601531762394,-0.08097424929633673,-1.0149264508514642,-0.00013801781515511847,0
0.003389706276294096,-1.080888575314917,-0.15466045410931983,-10.241001182337516,31.759835559121186,-1.2088482222782986,-0.08630985181330532,-1.0308273735967668,0.010523366304655926,0
0.0023239735514115037,-1.091109011825,-0.14219009613162695,-8.371554629887557,32.71355620089773,-1.6603557446597386,-0.08835774468063017,-1.042437337453319,0.020151322191034292,0
0.0009453821329992911,-1.0987929449373828,-0.1315164655670502,-6.2834764174419115,33.8746920277101,-2.2098211381695996,-0.08626697092532142,-1.0498745809248506,0.029008388882159522,0
0.0002858872912792222,-1.1033300671842572,-0.12240320410105777,-4.125820611376519,35.15653626113069,-2.872095646846906,-0.08213506915421154,-1.0524901744916004,0.03847983209960187,0
0.0005043592657407961,-1.1019145025907364,-0.11454274555361048,-1.958446326582679,36.42085658931621,-3.6287111437022994,-0.07969216709367456,-1.0493952083479117,0.04839380657041871,0
0.000713544542315504,-1.0932453754066456,-0.10751842376420177,0.16870764792638845,37.519554445298226,-4.422499490583009,-0.08091940335228438,-1.040757562798662,0.056578923911522284,0
0.0009282692005221082,-1.0791631139634954,-0.09997710537761333,2.1757501472978062,38.34646721964956,-5.1916157273118175,-0.08348907310011876,-1.0284212405272943,0.06163732603331921,0
0.002222960337084587,-1.0630040100506473,-0.0918958819414172,3.988285299144772,38.882445968255055,-5.919319738340721,-0.08286322143390183,-1.014909022804462,0.06488893303930163,0
0.0044849659071838945,-1.0472667071764488,-0.08675421245439792,5.575842868345544,39.20949645409386,-6.646818034226088,-0.07770372501979539,-1.0014903156866668,0.06868096827355032,0
0.005844722943928201,-1.0331511504452358,-0.08739754522370861,6.937433398847211,39.47760383699108,-7.431271750679908,-0.07158828032409596,-0.98781302674316,0.07368900806703667,0
0.005807551371943228,-1.0211506804100527,-0.09008672252889863,8.061204971733813,39.837877888940824,-8.286981086362424,-0.06835338963649709,-0.9742884536978519,0.07891370090530131,0
0.007621489785897911,-1.0112951565689947,-0.08738447291276924,8.911401066003677,40.37507675056809,-9.159858514601702,-0.06742941223416286,-0.9639483352159358,0.08373263239019661,0
0.015005565958156122,-1.0038497711721257,-0.07757780684509409,9.451505526219314,41.068484390109326,-9.954627633121893,-0.06516119868798928,-0.9601915287231355,0.08882748454526146,0
0.026419735838187335,-1.000237383987332,-0.06689539917159534,9.68120757265449,41.802564975072514,-10.598400021576996,-0.05963076448420172,-0.9629204459628452,0.09501919979861713,0
0.03500425938399123,-1.0018692512558407,-0.06125984312092208,9.67311513490874,42.43386973927103,-11.094037726876277,-0.052890310579956364,-0.9683560158092801,0.10169580326403746,0
0.03542074105951784,-1.007362569251651,-0.05964064945906265,9.58464949760769,42.884874486867055,-11.511621988141666,-0.04879351898686512,-0.9725006898296065,0.10663333930547753,0
0.02924333556338363,-1.0121115544351018,-0.057476891383041046,9.599664506676575,43.202623558537105,-11.922070644378262,-0.04935428040619107,-0.9736100747312907,0.10759677957989833,0
0.022391962272279776,-1.0118659899169529,-0.05395502450484535,9.804802904730712,43.52859995004601,-12.342243516360599,-0.053222395366204565,-0.9717333988758087,0.10438239867704927,0
0.018505272256897954,-1.0066875755217946,-0.05299631303046801,10.100839059796343,43.98791751151295,-12.74014445019246,-0.057422713125148246,-0.9677600888091564,0.09910452767572105,0
0.016269192853628035,-1.0005234443171556,-0.05758772640862508,10.252622917805782,44.582112711537285,-13.073891452875914,-0.06043356933209197,-0.9634411606946748,0.09411787300708076,0
0.012395987351552775,-0.9968602732587484,-0.06584327548679562,10.056643036612714,45.18018315672081,-13.317972220693997,-0.06354513832772098,-0.9605594187590578,0.08986571292269223,0
0.005419672634111042,-0.9960431424549868,-0.07377683393148432,9.483773538161149,45.615281788039184,-13.470653064346326,-0.06935781113396335,-0.9588850726081027,0.08524658418443141,0
-0.0036187348959983152,-0.9969784108524318,-0.07973954886294493,8.671437961998304,45.79488552161401,-13.559431703934965,-0.07918181120774782,-0.9562032696353674,0.07983027965139047,0
-0.013008292649438959,-0.9991977583081093,-0.08395317614518613,7.785412698129124,45.7307571916081,-13.640864400315822,-0.0918382829636208,-0.9515070088524304,0.07483197577491682,0
-0.022253696787157114,-1.001858788556128,-0.08547614319190502,6.900710418149888,45.48848429077891,-13.774531237857222,-0.10466026516764448,-0.9471634649589746,0.07177968185478781,0
-0.032185011340502244,-1.0029138470265635,-0.08278522291626303,6.015661298542848,45.132537635492504,-13.97766425537458,-0.11554754994323238,-0.9468617722750594,0.0711268242150841,0
-0.04293853418460742,-1.0017838923521138,-0.07700662421912424,5.147405315565338,44.71698220677851,-14.205420630346355,-0.12418839503236548,-0.9520287217348934,0.07246661852062584,0
-0.05229356105680527,-1.001526987613741,-0.07199599201992916,4.370525935581499,44.2940666341124,-14.3880062665957,-0.1313838065522155,-0.960934872833472,0.07508528839207039,0
-0.05747519181268794,-1.0057617288769467,-0.07058638662641403,3.7577259737182516,43.8994215685095,-14.493406012143918,-0.1374070802744392,-0.970671593731611,0.07776003021913835,0
-0.05834585260888173,-1.014142748677805,-0.07210930293812554,3.310643729962282,43.531622829234124,-14.552293997525595,-0.141401610192468,-0.9791209842930798,0.07900978985034697,0
-0.05697111854520286,-1.0227266766565348,-0.07429029667392069,2.9623058040348336,43.165283455829936,-14.621715334409341,-0.1423800355078533,-0.9851810951625081,0.07835130131534944,0
-0.05457731195416105,-1.027954153747194,-0.07665718658739473,2.633694077893843,42.784671955793456,-14.727971028320615,-0.1403213669165876,-0.9882396634525182,0.07665452938160955,0
-0.0512434800572378,-1.0291128006096282,-0.08094872653757228,2.276842759681815,42.39490009943973,-14.848079418271633,-0.13604776029701612,-0.9885349060587953,0.07452849551790093,0
-0.047992694089233595,-1.028262719970777,-0.08854569542465643,1.874108940559263,42.006035774176205,-14.94221763069477,-0.13053728474945858,-0.9878588624842501,0.07087227206140011,0
-0.04630243256518402,-1.0288516554819027,-0.09888316230017698,1.4164640886564033,41.61563825621545,-14.986827610892085,-0.12485249955196975,-0.9886027501654229,0.06392306488618317,0
-0.04517528850376566,-1.0330880141710856,-0.11050604002623832,0.891294768203249,41.198146355762574,-14.965214880394658,-0.12016283137789524,-0.9915154563519516,0.05362848571426097,0
-0.041283843645032375,-1.0397420407679538,-0.1225773750533663,0.28659761400874995,40.70503103613637,-14.847789224122149,-0.11686672058053822,-0.9952413467537706,0.04208052639691817,0
-0.03340080462661687,-1.0455007902286424,-0.1350681836120105,-0.3944226145650225,40.09673130164875,-14.618075975462308,-0.11388607550288954,-0.9985080585258863,0.03135990586709892,0
-0.02481947316159822,-1.0488036543632975,-0.14770427182502055,-1.1167594710588824,39.39572034743547,-14.32029486256428,-0.10975228093458846,-1.001658727213961,0.021836682144651134,0
-0.019488178724431707,-1.0511833436948228,-0.15851119682500175,-1.8132766410176508,38.69285163698237,-14.046808113843538,-0.10439549866924494,-1.005247211290175,0.013256286881109105,0
-0.017056620070051445,-1.0545962363602517,-0.16419185086010185,-2.4132386799161067,38.07220289931938,-13.859046709019568,-0.09916014524226133,-1.008278963465839,0.0066826999759326934,0
-0.013767662854936434,-1.05869009481431,-0.16342554134751167,-2.87424747249884,37.52865148949827,-13.734726372451828,-0.09505284850710459,-1.0091455693883042,0.003939279725486212,0
-0.007442212238123966,-1.0613800390712358,-0.15896199971779704,-3.179093192806456,36.977599683599976,-13.59982562682274,-0.09159526781224037,-1.0078322018963264,0.004977804382593455,0
5.085389221873803e-05,-1.0613537280073282,-0.15470151503451346,-3.31256579060808,36.34503905310991,-13.395232217896442,-0.08758545368994668,-1.0062118902083717,0.007065468845956463,0
0.004976553635150529,-1.0591658646283382,-0.15198255003633293,-3.2710508890257,35.630194512623575,-13.106598657288469,-0.08252153247138252,-1.0061244230881279,0.007520535814401367,0
0.005837553062930614,-1.0562515525468867,-0.15042831078506388,-3.099636238243193,34.88319989670075,-12.751706202721973,-0.07676810533074464,-1.007380788827992,0.006780558319241054,0
0.005600807270355374,-1.0537350460816448,-0.15032966136113993,-2.886626572143083,34.14872462752825,-12.360264958033909,-0.07054349446016858,-1.0076079603448291,0.007714911401541322,0
0.009266424438966745,-1.0517798979272066,-0.1519426059805099,-2.696401344621595,33.438933056682274,-11.964642767273261,-0.06366820714126005,-1.0042342007711336,0.011715894305476916,0
0.01838974978062658,-1.0489702790934967,-0.15399327704073837,-2.519373237539696,32.737089934556224,-11.594613638712877,-0.05654684218436871,-0.9968654383585583,0.016291259179266347,0
0.02891959837272659,-1.0428765647236071,-0.15459505770506063,-2.3081038806933454,32.01042418660931,-11.267151616788194,-0.05033106198931378,-0.9876766688113903,0.01734754456110371,0
0.03569742170566155,-1.0328442915780927,-0.15286930467102172,-2.062215791901371,31.23005731202716,-10.976393865842908,-0.045408468069962654,-0.9795551931711537,0.013844268773619007,0
0.03839035846943402,-1.021925226924007,-0.14949908460631767,-1.8625747721313335,30.395720655232953,-10.695027317157418,-0.04047615333018634,-0.9740247693539841,0.009244224208653336,0
0.041653444666501976,-1.0142495216061524,-0.14682330144886974,-1.8074536683809443,29.547280604410716,-10.389782459561024,-0.03387527166605314,-0.9706545265478999,0.007648302908535407,0
0.04981902792011966,-1.010539904736706,-0.14781144738141422,-1.914301491681051,28.750576376161593,-10.045944292514184,-0.025426132187811232,-0.9679269492445691,0.009335459753597676,0
0.06262402938426948,-1.0080546438864628,-0.15332116742572133,-2.0995670198295087,28.069780456594422,-9.688238499783488,-0.016354653659946438,-0.9645892039776429,0.011226128999194318,0
0.07605510932267463,-1.0048158510659784,-0.16054568628305124,-2.2623892128106315,27.551430954700564,-9.37544035393998,-0.007763772083440608,-0.9604329151792204,0.010977799121678558,0
0.08644908082578023,-1.0014537450932033,-0.16519114085819694,-2.3716496860188085,27.228965649480003,-9.162849844646097,0.0001395571982093901,-0.955983194668258,0.00913317568735256,0
0.093409172310025,-0.9985032761760219,-0.1652752149376795,-2.461487169488206,27.12822394581233,-9.067623885717007,0.007360691767628534,-0.9516968522841038,0.007460965850750095,0
0.09881049874508582,-0.9948821900773291,-0.16260036071577705,-2.568831389066574,27.25354392560691,-9.07170741335972,0.013389981861354728,-0.9478495241014491,0.006668026910745073,0
0.10351214705385554,-0.9907388298148421,-0.16026707952761876,-2.7083617266796387,27.57085771339436,-9.14604837438592,0.017655404449696016,-0.9452095135149663,0.0064134903857053956,0
0.10622889062609987,-0.9890199431769889,-0.15858161226465595,-2.8960668386377617,28.02208486293832,-9.261153621311173,0.020306294168865507,-0.9449661828071109,0.00677471577030345,0
0.1058116552278167,-0.9912453464022739,-0.1545290469051348,-3.151679471900728,28.561207348230777,-9.388496538762027,0.021816578184707724,-0.9470897807101142,0.008476176463866928,0
0.1031047791388568,-0.9938349988689034,-0.1464664134197812,-3.4631185840362315,29.163519742475287,-9.514490765136753,0.02205681684226514,-0.9493074639463269,0.011516481106494359,0
0.09987028580093069,-0.9924190621507372,-0.1379568850922598,-3.781021927039243,29.798365105076,-9.653128025637649,0.020664687625080797,-0.9491244174340208,0.014639876227362288,0
0.09722127341262862,-0.9885401358789356,-0.13470188566032004,-4.073376247674037,30.409525366592923,-9.82767511468081,0.018212544731618097,-0.9468809864907385,0.01677821321889338,0
0.09573603586483996,-0.9879462092656338,-0.1380721284094148,-4.367480961947993,30.92953952578903,-10.032204546349622,0.016030196660924256,-0.945534567266401,0.018287877426973888,0
0.09564399687719732,-0.9925287543069983,-0.14347961682676555,-4.7132872822678875,31.30668520928437,-10.218924157644896,0.014722407313003867,-0.9473603879882074,0.020239508733142873,0
0.095862937065732,-0.9980685101828675,-0.14510632172577742,-5.115278228941634,31.520300933247185,-10.332581233330627,0.013579018446618489,-0.9521317733073008,0.023137815700446717,0
0.09390808872677504,-1.0008717546290675,-0.1410162302547342,-5.52094470593929,31.58124384578302,-10.358227582336365,0.011641386416651401,-0.9584912897168064,0.02670335111176407,0
0.08818773139583175,-1.003285900321718,-0.13364870091451725,-5.867213285914604,31.520366160937368,-10.33023370664091,0.00877166156619465,-0.9655714176160843,0.030259729946291915,0
0.08031294528690994,-1.0104975066268516,-0.1266605255909174,-6.119490834159328,31.370996597601714,-10.289738744445193,0.005415714668863077,-0.9728427073139715,0.0330822634664942,0
0.07391850772246354,-1.0228816791367432,-0.122290922029234,-6.273625219541784,31.154728460257267,-10.235340050354742,0.0018094634943183214,-0.9792581952565449,0.0348592582461082,0
0.0707117814335455,-1.0334670719826964,-0.121197248672414,-6.341818701806774,30.87477312101457,-10.127454897311468,-0.002103795995501372,-0.9830901501274403,0.035726284694843,0
0.06878397054343316,-1.0346044895004651,-0.12306626150391362,-6.346511824012699,30.52394739755962,-9.945818871015042,-0.006113419673499754,-0.9830577039609415,0.03550003757835196,0
0.06559972103748282,-1.026921535449634,-0.12638009549485918,-6.323497958913858,30.110724639161948,-9.721077758794836,-0.009581241743221091,-0.9800237906976966,0.03363181198290855,0
0.06146035294178501,-1.019032031859457,-0.12857735108974575,-6.311113203387052,29.67307431714751,-9.490526837179864,-0.0119912565230175,-0.9767345205327648,0.03055307790980213,0
0.058807105203861634,-1.017541143059062,-0.1278611837189474,-6.317615551484946,29.24824553711052,-9.24466341740684,-0.013368016255792835,-0.9750563652359583,0.02800929913443688,0
0.05887750906471144,-1.0203090957772967,-0.1247940621714958,-6.314845057340485,28.833283973437002,-8.94422363091048,-0.01411491451486617,-0.9744590773569053,0.027282191494815825,0
0.060239974387444356,-1.0209337087916919,-0.12176658398177631,-6.28939211880533,28.395195982243965,-8.570151557782998,-0.014808425497708003,-0.9738490910303196,0.02809668320637977,0
0.060531527175472624,-1.017028973969781,-0.12130234064400723,-6.282502062016467,27.912930813606277,-8.130462313198,-0.016055583076620878,-0.9733895325053411,0.02965998539646609,0
0.059064039046161296,-1.012209096089853,-0.1242736924997133,-6.352782137531147,27.387124265288,-7.638092842375247,-0.017939313437469788,-0.9736519763378443,0.03150946262002053,0
0.05741813356051745,-1.0114165196266094,-0.12853896440418716,-6.519032656611431,26.81558349709002,-7.1093192412615345,-0.019603708542072745,-0.9743636295904897,0.03311542697099332,0
0.057220317061536026,-1.0156281954031763,-0.13013699032964948,-6.759967037475432,26.18560953755361,-6.57191977594976,-0.0201050326196307,-0.9748972920196389,0.03394800287789502,0
0.05769493074178223,-1.0208114288732184,-0.12742236168980162,-7.04336439580266,25.496188415199043,-6.052560181352375,-0.019811213784652247,-0.9750601392590428,0.03422434402320672,0
0.05661442547731652,-1.021773854082398,-0.1233102460618705,-7.336561035302697,24.772921764721218,-5.5549257620246255,-0.020257878364626055,-0.9747488092473963,0.03477174898085984,0
0.053841519883884484,-1.017307792023385,-0.12156013195087677,-7.616317259342134,24.051328227527357,-5.056434262861116,-0.022356161433080682,-0.9736382532347806,0.03618554282891781,0
0.05215563029592998,-1.0117112656722438,-0.12127725659066665,-7.889063703483301,23.349709698837284,-4.529289257874081,-0.025327185385648425,-0.9720284408818705,0.038735707660617645,0
0.053594834985050355,-1.0110411843426943,-0.1178586431989216,-8.176877109535823,22.667423236531782,-3.972000404067522,-0.027751687449822288,-0.9714372996774948,0.04270126540199933,0
0.056669881211784186,-1.0175365858901875,-0.110147809499369,-8.454975547949672,22.010263705665448,-3.428723534435326,-0.029170856124260514,-0.9733647802181903,0.047801791464935496,0
0.058638997736340744,-1.0276400330800974,-0.10342517015870137,-8.616013792866198,21.406524979037265,-2.9727890987215217,-0.030013354623048282,-0.9777968893813849,0.052378706355179286,0
0.05917497519469954,-1.0355895382772453,-0.10316148590667559,-8.533601041399917,20.888091719976604,-2.6563318564604166,-0.030009023768604558,-0.9836915394888539,0.05415575790018972,0
0.06020290451694504,-1.0387685835993308,-0.10851991692032402,-8.17560923140281,20.46071505472202,-2.473891554052266,-0.027441813806198194,-0.9901459212106497,0.0522410070593123,0
0.06313334293005547,-1.0391002476583564,-0.11457609035876104,-7.639356007036259,20.10691834653827,-2.3844506234975755,-0.020760949437464704,-0.9960719217786674,0.04804062235580372,0
0.06788816663779197,-1.0394555610977483,-0.1187001008061581,-7.064929888839738,19.817840657729487,-2.359329457921783,-0.010950350552908853,-0.9997780856892645,0.04401765974419682,0
0.07416803938460051,-1.0402651632340827,-0.12180668259159481,-6.526672040074217,19.606450937649456,-2.38632193602373,-0.0014020316027200468,-1.0003619319401138,0.04166138746425879,0
0.08210747079172952,-1.0406054376742095,-0.12445091950489061,-6.021057971947025,19.486475705719453,-2.4384834540777054,0.005189592192454565,-0.9989713475272101,0.04063335020047258,0
0.09111693184261507,-1.0406072024532569,-0.12499858515525566,-5.539360055626236,19.45271484967186,-2.479605727364456,0.009091971009636053,-0.9974467213598023,0.03960533447132734,0
0.09872257502515626,-1.040440176509778,-0.12284761458932435,-5.108298977046669,19.487643308488,-2.509105286017208,0.012018534312243928,-0.9960083673554316,0.037621019153353766,0
0.1018800661448906,-1.0384583165473864,-0.12114769852227833,-4.747020857309033,19.579807202581605,-2.5686340960305536,0.014479300792201784,-0.9933615988670405,0.03476001220623524,0
0.10044001318365645,-1.0332152739229241,-0.1234860212813382,-4.428222687600196,19.73284477345472,-2.6879623104197243,0.0159796619196126,-0.9889643165546717,0.032014094494926475,0
0.09843732583671752,-1.0263480823790065,-0.12870591592931382,-4.12544406841873,19.95805582479404,-2.844504019599753,0.016915273813299287,-0.983980337955071,0.03059919232624521,0
0.10011472017067422,-1.0208465234588573,-0.13207619382655883,-3.8747245154771486,20.254048588221803,-2.9897929515109256,0.018442146771629173,-0.9796728681795527,0.030734507133121508,0
0.10497204769862932,-1.0172305997140856,-0.1315690927801066,-3.731713986372988,20.591726837738094,-3.101008583914481,0.0205945832011749,-0.9759569117999548,0.030862826823905263,0
0.10875587681535881,-1.013807965046232,-0.13020796630752945,-3.6706635268605825,20.928574339246243,-3.193330662960339,0.021951444503708038,-0.9720810138712737,0.028886423265180435,0
0.10910363682693304,-1.0100741049827906,-0.13163862349288966,-3.5890148763615013,21.244804427903986,-3.292285360179402,0.02145422139345139,-0.9678740743831648,0.024799907515886448,0
0.10770577497099769,-1.0074558123598147,-0.1353604893868733,-3.439757638871742,21.558312363840844,-3.4071619026469,0.01969709692508879,-0.9639811201270502,0.021442876741273743,0
0.10667421476910752,-1.0068888002875465,-0.13736516143275426,-3.3185171884833062,21.894401627951517,-3.525112504023755,0.018051321563853088,-0.9616362236061549,0.021668093868149017,0
0.10549747993256373,-1.0077808007542837,-0.13502955428979077,-3.371975347609196,22.240166505625236,-3.621352747151619,0.016984462195547386,-0.9619529761574531,0.024921225353017065,0
0.10254926723986726,-1.009271856804299,-0.1307644062925337,-3.6169155539315776,22.533726951886976,-3.680752748912139,0.01556708049086768,-0.9643828119925256,0.02756283698793869,0
0.09757770898180372,-1.0107875269579782,-0.1299336166934604,-3.887694545524165,22.703916693610807,-3.713894985462442,0.012521147925870935,-0.9666508008203837,0.026861163024688724,0
0.09185414044757843,-1.0118055636613332,-0.1347054551440048,-3.993787496671846,22.720817049020614,-3.7415792330787236,0.007776084525509014,-0.9675841558555156,0.023886026374478623,0
0.08716909561423808,-1.0127329930362563,-0.14119391932980666,-3.908021641961997,22.603038481956983,-3.7626253162336303,0.0029680451980181933,-0.9688438747791784,0.02181006828574793,0
0.08464393755770279,-1.0153895676846085,-0.14364874097193692,-3.767730486838675,22.38312325069543,-3.756080916067787,-6.87583076633864e-05,-0.9724061597063132,0.022140840807016383,0
0.08332078636013018,-1.0208663438349563,-0.14028211111463607,-3.7203119809416205,22.0828463931372,-3.7172296176957835,-0.0014345293195951528,-0.9776916963950983,0.023916791951719342,0
0.08061540931754624,-1.0271101237760034,-0.1340691447203684,-3.8100062960854606,21.716609038885057,-3.664176048056562,-0.0032128739349509714,-0.9824412761712623,0.026103980798176205,0
0.0753681540181082,-1.0303408134650516,-0.12897098155838385,-3.9823498166906792,21.292520957393503,-3.6014957674847525,-0.007145769290233199,-0.9851479715461189,0.02885662311686135,0
0.06953591754137514,-1.0293930896225088,-0.12626386159887934,-4.13704082023142,20.805577606403965,-3.505361718245171,-0.012595225640629084,-0.9858328807947992,0.03203429897011053,0
0.06587127067949283,-1.0272047503797168,-0.12406529675474391,-4.179056865722832,20.25012054962892,-3.3551013865883923,-0.016866930102099317,-0.9855166837565438,0.03427256737440264,0
0.06490611391375889,-1.0271085554194954,-0.12018598208489002,-4.064365689621472,19.644274332746434,-3.157913840983496,-0.017453983003313515,-0.9854147437648033,0.03475440937486966,0
0.06520570361003662,-1.029145767817899,-0.1153586285528587,-3.818840911147661,19.0248290111327,-2.937127587788035,-0.014415565618155827,-0.9860135685109584,0.034839078342443236,0
0.06579836569358852,-1.0311141523136766,-0.11272395914547736,-3.510795680907542,18.409690678152703,-2.716773599295064,-0.01084811883459344,-0.9866835196882665,0.03636603667667524,0
0.06703153085563852,-1.031604712925982,-0.11393607358108243,-3.202616774997424,17.779239371568362,-2.522532295280315,-0.010274906114644523,-0.9863709169680243,0.03877269442790904,0
0.06905748387413019,-1.0307586394719455,-0.11739676599742313,-2.925880339667954,17.109138506622994,-2.3766005806401735,-0.01293559345731172,-0.9847709771038354,0.03960502663852448,0
0.07074402853033629,-1.0293326271823535,-0.1210248068910091,-2.6936186244379394,16.41482249424848,-2.2771311163498074,-0.015334994129207415,-0.982863838749625,0.03797654360447668,0
0.07093782325778586,-1.0279511353422144,-0.12486656590501258,-2.5235593931587252,15.744782070454052,-2.1925801132967497,-0.014152743800637897,-0.982063309160147,0.03580889985385006,0
0.07034848120825035,-1.026583249524002,-0.1294856989349991,-2.440280293087843,15.128522146278693,-2.0925832032919707,-0.00987789302671357,-0.9826116502736307,0.035129449513975834,0
0.07104641914561399,-1.0247148043577612,-0.13319529179011738,-2.453110415421843,14.553344470429536,-1.9845213793209646,-0.005731358197902141,-0.9832221000304073,0.03564062310261383,0
0.07353326538733441,-1.0224044085832482,-0.13303656162572067,-2.532258126874079,14.003348140280018,-1.907791844529393,-0.0037471063921935156,-0.982618238679796,0.03566226522623895,0
0.07523927125852517,-1.02031776734131,-0.1284313939994517,-2.609563943910681,13.497718994437509,-1.891254866913212,-0.0032353571532356177,-0.9808492239065538,0.03427666228857698,0
0.07345457782950482,-1.0184538390052478,-0.12247856448240815,-2.6201086275818977,13.066660140873918,-1.9285461083585582,-0.0028116292183872726,-0.9787260848474544,0.03188117507802365,0
0.06950546995801671,-1.0162855826429518,-0.11940164683705284,-2.567444786587058,12.70177853491304,-1.9942243889910827,-0.0023250946936314073,-0.9766810798720663,0.029624409223439122,0
0.06801509001249234,-1.0144017340770524,-0.12119247801290804,-2.548501797301513,12.352829036237514,-2.0638056523128876,-0.0022616966197450115,-0.9747404951408734,0.02892422633390889,0
0.07151245096165497,-1.014256931095269,-0.12623864768915166,-2.6811902757436266,11.969047631292925,-2.1126805605781045,-0.0024820650904489013,-0.9731261154645977,0.030585921236157727,0
0.07767748509884076,-1.0159810746360425,-0.1306098188593737,-2.9754485748882775,11.530653342533101,-2.1219349536734735,-0.0024155893455068697,-0.9723642346025838,0.033619923029677555,0
0.08268869890817214,-1.0180651538097794,-0.1314304595723837,-3.2841004379064005,11.04885323211619,-2.1042902731787936,-0.0017489649934559048,-0.9728640271682824,0.03570392498018007,0
0.08537653164664406,-1.0193828775849907,-0.1296860254142127,-3.4159102706841726,10.552701060385974,-2.107922893069577,-0.0002966822226304187,-0.9743404215966547,0.03547790457826513,0
0.08692217519214789,-1.0200350110992522,-0.12881290595769027,-3.309415050310655,10.076520673697768,-2.177892270139276,0.002102963746151154,-0.9755558969828081,0.03371727508384279,0
0.08816364453416263,-1.0201746814575972,-0.13004485231155027,-3.0784292318439594,9.647416174914557,-2.3214377754577384,0.005096295169868656,-0.9750548733728432,0.03201668722071319,0
0.0888806439530181,-1.0194672447466635,-0.13075968078038377,-2.8840857907958175,9.27518644939845,-2.5129020542839275,0.007889487103798215,-0.9725715461853699,0.031265240444962476,0
0.08891190800412353,-1.017997130776623,-0.12830928308904174,-2.7903038425827953,8.9501338092064,-2.715078829757871,0.010195004990485606,-0.9696174036094696,0.03155022495259671,0
0.08868075659110503,-1.0167973221981172,-0.12378490848693752,-2.756836595923485,8.648574240200395,-2.8897972633663276,0.012530235061786814,-0.9684107732476571,0.03255369723378018,0
0.0890833507642722,-1.0171887676386937,-0.12078113638661903,-2.7318041737406458,8.34541782569689,-3.0065467238074848,0.015217902501635712,-0.9699510369434303,0.033784273925937844,0
0.09134201611282847,-1.0197325477306047,-0.1214144574566275,-2.7011401403277966,8.034588581762428,-3.058931771358992,0.017605050940654707,-0.9730360471893533,0.03496073902368194,0
0.09595956661427499,-1.0236917283628117,-0.1243194916007073,-2.663332368942339,7.740626629844901,-3.0688516710090634,0.018750473698974642,-0.9755209852549583,0.036126219993613644,0
0.10141658317692868,-1.0274701176929315,-0.126025849908232,-2.615333755112647,7.493177040940556,-3.06154973228717,0.018560662951011705,-0.9766923465152795,0.03710430644196929,0
0.10492238932366249,-1.0294707660554705,-0.123980743013542,-2.578040888309934,7.278007007048988,-3.0374447266914073,0.017755247519600073,-0.977773806520445,0.037297191682298836,0
0.1045766033104422,-1.02866110980085,-0.11894626619614045,-2.5956432091685713,7.030389908736386,-2.9781153706101526,0.016822805999672785,-0.9798073552303891,0.03648180981298557,0
0.10022772910906408,-1.0253720574101328,-0.11510948506114606,-2.6875913254587647,6.6983473749558105,-2.8782052864670917,0.01548630328720057,-0.9819484990085304,0.03535508651734478,0
0.09338128167016478,-1.0218439825391297,-0.11695481944416226,-2.821534838693817,6.302339543164333,-2.760913382324535,0.013365352662405922,-0.9825533097094913,0.03475084805989439,0
0.08739271987605414,-1.0204306677076909,-0.12470596154762865,-2.9495451973021263,5.90831408286707,-2.6590465479761543,0.010729893702171258,-0.9812548534245537,0.034660239368707525,0
0.0857821161787054,-1.0206991226097446,-0.13346454757838613,-3.0582122197790396,5.546631724543791,-2.5840708044669816,0.008210795972892405,-0.9792100588701118,0.03453156528424358,0
0.0883046220140587,-1.0199325431819355,-0.13790013587044422,-3.1706655854084795,5.184261033892939,-2.513823566776539,0.006173248107895165,-0.9777428381998312,0.03419972475014626,0
0.0903458219124395,-1.0171500387507335,-0.13684514288294947,-3.3081413028383935,4.777455797840872,-2.411374892953532,0.004759384956497045,-0.9772942952684666,0.03392837188833145,0
0.08829115025040339,-1.0150047287822301,-0.13278282124587623,-3.462578939625135,4.320817503687061,-2.2615314270655436,0.003979365427264394,-0.9773335098269479,0.03370403959120466,0
0.08401526346631237,-1.016545523094151,-0.12886882360007723,-3.6059404154543415,3.8325142318010132,-2.0912083846883434,0.0033347331247769586,-0.9769393271982256,0.032985537858680775,0
0.08204351143187302,-1.0210172171551408,-0.12747408956460105,-3.716939565305831,3.3184390831758623,-1.9502840732859037,0.0019960397098720225,-0.9757707081159819,0.031174330714319697,0
0.08352942913691334,-1.0241422329300875,-0.12946616222367424,-3.794281267154328,2.7728966466845235,-1.8685871007609411,-0.00013875374260506062,-0.9745308661594652,0.028270883032867494,0
0.0851938239970214,-1.0224765365891253,-0.13330109305182491,-3.848659760385498,2.20182393042219,-1.8287909669600866,-0.002046630230164907,-0.9740841028492536,0.025239817490967733,0
0.083917275409668,-1.0167805137361934,-0.1361145721217094,-3.8897406923680498,1.6267835408673583,-1.781334733237508,-0.0026747909761848077,-0.974259355226745,0.023562537374035297,0
0.08074812690488853,-1.01115269448323,-0.1367427876689737,-3.9228230442510323,1.0683580941790731,-1.6907700091671625,-0.002088058554185663,-0.9741154444838608,0.023997204162724838,0
0.07966020129273474,-1.0094040583011203,-0.13640371956423147,-3.9524014172709507,0.5363036632017872,-1.569052472618353,-0.0011702786390576975,-0.9732979186724633,0.025804050843079417,0
0.08274172735992423,-1.0122257983506397,-0.13578451628683927,-3.982744177227479,0.03751570441844189,-1.4594260820574583,-0.00047703932627431904,-0.9725315133809792,0.027491384544918843,0
0.08747981415267969,-1.0171891190664752,-0.13347060388555765,-4.013698481594239,-0.41595774179680683,-1.3905813481676745,0.0001999024759221422,-0.972763212476764,0.028303069990584843,0
0.08939932746178138,-1.021066630192861,-0.12878530520335876,-4.037810901973821,-0.8172351712718993,-1.3543704186157255,0.0012612421207849893,-0.9743061967115397,0.028777345800363206,0
0.08692237938487764,-1.0223717222404451,-0.12439503198306333,-4.044104529768982,-1.1775480935786171,-1.3248234403595005,0.0027671366789690645,-0.976809183466324,0.029822673373710265,0
0.08278238167044617,-1.022055328114055,-0.12378634280506387,-4.026523165643835,-1.5111592599779569,-1.2869051330507424,0.004620498870006413,-0.9795271801617356,0.03143782408489397,0
0.08098452431088492,-1.022106112260475,-0.12719981317814902,-3.987770474792831,-1.806146377304574,-1.2438077436499078,0.006847759991085332,-0.9815523196086552,0.032583650740721136,0
0.08324073158225274,-1.0236705016670582,-0.1320700059609801,-3.9354221340950235,-2.030222604630196,-1.20603472998015,0.009196206421451008,-0.9823089640947947,0.032240031017184284,0
0.08805906712194926,-1.0261896361916691,-0.136178311765564,-3.881184473851958,-2.1724002007637795,-1.1809365213749814,0.010714969092195348,-0.9819595069963135,0.030302667643448432,0
0.09250594529337579,-1.027939261219298,-0.13857074957308962,-3.8447139643851043,-2.2613861194548956,-1.1656753227207477,0.010581797673184063,-0.9810337256023707,0.027575787936086765,0
0.09488684624561748,-1.0275764498164761,-0.13920188089278923,-3.8432282565724485,-2.3345516821732435,-1.1414093754110222,0.009492583110363441,-0.9799065074446105,0.025216090066369806,0
0.09588527470855127,-1.025361724858622,-0.139315578739395,-3.8691930722697223,-2.404575888611263,-1.0843701118855769,0.009375851181693349,-0.9790249809956544,0.023978978716969787,0
0.09687287141121309,-1.0227320831635274,-0.14021759979232115,-3.8916723106752764,-2.468123161805369,-0.997533767952862,0.011191500435695065,-0.9790436614960193,0.023681065257179126,0
0.09750072529712887,-1.0208033398524592,-0.14089724331990694,-3.8865524584367277,-2.535980692111229,-0.9222742449824983,0.013590086786886635,-0.9799633211651175,0.023561929644500268,0
0.09612566519022647,-1.019671782154986,-0.13956224736809614,-3.8499973775508947,-2.6373426432214586,-0.8991690714380056,0.014418591497517154,-0.9806149802517459,0.02324506882881667,0
0.09281040909916077,-1.0191764736423012,-0.13797399776935168,-3.779007627344622,-2.7914196555602784,-0.9207206369757779,0.013118240680958305,-0.9798376359181913,0.022995840673009305,0
0.09018441592066971,-1.019635997841674,-0.1404373156017899,-3.66730115459122,-2.9856209900257626,-0.9401058010427985,0.010918810967564101,-0.9779285714268519,0.0230339989616345,0
0.09006793854662104,-1.0210211366183706,-0.14682743233997173,-3.5389369799019397,-3.1897859255325973,-0.9247767198576304,0.009139858952443045,-0.9762766689176205,0.023108220582405622,0
0.0907229553537419,-1.0220404131167586,-0.1506210926156118,-3.461363448396737,-3.38602788820234,-0.8839482774060867,0.008126575149360037,-0.9756702804545915,0.022900172302629425,0
0.08923578765731938,-1.0216227291258733,-0.14715109517272842,-3.4933929298780866,-3.576983939837957,-0.841647476605215,0.00749027108410544,-0.9755670280416896,0.022429707833647252,0
0.08555457273349364,-1.0206874849827214,-0.14050976600702328,-3.624325628217628,-3.7702782272937037,-0.8021782369000302,0.006697002438105697,-0.9751883873932783,0.021906509669303117,0
0.08241434961997707,-1.0203314735617788,-0.1379766863196942,-3.7846065654289625,-3.9645091066734577,-0.7541874547616825,0.005664510983126189,-0.9746826518942854,0.02153859337212308,0
0.08193509701206853,-1.0191728415295132,-0.14019552074322245,-3.915449106042366,-4.152821839031925,-0.6958896127067085,0.005097114583089862,-0.9746061834395383,0.02157548076214942,0
0.0835531619000286,-1.0153911740539245,-0.1418607613740704,-4.014198456477721,-4.337355008428622,-0.6379658012741786,0.005761094093567657,-0.9747584544080322,0.022113094702621967,0
0.08493384782068915,-1.0108255302262048,-0.140606147169121,-4.110921243608303,-4.53072141546798,-0.5844798136549997,0.007181332475003344,-0.9743917684118117,0.0227121200407495,0
0.08448638345019067,-1.0098502543255747,-0.13989633961439513,-4.212724899110635,-4.73264360902009,-0.5277459572479628,0.007756288705312894,-0.9734344771385263,0.02264325042767845,0
0.08320570628751732,-1.0138668491773808,-0.14291162300647936,-4.283170729562187,-4.912492159002878,-0.464101670282728,0.0065871688646637555,-0.9728226935661175,0.021742503912611764,0
0.08336610422068484,-1.0193851152271305,-0.14791306673224994,-4.283000298178854,-5.035037867887805,-0.40044248270378136,0.004443842227222376,-0.9734503584965912,0.02070578980323614,0
0.08495021068732053,-1.0222065768626099,-0.1509195575424499,-4.226519898730467,-5.106496971738647,-0.33997906111655785,0.002423037651786697,-0.9750372758474475,0.020345100077994217,0
0.08507044856501664,-1.0216479651578172,-0.15015010724492947,-4.183387847965194,-5.179922764298947,-0.2721648330443708,0.0005627894521770865,-0.9762787121701808,0.020789424877789116,0
0.08216465277515785,-1.0198826576491735,-0.1466432408185694,-4.218556078330685,-5.308815420500218,-0.1837460508692462,-0.0014508883149273082,-0.9761541235535398,0.02150587128639982,0
0.07892323683640577,-1.0187732699743033,-0.14241634590084526,-4.338432036276142,-5.502460050797694,-0.073233110251541,-0.0030253453930434797,-0.9748718782013661,0.0218618382316892,0
0.07910455263836799,-1.018611109464402,-0.13909823501920995,-4.495828471238692,-5.72944304464791,0.05235060739900882,-0.003144604116570028,-0.9735193302575995,0.021585028253843834,0
0.08258663025678442,-1.0190095501012242,-0.1374822963130842,-4.630880175378667,-5.959065991969367,0.18870696248774677,-0.001926280340378426,-0.9730983145000657,0.020852207038240797,0
0.08560129126796093,-1.0196029593975664,-0.13775957560254912,-4.701677709188496,-6.193894504172254,0.33193799070066204,-0.001093726635388453,-0.9737800493604389,0.020056042671818267,0
0.08536015577369183,-1.019906839806213,-0.13985078925706895,-4.696015051789018,-6.461531807866241,0.46845718988080354,-0.002663644774435842,-0.9746806748231627,0.019514553392236747,0
0.08240162283255396,-1.019519234780358,-0.14294738328564544,-4.635692025555163,-6.778870554483668,0.5789771213351343,-0.007027100300445262,-0.9745765680165049,0.01930827203581958,0
0.07834745834017909,-1.0186997260139954,-0.14527695661799972,-4.569045802215517,-7.127870728839938,0.6529959376481599,-0.012446940802725527,-0.9732297644413049,0.019188902226772154,0
0.07363836622532405,-1.0178707208156306,-0.14564702956918857,-4.5431237311544015,-7.4649298972478695,0.6931311794697759,-0.016734697084472165,-0.9716869774929326,0.018773532634617993,0
0.06851923421720511,-1.0165160388989456,-0.1450152818834075,-4.5704126608553075,-7.755335412465523,0.7108115839760474,-0.01905122625345139,-0.9709440722260683,0.018178728408280352,0
0.0644223662689056,-1.013797930602293,-0.14512624792044923,-4.620323049535532,-8.007532345239527,0.7250446355471851,-0.019726224193868925,-0.9707499709387124,0.01817200385629905,0
0.06248176900582309,-1.0101587488771302,-0.14567876371682076,-4.644048584723146,-8.276195204026484,0.7565826485947228,-0.019347319997601725,-0.9700950677355092,0.019139504106577346,0
0.061393210725020436,-1.0069628263622192,-0.14464385202513738,-4.608788873964387,-8.619761793874709,0.8153748165619119,-0.018996396217984747,-0.9684937994591806,0.020284611392515167,0
0.05867507063099017,-1.0050407396809709,-0.14184274194949503,-4.5156370266668,-9.047553427304742,0.9016854591876952,-0.020344724539060777,-0.9665044723416165,0.020549621387790838,0
0.053951926869437394,-1.00495115538839,-0.1400347405250514,-4.396958280707516,-9.516770511314807,1.0226553169616865,-0.024099613961961665,-0.9653716016820912,0.020006596782721806,0
0.04922587823767101,-1.0076297160940109,-0.14101779957746524,-4.3019126850823906,-9.983064190979317,1.1976529741684372,-0.028739353802469735,-0.9663263211697896,0.01969759130449052,0
0.04614024051992845,-1.0130529139200348,-0.14257274414871274,-4.2791124376786405,-10.437004821058133,1.4423514081611981,-0.0317404493337114,-0.9698013655040536,0.0204069330678483,0
0.04501329324672815,-1.0191663758081084,-0.14131672288169783,-4.358581093963669,-10.88160531377902,1.747981475100382,-0.03192518081001819,-0.9750881339469283,0.02218538580369994,0
0.04618819323962774,-1.023776427844505,-0.1370440765513331,-4.529642846227779,-11.292078907501065,2.072832953134941,-0.030192326999651232,-0.9808662747369087,0.024902395968687853,0
0.04988407600020514,-1.0270040605741995,-0.13196141167703065,-4.7278856759955925,-11.62052759586065,2.356770560245721,-0.028138796607325513,-0.9859504127948638,0.02867500759410515,0
0.054762414860578264,-1.0306190407398084,-0.12706142727678926,-4.861010980396158,-11.83856378589101,2.55437249276851,-0.026271697338752134,-0.9893902516802318,0.03344620201095569,0
0.058930822873610664,-1.034887287388327,-0.12204541848649232,-4.8679503004461315,-11.957152691796962,2.6555286193104926,-0.0236349192127144,-0.9903275346561091,0.03823730342977519,0
0.06262967193334765,-1.0369563443231047,-0.11790468938448323,-4.754779400362339,-12.002143139516214,2.669629589534932,-0.019075945070440706,-0.9884773179741078,0.04128282396435503,0
0.06819464063516553,-1.0335472412944373,-0.11667008525471956,-4.576880600258627,-11.989025241910591,2.5983323708613337,-0.012597003956375913,-0.9847488346091523,0.04136897677203129,0
0.07692954057274887,-1.025524747348685,-0.11886213188082578,-4.407982738418416,-11.928885970486105,2.439612750440581,-0.0053560230636647745,-0.9808644944705931,0.03898641156717209,0
0.08698274713772207,-1.0184116353381487,-0.1231536349791283,-4.33232308347892,-11.839819948144648,2.2174609057217562,0.001305765725293554,-0.9782657549084216,0.03588825488211498,0
0.09475922968128989,-1.0173655453332666,-0.1278590587354219,-4.428369484084422,-11.736217211922153,1.9876714191693967,0.006517995086442586,-0.9775601674865447,0.03356604998421961,0
0.09821178370308535,-1.022453516269382,-0.13140736096857247,-4.71299318602154,-11.614006620925348,1.8002126929422047,0.009889319141507355,-0.9788218497182856,0.03229269926322143,0
0.09841256938249365,-1.029599719968781,-0.13279137016055795,-5.093929514324795,-11.458026789605881,1.6599381046159412,0.011539268535424384,-0.9820190908359985,0.031463974811343345,0
0.0976946310199876,-1.035443643076296,-0.13303152689925413,-5.40229872090421,-11.264291927566322,1.531481740650472,0.01227589285484783,-0.986813194482323,0.030437743824133504,0
0.09676760441091566,-1.0400478418481822,-0.13487820894092173,-5.496884233767867,-11.053750954587988,1.3811086906433288,0.013149081174953893,-0.9918496415987663,0.028787315612849487,0
0.09459496808909705,-1.04444134988729,-0.13975283036173994,-5.352728938541835,-10.865643265920026,1.208837170368482,0.014338860576590345,-0.9948464761551084,0.02618214242371014,0
0.09094457304749401,-1.0468874664072534,-0.14575259638414498,-5.0619136873318284,-10.731914606428404,1.0379160977985165,0.01471661309825548,-0.9942062793059616,0.022785216764576826,0
0.08762670408168595,-1.0439836846192483,-0.14932364107956453,-4.7577181885159,-10.646565043228211,0.8793784614424699,0.01296930276523889,-0.9905226014163779,0.019694433754198055,0
0.08653852652649294,-1.0357812903101058,-0.14838147216023823,-4.5338198640190965,-10.556626360719978,0.7204105545997832,0.009213213469690153,-0.9859771490944944,0.01822496069435154,0
0.08751853057990489,-1.027242453010591,-0.1438329333847656,-4.4155192729645325,-10.393199886861952,0.5504324562083733,0.0051885886466613495,-0.9822672500995177,0.018598874395039575,0
0.08893215536770675,-1.023113110484574,-0.13886368497127577,-4.3809086858744575,-10.123802004135591,0.38314192617051895,0.0026704537113716098,-0.9795026856168882,0.019881195816713104,0
0.08956962015439728,-1.023144070789854,-0.1365769547324195,-4.391854308537329,-9.779950568346248,0.2414315095972188,0.001866187270797781,-0.977109897594866,0.021329733045813568,0
0.08928246291471617,-1.0237412250981615,-0.1373482892498909,-4.405884084224986,-9.434788785463944,0.12972206727946228,0.0015707058507984898,-0.9752588365336654,0.02327045463616463,0
0.08851368283375187,-1.0225808697353846,-0.1385346935809633,-4.377342660946713,-9.15245533597862,0.03533112818109836,0.0007558842560124369,-0.974858585119249,0.026391442827790774,0
0.0877368684624446,-1.0201001372331635,-0.13721213388850476,-4.272435002377407,-8.952514465242137,-0.04287405775193164,-0.00027504795800073446,-0.9762187155666435,0.03057157359540697,0
0.0868060986322475,-1.017880233068347,-0.1325793139183792,-4.094892331807572,-8.813522165306072,-0.07864137684513599,-0.00039382816178158464,-0.9782107277946075,0.03467957356468555,0
0.08505196601959782,-1.0170787067404123,-0.12573909196864352,-3.8904113942664154,-8.70443535454188,-0.040199243190178036,0.0009809678166681217,-0.9790017583153102,0.037374733181888005,0
0.08292045212429476,-1.017633937641474,-0.11878774156160145,-3.719732829483357,-8.612527603419071,0.07249128466843245,0.003397044736376219,-0.9775897666827651,0.0380177608144072,0
0.0827745398254737,-1.0180848462701828,-0.1144795923907017,-3.625302878976469,-8.544433163767017,0.22019729386393402,0.0060566641766947975,-0.9747071489905255,0.036908468563583645,0
0.08649338094853753,-1.0168869329850934,-0.1149696388545145,-3.6111158003550874,-8.50425174970763,0.3596344153613684,0.008427475389293546,-0.9723233168333809,0.03486923881376476,0
0.09278672179629344,-1.01443898351895,-0.11995195513078293,-3.6420272470293007,-8.476653793867785,0.4806151044013912,0.010234403397407006,-0.9719987048048864,0.03281188733772002,0
0.09845202042702621,-1.0131543515980692,-0.12679298490996896,-3.6726783025877157,-8.435170647364968,0.599679992492093,0.011395296674193615,-0.9733585445664431,0.03144242689543141,0
0.10182105530887606,-1.0151903160673985,-0.13253435198413016,-3.692477105739794,-8.36037443761842,0.7239507453142773,0.012014248473833953,-0.9744372118845496,0.030934090379707624,0
0.10351205899917588,-1.0203485638763456,-0.13524502714160672,-3.7360693862829173,-8.242677999589361,0.8374740179174,0.012173355651102958,-0.9740295817195177,0.030943548730537316,0
0.10428022598283537,-1.0258380563549219,-0.13464097154580337,-3.838128981406901,-8.077612416546886,0.9188291142090814,0.011929300590201591,-0.9733227612918416,0.03099245401472275,0
0.10370780128022666,-1.027779254451588,-0.1328232619372386,-3.9844365096580456,-7.872648563152126,0.9505022616952379,0.011686466971574914,-0.9744780770337577,0.03057595732865408,0
0.10128593746346257,-1.0241743701538786,-0.133139405013498,-4.118954903864909,-7.649046084094376,0.9129234167683395,0.012021526909943321,-0.9779531213332098,0.029191705104972845,0
0.09799083327018081,-1.0177946061045995,-0.13654788502687792,-4.19529670732297,-7.417407558991647,0.7964209495272239,0.012830967534184227,-0.9819925511175593,0.02682768621381314,0
0.09588317408676861,-1.0149903324795189,-0.14001671587493908,-4.2093856131464795,-7.156575022165845,0.62507975670068,0.013336401020521183,-0.9844855738293413,0.024304218288449406,0
0.09557057978396434,-1.0193637394351318,-0.1400322883345911,-4.1820463955777445,-6.837733545300721,0.44726015871640235,0.013200749125677659,-0.9847201208743412,0.022835439060110693,0
0.09487780106763388,-1.0273050499889236,-0.1369929180272582,-4.12374491447075,-6.471320091939016,0.29413216042407153,0.012786140591407017,-0.9836290346590452,0.023187136911992545,0
0.09151103045006682,-1.0322232472452264,-0.13470103741722333,-4.0236865727450395,-6.113226730841401,0.1593867956924894,0.012119024130830991,-0.9828215279717877,0.024947142825372276,0
0.08647745488135383,-1.0321516043889152,-0.13567293565832586,-3.8669032174146905,-5.816867966095733,0.0219965072998965,0.010692224850918928,-0.9831336408909683,0.02653321034749841,0
0.08317004417213784,-1.0302287077002539,-0.13819832905488275,-3.6574273698656317,-5.586698324934967,-0.12258732479247447,0.008679871048266796,-0.983883560885026,0.02658543363017846,0
0.08377100971467587,-1.0291491182560786,-0.13868581239673247,-3.425080381194138,-5.384087318952265,-0.25672321051903296,0.007305140336445571,-0.9838536780239141,0.02554621502507251,0
0.08809421408685122,-1.028969840892256,-0.1362332036294611,-3.20556998808841,-5.173212271413253,-0.35760885096928646,0.007305461267803385,-0.9829563734637274,0.024958951389301126,0
0.09442942739863293,-1.0293292644012626,-0.1335041018643145,-3.0120665029190636,-4.954817968516132,-0.4168424715416487,0.007651132986649694,-0.9822118315901448,0.025025726669591426,0
0.09948417950442585,-1.0299338060252785,-0.132953687373191,-2.8320007049882174,-4.757080570607499,-0.4471749901091693,0.006537807974642802,-0.9819754346439855,0.024214514991991398,0
0.09935813709434423,-1.0293770017119395,-0.1339719041224343,-2.6527820642348954,-4.600710147823712,-0.47164016305875717,0.003507212964198162,-0.9812248937843708,0.02182262647441758,0
0.09333140820960509,-1.0266579434845384,-0.13462811872949607,-2.48358307123095,-4.477942966368892,-0.5040145392576452,7.657367032800499e-05,-0.979157331758002,0.01953034146820973,0
0.08571960098214175,-1.0233231033127694,-0.1344900130785555,-2.349923666157382,-4.365057165772141,-0.5381572336484236,-0.0017813781481130066,-0.9765077072544809,0.019514782468236427,0
0.08174906445541663,-1.0215798321674863,-0.1344265392973099,-2.2732982006188744,-4.252205595322872,-0.5561022191777524,-0.0014492043565201833,-0.9744789626055872,0.02188486509991158,0
0.08210577897690963,-1.0211455439199622,-0.13472857728436924,-2.259559367270606,-4.160469066558946,-0.5473434117202555,5.431293723674617e-05,-0.9732539760662671,0.024655554818330525,0
0.08316495340773612,-1.0201964047730787,-0.13456358023147533,-2.3024912421479202,-4.130225613722135,-0.519695872557013,0.001090847182202338,-0.9724964408327561,0.025829272572014478,0
0.08201753298586292,-1.0183476004242622,-0.13322342958421254,-2.3918913991883706,-4.188472999228986,-0.4874719045427361,0.0005302237871578006,-0.9724690999952403,0.025270590024687158,0
0.07927345359681284,-1.0163649926576708,-0.13152311994648372,-2.5160575747380043,-4.322791720876246,-0.4476534796109248,-0.0014991898359324682,-0.9734415759754683,0.02473699624511094,0
0.07672920304043779,-1.013772425004495,-0.13124629404628416,-2.6607285941257746,-4.49012774856637,-0.37421332630208953,-0.003626704713890057,-0.9745008583675834,0.025940157012346435,0
0.07454824664541815,-1.0093771762787926,-0.1327356176397194,-2.811094663002238,-4.654674441943989,-0.24285349269037937,-0.004512290997423726,-0.9742556554806612,0.028576155052460934,0
0.07214476082003766,-1.004363992011785,-0.13395287327457564,-2.9550548187875525,-4.812900435724397,-0.06089743746154315,-0.004353406446738323,-0.9727029008132037,0.030748840219585283,0
0.07009511131040794,-1.0024206369672528,-0.13281528409860605,-3.0833579574356187,-4.978647618455549,0.1301663112114802,-0.004648312975887138,-0.9713683649420896,0.031255111114268624,0
0.0692394735299467,-1.005377087752933,-0.12954587799031836,-3.1900251205445933,-5.151535160823774,0.282082759950141,-0.006297888393756768,-0.9713816212967873,0.030692734870476843,0
0.06902835005811807,-1.0103874745186723,-0.1257493575925371,-3.275248425151181,-5.307040286461335,0.37018510257557596,-0.00839907329189771,-0.9721741847005038,0.0302896207393427,0
0.0686719995714759,-1.0133203376654698,-0.12236685758579284,-3.3462611332123218,-5.413093211981021,0.4001138697597462,-0.009183599744437361,-0.9724556385619292,0.030485502481925435,0
0.06921010956396308,-1.0136600097651733,-0.12011638284179613,-3.4162151334688886,-5.452127524436411,0.3921598257984788,-0.007990408958290599,-0.971949349102416,0.03093890594652578,0
0.07242890510573015,-1.0138031638993543,-0.12089036338464003,-3.5031008069651266,-5.4329928369879905,0.3652076730659056,-0.006089111745693592,-0.9716214065225464,0.0312726790195753,0
0.07751412321949858,-1.0144982194562735,-0.1261389685335231,-3.62149076759273,-5.385592615098193,0.3307831962994368,-0.005393887423884492,-0.9723444753567956,0.03133873181913328,0
0.08049896242109382,-1.0138633017579928,-0.1335758873438598,-3.76637499765408,-5.339542499123811,0.291241834168004,-0.00641437673876134,-0.9738075807541774,0.03099879046291851,0
0.07847773925342216,-1.0110879984434054,-0.13792862473546993,-3.909407344796005,-5.306491523505663,0.242008247134862,-0.007783969470244312,-0.9748997266795117,0.03007396813827196,0
0.07378411102307283,-1.0085178939885164,-0.13648569852943346,-4.020579148508382,-5.283212042610881,0.18178228112262912,-0.00786523660960847,-0.9748935240722849,0.028658997831032942,0
0.07213718496942896,-1.0090004051639787,-0.13250539318852095,-4.09439131208543,-5.263274218291774,0.12085991294389521,-0.006446628346285913,-0.9740001784043175,0.027306491220069177,0
0.07620070116843641,-1.012849484570821,-0.1314968808938903,-4.150279398823759,-5.240555535218152,0.07524675227698507,-0.004693825998394132,-0.9729943166137252,0.02661527186583685,0
0.08236334493807403,-1.018256851977475,-0.13495774919067377,-4.206021340171935,-5.210498917801905,0.05418152611825507,-0.003744708971429859,-0.9725769278615488,0.026708874422086516,0
0.0845267925641132,-1.023028073410117,-0.13915308262945428,-4.253771400306887,-5.173685166343771,0.058439628722127934,-0.003617024720568574,-0.9728615301973323,0.027378622048160953,0
0.0804392958997928,-1.025028582976697,-0.13929000928277616,-4.268258246820153,-5.132313845021304,0.08780229831115531,-0.003413387662274245,-0.9733273477925991,0.02848712682656534,0
0.07420917850071945,-1.0228185756896921,-0.1337592889633445,-4.241287835832638,-5.083696886406236,0.13998124865494208,-0.0023812574067005763,-0.9735278727229196,0.029849584944771454,0
0.07269672434512242,-1.017664269803385,-0.12536719974113167,-4.200196570076028,-5.024376430753197,0.20235583201614163,-0.0006092566089321241,-0.9736293998077851,0.031002364143081815,0
0.07879722961989721,-1.0138075401213371,-0.11972368230497277,-4.182203640867025,-4.9565352300411964,0.25867714537889863,0.0012643837351995185,-0.9737955445279344,0.03150399088060838,0
0.08824459809596048,-1.0145225725825036,-0.12125019143903865,-4.194603769216269,-4.881840963646627,0.3080920493549248,0.0026973868628244386,-0.9734943385600168,0.03138538801533011,0
0.09388390319450242,-1.0181429470883856,-0.12904957709978357,-4.213362565366883,-4.793132062888498,0.36565136060945064,0.0034338282085167133,-0.9721557888698328,0.031187001988595867,0
0.09298310624116113,-1.0199929279131712,-0.13701305729220725,-4.2208640372019905,-4.680299703390027,0.4411073380754346,0.003421788937956668,-0.970300613302624,0.03157923677414109,0
0.08925690990177564,-1.0182008505650135,-0.1389507409693122,-4.226841194769241,-4.543388387921586,0.5265492082100173,0.0029487745249628205,-0.9694075744909155,0.03275582796471238,0
0.0875599650589127,-1.0154342824941567,-0.1339465160856522,-4.239385474560376,-4.395383282053372,0.6041879568734791,0.00270255148163153,-0.97059356866049,0.03402677949311927,0
0.0880514752186608,-1.0144504055700665,-0.12711761623018164,-4.228405029428489,-4.25061676814068,0.6582609428011789,0.003247467297971706,-0.9736507909743414,0.034267952273415635,0
0.0870763052777683,-1.0144189124652188,-0.12485221480470717,-4.143109616073622,-4.111483477650913,0.681337136844836,0.004325892066253146,-0.9774238565699207,0.03310462876685441,0
0.08310166430983185,-1.0134793731939926,-0.12838603091041148,-3.9733913320204923,-3.9683652714516553,0.676305374602963,0.004995436821630145,-0.9808130237198965,0.03152244465867584,0
0.07937315877328062,-1.012947365244168,-0.1329087891124482,-3.77657846720917,-3.810765098728774,0.6541019664573958,0.004716264581714658,-0.9830621521102546,0.030932936608931434,0
0.07997972265762664,-1.0158047254949925,-0.13379731205980142,-3.624340607272495,-3.634235539787514,0.6270080753482025,0.004066659161189321,-0.983529605514963,0.03159484614555519,0
0.08516459954451346,-1.0216528157619438,-0.13144703675411024,-3.5278522607387988,-3.4381850931287143,0.6002583875643003,0.004025127207746397,-0.9821627010612525,0.03236946884210812,0
0.09174238985006586,-1.0263431098169107,-0.1288261080372112,-3.435267565473838,-3.2232223523271784,0.5678695079008672,0.004779884384860182,-0.9801951816275741,0.03229840326567043,0
0.09679760259071657,-1.0269784274810272,-0.12750885374046603,-3.3037206566710853,-2.992057254150905,0.5185378140789539,0.005741852156718106,-0.9793671861159077,0.031859321057156505,0
0.09924509308355851,-1.0249235691682186,-0.12786631383465577,-3.152068304497982,-2.74904232255348,0.447336787395426,0.006503662077903472,-0.9800939503382066,0.03193861816354515,0
0.09847395008118373,-1.0231899385595655,-0.12993134068111206,-3.0343019369478212,-2.4959952844071767,0.35941920992763815,0.007080450023642729,-0.9810380200393511,0.032180786931912245,0
0.09417024127578792,-1.0228966324214663,-0.13163127089324841,-2.9772359955389702,-2.2315063569138567,0.26209428091898185,0.007285658206903422,-0.9807275480431631,0.03161780944500211,0
0.08851207207308108,-1.023668365385745,-0.12865716818141823,-2.9552002985880557,-1.961714041166479,0.15930730908185733,0.006707408367122438,-0.9790468687644117,0.030549438002069038,0
0.08596246322086291,-1.0254956330938605,-0.1194753693348665,-2.918109428718639,-1.7121896912436754,0.05738819519107846,0.0054559933574594615,-0.9770299286669105,0.030358920954292563,0
0.08828236126050547,-1.0277722548958008,-0.1095991480816675,-2.8372959085327114,-1.5167838931555617,-0.029817400355797434,0.004222541322660825,-0.9758586776238618,0.0315554904522066,0
0.09129322499070473,-1.0280417115627007,-0.10714329845441983,-2.726391427519603,-1.3861208480591818,-0.08824307611567395,0.003416056660101805,-0.9762051913773793,0.03319201102315704,0
0.0895781386897278,-1.0245459747879744,-0.11369346231860497,-2.6208852733925205,-1.294828453064894,-0.11484733845397688,0.002775592742878969,-0.9777691190421769,0.03419678077422867,0
0.08340260868246538,-1.0192317637839974,-0.12319794850896643,-2.5406637173017166,-1.2054261246898588,-0.11874114630882955,0.0018682083925763166,-0.9791221305794946,0.03432866457299766,0
0.07802348802819378,-1.0160171526900055,-0.13022246645592744,-2.4765946051064245,-1.0966804511547252,-0.11114580372086902,0.0005117543295313982,-0.9787585874317347,0.03380180270357936,0
0.07688328903818094,-1.0165455993705839,-0.13466300347841645,-2.4126772355183177,-0.968324308436907,-0.0926468973090845,-0.0011968513317086663,-0.9768902756932699,0.03285457766520197,0
0.0783781995277003,-1.0191369211081722,-0.13752773116724323,-2.353405414423945,-0.83277564333011,-0.05034104973828506,-0.0028512048319527163,-0.9756509141037328,0.03200975086962347,0
0.07938266314812321,-1.0215322442278432,-0.13737407985432692,-2.3188345471706,-0.7073024671052888,0.025659911637255336,-0.00383299033757189,-0.9767282394053834,0.03214920478046742,0
0.07948079035147818,-1.023284021297476,-0.13306608899476582,-2.3094377148169465,-0.6041277865767951,0.12022892960792807,-0.003679328208454758,-0.97909923884762,0.03376156992351022,0
0.08018848833558936,-1.0250917936466688,-0.12622957059492942,-2.2888179678776384,-0.5231475743982184,0.19682237685389128,-0.0022908157733841175,-0.9801317247865652,0.03618270173117777,0
0.08118213371727301,-1.0267980222193103,-0.11917413277330033,-2.2174737854256836,-0.4566675135554415,0.22898282812597714,8.200795969623984e-05,-0.9790225133165,0.03790141538176645,0
0.07998521950650425,-1.0272599732158156,-0.11333994037439378,-2.1010004055284144,-0.3982819216418735,0.22188087609374946,0.0027311712730579657,-0.9779773438410789,0.03780913650644631,0
0.07600401215981036,-1.0261525825883546,-0.11083249216036543,-1.9883501947671371,-0.34303473348489666,0.19863078699858625,0.0044962972964922385,-0.9792178543306385,0.03624461600505708,0
0.07252065093348913,-1.0248139562585035,-0.11414647593073116,-1.9169692300899026,-0.284473646880161,0.17149741384799874,0.004370129141182145,-0.9817661650361623,0.034743676240591374,0
0.07315185566204704,-1.0249720626489285,-0.1225104576345809,-1.8731182828758606,-0.21940336796769117,0.1312712726816982,0.002467562983487429,-0.9826903906254884,0.03453328126694069,0
0.07743606244175097,-1.027045840764754,-0.1307163784521813,-1.8174257718473474,-0.1520426557285093,0.06344717732307734,0.00033156199459441135,-0.9812583760158313,0.03531468503008335,0
0.08125916465243746,-1.0295396118035438,-0.1335000738459914,-1.7358659174789706,-0.08551252037691569,-0.026896079882229605,-0.0002630679281229901,-0.979980688611126,0.03585577395342677,0
0.08164973289004751,-1.0300351803298962,-0.13055686543087994,-1.6448268226017086,-0.014054085577862176,-0.1099458595975841,0.0008623114001047889,-0.9809817040721158,0.03560403889709935,0
0.08023553571146981,-1.0275528651997048,-0.12651385371200552,-1.5554879962595425,0.06667792095687544,-0.15863622149102094,0.0021006299718752943,-0.9830366901174895,0.035078377561678975,0
0.08099562730092044,-1.0241006149880596,-0.1259486165944532,-1.4620440499619136,0.1489400945943899,-0.18214304337338263,0.0020254493579142936,-0.9833182596062299,0.03481468228162265,0
0.08494695773799285,-1.0229542433053997,-0.1284252009216075,-1.3697234193987429,0.22533418667395053,-0.22067761202348984,0.0009553708845510967,-0.9809769988713879,0.03480925700486769,0
0.08864036364015063,-1.0250782394637723,-0.12881329525398072,-1.3136796091380294,0.3038968771882849,-0.301317539333918,6.333271710102692e-05,-0.9779035740071168,0.03503886938496101,0
0.08838285209663248,-1.0280005005507125,-0.12321487411714906,-1.3333174998674595,0.39517045414121926,-0.41027700284116697,-0.0004102985710405209,-0.9764842916062811,0.03567642232590409,0
0.08451393540106548,-1.0286895043328173,-0.11431672537638463,-1.422224972643209,0.4888647503577303,-0.5165870937268275,-0.0011881617643073237,-0.9772913259283682,0.03658819406763038,0
0.08051138774620227,-1.0270313604041852,-0.10983649079098484,-1.5069293278562992,0.5578245084976425,-0.6100580096884625,-0.0025476666400332092,-0.9787373361537869,0.03716474183221023,0
0.0787005445123146,-1.0255046960361625,-0.1152960978940286,-1.490565597074653,0.5859423742945852,-0.7018159756287319,-0.003915940786486188,-0.9786819724141846,0.03686966395589102,0
0.07805741896020937,-1.0252071353705638,-0.12822086956290718,-1.3341524725858276,0.5842535708677532,-0.79469386539933,-0.004941311911892589,-0.9764436458606552,0.03574772984559961,0
0.07644342330223174,-1.0236942396410795,-0.13909772252317457,-1.1012053421681598,0.5771172039241473,-0.8681478747708209,-0.00601353382264358,-0.9732591949938985,0.0342736811943276,0
0.07401776383307412,-1.0185078205045526,-0.13912862908525225,-0.9220146866523932,0.5745470333424716,-0.8944592232467473,-0.007410381854438977,-0.9708863399810685,0.03281292252573103,0
0.07297567602031516,-1.0120301252122317,-0.12914756864882407,-0.9059049018675902,0.5602631666365091,-0.8644600807408455,-0.008708668325599899,-0.970188551944436,0.03143566498753794,0
0.07400507997298879,-1.0100865762266307,-0.12035164846785182,-1.0683726447118587,0.510761254565292,-0.7969357406793416,-0.009327922509011263,-0.9711381838878352,0.03027793567061901,0
0.0751454255351634,-1.0150416311517365,-0.12332401100163062,-1.3259992454166085,0.42757587354393456,-0.7258877851944522,-0.009023285953082761,-0.9734122624580738,0.029793998658204528,0
0.07499014324157056,-1.022472093788715,-0.13603372164264463,-1.5618622769452246,0.34385215633104643,-0.679132407617475,-0.007745299251446412,-0.9763158021195173,0.030364980100730854,0
0.07485861591164342,-1.0259563198703963,-0.1456615353669483,-1.704588712565216,0.29339799159735175,-0.6657624266738262,-0.005653419924813343,-0.9785321289115873,0.03171667103284725,0
0.07634748118919359,-1.0236628789389446,-0.14299150366098068,-1.750630382080572,0.27923140864806184,-0.6794194889639912,-0.0033810413902774024,-0.978773876085548,0.03312761847546408,0
0.07858296744347734,-1.0189437636238128,-0.13160365493665155,-1.7247755597323609,0.27848235207699445,-0.7103404956455013,-0.001812497287418671,-0.9768719923579818,0.03446690323356826,0
0.07986180535974614,-1.015759686083288,-0.12159173594340873,-1.6452789897525923,0.27273083532673775,-0.7524855531279919,-0.0014331535014502873,-0.9740493963521937,0.03653318639583566,0
0.08065949968078764,-1.0152112214088886,-0.11829653231509508,-1.5344085676241772,0.2675737637292739,-0.8002994296829014,-0.001991434542974873,-0.9721617004863158,0.039696222694401186,0
0.08254921301180707,-1.0159905036116184,-0.11980278981821635,-1.432757597676983,0.28441032724997134,-0.8461896217730452,-0.002668726718478972,-0.9725548262304604,0.04265710031832081,0
0.08485971615629627,-1.0168213728518394,-0.1217399834987779,-1.3732859795219896,0.3357973516828092,-0.887995816872841,-0.0025482747921418,-0.9752110139280775,0.043660447641078695,0
0.08512057437766549,-1.0182497129966468,-0.1207746305868434,-1.348116393190312,0.40910668954680157,-0.932222620553321,-0.0012697422541415432,-0.9789318557790353,0.04286141567947787,0
0.08286363224153821,-1.0219856780659167,-0.11559761304356944,-1.3163281013904018,0.47529179620356,-0.9785257872790946,0.0005699961628929302,-0.9826599817012595,0.042356482062032595,0
0.08070650812603926,-1.0279454619998614,-0.108188483228554,-1.2312931677518706,0.5141177194410186,-1.0071702844682038,0.0018504926028487033,-0.9863345797443075,0.043505103735071354,0
0.08111409781068958,-1.0325873158028882,-0.10363142054305621,-1.0485008876051307,0.5301605026281865,-0.9969658654997952,0.001922129963445546,-0.9898844988883048,0.04494783699259743,0
0.08354141386758902,-1.031726026264804,-0.1062057686472316,-0.7383251444365141,0.5449795648454908,-0.9518278671115409,0.0011854737386628018,-0.9918843976574706,0.043888021376640066,0
0.08556312959017502,-1.025112659780539,-0.11522615646469299,-0.33094439338960047,0.574859808112535,-0.8959014088664623,0.0006805507485082942,-0.9903246679442973,0.03925290462247125,0
0.0860730792080345,-1.0171173328754133,-0.1256978183257386,0.06395480182492289,0.6178718481390763,-0.8469614310239068,0.0010104803845437105,-0.9848840169817562,0.03308384199316012,0
0.08623757717938739,-1.012703450652419,-0.13303744653347252,0.3240201075381518,0.6666628222570732,-0.8077924731808965,0.0016316053670753356,-0.9778324663692384,0.028529419211331942,0
0.08709249490346843,-1.0133809435916643,-0.13618662507691118,0.4076743224514544,0.7322670246898733,-0.7813957261162318,0.0014319977262914234,-0.972385541714628,0.02695175634318499,0
0.08732007456474565,-1.0167819882571278,-0.13623105115823803,0.3631174486288871,0.844112297344922,-0.7822106638046009,0.00013909153841369166,-0.9701949598057453,0.02749250865079407,0
0.08480443472185599,-1.0191460674476311,-0.13391731366087284,0.2578347774057145,1.0201511628269708,-0.825686164956947,-0.0011655670997175486,-0.9704387698556992,0.028879203796846362,0
0.08034472755873125,-1.0183636592527034,-0.12993886667530724,0.1325605421480892,1.2414784874786244,-0.9092603479376046,-0.0011930445931190498,-0.9712829227105125,0.03074914682977418,0
0.0780201316122933,-1.0156540721791265,-0.12632922315040954,0.018135432848873225,1.4595240789379353,-1.0115246660475272,0.0001797374391227517,-0.9719288481921867,0.03331906629882047,0
0.08042856349651314,-1.0142776786051817,-0.1251269195124259,-0.04627381405103446,1.6275058772241808,-1.1134853390047865,0.0019522669401347593,-0.9728244130546329,0.036474056554400835,0
0.08463382406328346,-1.0158749589851772,-0.1255242605181173,-0.03482006472982416,1.7281364381114162,-1.2127919749199778,0.0030709414924555084,-0.9740938080203887,0.03944534469308168,0
0.08524775615749619,-1.018508404192786,-0.12443900927281404,0.03638612264465894,1.7774735004815885,-1.3103301477394715,0.003105329123039284,-0.9746780604572826,0.04117377908326701,0
0.08163765740830414,-1.01923323156361,-0.12067768211808819,0.11503078241717693,1.8074860479950199,-1.3912225743204554,0.002217243676640966,-0.973511212205754,0.040912545717831844,0
0.07911177100922258,-1.0177745055875989,-0.11695910187865124,0.1495911398729642,1.8447234764506721,-1.4320098679892197,0.0009508531461362172,-0.9710231541067462,0.038786356717205046,0
0.08142030650602668,-1.016181509040768,-0.11692385748973924,0.12002925277828906,1.8972262074589958,-1.4241353203103972,-0.00012592140691643992,-0.9687741840484875,0.035986033769591974,0
0.08502309133830717,-1.0155159363858568,-0.12115978432369216,0.03165130892288349,1.9536919465435423,-1.377996344308941,-0.0009247095161699848,-0.9676716082270679,0.034095850421033906,0
0.08382828694906337,-1.01475678007049,-0.12679226498771964,-0.11194930704997373,1.9964934306991775,-1.3054966835284414,-0.0017792855317492235,-0.9672824713238213,0.03384707080467697,0
0.07784767819461422,-1.013198763938912,-0.13012241020197396,-0.31395738822252345,2.0188598261023927,-1.2126360131347689,-0.0026857551403512963,-0.9671849472529137,0.03463472950138086,0
0.07355340100112395,-1.0124495401073763,-0.1292553269249796,-0.5632767601808014,2.0263817289529347,-1.108325621577731,-0.003026481583483932,-0.9680990334434684,0.03537756063213517,0
0.07563394715970696,-1.0147400946507188,-0.1251932873937022,-0.8242050718934172,2.020448016743563,-1.0042297721754363,-0.002417713707303452,-0.9707617779543418,0.03554511201758672,0
0.08119769809247288,-1.0194727755326551,-0.12110149371975627,-1.0522421423452601,1.9880653180259364,-0.9047203971811817,-0.0014838254763228861,-0.9742389319911742,0.035216920766370646,0
0.08338271261945009,-1.0229990952608607,-0.11991894854545605,-1.2144087957430703,1.9158533923667542,-0.8129500772917891,-0.0013232300962709898,-0.9765356159903165,0.034669265815858316,0
0.07939443425438535,-1.0227299145256803,-0.1219306434681251,-1.294256053672561,1.812852113372852,-0.7469037729030656,-0.002321071700707955,-0.976841871922963,0.03437667370104836,0
0.07360719951122288,-1.0205391521199232,-0.12448020002645861,-1.2876081748615475,1.7129700474264418,-0.7285959650185856,-0.003846205027128484,-0.9762590119408575,0.03504062493127497,0
0.0726456406338361,-1.0209150795635435,-0.12439502754715201,-1.2095347792866387,1.6480385466950243,-0.7516985577131938,-0.005028876766388854,-0.976242786273785,0.03688447736321618,0
0.07799392654216175,-1.0258714802853517,-0.12139695752445721,-1.1085324446883187,1.6134758755014298,-0.7797709396267698,-0.005453737392286381,-0.9771196640927727,0.03889657079538223,0
0.08436156353671911,-1.0323814258563138,-0.11895719071079473,-1.049259278596352,1.5638187137627275,-0.7858648500474378,-0.00517707343974071,-0.9783148794683252,0.0394393894899661,0
0.08572369866494517,-1.0350614298930672,-0.12048125351813285,-1.0587083534450725,1.4539757109103928,-0.7777704499053603,-0.004597036954050022,-0.9793265925064224,0.03795632339250834,0
0.08156320834425283,-1.0313453639068935,-0.12476916133995326,-1.1018501803653054,1.291772081637494,-0.7757585778345326,-0.00438274347400824,-0.9799922286504923,0.0357059245454498,0
0.07584380739883392,-1.0239644564807517,-0.12726343936630502,-1.1306553788512181,1.1425425499367714,-0.7818002853007553,-0.005011293631061127,-0.9801353470913741,0.034462144225606894,0
0.07158238345105926,-1.0182640638426916,-0.12592185387232044,-1.145586109215134,1.0689484639054494,-0.7834564511513302,-0.006177705263377689,-0.9794923756911875,0.03473367929307101,0
0.06891147687623952,-1.0173329776009912,-0.12339771408602188,-1.1836506430370974,1.062746455575358,-0.7783624384096873,-0.007045978213390098,-0.9780382419970002,0.03557215012999892,0
0.06743408269410202,-1.020072398317261,-0.122835089602617,-1.2509728526786825,1.04639884139482,-0.7820141596148203,-0.007271340044342162,-0.97619121419727,0.035884132389100445,0
0.06755309262867655,-1.0233206198036389,-0.12410040885286126,-1.3011341197869075,0.9512048941824993,-0.8115427287559481,-0.0074494255128530985,-0.9747291874374151,0.03549613361677646,0
0.06904729905615133,-1.0245866283154599,-0.1253685524731224,-1.297272906630789,0.7852904463218788,-0.8665720141799316,-0.008267742304579538,-0.9744422574978318,0.03495767832753537,0
0.07029337249519296,-1.0229926142232701,-0.12599733667370228,-1.274468868231493,0.6128461826962582,-0.9274697698433876,-0.009414156780782928,-0.9754835111074335,0.03470222192775177,0
0.070044438429732,-1.0194149384514095,-0.12616770803390087,-1.3141504723580293,0.47690059873933477,-0.9712351590585528,-0.009804032910175493,-0.9769533586639573,0.03468738706695289,0
0.06908919150915625,-1.016307416403496,-0.12578768218718292,-1.4572279476417096,0.3621173835848903,-0.9870132810277019,-0.008999689725868268,-0.9774878359731709,0.03478465844558812,0
0.06895096366672111,-1.0158096582646046,-0.12530835996389378,-1.6594204407578959,0.2300558022414215,-0.9781325949698738,-0.007940916716359015,-0.9764721254806368,0.03515898380784903,0
0.0693815503532547,-1.017111227694416,-0.12562839493333094,-1.8398077505005954,0.06810630056545672,-0.9560179453056122,-0.007959901036481238,-0.9745790959614699,0.03598963612069787,0
0.0685825576105016,-1.0170201280252755,-0.12593239538975257,-1.9634184168397821,-0.10788366496363146,-0.9337630315463242,-0.009424031079295979,-0.9731175211313139,0.03704219617666693,0
0.0661447069733031,-1.0141997326804406,-0.12375432343187762,-2.062180486771678,-0.28625541648508207,-0.9181207371230375,-0.011631839594901293,-0.972921290026791,0.03794018197080117,0
0.06445055050549293,-1.0114820667470306,-0.11885954497621623,-2.178727844365644,-0.47278618743571743,-0.9017992515961035,-0.013555465730574243,-0.9737700826568997,0.03877923314962734,0
0.06618498774721347,-1.012396223250305,-0.1154452343273619,-2.3117672936530598,-0.6662135453371436,-0.8652141914449863,-0.014229856692644784,-0.9748260914501304,0.040073410458768964,0
0.07097562255889592,-1.0164041912829795,-0.11789300263914844,-2.4276438217265,-0.8391781271509913,-0.7897680411938475,-0.01302913041476524,-0.9756823475957921,0.042054791112606286,0
0.07546141499134111,-1.0195420011500558,-0.1243620686027305,-2.5092051325629443,-0.962397894162942,-0.6727848581714806,-0.010348732091108771,-0.9767918977143905,0.044200382160084185,0
0.07674451027164766,-1.0193709761382488,-0.12749527626269794,-2.572184925813299,-1.0429530216579221,-0.5324044008423842,-0.007594140795637938,-0.9785737741449191,0.045504632653029,0
0.07518409199959068,-1.0173427791777199,-0.12300852599440414,-2.6333679874723224,-1.120516861746706,-0.3978349763228348,-0.00581592500678427,-0.9802991678653625,0.04537276465032355,0
0.07356943832564744,-1.0162043122041289,-0.11497453016008542,-2.678857616722602,-1.2212506820229703,-0.29263100760581895,-0.004741883147285871,-0.9805135792975282,0.044363407710156275,0
0.07399796466802931,-1.0167809733961835,-0.11039507447058992,-2.675873235586915,-1.3270931912676103,-0.226094069526809,-0.003533062685882511,-0.9788714834376202,0.043782171292868974,0
0.07617695984251746,-1.0178941502714012,-0.11095138138382822,-2.613711836920143,-1.3975141278799068,-0.19612929447308744,-0.0019224795212906347,-0.9769916145629141,0.04433408625918225,0
0.07874613927479925,-1.0185249983738673,-0.11279385093711462,-2.5231572118156245,-1.4141044474756728,-0.19196588137193862,-0.0002714522379945044,-0.9767556818969759,0.0454372623254974,0
0.08128312788015651,-1.0192768444428777,-0.11297924930474441,-2.451308096473771,-1.3947623135325082,-0.19568653864646457,0.0010371879418694231,-0.9780413867675528,0.04605259084754952,0
0.0841446106607535,-1.0213219977816517,-0.11335889653121416,-2.4225067290005557,-1.3660671866076903,-0.19582973958511196,0.0020101206378363365,-0.9789684565800347,0.04587125309271435,0
0.08692937734217357,-1.0239277118860122,-0.11738366519996941,-2.426472494439787,-1.3309696280881158,-0.20535755021221452,0.003011068941125315,-0.9782460062322711,0.04539641234703251,0
0.08857314735709905,-1.0241474120275735,-0.12421914834955726,-2.4365595249351593,-1.2693692335338,-0.25196468742224737,0.004240450629001341,-0.9765259433344139,0.04515165453870824,0
0.08918775275913232,-1.0202550742503604,-0.1284392792852648,-2.432357719994956,-1.1683267522790668,-0.3398014449417531,0.005175669382718098,-0.9754738302227297,0.04522792930727389,0
0.0902892150543565,-1.0148662859724524,-0.12666887598385568,-2.4071745308399586,-1.0462929704418495,-0.43264820381238583,0.00494215018153363,-0.9760208597654277,0.04543179894192476,0
0.09216088693889724,-1.0127130544450897,-0.12194203634770677,-2.3590418201994776,-0.9444202957963859,-0.4890320297677518,0.003502394623346388,-0.9775397411991265,0.04545111744124753,0
0.09214756471829567,-1.0151204235690705,-0.11922450510970468,-2.2814962360570084,-0.8913044222832668,-0.5056096461587873,0.001981544408361376,-0.9784587118637477,0.044966381234378315,0
0.08755422132463044,-1.0186170734894413,-0.11902227023817455,-2.172945672810602,-0.8738213932537827,-0.5112969659878549,0.0013954150104283293,-0.977689883956402,0.04397941735416175,0
0.08026196590694105,-1.019616928792117,-0.11817924488861006,-2.052800611648177,-0.8472509901191638,-0.5259389086502676,0.0015470938499123651,-0.9756659846982921,0.043058914757062104,0
0.07612796786107756,-1.0183737862217948,-0.1151132744646374,-1.952289542994397,-0.7810888142704202,-0.5428990648032782,0.0016550160160344798,-0.9740563612334445,0.043003299571060284,0
0.07844877166160917,-1.0172343071547383,-0.11124618313096114,-1.8846297958645666,-0.6907081151864446,-0.550946990332197,0.0014868594934998212,-0.9743252274821581,0.04404133656325082,0
0.08391950303398973,-1.0173687678029237,-0.10816788761934458,-1.836426344985082,-0.6155531487583209,-0.5547831478683573,0.0012089523618725544,-0.9764121719843379,0.045368177196522405,0
0.08689823182964773,-1.0190547394957203,-0.1063605204827029,-1.7929002835765135,-0.5717768136486336,-0.5663465408746859,0.0006207082001171489,-0.9788556469824176,0.045824624458771945,0
0.08598545450191862,-1.0228269297923278,-0.10678246677395209,-1.7598806336245791,-0.5393132275523979,-0.5869766451197955,-0.0006131267096473923,-0.9802567713805218,0.04526984086686464,0
0.08419887575371185,-1.0278030666250482,-0.11075456875555326,-1.7530092485528168,-0.49371211566626283,-0.6085859258898018,-0.002109346621598972,-0.980409461702167,0.04483223079293669,0
0.08402553383331199,-1.0306126192419673,-0.11698699595899154,-1.773123433339232,-0.43503673334783416,-0.6283528746383827,-0.002830176340527851,-0.9798627671790159,0.045380207220215706,0
0.08496451102673928,-1.0285973623977709,-0.1208501741258331,-1.8006470249610897,-0.3793673289764253,-0.6530863172982632,-0.0021301975425103434,-0.9789004675033255,0.046286673542547764,0
0.08553438423340362,-1.02328838458755,-0.11851922793679243,-1.8073207040637005,-0.3325638808467408,-0.6885817793795741,-0.000426212298749434,-0.977567010152939,0.046407140250661186,0
0.0853484479415006,-1.0188272105587595,-0.11118356109871444,-1.764794019218541,-0.28140672496842084,-0.7309256205714376,0.0012425398219831076,-0.9763154924077165,0.045876153967558536,0
0.0848940853520754,-1.0172378400261244,-0.10405397076965747,-1.6532775368081798,-0.2074866521412133,-0.7712025207307055,0.002138298286017193,-0.9758077929495877,0.04601309752168316,0
0.08472089425364153,-1.0168032656075428,-0.10164830723019196,-1.4827646793862166,-0.10581151891734626,-0.80472775435617,0.0022893204441370965,-0.976165190409403,0.04740848382416698,0
0.08514876299009738,-1.0154477075293133,-0.10453093308045475,-1.3048064831975976,0.00852807586156795,-0.8308041466757483,0.0022449108585352717,-0.9770001637109753,0.04884807534137463,0
0.08606962545692695,-1.014093832462079,-0.10959780664653643,-1.1792507825126413,0.11263367006399823,-0.845603173274622,0.002520445279726862,-0.9780198109170888,0.0485129658572525,0
0.08704027808651413,-1.0151161561608493,-0.11283845319796941,-1.115507028997127,0.19849651770121024,-0.8404057161453489,0.003170181713466409,-0.9790565171676768,0.04595097277349493,0
0.08776954069321853,-1.0184796393449798,-0.11289047476517723,-1.0593051664395132,0.2810462076566484,-0.8064007781968037,0.0037385908186546605,-0.9797212057089822,0.042566533513382354,0
0.08825957182989579,-1.0216167944741177,-0.11211051478171415,-0.9513260662609305,0.37780546888835703,-0.741210120610516,0.003683810114821894,-0.9796994769453276,0.04027004482108944,0
0.08863746277623077,-1.0230526631430072,-0.11306063800985357,-0.7914023416142415,0.48360888354211795,-0.6560297568178953,0.0029843904197297223,-0.9793558615501563,0.03982892613616591,0
0.08916566474818804,-1.0241030786821432,-0.11488564780890448,-0.6335132149410225,0.575087178121087,-0.5762579681163689,0.0023421272959723784,-0.9793504176101426,0.040461045457727,0
0.09002226098217939,-1.0262905126858315,-0.11505112905622644,-0.5257379903533173,0.6421970483073427,-0.527905188152452,0.002659397105128944,-0.9795440282893242,0.040821101007908055,0
0.09094474238192898,-1.0285304601757437,-0.11357249580746029,-0.4708272086853505,0.7044008327640606,-0.5213033609494462,0.004108845587622563,-0.97906190221938,0.04030492499799602,0
0.09162936219863035,-1.0282379216465003,-0.11325926426678014,-0.4432948521501798,0.7855696419273023,-0.550103802444462,0.005721010039839486,-0.9777435699400011,0.0394486484980597,0
0.09227261969372602,-1.0248403650092324,-0.11604773256240172,-0.42479230518619304,0.8811808838419299,-0.600995627896878,0.006186031987132151,-0.9766456864159391,0.039161669630302556,0
0.09291379280995614,-1.0206945311954863,-0.12059253561442064,-0.40978594934191825,0.9649846401424308,-0.6568903386028385,0.005119287729436059,-0.9765197518053605,0.0397779298039482,0
0.09250317444626047,-1.018167827073457,-0.12370990286533859,-0.39043023485090733,1.0220542236360322,-0.6968572587300198,0.0032736633857939953,-0.9766016174325535,0.0409623661312712,0
0.08965527780674254,-1.0174453957074934,-0.12377418611493352,-0.36079521691020766,1.05891863820266,-0.7085516847121895,0.0016089064369647864,-0.9757323238706282,0.04224957637074263,0
0.08446257294055637,-1.0178977676062984,-0.12241666006531941,-0.3374715888483466,1.0844881986411268,-0.7026091481822498,0.0005227061445724064,-0.9741852937041072,0.04333263225623356,0
0.07895542385273761,-1.019567794340562,-0.12229894219812408,-0.35474486110036396,1.0977074912803677,-0.703476412926266,-0.00014113566883172305,-0.9735174999085549,0.04395288735088066,0
0.07566945371432092,-1.0220784926660322,-0.12342512541444284,-0.4311221044901397,1.0977803689385566,-0.7253809688223943,-0.0006815846596790961,-0.9746224712040668,0.043873343923487865,0
0.07579306555786118,-1.0238210543383268,-0.12332123992165485,-0.5520207300406634,1.0963352962336441,-0.7652986503790968,-0.001071099173798677,-0.9765955053181069,0.04313175488440626,0
0.07824701841244287,-1.0235567368884042,-0.120928477085853,-0.6863689522406174,1.1118278514307898,-0.8144319255109207,-0.000889875016808152,-0.977937652600379,0.0422925780211471,0
0.08057001355429542,-1.021752966489809,-0.11791730208920818,-0.8080265413632304,1.1534566322240967,-0.8653117161360128,2.7074342967950134e-05,-0.9784563583423379,0.04223903427234014,0
0.08130462578676143,-1.0196489830876545,-0.11580412272239134,-0.904711877070666,1.2148544209903365,-0.9101361197047423,0.0011325971415079939,-0.9791661442800497,0.04341063612235012,0
0.08130519563146951,-1.0181989548364814,-0.11432773094492786,-0.9824679673840256,1.2828317914616836,-0.9420517402893023,0.0018099710931522993,-0.9804529984044088,0.045278137809776825,0
0.08204512029818999,-1.018367603218836,-0.11316150938400811,-1.0594528201464777,1.346968706470398,-0.9598770437725798,0.002153603987323147,-0.9814509543816062,0.046850238342015585,0
0.08331713415835591,-1.0207462759551822,-0.1129427016850265,-1.141118754156328,1.398677680723243,-0.9663170480120551,0.0025774953120283987,-0.9814244641728983,0.04756083211272431,0
0.0838455127851576,-1.0238507009138234,-0.1139453104549249,-1.2065831351034868,1.4274404465503312,-0.9608921188960616,0.0029555916611736376,-0.9806014366439341,0.04738769291300325,0
0.08368692371865893,-1.0243475556389254,-0.11524140806001915,-1.2338648423939091,1.4279889698388455,-0.9425249731490477,0.002861284819702982,-0.9793119156134721,0.04651968982050921,0
0.08452513939696937,-1.0206374137168772,-0.11569957185180356,-1.229797493041139,1.4132849514461174,-0.9200835362053507,0.002607922046715988,-0.9775324418408086,0.04547088203860595,0
0.0874391276454846,-1.0154533022343846,-0.11511677323794685,-1.2183687276657715,1.4105010279177141,-0.905396768612814,0.0030861466302293215,-0.9757812665593987,0.04518933929633658,0
0.09123713178456618,-1.0131988384698445,-0.11425863078518024,-1.2113730028527907,1.4348098118452386,-0.8894781285084793,0.004083832868317756,-0.9752928991683664,0.04634787537657682,0
0.09324272578668726,-1.0151067409222982,-0.11402078822925911,-1.2113800476548207,1.4710522724060202,-0.8448941963027095,0.0038516748260728952,-0.9765438232744151,0.04850095344171932,0
0.09168461870646304,-1.018668903646527,-0.11435414292218612,-1.2285905119721137,1.4892482924193078,-0.7675365421361995,0.0014508259711384732,-0.9782913949494475,0.050298500245501025,0
0.08759600775259688,-1.021228092968505,-0.11402551219928413,-1.2626608469946827,1.4765138829186886,-0.7022035917458455,-0.0012709989956813262,-0.978715723841181,0.050540186323677745,0
0.08410536071698099,-1.0220221068636925,-0.11202937123863718,-1.275081399632983,1.450046224052833,-0.7053978443755877,-0.0014213379005051194,-0.9772581533459485,0.0489826034864606,0
0.08312730655850994,-1.0210674053298479,-0.10961919770533883,-1.2173053607578794,1.4410122835614614,-0.783413825483507,0.0015344220258407934,-0.9749785045026736,0.04646571947041529,0
0.08321992195389692,-1.0185091649083187,-0.10993946351725184,-1.0945952913958297,1.4641777394485735,-0.8805174349295117,0.005181773822666114,-0.9732194049893083,0.044452202972112484,0
0.08186069809081417,-1.0156532169369934,-0.1138762635285363,-0.9762786938419268,1.4987495711373178,-0.9311571057638388,0.0067551416354535284,-0.972301423725306,0.04407182563372869,0
0.07914496613549497,-1.0147612766169294,-0.11699027974776635,-0.9324093253590274,1.5050280085710377,-0.9167062959280458,0.005504361177694283,-0.9717501052030878,0.04524680810101651,0
0.07758353850409488,-1.0166488973921812,-0.11383750692067346,-0.9741502391047879,1.4682375327418977,-0.8686379326478871,0.0027292743915533087,-0.9714557961666582,0.04680709395107179,0
0.07883646387481011,-1.0193476841936602,-0.10574217205836935,-1.0593160451941102,1.4194153747434237,-0.8258248561290833,0.00029453825469622977,-0.9718830791810718,0.04762450860279642,0
0.08223420952684557,-1.020141841897557,-0.10062216913297449,-1.1430812361565352,1.40201964241105,-0.8006210049207195,-0.000797049547490009,-0.9730372047696125,0.04765417672732616,0
0.08574257183150848,-1.0185162352466486,-0.1035544766574808,-1.2195007854857436,1.4200724041414494,-0.7825059813817646,-0.0008156549582057219,-0.9740818271898037,0.04778691618179163,0
0.08701236454709851,-1.0162506202673562,-0.11037359467547671,-1.3194604319669478,1.4279887435185499,-0.7574607911978761,-0.0006293079592347847,-0.9745183169933577,0.04864961365947304,0
0.08468824026288653,-1.014963605611513,-0.11279240499340135,-1.4660689110600242,1.3731162378113604,-0.7178805105159519,-0.0007844162871974198,-0.9750431471522596,0.04977657446696735,0
0.0801873262042444,-1.0146780624115075,-0.1082971419940318,-1.6307465814806816,1.2449706777576173,-0.6651062730690801,-0.0012235144364397157,-0.9764050259931379,0.05026465886826195,0
0.07709996140756083,-1.0147958114231557,-0.10228920624949132,-1.748032485651743,1.0836618952227077,-0.6103773913263432,-0.0016131437504323706,-0.977819968377059,0.05010334545072658,0
0.07752964646915894,-1.0152710874853466,-0.10030487368057653,-1.7856940349830608,0.9453397622762988,-0.5680742426971954,-0.0016839434218197632,-0.9776155775079137,0.05041858002895645,0
0.07994020628022584,-1.0163805843087192,-0.10116738066272658,-1.78574858768845,0.8609758740164714,-0.5429622515931362,-0.0012562570316601272,-0.9756806456369953,0.05233946322976189,0
0.08155055617093783,-1.018246097437756,-0.10013576110556661,-1.815268935843364,0.8240460217750901,-0.5270983517611657,-0.00012286587580754486,-0.9743500502314211,0.055779968972100726,0
0.08170526863709858,-1.0209841869258622,-0.09668201319258747,-1.880412609922984,0.8136796503603931,-0.5104716366721818,0.001812574312735456,-0.9759749678178226,0.05913705466366661,0
0.08174756826719146,-1.0243501665726968,-0.09547329758063787,-1.906468555484542,0.8260649264187435,-0.4901338791609125,0.00411152827131149,-0.9798920044700364,0.06010431839127243,0
0.08270963622051719,-1.0269076328735334,-0.09963960989509912,-1.8073173839290442,0.8748200722157006,-0.4692167666783241,0.005757838125458798,-0.982911691192611,0.057379299190745,0
0.08458943212716276,-1.0269667992635352,-0.10614733174428795,-1.5689855471536147,0.9588125990802981,-0.45451994698391496,0.005902072848672988,-0.9830770930369976,0.05198612152109618,0
0.08700840782344879,-1.0249101293943965,-0.1094035263836769,-1.2639389067778724,1.0481098380192877,-0.45829246318406885,0.004633560962941374,-0.9817221439527026,0.04648941130154004,0
0.08909537625295075,-1.0230674831996733,-0.10783695740090911,-0.9898415254291622,1.1173470888811383,-0.49571906491964624,0.002910290500704828,-0.9811895496976155,0.0426803532068179,0
0.0894868395922731,-1.0227982503366246,-0.10518402382291175,-0.8020131852798137,1.1802126473148518,-0.5715015461056232,0.0018245600481585733,-0.9818608883844495,0.040595202044202305,0
0.08779601457930776,-1.0232077382666191,-0.10593929675909994,-0.7001928279509735,1.2731261593223195,-0.6681874110163669,0.0018494718485635602,-0.9824253754884869,0.03986150958400359,0
0.08542953685591125,-1.0230037763134636,-0.11080661419273044,-0.6563883359165946,1.4106785209577803,-0.7561839115248581,0.002546906036651993,-0.9819369421629117,0.04092338225327732,0
0.08386447521772006,-1.0221217641282043,-0.11639885510078185,-0.6359228231170864,1.5700558783885166,-0.8193995624405958,0.0030252621406304625,-0.9804861466010374,0.04417894926179512,0
0.08277123263462927,-1.02119016898752,-0.11866649911531396,-0.6023524106908993,1.71565062853663,-0.8652667991924315,0.0027912600800038922,-0.978473317506295,0.048572004647188124,0
0.08103779013382464,-1.0205495025333042,-0.11642288396609944,-0.5302822988099143,1.8275299112181618,-0.9086702456048127,0.0020770186342954546,-0.976165802512959,0.052116279509907965,0
0.07932803213965575,-1.0201599374681876,-0.11177091257597835,-0.42691504522039264,1.9051555583351991,-0.9549844362588668,0.0013719400628192401,-0.9739763810607469,0.053834938038800545,0
0.0799593065337929,-1.0197386234030057,-0.10786629511656903,-0.33257894154262263,1.9544686724605589,-1.0006785145342945,0.000902435071614632,-0.9727059455424772,0.05440339548205468,0
0.08348571205019427,-1.018924004126699,-0.10664403789918471,-0.28925834871532896,1.980999769238108,-1.0413399482561145,0.0006436803029977087,-0.9730378588120239,0.054870139843486064,0
0.0868370632187838,-1.0180168653261925,-0.10778982901719958,-0.30744096723268277,1.9926844004106612,-1.0752733488925719,0.0005509797513461838,-0.9745663893671116,0.055621452150323096,0
0.08637125489241913,-1.018286179670381,-0.10908516832518421,-0.3631165940060861,1.9987004637465227,-1.1024950480363946,0.0005364261166238227,-0.9757122100167365,0.0565838754851504,0
0.08216100315871241,-1.0204591682653552,-0.10818070954862792,-0.4203699779866451,2.0002254482348967,-1.1184683852126074,0.0003717136380597562,-0.975206389499846,0.057403873033229115,0
0.07790875324421026,-1.0229709158417142,-0.10465092796246496,-0.45456499528267225,1.9844881649531612,-1.1072432706609672,-0.00014791023416990367,-0.9735692191864195,0.057405967441935296,0
0.07674273912093503,-1.022800023806563,-0.10038067697279929,-0.4634830631397635,1.9316051056168684,-1.049415241740636,-0.0010344734671774913,-0.9725293183958773,0.05632610184418985,0
0.07811048657216317,-1.018501942571637,-0.09794205550490642,-0.46599559233158516,1.8316759803027343,-0.9429345676251992,-0.0021647831814674483,-0.9729827214939599,0.0549988673552233,0
0.07897819205888766,-1.0121753492208008,-0.09852643520025652,-0.4859262152899199,1.6979464120743633,-0.8081779203152301,-0.0032784071500804994,-0.9740764718611201,0.05451862478937249,0
0.07740337165869254,-1.0082241120280375,-0.10101239945818427,-0.5281959837756277,1.5600109808237186,-0.6670795055508667,-0.004003061228234983,-0.9743494137713264,0.05492755607821194,0
0.07452058889285906,-1.0096772789255704,-0.10282002586443252,-0.5724255139359465,1.4404372765163116,-0.5258001684420786,-0.004273263540373846,-0.9733328911525848,0.055363932640309324,0
0.07306313897535435,-1.0150098466709063,-0.10226653676263303,-0.5940894121931527,1.3392763760310933,-0.3827903468365082,-0.004554154898818365,-0.9718598056525619,0.05520131610890231,0
0.07412501856895438,-1.0190097158404319,-0.10046211075812209,-0.5870488751765282,1.2417889794286223,-0.2445611216890621,-0.005182731405612651,-0.9709109366629007,0.05449928980760557,0
0.07581744908165731,-1.0179121661952326,-0.10003665904876968,-0.5635990314906585,1.1390119912099117,-0.12677854835633462,-0.0056902245578698074,-0.9704590200991193,0.05363603074462384,0
0.07559858072418746,-1.0133055302770264,-0.10155286278355145,-0.5420066442831187,1.0421559713003181,-0.04495140730421093,-0.005243307186379009,-0.9698982585134959,0.05302488608380886,0
0.07380162352433825,-1.0099074807180244,-0.1026737506387793,-0.5398195242490942,0.979703833054646,-0.006625762474367974,-0.003645544619821536,-0.9694293791526555,0.053044153594217554,0
0.07390539922917122,-1.010414648743242,-0.10185028652817774,-0.5721381386945374,0.9772945834426063,-0.0052552106770803525,-0.0016212988630606093,-0.9701146017691336,0.053792405597074,0
0.07851693805230033,-1.0140507169413082,-0.10083565051029023,-0.6458326019467242,1.0343225759423853,-0.01824285377013085,-0.00013729034063552384,-0.9722891086154922,0.05483399830462149,0
0.08573474232456604,-1.0190560857999713,-0.10173459212047141,-0.7502745596178714,1.1196028112792002,-0.020769333018713167,0.0005377399012370938,-0.9746993123200842,0.0553980385268089,0
0.09074041642436716,-1.0242900948714064,-0.10353488295544101,-0.8537903635183514,1.196436469361732,-0.010819837484518688,0.0010809357768717552,-0.9757480501327754,0.05498613773987475,0
0.09085302906277024,-1.028553098738239,-0.10395424327376637,-0.9139810105924852,1.256724259400431,-0.015737232145814302,0.002234610812999557,-0.9752389637990808,0.05385212161891291,0
0.08806248072750153,-1.0303339635147368,-0.1031649533068858,-0.8998686191910984,1.3241577652836838,-0.06529633082604668,0.0038076873450732874,-0.9745235863379544,0.05289379627328863,0
0.08673302928409361,-1.0289614786310795,-0.10319264636845726,-0.8096443635640385,1.4155232828542013,-0.15945811863275436,0.005000562383734483,-0.9750505527266028,0.05293737547548245,0
0.08948732047755073,-1.025510960879564,-0.10456285041783608,-0.6671407535440279,1.5070132953756774,-0.26701675837267624,0.005572402095706549,-0.9769270676565388,0.05393389856596483,0
0.09490545668110581,-1.0223166920857196,-0.10576238362872536,-0.5014065666302551,1.5546106847179535,-0.35418167685916235,0.006053094234242898,-0.9789120031669192,0.05496781078488473,0
0.09852075637547865,-1.0212014077802656,-0.10567266455885932,-0.331409235384826,1.5445058316303852,-0.41234022475871845,0.006836383338274751,-0.9797281706860078,0.0553652047144554,0
0.09664587472741312,-1.0217951912850354,-0.10466124227332574,-0.16835728751332127,1.506662491034846,-0.4598484585417693,0.007644056075344474,-0.9791393210451195,0.05558146297923793,0
0.09004858596103033,-1.0220269401365403,-0.10321277385270962,-0.02827053053111965,1.4790666354605435,-0.5181801345809397,0.007896013118863765,-0.9778290375863913,0.05645025493227478,0
0.08333969692857866,-1.0203929113794574,-0.10114704599843347,0.059844643814897173,1.474348249685438,-0.5865962773840419,0.007191842685744282,-0.9767917084277931,0.05778289875965818,0
0.08021962432966845,-1.0170932362719327,-0.09871505264137453,0.06299968907468478,1.4827742776637443,-0.6424637451726802,0.005485283979677019,-0.9768068855287027,0.05845280688288812,0
0.08013935126656499,-1.0133928324323158,-0.09754616760554412,-0.028296552383409418,1.4926904216047547,-0.6682872091324018,0.00318038953606159,-0.977703060104148,0.057831721957783765,0
0.08009376766150557,-1.0111288243106586,-0.09978895351953426,-0.17925978876239837,1.5006496125770454,-0.6745563698035012,0.0011121744189653102,-0.9781019611381049,0.05649978900975859,0
0.0786418212548988,-1.012294510197662,-0.10568910490865659,-0.33010707299050096,1.5086575942065759,-0.6887668950655544,9.990615934126309e-05,-0.9768007029349688,0.05543213955509414,0
0.07720761144877952,-1.0171281151939473,-0.11195121379775762,-0.445742253924326,1.51921201093713,-0.7213245833537965,0.00022220086349222925,-0.9745416367674496,0.05494329088596343,0
0.07777285813918544,-1.0223535882472423,-0.11412640773948221,-0.5396011915140453,1.5318307044428685,-0.7512699337309583,0.0006203679225301415,-0.9734966317704951,0.054617531155987505,0
0.08015453890349634,-1.023304104839537,-0.11150556342492364,-0.6398624908301965,1.5379516331803547,-0.7531307215893459,0.00034053261400858725,-0.974631339416665,0.05400588450414971,0
0.0820508738308873,-1.0189729488359929,-0.10791013847084055,-0.7405238966640094,1.518406667672744,-0.7321248421729296,-0.0005756461963011373,-0.9763407180745688,0.05318727348398741,0
0.08164677207689289,-1.0136890809844854,-0.10681047464097165,-0.804191531766782,1.4535579094040045,-0.7191547101190761,-0.0010542580949557488,-0.9763572401875762,0.052691703414130056,0
0.07964947684177007,-1.0125125072909187,-0.10759262841654982,-0.8179114052265641,1.341464843287756,-0.7298458754701974,-0.0001472411858545646,-0.9745280910612988,0.052905509931947245,0
0.0785180749196909,-1.0157400646285557,-0.10759008867568363,-0.8286789287214834,1.2047085063737362,-0.7449936607276185,0.0017858143595389925,-0.9727548504580104,0.05357674240080184,0
0.07974077991865534,-1.0189544736500307,-0.1061104375854939,-0.9031483198665555,1.077477530159626,-0.7388149081215523,0.0031809243749932503,-0.9722951612683081,0.054044019417821415,0
0.0818577559448024,-1.018028097053122,-0.10500250966938135,-1.0530288602450857,0.9825431586593687,-0.7095277102782266,0.0028147605200982534,-0.97227784949616,0.053976338519285114,0
0.08168835366966497,-1.013401960750155,-0.10562586117583014,-1.2199325461250274,0.9135868799338605,-0.6705149126496224,0.0011472608420814655,-0.9713180250669298,0.05371503985774991,0
0.07820655348538007,-1.0094159097575748,-0.106604799553453,-1.3427265870707297,0.8413735645352902,-0.6276164741305533,-0.00034371840409141714,-0.9696364553609682,0.053849817358878706,0
0.07455286238393194,-1.0095769323450028,-0.10545352307357436,-1.4216065136945901,0.7480734362736855,-0.5808203210130162,-0.0010187192001731929,-0.9687307171386524,0.05460178012322578,0
0.07504742643384149,-1.0130987497666424,-0.10165967220841099,-1.4977380409992802,0.6527929350881367,-0.5371069539258612,-0.0014979137418470055,-0.9693421497023741,0.0556519696392359,0
0.08043845526606974,-1.016639070924701,-0.09704287916615799,-1.585664140183479,0.5877043148834242,-0.5046457739953253,-0.002210452555175975,-0.9706025722900425,0.05649302723184096,0
0.08691589966695377,-1.0182258535796522,-0.09365601502311197,-1.658677037523981,0.5515431754970258,-0.47734396405441676,-0.0024946533670299454,-0.9713628862789409,0.05691182467717541,0
0.08980623375601672,-1.018102180451259,-0.09229307776574205,-1.70322080565582,0.5069998491930835,-0.4389411280203538,-0.0016186012214713921,-0.9717374076901938,0.05711711071367579,0
0.08798052375358509,-1.0172121264952665,-0.09251391156824754,-1.7543796576528903,0.4288969784273445,-0.38648501593749357,9.931974887421492e-06,-0.9726672463943898,0.05744026840058008,0
0.08458166404129444,-1.0168059329436534,-0.09321552029155095,-1.8555757227600909,0.3398624841864108,-0.34063177250336163,0.001341969060739027,-0.9741708204205327,0.05802322746630748,0
0.08331537582528524,-1.0180933394396712,-0.09323313776522682,-1.9989477492933438,0.2878548295974406,-0.3232187465694315,0.002037436765848749,-0.9750190794223617,0.05883949547308398,0
0.08453534253833185,-1.0203559313597133,-0.09197625106221254,-2.126533339432678,0.29157180747633565,-0.3280167039600522,0.0026230587198119684,-0.97450854580373,0.05992702201684996,0
0.08597693820340084,-1.0208778016286404,-0.08978819477747209,-2.18640670383793,0.31716892957165005,-0.32463999828098056,0.003452200647398342,-0.9736968004559337,0.06138506445365746,0
0.08664345039500089,-1.018520893447998,-0.08768222563342723,-2.1792124563876953,0.31465328694213435,-0.29360981276241216,0.004255174507293102,-0.974161076243649,0.0629637459353509,0
0.08765982941967461,-1.015872608557931,-0.0869520414157,-2.1571024578638016,0.2716157653182664,-0.25094894170760274,0.004806372827919463,-0.9759471876114335,0.0638571704326657,0
0.08915149024064835,-1.0160483688949826,-0.08896328055499358,-2.1831212617233806,0.22059914088850913,-0.23420648485085943,0.005299341883349166,-0.9774014443095537,0.06333547454768389,0
0.08905876098264714,-1.0186051323531404,-0.09420205550718481,-2.281960191988941,0.1964258634305384,-0.2641135329511239,0.005748261416779054,-0.9770043833171954,0.06162433476650855,0
0.08626337864352915,-1.020422074764717,-0.10099883682639489,-2.4192074707148516,0.19971973050082112,-0.3216815447358531,0.005653658365048822,-0.975022885146527,0.05984516043477315,0
0.08280922633598935,-1.0197506386021695,-0.10625808250639612,-2.530584930137079,0.2053469582020354,-0.36797144275765736,0.0047906624947755185,-0.9732246438761512,0.05900049468223509,0
0.08162518680473874,-1.017707383499717,-0.10797540424750761,-2.5820012936831827,0.19806375047833258,-0.3866755989086651,0.0038996641751064738,-0.9730469448455545,0.05914162136450993,0
0.08327163058612493,-1.016247282683753,-0.10650763041267625,-2.6041659610301187,0.19261793863893575,-0.39715064081800744,0.003933534774772932,-0.9742512098613935,0.05950956555028979,0
0.08581344279981354,-1.0160736751095267,-0.10353005827615239,-2.6578342110284945,0.21335102135766626,-0.42170132699781976,0.0047752806160034035,-0.9755377291023043,0.05942322278560381,0
0.08703757788772928,-1.016584656718966,-0.10038387854025665,-2.7592547217341474,0.25366945715947614,-0.45343194002950793,0.005274774950638229,-0.9761895886052837,0.059010484711037536,0
0.08621781118637746,-1.0170654443629028,-0.0976736519109584,-2.853289769576359,0.26979616538522083,-0.4661208446146741,0.004542132562719295,-0.9765314166768411,0.05893714158584926,0
0.08423821046010943,-1.01745834756396,-0.0962728562938108,-2.872016223355544,0.22790143161834683,-0.4464686954338786,0.0028198748422163626,-0.9768499140627991,0.059407453359278724,0
0.08248203138397377,-1.01795231264238,-0.09748644011705622,-2.8102895970854775,0.1466948223977198,-0.40564839003177267,0.0011162552727502113,-0.9767325793316166,0.059778082421745544,0
0.08155037023144256,-1.0182587287015232,-0.10082726304916109,-2.729906723029758,0.07335869796800812,-0.36286300907515195,0.00027537524139409635,-0.9758597771622063,0.05929024855781317,0
0.0808945175696429,-1.0178855123089974,-0.10270799233951758,-2.6931710884099758,0.021243371899663042,-0.32634383702734043,0.000348422267619547,-0.9747655679969781,0.057839611864476316,0
0.07965859497794417,-1.0169974425035162,-0.10008703486744597,-2.7082478918705544,-0.044042604086939614,-0.28930934770357275,0.0005748195047348773,-0.974243809990277,0.05602380791792795,0
0.07782516971229109,-1.0161470404346085,-0.09540047920021713,-2.7473842702190012,-0.1484504806750147,-0.23714325593315438,-5.759954972210848e-05,-0.9743788758710844,0.054838645115416015,0
0.07640405873832343,-1.0152483901094151,-0.09466358280220175,-2.8019869639642367,-0.2625641200771673,-0.15955177142844798,-0.0019474016889148836,-0.9745930656099462,0.05508154086310404,0
0.07648124271538252,-1.0141836794924504,-0.09971831413212,-2.892539345681589,-0.33319807340551516,-0.06319222706645512,-0.004321201776739394,-0.974419689157202,0.05645560822780575,0
0.07809180484483229,-1.0142209890170042,-0.10547702536714158,-3.024226399308165,-0.3514638414941179,0.02812090313960379,-0.005653384034528144,-0.9739961836264719,0.05761900321434881,0
0.08001512140120154,-1.0167230742066076,-0.10628269318931696,-3.1594478093141833,-0.3645480844617004,0.0915539957509565,-0.004994120957497958,-0.9739299248256481,0.05779855874939751,0
0.0809265359579123,-1.0205803364580563,-0.10214602592401774,-3.2452699357748163,-0.4183724437728923,0.12420537899416917,-0.0029179372977979332,-0.9746652407164588,0.05786168154034488,0
0.08080253698167578,-1.0232164677319924,-0.09708933870128335,-3.255474792530797,-0.5064038197609401,0.14295398300351556,-0.0008677869816196148,-0.9758509427609671,0.058930464965835934,0
0.08068764822823377,-1.0237135922325586,-0.0939570767273391,-3.20221025483702,-0.5821365093345398,0.16572497990423538,0.00032639650577537195,-0.9765675113948219,0.06045121380146492,0
0.0812329383862113,-1.0228291864018728,-0.09299148836501972,-3.1182414606466486,-0.6132235594678012,0.19167360559392158,0.0008208745006059402,-0.9764360680874503,0.06088935442743012,0
0.0823970081143738,-1.020938584232602,-0.09375443384226924,-3.0322431827522784,-0.6143281755548674,0.20216533800719297,0.0008931738613438172,-0.9762037790254138,0.060209419995860894,0
0.08412124514065082,-1.0180300628635959,-0.09583356620509659,-2.955857634846639,-0.6260265596107799,0.18511428247470246,0.0005533068165486099,-0.9768887574133915,0.06023427910903426,0
0.08576940847875578,-1.0149347757308829,-0.097748982256182,-2.888441630430437,-0.6677845122730498,0.15194799687207314,8.869739870962464e-05,-0.9786004607239166,0.062161802514617344,0
0.08556919337424694,-1.0133591924991008,-0.097181675053369,-2.822615058570845,-0.718307191145497,0.1231790386140892,0.0001347676533084069,-0.9804513747694628,0.06496439375610029,0
0.08284306488870066,-1.0150090743523028,-0.09347076060590948,-2.7365579909713977,-0.7410106464955388,0.1061697640587736,0.0008768347703920858,-0.9813593148432561,0.06682637000314355,0
0.08033072370321029,-1.0200464457030944,-0.0892483889455933,-2.5971885994831982,-0.7216085798795402,0.09713581648179676,0.0017955854071103068,-0.9808880331316497,0.06714273386958353,0
0.08161779817652978,-1.0255118435698363,-0.08819733090999501,-2.394795180933217,-0.6769741658213747,0.09356739734482472,0.0024690780255238977,-0.979680269836174,0.06649993401996962,0
0.08621044797512452,-1.0269302041929165,-0.09072116067109555,-2.1699577714378466,-0.631121750594537,0.0892957514582284,0.0030570713278861984,-0.9789620320810198,0.06547850728760385,0
0.08975974428595185,-1.023233200002041,-0.0931300971105538,-1.9888244400639592,-0.5901641052959737,0.06746305811707944,0.0036886529060195473,-0.9791771038994597,0.06404759150531432,0
0.08951288829899723,-1.0186151715728564,-0.09239157138328488,-1.8948358214579957,-0.5446834524472185,0.019685215716635125,0.003900256324643087,-0.9793632077237208,0.06186193865392295,0
0.08713061200921417,-1.0177874750215468,-0.09045154051809234,-1.8896028570944914,-0.49120818895124746,-0.03111224987589809,0.0031549704276852704,-0.9783967234729509,0.05906935328936902,0
0.08552735862889213,-1.0206781272671537,-0.09174819701694105,-1.9442048200295754,-0.4414992873679042,-0.04943083244685506,0.0016957463200971315,-0.9765538148313466,0.05675029663393195,0
0.08520131284556617,-1.0232751861770042,-0.09722937414094512,-2.018306581578762,-0.4080783331780914,-0.03332996288253598,0.0004838778679023232,-0.9752636358591282,0.05595066519869061,0
0.0849327701426788,-1.0225945135935648,-0.10320556461594683,-2.0829047586427323,-0.38623626208669504,-0.023181584821281877,0.00022209516572356837,-0.9754602102121922,0.05629036909627122,0
0.08448059187267845,-1.019398607026702,-0.10577761323990226,-2.1357725765396505,-0.35563108515233427,-0.05554081412271655,0.0006210977357528262,-0.9765954192907871,0.05643468319649607,0
0.08471431088485744,-1.0165235394565113,-0.10428533311294477,-2.1886321019485298,-0.3020133255472657,-0.12322118988366834,0.0008612769455977444,-0.9772655434455204,0.055943410903299996,0
0.08566626573658329,-1.0158377786058357,-0.10079668635513803,-2.2392285942993317,-0.23825611910172945,-0.19217217916637522,0.0007262222702906961,-0.976575194407733,0.05565374073009595,0
0.08639471938439305,-1.0170615294188994,-0.09829452490839033,-2.267352068032276,-0.2010632290474963,-0.24391572316790733,0.0008772950792226675,-0.9747946009638744,0.05622407588224208,0
0.08680194139521857,-1.018530388348874,-0.0989249830527265,-2.2615801559644133,-0.22001156954283613,-0.2834988095561092,0.0018356842075627911,-0.9728439293870066,0.05722135099313207,0
0.08761792157214107,-1.018429851896747,-0.10188548274658182,-2.2434615636263993,-0.284441482126802,-0.3117996609412279,0.003030721676317767,-0.971402959290364,0.05769851768827729,0
0.08819224302804776,-1.0158752076831843,-0.10350713304522709,-2.2607072004021465,-0.342662628963008,-0.3115401051358337,0.0032248657247927466,-0.9704950926572115,0.057037723177319304,0
0.08644321892932808,-1.0115249569888158,-0.1016219336749699,-2.3538007662627547,-0.34165411908802407,-0.269584841124152,0.001948968932533187,-0.9696832530840226,0.05528848625317305,0
0.08211866290811479,-1.0072764603639361,-0.09928138171000907,-2.526162537630614,-0.2730529040234546,-0.2022003158140681,0.0003680739267085841,-0.9686412876125732,0.05321675023278644,0
0.07842111258790772,-1.005393688140664,-0.10158346180456286,-2.7451322528662376,-0.18001885089214825,-0.1443016540338704,0.0003980849437556788,-0.9676468937709568,0.05207814373147777,0
0.07880458865024238,-1.0074617472647378,-0.1087465918453755,-2.9702296084429114,-0.12007001495022575,-0.1137844075914518,0.0026521543202377303,-0.9675240141888702,0.05287006799419313,0
0.08293251485798972,-1.0129244502156243,-0.11476763112426742,-3.1812651477757763,-0.12298505212046672,-0.09781855692595948,0.005442298754808095,-0.9690789597194945,0.05533767899720525,0
0.08703466236510954,-1.0185038325137645,-0.11404509777419446,-3.3848440358898353,-0.17812715583531058,-0.07779860247519785,0.006287758404161763,-0.9723998832036369,0.05780746052086321,0
0.08778801909166559,-1.020816373918304,-0.10774661336781736,-3.595962268381534,-0.2507798543794073,-0.0573265688500018,0.004339411577732766,-0.9763668931004439,0.05853451658145449,0
0.08491139336420787,-1.0200856323900898,-0.10203953360896005,-3.8103857512175052,-0.3080988663992434,-0.05764700936377671,0.0009439699224937132,-0.9790507598397298,0.057337239272845716,0
0.08045027442957724,-1.019316139781309,-0.10114062705286458,-3.99801804842058,-0.3373085762050731,-0.09036149169582706,-0.0018811612701212874,-0.9793278932040917,0.05568082493998423,0
0.07677087212779019,-1.0195895164538697,-0.10397017887314096,-4.130124061978167,-0.3454738565410922,-0.14271933547679685,-0.003008074398537424,-0.9781727460444956,0.05539058007282467,0
0.07548646631194328,-1.0191122834215338,-0.10647910052600076,-4.21097699521677,-0.3421908601898603,-0.18974121156026855,-0.002552734446955944,-0.977647860197381,0.0574101960509777,0
0.0771153584043046,-1.0174809429550993,-0.1051204033194698,-4.276375926774289,-0.32373396047217745,-0.2149318420302629,-0.001349857444036641,-0.9785741395795255,0.06100769874644255,0
0.08039378619340781,-1.0173540174429532,-0.09935323357376734,-4.359994159384435,-0.27776303863951823,-0.21952906420538468,-0.00023868465928378695,-0.9799882007699406,0.0636772925592904,0
0.08244932694597616,-1.0204584652650883,-0.09299441053533983,-4.458518264177125,-0.20376804584663316,-0.2197312533059957,0.00031377174812370623,-0.9809215636785537,0.06272398791515758,0
0.08167761467198428,-1.024721308072201,-0.09200790617392901,-4.523730865908896,-0.12602674435275937,-0.23571689398958257,0.00016135027137122494,-0.9816189122483046,0.057789275352529014,0
0.08052875414013164,-1.0268015311669545,-0.09920427351074455,-4.493305629344336,-0.08429038575183506,-0.27409900296073364,-0.0005764349197636283,-0.982472367204049,0.05129819239666708,0
0.08306324932603273,-1.0256245658051433,-0.11151432156172701,-4.344902351860591,-0.1066263732070099,-0.31919152856491845,-0.0014617573377684304,-0.9826880554508073,0.045952046075293025,0
0.0887985377768612,-1.022626955300487,-0.12223456185597673,-4.129219994045554,-0.18374429678537235,-0.3493722998990419,-0.0019840636651721946,-0.9810572575401153,0.04245460938143436,0
0.09126489430119818,-1.0202386735670241,-0.12502269687707557,-3.9458226454638643,-0.2701917375741067,-0.36355546513997844,-0.0019648309539627867,-0.9778044301039126,0.040019190894735955,0
0.08530924766491556,-1.0208351149564532,-0.11798812113641718,-3.876857958016223,-0.31773925921113655,-0.38469769172161594,-0.0014728068226712461,-0.9747316394191925,0.03813390809213164,0
0.07505817407576855,-1.0251959316845913,-0.10698825769983206,-3.9356842641947956,-0.30865086974154826,-0.43574756158724365,-0.0004701014121429017,-0.9733620447560122,0.03709316359786702,0
0.07070086855101487,-1.0305064706639093,-0.10271676918357388,-4.073651677675146,-0.2547228594048586,-0.519213400945308,0.0009605931632049262,-0.9735733511179387,0.037306448413973126,0
0.07619648673230038,-1.0316305054124215,-0.1099033483421254,-4.231144846441554,-0.1715228705701218,-0.6227898449899545,0.0020948966340841755,-0.9742010997814163,0.03878627252292835,0
0.08432309862106971,-1.0265073438039662,-0.12041278991090662,-4.375955412652466,-0.06322334613838024,-0.7353923504444182,0.0019454948334217941,-0.974343996859283,0.04128728775429763,0
0.08585254216288696,-1.0191190764793614,-0.12176813998018877,-4.4947889675929265,0.06950293691529348,-0.8489402504831086,0.0004241984908100456,-0.9738574441905482,0.04450408908937642,0
0.07958433097957285,-1.0150112116734813,-0.11191732735096631,-4.570320927084479,0.21566082454814062,-0.9508097756089137,-0.0013140029310932512,-0.9730587577569507,0.04792583788402583,0
0.07158964658517042,-1.0148961679785509,-0.10085696718933435,-4.591721506804138,0.3521688556088037,-1.0281186214464249,-0.0019354597068509925,-0.9721359561552949,0.050806943465696176,0
0.06835664088439648,-1.0148778218714678,-0.09807110067221636,-4.5825149655218835,0.4580638653055153,-1.081344677062916,-0.0010564784179553975,-0.9707535820403951,0.052673614597184636,0
0.07214936146622858,-1.0121782035410336,-0.1030931010723764,-4.591597377489167,0.5352665479105736,-1.123801218269714,0.0007076664091129719,-0.9685896729003944,0.053807529530759166,0
0.08019253704141588,-1.0080074221640427,-0.10874817295106297,-4.647552153831334,0.6127614999355795,-1.164262295487261,0.00239773801312825,-0.9663577310808438,0.05500092652602276,0
0.08715005938191507,-1.0047478134815997,-0.1096264714775812,-4.733632504787365,0.7183083136708531,-1.196404282658032,0.0033918716860105126,-0.9655021206782324,0.056782496391681876,0
0.08982929257115724,-1.0030563859585337,-0.10595913301542924,-4.811586070263576,0.8459014117428449,-1.2056916656803027,0.003878148399366129,-0.9664855628214539,0.058840856645675274,0
0.08991374431669459,-1.0027530344730982,-0.1014156194348354,-4.858041694397688,0.9680606616294541,-1.182257315794578,0.004754046685541608,-0.9681261745661294,0.060214552746810916,0
0.09138475491092309,-1.0041590336723867,-0.09908085076407902,-4.872472412496029,1.083065234709656,-1.132582202740416,0.006775032897275945,-0.9690783515124743,0.0602317940645547,0
0.09543747498611928,-1.007057896228526,-0.09969547377591265,-4.863405265317432,1.2271931060388146,-1.086068190787857,0.009727082820159239,-0.9693056031795318,0.05925942504429496,0
0.09901475801839564,-1.0101200354839608,-0.1024092671342183,-4.839903603225648,1.4281185314185052,-1.083068125019582,0.01259478850351833,-0.9695736987452451,0.05827514158137888,0
0.0989167573355993,-1.0124701924755939,-0.10553759240461572,-4.811582358350775,1.6650024783113027,-1.1446773060436022,0.014540747000364018,-0.9700703157565054,0.057746092713629335,0
0.09626190127522087,-1.0143417766590956,-0.10690205009341566,-4.786548520206826,1.8916694837351211,-1.2549502466138829,0.015553663286235118,-0.9703412852906399,0.05723502490603854,0
0.09512807811770223,-1.015824510921874,-0.10558681653596108,-4.768175440955822,2.088326117996259,-1.3783854583800224,0.01612517643325331,-0.9704048535673042,0.056091966673757813,0
0.0972361166674029,-1.016650988199948,-0.10375506730661785,-4.755424415936587,2.2746674657721493,-1.4928972880180003,0.016489410265530913,-0.9710030532959529,0.05427411713865636,0
0.10028915615907862,-1.017264044143163,-0.10458352467302057,-4.74477794425608,2.4785745403476436,-1.602944177686783,0.016349436675503152,-0.9724786233991505,0.05242843194652357,0
0.10157296779153248,-1.0183424981743325,-0.10769623107892891,-4.733345156577989,2.7081096074463185,-1.7249715889492605,0.01536394786053611,-0.9741293175219662,0.0512330619892325,0
0.10065967586431153,-1.019281724477021,-0.108951673671106,-4.721968187800394,2.9545125931984537,-1.8662055808313194,0.013750529306529091,-0.9751505898640694,0.0507717582656663,0
0.09830280437306266,-1.0187228836204256,-0.10593479798539705,-4.710524202158081,3.2087080575884084,-2.017619248035911,0.01215277170163626,-0.9756800571479859,0.05078965813090778,0
0.09531217525110974,-1.01663185124264,-0.10135569205783533,-4.688309107439064,3.467371744951363,-2.161228320109363,0.010823254089487446,-0.976319584008715,0.05146281418616292,0
0.09304473430732188,-1.014676036404906,-0.09933791772015693,-4.637711367214884,3.7303250804854367,-2.279532833022466,0.009255977293439386,-0.9770555251069144,0.05332874637777858,0
0.0925801499742036,-1.014446377548369,-0.10024640095906065,-4.552102549041235,4.0016653844949275,-2.361060321809816,0.007074663815681973,-0.9774313585292602,0.05630954245702551,0
0.09277460959761406,-1.015998722999933,-0.10085411749951761,-4.442242622755403,4.289603283390882,-2.4025030332359165,0.005147095723385355,-0.9775377406820664,0.059472842855498885,0
0.09122376727091193,-1.0182669768830854,-0.09825968598526083,-4.3212743514879195,4.592987971648113,-2.4066173704060705,0.00502466019752856,-0.9778757220841945,0.0621250976849923,0
0.08788708346120432,-1.0204028295738738,-0.09257026178698874,-4.194171059312896,4.887676566410741,-2.3771173158471415,0.0069670338376481905,-0.978177205255253,0.06451683196516952,0
0.08593448777116978,-1.0220371226707086,-0.08674616835728882,-4.068264711102979,5.138870110206609,-2.3178307815394663,0.009266132662940787,-0.9773500412395965,0.06692018735308561,0
0.08791890066623045,-1.0223307157171073,-0.08424623000888576,-3.961021400399531,5.328898312284727,-2.2394953757644545,0.010050224888221158,-0.9750841465161029,0.06853941768490564,0
0.09236918647347697,-1.0201354151777886,-0.08628789983625286,-3.885653349004366,5.458260756925201,-2.163156731647638,0.00918489238567793,-0.9727779292227929,0.06807976458779577,0
0.09532568423933267,-1.0158276513835567,-0.09151218587681896,-3.8401049269738587,5.517747131216066,-2.1073889366524265,0.00786085956706705,-0.9720661872532099,0.06520110502900993,0
0.09453880463247383,-1.0118267423427705,-0.09785601864665369,-3.824901297551009,5.484713476168892,-2.069588598042245,0.006779774747655157,-0.9727521603854961,0.06091389399750699,0
0.09117875509284883,-1.0103757899393866,-0.10347326372791049,-3.8626925052562093,5.363044314380507,-2.0289264951058956,0.005431030635039965,-0.9730465456123338,0.056751797734822786,0
0.08772000281219795,-1.0113436749183586,-0.1065457729455858,-3.9783084485396065,5.207854175877155,-1.9739794519695102,0.0031011412008070537,-0.9718060240446319,0.05387123024450896,0
0.08507843636861746,-1.012483890559281,-0.1062185453583554,-4.154029466445648,5.090155023010544,-1.9176361948667944,0.00010555814834401601,-0.9697249530633678,0.05266012388146513,0
0.08234587886709596,-1.0115167359287138,-0.10358158348318955,-4.318721193786123,5.046283477469196,-1.8753313254503046,-0.0021836502452664257,-0.9681336323968198,0.05292691571345243,0
0.07898882004316685,-1.0082786381301387,-0.10040705018437575,-4.395710995331297,5.07161111938383,-1.8413880298679008,-0.002528805961383673,-0.9673363629838159,0.05445579634550944,0
0.07610280833916748,-1.005133932474283,-0.09718210985361402,-4.365162198999593,5.144883635234145,-1.802109738118901,-0.0011490995148167697,-0.9666512502244923,0.05703227652646389,0
0.07498086769790457,-1.0047099407009665,-0.09348413873932215,-4.278709237760991,5.2391498393350195,-1.760681096058058,0.00030117924360430963,-0.9657818791409625,0.059683680091415114,0
0.07583428481098305,-1.0070853860730975,-0.09061923074162027,-4.21661382962985,5.318231529400393,-1.7301951244064444,0.0005190689605241992,-0.965571228373546,0.0606670058324173,0
0.07867131914940159,-1.0097179159049061,-0.09281881453051846,-4.233790079069408,5.343087104322837,-1.7075818538811354,0.00019648566390702862,-0.9672015217900133,0.059061563644794035,0
0.08345994131463626,-1.009921616338815,-0.10342845214041457,-4.33908035619891,5.288936892568847,-1.6713146044713698,0.001228732893620809,-0.9707282219622128,0.05594780192297096,0
0.08825393919840488,-1.0071264139863756,-0.11884016715645011,-4.511626973599251,5.155478585807488,-1.6038206438740599,0.004214340809955429,-0.9744664800346474,0.05318901591056903,0
0.08943789177874885,-1.0033404250430646,-0.12890997845206964,-4.729559679606768,4.963692055132074,-1.5024484240865266,0.007386450004162298,-0.9760097319187713,0.0513289264050664,0
0.08561827879162656,-1.0015489870295868,-0.12674616463323793,-4.982287510748532,4.745303290951962,-1.3689303799903216,0.008382003581383933,-0.9742621921260308,0.04940503783976887,0
0.07968169774901063,-1.003023201425705,-0.11703404318961318,-5.25692216375849,4.529585385615201,-1.2030796244848574,0.006657307577955003,-0.9706215264984874,0.04665603958442236,0
0.07570252440531972,-1.0062967799517828,-0.11089361358850963,-5.522526732821056,4.33128507404109,-1.0096568043600274,0.003680559156403777,-0.9677248760737958,0.04379839665349864,0
0.07538080967946621,-1.0090678990621933,-0.11275536615642653,-5.740417605889635,4.1474536647213025,-0.799509158754053,0.001115666381717924,-0.9668008255260957,0.04249257825322114,0
0.0782384971599463,-1.0105568937446934,-0.11650459424791006,-5.891132135302635,3.9668574824345466,-0.58201450124909,-0.00040043862540641896,-0.9668705946628223,0.04369163367796506,0
0.0829511057780211,-1.011742366024004,-0.11503545341332656,-5.984757060607712,3.782547845112594,-0.3646393272619507,-0.0008269133478298581,-0.9667565329762781,0.046577415601705884,0
0.08717582663536128,-1.0135845171398108,-0.10942243891421162,-6.043737989621662,3.592848063772896,-0.15689719036446845,-0.00010301716102117448,-0.9667486854473591,0.04920055822252711,0
0.08814471045954902,-1.0149724973492527,-0.10692602637602107,-6.079999043462855,3.3894079596832807,0.03595034169350485,0.0014776618544446159,-0.9675958201075455,0.050138397115611695,0
0.08513503309364281,-1.0128692727408268,-0.11208931139763537,-6.093939534677627,3.1506203816921206,0.22290243561998338,0.002739703772474641,-0.9688087524883231,0.04927911356112352,0
0.08055261311876868,-1.0058085224237983,-0.121622237974519,-6.097505632023748,2.85668557479586,0.4218651101680255,0.002313272372377078,-0.9688903437657198,0.04699414508574841,0
0.07766898746303323,-0.9971411967119972,-0.12839739608858788,-6.132029820842326,2.5131935855930507,0.6380853237305257,0.0002292212421788116,-0.9669849838937138,0.04326206574328337,0
0.07752981068227204,-0.9927367066752916,-0.1296643911872289,-6.253575196361189,2.1523951858060073,0.8483074394285639,-0.0016155214065259307,-0.9638572251364769,0.038301088235989905,0
0.07833436831520037,-0.9948289632685084,-0.12946028480987237,-6.493595737760666,1.8057754927386602,1.0130890510456214,-0.0013687215195668167,-0.961241929147116,0.03355247144748557,0
0.0775334973981698,-1.0000348417409166,-0.1323142696349788,-6.827619999026786,1.475137346154764,1.1117238622651922,0.0003123290575942905,-0.9604017013663837,0.030929204704094024,0
0.07403464119124278,-1.0040118562996279,-0.1366531321691996,-7.180325367720092,1.1297768925998741,1.1650527925690097,0.0005168430002627624,-0.9614827113131756,0.03109023560612872,0
0.06849737526419813,-1.0059588881305968,-0.13655482879420325,-7.4694571171090125,0.7334856068746336,1.221284412649575,-0.0027400627617729626,-0.9640369230711112,0.033225897304731355,0
0.06266230970741579,-1.0078678423158705,-0.129255553702546,-7.653247805278867,0.2800784453348855,1.3176977689591702,-0.00819062956570086,-0.9675668969454674,0.03636294990594731,0
0.05907244530537009,-1.011516572295617,-0.11868125473333098,-7.735076339661738,-0.19705142988498106,1.450429313049567,-0.012551193824421946,-0.9715725853284918,0.03999410049437735,0
0.060148249417144785,-1.016960693388839,-0.11168036630020672,-7.726193429762195,-0.6557215413380659,1.5771189265592662,-0.013492337845434252,-0.9756279545502579,0.043482634263765176,0
0.06597178536211118,-1.0220871105933584,-0.11268372808107442,-7.618535154253694,-1.0846225426423222,1.6557544413386471,-0.011064787214305264,-0.9793456204135221,0.045788469472638794,0
0.07337746432576066,-1.0234484098371825,-0.1212115896383828,-7.4046362208938845,-1.5060140309691121,1.6874620922170926,-0.006843886031449312,-0.9819467282130203,0.046119326830375416,0
0.0783772747520187,-1.019621387941655,-0.13177076792179582,-7.121155836748327,-1.9398670818531882,1.7143618189999428,-0.002416810886717464,-0.9823297621970201,0.04439876129243126,0
0.07948292345829709,-1.0134750171473452,-0.13716017306183542,-6.858046738052071,-2.375676733586687,1.7700687315388546,0.0011604907499163171,-0.9800268716161636,0.040932933892313825,0
0.07845273709152933,-1.0091617867609763,-0.13543827172908424,-6.7095117314343256,-2.7843133058634884,1.8421096770586542,0.0030336125564131185,-0.9758390633007585,0.03594657755323473,0
0.0783460187698137,-1.007930438563843,-0.1329617165423379,-6.717590557769461,-3.147272200651943,1.8909700893710535,0.002718664386670542,-0.971362441711189,0.029616030689877944,0
0.08071350352441074,-1.0086529281445398,-0.13728644304818716,-6.8746606880570065,-3.4636833110313177,1.8968940894990471,0.0008983126101578275,-0.9680024055016382,0.022488578083903036,0
0.08362505511213528,-1.0104641365590992,-0.14799246329538449,-7.168948695813398,-3.734050666660435,1.8771574670617945,-0.000868141830803648,-0.9663670659897953,0.01573426725169505,0
0.0826990549093652,-1.012761862542925,-0.15754772919288004,-7.5965489844758745,-3.9491246504618314,1.8627973793014716,-0.0018644125891879022,-0.9665012103230474,0.010709511757642254,0
0.07578295436506884,-1.0144493154860748,-0.1603641194343912,-8.11963170195434,-4.095213739139395,1.8684923800678528,-0.002952404583764129,-0.968441548521972,0.008106483024177583,0
0.06714907600496207,-1.0152064811423462,-0.15801700531620494,-8.633108258520958,-4.162671785895044,1.8832568063169899,-0.00495522672825405,-0.9719387637598582,0.007623885638398489,0
0.06545153795379245,-1.0162809286334487,-0.15550108518271505,-8.994277779115576,-4.150134956369662,1.8847841810498087,-0.00695900580359038,-0.9756875160337958,0.008371359161026314,0
0.07544793963960232,-1.0187140811017263,-0.1550060813427345,-9.0976876634269,-4.0714428784550725,1.8622944306618907,-0.00704054766181356,-0.9779677193988987,0.009401247448476998,0
0.09162766737696616,-1.021983740987323,-0.15479284798238316,-8.930802039814134,-3.9611874134086245,1.8217985176468359,-0.004356147852219647,-0.9785896982056217,0.010176337605543607,0
0.10264558735103443,-1.0251982187475777,-0.1526745091485552,-8.565359419117012,-3.859259951191123,1.7654963152592535,0.00025423464506221604,-0.9791197789963845,0.010970018912181917,0
0.10343898058090786,-1.0278961888221487,-0.1486348296693618,-8.101305390108442,-3.778569176574127,1.6754922849231395,0.005541422982130141,-0.9802675383499058,0.012648214487895416,0
0.10012254706876042,-1.028471205969778,-0.14437857268044207,-7.620263078596931,-3.697890673243358,1.5291850277802788,0.010811493644889918,-0.9799740010886995,0.015687475544150654,0
0.1013562758078875,-1.0238804940504551,-0.14170902079804293,-7.1766727407540865,-3.5976134598997858,1.3271791892033529,0.01554271026879339,-0.9754171565386578,0.019390141125814195,0
0.10840044483786887,-1.0135494208722622,-0.14099434220286225,-6.801211096717991,-3.4878086989460844,1.0989419700946368,0.019109988431506204,-0.9667112294307434,0.022289363029904488,0
0.11584379255178506,-1.0027953535211216,-0.14027423219202065,-6.497487399180856,-3.382248405484866,0.8820455911808244,0.021589868237909784,-0.9576721903464693,0.023574923032549943,0
0.11931716072033757,-0.9991143659793111,-0.1371529590966773,-6.25414812617221,-3.2582268455864787,0.6940434354336886,0.02426518511708412,-0.9526608393251715,0.02400613205743683,0
0.1197700466342168,-1.003567609659531,-0.13327624024803553,-6.0753255377821125,-3.0700825478529157,0.5187203125088687,0.028352864074612658,-0.9527553269035642,0.0248106823844016,0
0.12040983379128303,-1.008024355946467,-0.1350734000922734,-5.986140079091436,-2.803251656467182,0.32342310593150114,0.03294184210169373,-0.9551524379705207,0.025650197918957365,0
0.12129116420009266,-1.0040705942818817,-0.14622640745596222,-5.998437188848281,-2.492956208814211,0.09870546574664463,0.034924609485818374,-0.956667665230397,0.024786687910889182,0
0.1189396206141209,-0.9939339490243283,-0.1598166206726084,-6.083553739087203,-2.1813863932095403,-0.12015743627758677,0.0321095291121344,-0.9573220295953846,0.021766864642797257,0
0.11146014825918353,-0.9883346516616168,-0.16333587729588073,-6.1914752347308735,-1.8707552800014366,-0.2798578771548821,0.02639938707517029,-0.9592542860507502,0.018663340253106057,0
0.1020540172727505,-0.9931508305155353,-0.15356986883909807,-6.299517238034098,-1.5284435176929567,-0.3605548735902441,0.02248471403169524,-0.9628229564352243,0.017723094974404517,0
0.09629860694641104,-1.003259542594795,-0.1412260456406734,-6.439132843015157,-1.1316429042105076,-0.3954413046298835,0.02280809482462899,-0.9660433443556701,0.01884177295689228,0
0.0965755821247314,-1.0105993463571723,-0.1375244113116815,-6.657464482582133,-0.7041569317718495,-0.43637891983870913,0.02501915897855661,-0.9676752200343672,0.020254312976927515,0
0.09981869479836951,-1.013243401337676,-0.141430407671166,-6.93411109837685,-0.3155457779727996,-0.5063888054925226,0.025048576085445647,-0.9687751006781737,0.020757909850777596,0
0.10066463162313866,-1.0151126185126844,-0.144339880474625,-7.155123265954571,-0.03630006133949283,-0.5883547583443216,0.02153414968930945,-0.9713271726009775,0.020405048416915452,0
0.09657230909174545,-1.0204297042441413,-0.1425488695283093,-7.212797380151134,0.12294142419616329,-0.6504328042121289,0.016345525610784693,-0.9766502502153569,0.019735459800107637,0
0.08973782795837036,-1.0292463608401774,-0.13961476058514447,-7.133358272407245,0.2239758618122979,-0.6746437447087837,0.011658774079606625,-0.9841450662145386,0.019112060805704673,0
0.08433291063790233,-1.0364492594412549,-0.13914995739668276,-7.057415901179098,0.3395382092669294,-0.6649511149864968,0.007865725947069455,-0.9901419590625671,0.01848425427093142,0
0.08243822488743227,-1.035771617302083,-0.14078259827384262,-7.070769228183624,0.484515785463226,-0.6342025696112562,0.0043538310949048555,-0.989417534834196,0.017293144376103072,0
0.0824764386136728,-1.026173099626401,-0.1428742566355028,-7.1018913717398355,0.6163055194378595,-0.5857638976157256,0.001035750446535049,-0.9801049464188264,0.014914585944664091,0
0.08096797999179246,-1.0130865872614687,-0.14506442443553264,-7.034669221699841,0.6906141033355215,-0.5098906714521354,-0.0017809711974534892,-0.9666072122929045,0.011768573799653194,0
0.07601244788832502,-1.0027435983463768,-0.14710196643674447,-6.888338248265235,0.7035399733738636,-0.39886766550817854,-0.004434000991678041,-0.9559627532653382,0.009719727514319675,0
0.06958578321884515,-0.99723893563562,-0.14756984574108592,-6.8199417300049205,0.687546850478873,-0.2623441659112765,-0.0077023531931387215,-0.9516532048426936,0.010672246918678414,0
0.0660888498837645,-0.9953648011413614,-0.14523304464984174,-6.949286529590836,0.68028702546831,-0.12409097433333074,-0.011308413449914513,-0.9518207633069735,0.014724093153872745,0
0.06815139069094886,-0.995404832965928,-0.14122794590052354,-7.226429059940287,0.6928483851987122,-0.004933358981598919,-0.013317063177037666,-0.9523999559600632,0.01985405024182335,0
0.07421532428090673,-0.9964297097482705,-0.1390379613178525,-7.490282172275787,0.6970718494813077,0.08844679269812997,-0.01188596535189971,-0.9510821839026482,0.023264024276180923,0
0.08041251936325601,-0.9990417573906766,-0.1410177199040177,-7.654087472205519,0.648826043678713,0.16234723950759491,-0.0076383550271968996,-0.9494775349160625,0.023448401758925513,0
0.08384451763486034,-1.0046135551140511,-0.14467399043326007,-7.822577723757355,0.5326297689631356,0.23169478898189186,-0.0033817234034794305,-0.9517402567954313,0.021640498743106775,0
0.08364687164535,-1.011821502924584,-0.14480109435471952,-8.193574762576286,0.3755513547929014,0.313902372495504,-0.0011203166838571381,-0.9593357135346932,0.02068195576076659,0
0.0806489984721751,-1.0154994218171236,-0.1407862914524346,-8.818527809336235,0.2105550488788573,0.4162977347935109,-0.00025747493530379616,-0.9673138295324428,0.021473164814546405,0
0.07758587687061423,-1.0118769121317375,-0.1387969343441592,-9.495881831440753,0.03964153254066563,0.5298018879898935,0.0009114368941704701,-0.9684389534094847,0.02123895759354988,0
0.07820130726291262,-1.0037704821640887,-0.1439143315677858,-9.964571019001351,-0.15620602307308717,0.6436770782419845,0.0030124498516458853,-0.9616056761444854,0.01682427440401154,0
0.0836790932186143,-0.9980292203559378,-0.1528453560018067,-10.194466759313984,-0.38157151607332584,0.7654115831515029,0.00529254442005215,-0.953867274449682,0.009239065628750653,0
0.09019005420909178,-0.9989393986740301,-0.1581282537155543,-10.407089367254843,-0.6130790459950999,0.9192088652612562,0.006505706984168755,-0.9532819909145264,0.003041888223098587,0
0.09207406176872476,-1.0057785475800396,-0.15752141924179344,-10.794382265931407,-0.8184624830085048,1.1239674045294699,0.005642370383434502,-0.9612644780566819,0.001141536151113757,0
0.08770645959884357,-1.0147960970475542,-0.15543050375630732,-11.301195460480436,-0.985700783980874,1.3707397019884238,0.0023825398647888,-0.9721749591549912,0.0019268975896245173,0
0.08067943399171812,-1.0211729451834444,-0.15660599762413452,-11.712131597467927,-1.1403740951422803,1.618034767209255,-0.0025259398627355983,-0.978435111171951,0.001920526276515425,0
0.07527543956989857,-1.0205794290775159,-0.16196657046209584,-11.855721129069611,-1.3398507914264899,1.8142343922411102,-0.007160149364242411,-0.9754341256071749,-9.374799746821331e-05,0
0.07244553123285298,-1.0120446458024794,-0.16929872190253065,-11.677615586338437,-1.6375060510245847,1.9326446239403137,-0.009444791723449314,-0.9638468230719099,-0.0021501721645118695,0
0.07034554436226109,-0.9999055802723962,-0.17450148318911665,-11.227933614068801,-2.0287741115500637,1.987663243484046,-0.009346637095085139,-0.9495119588928315,-0.0014477039551770757,0
0.06741233131884426,-0.991322256146364,-0.172742846078551,-10.684326855035293,-2.4262278297294726,2.020455311761315,-0.009575127921084033,-0.9403316839161285,0.0030462286728833205,0
0.06437068501098654,-0.9907590352137347,-0.16196149385564562,-10.32614852174555,-2.7064448937232863,2.0697194676370243,-0.012733312668725325,-0.9407660505745068,0.010092447093311854,0
0.06348859582145,-0.9964626689121752,-0.14629279300204232,-10.352374844183421,-2.7996218120729184,2.1457295754326924,-0.017948947487690756,-0.9480958339598006,0.017451442002568776,0
0.0657859135226264,-1.002062044208352,-0.13398969083057505,-10.684728114109213,-2.7364762962471016,2.2231176494818112,-0.02143563696316972,-0.954647509350454,0.022974413323573133,0
0.06932995932607748,-1.0021718762966711,-0.13051531705144764,-10.999659878611087,-2.6076569069024678,2.264797477831596,-0.02031049960634253,-0.9543582916094423,0.025013495863153178,0
0.07149727656562747,-0.997223907153401,-0.1343994084730149,-10.998790541615255,-2.4818172026222616,2.2616507031856226,-0.015252362854091359,-0.94742621409224,0.023238751870615425,0
0.07277902773437304,-0.9926342404270502,-0.14070096112398728,-10.664749829321426,-2.3626864501002554,2.2447941788656274,-0.009639055373463627,-0.9394901918187101,0.01930336878956136,0
0.07621850706573954,-0.993005964465458,-0.1474892790189972,-10.272726361078924,-2.213646422124334,2.255997566587309,-0.006411411014582641,-0.9372264879389677,0.015504290399045962,0
0.08246892227054742,-0.9976869213929995,-0.1568823381302318,-10.172961612674888,-2.0106800044210655,2.316582661326304,-0.005576239304941359,-0.9436508777015407,0.01236659609298743,0
0.08766684364407666,-1.0019993269250036,-0.16946529270687014,-10.544294327998072,-1.7730732001406566,2.4267582693144587,-0.004747520429359121,-0.9554256543817339,0.008320758265173724,0
0.0877004665518894,-1.001842518283282,-0.18040634544535633,-11.290434330804215,-1.5548276571155277,2.5752012024871234,-0.002201015290195686,-0.964281512607754,0.0019611125479554003,0
0.08331488448226144,-0.9968565449418226,-0.18394265541159457,-12.107370613926651,-1.4090591557156267,2.7389595247587413,0.0010966887331331175,-0.9628577205545117,-0.006081900155374027,0
0.0793620059332888,-0.9899951931054346,-0.18090569417566632,-12.664389238275845,-1.3524666004062285,2.8899253652770285,0.002808034074014999,-0.9507905585789028,-0.013817210992225094,0
0.07930789125553045,-0.9846334020246139,-0.17831498900967108,-12.81876268452071,-1.358538394397319,3.013137991457509,0.0019161033835235152,-0.935310325826015,-0.019696683295204298,0
0.08190097692964245,-0.9821333970078422,-0.18064909737104143,-12.734562384066002,-1.3832512466283249,3.114009288011715,-0.0005711595327236925,-0.9256922212769568,-0.022936799218224974,0
0.08345026105065119,-0.9821423797792457,-0.18476667925270965,-12.765655757844538,-1.3979632250394707,3.212899597093955,-0.003160381744516858,-0.9267388835891748,-0.02284888917692783,0
0.08195337729893325,-0.9844261875518863,-0.18522001335503108,-13.137887761805603,-1.4093398165042612,3.3450515354281762,-0.005236250533773612,-0.9362274789017715,-0.019601546195939876,0
0.07801021635780092,-0.9888966893399751,-0.1814765173296221,-13.711623603395344,-1.463289008072446,3.5521101456124575,-0.00700377751342526,-0.9472440659317811,-0.015372687508753237,0
0.07269539631048552,-0.9938564918931821,-0.17714695300393954,-14.084251601769067,-1.6247304801885203,3.8470825564528686,-0.008910996270974355,-0.9533161179086582,-0.012809846232645368,0
0.0665425762636948,-0.9964096938419442,-0.17432602988751364,-13.944197858409355,-1.929943387510744,4.189581876322363,-0.011240484152986117,-0.9526548145046668,-0.012368269333305232,0
0.06103603953335219,-0.9956145380105249,-0.17196480200623288,-13.320779832747656,-2.3457182867644826,4.5126115222268925,-0.013750545347187898,-0.9483268875953247,-0.012706096821270364,0
0.05906311238486667,-0.993556911381201,-0.16900676108437102,-12.514523870042053,-2.782421981549092,4.772243240076135,-0.015798060340923435,-0.9448411051593082,-0.013097363303490333,0
0.062088957224234326,-0.9925718629222324,-0.16608878740222316,-11.832485020449708,-3.1576394910888856,4.968130052760315,-0.01723337606387477,-0.9446901792292371,-0.013481672981425524,0
0.0676282334037491,-0.993060706893309,-0.16363455171249966,-11.388171735539377,-3.44984088807216,5.129600318865548,-0.018799230771810376,-0.9472217878735962,-0.012595410219788286,0
0.07117873469554205,-0.9945444817512495,-0.16046847234463937,-11.086163117414042,-3.68954301151462,5.288995076870506,-0.020923796975737825,-0.949754046100715,-0.008440523383863153,0
0.07071770425158334,-0.9967489325490033,-0.1555177038745445,-10.732464987550495,-3.902230317026331,5.458613886698417,-0.022380264935836492,-0.9498486544527084,-0.0012247055693301316,0
0.06828385056289693,-0.9982822204674218,-0.14995422153795937,-10.165580683416572,-4.069533166835299,5.62684823577873,-0.021148228190456895,-0.9468440121450042,0.005691821176820398,0
0.06717976025020826,-0.9962075194659449,-0.14695174277150969,-9.357311191923147,-4.151616738158009,5.776306255987175,-0.016790153487902585,-0.9414893889902353,0.008713940365060254,0
0.06874823951214931,-0.9895601894002759,-0.14907483646423006,-8.471366992685528,-4.135345399590128,5.901681774428822,-0.011072715222664335,-0.9354162278444863,0.00737515083818953,0
0.0722313392574607,-0.9825025399167212,-0.15490775427949277,-7.838618751275785,-4.038579747554055,6.009009077479726,-0.00596033976153951,-0.931711145691943,0.004467549672581689,0
0.07653189464930907,-0.9811334225735175,-0.1587388472328442,-7.789838491707698,-3.8672834638002933,6.103942270724908,-0.0020457057749286452,-0.9339703961707535,0.003286293086076274,0
0.08072546073452243,-0.9867521989134092,-0.1562061841291109,-8.400329305144552,-3.596896761032751,6.183140440144622,0.0006921826079564215,-0.9424395303617554,0.004856911787264173,0
0.08340524248727582,-0.9942879960504035,-0.15044115435640848,-9.36699138658335,-3.2145740511404544,6.234203506815348,0.002030929535097668,-0.95190176203046,0.007361721774812631,0
0.08353446248763186,-0.9980492305152395,-0.14957318517582852,-10.195327394311422,-2.7648982160953572,6.246438799731464,0.0022666989188878327,-0.955819259737371,0.008179774544196338,0
0.08241219849854749,-0.9973944412258658,-0.15720240938863805,-10.57395996067804,-2.331642990567131,6.224262121041104,0.0025945327806332257,-0.9529224560374633,0.006689929102801925,0
0.08301790674379653,-0.9958122436496145,-0.1677698981319138,-10.5876005713454,-1.9736955379196872,6.1847487650328645,0.0037115500476098957,-0.948259877157638,0.0046750256072700894,0
0.08621903350492394,-0.9960718127942221,-0.17284674972816716,-10.566714182682835,-1.6903004673019535,6.143286299711956,0.0048707007454055675,-0.9475493010474026,0.003702013926953817,0
0.08868868431844745,-0.9980027265359236,-0.1705925833323041,-10.750890962907135,-1.4501550402604069,6.113612681943858,0.00499572779492118,-0.9516708699384941,0.002929993893859019,0
0.0861673823423862,-1.0002417607164404,-0.1671361623176593,-11.117879613258086,-1.2467163366947867,6.118406989448187,0.0038920956184791454,-0.9569373477213579,0.00024426581030317115,0
0.07878979252973368,-1.002708605904291,-0.16905339805386008,-11.504685171249191,-1.1209784156891622,6.177080327122717,0.00192527007963234,-0.9599713300665964,-0.005060645406276022,0
0.07180559512101806,-1.007200936420295,-0.17663693653383217,-11.813677126517463,-1.126167008874914,6.275484209010009,-0.00045807797703044243,-0.9616168668037197,-0.011606673624855101,0
0.07027539438739339,-1.0151525532823942,-0.18500718503453878,-12.056251259713719,-1.2664337149741112,6.366057030868527,-0.002411907684178406,-0.9653980871747101,-0.01751991189120218,0
0.07396844010570716,-1.0243262121092949,-0.18961592921553944,-12.236755203811356,-1.4793132793258423,6.413340123851776,-0.0029468925260023155,-0.9723138784001032,-0.021662268094760607,0
0.07825860011657303,-1.0293233312184782,-0.18951085029186765,-12.271189569360459,-1.6870514468453397,6.431486881158142,-0.0021723001067301645,-0.9788808615081659,-0.023409268842253188,0
0.07898750372494304,-1.02712213690026,-0.18690516323538525,-12.053373818169316,-1.8525550638659676,6.458717544905353,-0.0015745243900771643,-0.9812612507429681,-0.022461768567595755,0
0.07557488299932635,-1.0209675480154137,-0.1845923245787519,-11.574849352190641,-1.9777715531888438,6.492333121982406,-0.0024709933692146756,-0.9797921515878519,-0.019365983894000783,0
0.07058369990413457,-1.0170083359532758,-0.18282625128662916,-10.94670265830773,-2.0747044460121344,6.465920210826651,-0.004754694366210958,-0.9779127966978463,-0.015284999798124602,0
0.06738693018298916,-1.0178461173494648,-0.1789834108218662,-10.307466957424968,-2.1652412404452717,6.304595065156834,-0.007695700519431233,-0.9775156033933319,-0.010754601751443566,0
0.06742006350361661,-1.0207904737488998,-0.17158059313385648,-9.72796381116346,-2.293094093091735,6.0024562562153125,-0.01124988424954717,-0.977109956082865,-0.005614755640836474,0
0.0688881368382518,-1.0218300344657247,-0.16363663119367144,-9.196490466951646,-2.4983204374496797,5.642052880665316,-0.015657626007925692,-0.9746767262796621,-0.0006892478087858396,0
0.06887656778670598,-1.0200281950174974,-0.16010303689176916,-8.671680250162932,-2.7680733588754505,5.335164816228338,-0.020132052395700453,-0.9709845024480267,0.0017530053886319408,0
0.06701708137512145,-1.0179259267399299,-0.16227859406231654,-8.15022863275128,-3.0290535105795278,5.137777094820665,-0.022831282068149685,-0.9690509840220848,0.0004721564155383,0
0.06595130284719339,-1.0180645520215845,-0.1662360524840381,-7.697870404317808,-3.2023595797882503,5.014301345746484,-0.022205533783954838,-0.97050723563316,-0.002538740986135114,0
0.06801544421165104,-1.019678202509967,-0.16728175076848564,-7.400537443736794,-3.259495924378224,4.88169876299967,-0.01820241282011809,-0.9734942317830826,-0.0038242353016663803,0
0.07283721578006219,-1.019723166243537,-0.16544909790816764,-7.2611579536069035,-3.2146122539603628,4.691628351245393,-0.012409584881922396,-0.9747096683829454,-0.0024444157276709497,0
0.07820624746214369,-1.0170249588156572,-0.165262827702418,-7.169345417134954,-3.073340242410421,4.47029646915824,-0.007040767240653142,-0.9728464452101332,-0.0010755818081617245,0
0.08175240515164922,-1.0137265696995814,-0.16967346652266643,-7.027313961630313,-2.8152481350908873,4.276535118131178,-0.003447518669246024,-0.9693382990764922,-0.002923079244367738,0
0.0820018684700628,-1.0119618632136782,-0.17654912820885255,-6.9028142805066866,-2.434918273789283,4.130506110493627,-0.0015945045368418614,-0.9664591419951508,-0.008435200134050516,0
0.0796745227307727,-1.0107776938810322,-0.18257793979745868,-6.996701177113453,-1.9824317757964967,3.9979209701943597,-0.0008607054942856359,-0.9655442903754434,-0.01549629269719572,0
0.07786937511997331,-1.0079881372684403,-0.18750833375059828,-7.4345740754083565,-1.5440270231971849,3.839243711260831,-0.000802677185520463,-0.9663961843898748,-0.022058074821817576,0
0.07921302535495753,-1.0042055538300827,-0.1923150812388873,-8.118568238767626,-1.1832334030890155,3.655579035548263,-0.0012377415100620567,-0.9673721663850962,-0.027788046868020996,0
0.08276565950119087,-1.0027476353665803,-0.19665565852026995,-8.792338994165682,-0.9126926305133229,3.4811384897420847,-0.0024333021983751007,-0.966363686633765,-0.03350839852906181,0
0.0848385727614622,-1.0053125201945166,-0.20051051341846066,-9.241497130270862,-0.7171409322530488,3.342642370559816,-0.00533354625644765,-0.9629234114407653,-0.039602474803380056,0
0.08253551625901336,-1.0101855812528067,-0.20471116987487964,-9.461996349247705,-0.5732015425532955,3.238751929399455,-0.010661732563292337,-0.9599323259040584,-0.04471129549020471,0
0.07610790985334046,-1.0156517107787486,-0.20776406620081211,-9.66656154973187,-0.4351155696776866,3.1584733396391798,-0.01721842034757555,-0.9621884469329373,-0.046003230497405005,0
0.06909238141252699,-1.022518311743442,-0.2059646576206797,-10.087048524663075,-0.2349224690300817,3.1011967358785917,-0.02181684906960422,-0.9719926073146106,-0.04170242802436301,0
0.06647379532092287,-1.03140595494297,-0.19882759904062333,-10.710744193720373,0.0718502369452751,3.063463194748787,-0.021928801493304978,-0.9859861131308395,-0.03364086044026977,0
0.07072552577515707,-1.0394832471749935,-0.19111677525472612,-11.223043576761974,0.47074296617831807,3.0193096487467397,-0.018103825435812737,-0.9971397072834457,-0.02630437887231578,0
0.07862524517785395,-1.0422613954401008,-0.1874832950071649,-11.254951971412234,0.9091079292716752,2.934629656267455,-0.013056965016076633,-1.000330217902412,-0.022952810959601444,0
0.08353146879141646,-1.0387185181395602,-0.18781585933498735,-10.69288664440625,1.3322304343041653,2.7950731137182725,-0.009102627372523242,-0.9963395372288474,-0.023536310748299098,0
0.08187647848332012,-1.034078100113548,-0.18974477297307094,-9.75692987630291,1.6909066796222207,2.6098176860079,-0.007283808735823352,-0.991403893551973,-0.026616029965659285,0
0.07633173241412444,-1.0368502150625383,-0.1930608055647933,-8.839603495771936,1.9457534949401551,2.4077589953435226,-0.007613437756142375,-0.9931489525970003,-0.03176939617649122,0
0.07189734726076605,-1.0508602316319369,-0.1987937019649318,-8.2888926399541,2.0937246832456515,2.244519774485004,-0.008617584353807507,-1.0047294054859346,-0.03875685122964909,0
0.0702649376081298,-1.0686835753558104,-0.20539330553782592,-8.237401981265883,2.1774908136905684,2.183442128067778,-0.007866052390763982,-1.0204773247659453,-0.04548815756940045,0
0.06946505732226141,-1.0760689777263024,-0.20907146454020656,-8.519218813198753,2.2412181515157936,2.239633339229989,-0.004850639947370697,-1.028749177749682,-0.04913765725413093,0
0.06804829120584564,-1.0665103330741807,-0.20819664628618817,-8.791213488559453,2.2812930604918535,2.359026041533531,-0.0027098013220211857,-1.0224568091988968,-0.04936736204581531,0
0.06683208019695511,-1.0491187727839226,-0.20557014080831315,-8.86521420301231,2.2649445996862942,2.4779986608240687,-0.0053795961329473705,-1.0065997662740216,-0.04853822423050652,0
0.06595848176564191,-1.0382688283750034,-0.20564359900488338,-8.928998266865896,2.1944818526214367,2.593902132822447,-0.013004178314461873,-0.9929688180523328,-0.048308853106703215,0
0.06329974410749735,-1.0377049518557262,-0.20893167532305867,-9.340295280590956,2.1234404899224875,2.7565190890030635,-0.021343284414655498,-0.9881207691781448,-0.04773459656997673,0
0.05752463884104219,-1.0387893394190872,-0.20906857825921069,-10.197067149509403,2.0997554607652003,2.996525550678753,-0.026118273752747747,-0.9888892422417997,-0.04556469622782127,0
0.05050743652783299,-1.0327486845750258,-0.19900893622911084,-11.207389977334797,2.115131063882611,3.283714374301562,-0.027116825010286363,-0.9886079270297392,-0.043166332253221806,0
0.045577493765188666,-1.0207000910156174,-0.18299696014152342,-12.006428586544885,2.1278514994429663,3.558073822517851,-0.02711922304590883,-0.9846365944542503,-0.04382571092328846,0
0.045165962342130515,-1.0112518055451247,-0.17686847817672835,-12.529490078639038,2.1260558945583945,3.7817794548473422,-0.02742172375445409,-0.9793593235317359,-0.04909825743994305,0
0.04976721773759879,-1.0102990213255931,-0.19024267100252992,-13.034047587532484,2.1462294503454316,3.947668952622859,-0.026502074575753636,-0.975829218232813,-0.056684816343622026,0
0.05671128082769397,-1.0147792079992788,-0.21318918905387413,-13.789850723489353,2.2162602162843843,4.05199259444895,-0.02380092419738706,-0.9739114290712223,-0.06274717167489573,0
0.060420078874027325,-1.0169288315955476,-0.2276586368944258,-14.795744619487689,2.2881046885702725,4.082994049908036,-0.022532638805315267,-0.971005831956281,-0.06603376650576223,0
0.05643247070403079,-1.0134737937902463,-0.22812076174890744,-15.810626922510986,2.250504959647612,4.037512420762827,-0.026437007071807173,-0.9662365946535499,-0.0683876141912988,0
0.0458401870961921,-1.0086449359972725,-0.22368084253356418,-16.621816058347086,2.025967024945715,3.932723010311842,-0.03459678495491921,-0.9627118431403678,-0.07099074798721924,0
0.03488082875093944,-1.0081068960551713,-0.22270196195817715,-17.229548363376708,1.650948670386853,3.797731317206924,-0.04190425565642772,-0.964146992253219,-0.07192613361809584,0
0.02951974886232797,-1.012043663607554,-0.22350938670951292,-17.761468012963878,1.248456035070321,3.6639037905174536,-0.04498366515463607,-0.9694552346594005,-0.06877699999188552,0
0.030072164173838456,-1.0154284053387466,-0.2213756668097426,-18.25490780089592,0.9242642107907411,3.5629992742373253,-0.04568753371553875,-0.9727253873028356,-0.06262169353692171,0
0.031310868658596704,-1.0137979783467985,-0.21807263948488478,-18.57963915363575,0.6994684419521259,3.5159594277172364,-0.04784344446286624,-0.969426666734666,-0.057787747314981895,0
0.02859391186448601,-1.0072124875834036,-0.21955786750596087,-18.59014402385348,0.5359315985533801,3.508887821126761,-0.052288049186980566,-0.96092572986012,-0.057612545625174136,0
0.023623283451691783,-0.9991511184780598,-0.22670156229976593,-18.318473426428653,0.40132992942030093,3.4912550137762333,-0.05666326059729379,-0.9518886892193459,-0.06163577513664971,0
0.02241620964393773,-0.9930437805060207,-0.23386473011621825,-17.97650015461262,0.2951775026652574,3.4214387734694274,-0.05889593888658855,-0.9449696616746528,-0.06722778052558644,0
0.027143379594607827,-0.9897367460263763,-0.2373218617589703,-17.773747386626734,0.22476988145945043,3.3168502648139877,-0.0590514602050401,-0.939189339390448,-0.07272519137081375,0
0.03244805737398607,-0.9870602876540346,-0.2402873388473767,-17.76068253939686,0.17640096349823986,3.2427784475488606,-0.0583199107583084,-0.9322121596212166,-0.07810270104742545,0
0.031612714998833454,-0.9816696504473249,-0.24679143039825538,-17.844239001986196,0.11566544351280506,3.2519250642817936,-0.057726256532501685,-0.9232952415417363,-0.08333879015012477,0
0.024341908459921967,-0.9722532982878748,-0.2539421739186381,-17.92525937900004,0.00852968863739693,3.3521765620388573,-0.0578370537343265,-0.9145045559351539,-0.08732032570511086,0
0.016271528124176735,-0.961391157484699,-0.2545454341845125,-18.00944799441594,-0.16307659838322713,3.5296826958360374,-0.05886888560792193,-0.9089702858663486,-0.08863638885398227,0
0.012398176747313631,-0.9534735305937827,-0.24666556781134577,-18.194269127186843,-0.39610440932857466,3.7784479922084064,-0.06054169334374498,-0.9074900952470049,-0.08709813513835626,0
0.013410125562154046,-0.9502075752200958,-0.23691507177271354,-18.557622246214525,-0.6585564879851966,4.099944732880434,-0.061465106036356944,-0.9076070542239938,-0.08422261029610334,0
0.01769734840564818,-0.9493326863947056,-0.23332230049219452,-19.075911653545276,-0.8891195461686217,4.482108528231366,-0.059210324569338245,-0.9069122069732618,-0.08212001322173575,0
0.02427368335106793,-0.9485341599737417,-0.2373235910578582,-19.672233920258456,-1.0274185244725702,4.876813917019432,-0.05255522173656039,-0.9061206683644377,-0.08178631408469601,0
0.03242306075310948,-0.9485310941068545,-0.24411916214318677,-20.325734696368464,-1.0553380873400147,5.2022819661341915,-0.04396271249706915,-0.9072047275256675,-0.08241788281111545,0
0.03967693800899959,-0.9504985503807134,-0.24901703551284876,-21.07051420058602,-1.0043043013878323,5.393849627614805,-0.03824122504513153,-0.9095325259023949,-0.08243029962049382,0
0.042365673629350974,-0.9526024420134824,-0.2512081756760402,-21.867822441805906,-0.9282748200553448,5.466399036228805,-0.037922371475892266,-0.9103271553195681,-0.0812461158748344,0
0.03894376456520762,-0.9518785129167513,-0.25190609880055215,-22.549115991487263,-0.8805601965612697,5.510342621044148,-0.04096060819809232,-0.908615389488306,-0.080165300343062,0
0.031776450354444416,-0.9483965427695411,-0.2515039104940814,-22.95211744196624,-0.9075433366250182,5.6132908122149345,-0.043727873706697,-0.9063035589069279,-0.08133522879604242,0
0.02504879818197673,-0.9451612413751157,-0.25015587528153754,-23.09537675530087,-1.0418904504945803,5.793794310046081,-0.04546721360982724,-0.9051666296702318,-0.08557158874224771,0
0.021457282670670416,-0.9446503888324445,-0.2496658860923222,-23.172443273076745,-1.2901667331070639,6.013694588211735,-0.048716026062768585,-0.9048069212774772,-0.09120589826017825,0
0.020766905313890867,-0.9471364015904877,-0.2522280469451577,-23.37658818657251,-1.629114010764984,6.236585140097961,-0.055644603828095655,-0.9042648589666621,-0.09544714456451692,0
0.020397670543381846,-0.9515368553974126,-0.2571311003881773,-23.753683817750648,-2.015845587454004,6.460175861624887,-0.06521875253699477,-0.9042448422235859,-0.09704495644924564,0
0.017529852187568785,-0.956501097349839,-0.26084489020474844,-24.2089837973249,-2.401387072924192,6.702720208454203,-0.07404994232296877,-0.906526265172549,-0.09724634575148723,0
0.011951872218236046,-0.9609370467938522,-0.261240933676332,-24.614210754417147,-2.7428961698555914,6.97457031605522,-0.07889635759295917,-0.9114666409349815,-0.09784000315825479,0
0.006573500067380449,-0.9639953298037256,-0.25992056929210566,-24.895194378067085,-3.0208884299723016,7.259398083072264,-0.07849485673496548,-0.9170454278380937,-0.09883074422916764,0
0.004055382503520149,-0.9648094132030389,-0.25912879184488885,-25.044743949586405,-3.254450631910004,7.51403194742124,-0.07455662539061793,-0.9205658521617902,-0.09885809131695754,0
0.003908691519497224,-0.9629661033687514,-0.2582351032858993,-25.0831860437333,-3.4912702156607405,7.695511431824412,-0.07105763401235493,-0.9207389224870903,-0.09767541989719954,0
0.004091495224683995,-0.9592022913259752,-0.2555382465434764,-25.015387502260953,-3.77043016178886,7.798393883539305,-0.07095871273206607,-0.9180390117300015,-0.09727554047549059,0
0.004017320963237217,-0.9545883234289371,-0.25272716819839347,-24.828252879668696,-4.0910237747783365,7.8567667238896695,-0.07333531965966242,-0.9137925905770762,-0.10017231432639795,0
0.004539766331980814,-0.9490868227982706,-0.2547852513099374,-24.543903478474288,-4.416082997902244,7.900330498692976,-0.0747669735528402,-0.9093822831026481,-0.10669650795255482,0
0.006067101816543872,-0.9424242329199568,-0.2642666827193181,-24.276700834356827,-4.704393925115916,7.916405306984217,-0.07338475243377647,-0.9059139110974598,-0.11412798659266801,0
0.007922243595058068,-0.9368872130255502,-0.276928074352552,-24.20267020181035,-4.937679285228756,7.866192472666283,-0.07056045553763159,-0.9041935264301173,-0.11873606208406808,0
0.0090983323881159,-0.9374866294616467,-0.28466158862519897,-24.43074943740637,-5.120148692926857,7.737141980774197,-0.06883843704478451,-0.9049211563530164,-0.11883006994790185,0
0.009035538005129158,-0.9473526555819731,-0.28296476218026106,-24.893850589343987,-5.257787379960594,7.5716138001876985,-0.0691374322589834,-0.9086481753396471,-0.11573327807537843,0
0.007866752364948828,-0.9632894037071486,-0.2748370292666213,-25.378776935038807,-5.342688067428585,7.439060387596162,-0.07020414511777955,-0.915268581915063,-0.11203134534872405,0
0.006283276363142519,-0.977703261170136,-0.2672779411861857,-25.677576220496686,-5.358473012036199,7.375711180216325,-0.07055331986331656,-0.9236312843838268,-0.10938482141671065,0
0.005299743103488978,-0.9855041836254124,-0.2648310627911996,-25.72520166419,-5.300408544803856,7.3508280128519745,-0.07041326211913759,-0.9318405611051321,-0.10790697883973442,0
0.0059212919580683325,-0.9881498091514245,-0.2668327570661134,-25.60339970736534,-5.185837486319423,7.3024779680896765,-0.07087899872492494,-0.9381300921637071,-0.10693737690161358,0
0.008455917112965106,-0.9903358577600487,-0.26973324699002815,-25.425588607238776,-5.04048442575153,7.211732007061367,-0.07133110398023944,-0.9416966384235587,-0.10607214627650836,0
0.011943272037420143,-0.9937941005225408,-0.271026614018687,-25.237323162928554,-4.882614868032758,7.125619475237558,-0.06950848538539117,-0.9428626041260335,-0.10572819198903965,0
0.01477387429764542,-0.9960711746084231,-0.2712783752767347,-25.029178375830547,-4.730812210121124,7.094637048426954,-0.06495322599333651,-0.9425811039396227,-0.10694171598820475,0
0.01612657080770422,-0.9951745063996558,-0.27273278511374477,-24.821456051851303,-4.615715985068606,7.103466411846699,-0.06072019038807991,-0.9419132400695451,-0.11034823920366829,0
0.01644397179749337,-0.9930343281416177,-0.27596861969731734,-24.717888721811523,-4.561270170317541,7.085411352713818,-0.06024614484437521,-0.941940416689664,-0.11511482900654649,0
0.01654265793531374,-0.9934448603082299,-0.2788863233374277,-24.86397241798916,-4.5512159415423,7.002558594652355,-0.06345664268549486,-0.9439361413515348,-0.11921979785973062,0
0.01669115875507093,-0.9982193144270187,-0.2797948382002254,-25.32040717136567,-4.531640155499181,6.888067470610822,-0.06727092767254866,-0.9489923959986073,-0.12115712716364957,0
0.01640317825569057,-1.0059251985948512,-0.280024952188517,-25.95436180142468,-4.459404883037278,6.796771529049302,-0.06928213666721256,-0.9566437010637816,-0.12123296654169245,0
0.01490576099206783,-1.012910180567776,-0.2817407637833951,-26.47875535962743,-4.34319031016242,6.731906823464243,-0.06941216035016973,-0.9639453749463154,-0.12116819553958723,0
0.012349529067918098,-1.0154810683652353,-0.2844964007430797,-26.641480040881905,-4.227143951508085,6.642205761393274,-0.06820174114988266,-0.9671778752135739,-0.12276769024175838,0
0.01062890211415951,-1.0127785325290104,-0.2864731312865993,-26.40488754442188,-4.1345675329867495,6.481458834516617,-0.06554646031413357,-0.9653061316080929,-0.1268096743178776,0
0.011881682548043573,-1.0079442682493518,-0.28842088098171353,-25.962867222367052,-4.033281648853645,6.246855829412389,-0.062078342699620384,-0.9612738438115146,-0.13242922077897196,0
0.015882757482814744,-1.0056134157239092,-0.2930804236468865,-25.593491733925912,-3.856775655356285,5.961293580568512,-0.0600796285173483,-0.9593087331060463,-0.13727244405397476,0
0.02020546927622034,-1.0081988468507814,-0.29952518678720147,-25.46094108046061,-3.5592876540228815,5.643926085777587,-0.06112161481020112,-0.9612974185785487,-0.13889520394927898,0
0.023166801037335313,-1.0146994327866472,-0.3010020738048339,-25.499715044931346,-3.156578641481159,5.309779242334841,-0.06338399112964929,-0.9661456876755996,-0.13661628000050458,0
0.025044970834373632,-1.0222681927572457,-0.29179035334186815,-25.473309465717406,-2.7208832613890737,4.981180704082231,-0.0630498313459883,-0.9719703042620529,-0.13186767383976372,0
0.026387182583138723,-1.0286721300870554,-0.27535339012295257,-25.182213913963206,-2.3389357079572286,4.677568751567036,-0.05854398277007677,-0.9780235360507123,-0.1265902612982459,0
0.02722160445265536,-1.0340029852775698,-0.26218131380325005,-24.643532905118086,-2.07032685597938,4.395181268757598,-0.052379676828473366,-0.9846566437504265,-0.1217942879708657,0
0.0280079262763444,-1.0398948754911268,-0.2593818423405575,-24.064878492197032,-1.9338262509103759,4.114940586709703,-0.048596718882498606,-0.9920394876701674,-0.11802068701926416,0
0.02905529157442867,-1.046488492616399,-0.2652917629742665,-23.64454642278755,-1.9172705393758702,3.836007935607038,-0.04903538249435183,-0.9991435873360708,-0.11631849930069013,0
0.028975331431074405,-1.0512071699781582,-0.2739482011221663,-23.408013525771107,-1.9909838483054054,3.589355850258494,-0.05230987080466691,-1.0042499374309422,-0.11741056770081647,0
0.026061539797293323,-1.0520292422687922,-0.2807711734827617,-23.226257355075784,-2.118085666980555,3.411300333580572,-0.05580752735410734,-1.0067266660173877,-0.11996204087705295,0
0.02144762020414928,-1.051419218039606,-0.283082877265196,-22.957751315184225,-2.269202280283487,3.3126204764962357,-0.05812368306674559,-1.0079182876051516,-0.12107142976432175,0
0.019026238717646183,-1.0550731038357442,-0.2795038755185511,-22.555993362489367,-2.4356697035659094,3.2831773356348277,-0.05960530668604621,-1.009965407842435,-0.11902024036639947,0
0.02140401127448812,-1.065668216662457,-0.2718557143719444,-22.061941223175452,-2.6171509842774827,3.3204756001940874,-0.06099945731547644,-1.0141081846378557,-0.114866291767122,0
0.026482517959213674,-1.0785930996010435,-0.26556026910868735,-21.52641120321728,-2.7838335018177855,3.438372080176466,-0.062100295855740416,-1.0200076528715902,-0.11124985891125104,0
0.029187690487096237,-1.0857402627338133,-0.26520827257316654,-20.95546504138669,-2.859352040831085,3.641354995090963,-0.061984882497738016,-1.0259899128298728,-0.11016742469207269,0
0.027275681315617112,-1.0841381663431415,-0.2696851758064945,-20.336121439305728,-2.76185995742235,3.892596553054226,-0.0603453885933335,-1.0300744369405237,-0.1116181647781789,0
0.024149840807752038,-1.0791013882492824,-0.27328333854797987,-19.710984116936935,-2.4743643335782317,4.1137888159929314,-0.058072960531521826,-1.0314015198925586,-0.11387249857885973,0
0.024625619033035253,-1.0775453233688437,-0.27231343772825656,-19.188421471298785,-2.076197039282598,4.233650120102681,-0.056332426994095665,-1.0305491285937418,-0.11533893056453266,0
0.029105831308691293,-1.0794846861984153,-0.26946670726148764,-18.831526461916916,-1.7020101968229397,4.249760233324143,-0.055437365893385424,-1.028101506143314,-0.11631480110631941,0
0.03326609812838954,-1.078018601177728,-0.2704625721483585,-18.55273451988696,-1.462165027738527,4.227738120414215,-0.054983164389811524,-1.0233174822580757,-0.11838860712547611,0
0.03279537567689884,-1.0676159186810223,-0.27744129803799333,-18.183368007511532,-1.389444730172027,4.221789726960494,-0.05480724127928047,-1.0151943075916894,-0.12217072351483918,0
0.027437322094766802,-1.0509099863244051,-0.28710114982495477,-17.668273840351784,-1.4441416660117574,4.212981647588269,-0.05544540548220525,-1.0051238819642276,-0.12632660318381322,0
0.020273657767136587,-1.036889633426721,-0.29424245071525884,-17.15126215502712,-1.5545983543373836,4.150410457044936,-0.05776092955060787,-0.9972746326172287,-0.1289706161304927,0
0.01387841544494512,-1.0332886263489216,-0.2958840020275486,-16.840865983950913,-1.652635424673951,4.0407228735884715,-0.06215774035404194,-0.9951301701495437,-0.12951172386021997,0
0.008574035143914163,-1.0405867549632173,-0.29314258368458257,-16.80230222757231,-1.6914997131741552,3.96607244881141,-0.06791755221150349,-0.9981310280912303,-0.12886409756934927,0
0.004380755085889728,-1.0521662759854071,-0.2898212411219071,-16.885173338659015,-1.6606539667535631,4.008283930548215,-0.07353388868434835,-1.002659069110251,-0.12805293324742437,0
0.0023951675778664545,-1.059994741021918,-0.2879824602673482,-16.845255745864414,-1.5930891138608365,4.172922107069991,-0.07805102730072727,-1.0057829497968895,-0.12712538785988375,0
0.002948805302469975,-1.060675221501493,-0.28543176249760877,-16.540161642315862,-1.5367895546401122,4.396256933189354,-0.08168765261115879,-1.0070326931094449,-0.12578298889359818,0
0.004092373618476304,-1.0566441613783424,-0.2796332435468551,-16.016710070108157,-1.5044352731848627,4.613229803267162,-0.08479967620541336,-1.0071563840264686,-0.12460919950738458,0
0.0035819359046360727,-1.0526479456616473,-0.2731190374084639,-15.425152388781957,-1.4675156198977306,4.8009579681072925,-0.08694143203491735,-1.0066476442039052,-0.12474043549516436,0
0.0014445014354786206,-1.0514602422210744,-0.2714328537081795,-14.884044091440316,-1.407103088051504,4.9598352952704685,-0.08779226735536731,-1.0054495437723971,-0.12617867896747556,0
-0.0006569775015036949,-1.0518748228065782,-0.2752919550961592,-14.435580157127442,-1.3400374933193886,5.079894963115442,-0.08853738944113242,-1.003013744060882,-0.12715609068830952,0
-0.0018332530450418084,-1.050220292917318,-0.2786506273088114,-14.067828165251207,-1.2720873653276743,5.147247674219169,-0.09094740478073458,-0.9987440209981583,-0.1256691816774345,0
-0.0027725451153957402,-1.0443888174882552,-0.27644098806331835,-13.715165659231518,-1.1493301547607089,5.175588934366361,-0.0948418437543998,-0.9931404831716946,-0.12147547553343765,0
-0.004537241775582073,-1.0362135025252324,-0.2709999957951133,-13.262843323748431,-0.8920417110617965,5.209748543376999,-0.09788838732524285,-0.9880693870593605,-0.11631147065369095,0
-0.006931260789483361,-1.0292310086227054,-0.2683339769410793,-12.632708759407132,-0.4785998340021144,5.289533953940863,-0.0984912589949341,-0.9849541979425708,-0.11240045015278179,0
-0.008001694766496615,-1.024931607884114,-0.270547262206894,-11.89501178578773,0.024207976578237644,5.414637517621691,-0.09734904159909005,-0.9828960566938713,-0.11119209023630253,0
-0.005812528989494837,-1.0222506799106912,-0.27455151350551615,-11.250205804722473,0.516457070602265,5.54796211656406,-0.09533390749596585,-0.9793854074655839,-0.11305441864607162,0
-0.0011722649498864075,-1.0195829841856152,-0.2767743319131908,-10.856867060851789,0.9330946997973346,5.648049409685609,-0.09149818211787283,-0.972935048289176,-0.11706468187242501,0
0.002486920501089989,-1.0157679120709422,-0.27703859670879993,-10.694138737672361,1.2577639032791665,5.691587175666145,-0.08469200884305227,-0.9645674345503553,-0.12132056883467648,0
0.0029426540835926765,-1.010016068525992,-0.27797397907129534,-10.620318044991377,1.503936188084246,5.670467447067209,-0.07623188265187521,-0.9566181458656706,-0.1247604392062742,0
0.00212363388514599,-1.0025265518380528,-0.2815561165809759,-10.53984127732835,1.710956283473589,5.5861140284703135,-0.06927997694518762,-0.9503345037879797,-0.12852370986873637,0
0.004129053131155059,-0.9949697435223405,-0.2870308756158173,-10.478380663933923,1.9420743116575454,5.456547880822781,-0.06554907518705021,-0.9448857634903143,-0.13415786380608138,0
0.0105166987607697,-0.9893969045238571,-0.29262828178914724,-10.520303790107306,2.2477056615455866,5.319184143042371,-0.06391974868900172,-0.9388271039937822,-0.1407450905375345,0
0.01829738670639881,-0.9866011481505735,-0.29806830057198036,-10.718714283505339,2.617693394755952,5.2148649398039,-0.06274554242766457,-0.9323672253157869,-0.14552689496034926,0
0.022723084366839983,-0.9857188975003787,-0.30391092310362516,-11.065469519599073,2.9847168262450063,5.165852103961766,-0.06222520142181491,-0.9277935954790704,-0.14746023079608103,0
0.021697840401449134,-0.9853076204010537,-0.3095486555154124,-11.517609316385055,3.2824290378744823,5.167003498451864,-0.06339674552418635,-0.9274772454986439,-0.148382165447782,0
0.017250829565291143,-0.9848842627175021,-0.31376255600840786,-12.031936170969097,3.4918682952965976,5.1956988696255495,-0.06575894911102305,-0.931594154856746,-0.15035412233575124,0
0.013054376839673998,-0.9853586079445197,-0.31658534486189555,-12.563345254137692,3.634197731228335,5.230633353503692,-0.06751059967781008,-0.9376641112031294,-0.1536790535921996,0
0.01115571879975786,-0.9873605870343379,-0.3189621306108263,-13.034910872084275,3.7401289187824713,5.2590778747331095,-0.06796137479826238,-0.9419295609793523,-0.15799087011527796,0
0.011118761029025686,-0.9892938868055339,-0.3211998756114315,-13.350256303240558,3.8384319509491784,5.262949160712827,-0.06836228741175503,-0.9416274667566922,-0.1633118641318493,0
0.011421884269993347,-0.9885782174186599,-0.3231564779791085,-13.482321328297909,3.9641595870954163,5.207263553255351,-0.07017771043124059,-0.9370762538983693,-0.16897214893994034,0
0.01089485334416702,-0.9853421287473547,-0.3251942801396838,-13.54106786917494,4.163559483767925,5.064007597257165,-0.07352142157697773,-0.9316756457577386,-0.1729359130125916,0
0.008937038344476941,-0.9830389287780963,-0.3276606153669611,-13.693430167499438,4.480315531031724,4.856940090982612,-0.07761673471760241,-0.9289336183361999,-0.17361986309214902,0
0.005057359549587672,-0.9841926448690292,-0.3302901576510044,-13.988740833592981,4.924068338642207,4.664208552867546,-0.08204765567113967,-0.9294125210238868,-0.17194640828032645,0
-0.0009806569667241943,-0.9870667687994551,-0.3332009692109805,-14.304401845254768,5.443200250056756,4.551186440030455,-0.08695438777106292,-0.9311498234225497,-0.1706964028477246,0
-0.008084471684654896,-0.9877929809113607,-0.33736024490492955,-14.496590820449308,5.9369127335476675,4.5000585114994305,-0.09226915901153077,-0.9322913238501395,-0.17192675591809256,0
-0.013702603125789503,-0.9844343303377994,-0.34281450935951363,-14.562424789532445,6.313402849270941,4.426127070887314,-0.09737646329593268,-0.931947211461791,-0.1754406041847636,0
-0.01617065880043968,-0.9779573246004607,-0.34747054193750865,-14.602380502592803,6.544077745511049,4.272648994698764,-0.10162912519240093,-0.9291278386253403,-0.1795526887345475,0
-0.016729882670436975,-0.9705903964583339,-0.3491830637921876,-14.660029451607832,6.655259144218446,4.074645450538979,-0.10476459903591347,-0.9229584351308353,-0.1828386669004597,0
-0.017593577221087307,-0.9640316582154371,-0.3485390012966959,-14.685237866799861,6.671013606616967,3.9137712369766104,-0.10671111013626088,-0.9144681639873687,-0.18506615771550416,0
-0.018686969284741145,-0.9583029117916305,-0.3480528967919164,-14.666651856666281,6.58539235477426,3.8197720061554703,-0.10750943603895444,-0.9067604168824379,-0.18678805926012368,0
-0.018466972494306687,-0.9524118507793898,-0.34901248912636174,-14.719731277003476,6.3991738067139705,3.742735486807526,-0.10763642627256127,-0.9025706312020935,-0.18853097627814266,0
-0.017518131749094605,-0.9469185755196934,-0.350768447188052,-14.9874045905748,6.156691704340086,3.6282369319558345,-0.10793438994080894,-0.9021779055368225,-0.1906420583352389,0
-0.01873758524658773,-0.9445482908661956,-0.3527409534729619,-15.487428978593133,5.915421117242273,3.4879834762175146,-0.10904719837634363,-0.9038556012973118,-0.19354548785767636,0
-0.023575228294358857,-0.9467225037187675,-0.3554018684101108,-16.101150725232426,5.686174182633453,3.371075599847016,-0.11119189390484457,-0.905517936272449,-0.19745989019037624,0
-0.0302225114735145,-0.9509663506978021,-0.35942219846226753,-16.690410193711138,5.42986974363801,3.294881214976714,-0.11424659039147224,-0.9058484232590253,-0.20185801750882237,0
-0.03610181969952361,-0.9537351288079327,-0.36485276576389325,-17.196013107971638,5.11525123338621,3.246705476358744,-0.11770046128070487,-0.9050619954319616,-0.20593850571675285,0
-0.04035427028102233,-0.9547081034102539,-0.37069274680809505,-17.65318280064314,4.762742746244915,3.234510151422185,-0.12092667502260003,-0.9051065606885053,-0.20982681759119862,0
-0.04322950890760334,-0.9564139939411164,-0.3749039660974866,-18.15194009567353,4.431606865467418,3.2829073384063028,-0.1237539551063505,-0.9081023193681107,-0.21448243542816525,0
-0.04466132691674749,-0.9603778228024906,-0.3759152307083069,-18.76225581946513,4.180735947627539,3.378844609106218,-0.12617346457868114,-0.9138278462051734,-0.22008244864199,0
-0.04452134356249633,-0.9654605403662221,-0.37485097427983116,-19.452100044443593,4.0458423571448785,3.465576679866756,-0.12753697231461544,-0.919402696818253,-0.2254526063209205,0
-0.04324044469728261,-0.969813939101336,-0.37563006316685216,-20.084345334874556,4.0417302007997895,3.4996204484227245,-0.12713199589241864,-0.9221571064756942,-0.22955247413968444,0
-0.04107354922596099,-0.9728470552077241,-0.3816234326048936,-20.539332645489743,4.175121508269344,3.485583947837389,-0.12554529058170555,-0.9222473578176965,-0.2325271081881127,0
-0.03763154821267278,-0.9749321998562502,-0.3913472592398437,-20.843647944256094,4.446462489368437,3.4549829697614616,-0.12415806707747497,-0.9217490564415235,-0.2348162919704922,0
-0.03337475806922764,-0.9764442732808222,-0.3980260696085014,-21.13052722109332,4.826043529261878,3.440253374896852,-0.12324268080786732,-0.9219809818821922,-0.2362766264045577,0
-0.030273985630652898,-0.9776868143320272,-0.39545235335701046,-21.467229774117765,5.227707370188144,3.469347409474371,-0.12178363979084145,-0.9229055989073818,-0.2368486310280857,0
-0.028930627413907253,-0.9789859369723777,-0.385450295449159,-21.78210348685664,5.533021113362178,3.553686063131213,-0.11908632807980563,-0.9245157203816061,-0.23728378541530884,0
-0.026358890047152226,-0.9803645255221708,-0.3779440479115932,-21.979720486884833,5.669310767547485,3.668516048872751,-0.11537530402002055,-0.9271182065723864,-0.23847206740081744,0
-0.01945884610480906,-0.9814970746537334,-0.38145343712537494,-22.061399862279476,5.666374882333083,3.7586431082240432,-0.11084941896170543,-0.9301498648112261,-0.24041383328798968,0
-0.009820248825409002,-0.982057775610262,-0.39411125427644433,-22.101207502529615,5.634917791657199,3.7718834582486664,-0.10510100243561984,-0.9320672170570301,-0.24227664219624967,0
-0.002080332289967144,-0.981707931481554,-0.40612377617781564,-22.159540192239298,5.6981796308698005,3.6895234764616407,-0.09764787453474275,-0.9317793310318525,-0.2433403293961232,0
0.001991698254143104,-0.9799368169288024,-0.41067605847812144,-22.249773606522478,5.93091671034845,3.5353431211504187,-0.0887831605174642,-0.9293562877113531,-0.24398431930661676,0
0.0048049504550137755,-0.9765333537278974,-0.4100755315628684,-22.345904883687716,6.322436859186212,3.360456311109353,-0.07995399740238854,-0.9252433176877359,-0.24593624558429952,0
0.008481834631751953,-0.9721092006691561,-0.410994865031204,-22.407373303811312,6.776499927612114,3.2058554231773146,-0.07307621980542615,-0.9197866134521642,-0.250939424713523,0
0.012083344294271615,-0.9676319297794087,-0.41608375035541245,-22.440269000750757,7.165319882943938,3.066998063336425,-0.06898176671092487,-0.9139883779708113,-0.2584872643062678,0
0.014075429164804152,-0.9635236599649861,-0.42181437782385944,-22.540733032125647,7.412341692294078,2.902055157352926,-0.06666198130419942,-0.909835355031293,-0.2653730602742082,0
0.015221296470777882,-0.9596783872533723,-0.4237065704861043,-22.823087593418048,7.541211627594742,2.6872427415553997,-0.06444275866613897,-0.9087397826545888,-0.2683861256254206,0
0.017352800811831198,-0.956336947621895,-0.4217413687156295,-23.285127302037548,7.651364521611672,2.456429939904205,-0.061776369228845836,-0.9096662673680516,-0.2673024193087264,0
0.020229328501646382,-0.9545082220937101,-0.4196475667806707,-23.79124879974467,7.841549064341882,2.267615004678728,-0.05962683195289663,-0.9099090675081318,-0.26456021254249545,0
0.021388969602731414,-0.9553603789766478,-0.41990334010717184,-24.21250244812342,8.148314690148899,2.1380529427645185,-0.05917873574397832,-0.9083755713182334,-0.26223075706615057,0
0.019264101518723674,-0.9590870043330537,-0.42113872274361136,-24.543039963786853,8.542421048385473,2.039348035992846,-0.060344097341506954,-0.9072486884350053,-0.26011170364779623,0
0.01509433519594784,-0.9642034842537779,-0.42042766897275824,-24.856085817382787,8.954985889596916,1.9479545588934672,-0.061881802885931016,-0.9093539506107317,-0.2569223499290713,0
0.01134147913412093,-0.9684664947980343,-0.41663731110332475,-25.19420454977536,9.300198486526325,1.8659962019757474,-0.06331465451220535,-0.914454539851589,-0.25268273337055863,0
0.009332848009578945,-0.9708409978018864,-0.4109814718214735,-25.549093222711104,9.515993555128407,1.8024400503835072,-0.06612705106323519,-0.9192872403762952,-0.2491086787197503,0
0.008759690771931415,-0.9715593601950031,-0.4054837280052224,-25.9152901643618,9.617637820159104,1.7737277535765832,-0.07202460188952278,-0.9207813320776008,-0.2474925688790574,0
0.008206520986098578,-0.969853838803248,-0.4018980802163849,-26.298797523163945,9.68807269137083,1.8137003418185353,-0.08031812419481503,-0.9181360757809828,-0.24706869141584012,0
0.005718462206579708,-0.9636512453873204,-0.40131022567542257,-26.670929736203668,9.789993435015225,1.9433733980871768,-0.08821149524268476,-0.912403824779708,-0.24636607394434268,0
0.00019537983387557924,-0.9532791950728027,-0.4033463434850884,-26.96866121307678,9.907273217088592,2.134805469547439,-0.09357079757346246,-0.9056931557873416,-0.24553212651741327,0
-0.007150659703538958,-0.9440254548429171,-0.4058691982053768,-27.173088496898202,9.982694283776269,2.330049284348396,-0.09648478600447952,-0.9009006794324713,-0.2460059358124823,0
-0.013806358727180754,-0.942412872967646,-0.40677790464920166,-27.36611451758437,9.97799803742559,2.48876193207179,-0.09836732126085147,-0.9007610602106151,-0.24812921978194077,0
-0.018471768115388833,-0.9498448317566694,-0.40628826013175273,-27.671543526629108,9.878530465686532,2.605278196086235,-0.10051512294817086,-0.9058491956465234,-0.2503682737523316,0
-0.02134305652695192,-0.9612224371483054,-0.40625066489379313,-28.12454035441792,9.670983998177602,2.69445867270654,-0.10351790954815418,-0.9132242610862248,-0.25113867137868157,0
-0.022632304018008486,-0.9693883240776652,-0.4072673387046873,-28.607953040042915,9.342558556693863,2.776098157742199,-0.10723161009802355,-0.9178535865553367,-0.2507303628735217,0
-0.022628491305085926,-0.970404086463208,-0.4079975471785946,-28.939619968137993,8.88834508689946,2.867686803402174,-0.11097851618674504,-0.9167403648840178,-0.25107049732709835,0
-0.022469593997744074,-0.9662335752962715,-0.4072628035995038,-29.050477724077226,8.308467707560935,2.97937774350784,-0.11404988683960529,-0.9120839354280611,-0.253427209292857,0
-0.02314635084691111,-0.9631846422871181,-0.40538338396021417,-29.078967154700806,7.617106304479831,3.1063204726065803,-0.11613218812642052,-0.9094661581752375,-0.256429257572652,0
-0.024448661234839703,-0.9658907097578486,-0.40378429796155874,-29.242721160127797,6.8680709092044445,3.225397798553902,-0.11717078021174294,-0.9123521421180939,-0.25719494839209545,0
-0.026138648820148404,-0.9725225417038329,-0.404367049482277,-29.57975545157275,6.1541273484417065,3.308588482694003,-0.11710668603085019,-0.919028235809587,-0.25486419776599933,0
-0.029148015146150306,-0.9779125103653478,-0.40801920580398815,-29.860670717476214,5.563247526798322,3.3431294707042833,-0.11616229047285398,-0.925314101629552,-0.2519239133207146,0
-0.03394089317205403,-0.9802944818272609,-0.4125467110449538,-29.825247830835842,5.138555306744821,3.3313630111727224,-0.11513310801716582,-0.9291117687965167,-0.2512693515071933,0
-0.03802188235184327,-0.9815486889883268,-0.4139405019782677,-29.487497021672723,4.878221725216959,3.27194378378222,-0.11462823808851398,-0.9310388682830789,-0.2530962313164768,0
-0.03696197073352504,-0.981861276282361,-0.41132075643834953,-29.131960644903128,4.7527249777542,3.154658296845677,-0.11394942937938528,-0.9315151035762766,-0.25559849087026426,0
-0.02914863269365903,-0.9786921546715757,-0.40893059576881535,-29.005314880333746,4.713196510258449,2.97629819928117,-0.11172168777513826,-0.9295174331003173,-0.25764152356070014,0
-0.018998206346042656,-0.9715910629089913,-0.41133472807470917,-29.086652828012113,4.703538134419767,2.7522697856810034,-0.10813138992803677,-0.9246592797465849,-0.25962258514259656,0
-0.013704270773507967,-0.9642647468198818,-0.41781669794006315,-29.187926877009588,4.685255930898289,2.5130514715391308,-0.10543932527201617,-0.9186520215404576,-0.2622472282826269,0
-0.015790295388199555,-0.9603123086985941,-0.423661513657023,-29.205025797566257,4.64916070830206,2.293358290999119,-0.10531175547008695,-0.9137533452072999,-0.26550661931361796,0
-0.02015455257387652,-0.959146147567737,-0.4263609590792731,-29.199010333750888,4.600795479876499,2.1141892358979346,-0.10652393524357504,-0.9108425987457486,-0.2689774117497593,0
-0.02008248429774969,-0.9573364253922569,-0.42791948623093623,-29.26239551527729,4.545574378330932,1.96258122448722,-0.10651177452813428,-0.9093239367673195,-0.2724793279045447,0
-0.015132015109986003,-0.9525997506244858,-0.43075948383308993,-29.387334581927014,4.487434103260199,1.7949062916763423,-0.10466061504860531,-0.9076686207054494,-0.27598170460971855,0
-0.01093408813865171,-0.9457928362199185,-0.4341154630748383,-29.49196530623713,4.424594507581039,1.577383903831853,-0.102768107551503,-0.9041441118267853,-0.27905921729528527,0
-0.011603765298341718,-0.9398097916595346,-0.4356975299201642,-29.540346697022947,4.3423056087117535,1.3261373354982993,-0.10241041935824095,-0.8986001818267257,-0.2808094668739,0
-0.014632447775629484,-0.9369081215595706,-0.4348625778622069,-29.596095652662807,4.222268163667708,1.093108312671536,-0.10303979241827714,-0.8934893187854583,-0.2804617932928916,0
-0.014214590569932331,-0.9369630846004297,-0.43274904254584257,-29.746209194150495,4.066764346960767,0.9074390674454891,-0.10284572944705772,-0.8916030495358221,-0.2782735164154619,0
-0.00873381104534883,-0.9381285191431122,-0.430749569683723,-29.990293845339227,3.91006624073354,0.7424312514349812,-0.10076222950023758,-0.8927461152548427,-0.2759984642596779,0
-0.0036091877101953034,-0.9386730941773341,-0.4302587873566229,-30.235270177144564,3.79559275935809,0.5497076587820084,-0.09760430228530366,-0.8939556755907676,-0.27609966684876186,0
-0.005760490394326355,-0.9380614489400354,-0.4327408890071444,-30.408041601995134,3.7278191582543605,0.3263168295855495,-0.09570124508108946,-0.893254360040938,-0.2798342347426236,0
-0.015705997787200623,-0.9369488651912603,-0.4381837233530499,-30.54941837588965,3.6387029015792516,0.144138798731802,-0.09728291890295994,-0.891976568708098,-0.28594089507202985,0
-0.026710722286585196,-0.9364774645953772,-0.4440648772703204,-30.7716465881622,3.409877369665033,0.1048102651767884,-0.10264998173558766,-0.8926093077418381,-0.29154881851487624,0
-0.031700335932818326,-0.9374009159808631,-0.44777553282596483,-31.126925095142926,2.9553579342732417,0.2573143291164332,-0.10943876433381718,-0.8952619001956627,-0.29459312194873494,0
-0.029123253741937104,-0.9397819692702272,-0.44964689793612644,-31.540196948989557,2.3132217648172686,0.5525514142076656,-0.11363751120897789,-0.8974976733985766,-0.2951822160919349,0
-0.022017377942203636,-0.9429655255248746,-0.45150664121682976,-31.875660253938285,1.6589814823462596,0.8670212234120873,-0.11215016912868665,-0.8972310609404752,-0.2944876250710728,0
-0.014050200751842337,-0.9453755270672405,-0.4527468737755971,-32.04113940840575,1.2015756085215954,1.070330341244544,-0.10542946122471761,-0.8947624422556512,-0.29290797063990254,0
-0.007703524625404778,-0.9454658869664754,-0.4505395831230924,-32.010670071962686,1.0453924941245913,1.1007452237706337,-0.09758190431347247,-0.8922986548719855,-0.29018633201212035,0
-0.004122977152039392,-0.9439631244858401,-0.4442416948799162,-31.786367678926272,1.1489844287980593,1.0107957473018034,-0.09301795032299792,-0.8922622984768377,-0.28672944383764254,0
-0.002699145853522226,-0.9440147273536519,-0.4370135872353675,-31.393342672524515,1.397853908065661,0.9341590167161085,-0.09264808310956786,-0.895688409004214,-0.283168062212551,1
-0.0015265951896212117,-0.9477192385870745,-0.4320186325781574,-30.89922903477911,1.6868150273651352,0.9769213381714499,-0.0936288019103856,-0.9014784158637092,-0.27877722737021976,1
0.0005641472953265179,-0.9533333143900506,-0.42880092246777163,-30.379063962816996,1.9387330405385876,1.133827714190213,-0.09269506615172456,-0.9071604404066094,-0.2722452500194263,1
0.0028410893399046268,-0.957330483979232,-0.4246885163913358,-29.84487650317414,2.094198772453585,1.3231974812792706,-0.08922629765482237,-0.9106222210215454,-0.26432469923267754,1
0.003937941509323009,-0.9585066622234991,-0.41872093581309533,-29.244567751080044,2.1256817456590977,1.4937950701548979,-0.08501040997251183,-0.9110898609662307,-0.2579213814364163,1
0.0036412110707253953,-0.9581093923444091,-0.41275020184640976,-28.539886542349077,2.059603523187363,1.6693693391306728,-0.08152402121658554,-0.9086214243849645,-0.2548050560345419,1
0.0030830123124079302,-0.956307157653698,-0.4089390690599879,-27.74980312399797,1.9620575878312911,1.8874880891708468,-0.07815157284648734,-0.9035038217646542,-0.2536293998555306,1
0.0038550316328458773,-0.9512268047293876,-0.40761695665136377,-26.907753536268707,1.901005255830699,2.1283102649782477,-0.07349490134072312,-0.8966982631666192,-0.2521447320554202,1
0.00729143168316144,-0.9421223386746358,-0.4079933576328883,-26.02959122260471,1.9294998433854433,2.3271710842670044,-0.0679026219727517,-0.8899648223476072,-0.2503251311595626,1
0.013625879183927313,-0.9313916021252876,-0.4096757622259685,-25.1613040347947,2.081421816480913,2.4462942914934707,-0.06366332403681754,-0.8843514927354365,-0.2501093330910476,1
0.020902095191409887,-0.9224951803982274,-0.4123415787876407,-24.411078021785386,2.343228510154071,2.51532748747173,-0.06256037771342002,-0.8789447092052498,-0.25241191953383696,1
0.025430829685549425,-0.9166423147316857,-0.4145387825050648,-23.86534467797662,2.628821254413915,2.5992042738412757,-0.06397146510075236,-0.8720415719861372,-0.2555202498166996,1
0.024659755387873995,-0.9115538450764701,-0.41428072426516493,-23.478177331476154,2.8205683405591166,2.7335539105683884,-0.0656264617195182,-0.8631456916759925,-0.2567633591762285,1
0.019664382517279817,-0.9033404306943555,-0.4111309758246313,-23.10194273714902,2.859369359427341,2.8968928967417504,-0.06595711825212727,-0.8530289323736918,-0.2550344050892022,1
0.0138575345467759,-0.8908074654599056,-0.4068086507624872,-22.646669795603252,2.7820523658029783,3.045487470507318,-0.0658490348642595,-0.84242658466518,-0.2510961226159042,1
0.009024729467429545,-0.8782520224447958,-0.4032179408753826,-22.173737065422454,2.6540256438818197,3.170157574686607,-0.06817777186851298,-0.831807510242906,-0.24600547860562444,1
0.0038041218125569273,-0.8717348954125262,-0.40012203270708907,-21.81766959007635,2.47595961863062,3.313618816167493,-0.07496497043356601,-0.8222380090932947,-0.24025662037934553,1
-0.0032435067461075526,-0.8715586772888549,-0.39520911058385644,-21.653872247862576,2.177683687084805,3.5282483403813947,-0.08474297532099888,-0.8151875486860821,-0.23425221710456973,1
-0.010711231530559645,-0.8711998588929879,-0.3868385692876982,-21.661681390125956,1.7020188094081128,3.818533465932483,-0.09354670111879802,-0.8109479076179795,-0.228342624638009,1
-0.01617267720940013,-0.8651264937347927,-0.37646246479344636,-21.766943666624176,1.0754518048424933,4.136202077003846,-0.09883062442165866,-0.8080529380146034,-0.22220331028138776,1
-0.019499773834283265,-0.8549271550377167,-0.3675812566960271,-21.877431600219168,0.3901947066587257,4.437495386657958,-0.10152399871385073,-0.8049790876816297,-0.21537139819260798,1
-0.022118400899444328,-0.8465669695728624,-0.36241698416813883,-21.913747494970252,-0.2732109381721054,4.732118781789522,-0.10386429705822685,-0.8019648349347495,-0.20855899564898794,1
-0.023872414616115334,-0.8442240159847865,-0.36018650161045945,-21.861171562429657,-0.8992593949996373,5.062807345183075,-0.10624754918537727,-0.8004402499949358,-0.2030703892247903,1
-0.022991315078572556,-0.8475436173184898,-0.3580574248622438,-21.785385372635883,-1.5165351066468202,5.443670636445511,-0.10701992599764994,-0.8009072383055137,-0.1986654990360071,1
-0.01893257667887613,-0.8526419038259,-0.3531870228417712,-21.769255961835285,-2.1288419018361786,5.832205943646268,-0.1048769521834934,-0.8020940423196882,-0.19343500175061548,1
-0.013088567740727522,-0.8546801395788307,-0.3451724566981607,-21.83847619454143,-2.6774432314318317,6.161432255212105,-0.10073109607567698,-0.8021381825328139,-0.18646238557893327,1
-0.006501977222472758,-0.8501502491222555,-0.3378864746597659,-21.956356151869418,-3.0820050136460866,6.392117346797988,-0.09699840394740925,-0.7999794671112882,-0.17973231792093458,1
0.0008650455463980278,-0.8385495312407365,-0.337296951350398,-22.075943868569627,-3.314467280349592,6.539113919885788,-0.09506650864819696,-0.7957713177636779,-0.17653345191075825,1
0.008009479445346981,-0.8244180530647708,-0.34495444422567545,-22.18590259156161,-3.4184182541825807,6.6603724228263435,-0.09375858159681968,-0.790850711956194,-0.1780432929593103,1
0.012591161859090897,-0.8167117867683721,-0.3545103691982962,-22.310650754647654,-3.453388842364089,6.819658841363416,-0.09058188438798324,-0.787362534895507,-0.1821059638268407,1
0.014063537722192087,-0.8213387665619272,-0.35737868126360983,-22.47002117823332,-3.4312596748490005,7.045605702727401,-0.08409191238077056,-0.7869124897761263,-0.18548196277312592,1
0.015000255029239504,-0.833422990565125,-0.3515827513837474,-22.63685668742875,-3.3125182328170792,7.317357503132256,-0.07474603813589062,-0.789071065713918,-0.1865047583868498,1
0.018018772494111174,-0.8411734153894339,-0.3429297188285635,-22.736685223528177,-3.0584148673553027,7.585793924549669,-0.06438843370712541,-0.7915482055534315,-0.18526685070183163,1
0.02300522574160383,-0.8386568255970144,-0.33780910903827543,-22.69848240404898,-2.687187664873504,7.804992263300997,-0.05567040968510695,-0.7920222865770636,-0.18238877462788688,1
0.028254602627223516,-0.8314048673028075,-0.3366679818899895,-22.515474330798398,-2.2922379858469935,7.949648241883172,-0.05082453797900211,-0.789677299843838,-0.17856374211083176,1
0.03283571483927164,-0.8278476764912086,-0.3349161602840579,-22.266729451888683,-2.003800955991206,8.017636075670998,-0.04957933729635103,-0.7851444014631725,-0.17481285551050818,1
0.03643180704266849,-0.8275815841751681,-0.3298156936094002,-22.088094042092095,-1.9016970194857477,8.020667607518918,-0.04884355713848927,-0.779205303636749,-0.17251201502454402,1
0.0375290096842493,-0.8210969631043072,-0.3259498152082537,-22.11305045569398,-1.9373496546891606,7.965158067950849,-0.045623962959467565,-0.7716095076636712,-0.1730694608394708,1
0.034418365781786316,-0.8021029854622888,-0.33171121356003747,-22.41532082350854,-1.948657980762164,7.843570098993129,-0.03999512210876816,-0.7616892160590087,-0.17720292765615975,1
0.029404478202664206,-0.778017299236674,-0.34832586365963486,-22.988414887646478,-1.7788511559008096,7.654869439379304,-0.03466144678632571,-0.7507495795543383,-0.1839848164244592,1
0.028967994720250793,-0.7643468180924756,-0.3648169149580496,-23.771828269700215,-1.40144829734875,7.427586063866932,-0.032036946568009525,-0.7428511658151855,-0.19076714937217884,1
0.03662551575484108,-0.7679597661643643,-0.3682093885494969,-24.684958175598553,-0.9415310686688086,7.201152781023323,-0.03199617427958789,-0.741301103924549,-0.19466011793863333,1
0.04799906181921672,-0.7799442189693379,-0.35777842757851364,-25.63132979277245,-0.5786984120403978,6.981043363669714,-0.03209149647666624,-0.7444592264221022,-0.19445894642518202,1
0.05585037556608454,-0.7870198293777665,-0.3450404791744886,-26.50103340782458,-0.4151671222177816,6.73467180018396,-0.02997357552825104,-0.7470373340842188,-0.19133654582663256,1
0.057724103908476425,-0.7859564196734442,-0.340359385224302,-27.217251603946256,-0.4117367744086118,6.444920021832459,-0.02589313592142779,-0.7460466527913993,-0.18785363785455964,1
0.05625050369360089,-0.783313124412275,-0.34362845267505066,-27.793289275715846,-0.4268448031062263,6.152006916464406,-0.02272051288437291,-0.7436253976718736,-0.18618206388884306,1
0.05417223401747079,-0.7840361857558661,-0.34817462237550906,-28.32332324848413,-0.307036428860021,5.924352217624518,-0.02335860929170813,-0.7431014600048149,-0.18678881668324712,1
0.05183432878724505,-0.7852080595029252,-0.35002649713533873,-28.91363398020415,0.041846805424540806,5.796355806743403,-0.028327702072663608,-0.7441445619789955,-0.18843836455564753,1
0.048547604812802625,-0.7812885072283625,-0.3509140338507492,-29.63554792685287,0.6248450182384853,5.753327111423589,-0.035897668384556866,-0.7438705152251704,-0.18941819900510107,1
0.04367832524871227,-0.7726559484608425,-0.35280937881354174,-30.522923764237028,1.3557040140830892,5.773650759074059,-0.04408131099899576,-0.7419504455228387,-0.18873606128139372,1
0.03622192091521174,-0.7672672321939475,-0.35254998789730724,-31.557220453386904,2.0814577702158994,5.8664966019893106,-0.052188943071329735,-0.7420832738905773,-0.18620776068512834,1
0.025562530511522692,-0.773135880759172,-0.3452465063660491,-32.62554303168588,2.6421662487167272,6.065373597302282,-0.060820727658700856,-0.7476521677848811,-0.18203942267032217,1
0.013124269044029805,-0.789096833782001,-0.3324171455769955,-33.5294364259218,2.937926271330801,6.400412341005973,-0.07070816039648044,-0.757451827213311,-0.1769778997910342,1
0.0014798189052088134,-0.8050566699114869,-0.322227899275577,-34.0933975619203,2.9455501525784937,6.888388230621304,-0.08147271890138243,-0.7667308737536095,-0.17250285625821662,1
-0.008197667258031345,-0.8126088081342584,-0.3204154860079091,-34.28198840125798,2.674569425098247,7.544608611959244,-0.09151217022539944,-0.7718473145346719,-0.170100654167589,1
-0.01639343091737762,-0.8129133330088805,-0.32478262111660516,-34.18986631483444,2.129036396593511,8.381869934348444,-0.0992888562185865,-0.7731621745568985,-0.17039140800180524,1
-0.024092148452906647,-0.8125605258970783,-0.3298953184442641,-33.91478025086605,1.3283685555569604,9.374701037328935,-0.10479370467608734,-0.7735285784685533,-0.173254222092951,1
-0.03274400689124509,-0.8147195715785878,-0.3336078510583016,-33.470457320370905,0.3444418894806173,10.434768954340218,-0.10976770820379504,-0.7747962153201381,-0.17832468820911448,1
-0.042827704292390155,-0.817294693835647,-0.33741443645459385,-32.83911469004941,-0.7178875641464358,11.458893598671649,-0.11631063546426894,-0.7763659638495092,-0.18502321535207936,1
-0.05059895680154017,-0.8180935702081104,-0.3432250298116047,-32.07981334548667,-1.7834352851490858,12.415349438069677,-0.12477008126567266,-0.7764423363165559,-0.1927706665986024,1
-0.050194719088248185,-0.8177497956868548,-0.35195813107766427,-31.346667724481705,-2.8353253255738857,13.363589849839286,-0.13290427220190207,-0.773422947831333,-0.20154168871824701,1
-0.042099603374981566,-0.8161625701981563,-0.36395474427782837,-30.806849798629155,-3.8856173450872196,14.378289739517282,-0.13761876658528097,-0.7661297328694782,-0.21149115500603405,1
-0.03541679513338469,-0.809273343959098,-0.37834121452600333,-30.58125814701926,-4.93850095553063,15.464739806208344,-0.13761057149320682,-0.7541050572335327,-0.22172960790141308,1
-0.03760892685932781,-0.7932729508786742,-0.39195080738010246,-30.76619662954805,-5.985427412919714,16.552774960149755,-0.13402115865719388,-0.7386372165583445,-0.2301690269753532,1
-0.04535081599130094,-0.77130730422263,-0.4011869219393598,-31.44584876044337,-7.016548676253083,17.558951573088528,-0.12900792700696928,-0.7230972940803443,-0.2351120360352454,1
-0.04962023229969917,-0.7524246732281402,-0.40558013620389766,-32.6266310492835,-8.021534902843113,18.440421629485996,-0.12459875687910332,-0.7112862953029321,-0.2368208487016372,1
-0.0470733369865027,-0.7433207681212645,-0.40744879536498496,-34.18528163242833,-8.980280233484347,19.192946341934736,-0.12268168559865054,-0.704907731392709,-0.23705245658387744,1
-0.04266527050155002,-0.74313226567325,-0.4079374877960057,-35.93993338759554,-9.857190879319427,19.81919858769412,-0.12469771915237232,-0.7027334998862135,-0.2369260112168034,1
-0.043045746632241096,-0.7458686922223178,-0.40604623642535115,-37.77482241009843,-10.610627237440132,20.322253328499382,-0.130491717280905,-0.7022239073582308,-0.2358804077840379,1
-0.05056898296876303,-0.7454256697183634,-0.4016193027384097,-39.662277383981404,-11.231623630606153,20.73355454286305,-0.13800198595063062,-0.7013700565335702,-0.23327809208101602,1
-0.06292041226692252,-0.7383707251840016,-0.3963278636717277,-41.5813196666225,-11.799838367260788,21.12705580767698,-0.14489639413369096,-0.698584413191601,-0.23032751990099595,1
-0.07622173994355197,-0.7248483114959758,-0.3914229296445728,-43.48610956714073,-12.482794058413228,21.579972630798835,-0.1505470331480479,-0.6918463256006141,-0.22918856189063905,1
-0.0878826569964455,-0.7085576618833695,-0.3871878742011835,-45.38442625133924,-13.416648235759986,22.107721052682507,-0.1562082851555976,-0.6798744892094598,-0.23028567937917246,1
-0.09714444544211578,-0.6947852075606702,-0.3849386106552446,-47.39782175443937,-14.549191623131762,22.642233829363448,-0.16351146217796195,-0.664568018288574,-0.23213781641400183,1
-0.1040738566056003,-0.6864848807030851,-0.3874303861512075,-49.69510768226666,-15.62632681236743,23.089114878203024,-0.17285761301831556,-0.650575774508244,-0.2347410772636946,1
-0.1087710615875613,-0.6814247587931614,-0.39689511780921927,-52.38626686450399,-16.378769324538556,23.423496677907732,-0.1826449895463358,-0.6410925693783963,-0.24145645833214407,1
-0.11046946925485865,-0.6739499599333929,-0.4134361453907113,-55.52230310904345,-16.733492275078774,23.733417536103698,-0.1893374755816771,-0.6346548253896701,-0.2553645043778049,1
-0.10621024116761411,-0.6608238032310715,-0.4346362708228546,-59.180156184311365,-16.830756702961775,24.148297032340082,-0.18831010278268717,-0.6270418812743196,-0.27459257585494423,1
-0.09179950509634142,-0.6454294421136363,-0.45659465412469674,-63.480123055679115,-16.845560247451704,24.702768605283712,-0.17570142120822474,-0.6163899779263297,-0.2940381429011007,1
-0.0659651259613654,-0.6356501520246984,-0.47700821191975484,-68.47566402862248,-16.82964117424759,25.279306370318153,-0.15097910136752393,-0.6062822554242838,-0.31185287681621765,1
-0.03270834860038252,-0.637947188419925,-0.49747907865421026,-74.03216868580157,-16.73952267662944,25.7116682030988,-0.11832723887579641,-0.6038003708550127,-0.3314975920027853,1
0.0016672677468979134,-0.6534975589431454,-0.5213538014885842,-79.83866466701325,-16.572716762252515,25.952548582103326,-0.08486859543372013,-0.614059677062606,-0.35650011182268,1
0.03229269447504343,-0.6782174489171051,-0.5493611944848448,-85.55387246192753,-16.419286849399526,26.131081559710744,-0.0569473648237188,-0.6358531900702553,-0.385378361410206,1
0.05542619202261454,-0.704992511421899,-0.5784622028994781,-90.95420394219596,-16.378012624216517,26.455231196575554,-0.03797133928754014,-0.6622419804362465,-0.41310934089790996,1
0.06732973473056944,-0.7267664117766433,-0.6049102955599813,-95.97416272727925,-16.45757481555186,27.075600769852276,-0.028617929850144934,-0.685271748839688,-0.43677378271528555,1
0.06672362271970557,-0.7392553325553213,-0.628319512203816,-100.66308055961255,-16.56164008192938,28.021697892961058,-0.027291304409462157,-0.7001387814604831,-0.45929898915241724,1
0.05758965586564191,-0.7419885557460107,-0.6534396817391287,-105.14814047551188,-16.532825208252575,29.210730754921826,-0.030614146917836007,-0.7058250436306894,-0.4879296519361048,1
0.046760696172237985,-0.737806587614726,-0.6879043859765537,-109.62134560018266,-16.19775694401367,30.48826856143244,-0.03573795145143241,-0.7037898370379106,-0.5287366049761899,1
0.03759002321515399,-0.7314391196880196,-0.737603758487897,-114.2974926857762,-15.412129218464978,31.69430095873344,-0.04345130674269362,-0.6972643388504328,-0.5830126233243752,1
0.02636126390812424,-0.727476744014366,-0.8044809075150701,-119.34354266296539,-14.130768059089476,32.746271247361946,-0.05817107414634101,-0.6910283075801436,-0.6502430913323515,1
0.005334936905114774,-0.7292567172214302,-0.8889315740283549,-124.85938737020693,-12.490559182330944,33.68415505506123,-0.08386367985028012,-0.6904403952035748,-0.7334888365159913,1
-0.030602979473277066,-0.7393418526787959,-0.9934216389040584,-130.95183101033717,-10.846484623857354,34.62254239633351,-0.1205500601368263,-0.6996063694826931,-0.8390917073564316,1
-0.08024379748148022,-0.7583490809200534,-1.1235647887941018,-137.8430760014058,-9.687992132322334,35.63955870184936,-0.16573320997150381,-0.7189686273191594,-0.9718545543043998,1
-0.1381917045095296,-0.7810079103585271,-1.286946452997026,-145.94410788429414,-9.410032970735449,36.7243477499972,-0.21808972464817888,-0.7433813524375708,-1.1345849918598567,1
-0.19920700971387584,-0.7968600911208648,-1.4912604036487394,-155.88509875874064,-10.016939348472903,37.87539420476939,-0.27753854458466864,-0.7640179056258091,-1.3329636281393304,1
-0.25978943916591474,-0.8011692420505261,-1.7400250858914266,-168.47794333608172,-10.925714034010904,39.26673865773009,-0.3417899972112759,-0.776053371600972,-1.5747522012828608,1
-0.3171550998263357,-0.8061860270744833,-2.02329949736819,-184.48956894312394,-11.029683609142655,41.258893760402145,-0.40518555491983155,-0.7868153353388951,-1.8564127769121654,1
-0.36952378775751915,-0.8378118510465407,-2.309327161971085,-204.14193606234107,-9.084976691429665,44.15264976519414,-0.4624350643457551,-0.8154994360083305,-2.1488585938973075,1
-0.4171769456019009,-0.9198137747219958,-2.5508079276307845,-226.54575357232366,-4.301241805984768,47.89751129721889,-0.5123922292773093,-0.8833965885120779,-2.4027786203922417,1
-0.45767613761527415,-1.0625767177201288,-2.7072009271427953,-249.5494019194903,3.2234638674916027,52.05536439640886,-0.5544291858278638,-1.0035615696449671,-2.5744048702215596,1
-0.47528961498423733,-1.2637572480577701,-2.7616504288777044,-270.29234648628915,12.647663564035543,55.96680142065436,-0.5775054041449216,-1.17716961186997,-2.6450417529826633,1
-0.44057363579454295,-1.5112736940752707,-2.714016375455635,-286.1280473326867,23.120888751305756,58.76901465358871,-0.5560132845964936,-1.3946131444048773,-2.6133910000538285,1
-0.33488348307495497,-1.7814011481525875,-2.5633925864629212,-295.23192210368273,34.466430169691506,59.27932757032012,-0.46847141282089055,-1.6365997965657586,-2.476842265656908,1
-0.18460212238174492,-2.0379375926009295,-2.309566312825909,-296.640867623686,47.06772413590076,56.31981938685513,-0.3303580154585626,-1.8745618966302096,-2.233415333597233,1
-0.06389335885996235,-2.2385456380383815,-1.9761000953261116,-290.17613308737646,60.97862376033792,49.685261217690005,-0.20405463170901622,-2.072373518132237,-1.9048635412378216,1
-0.04680929188589378,-2.3449684100781636,-1.6225804099800258,-276.74047750217915,75.15123737617894,40.84269385055725,-0.16172764887346502,-2.1917283098133393,-1.5480248459752493,1
-0.14744113411221008,-2.332891966155404,-1.319783961932547,-258.72263167395175,87.6392928277545,32.303226087478464,-0.22892322409478721,-2.202843489531325,-1.232313039406365,1
-0.3094761493727793,-2.201507373668133,-1.1048842311923284,-239.64594485824037,96.66289412095689,26.025447813524572,-0.3650621863849533,-2.098154383464452,-0.999540620661207,1
-0.45608173286905784,-1.9791016183199126,-0.9606336019360853,-222.74401937420512,101.55261582877104,22.391215303702577,-0.5004197082575952,-1.9006697727334019,-0.8416074950445288,1
-0.5465400215993508,-1.7158623961127029,-0.8390977919018503,-209.43936459330067,102.75955255958092,20.591103844528977,-0.5896742982655953,-1.657693502325953,-0.7155488088657952,1
-0.5876959387703001,-1.462928627435795,-0.7038593536310707,-199.09637157573542,101.08260641394827,19.689981919144433,-0.6313963808365625,-1.4196561018683473,-0.5813807042763833,1
-0.6048164937291424,-1.2508693457499247,-0.548777476594403,-190.20619679034803,96.92370502112797,19.269202116631146,-0.6466157229905849,-1.2173692792398993,-0.42732693300904334,1
-0.6114257926010924,-1.0826374046355511,-0.3841122337180645,-181.84894385708697,90.11692572395737,19.409428457699978,-0.6487461025293302,-1.0550028365625654,-0.2633084360694264,1
-0.6026200979674387,-0.943689692502999,-0.2186738688738556,-174.47339263521414,80.17840499429468,20.387176694241916,-0.6336658473860952,-0.9227093085070104,-0.10059111180355015,1
-0.5671995311366433,-0.8182148342094336,-0.060338524659632686,-170.00326047041324,66.51494907477777,22.34921493502172,-0.5913279647757519,-0.8127673650645484,0.054711507888316885,1
-0.5011257784895892,-0.6949840521692952,0.07712578254223762,-171.42389927070155,48.50930669786319,25.118306563999123,-0.5210534883206037,-0.7191300476589644,0.1948124896178724,1
-0.4099200490222794,-0.5569723158741361,0.1815353403801001,-181.8187145817767,26.020040877826425,28.33118100228863,-0.43392130759695036,-0.6224119441381294,0.31136257231501074,1
-0.3023118387351069,-0.3751405986888135,0.26096550986110434,-203.63716754139526,0.6187301509435894,31.850592423566166,-0.3420766997196148,-0.4876732970552499,0.41052839993500156,1
-0.18724307654121625,-0.1365666351901635,0.3523243703976738,-239.19620977610947,-23.586530090020624,35.95062753477683,-0.24982421332763122,-0.29464147786830736,0.5238766881735952,1
-0.07864340509713018,0.10488541353862843,0.501409642984835,-290.7055757460351,-41.51462637688031,40.8569250435691,-0.15855871932896914,-0.07853996064203914,0.6925089270402098,1
0.0038234240037520167,0.22270848711903474,0.7166231118471206,-356.07165992281574,-50.78296585975293,45.996709116842126,-0.07841708941180468,0.06783833104723413,0.9222023954508197,1
0.04828001751611004,0.09995471536258015,0.9387708353867962,-421.7603092068144,-53.58270050112458,49.871537225015835,-0.0276769612863648,0.05048107692457013,1.1513801477233259,1
0.06378340611112086,-0.26251525686924393,1.0837493774482783,-462.1227225738664,-53.388635444901574,50.85436548139018,-0.01645888045978631,-0.15451272037106287,1.2927880748319422,1
0.06883193571568197,-0.7258790772693079,1.1314824029195485,-452.3473593952717,-49.4664701860204,48.073461364412104,-0.03525438168799483,-0.48017532877834473,1.326289701705654,1
0.06583529852817194,-1.109714496333447,1.1330658016282849,-387.4299136303949,-36.88700888787922,41.598175414495365,-0.06280874932780554,-0.814490500582924,1.3112765014921588,1
0.04307111460939169,-1.3099973823476752,1.0912602523010724,-289.4371570582151,-14.33281436204598,32.31810340383353,-0.08056615946118843,-1.0642398433632263,1.264516748118719,1
0.007902966052669552,-1.3290419865146728,0.8881779844674165,-194.25614692181696,9.464158445725523,22.086361147084727,-0.07840183517733906,-1.1802975201857862,1.074348125686142,1
-0.003913754131341906,-1.2095361752953482,0.4312552411557918,-128.41268844941595,21.328144837773408,13.520423878412801,-0.05660316155236388,-1.1399609064314864,0.634752692762944,1
0.030354208446519957,-0.9651563447138856,-0.12775766637771468,-95.60563522873113,17.405178591376348,8.757297989232294,-0.02722734613142614,-0.9306683261793924,0.0724037168956364,1
0.08877386194796959,-0.5885479267924806,-0.43063269231537227,-82.35894702764618,8.206854160733943,8.137509702315604,-0.0017868391733767814,-0.5651825014206914,-0.26397063681397404,1
0.13878153714874533,-0.11136878518079885,-0.2515854857153006,-73.90971693804703,6.825235586867088,10.353356148574472,0.029884233243676433,-0.10298036938231832,-0.1249418072556281,1
0.1867021606345524,0.3735837077280351,0.2281367156224279,-64.12827099672513,13.886901249191313,13.678973228893145,0.09446374005552854,0.36269846285817275,0.3471913692364581,1
0.26236969835037227,0.7616344526280117,0.5444337093503206,-53.267447393032484,17.857623874984334,16.574670892871335,0.19620258059540774,0.7474197766687676,0.7036593851491443,1
0.36358218801571285,0.9992342995456909,0.35843714423733714,-41.278521333010886,9.83648676796501,17.435680123488794,0.2961394829698443,1.00673572443707,0.5800114181763922,1
0.45023409929300723,1.0971065147620203,-0.27132352629659257,-26.208886810585618,-5.6545687876805655,14.841251248155292,0.3485561980908899,1.1350448685435006,-0.008365590096646683,1
0.49626944872213646,1.097794532275633,-0.9906675493392862,-7.865091786555324,-15.557651355244785,8.6030739676346,0.35227819080709655,1.1503888722657425,-0.7315137173175335,1
0.5192038514460763,1.0448408695318283,-1.4642313622434728,9.855933742683453,-10.895849126864839,0.24062535089729242,0.3481856610473216,1.0882496565517112,-1.246478256782304,1
0.5486483008799405,0.9754073389380321,-1.5871391990215395,21.6712436445105,7.428411471299386,-7.858438341874917,0.36771199630662743,0.9990032213306957,-1.423031084447417,1
0.5868283050301439,0.9138272402730075,-1.4576892250882418,25.529905665900063,32.912771579579065,-13.677533273299845,0.4039460621556719,0.9264185987414343,-1.3351841187188165,1
0.6152064967569678,0.8487567512099228,-1.2187231347192018,24.17599527856145,59.14117491476626,-16.342360436764597,0.4408071286346312,0.8700339957854258,-1.111844867331641,1
0.624485678492062,0.730848612273196,-0.9590433799608573,23.1112945963674,80.01833534675016,-16.620649227585265,0.4841993839113666,0.779519380829461,-0.8395936685348145,1
0.6114393143419894,0.5430020778318005,-0.7660831598494222,28.0742139489628,88.9896490136167,-17.01591448035435,0.5253788414510302,0.6245971227410149,-0.6134216079659403,1
0.5467440581221162,0.3967034902249473,-0.8129610946296565,42.89229578380946,85.73603594508118,-20.25638809382888,0.48018461246463173,0.4894246223345112,-0.6222851169420812,1
0.38386745241927095,0.4926655794201077,-1.2493712994700832,65.58149186805049,86.0570754251005,-26.222902104726952,0.24159902481624485,0.5475242551656528,-1.0408942364664728,1
0.130665057109294,0.886489418312633,-1.9126567409897126,84.90415919356337,115.77106286694863,-30.565544364470437,-0.1462093672919369,0.8659682461940001,-1.7341256898727324,1
-0.11802524146332471,1.3202670566353718,-2.291132151924982,86.1025785473626,181.21406749083388,-28.28654181964065,-0.43531620190681913,1.2516424692382893,-2.1934172854261518,1
-0.28368868783563256,1.457315438378087,-2.019896202124561,67.1906833965149,246.00838665395625,-19.921581075061102,-0.4316638392052311,1.4210965316742974,-2.007523351795538,1
-0.43607858030126045,1.3617905928639236,-1.3966750826021663,47.672680087741504,254.8694079059471,-12.890477984931373,-0.29853706365418126,1.394836610622256,-1.4045698772266115,1
-0.7160978631702558,1.5661099487582726,-1.1575866190228956,51.10397342551351,193.70332060663034,-14.396036568168793,-0.4177113581553545,1.5988327542736291,-1.0993511542075904,1
-1.055025466068993,2.4394037237792374,-1.673696297684373,76.60340636677279,115.85468670512837,-22.82474990835904,-0.8451366505767719,2.3750447602258293,-1.521255739034399,1
-1.0891274126631711,3.53955116422719,-2.545758803249796,97.79973612946405,90.26073784475663,-28.751011737713245,-1.0890404137620724,3.3822150653282157,-2.3498797832292877,1
-0.5533780074643613,3.8630566954025123,-3.061921080590477,94.75282477319912,125.78167746430522,-25.830777763593723,-0.6736131842836417,3.7188502120741536,-2.891269713004794,1
0.27006892117205283,2.8666384619950813,-2.9129325288088386,76.74536075854255,165.22392960199912,-18.00012254134069,0.1717827028040156,2.8240011679860255,-2.785619328037518,1
0.7415633597340353,1.0870697191606373,-2.375579958173515,67.0046376925643,155.51207632018534,-13.390806988953477,0.6988425127966632,1.1388361013086377,-2.2564295722158336,1
0.5555670003465022,-0.384347923512502,-1.9251453556402323,74.40489497924075,103.22714981277755,-13.862616933807306,0.5131054553498613,-0.3029110040086576,-1.7783784315248,1
0.03599916621753585,-0.9124486304371929,-1.8175854414405936,88.39186762549917,53.532036798725734,-14.366288602701651,-0.04175725545503668,-0.8495250306373597,-1.647083879008997,1
-0.30554996215308533,-0.6858723492701101,-2.0007993844100027,94.95230121209711,34.56006399313719,-10.962938707649199,-0.40296202237729206,-0.6486712716380811,-1.8373120527959264,1
-0.2919406077688549,-0.26482414192557513,-2.2781103554863824,88.97299400199026,38.59026872022603,-5.318577840559197,-0.38994264621025515,-0.24063351082645495,-2.1400856925016454,1
-0.08745038363733275,-0.017420473788196625,-2.505467699201139,73.62604758945125,46.21752904093973,-1.3499327758872535,-0.1918429647943622,0.005283460361244628,-2.384747733630438,1
0.11015265833882666,0.02585945749430042,-2.6718551709125067,54.74370514280964,49.776934739232544,-0.5567314817403521,-0.01079368686306617,0.05359219082509377,-2.554595700754584,1
0.23092347645763656,-0.004217719566239425,-2.8283172422688234,37.18076501069771,52.32308156396948,-1.56793981124936,0.09999022901192488,0.03149054724773737,-2.7161680235137897,1
0.28293293694788085,0.0060387809889359,-2.976270564802217,23.477961050116683,56.1853462062259,-2.524464795966263,0.15690556580264742,0.04762371475619454,-2.880937819136655,1
0.28824974714436596,0.0969137539274892,-3.052490899357616,13.696052618165321,59.18655394129631,-2.669161740838541,0.17260248905799833,0.13863013535475444,-2.976515797074577,1
0.27193718053854593,0.24159588041337873,-3.007573657682255,6.412132837517517,58.76820504169621,-2.1406921563668577,0.16170145465040076,0.28112033261336855,-2.9383777495081196,1
0.24897518219500114,0.3742259229842837,-2.8676590948867076,0.44741837068296064,55.33621509623724,-1.2305740459899415,0.14063601426776695,0.41556147851332453,-2.7900226568521225,1
0.21161637780414838,0.4473973794941732,-2.7103422110617736,-4.24437892169973,51.22547784013624,-0.13155321641629417,0.1082166190406865,0.49327538855365705,-2.6197854699781704,1
0.15142955335584835,0.4765483259010325,-2.5883365897680504,-7.380715041798458,48.11553737048059,0.9336304777296562,0.056018167365984126,0.5222355049119419,-2.4907405415113364,1
0.08599618256355972,0.5083685315940178,-2.4876086226026515,-9.487904409777322,46.048121005825045,1.6760304631231808,-0.00427313369754194,0.5490471732567669,-2.3894519041416027,1
0.044864620611281374,0.5505846082710665,-2.362476231776646,-11.646572504834717,44.17110020565621,1.891609545678596,-0.046292298961681334,0.5909922649459675,-2.265102367239743,1
0.035266559065400396,0.5636527888646788,-2.196726729511316,-14.337543447950505,41.779489064613706,1.5942261691187092,-0.06019114689846076,0.6118620679242128,-2.098112203590659,1
0.03696017038582736,0.5217294536876443,-2.0154755936767974,-17.105733057927704,38.80099691626265,1.0003360189047794,-0.06199908471981775,0.5744767833644233,-1.9120808085705732,1
0.028188631216220835,0.44959610147149603,-1.8476234436838836,-19.264058019161403,35.694979518583914,0.41562377075795004,-0.07139182585424435,0.492000254941915,-1.7336203756387887,1
0.005880625419515216,0.38862916462091507,-1.6996450424035634,-20.485263261732115,33.076438144299914,0.10713626224618134,-0.0918072660396956,0.4102116693482357,-1.5696648236927104,1
-0.017480738209902837,0.34899129944566826,-1.5684581330867429,-20.80408565762582,31.489063697422715,0.17160609588281509,-0.11333258899090867,0.35515952967356723,-1.4245237726040674,1
-0.02694402003994973,0.3120826580775255,-1.4625094361234385,-20.497297901063416,31.433931199815433,0.41752534722074425,-0.12460385504366697,0.3180337122506377,-1.3151418934525672,1
-0.01524200791716182,0.2675643219695719,-1.3985039712609515,-20.053680734137387,33.245631833327394,0.38166376452717093,-0.11885432715697654,0.2836280145529635,-1.2575764868622632,1
0.010484283046198332,0.2245849186204005,-1.3772396537443017,-19.963062899481457,36.629072940296,-0.41923473608133976,-0.0977410973560985,0.25038444997829473,-1.2436613073505576,1
0.02830471596754165,0.18448431559162343,-1.3673788965449587,-20.23962137385463,40.40636870473148,-2.1474948419373945,-0.07566901562837723,0.21769417495448118,-1.236084376043426,1
0.01623898277420282,0.12808208680025163,-1.324754294217221,-20.069636780096996,42.99160063208946,-4.554815756181324,-0.07336497896091153,0.1741824917915454,-1.1924928518969373,1
-0.022804718347038247,0.05101950135924898,-1.2378743011776547,-18.183612498570398,43.315577056907664,-7.272985195143034,-0.09680947554668971,0.117296086921721,-1.1038237605660606,1
-0.05459941570793807,-0.002844286701149717,-1.1457915267919954,-14.020921639500653,41.48914777367352,-10.148471812300972,-0.12447668013531657,0.07693291791975768,-1.0070524702895791,1
-0.04487535010516536,0.02501600896970545,-1.0963998282005676,-8.615922931076462,38.6610797304663,-13.208152340579002,-0.12641490977861583,0.09602354169236224,-0.9487697196280658,1
0.0021854016635665875,0.1369148040315867,-1.0928871137672742,-3.978352480032934,36.017453483155684,-16.357733578095967,-0.09734945172518593,0.18038491688947028,-0.9367057918634262,1
0.04757231781679431,0.2660846726450378,-1.0960161767012253,-1.4094044558346306,33.71955376046689,-19.259044059275965,-0.06203790529764304,0.28422744579532094,-0.9368939680392558,1
0.0601021991418907,0.34351408088327606,-1.0738137951995153,-0.5645930094905471,30.975248707984857,-21.47773452467285,-0.04731811164111486,0.3547293207192714,-0.9155627966399381,1
0.045805053931146075,0.359891573495977,-1.031167498816197,-0.12926309122101276,27.281464574247096,-22.635085580001135,-0.05672497483519811,0.37895718381349386,-0.8711542038452713,1
0.03466423487998767,0.35394652163569135,-0.9892748836699291,0.8750156260335783,23.32909967126009,-22.514031915866557,-0.07252138168097781,0.37994135604124163,-0.823884040419573,1
0.04760950120250395,0.3569859136454011,-0.9538749915185406,2.519540282286415,20.440516044908573,-21.2204921427504,-0.0757064321749635,0.37945129496640617,-0.7861933247939519,1
0.07946261847501503,0.36432704933467847,-0.9161062055601755,4.393906353090711,19.316077958563984,-19.209434013029632,-0.062094386651923794,0.37797984212170394,-0.753475651403302,1
0.10804477376169674,0.3582619413791969,-0.8758801918180329,6.217593693777745,19.60819034209017,-16.980870412446123,-0.04167054832566122,0.36985782129137995,-0.7202994943417803,1
0.11691821652241603,0.3442510284360249,-0.8478222924471366,7.886377438351516,20.56708492622076,-14.74167642811388,-0.025073345660520253,0.3646404908325356,-0.693619286245459,1
0.11267131233720393,0.3489780934089475,-0.8421631339738208,9.152615203639291,21.70644786597844,-12.436435837840621,-0.012669778726891952,0.3798128332622611,-0.6845256140495654,1
0.1184896400877208,0.3812119197373708,-0.8512683820479698,9.634802098549157,22.7686161512868,-10.029018336877343,0.003563993619627761,0.4130991390197862,-0.6931597808112664,1
0.14547023944869455,0.41198638431781587,-0.8603291802372728,9.225137209661355,23.385290962483623,-7.641643937035134,0.030123748585171004,0.43715076962459143,-0.7080548554913614,1
0.17656292814628066,0.4095885656992614,-0.8647916495903687,8.272343156132312,23.08316388826357,-5.4878712384745265,0.06497902891909502,0.43177489316423384,-0.7188375778651496,1
0.18977812281740716,0.3862031597986761,-0.8712259830419787,7.22529885572791,21.62835566527612,-3.79682796250515,0.09879814577781706,0.41325419026729054,-0.7250925294818855,1
0.19064337947146687,0.3866905371575378,-0.8836627693708128,6.191284947845126,19.269920741868642,-2.7712758612265125,0.12296274219524454,0.4164076544209085,-0.7314669986472464,1
0.20517010199851918,0.42659069644265885,-0.8957071597076502,4.950019432749842,16.66071441666908,-2.4922391167923426,0.1389361886740741,0.44768910570735876,-0.737615573179648,1
0.24253336533790948,0.4631581715574462,-0.8976343666832161,3.3199919808216607,14.549989871495992,-2.8273793900647366,0.15964217349517354,0.47166172487010416,-0.7372002920669295,1
0.28442987796421043,0.44229735420416155,-0.8865088528696706,1.365111090702723,13.376841528934815,-3.4977971797855476,0.19782733036353076,0.4501782379614925,-0.7257703762162536,1
0.31647594003791185,0.3633539328319102,-0.867213186416237,-0.7316198026635294,12.943203232733124,-4.270495981703615,0.25199944005204034,0.38578074278079066,-0.7060981402536153,1
