ADXL345_Acc_X,ADXL345_Acc_Y,ADXL345_Acc_Z,ITG3200_Gyro_X,ITG3200_Gyro_Y,ITG3200_Gyro_Z,MMA8451Q_Acc_X,MMA8451Q_Acc_Y,MMA8451Q_Acc_Z,FallCheck
0.13281105931939385,-1.0234470346331594,-0.19531677614155787,-2.5635071456287246,0.54933491629477,-0.061028298156168385,0.04199627891939289,-0.9775382094551232,-0.02929815522004339,0
0.12978876254378077,-1.020506271551118,-0.19191470314887488,-2.6502307804796907,0.6142085551124975,-0.08877947736421483,0.04201576709819274,-0.9784774557587889,-0.033142849332661525,0
0.12919179372279763,-1.0198725924602012,-0.19363619780816832,-2.714885727861736,0.691791846075513,-0.1214427470215568,0.04254542393602475,-0.9776436381481785,-0.03595597593506596,0
0.13101728463645906,-1.0212429263510852,-0.19815137845414688,-2.7369879409705637,0.772762929859635,-0.14972361584631722,0.0436326008346551,-0.9758563095754402,-0.03697394871188872,0
0.13278937242265326,-1.0226578624689007,-0.20020731266168462,-2.6960465527410693,0.8315943992777398,-0.1588893946051485,0.04476062617127269,-0.9755654577962052,-0.03619298618467053,0
0.1321120356087007,-1.0235044878416077,-0.1999979836773818,-2.581359863203824,0.8482055218207719,-0.14954507973873443,0.045305854956163495,-0.9775299895570839,-0.03449373873794397,0
0.12939174753547122,-1.0247971941884306,-0.20180145512769337,-2.416526225442443,0.8225157954830378,-0.13941086439347827,0.045100053631860385,-0.9795791424655936,-0.03303241210058558,0
0.12759880821943467,-1.026188299595949,-0.20596137333950226,-2.264239715440501,0.7763778226774932,-0.1416525594027478,0.044585127090808065,-0.9791479305972567,-0.03231848416681122,0
0.1288340262391274,-1.0249975743837103,-0.20729799493052248,-2.183493800939588,0.7416595457884217,-0.14800273218827337,0.04453670004715429,-0.9763032529498781,-0.031750577335704584,0
0.13165209191112118,-1.0198987811546325,-0.20244591280794025,-2.1786280868708876,0.7373085353621738,-0.13604138546068742,0.045424870714041166,-0.9735488282486311,-0.03033795879614732,0
0.13272062496808965,-1.0139345340706618,-0.1952438916683917,-2.2046600892271146,0.755910233038346,-0.09247042940767901,0.04672427651361733,-0.9729516011286932,-0.02811101384049352,0
0.1309401840948508,-1.0116439012226237,-0.1922663950161597,-2.2196245113730653,0.7783652259382287,-0.0297104650471701,0.047108376125876254,-0.9741053430722245,-0.02635991720930334,0
0.1288567224325044,-1.0139870361023073,-0.19477942645979981,-2.2163894239484825,0.8000333185714676,0.02492280461631398,0.04588722462745658,-0.9749359367472922,-0.026179753718222194,0
0.12955245529435208,-1.0180940877105744,-0.19816619977586403,-2.211322497390376,0.8323698846383821,0.058665932118495544,0.04419939677844563,-0.9740519257493069,-0.027295359778920038,0
0.13273482813383164,-1.0213309984068668,-0.19847074142246932,-2.224036492338635,0.8792720926171859,0.08140662787108814,0.04403962354531126,-0.9720923775270659,-0.02862700473405719,0
0.13477564307934417,-1.0231720954566064,-0.19620148863132927,-2.2689483148984437,0.9265492691017021,0.10064130998319003,0.045760358592165706,-0.9709425310119357,-0.029474067440313632,0
0.13291206117929996,-1.0231351823577974,-0.19391333326525376,-2.3497973613878536,0.9614629531780146,0.10491081640630667,0.047296858742969496,-0.9717416467201724,-0.02973114289621526,0
0.12864722167045017,-1.0199366212939847,-0.19302013209055138,-2.452047225838473,0.9920633376289107,0.08248588312456347,0.04660833322261542,-0.9736883556979405,-0.02942511517887141,0
0.12592709255393883,-1.0143396431298046,-0.19291329341332267,-2.5413595612639392,1.0372011545840925,0.04418319853462546,0.04420103504874307,-0.9750031819001947,-0.028723336179063787,0
0.126362039129696,-1.0105815813137113,-0.19140222385240324,-2.5796838167086733,1.1003813892307541,0.014752695218207594,0.04223298699545731,-0.9749285549181981,-0.028260617366095003,0
0.12795884199859364,-1.012259558401438,-0.18705871193738577,-2.557322577067901,1.1611670075093903,0.004389807648369,0.041787724274857815,-0.974174502984792,-0.02869989213426392,0
0.1286962715575767,-1.017541672136239,-0.18229634112260454,-2.509796430862659,1.193859769225425,-0.0020398739119467995,0.04223288939331945,-0.9735465452978637,-0.029759131957893425,0
0.12901453811489194,-1.020883682905157,-0.1819395011711368,-2.488393944446056,1.1901814158455208,-0.023700225567130376,0.04265953037064642,-0.9731317699519407,-0.03032047936876182,0
0.12946473010244822,-1.0194384246475596,-0.18708812862567226,-2.508587963323942,1.1623978553733307,-0.057471710024894804,0.04267338247128588,-0.9729347811194604,-0.029855657023459155,0
0.12813459886026868,-1.015694876883719,-0.19263741326807665,-2.5372716200213965,1.1309007693812758,-0.08198024077026207,0.04213024350739251,-0.973309235178782,-0.02919069417521713,0
0.12314883516519187,-1.0137082502993442,-0.19311580443058762,-2.5346376158680415,1.1130219335227691,-0.08623709645176915,0.04105826713700934,-0.9743881775136785,-0.02949195550270937,0
0.1168207284946353,-1.015067502855721,-0.1894094192591456,-2.4985223570319466,1.1167425769398989,-0.08222883081172552,0.03971720855528054,-0.975710643876561,-0.031006617913127577,0
0.11420541093270727,-1.0191391294636143,-0.187285355461426,-2.4568557277175125,1.1370469044393499,-0.08573134483033897,0.03841070858992235,-0.9767252628220229,-0.03312951306454422,0
0.11700543077369013,-1.0246326352244153,-0.19016126591864124,-2.4183346120917264,1.159499297132427,-0.09484715800118837,0.03742193184712696,-0.9773157626756187,-0.03512899622280676,0
0.12136205764934882,-1.0294053906602159,-0.19583752851292716,-2.3486408446875173,1.169476184852645,-0.09399960596020791,0.03702246632432744,-0.9776815463837095,-0.036355563733736385,0
0.12277268609876055,-1.0308099665349173,-0.20034377408944967,-2.214355370069174,1.1558924183665364,-0.07474796700522036,0.037231776919817175,-0.9779480688610676,-0.03625306345249442,0
0.12124879273521912,-1.028108547570046,-0.20256679729713165,-2.044013057811279,1.109734033067636,-0.04710468822747092,0.03776429759486984,-0.9779456237117778,-0.03483063582618621,0
0.12004190640565557,-1.0233709981109014,-0.20371658439199186,-1.9188465519017692,1.0301518673152017,-0.029272497620102388,0.038481014340121224,-0.9772401798988951,-0.03305983917916307,0
0.12080350079514378,-1.0189351876657087,-0.20390372532720394,-1.8936715479915323,0.9352254022194062,-0.028178255192464384,0.03960109210202122,-0.97553898529552,-0.03228636907612319,0
0.12234084306219463,-1.0157019424219929,-0.20194041430891635,-1.9450218436137119,0.8542661917156872,-0.032906413956161784,0.04111978893087345,-0.97332162653786,-0.03287315376243276,0
0.12356153757050968,-1.0149364678430461,-0.19849199248686522,-2.0072044244680436,0.7991746859659224,-0.02832361452768122,0.04234402784137672,-0.9719229566049926,-0.033592853512322406,0
0.1251964314018226,-1.018800752605818,-0.19665615781328988,-2.0402318546348215,0.7537571109420961,-0.013270716903123113,0.04258206174207903,-0.972536121499854,-0.03289730911451779,0
0.12818902379151023,-1.0263879768345932,-0.19795629496316464,-2.0448130589027427,0.7044066147832211,-0.0025432106047348552,0.04212914263391322,-0.9748868680675695,-0.03075126688145466,0
0.13166825097390236,-1.0314900605333601,-0.19932488263701456,-2.0275319431016823,0.6686945104579537,-0.010806050108297948,0.04191040928208769,-0.9771237623747672,-0.02858844686863582,0
0.13302933083760302,-1.0280558883063091,-0.1959722162078245,-1.9831411631647047,0.6736770219187718,-0.03751279562790676,0.0422015251082777,-0.9774253791801564,-0.027542241328098037,0
0.13042646169316674,-1.0176661568031622,-0.1871957713626467,-1.9179460633505563,0.7155450079015534,-0.06811109407164598,0.042443809663305486,-0.9757785706332734,-0.02751447407653221,0
0.12568494557831567,-1.0089565222289463,-0.1781131455515557,-1.872148048842397,0.7642276723743057,-0.08631507475012523,0.04245537953420515,-0.973914012985148,-0.027952181472460567,0
0.1235109143525968,-1.0090860189068502,-0.17500343223594506,-1.902195105818249,0.8034281606594686,-0.08538758035592611,0.043013132683207764,-0.9734692442299877,-0.028534413834233118,0
0.12639899726257245,-1.0173016320319042,-0.17936104596088348,-2.0349009963007076,0.842492688849219,-0.0721960970898707,0.04470855197479849,-0.9745731891163195,-0.02875701683643968,0
0.13149164084239545,-1.0272241766744454,-0.18709794665257531,-2.236056168918184,0.8889449257593744,-0.058608357892059246,0.04680308224653923,-0.9764012801729801,-0.027828733052272504,0
0.13401278777849196,-1.0336365016660582,-0.19320525962938745,-2.420142953688002,0.9336033366554503,-0.04416940601478476,0.04792368448681472,-0.9786549335858311,-0.025906827996429915,0
0.13273648994049278,-1.0357371702105516,-0.19611451570186048,-2.4892431498095937,0.9708087529920122,-0.014749790633307785,0.04760595944454809,-0.9817568164260992,-0.02498644326266125,0
0.130601430646815,-1.0353447015453319,-0.197346890559014,-2.375847492941634,1.016547999620075,0.031140508349450476,0.046551201324335614,-0.9853819161960718,-0.027381349235492267,0
0.13082198938486467,-1.034459931404879,-0.19848210408896688,-2.079105209605184,1.0961857798253132,0.06502844227702065,0.0455681719023685,-0.9874821411079536,-0.03304963706059116,0
0.1337162406685035,-1.0341759938154214,-0.19993710141348084,-1.6812549442199292,1.219094702293047,0.05657987703055215,0.044865998177050746,-0.98571850949916,-0.03925105532371066,0
0.1368114911834941,-1.0336378956529464,-0.20195923132096702,-1.3184509846222434,1.3663733406317289,0.013212420160723297,0.04439892154291789,-0.9800574943046332,-0.04322534623698773,0
0.13720860119445175,-1.0302915175795904,-0.20501553515002646,-1.1120863064835351,1.4995066367976198,-0.030669453118089815,0.04433072576805027,-0.9733392995987151,-0.04448665310228068,0
0.13421846650987182,-1.023183497917519,-0.20871881364051706,-1.1117074005424175,1.5835427863324578,-0.06348488842998058,0.044760404010963366,-0.9688745535697207,-0.04408443541956039,0
0.12999285120421122,-1.01548984548998,-0.21106217251473874,-1.2851793636429174,1.6077031689876513,-0.11271808278392648,0.045224261782949304,-0.9677613032603871,-0.04250958174987623,0
0.12718007284191943,-1.0117107369130058,-0.20955207774867896,-1.545500274054854,1.5881584287286081,-0.20405415763890486,0.0449509867489649,-0.9687745766060629,-0.03934541185067962,0
0.126084325167101,-1.0127651854860118,-0.20378424189553598,-1.7925443892349273,1.5561533850158085,-0.32036649629463293,0.04368033763717344,-0.9703437764098303,-0.034702347616064964,0
0.12483657710048146,-1.0156205757395986,-0.19663625245905864,-1.9540058654755752,1.542273193871302,-0.4119395196618374,0.04196779209281085,-0.9719471124408672,-0.029866381451235918,0
0.12227736995849812,-1.0172672600685662,-0.1917264464705863,-2.006066943789676,1.560689414885735,-0.4413263952086553,0.04061147244823452,-0.973747605518216,-0.026143769381653085,0
0.11956525339730448,-1.0172397425223931,-0.18942329449222167,-1.9672741939454255,1.6019996672738552,-0.41350463548160027,0.03989418943517766,-0.9756545013433331,-0.02380490134669192,0
0.11840471020209334,-1.0164835312213558,-0.18649772624938882,-1.8821561230204986,1.645746275893178,-0.36664750324355827,0.039437449629133654,-0.9770886966075456,-0.022533499089475845,0
0.11872292267498581,-1.0156989802686378,-0.18043348976904372,-1.8032873234275744,1.680376792971123,-0.33675499484790994,0.03880595963209174,-0.977437962218394,-0.02211471610539451,0
0.11926979001086586,-1.0153249628819025,-0.173365402485188,-1.7653559809560633,1.7070079547887347,-0.32932370602432126,0.03816665968304018,-0.9765348164908416,-0.022207244600991834,0
0.1198855514090546,-1.0157341551870471,-0.1705454382622451,-1.7641283246363852,1.7286250390064437,-0.3226557804521296,0.03819149632711328,-0.9747591840351706,-0.02221822683473248,0
0.12148412606717524,-1.0165359098900328,-0.17456603574730534,-1.7677276436718194,1.741152780721228,-0.2952966713859082,0.039357579801197654,-0.9729234943715874,-0.021963223433317854,0
0.12372616574462676,-1.0165644911350948,-0.18210589631059387,-1.7547024910383424,1.7301301544461807,-0.24716324447121646,0.041468671095931484,-0.9720674253434346,-0.021935235029857548,0
0.12460437279437617,-1.0156483475172378,-0.18741618329214113,-1.7384869489479968,1.6765301587059187,-0.1961741224714345,0.043748198533021795,-0.9727926020122696,-0.022579281120679272,0
0.12327571959960049,-1.015843133051972,-0.1881977829060046,-1.7538334070192054,1.578267532876827,-0.1597934717715249,0.04529017892229818,-0.974377570274921,-0.023661123574561013,0
0.12182921839369089,-1.019174224065464,-0.1866685984495571,-1.8223071806158548,1.4672121931463085,-0.14061910002011374,0.04559134821982841,-0.9750956727333472,-0.024546887034938267,0
0.12269358707095174,-1.0236919021741546,-0.18580948172448367,-1.929691649240049,1.3901883891636706,-0.12615077156373278,0.04485074846850643,-0.9740466830449007,-0.024978325086191504,0
0.12496280157920173,-1.0239537718551521,-0.18641257545949913,-2.0327433470299243,1.3685485790454748,-0.10222956906167575,0.04373968356611567,-0.972271789798675,-0.02546246503779834,0
0.12511536176936203,-1.0174676774849938,-0.18736798170705812,-2.0891823662950872,1.3861696094669265,-0.06984449833340214,0.04279246940269826,-0.9714499114467349,-0.026687866521146558,0
0.12178114076464416,-1.0090753530261527,-0.18743096024540506,-2.0874368495047966,1.4158800198217083,-0.04703600319046408,0.04208784366259867,-0.9719582470864002,-0.028505320052447235,0
0.11823885249162294,-1.006148003598066,-0.18661130000094092,-2.052697604820279,1.444634742875119,-0.04912378615135114,0.041571820089908756,-0.9729610311307203,-0.029894321897993337,0
0.11874133817719305,-1.0100723098058393,-0.1861814326845004,-2.025516144044048,1.475013946545075,-0.06942422869048961,0.0414037739149004,-0.9739322387007133,-0.030144470606653147,0
0.123203415879618,-1.0151889139557628,-0.1874155740819232,-2.030078366730676,1.5169641420337199,-0.08717348105663619,0.041727560356230695,-0.9750671136507234,-0.02968535237360083,0
0.12770094688704003,-1.0163926860647794,-0.19044881492283972,-2.0562654979613613,1.5764825805597102,-0.09318433512818527,0.04239022818995906,-0.976367468490434,-0.029497482376795312,0
0.13002003673623785,-1.0152733419615851,-0.1941275891195709,-2.0698922303140157,1.6398732252894652,-0.0976795319994306,0.04315628186612455,-0.9773109692082779,-0.02994421068927257,0
0.13170880438662025,-1.016960411334129,-0.19668041042338716,-2.042632334290615,1.6749959043634552,-0.11103174446087986,0.04386619191996022,-0.9775406049166254,-0.030432035896008517,0
0.13391318222678109,-1.022375263257296,-0.19702014139029128,-1.976542649796856,1.663124376102221,-0.12848856051437496,0.044238509121683464,-0.9772824044772721,-0.03026223628917785,0
0.1346243577737848,-1.0267154347851488,-0.19593746205360327,-1.9037250123057001,1.6244493038967247,-0.14219163166796664,0.04399470819226807,-0.9770348939188629,-0.029671753652500566,0
0.13198726923430382,-1.0259955578841047,-0.1956211309918634,-1.8612898459381129,1.5958879452511292,-0.15889319635897142,0.04330024381465399,-0.9771675325044419,-0.029623242194810093,0
0.12769427490611843,-1.0221689827415337,-0.19737422872863647,-1.8622804642971398,1.5856361557940968,-0.19066907874183564,0.04265486836611846,-0.9777264300862443,-0.030405004757583988,0
0.12493749285150049,-1.0201059156263173,-0.20002335874586932,-1.888403331478833,1.5665451710972231,-0.2295607971743998,0.04228204350072585,-0.9783777283555612,-0.031027539190196327,0
0.1246232323129278,-1.0212984572797363,-0.2011651901497307,-1.907997102222994,1.5182657224690572,-0.2472810442718245,0.04187878733398857,-0.9785627004164168,-0.03048123998870373,0
0.1252022991249893,-1.0227308336084346,-0.19984631698023012,-1.8994375635574992,1.4593846580879843,-0.22711791690495683,0.040988383852001674,-0.9778356692796505,-0.02909939637113948,0
0.12502971203941138,-1.0215923181527922,-0.19744764970095416,-1.865531900255218,1.4255673110992282,-0.186642458638947,0.03958162137107078,-0.9761989895399448,-0.028094887002838954,0
0.12363710824431305,-1.0188646664688645,-0.19601338396143908,-1.8351080157381738,1.4278677150092676,-0.1593054409681547,0.038269665157742716,-0.9743427900264512,-0.02805688769215863,0
0.12166548429202595,-1.0173592587875828,-0.19630453819881757,-1.8448962774356708,1.4505884384507974,-0.15831540723702578,0.03781369006851047,-0.9735038821953425,-0.0284695557044671,0
0.12077440065356482,-1.018314438913307,-0.19742489114097816,-1.9068057072414681,1.4826157375380435,-0.16933217204246415,0.03837538947546791,-0.9745410129029085,-0.02858527535976776,0
0.12282888822286246,-1.0215089749126396,-0.19760517011133164,-1.992906368765745,1.5258037324960159,-0.1760428767140588,0.0393437731705762,-0.9768745238885105,-0.02823761604448597,0
0.12771917398433383,-1.0264856113131593,-0.1954425553850066,-2.0604747756569415,1.5690397666761715,-0.17883579412864645,0.039865588787961155,-0.978824540227508,-0.02772002912392012,0
0.13233920599597354,-1.0314683765480313,-0.19152144256153825,-2.088850182243391,1.5797532315790133,-0.18670292646263092,0.03950456109041684,-0.9792982967279307,-0.027256025057604064,0
0.1331582848126889,-1.0330959457385511,-0.18882263722421297,-2.0821893029293976,1.5403117535472124,-0.2046277222742509,0.03861061642840853,-0.9786758821585853,-0.02676236492242229,0
0.1298551578170275,-1.0297168843065094,-0.1898824317145336,-2.0410733305993074,1.4824209507620127,-0.23302446995616044,0.038268175917898384,-0.9778802129411119,-0.02606494454556053,0
0.12539903845399042,-1.023734308660402,-0.19320531761768286,-1.951040307070472,1.4656403120188746,-0.2684052667471548,0.03958825607236742,-0.9772888662512851,-0.025449278055957664,0
0.12268870013206967,-1.0188944310049848,-0.19434045993759733,-1.8091471279514622,1.5184535247291648,-0.3014473022917747,0.04241620137000493,-0.9768225160324747,-0.025880176363818574,0
0.12228580456424384,-1.0163509391595276,-0.1911160117772436,-1.6519357276031845,1.608052456058561,-0.32457672501128576,0.044712050445090926,-0.9763452336231239,-0.028018273549310684,0
0.12342135447564062,-1.0147737168961943,-0.1860947780425239,-1.5429242619797428,1.6706866865216499,-0.3436578646658196,0.04412843820240677,-0.9756394993422786,-0.030830986677358462,0
0.12551987236208947,-1.013243636478403,-0.1834926635108918,-1.5250897693196062,1.6697362063566872,-0.37170663883583016,0.040794019179888466,-0.9745803824709208,-0.032060377650907614,0
0.12772074821825524,-1.0125424850171454,-0.1853255467080331,-1.5828733420332086,1.6233991323554595,-0.4080109364544325,0.037693137051253975,-0.9735326089809339,-0.03064065459127321,0
0.12823885616572261,-1.0137039616576364,-0.19023001408084217,-1.6535173989014023,1.5778785251002947,-0.4332309994314559,0.0373414950394589,-0.9730858215167871,-0.02798106958137934,0
0.12597357454937066,-1.0161018502664754,-0.19408872934143023,-1.680139173728159,1.5608394393929566,-0.43075765953054185,0.03887958185044681,-0.9733201014043816,-0.026317301257314064,0
0.12247869923109439,-1.017758167958393,-0.19261295107004123,-1.6525122063047692,1.5679717753763398,-0.4082777279499969,0.039712437053025074,-0.9737937945819415,-0.026326316848095287,0
0.12090692194028116,-1.0179220089592278,-0.1854351352733221,-1.5990697497587099,1.5872344769577982,-0.39270253169971375,0.039181357643383895,-0.9743185849747795,-0.02680371411065181,0
0.12256921539516182,-1.018251494414272,-0.1772252561091552,-1.5538488305572884,1.6163357269091445,-0.4016077632264128,0.03880375600462705,-0.9751966995844574,-0.02634030490306299,0
0.12519795897174235,-1.0200326995256666,-0.173772088994288,-1.5365344715017875,1.6506190937294862,-0.421178943852349,0.03936625226290178,-0.9764480728274813,-0.024877266508753267,0
0.1254512075293565,-1.0213536238934506,-0.17728262581591375,-1.5481067322981776,1.6712719756680288,-0.41879586975754246,0.039856426733617535,-0.9773656725861091,-0.02351530824494141,0
0.12337504086619516,-1.0195401663224202,-0.18477768469056743,-1.5714683045538536,1.6594850170300068,-0.38101125499742866,0.0393717625312068,-0.9773136994474486,-0.02306783304473028,0
0.12326193876174976,-1.0159356051597817,-0.18979573219655652,-1.5829284116142797,1.6152449573444239,-0.33127121367736495,0.03839243720473519,-0.9765929844643475,-0.023233120089184902,0
0.12849651750675248,-1.0151609761121088,-0.18711149503629138,-1.5748577479053487,1.5539571865662016,-0.3023245640904571,0.03784154036168107,-0.9759438947846053,-0.02314732136227747,0
0.13596096010621847,-1.0188341384702762,-0.1781242635512702,-1.5668044497526654,1.4914189680807903,-0.29885240068532803,0.03799742733282697,-0.9753586119794025,-0.022312292151559457,0
0.13809328433841286,-1.0227144119212823,-0.17052313715063772,-1.5888029468776161,1.4388155713968587,-0.2990392133008331,0.038653369927648444,-0.9741053046529268,-0.02091986302685487,0
0.13165697087441344,-1.0220059837233555,-0.17032818075284448,-1.6521722845209754,1.404922906870574,-0.2878388383347609,0.03975877123816775,-0.9721025913514342,-0.01953247137731206,0
0.12227440228866113,-1.0178684726216634,-0.17543412279903398,-1.7375285852241167,1.3932054751595284,-0.2728169692668472,0.041465496618258636,-0.9705655121870096,-0.018586152571914403,0
0.11832369403081257,-1.016159841777041,-0.1790718375623668,-1.813130189342354,1.3990596231129073,-0.26465364937944347,0.043453698384678545,-0.9708084447472479,-0.01829192086757923,0
0.12196129488877677,-1.0200100141309334,-0.1781756897663607,-1.865433033728162,1.416883029437158,-0.258031793138439,0.044560461414779,-0.9727178898447892,-0.01884749396155555,0
0.12808979349311805,-1.025801359072386,-0.176156076510649,-1.9074786364998113,1.4465587499881134,-0.2431202661332742,0.04375239999643911,-0.9747400502182113,-0.02017413811435853,0
0.13083376256256127,-1.0273147830213285,-0.1779830074104958,-1.9543939869921423,1.4867276061713603,-0.22551790323845033,0.04159345373552676,-0.9753989968420792,-0.021441636780512904,0
0.1291356929093076,-1.0229580197981474,-0.1838784026296145,-1.997975919992874,1.5266348816997795,-0.2209983025369627,0.04002872552934144,-0.9748157802947809,-0.021682811140549995,0
0.12663736304040776,-1.0178170000801812,-0.1884987843251477,-2.015800281788868,1.5517550965512705,-0.23467517158209478,0.04022377603875925,-0.9745316460923501,-0.02104945546644628,0
0.12729286918466504,-1.0178817413990862,-0.18701579150263614,-2.000492363251861,1.5557411481225711,-0.2546400952705485,0.041138545456650376,-0.9756199784930683,-0.02063841366340763,0
0.13091347455058927,-1.0226736747898093,-0.18150827235932485,-1.9628761061682587,1.545011286676457,-0.2646592249027028,0.040906542322348374,-0.977327112651604,-0.02097480226218745,0
0.13312948034189645,-1.0256390518447414,-0.17910083108834263,-1.9071045235019917,1.5351150434411098,-0.2608226316197636,0.03930848097165101,-0.977976779541895,-0.02151428328882523,0
0.13051861861093295,-1.0227636065072143,-0.18329971691175181,-1.8278008418903962,1.5432408224747949,-0.25745398413515075,0.03802668843837516,-0.9768553680781261,-0.0217138835121728,0
0.12489693692064023,-1.0180238556869783,-0.18992379453904812,-1.7423779930103473,1.5773619895212347,-0.27246581346163773,0.03838001611299294,-0.9748444504876914,-0.021776746777860765,0
0.1209518478524203,-1.0177548737385038,-0.1927271704314656,-1.7014211869639888,1.624980852229656,-0.30329087836076,0.039619181028448885,-0.9735836079896739,-0.02205920771127972,0
0.12042920758216052,-1.0219209132796085,-0.19022355701572108,-1.7403789413543904,1.6544137713805063,-0.32603880243305616,0.039888607770550824,-0.9741989217162378,-0.02222719489410077,0
0.12064463461889627,-1.0245151517652125,-0.18554710711821606,-1.8260573129655662,1.63741344037906,-0.3249781188290563,0.03840865332983193,-0.9763514769503571,-0.02151128182753895,0
0.11874487931505394,-1.0217972681864311,-0.1821879748697882,-1.8760514227462382,1.5756910384263034,-0.31309014269052454,0.0362676948078304,-0.9784295104810774,-0.019837882473839722,0
0.11563964256822361,-1.0170597956765537,-0.18141734350177455,-1.8429784053629348,1.5015288104672735,-0.31451748561861337,0.035133493325512945,-0.9791698071711974,-0.018260541690064157,0
0.11456031295946152,-1.0167824036503947,-0.18193665626911615,-1.7664431046403106,1.450431166114672,-0.333301058330221,0.03540863698853186,-0.9790470365492683,-0.017962855429310358,0
0.11668360805873017,-1.0234310345780466,-0.1809000550179381,-1.7264713090901622,1.4346057537926615,-0.3477290651474808,0.035905958527427305,-0.9795158852073125,-0.01904269519120391,0
0.11988925559516087,-1.0324850375280028,-0.1768713038840526,-1.7539029913569506,1.4371110741579745,-0.3338244845166627,0.03544490490530672,-0.9809765222182779,-0.020444698784738792,0
0.1217476827997942,-1.0367716388761294,-0.17223644753962844,-1.805955445748939,1.4228354432298238,-0.2902223322978536,0.034400214725011244,-0.9821164798942577,-0.020900401657181523,0
0.1222018847841601,-1.0335929744275156,-0.17094822911773278,-1.826870536165803,1.3622245523958083,-0.2388918609205657,0.03421504105494171,-0.9813624018482401,-0.019883581185945038,0
0.12279905269864097,-1.026057308506175,-0.1738984115743288,-1.8099489827546575,1.2600687711167962,-0.2030731364444929,0.035505155410240546,-0.9786131868719573,-0.017892190163906,0
0.1241268504670481,-1.0179797142886815,-0.1782940373970652,-1.79211864018589,1.15807511773899,-0.18873415248621359,0.03723705623693104,-0.9754254054026782,-0.01590858877348584,0
0.12482602471232067,-1.0112934056176832,-0.18088820368239752,-1.801874193567946,1.0948667732087625,-0.18799442916819314,0.03802841909088279,-0.9735946790078565,-0.014584957067897019,0
0.12333687361109594,-1.0085348347196417,-0.180057448801977,-1.8247480437894468,1.0675753525097147,-0.19377194651059032,0.03775941199213386,-0.9736296933352615,-0.014122903071038057,0
0.12016223840646875,-1.0123529785698733,-0.17637430839322762,-1.8197081043371004,1.0464091229656758,-0.20610056527944506,0.03739650262757169,-0.9746613692439923,-0.014740647690438903,0
0.11765032207600645,-1.0204284447462606,-0.17319470638878537,-1.76636043551064,1.0204817019066184,-0.2249877144244393,0.03755220982631729,-0.9756647612064102,-0.01644745183589474,0
0.11747673749324591,-1.0255869267710125,-0.17448426279262008,-1.6923904914531815,1.0105374365169482,-0.24005098841679606,0.037920407712794424,-0.9763821776831546,-0.018216978730355646,0
0.11896779589747256,-1.0239897089096015,-0.18008904645449358,-1.6493666595262764,1.0348491029072653,-0.23451681816571093,0.03815514107406792,-0.976952797858585,-0.018416740744859432,0
0.12019673242758751,-1.0198346324771626,-0.18558435495937645,-1.6627344075526045,1.078486911389174,-0.2063010847721205,0.03854005211865495,-0.9771222874188695,-0.016701650821805438,0
0.12035166983773073,-1.0191342214201928,-0.18795638318891847,-1.7128072724453207,1.1062855855886584,-0.1778729487249368,0.039327169997863926,-0.9764808063825663,-0.014874846506635356,0
0.12033666839988627,-1.0217732167320388,-0.18831424804295124,-1.7629491127642898,1.1008538460154995,-0.1726760755051457,0.04003630992243485,-0.9754601453551955,-0.015161497280893011,0
0.12091513158623592,-1.022987447238305,-0.18827506989477114,-1.794621913393418,1.0794056462898467,-0.18709492737968977,0.04009382484895145,-0.9752509664916322,-0.017742100599987355,0
0.1213826495114089,-1.0209738669169606,-0.1873089418774329,-1.8129037277203575,1.0718979728166464,-0.20118586842630265,0.03969568346347435,-0.9762648223989768,-0.02049588954743004,0
0.12092846675478408,-1.019266368198837,-0.18486176061271453,-1.8298418612605774,1.0869089235713079,-0.2138147227935523,0.03939795482795773,-0.9773729237184406,-0.021330403708067852,0
0.12028081818045777,-1.02098609302908,-0.18230818613226313,-1.8496537833399347,1.10502690883954,-0.24718246456187765,0.03931131392216138,-0.9773876938632169,-0.020307886324765236,0
0.12078887127422662,-1.0239384538845218,-0.18126284562713912,-1.8645290682639624,1.1069283274329966,-0.3100566931990341,0.03921102115691658,-0.9767264723661482,-0.019001598469686656,0
0.12235734980126727,-1.023861004820077,-0.18099722885362596,-1.8579246894825074,1.0976528478626066,-0.37243576865459244,0.03893736475252925,-0.9766425328765524,-0.018231525834803513,0
0.12332453789095603,-1.020463594993868,-0.1787335457719446,-1.8121902522089517,1.0929831958368865,-0.3926874092406115,0.03831667321266526,-0.9772255073558792,-0.01745273319791192,0
0.12258108787152444,-1.0173156236771708,-0.17326816340732604,-1.7186597093445,1.0901773734037334,-0.3665494868536103,0.0372975919501588,-0.9773344653050217,-0.016309553893952132,0
0.12135728078407021,-1.0171355396593622,-0.16798219505047435,-1.5874036408621441,1.068563161354014,-0.33293677743450234,0.0365299792351206,-0.9763489542898274,-0.015630322029684257,0
0.1222127448519817,-1.0196107245137815,-0.16815268527196953,-1.451110801949764,1.0175762568517845,-0.3248435291215146,0.03710111256419482,-0.9749058015773763,-0.016372920375219084,0
0.1258222266778851,-1.0224308507024815,-0.1742364231221316,-1.356087415230455,0.9497472023734924,-0.32840027978796793,0.039116534074520176,-0.9739642053893505,-0.018167583311815602,0
0.12934916472793243,-1.0228487584464718,-0.18007099379386798,-1.3397508602381603,0.8842854906986204,-0.30481535827217193,0.04111135625381728,-0.9739574675279554,-0.01944045818343266,0
0.1291522636900882,-1.020157421388984,-0.17982854724490843,-1.4080409548929873,0.8295725826753988,-0.24528608816344927,0.04156323064741126,-0.9747229392435947,-0.018955124972788,0
0.12514542427751885,-1.0175490407134224,-0.17524155164324423,-1.532794813379281,0.7858304101219941,-0.18587159327733654,0.040576909740056726,-0.9756888474705279,-0.017010700551087034,0
0.12118453986331212,-1.0189505798173222,-0.17327873950132602,-1.6732884921930984,0.755303006874041,-0.16541668714991153,0.03939328705583848,-0.9763198121649187,-0.015007692584259396,0
0.12061654380908819,-1.0234941000340219,-0.17695755377947844,-1.7999026212218887,0.7420929041379666,-0.1827912529612369,0.0386877242882546,-0.9766430079862584,-0.013886732418897737,0
0.12274042740747826,-1.0262345115676057,-0.1815219820491797,-1.8962072063724278,0.7459446469633023,-0.20316667810394518,0.03828376032589106,-0.9770287651794558,-0.013191736073987586,0
0.12458766593110998,-1.0248234065790844,-0.18132560311003662,-1.947273737518221,0.7596553327999502,-0.19713425326498543,0.03831436581423102,-0.9774364905723283,-0.011951896695534288,0
0.12493989037881278,-1.0219822681883828,-0.17769367770375505,-1.9431291706967782,0.7679159312905123,-0.165326621976444,0.039469788267028814,-0.9773447090516354,-0.010403046323284062,0
0.1250874782928973,-1.0206116380896992,-0.17627710044412917,-1.901894708488006,0.7516600853532495,-0.13201548119571227,0.04164061833283885,-0.9764359222844973,-0.010011170389878189,0
0.12633500658112234,-1.020287081855921,-0.1780262991584428,-1.8798543621520798,0.707432537456068,-0.12414557309183778,0.04313055817279163,-0.9750458567070703,-0.01122335642170573,0
0.12838808836171592,-1.0201809840523544,-0.17765725642158825,-1.9372459518166167,0.6631741234283034,-0.1518465410062771,0.04215817945387719,-0.974135274362922,-0.012113955876219608,0
0.1300519116890871,-1.0217397093941756,-0.17203118442317233,-2.072866600356043,0.6601311365641469,-0.1989196917352175,0.03916872221227039,-0.9749456257228508,-0.010608582318748228,0
0.13029706427986845,-1.0257264060054299,-0.16613443095266056,-2.190388455919755,0.7151398535891182,-0.23360700823021657,0.036841158205725276,-0.9780131121716698,-0.007816009394115886,0
0.1286884097783442,-1.0290303903248388,-0.16794691860028718,-2.157006302030223,0.8090187671269381,-0.23761368986567277,0.03720408910690963,-0.9820462551887726,-0.007650612679144644,0
0.12558353588942386,-1.0275052348144644,-0.17851815883810454,-1.9266490729814365,0.9121749527612376,-0.2229671651709932,0.0392869502780078,-0.9843481273255177,-0.01245536833797402,0
0.12200939235671329,-1.0214323263408827,-0.18963851517025995,-1.603807952005551,1.012879342583304,-0.2134768150261953,0.04050831463785743,-0.9830234633292368,-0.01990640670612012,0
0.11917606953664327,-1.015826728388502,-0.19254179156628679,-1.3632945119795499,1.1142317790653578,-0.21791780050973014,0.04005098303539371,-0.978713677372036,-0.025344496387286627,0
0.11797184861604618,-1.0146282737148127,-0.18778756208653707,-1.3038854386225394,1.205096658773875,-0.2319619393587794,0.039666578976780276,-0.9739712737494334,-0.026741305338630256,0
0.11852678954091815,-1.016311560343851,-0.18407747000988198,-1.391558211692316,1.2491809678380565,-0.2543952259639546,0.040918276363104154,-0.9711311921281729,-0.025962234326869105,0
0.12023328040127569,-1.0168720622555092,-0.18712810013340664,-1.529034929680201,1.2214425030698894,-0.28577302482113265,0.04278695417429599,-0.9708444079639833,-0.025150947939399284,0
0.12252039829952886,-1.0157477643135997,-0.1929650626752633,-1.643614942874286,1.149440078095717,-0.3190593449731391,0.042955964640903455,-0.972174559333707,-0.023790235147473617,0
0.12537024467781016,-1.0161174431033793,-0.1938050085749584,-1.7068238074070663,1.0938376720916188,-0.345924611092877,0.04090639199073998,-0.9736473531786096,-0.020437910018162742,0
0.12854065039634344,-1.01974633672179,-0.18747803539491056,-1.7124461677791167,1.0859039475588244,-0.36855373508626466,0.038468969904635254,-0.9743529405911779,-0.01593037852468155,0
0.13044199883215354,-1.0241733286684267,-0.17849351967809127,-1.6665365699650243,1.104748739936467,-0.393475859603936,0.03721907528542947,-0.9744200189340242,-0.012998978728473998,0
0.12889716823100345,-1.025585317027322,-0.17196677729080262,-1.5880130125250314,1.1151679897697775,-0.4141592458812153,0.03665218958732196,-0.9745804721667506,-0.012971372905879923,0
0.1240798936447201,-1.0230423213823696,-0.16938537428040687,-1.4987566431583121,1.1048515454819898,-0.4109563856452837,0.035643502100354316,-0.9753253340516193,-0.014426011309623742,0
0.1198867688343421,-1.0192366647576832,-0.1696151861395968,-1.4135353750371595,1.0806060370097337,-0.37302212758376174,0.03455509011286203,-0.9765049433737809,-0.015414410652676035,0
0.12023538655057486,-1.0174597136051968,-0.17147379757497153,-1.3454225188115967,1.0466648867958037,-0.31292558594095826,0.034619806632779304,-0.977561964186639,-0.01565857308102611,0
0.1239147668359192,-1.018305524565536,-0.1743210786410116,-1.3095487623622613,0.9980335966999793,-0.2541167660269766,0.035812412072033055,-0.9779521226972099,-0.015783651822476253,0
0.12550068594386096,-1.0199232247233514,-0.17712234001778346,-1.3077481683678787,0.9329952230372923,-0.20784797548501702,0.03669480796456616,-0.9775431915218601,-0.015492843473001682,0
0.12215163126348054,-1.021156909676381,-0.17820778553723154,-1.3171921329007228,0.865892872009535,-0.1651091271832654,0.03638982811720792,-0.9768739572914139,-0.013847321646588378,0
0.11721529057589074,-1.0227281188684643,-0.17636031159019255,-1.3084654371248825,0.818475998496856,-0.10865910986599285,0.03566991964302933,-0.9767748774339912,-0.011124382917499981,0
0.11577171627219114,-1.024903269074484,-0.17214055114595242,-1.2724281557151114,0.7950052653419551,-0.03335940094722044,0.035742092461363756,-0.9775339051318966,-0.009242536480027815,0
0.11864494767173014,-1.0262056231426477,-0.16820634157299233,-1.221136518959396,0.7770913999698382,0.04495789005655885,0.03665396634988879,-0.9787713351498968,-0.009832152016830173,0
0.12265139733434428,-1.0258309851972152,-0.1678384676412719,-1.1651176368917957,0.7520346188159948,0.10763016397176134,0.03751905959663695,-0.9801043264022508,-0.012314845340638104,0
0.12509512909546094,-1.0255535627794732,-0.17210228701163732,-1.09702776152961,0.7333264537608333,0.16127910060006348,0.037936093182271154,-0.9813501735582929,-0.014460640405767219,0
0.1257287060155183,-1.0273865418876695,-0.1780901418869873,-1.0018850208887053,0.7377136528980341,0.23292191892628744,0.038328274669409385,-0.9821295568652911,-0.014850999242191987,0
0.12519991469957711,-1.0304422478592823,-0.1808935730646122,-0.883953425812039,0.7526743987153215,0.32839531874591193,0.03894383669405506,-0.9819322189919025,-0.014314148611901976,0
0.12394433247868883,-1.0318931223872805,-0.17839678793941266,-0.7758199595899254,0.747960733154771,0.4117559619843571,0.03943623041944232,-0.9807314629850475,-0.014603897595069424,0
0.122829439901061,-1.0303236253366246,-0.17368647404766355,-0.7110232195562586,0.7181119629488322,0.4408499032095231,0.03957033995880278,-0.9792559295670424,-0.01601983877914877,0
0.1233272133607869,-1.0266517396435435,-0.17142366675501264,-0.6916325210551626,0.6954310269227141,0.41109729497290454,0.03955616384435452,-0.9785020477279195,-0.01709636137742703,0
0.12607459321028827,-1.0226856171494865,-0.17245669702795072,-0.691680115785833,0.7139486056791232,0.3508742627648832,0.03953469723583988,-0.9788155414529713,-0.016673830191429016,0
0.12941426069596557,-1.0202327171597523,-0.1740970852287362,-0.6859264131126481,0.7695447724055426,0.2873810436326922,0.03943530214232239,-0.9794261023890236,-0.015284468421350424,0
0.13011735909350677,-1.0204010085807271,-0.17486532397647506,-0.6660130009320878,0.8268763357244703,0.23118697682260284,0.03946992605528033,-0.9792700314052077,-0.01409563544232479,0
0.12641957854519756,-1.0221309537428678,-0.1755324318528528,-0.635581245398094,0.8669774628505649,0.18142061644059088,0.04004289002022602,-0.9783428460990006,-0.013449899207054911,0
0.120379775643423,-1.0224997697601004,-0.17575095071291172,-0.5987038104567265,0.914043943736456,0.1306583747986407,0.041011714375389294,-0.9776040406013805,-0.012948006978081702,0
0.11636749751278193,-1.020004245754789,-0.1738114675202436,-0.5528331290205035,1.000640852129456,0.07097199238416418,0.041772577231894745,-0.977418337200461,-0.012171517346932928,0
0.11697255524275632,-1.0167503818043004,-0.17040186995888645,-0.49656355045331596,1.1156783218085309,0.004238134491670356,0.04218864250494796,-0.9770221854843486,-0.011000290282899122,0
0.12107031469387602,-1.0161589099276038,-0.16902350051320514,-0.44818418204931504,1.2092776574184334,-0.05812659337127126,0.042674464522074344,-0.9758565548393153,-0.009887613631545313,0
0.12563111942584904,-1.0189420929052657,-0.1716818743667483,-0.4443945061324491,1.2502403346658142,-0.10870573024646071,0.04325965200596437,-0.9743924267639337,-0.009900730193477043,0
0.12810272830493727,-1.0222095859322555,-0.1765323903660498,-0.5065356076416649,1.2612092667470733,-0.15004581984035095,0.04324742311917037,-0.9732026485192646,-0.011790043848079012,0
0.1272246036041888,-1.0224835108167007,-0.18027158256130166,-0.6132542233001099,1.2913091633451341,-0.18448535743174574,0.042050064556462055,-0.9722483189633223,-0.014796224912457306,0
0.12347627766421854,-1.0192866159215983,-0.18117121393016086,-0.7168762106050032,1.3625684189757123,-0.20651605000390727,0.04011031822838649,-0.9715584512358187,-0.016843172354614078,0
0.11932365459068661,-1.0156755824112638,-0.1795565975095831,-0.7846328142310375,1.4490081734200426,-0.20961415512101544,0.03876292351107115,-0.9716857914363266,-0.016389720684462115,0
0.11752783670415087,-1.015026412744339,-0.17657207170398828,-0.8210298815732157,1.5073522476675763,-0.19377218704911675,0.038924017794882394,-0.9729573344909708,-0.014087999244150082,0
0.11843461291636453,-1.0174556194916833,-0.17302295645993984,-0.8554094397314804,1.5220195325164756,-0.16291791509536407,0.03982993579495871,-0.9748509078665056,-0.0121358335661752,0
0.1197730624149102,-1.0200538546480589,-0.16926587732083428,-0.9101077086289223,1.5128325532283784,-0.12172232236459737,0.03956620663320097,-0.9764550257193992,-0.01183488224976307,0
0.11957349409196318,-1.0203427801320581,-0.16610472621547093,-0.9758949932648366,1.504332400891737,-0.0778923957942474,0.03736096412078721,-0.9772230836012562,-0.01236356581805219,0
0.11862439499893765,-1.0186076418986123,-0.1652653486582688,-1.0166487237023802,1.5051915319573275,-0.04118109303900039,0.03496250307921947,-0.9771949402342738,-0.012189042171990527,0
0.1195815857634968,-1.017280685903033,-0.1680586797734564,-1.0028524627932047,1.520582104582902,-0.01532788775635665,0.03492166719379747,-0.9768031158825243,-0.010974815538064887,0
0.12386042632987053,-1.018718194113141,-0.17329020774771156,-0.9425700716384346,1.563893856144098,0.007031563819259073,0.03760184811660639,-0.9765564373724467,-0.009690866297596728,0
0.12967699022178347,-1.022792624589541,-0.1772423889090515,-0.874451956963797,1.6420796893719394,0.03592922018265468,0.0406848879140581,-0.9766800053343313,-0.009387797031034786,0
0.13338845585595369,-1.0263976712670146,-0.17663725929992719,-0.829148585158746,1.7408317049623478,0.06627262048218757,0.04169729352113408,-0.9769846006438427,-0.010202840866851238,0
0.1330536995785753,-1.026549840812526,-0.17186046428077512,-0.8045650535128236,1.837000564985008,0.07333878943731126,0.04044495694301353,-0.9772391512787908,-0.011291096805924704,0
0.13046065569451554,-1.0239705541291517,-0.16694620309722277,-0.7801381454704901,1.9198499591826965,0.037116461082614925,0.038952602960188425,-0.9775472453345266,-0.01167843783080912,0
0.12896675808954533,-1.0220733382573095,-0.16595806820302805,-0.7463532688548441,1.9937148682224746,-0.03048857207757855,0.03941102964825326,-0.9780027885143852,-0.011285736439676982,0
0.12954532830657411,-1.0224887262688156,-0.1691692528812683,-0.7144902452937999,2.068087776128975,-0.0969485442180965,0.042148853606238545,-0.9781930753138751,-0.010857773929314522,0
0.13023618060438671,-1.0233417890076937,-0.1730256377027287,-0.7004230136981274,2.152228138647133,-0.14815760532887523,0.0454195640757585,-0.977682915428177,-0.010853706174008942,0
0.12962405239951783,-1.0222503060367156,-0.17403911430570684,-0.7035992408953035,2.2535876149955034,-0.20142465747570634,0.0472286067683053,-0.9768496000572748,-0.010908858908020576,0
0.12900468383343017,-1.019442213010987,-0.1721225270863093,-0.7047193282807671,2.3748991071178795,-0.277217079214723,0.04729155070179218,-0.9764840534888132,-0.01052588061572206,0
0.1300772788787769,-1.0170872322703017,-0.1696388469074759,-0.6858641107632653,2.5137359468161535,-0.370468375335532,0.04696630325487503,-0.9766502770561031,-0.009783319406195834,0
0.13201879721375007,-1.0165858824222955,-0.16831275324578654,-0.6525942632165166,2.665942817858208,-0.45389273498175114,0.047449568843313396,-0.9766667151233305,-0.009060693140881102,0
0.1323722097930974,-1.0175147172975705,-0.16861210998140305,-0.6323856792443182,2.826354272399015,-0.5037825876342176,0.048569795269774445,-0.976116760110146,-0.008373582049191967,0
0.13027898174163038,-1.0186226246371004,-0.17128541707976147,-0.646843405764339,2.9840622542490403,-0.5215875123177591,0.04942813754315724,-0.9752895092394133,-0.007388521612672432,0
0.12773362694808665,-1.0190542589306653,-0.17672853062957908,-0.6865379712724188,3.1207822700807486,-0.5326551518924472,0.04963040076604639,-0.9748269967568254,-0.006116226135001269,0
0.127327515602715,-1.019020630130844,-0.18233555870236795,-0.7198802398862025,3.2210125582128177,-0.5624581529490207,0.049446109506859355,-0.9753239900206456,-0.005203947725531352,0
0.1290190238183884,-1.0194064486822683,-0.18338698325822675,-0.7281877847415075,3.2862380131036546,-0.6120469365512631,0.04908406984793384,-0.9768258714528402,-0.005152683164792452,0
0.13015204971593503,-1.0200898181360671,-0.17835609424090643,-0.7242655387975261,3.3345624592192364,-0.6569656550020031,0.04832399868012825,-0.9783396348855957,-0.005437050087782117,0
0.1293016958572236,-1.0194147324766931,-0.17135996894890623,-0.7343189214460286,3.3831664867494347,-0.6699586573102452,0.046910488546911946,-0.9784028049692169,-0.00501672513486666,0
0.12849528927812737,-1.016691596149012,-0.1673637614525487,-0.7700411146890692,3.4341970823680086,-0.6448109091475572,0.045150672184020225,-0.9766988221354351,-0.003772699150912409,0
0.1299347593650654,-1.0142476235709315,-0.16648143983214425,-0.8201486518314982,3.4801185906051724,-0.6012304085160359,0.0439010310975039,-0.9747971669646679,-0.0027650598008821066,0
0.1320760443779051,-1.0151309301213969,-0.16537862932501907,-0.8612633496525226,3.5190621636958577,-0.5694494812918875,0.04363235340306193,-0.9746657839660822,-0.0027695497454583895,0
0.13148216765877413,-1.0191909996673088,-0.16316842013729838,-0.8768166262116524,3.559286202054523,-0.568642571304472,0.043639417495738235,-0.9764118502793395,-0.003161456165756869,0
0.1279056619074841,-1.0229987424763807,-0.1626955883955647,-0.8717608569042804,3.6063887060102764,-0.5969837111757179,0.042801584171957084,-0.9780827735391254,-0.002814612615037007,0
0.1249604948004536,-1.023748530773354,-0.16560837056318475,-0.8671544941057742,3.649712702918065,-0.6384459591496585,0.04116516684709645,-0.9779580717705086,-0.0016921800752333588,0
0.1252717424402627,-1.0220643244728271,-0.16892022105015034,-0.8773259565912875,3.6688220305491153,-0.675101341028435,0.04007968096709597,-0.9764365095541548,-0.0007773105587907067,0
0.12697683929512654,-1.0203210953659763,-0.16824145622446085,-0.8988785237887259,3.6577365033902054,-0.6962245301838768,0.04056550925664172,-0.9752563809887214,-0.0005961902417870994,0
0.12647265692525075,-1.0193530329186067,-0.16337271440184742,-0.9239405782873038,3.6394776249293295,-0.7036952218705346,0.042125666987131306,-0.9754134447960773,-0.0006457255913077028,0
0.12354503802123987,-1.018588574811854,-0.15867234763097243,-0.9523852548572096,3.6494645541256476,-0.7086494935650357,0.043402000206181277,-0.9763367099548108,-0.000356128759544665,0
0.12188262488754376,-1.0186551285362642,-0.1575325358361385,-0.9856631828402496,3.701661554875352,-0.718879641767378,0.04350003031947834,-0.9767650828708742,0.0001088404702370756,0
0.12440805214228336,-1.0209560745533033,-0.15841615091348557,-1.018967040518401,3.775344512793683,-0.7338586651371249,0.04245960990363906,-0.9760092959020877,0.0002453873384102194,0
0.12950790304244636,-1.0244278082227551,-0.15780211978595865,-1.0461631330607384,3.8374586929819086,-0.7568054179295466,0.04102490336045299,-0.9744868885895424,-7.6670082057119e-05,0
0.13271744481989495,-1.0255378753205266,-0.15574795563522895,-1.0683143162380597,3.872552933095074,-0.8032953541142602,0.04035566878211488,-0.9733059373945027,-0.0005546380331543883,0
0.13165648738525954,-1.022333010845961,-0.156507299219515,-1.0960247973877286,3.889618432791514,-0.8854637868596047,0.04139949783689674,-0.973242867394955,-0.0009281060353474506,0
0.12830731368840934,-1.0165858795061982,-0.1632529147678449,-1.1448988263035755,3.9101048905181273,-0.9883038012056397,0.043892901500538144,-0.9738838601647072,-0.00136929600549106,0
0.12613392514496916,-1.0117059801211459,-0.17290158501539016,-1.2235441314455497,3.956123391724204,-1.0741906770218639,0.046214434993800534,-0.9738767240681108,-0.0023286112746098066,0
0.12602008951063481,-1.0102476864190448,-0.17750514143396795,-1.3220711888251222,4.041615938578265,-1.1182576855119875,0.04682255168084268,-0.9723574065363916,-0.0038957298417417636,0
0.1261700637087552,-1.012995752867321,-0.17238844040483411,-1.4180410870983593,4.163077143115787,-1.1327467128996063,0.0458931680043522,-0.9701136346498723,-0.005407848160110257,0
0.12531169319252644,-1.0181602608600544,-0.1624141169265695,-1.4974491439647506,4.298324010104061,-1.1502581091273991,0.04511531037037298,-0.9689365345750104,-0.005870302878814737,0
0.1243306103453528,-1.021644680119469,-0.15735801771194918,-1.5641053119206045,4.419972945787396,-1.1900461153801891,0.045620353968119864,-0.9696360546138661,-0.004762641246225019,0
0.12467733683197613,-1.0203693063632597,-0.1606774852687741,-1.625428208949139,4.5122210575772534,-1.2454449062118509,0.04645686480693854,-0.9711312516271353,-0.0024854549254290717,0
0.12655806159404542,-1.0156000096101536,-0.1663722047001884,-1.6775541646297922,4.5763682390877305,-1.2939748186625353,0.04577961040258369,-0.9718833838663694,-0.00018151638204715279,0
0.12896814427372466,-1.0115279197195353,-0.1678990123884099,-1.7136828166483993,4.624996843718417,-1.3134564662464672,0.0435628811329923,-0.9716789360993586,0.0010227838598922485,0
0.1304986300186706,-1.010561781306057,-0.1655243934909768,-1.7430401791680807,4.67210797089804,-1.2980428595715605,0.0421080140717459,-0.9713063450687806,0.0009139711964076963,0
0.13018519600769732,-1.0114745397709537,-0.1624148385523173,-1.7896808387794252,4.724539792171099,-1.2662539146909826,0.04319782527263177,-0.9710328694728376,0.0003384208078013186,0
0.12850241491360123,-1.0123407199227077,-0.15849605097190195,-1.8711464928076944,4.77930051343185,-1.2483546333389433,0.04566819666748226,-0.9704433280509706,0.0003020855330863549,0
0.12721776322507417,-1.0133581051029812,-0.15283506030475258,-1.98624665803924,4.828976470509765,-1.2598313674354766,0.046862589559515076,-0.9695425928093268,0.0009269861922120306,0
0.12760587116931268,-1.0155832708349903,-0.14872119161866496,-2.1215304753483157,4.8720400334907445,-1.287366644072552,0.04592214360660676,-0.9690022061431249,0.0013387073327492448,0
0.12930028607175517,-1.0185373631599646,-0.15085529119966307,-2.2597718625120664,4.91936891357942,-1.3034101870745225,0.04444935668736871,-0.9692709330799376,0.0006144754003583365,0
0.13089907258760058,-1.020722311011919,-0.15827944660816642,-2.3848960060173185,4.984871754386925,-1.2973770515478236,0.043964201329124764,-0.970151754493708,-0.0010602304045195035,0
0.13067640707515868,-1.0212405316993816,-0.16432503260726608,-2.487854510790542,5.06215834528535,-1.2919680228078678,0.043826786186401616,-0.9713235591279299,-0.0022854614241892735,0
0.12733548448319068,-1.0197239795129094,-0.16423669644831176,-2.5656078782683336,5.1163863849474565,-1.321061024942266,0.04244260228412337,-0.9727228995171315,-0.0018680019175946548,0
0.1219297028757766,-1.0164809434102509,-0.16036914118048398,-2.6124221884054943,5.113350423177447,-1.3870357219564273,0.04002882315566511,-0.9742271104634614,-0.0003671853021808108,0
0.11826292975788368,-1.013718540008258,-0.15886829969927393,-2.6227133343644704,5.057292353218679,-1.4488131604744778,0.038909342353034795,-0.9753026362557743,0.0003037915138940936,0
0.11902904463492825,-1.0142814085552936,-0.16270483069521693,-2.6075694932860785,4.987786009017,-1.4605480223755218,0.04056363451626147,-0.9752895290497089,-0.0008963906957992562,0
0.12230216314675801,-1.018012542916239,-0.1690310536113841,-2.596332142068374,4.937756328998947,-1.4169362971319055,0.0433625443290573,-0.9741492187495201,-0.002745576836197138,0
0.12414000908479764,-1.0213239738263804,-0.1724354032114359,-2.610402523935102,4.907729130924952,-1.3554626468908482,0.04430121091030953,-0.9728989963429102,-0.0031054994319507146,0
0.12363568151949765,-1.0212415423623935,-0.16988570038720666,-2.639517307122313,4.884089471414134,-1.321551773833198,0.042560060625760614,-0.9730054318584761,-0.0014483011040421466,0
0.12296491354871557,-1.0185494636319594,-0.1631256321241172,-2.653012655645855,4.865104882307699,-1.3359278834248876,0.040172082855862344,-0.9749554533370478,0.0005720401201719306,0
0.12335375861096144,-1.0165285095571068,-0.15677237014920428,-2.633203719130988,4.857846958953743,-1.3849703672323166,0.03922636527246268,-0.9774724787581711,0.0010774782029707311,0
0.12374773619722286,-1.0173019271987007,-0.15394157400397326,-2.588839810950024,4.860330782704149,-1.4328367066585599,0.03971899392804369,-0.9785255630719237,-4.370395202692256e-05,0
0.12350197695642107,-1.0195997224537552,-0.1542684014578916,-2.5346663274147816,4.8570288001751605,-1.4488177114190515,0.04051437507155925,-0.9772505624611383,-0.001261462257016493,0
0.12379965159384267,-1.0203439968963395,-0.15632963787390391,-2.4690959198805267,4.828760003443501,-1.4313853464381918,0.04108434887912078,-0.9747664116519824,-0.0011751831651365542,0
0.12523419177382897,-1.0186296732148472,-0.16011940607479389,-2.384624361087549,4.766458484139077,-1.4048498231278204,0.041445872199786564,-0.9730389025643298,0.0001227765526441956,0
0.12596509150734975,-1.01696533408759,-0.16555121122763145,-2.3010745656943934,4.679609557556758,-1.392098338430861,0.04133028931086069,-0.9729659868735847,0.0014291022022933652,0
0.12421090720488863,-1.017776156368047,-0.1698945498750493,-2.2720140684596033,4.587288948695422,-1.393245387087097,0.04042572022228567,-0.9736399613030059,0.0019253100041157027,0
0.12130397245798648,-1.0200308023128637,-0.16926217320911413,-2.3375085047577024,4.49661830229135,-1.3877323605565541,0.039080242169408835,-0.9734878037148236,0.0019873030308533404,0
0.12012797616682701,-1.0203903291533658,-0.16312597744380467,-2.4723883495486763,4.396306688126015,-1.3531827647561192,0.03800806642000586,-0.9720687204144574,0.002355417632390433,0
0.12135874992378609,-1.0171905792404063,-0.1559967361882017,-2.603224192295398,4.2757639031155374,-1.2852840453545504,0.037356091581467785,-0.9707202866127301,0.0028354928804222215,0
0.12334311602155051,-1.0128973532670555,-0.1537637056870113,-2.6813894234160056,4.144442149602541,-1.2022187840848202,0.03673417238362981,-0.9713177772418922,0.0025441613173839304,0
0.1250179088763209,-1.011955827370981,-0.15837326925601042,-2.7202537450040456,4.026462839811054,-1.1297224621861428,0.036312690313455395,-0.9742562781122196,0.0014852019252074066,0
0.1265848817153682,-1.0152693253909129,-0.1660404232571284,-2.754702593726376,3.9379668778581682,-1.084450742189243,0.037020173224415566,-0.9777764214783629,0.0009314910890901019,0
0.12742391746184709,-1.0182334846210106,-0.17057031617714974,-2.7869476153933594,3.8757909154319625,-1.0702810163757561,0.03914639147885361,-0.9794095771813663,0.0018651266693976375,0
0.12610204512651296,-1.0166018022095809,-0.1684220916954386,-2.7915198992438888,3.8309919798263725,-1.080583041299615,0.04164021787656622,-0.9780849554621046,0.00391903897885163,0
0.12353819032283064,-1.0128875083608437,-0.16061492075220923,-2.7636234993408366,3.8054661424701406,-1.0992561177746445,0.043498279954884075,-0.9750869446394503,0.0063194548708961065,0
0.12359827247547613,-1.0135335387266402,-0.15070983846109767,-2.739419748609376,3.804872646845797,-1.1060084653720341,0.04498397632601961,-0.9731672187156962,0.009005062270472446,0
0.12834706924933914,-1.0202900388623253,-0.1426509609432557,-2.7590486802479455,3.820797224630053,-1.0872110614711978,0.0466082895726027,-0.9742931172667547,0.012062131191637255,0
0.13436683637255875,-1.0278562505372508,-0.14035326271813522,-2.8148331855512527,3.835842694403087,-1.0436593571648416,0.04767849339335933,-0.9778273594617974,0.014455009601744602,0
0.1361964494794895,-1.0303641752744703,-0.1463819866853504,-2.843210852975529,3.8469448287571137,-0.9897239244570359,0.0470328876635822,-0.9810874153021419,0.014133801610531854,0
0.13257595987213197,-1.0273704359293792,-0.15890482734822664,-2.774701214025091,3.8682499106227004,-0.9462745052911575,0.04498414302070306,-0.9818207497934842,0.009822818612214783,0
0.12726371419373936,-1.022601151390858,-0.17141927247271568,-2.6023479993273826,3.9053034038451777,-0.9298226327253981,0.043416381362062224,-0.9798974922159073,0.002630913657180053,0
0.12427695488946315,-1.0189052467696382,-0.17774109957937656,-2.4077561930136233,3.9375923073967996,-0.9398744719113097,0.04368785709443414,-0.976778149380331,-0.004445688080056572,0
0.12441989858496058,-1.0161562724351427,-0.17695475254192225,-2.309605183370861,3.9345567534316013,-0.9558937608529194,0.04522112293352873,-0.9740560316161582,-0.008741002409574782,0
0.12651199300905325,-1.013522057549866,-0.17243455375468264,-2.368288880736229,3.8842027881543433,-0.9554024338594865,0.04646796269222123,-0.9726421579766711,-0.009509051530746314,0
0.1296801626649522,-1.011807899726027,-0.16735052737513456,-2.5393678952957237,3.8022502468145625,-0.9377442960040779,0.0465514505311309,-0.9725926077076391,-0.007573649670807007,0
0.13299353745140574,-1.0124261960836554,-0.16283580733751382,-2.726813588514421,3.7187868798499935,-0.9222993286672102,0.0456100113330582,-0.9732183862813446,-0.004169451844426291,0
0.13451853513656492,-1.0152408649029905,-0.15933975580683765,-2.867107059151216,3.6615946009350706,-0.9221087783426521,0.04411381746627061,-0.9736471494832226,-0.00047021609116589983,0
0.13304938738885,-1.0190012715745944,-0.15755105337256078,-2.9458410585902945,3.6477517626550626,-0.9276708389288196,0.04231686524474959,-0.973575920112219,0.0024371912215371484,0
0.12998540176971418,-1.0229432624195618,-0.15774362221655835,-2.9585517318997754,3.6775289014059944,-0.9173579890200592,0.04028056710729448,-0.9734293995116934,0.0040546984401383405,0
0.12737710659863727,-1.0262510353016825,-0.15899070455146644,-2.8981267977305984,3.72601316154713,-0.8761370245233158,0.03819562983524021,-0.973775458367201,0.004987510824013485,0
0.1249424361402722,-1.0271396613989898,-0.15950950759163268,-2.7811043346741915,3.747114098944335,-0.8049889978792759,0.036497797783188186,-0.974619697807637,0.0063570599496988985,0
0.12116438176293003,-1.0246282796083281,-0.15820743250846206,-2.6554322379562976,3.7029725439089995,-0.7197699897591003,0.03557543507528805,-0.9752402552903761,0.00853461354120845,0
0.1165515522012953,-1.02037517820152,-0.15584653302506282,-2.5733686030989364,3.594472153673068,-0.6406261192599226,0.035432643254504514,-0.9748454129011667,0.010740441448538958,0
0.11357619582424262,-1.0168593938898476,-0.15416270378752844,-2.5681580657479377,3.453542080723646,-0.5766729220506377,0.035752781320208274,-0.9735656502685511,0.01190159174812881,0
0.11361302337708268,-1.014470249691366,-0.15395406099859854,-2.64986995318061,3.307146911269056,-0.5200735722224984,0.03626205100107529,-0.9726106007291111,0.011630898911864192,0
0.1157347032733859,-1.0121513235997106,-0.15467212104172248,-2.8018592862804135,3.1630505321937417,-0.45692522115608897,0.03689650534180726,-0.9730423518295875,0.010339633770238521,0
0.11848590572114275,-1.0103829191253821,-0.15578681036608596,-2.9788925748276855,3.027036087618696,-0.3828498410861533,0.03764169936810978,-0.974423701730804,0.008698805390010516,0
0.1211531965671952,-1.0114087986813896,-0.15764758741095297,-3.127182996567527,2.911446108668417,-0.30556590934346217,0.03846140400289495,-0.9753062136997235,0.007198876472937798,0
0.12320529109275732,-1.0160023992731329,-0.16050455802371202,-3.2206231543354926,2.8193979562889115,-0.23234330834491546,0.03944889705503405,-0.9752480984536902,0.006024397251962631,0
0.1242974438659669,-1.0215296218133318,-0.16326225989801071,-3.2781095312347523,2.7346128218951455,-0.1590849202060955,0.04071994397625043,-0.9754626211707821,0.005020447902359388,0
0.12515669562699197,-1.0241635791167256,-0.16410071908984986,-3.3382684001092695,2.638276110369824,-0.07755048632243614,0.04201848884746068,-0.9769510916876079,0.003829801702578875,0
0.1269148863068036,-1.0225444496947473,-0.16243645286906766,-3.4122383733045347,2.5356051251025584,0.007158002030557557,0.04285637639158512,-0.9789442311903584,0.0023583264772656367,0
0.12942447778495603,-1.01890430447808,-0.15972497817531814,-3.4670394530524837,2.4597094923577485,0.07670201509562656,0.043317392507108365,-0.9799744553847558,0.0010610282658065633,0
0.1314912140914145,-1.0168852744059313,-0.1581771192230638,-3.463999261564199,2.441467960601468,0.12268383104258981,0.04426525960368238,-0.9797729885864453,0.00039595820320963707,0
0.13241400554016577,-1.0184921768785886,-0.15897981030665842,-3.407752574933865,2.4731658439925432,0.15760591522764478,0.04628660537420087,-0.9793392628939901,1.1057775279479123e-05,0
0.13214881551156407,-1.0228649625348802,-0.1615168629967766,-3.342055314812942,2.5100914712109113,0.19216970239931214,0.048691620095886005,-0.9795669630253147,-0.0009129226134838434,0
0.13095274106736002,-1.0272009589858708,-0.1636983720412295,-3.297308045380158,2.5154316688823295,0.21492835247496062,0.0499848062789673,-0.9803895479636849,-0.002300917872931283,0
0.13008009237008927,-1.0285749379843807,-0.16334736310428336,-3.261634553904798,2.497171169286728,0.21044124751469903,0.04925626637970667,-0.9810824792399462,-0.0029816541907133386,0
0.1312358526314128,-1.0259386835225823,-0.16012050069450878,-3.2135876788394975,2.4924583867918577,0.186991906127213,0.04701439117711664,-0.9810325719367335,-0.0023810675244694875,0
0.13392268352970355,-1.02135927419533,-0.15605617270424915,-3.166051911704736,2.5239502015725384,0.16853252409950167,0.04481303560439338,-0.9801781515059551,-0.0015225236397461612,0
0.1349502485958263,-1.0185605698710025,-0.15379826614508663,-3.1583715140620576,2.583335178641971,0.16648838120941697,0.044017897218682864,-0.9787597291362476,-0.0014405466363253926,0
0.1319566169119154,-1.0192561241343456,-0.15445010078079885,-3.209298545634718,2.6486447810768907,0.17569875353395176,0.04474681999629317,-0.9768600017360244,-0.0013792914340745555,0
0.12652585039715358,-1.0216337778395281,-0.15725533960060326,-3.290608652326838,2.701815592457416,0.19103994651365308,0.04598247591714139,-0.9746229720669473,0.0001586243043173664,0
0.12312748665921734,-1.02312614834668,-0.1606838840073792,-3.3479049929076345,2.7358677378034875,0.21022477095997275,0.04661482621601751,-0.9728751259087043,0.002907501533241971,0
0.12504852855063475,-1.0233274340885448,-0.16335593260938133,-3.344691680116264,2.7605762181280755,0.22370593971362973,0.046312908243415274,-0.9727857571079298,0.004736549185895496,0
0.13108236540860266,-1.023129054329339,-0.164507078566508,-3.2919736948906357,2.7964032590397325,0.22018546637332118,0.04561537888696833,-0.9744759770483161,0.004250786566741623,0
0.13639229835918282,-1.0225045701697317,-0.1641057667052352,-3.241235050236484,2.849439943914394,0.20513013124780086,0.04521577758098806,-0.9764365855141076,0.0024574132917458843,0
0.1371512096827387,-1.020688431313499,-0.16225562595328702,-3.243062776598291,2.8965945798496677,0.20119986128841036,0.04503920351179941,-0.9769572190256463,0.001332234648780619,0
0.1337828535274057,-1.0177531849202088,-0.1588936678050607,-3.3014831713915362,2.9084501606455357,0.22760422212929468,0.04442813400453956,-0.9760150478764879,0.0013282348646456515,0
0.12924683921477456,-1.0150632287819308,-0.15509698747581202,-3.3703226447930854,2.883908001862815,0.2876672500562983,0.04352177809505132,-0.9751801824415759,0.0010347975156832,0
0.12541789399633518,-1.0144025795396174,-0.15382683043148107,-3.402782387482884,2.849244295838118,0.3729279577418669,0.0436062539779104,-0.9757046345060276,-0.000681306525638753,0
0.1221937763192157,-1.016471196057849,-0.15731399854922204,-3.3961567442503706,2.8254130295607207,0.46363079465950513,0.04531634220297898,-0.9773651487805407,-0.0029310444562542413,0
0.11929895028827522,-1.0199300878065694,-0.16354862746878412,-3.374203780119388,2.8114294226772896,0.525981222653267,0.04724879323241462,-0.9791738547833156,-0.003846265983029658,0
0.1176229555263482,-1.0225180998740642,-0.1670406611141418,-3.339477583436392,2.7992226927712602,0.5301211845683089,0.0474467375287961,-0.9802881375924173,-0.0030343864543015265,0
0.11837888333011294,-1.023194073136447,-0.16444536839675206,-3.2713900142831287,2.7879691327926683,0.4804613376660427,0.04585563636386779,-0.9799417425561158,-0.002142789652381828,0
0.12135735718288185,-1.0225395921465186,-0.15912300037866114,-3.1716160571182437,2.780587489027578,0.41429718808163435,0.04421939841329887,-0.9775761108907782,-0.0028622518420482394,0
0.12481782766357216,-1.021493741741311,-0.15815517998794987,-3.0842604966360927,2.7795319033581354,0.361756358223838,0.043659050870189606,-0.973837383594022,-0.004998180109127365,0
0.12740199036668765,-1.0206056194871573,-0.16403064706102244,-3.056649324370098,2.7880635671702976,0.31982648029507166,0.043432840638817034,-0.9707583442730755,-0.0068215492255299945,0
0.12924924074096214,-1.020087646370125,-0.17137673128324146,-3.0924756413082304,2.803237758454687,0.2738915701475602,0.0424015180546474,-0.9701066248577144,-0.0069521467299063465,0
0.13062276869168088,-1.0197702318262338,-0.17335560396244024,-3.1539955995135336,2.8076854173204655,0.2291515129030206,0.040846443738267596,-0.9716925872348082,-0.005555917331810323,0
0.13078957070929903,-1.0193888178730648,-0.16947599839985053,-3.198988063145263,2.783377984348052,0.20479396405948536,0.040059110014836294,-0.97365303444544,-0.003879363924284037,0
0.12955853855027621,-1.019453905847457,-0.16542259627497938,-3.205074885501399,2.7357272183780665,0.20511126322880543,0.04044567293490756,-0.9743525094747388,-0.002957370239902567,0
0.12857932421358687,-1.0210798279063436,-0.16623423435696527,-3.1727203510489788,2.6886112164579776,0.21362184567102557,0.040932229756651825,-0.9739108600463793,-0.0028306646061392257,0
0.1292942999334299,-1.0242032503386496,-0.1710210194302092,-3.124101591214024,2.6508219677180085,0.21569535169814527,0.04047331719030129,-0.9737305527773699,-0.0027991751037614162,0
0.13052994856045616,-1.0269512917639205,-0.17436528667552192,-3.0922106456558227,2.6028988774770996,0.21446303338636272,0.03944430955697733,-0.9745413046720909,-0.002111945587185969,0
0.1299296638556505,-1.0277966445613491,-0.1723345318049605,-3.0927269350402358,2.5254761886456674,0.2231955309779066,0.039071518323738695,-0.9755678575968398,-0.00034893328387837225,0
0.12722397106627228,-1.0271917795605272,-0.16612115534562855,-3.108003702542806,2.42687440409125,0.2491514668283944,0.03995163384758469,-0.9759727438788318,0.002402298265226737,0
0.1245185752087575,-1.0259533925503805,-0.15934210742270274,-3.110143779231291,2.328546361084731,0.28153341767643203,0.041547965103780025,-0.9761551710562351,0.005405722404875255,0
0.12351733928848536,-1.023598239166072,-0.1537765926349459,-3.095494773020016,2.2280354784980485,0.29205752037181976,0.04277636947528717,-0.9768914369336901,0.007701670712395613,0
0.12356315408338375,-1.0200027554180398,-0.14967323163802307,-3.0825870261367543,2.0918921776613844,0.25973376253988584,0.04279160790669899,-0.9780664451912343,0.00891609752113584,0
0.12262238390075854,-1.0175141907841134,-0.148203578697138,-3.0767075716188774,1.8938617817376127,0.20149661242991934,0.04155627107381263,-0.9790658296981611,0.009205530290256317,0
0.11991443694764815,-1.0191263009363498,-0.15044454889386014,-3.0543709422091827,1.6538716721366546,0.16321951707049173,0.03991353731560963,-0.9797330313016129,0.008494332593056982,0
0.1173793107568535,-1.0242846492606699,-0.1545358271393545,-2.9939679888756023,1.4283718282997615,0.1717050417178701,0.038897117571027,-0.9802033615534067,0.006638772160820839,0
0.11796026361974453,-1.0282141435631504,-0.15665848157596313,-2.910116588361283,1.2626330551427778,0.2098023352719613,0.03887012458274349,-0.9803321895381647,0.004310271473180111,0
0.12200450479308214,-1.0267837058828855,-0.15548215029231663,-2.842456905834259,1.15996464693763,0.24635887772998083,0.039446408029494624,-0.9799835139748821,0.0027048412819684394,0
0.12618447766637844,-1.0213747281239574,-0.15385521854158912,-2.814114387839797,1.0943658623099688,0.2736896040113892,0.04000976794854252,-0.9795381810270506,0.002250593174599664,0
0.12700368528817843,-1.0174242443556314,-0.15502732232297606,-2.8116960579578842,1.040058233203136,0.3037873660355057,0.04000209361932479,-0.979533935375677,0.0023504578419166105,0
0.12473665458101704,-1.018379691816898,-0.15861043384128312,-2.8057226516850684,0.9837485132124614,0.34218412312864976,0.039044002710822825,-0.9799951038945542,0.0023725919926024905,0
0.12246811571521202,-1.0225893232886143,-0.1617836604545914,-2.7855545506810695,0.9182406117869775,0.38167791427208636,0.03728804687657408,-0.9804460144196407,0.00223673743952042,0
0.12165708025724574,-1.0260013381599358,-0.16320573358114263,-2.771950425076474,0.8370785247528224,0.41597510883377425,0.03555972499727528,-0.9803064935455643,0.002056560662033314,0
0.12075011983778858,-1.0262541909696405,-0.16367159305786286,-2.7925352412423026,0.7376630460357112,0.4461347040651939,0.03477276982619423,-0.979082304599585,0.001737667103122978,0
0.11853357885336861,-1.0238778086277815,-0.1637808888266608,-2.844243509212199,0.6229340160546362,0.473073156124327,0.03514234851242976,-0.9766418188494015,0.0011578322904813863,0
0.11660668353357298,-1.0208713494885493,-0.16334674667363744,-2.8871226852126797,0.4986927309729256,0.4914295387427754,0.03611068522726925,-0.9736505038073848,0.0006544011459319259,0
0.1172202221200026,-1.0188087380076785,-0.16290721969613692,-2.8841969505946157,0.3769597301512814,0.49347664034279515,0.03701713181473303,-0.9713653472494843,0.0009071979380101585,0
0.12009845853308462,-1.0179312488203118,-0.16339684349382613,-2.847831890263382,0.2832913414444683,0.4764865070313725,0.037780268550309436,-0.9705839142465938,0.0019111872573246895,0
0.12297445794296533,-1.0175168477676433,-0.16391689961002603,-2.839953151784772,0.24972064270935684,0.44519760979914047,0.039042479836699555,-0.9708306629825533,0.002470893997356425,0
0.12478731761390122,-1.016645475540381,-0.16241297153051293,-2.9224549775279547,0.2938493021803492,0.4081639439289683,0.04157157115405022,-0.9707592234517809,0.0013663131110260073,0
0.12696311420179074,-1.0146862752366639,-0.15955571956761322,-3.107615842449219,0.4094540620219429,0.37079898119753674,0.04526057871376034,-0.969443458180621,-0.001270094008434065,0
0.13117997119746339,-1.011821808662066,-0.1590602480975859,-3.3534773455963536,0.5781505509289141,0.32928717253327977,0.04895017842652382,-0.9672284209172838,-0.004218832649860921,0
0.13671782526016618,-1.0092784136169546,-0.16240805089200666,-3.5987554238998856,0.7837526109897004,0.27179324463111315,0.05164088649474694,-0.9652258889298945,-0.006365999437170861,0
0.14096056094425122,-1.0082640384628565,-0.16603943439415575,-3.7997355469904197,1.0159579717806753,0.18912887656889446,0.05354290486327786,-0.9642087984258619,-0.0071425709049118035,0
0.14256784746742926,-1.0084414248197324,-0.16608673832104778,-3.9447695919157284,1.2688245834771175,0.08509402376319156,0.05541165549595902,-0.9643223364399937,-0.006368937844476723,0
0.14319756966738958,-1.0083290936377483,-0.16360577649502872,-4.049171085445805,1.5411671646843172,-0.024057825221442588,0.0572222837538423,-0.965488259463014,-0.004533327832599317,0
0.14521341219785633,-1.0077156178824833,-0.16252250298019055,-4.143099241879365,1.8361514052610102,-0.1183393802717755,0.0582660848488126,-0.9673834008870196,-0.0029915614780619483,0
0.14829619156040816,-1.008564315428278,-0.16409708414202023,-4.25992034624752,2.1522290005662703,-0.1841613722214584,0.058512814327727425,-0.9691399077543894,-0.002986869517510421,0
0.14981483302020998,-1.0122195292563523,-0.16642439086003577,-4.4254421111802555,2.470319225705866,-0.22328353632125905,0.05903460318715559,-0.9697200054185782,-0.004418774111116777,0
0.1484932370164298,-1.0165484181573137,-0.16854547592332003,-4.644902018775136,2.7610902689233314,-0.25232374633226895,0.06056913036742223,-0.9688190143928396,-0.00618818237002077,0
0.14603715214761367,-1.0177780110035402,-0.1716085358675771,-4.889162532261452,3.0162204257207335,-0.2861031581336756,0.06218168009986305,-0.9673508690402266,-0.00756158119248748,0
0.14471285229617678,-1.0150398323455327,-0.17549402692049232,-5.094299860152229,3.260436901511552,-0.32196488937825,0.062152423839706816,-0.9669890707985789,-0.008511666821287617,0
0.14482802411496112,-1.0114828766078137,-0.17734498549372568,-5.191735359639786,3.5156771249775276,-0.34808982446878706,0.06011210006572329,-0.9689155669730252,-0.008961943823148355,0
0.14531163900795074,-1.0109584652136334,-0.17501651181512048,-5.15771787498496,3.7643793587023904,-0.36365283738399057,0.05758046253106588,-0.9726964758880843,-0.008491674446170036,0
0.14540484409898247,-1.014722407093672,-0.17020960883054156,-5.034507840259183,3.9696657854388473,-0.37918033531376194,0.05618936761091395,-0.9764846611582193,-0.006934589041205979,0
0.1446570265009881,-1.0208205699858697,-0.16660386106387925,-4.891455999537924,4.1253658449828405,-0.39765235001605187,0.05586550615525596,-0.9785430592376904,-0.004893134584190663,0
0.1422696011439263,-1.0255912762376778,-0.16573048729089174,-4.762621065583209,4.261172311673838,-0.4054694808814727,0.05506553251526198,-0.9785885249938351,-0.0033564001839250404,0
0.13782598964515946,-1.026436927792175,-0.16590917306404926,-4.6310116894764075,4.392472946851047,-0.3855270422114594,0.052457330125688074,-0.9777140059276823,-0.002804415596955689,0
0.13227713654277498,-1.0241568391436673,-0.1649771840101376,-4.473486741375616,4.48394940302277,-0.3362058294408284,0.048058089940372646,-0.9772105647828401,-0.0029920678056225766,0
0.12714444880466638,-1.022048558209674,-0.16325415563659382,-4.303438072802302,4.47973020644541,-0.2747122812955349,0.04304564949176664,-0.9775420227015122,-0.003683661238582178,0
0.12290403728926882,-1.0220346310699022,-0.1633631542627386,-4.157220196638384,4.367372290664848,-0.21866186259198211,0.03879721310056025,-0.97830862601743,-0.005110705938761418,0
0.11898036497005464,-1.0225930401774455,-0.16680324429608928,-4.054333837345297,4.199530977701388,-0.16310179360066798,0.03589938947941892,-0.9789090565759329,-0.0073868416723889396,0
0.11521885574506817,-1.0215815121808924,-0.17127589433415416,-3.9927152136584585,4.046052965071976,-0.08097461701895892,0.03390712990351964,-0.9789558536153761,-0.00978131634455341,0
0.1123915769432705,-1.0198351440629778,-0.1728935468695508,-3.97199298428631,3.933061342774469,0.0456658461021711,0.03220776833880179,-0.9782034559208405,-0.01099592818335025,0
0.11104010930299649,-1.0198705166813726,-0.17088584349059202,-3.990063793805258,3.8431799123020958,0.19368598602041082,0.03099537550739016,-0.9767180956088652,-0.010270515652608989,0
0.11074955200102976,-1.021938254075165,-0.1680664273282121,-4.011696680503157,3.7692103344570316,0.30580809084929533,0.030971722303780848,-0.9753211166304454,-0.008070494818301176,0
0.11101602724817151,-1.0239801010529648,-0.1665497996516898,-3.964441871427618,3.739777672788044,0.3380446389724161,0.03216497928723802,-0.9752094844115587,-0.005612075855135112,0
0.11221511757016045,-1.02501389560055,-0.16558551857503828,-3.7841025076172925,3.783628133180096,0.3003190243968334,0.033792275838818636,-0.9767988416192727,-0.003931113707047635,0
0.11521268127177135,-1.0259185876085166,-0.1643050485903765,-3.4663596637522716,3.893949895833674,0.24327645092123837,0.03563177131871791,-0.9794425443207259,-0.003474305237153254,0
0.11994908713753105,-1.0269822073504253,-0.1638759104316432,-3.0726397538932817,4.044361174316062,0.20463667084150866,0.03869205001868002,-0.982268049244757,-0.004085220844270931,0
0.12459143893946287,-1.026929687776294,-0.16528119259530796,-2.686411654415907,4.221350470652092,0.1774121233187975,0.04358045325742582,-0.9843950351247532,-0.005009292519242168,0
0.12696758861464386,-1.0246608211608121,-0.1670448220136998,-2.36104987359578,4.420279098371455,0.13148938880507308,0.048678140446528184,-0.9844172170155037,-0.005284633677544633,0
0.12737799545513992,-1.0207909866771332,-0.16724163072070367,-2.1014810779034785,4.621321361236162,0.05308804669069024,0.051210061569729584,-0.9811534723258769,-0.0045205618882942136,0
0.12875036719220836,-1.0175934771332282,-0.16622119545183808,-1.8887194312352031,4.794904663022376,-0.04438237732041199,0.050308133253357666,-0.975587426496169,-0.0031524469843331564,0
0.13275042581316532,-1.0175664818376458,-0.16528128183782292,-1.7213922705768065,4.931273012581386,-0.14007270138960187,0.048055129696684865,-0.9710231768549721,-0.001847806233164196,0
0.1366186178392722,-1.0204644650153982,-0.16410289148642998,-1.6318256289746278,5.045470891585199,-0.22738034432514817,0.04713799218163668,-0.9702960211740375,-0.0008532232411879909,0
0.1355457750587378,-1.0214883036780935,-0.16150254711869888,-1.653572229598037,5.153981941236243,-0.3171671214942916,0.04818750281134564,-0.9730406925057862,3.6921748338008945e-05,0
0.12866770271537367,-1.015831771045272,-0.15769618779838476,-1.771335203219489,5.268620927243254,-0.42297646521942744,0.04987757796874984,-0.9763107085753584,0.0009717967255142838,0
0.12176558100993423,-1.0066049334775982,-0.1545265851597666,-1.9127872699923891,5.413459675993851,-0.5414775984293034,0.051013199168459956,-0.977687993199178,0.001644780563833773,0
0.12226923080938609,-1.0035884302768356,-0.15390312413658339,-1.996038166747595,5.6174421531314485,-0.6454664071072599,0.05167593730050149,-0.9771051860898009,0.0016388621621600099,0
0.13103508785442253,-1.0108413092766235,-0.1561514903007944,-1.9840899259227247,5.875029181313614,-0.7012574853757794,0.05243589065749478,-0.975759648515905,0.0011108671648006692,0
0.1409721776997804,-1.0203653983097376,-0.15975243801404299,-1.8990789391955296,6.132526818800593,-0.6995691469484453,0.05327201219433238,-0.9742791270628118,0.0006489417292407275,0
0.14474426417261346,-1.0222592933387,-0.16319263184682548,-1.7985051922318913,6.3302341451918815,-0.6643977802488872,0.05355524268745427,-0.9724903165194824,0.0003292876016998467,0
0.1415709546009142,-1.016632481604624,-0.16663550043682057,-1.7475643391382432,6.451456142452724,-0.6231100354784656,0.05266723210845072,-0.9704269210793482,-0.0005271291780724089,0
0.1355271859249624,-1.0109240701599738,-0.1706711926500772,-1.8083766188187937,6.522237869845114,-0.576492592665165,0.050449988151763006,-0.9688268123314058,-0.0022885471679387963,0
0.13011883638892927,-1.0093876701651252,-0.17412019494962727,-2.0292074430699065,6.573275618174993,-0.5116437271160375,0.04729503523105734,-0.9685224202319311,-0.0042525024126548894,0
0.12620357219229303,-1.0102415361715789,-0.17489753851547138,-2.408799503181775,6.6131334541716,-0.4326233235734859,0.043926888128450074,-0.969633457684079,-0.005817943860386873,0
0.12284202181095003,-1.010845154749686,-0.173295145532973,-2.8583110950619703,6.630734253573076,-0.356145649440216,0.041008839331277705,-0.9714640769124873,-0.00820223054577123,0
0.11856132355923309,-1.0108819287777904,-0.17301250669406568,-3.220611381280767,6.6085991525883045,-0.2810239279075696,0.03875745720492576,-0.972931573903034,-0.01363293978691974,0
0.1133713262739503,-1.0106741040536926,-0.17773041358105612,-3.3614640481629507,6.531172139283541,-0.18153250484605848,0.03672781573163504,-0.9729369765389067,-0.022273462539608435,0
0.10986505139412507,-1.0096465185489576,-0.1867593539202435,-3.263858614623403,6.3911153134962,-0.033813094592657855,0.034209867623026496,-0.970774161912102,-0.031083296912080317,0
0.11032063011507343,-1.0074484379736106,-0.1951763048693448,-3.0406100651719914,6.200228180872963,0.157483586483632,0.03146745992050769,-0.9668626585751297,-0.03659434533173743,0
0.11332175784657085,-1.0051879614825083,-0.19872940116863552,-2.853522660410999,5.999767423169883,0.35406861754078434,0.030369493833382697,-0.963046782150828,-0.03799589900930377,0
0.11579553604954,-1.004573771643658,-0.19766746332046464,-2.808587307257835,5.851855515821648,0.5015709959137338,0.03255827866514016,-0.9614394537998756,-0.03662114403395252,0
0.11731704591228864,-1.0062022051215864,-0.19493350000879908,-2.903714919526211,5.800449744608073,0.5621905216622152,0.03678261682742872,-0.9625879685023718,-0.03328809663085244,0
0.11948581252830118,-1.009265875072269,-0.19124202320685366,-3.0487864523438675,5.828483174682532,0.5400063518019212,0.03940644249077282,-0.9651033222172272,-0.02767009681922184,0
0.12190779467998704,-1.0126030923884006,-0.18380187328821418,-3.130604572387887,5.8655828724833485,0.4749953500894578,0.038137916333421853,-0.967278937579834,-0.020197356599835563,0
0.12188401612825958,-1.015118001567913,-0.17180972271370093,-3.082811802506649,5.854541879927609,0.41261306300666334,0.034388165543917576,-0.9686734223264029,-0.013008708289774101,0
0.11840668859414706,-1.0152216990276095,-0.16227421644656811,-2.918438963428239,5.802927519079176,0.37887562408048964,0.03167628150232301,-0.9698317382553268,-0.00822248762562443,0
0.11424896941820459,-1.0115384369098814,-0.16529210908633502,-2.704252485929946,5.753821166663886,0.3760119784285899,0.03234879839386221,-0.9708620850985343,-0.006060477742062961,0
0.11308147050838323,-1.0053958003820855,-0.18053350208775445,-2.510202183533006,5.716088390552005,0.391252825024603,0.03588141519014606,-0.9709355762920816,-0.005382305175340786,0
0.115581865321583,-1.0010309995665059,-0.19368999030836262,-2.3836769905142545,5.648220765753439,0.40780687152776157,0.03982300951835807,-0.9693546228432421,-0.005459332837756484,0
0.11928008396807196,-1.0012833404796215,-0.19205245444796043,-2.3481593388748783,5.510689933400721,0.4132453645862515,0.042118465691150304,-0.9666121137669254,-0.006353688614622519,0
0.12177807342743258,-1.0044163628680558,-0.17926195874912354,-2.400253990423449,5.310693398750208,0.4047424532079097,0.042422678932371616,-0.9638217763381141,-0.007778531651829386,0
0.12311351020718143,-1.0070366702663012,-0.16851048920265838,-2.5153715456617496,5.086312366020487,0.38807415563981,0.04137536428309167,-0.961322169491293,-0.008583852405030571,0
0.12457425614692229,-1.0080364788671203,-0.16592344468853573,-2.6786215561764117,4.8616331056767335,0.36590716914146615,0.03944272419382496,-0.9586994505611481,-0.00793331981412717,0
0.1261098367058144,-1.0075397134692545,-0.16797507307063708,-2.906285687080378,4.628688540688214,0.32619334946135825,0.03694428357381752,-0.9563583104799354,-0.006669715966832292,0
0.12627705388167856,-1.0048124272336727,-0.1713038002305993,-3.216566683445268,4.366321071841107,0.25247061757263883,0.03456724825577356,-0.9560468998446086,-0.006830579195037863,0
0.12469761598106545,-1.0007918275439185,-0.17607903819491105,-3.579337493079015,4.068458721227401,0.15044893998519523,0.033193057577879985,-0.9590155421526833,-0.00950471168384486,0
0.12304746796190486,-1.0009159168105854,-0.18023074154531749,-3.9157650769290786,3.757723428723235,0.0524745967835364,0.03325193943163535,-0.964188293513644,-0.013526176623724212,0
0.12278869027544859,-1.0104896557459522,-0.17889044389777786,-4.1596525757571055,3.4752379261683504,-0.014721734249865455,0.03424985105630105,-0.9689412524234042,-0.01670747602519145,0
0.12309885378729346,-1.0261737980115997,-0.172227032288739,-4.30884620396514,3.252036060659665,-0.05868405004791272,0.03497464498422456,-0.9714346969274519,-0.017979616819497137,0
0.12242408298363736,-1.0366475820853398,-0.16733775165178555,-4.401171817976331,3.086670127339729,-0.10648778978542787,0.0347263931687065,-0.9717398195525221,-0.017734995420659264,0
0.12119385940784108,-1.0346742974819025,-0.168825225111891,-4.447362583647262,2.952383307885405,-0.1668311383405165,0.03435874389970316,-0.9711489621452881,-0.016689494332271133,0
0.12094242843872513,-1.0249407364141827,-0.17271864707824192,-4.418166161574097,2.8241505734042973,-0.22022336438411394,0.035140449212212724,-0.9708941412163405,-0.015431355159433712,0
0.12102489460857821,-1.0171299945522863,-0.17312603300822002,-4.313873903370241,2.693860756626873,-0.25022534373213146,0.03651918643590633,-0.9711840805918965,-0.014594694193686317,0
0.11887762974519799,-1.0152018644793184,-0.17045991952331374,-4.221107855573876,2.5621261275786447,-0.277417988957836,0.03641410118622514,-0.9711761757886563,-0.014338693114420424,0
0.11451830969559915,-1.0166432931673643,-0.1695058686667863,-4.259406769789676,2.4257147097755105,-0.3529360518966005,0.03417045486329581,-0.970240359214801,-0.013893083959196905,0
0.11233267740173293,-1.0183651868128965,-0.17187994545627694,-4.4606261139976695,2.278319500121575,-0.5114739800675088,0.03182644005008299,-0.9692046195616291,-0.0124847345814848,0
0.11609827691970882,-1.019364197446736,-0.17359834827605755,-4.7244094585055665,2.1192455322059947,-0.7312905160435462,0.03174496566330345,-0.9695265398467344,-0.010540709995947804,0
0.12348363890667366,-1.0196428210586588,-0.17017762068364303,-4.912236653086311,1.9559812100033445,-0.9476693321228122,0.03413027067210458,-0.9710711956700309,-0.009405619877375525,0
0.12811010139000303,-1.0196517730241195,-0.1629392767933456,-4.980025091401135,1.7983203879005345,-1.1100982070274348,0.037576139251230475,-0.9717401175741505,-0.010114991418461831,0
0.1269360778894048,-1.019997422064007,-0.1593462307875026,-5.010939314890236,1.652093847079801,-1.2243320844414924,0.04095990033620415,-0.9698843209166347,-0.012814289489560768,0
0.12335613799460729,-1.020047690472725,-0.1660070420665304,-5.131414732640507,1.5174547726916348,-1.3371519956322928,0.043790534494624674,-0.9663052358273255,-0.01697540617565013,0
0.12252100654937557,-1.0177419122970546,-0.18101391680040768,-5.410096631292184,1.390317301062117,-1.4831535339547772,0.04545336243472164,-0.9631150098660974,-0.021738517743886153,0
0.12551762321189328,-1.0119364605680576,-0.19493681292057774,-5.827707268102655,1.2674920817627282,-1.6501901060867386,0.045405426361201116,-0.9611298889439254,-0.02626509581997533,0
0.12941462046638372,-1.0042640475739804,-0.20048933510348563,-6.319018435079826,1.1548012293749503,-1.7980452515754632,0.04413736415054845,-0.9592701141996334,-0.030130697746743137,0
0.13164981976058276,-0.998051765266909,-0.1993270444911086,-6.831422553049238,1.067245420528697,-1.9076087546372085,0.043106289382222863,-0.9563060715258164,-0.03346565267269961,0
0.13225917600380968,-0.9956244667962239,-0.1981466653506461,-7.347336351623514,1.0164933867414463,-2.0032219657928434,0.04334934339543564,-0.9522095626276377,-0.03660861172631005,0
0.13218534710226632,-0.9964621048987083,-0.2003960581424345,-7.858708483907536,1.0035358473626945,-2.1211559528791577,0.044436232141617536,-0.947699448032509,-0.039423394859330496,0
0.13175706251511943,-0.9978335063787381,-0.20381099574112624,-8.330769000720835,1.0294008050395973,-2.2624254806283264,0.045155991465572094,-0.9435296014581442,-0.040961612573257596,0
0.13139456333055144,-0.9976714942584005,-0.20472600772962204,-8.70554493179017,1.103153825185005,-2.389087357336219,0.04513670118335597,-0.9407683398774845,-0.04011998975417289,0
0.13181365815839494,-0.9966242196575953,-0.20254172950806237,-8.950316700761555,1.2248643470547704,-2.471775844831979,0.04515319446158875,-0.9408358632098197,-0.03673451281179576,0
0.13244620263892318,-0.9967620392635939,-0.19949146980505045,-9.093688590595075,1.3649850941761237,-2.5311237930746953,0.045676419860604556,-0.9442161296755949,-0.03178707512260635,0
0.13126944862337372,-0.9990471810806953,-0.19697917019427885,-9.191023607851415,1.4774792334079603,-2.6160714414215445,0.045993286455950314,-0.9495211924862019,-0.026542040762185377,0
0.12768518514761046,-1.0030054644481903,-0.1935938285996369,-9.242950041043848,1.5384090566110005,-2.7402619555597596,0.045299236244581466,-0.9547926581607771,-0.021663277473268194,0
0.12438435100680001,-1.0080380895173995,-0.1875115669032017,-9.161739179071702,1.564716777529422,-2.8592054267226956,0.04397144741392921,-0.9595104796657284,-0.017030014045995075,0
0.12461853248763573,-1.0138582397883849,-0.1795459593489418,-8.831715670637577,1.590555007155629,-2.918804779556864,0.0432536803397816,-0.9644650991438617,-0.012252492358098435,0
0.12830270684323922,-1.0201940618814704,-0.17211669321649753,-8.190401655417956,1.6229771863773046,-2.9070405654231988,0.04418674451191351,-0.9700356784293523,-0.007453234208161651,0
0.13247241141285748,-1.0272964607759572,-0.16624001078725326,-7.235975119048267,1.6207913858076362,-2.8441237902905288,0.04706738221981067,-0.9759680782497733,-0.003446064601802441,0
0.13510086629783336,-1.0365218737552397,-0.16154309706977754,-5.977087247905994,1.525528810628371,-2.7408745690095033,0.051348396464884954,-0.9830633685433614,-0.0010084914209425584,0
0.13675160151114724,-1.0490885559233285,-0.15845959318951167,-4.413435929668144,1.3221852014622808,-2.592907270507487,0.05571464400466872,-0.9934407125801601,-0.0002571421879038335,0
0.13863849798136857,-1.0638166030762708,-0.15855898076902292,-2.568297054459161,1.0645894280471087,-2.4118975418423356,0.05850901111560278,-1.0075683497879997,-0.0009544165510792364,0
0.1405483348611349,-1.0767794009851113,-0.1631282161018365,-0.508844019045643,0.8275589647306834,-2.2347097010905514,0.05841695227916921,-1.0215583790526792,-0.0031592376632235473,0
0.14086672623121527,-1.08344057594866,-0.1722683779211072,1.6849992356825263,0.6303225191624998,-2.0909224159631883,0.0551326608585122,-1.029166371591384,-0.007337932945834778,0
0.1380853018963265,-1.0809257935395347,-0.18435777010809382,3.95536148779378,0.4215254051602975,-1.9815657686366777,0.04975980799903057,-1.0269214380886644,-0.013792816504530814,0
0.13261970852850244,-1.0688767788604099,-0.19584150343266996,6.232519794871841,0.15818083722324885,-1.9010333650607005,0.04442249047213951,-1.0162702169282787,-0.021740287562993715,0
0.1273297427542961,-1.049341344206919,-0.20290348581560236,8.347424511341389,-0.10582624470649518,-1.8569196474610274,0.04088241904647241,-1.0006910597134655,-0.02881006996302847,0
0.12522838432210218,-1.0261835461232753,-0.20397029935017286,10.017226679620226,-0.24099590579817926,-1.8495919337590006,0.03927952480238163,-0.9824251724076497,-0.03198808737200194,0
0.12618689392188434,-1.0039679287308925,-0.19992328302187223,10.993429623635707,-0.17297898804066755,-1.850724028079928,0.038468570238588316,-0.9629729595298728,-0.029924156946395986,0
0.12710896658144333,-0.9866206639766664,-0.19266249010560094,11.254809424890325,0.02293237066233978,-1.826071748491262,0.03752833077247389,-0.9453556697101329,-0.024620513285941503,0
0.12592423729742977,-0.9762997243097788,-0.18487238330902317,11.015080554191723,0.186153212345137,-1.7719424476626189,0.036487904515368874,-0.9337540673043657,-0.020193031127023125,0
0.123781664202966,-0.972940221826107,-0.17983833379489628,10.517414783879664,0.2288349367494212,-1.7105569856572314,0.035814126331552384,-0.930399100486264,-0.019075188439831664,0
0.12257106863992334,-0.9751085715960327,-0.1790260157246958,9.86824917214703,0.20234395556636187,-1.6570948036796804,0.03599565742149612,-0.9337013150487226,-0.019619703927867018,0
0.12246487308430914,-0.981284747011966,-0.18013274164312662,9.105996754264558,0.2035933144268649,-1.6116697063108631,0.037491384631344375,-0.9398528654976166,-0.018397503542282933,0
0.12330308476753199,-0.989813868396266,-0.179268302400706,8.364999867489036,0.2584716652064498,-1.576315215930046,0.040303635866355325,-0.9458324157202106,-0.014520955214736925,0
0.12639251412595412,-0.9987771901941858,-0.1750511686870082,7.86853895920218,0.3314569930380026,-1.5544540175077366,0.04380176643450814,-0.9509277592375934,-0.010135893608879043,0
0.13280637011292634,-1.007671990321147,-0.1695224027497853,7.74332785573817,0.4196105034544833,-1.536511288408161,0.04757823536067373,-0.9562715450567085,-0.006777014481741111,0
0.14061265738070874,-1.017835428728158,-0.16510926366351034,7.904900549828713,0.5774627260605676,-1.5121617876699016,0.052011853892441486,-0.9634232326827502,-0.0033037961959765144,0
0.14565549629584795,-1.0289546954648663,-0.16172845688627857,8.1722323687341,0.8372079423268882,-1.4983446100796198,0.05726285893369329,-0.9728732622036886,0.0019683748403737963,0
0.14577801673382212,-1.0370103647045186,-0.15748366778117684,8.483606044972136,1.1434176036745107,-1.5315430664357432,0.062102043825843056,-0.9831472315421019,0.008717191019901668,0
0.1435080558141298,-1.0386470145236268,-0.15192127440439918,8.965260155721877,1.3907642160138778,-1.624545215129177,0.06451011148990993,-0.9912216342432603,0.014853101009731614,0
0.1430955281154489,-1.0357821337592241,-0.14794395158259976,9.766163484465368,1.5142493768980163,-1.744753438770917,0.06343054943116948,-0.9942976007430986,0.01804987503307802,0
0.1447652425132548,-1.032549404935786,-0.1497841957127398,10.827869402327696,1.538906839368178,-1.8443305221218396,0.05955443794219439,-0.9916531373860593,0.016607935253403493,0
0.144162376156868,-1.0293304298916828,-0.15842350036019895,11.83859588539061,1.5541715130826268,-1.907409463411458,0.05455221437437588,-0.9848782958397465,0.010275090140029815,0
0.1384890074178662,-1.0233294883708286,-0.1693858952240022,12.439890554075307,1.6324776731162158,-1.9600242020306005,0.050065134193056006,-0.9763339640936013,0.0011512497048432806,0
0.13063439720326026,-1.0137479669104692,-0.1764995500347318,12.499651606265553,1.7583362867505576,-2.0323687126100496,0.047334575301496984,-0.9675216605144161,-0.0072588688933927226,0
0.12585397766081988,-1.0029131848888349,-0.17813849996770142,12.192536720929763,1.8506128628314313,-2.1201305138489097,0.04692491648794726,-0.9588769178063684,-0.012911391331325604,0
0.12659183752986827,-0.9927680743719001,-0.17818730526241916,11.809457835701888,1.8673993101562785,-2.1931150030416844,0.04829115564160275,-0.9506048463314984,-0.01645570686179014,0
0.1314319711896807,-0.9828585064313126,-0.18023408556509785,11.486986128862918,1.868729376733564,-2.2386357031183532,0.050093454141417824,-0.9429713796427028,-0.018903354471063023,0
0.13697412105371437,-0.9718628199115106,-0.18279186826392596,11.124856499135136,1.9572828424137392,-2.2812295855610905,0.05145256885131175,-0.9355645492092117,-0.019266009239120245,0
0.1401000782104659,-0.9597223924982434,-0.18188483467961095,10.534871709210503,2.1721852090639304,-2.3518165895298804,0.05258777887404565,-0.9270363095183011,-0.015970692274190804,0
0.14006531581480983,-0.9481000918672309,-0.17662368566301412,9.610293782377441,2.462053109202263,-2.4467285199054163,0.05386230869800058,-0.9164839182922125,-0.009910045701713536,0
0.13879568558918678,-0.9389685461033557,-0.1696266302728335,8.350368015970695,2.754942910810567,-2.5274693492852203,0.05483508997169564,-0.9049884174742115,-0.00430151417029453,0
0.1385085293403217,-0.9326422807836534,-0.16283323811905012,6.801158338494182,3.0310371143787447,-2.5555313352173203,0.055090700927937934,-0.8951233693895361,-0.0011974736464683395,0
0.13968219974986446,-0.927789913497231,-0.15573615682080216,5.031795029059915,3.3231964711344752,-2.5184656283250666,0.05558259298578195,-0.8889103594148646,0.0007535474742397469,0
0.14183990833417956,-0.9239130578980521,-0.14780111349149627,3.147098553006573,3.6657015427552966,-2.4272649231278294,0.05792236074127066,-0.8866817145930759,0.004407296909180552,0
0.14502884389008044,-0.9229107750975871,-0.14064909960781447,1.2783838473734797,4.051540671281882,-2.298138143613521,0.062101242049671414,-0.8878123013653739,0.010570064549019301,0
0.1494798123270724,-0.9272028373903409,-0.13729114511399093,-0.46243773001423755,4.4280536265349015,-2.134884641902373,0.06596911733473472,-0.8917393413054092,0.017061584889583172,0
0.15427402812873595,-0.9365581262243957,-0.13927936002453278,-2.037188096529688,4.726576255897903,-1.9258177835840415,0.0674350503658308,-0.897717935105812,0.020985711356894997,0
0.15706831628592952,-0.9473371710740955,-0.1442598156442139,-3.503560648935104,4.904418892444029,-1.6651907617315314,0.06618837497204648,-0.9041303936263689,0.021138819632200257,0
0.15569117605379318,-0.9551586761222361,-0.14753339337244445,-4.9768424248897425,4.967231663973014,-1.3782169755107936,0.06287194252154227,-0.9090450020195437,0.0183342667275482,0
0.15032230631251764,-0.958552398933151,-0.14748742956881092,-6.546941499083033,4.952119096119896,-1.1090555544466403,0.0580001255844193,-0.9116377760277324,0.014390095322961548,0
0.14354854062889338,-0.9596439264405445,-0.14768829601657807,-8.210910841839453,4.890248072477883,-0.8786509198172515,0.05255165323304381,-0.9125868854247492,0.011223404276458945,0
0.13774623645701006,-0.9606613642870561,-0.1513729954168751,-9.87182652637266,4.788574848292262,-0.6733749329374715,0.04828911066121461,-0.9129729051756452,0.010045861574091177,0
0.1329039016452808,-0.9605819900675944,-0.15608226625215293,-11.3985159437008,4.639931252968428,-0.4861401781859469,0.046142761649905786,-0.9131018743457964,0.010382648327975606,0
0.12741291075181485,-0.9568262024045631,-0.1571915525930326,-12.706675313695902,4.431450713206588,-0.34963751907360635,0.04482663493978524,-0.9124718670791733,0.010054883144600757,0
0.12048830250108045,-0.9498280116450754,-0.1553986121624182,-13.826371329667104,4.1362943523162246,-0.31036856900434584,0.042068011419693845,-0.910614913717786,0.00708344347500139,0
0.1132843593683601,-0.9436555916341446,-0.1566075060785755,-14.909467934629006,3.7158961686675545,-0.3798488913115698,0.03707423476149995,-0.9077791682127099,0.0017704369740323086,0
0.10763388809547886,-0.9415832861536972,-0.1639804363367101,-16.128758078569884,3.1507607786370446,-0.5277498960459821,0.031386275623442005,-0.9048427815652033,-0.003776655975859397,0
0.10412503506903051,-0.9429175137661818,-0.17364356604879783,-17.515704029771477,2.4679526343598273,-0.7189551250907019,0.027523024542016498,-0.9026109038927517,-0.008187835214858203,0
0.10208028157414088,-0.9449381261555789,-0.1800409555223891,-18.89661201952114,1.7303293333214185,-0.9454777370902272,0.026779554561414877,-0.9012469802737778,-0.011971428181911912,0
0.10140895698591222,-0.9463432958493279,-0.18286001755964007,-20.02291737712775,1.0065273171330895,-1.2207019873173186,0.027958798251131303,-0.9005540597386387,-0.015910032891705245,0
0.10326048411724278,-0.9476836396805112,-0.18581677980807504,-20.77879093322613,0.3629355550470242,-1.5475206098235157,0.028531343422282508,-0.9007219013252483,-0.01952476034337834,0
0.10798167734668168,-0.9494638128217147,-0.19014125204674184,-21.25530540136832,-0.12633662222372888,-1.896481842879166,0.027563504783744714,-0.9023982567053586,-0.02193165246487176,0
0.11355986397600372,-0.9513751430762077,-0.19265205302720512,-21.62969636181102,-0.38926330900931494,-2.216811562320894,0.02700113497450718,-0.905904485297578,-0.02318860589662666,0
0.11786304634945474,-0.9536437361141663,-0.19024931545831575,-21.99565907794689,-0.3883623049487997,-2.4673714702401206,0.029366026109873766,-0.9105772489505766,-0.023736252324088793,0
0.12210315807139911,-0.9578490428525537,-0.1838748523687418,-22.319047974070006,-0.13608211866049733,-2.635557493875948,0.03478968647206232,-0.9149879645982691,-0.023333373131690892,0
0.1298728622672619,-0.9649535375998544,-0.17750527260773172,-22.533494383849725,0.32633904108697404,-2.7282961225974516,0.04124790212880925,-0.9179783272405319,-0.021440130852819733,0
0.14180528046174248,-0.9729076792432466,-0.1740437209513754,-22.64194164009887,0.9579500093266353,-2.7504655107508102,0.04735540189585098,-0.9197910003996632,-0.017659982996394208,0
0.15302078713639286,-0.9781593181952101,-0.1717297944615748,-22.71304228038812,1.7210138167299565,-2.6956223254346656,0.05391423744062405,-0.9221667277879735,-0.010868904644686709,0
0.1579498777450714,-0.9801718089848827,-0.16426972209148627,-22.791562684381358,2.5579033399101134,-2.5524378162773225,0.06234423200467673,-0.9270492161299251,0.001004009994928797,0
0.15702144304653215,-0.9831938879768329,-0.14614600330191016,-22.809914525270393,3.370094326030038,-2.3143042576538995,0.07200126208664814,-0.935351327303436,0.01885619160772953,0
0.15631351064298976,-0.9931214479147737,-0.1191782172178637,-22.56036504543114,4.029354555929895,-1.9865148652556692,0.07981338869759627,-0.9475703287546123,0.0400915490227832,0
0.16027651540923651,-1.013237951570507,-0.09290895314168929,-21.749164850895916,4.428286610135968,-1.5875373446503267,0.0829287388446133,-0.9653968884028545,0.059202892365895474,0
0.16664988067292,-1.0424537686607456,-0.07736882270334582,-20.12998338611232,4.539472912999229,-1.13815195004738,0.08123403310529786,-0.991052716759985,0.07099931070749177,0
0.1693176922316523,-1.076516965853346,-0.07583521093433412,-17.66763350912288,4.43141981512069,-0.6480897381353061,0.07691346188742167,-1.0238617719540177,0.07347146106651063,0
0.164755531815344,-1.1110786148768486,-0.08429603232394814,-14.6179017312733,4.216255706935586,-0.12544111950765394,0.07208077030601907,-1.058925294503322,0.06840497750423934,0
0.15467889336036278,-1.1444334596693815,-0.09602128717154856,-11.396998849801605,3.9671434243199752,0.38690808988215425,0.067232324912685,-1.0912929792945614,0.06017505747702872,0
0.14345599027075892,-1.177696385713784,-0.10650726946350855,-8.249244690088915,3.687143082260129,0.790383327781358,0.06149693665715022,-1.1207458302425086,0.053225343057575356,0
0.13421978662804868,-1.2119339909180658,-0.11612329598818046,-4.966968120963495,3.37315540481464,0.9734907926627641,0.053786930584883985,-1.1499724556200177,0.048389250956312864,0
0.12680160189369394,-1.2436294545586983,-0.12901066628678434,-0.9900096795098026,3.106301814843733,0.8926655142600988,0.043621347844652346,-1.1773579515584056,0.04057301285920757,0
0.1180706696291041,-1.2619545328407977,-0.1493044520236873,4.103852658839972,3.0425182962109005,0.6004379705049281,0.031279338500329205,-1.193177708441131,0.021829633209366515,0
0.10513860107097783,-1.2524069253216712,-0.17834308763529963,10.126949741945745,3.2837541716364944,0.18358214971492878,0.018061397816301242,-1.1845250913046173,-0.01103245512165039,0
0.09011128730506597,-1.206561216730904,-0.21384584168806733,16.24371102017932,3.767996456569805,-0.314615748994887,0.0068946859397050414,-1.1446194210488811,-0.0518840818138449,0
0.08075569615264419,-1.1297998110752758,-0.24962914258686647,21.352388812939004,4.305201540560993,-0.901176959164567,0.0019301796554631523,-1.0778914175395802,-0.08936862089929001,0
0.08410558437919287,-1.0392112471535646,-0.2771959571440993,24.52813033079904,4.714942007420076,-1.5787583260380669,0.006309862625488462,-0.9974416720663019,-0.11533284849676763,0
0.09980886355930123,-0.9539820452913607,-0.29045337112116776,25.262308111840436,4.926613719649367,-2.3040732278085656,0.0196934489522467,-0.9188194226666981,-0.1283008486487417,0
0.12110069064324948,-0.8876304720135646,-0.2892004927065113,23.537866114742638,4.979672489816381,-2.999758971333259,0.03789796644856881,-0.8550683669936506,-0.12958228909857353,0
0.14093187449566225,-0.8467902736968062,-0.27667230643825713,19.860621595224707,4.961501957687735,-3.597055465521384,0.05518798788185119,-0.8141048448073018,-0.1190206750830556,0
0.15570184544687957,-0.8329487285952631,-0.25487121161693427,15.175600226365674,4.942944122084547,-4.062556660082366,0.06756695808211714,-0.7978525678318507,-0.09634120199686623,0
0.164807793635673,-0.8429133774260494,-0.22491222982460615,10.527686924907055,4.952984749421631,-4.3839957803538985,0.07463999851759522,-0.8034634135613274,-0.06488661716296854,0
0.1691898541419374,-0.8691354434467532,-0.19078526593443235,6.58924491284234,4.99121419395439,-4.542377646184688,0.0786367923247874,-0.8258466477802424,-0.03149504262796087,0
0.17036912847038993,-0.9026967311098666,-0.15917547491203607,3.4246923522597017,5.034946495737203,-4.519649450017846,0.0815523048092649,-0.85911407971438,-0.002581916805615754,0
0.1692754236993497,-0.9375060843482266,-0.1352686337641558,0.6953021622736442,5.026349767326933,-4.333535897198112,0.0832260001968948,-0.8966361156456507,0.019032981188389333,0
0.16566011385972718,-0.9711791655057481,-0.12024114549958065,-1.9069392164021166,4.880881413031487,-4.04058350917814,0.08217333414860493,-0.9318843729618501,0.03423036683199427,0
0.15945422411684193,-1.0015831331103267,-0.11182270635379363,-4.38425518232177,4.53609081260302,-3.6993741949183883,0.07782346148506827,-0.960268254674659,0.0454033535736536,0
0.15223597173909972,-1.0238623481604778,-0.10633769172118973,-6.493940289205892,3.9974877580146804,-3.351319042171525,0.07142424744881065,-0.97969946253255,0.05386431964567331,0
0.14605967793105762,-1.032456424606016,-0.10197290023183342,-8.016748212330956,3.338455466633744,-3.041869585438291,0.06481173832142285,-0.9894216288914682,0.05886774327696538,0
0.14095100386680587,-1.026012118715604,-0.1008409076229485,-8.996792246719897,2.6607548127990674,-2.836300223161942,0.05858407627106835,-0.9890341527303522,0.05868352705972801,0
0.13465761982767935,-1.0092006665020172,-0.10642452762502068,-9.798851428760605,2.047405739720527,-2.7951280595617582,0.05151577634339867,-0.9787396156340903,0.05200432957524788,0
0.12526000737606113,-0.989197188274291,-0.11948254833471104,-10.950425620338418,1.5300664389455083,-2.9359196587343566,0.04191164307882707,-0.960142235605226,0.03849678195890454,0
0.11362624381739254,-0.9705726586356725,-0.1382737941797336,-12.854176167419691,1.0863473121023766,-3.2250352902879977,0.0299530194543828,-0.9367077741679994,0.01917454312206847,0
0.1029017644421588,-0.9536597861255314,-0.16119850217971549,-15.563160707152887,0.6781573008823183,-3.6027141125382123,0.018739600824763572,-0.9133096676465828,-0.003273463547210165,0
0.09592698361344858,-0.9375107373868344,-0.1863135932711968,-18.787344317905074,0.3031189845233573,-4.009602727819547,0.012511194409859292,-0.8947643628260529,-0.02542391085519814,0
0.09401634399740963,-0.9237672629842832,-0.20983007741483412,-22.097506410311684,-0.004436806486915794,-4.393607243031562,0.01346406863390157,-0.8841500267142521,-0.04502697607458822,0
0.09792050560239758,-0.9169500146301724,-0.2281787231045526,-25.121926167359668,-0.22678420220388862,-4.712349895610244,0.02030687824745018,-0.882075594502661,-0.061358805010983536,0
0.10786736202424137,-0.9208727282270144,-0.23975773654840707,-27.59844097373242,-0.3729368009524894,-4.952408455910301,0.029739697099311145,-0.8873302693519899,-0.07297417968521201,0
0.12128707466149051,-0.9353238085803642,-0.24175020062477168,-29.34244460853581,-0.386009599667939,-5.141700478175771,0.038711045921092785,-0.8983552702288807,-0.07551879619473774,0
0.13211720323097587,-0.9566933156793455,-0.22783961781147263,-30.259755606379674,-0.07142828591781475,-5.304363883303581,0.04531968147481452,-0.9145649368673274,-0.0628881287903924,0
0.1355706961554345,-0.9819106413264433,-0.19319170555889986,-30.39404919287701,0.7663384208741923,-5.373663229873793,0.049358797601331154,-0.9366547832470756,-0.031480272292302845,0
0.1348381905241583,-1.0115838716282557,-0.14145986265691232,-29.8527143651593,2.0332741437455284,-5.170672372701319,0.05368845202280276,-0.9656654637355364,0.01570263229185883,0
0.14050391945184237,-1.048858902658948,-0.08552241979565355,-28.579477694466004,3.249004825972127,-4.514806619740114,0.06370752233539251,-1.0016878899884984,0.06787321189940675,0
0.15958625227962736,-1.0950475903474026,-0.04194116358507334,-26.252393660976438,3.8629073612420024,-3.366846801736973,0.08212288922631562,-1.0434314748652616,0.1094735357880353,0
0.18500679986396135,-1.1465490251502484,-0.023804262778291407,-22.574647399348233,3.6928021357213536,-1.8496106733355706,0.1032633318957033,-1.088507986089169,0.12701522548844466,0
0.19933399756397474,-1.195737464008199,-0.03549029575449328,-17.730260025103014,2.984632043457638,-0.15346387209804405,0.1150934319004371,-1.1331287672823125,0.11602897802439137,0
0.19078504487803463,-1.2343551509317148,-0.07174364830459219,-12.439873475137025,2.0478950254903503,1.5172981028753931,0.10905213275302802,-1.1711286377724983,0.08272845027989131,0
0.16404856874644239,-1.2561018368032348,-0.12097779950936277,-7.44366649287038,0.9580529811030383,2.896499099942947,0.0873601911187363,-1.194107768073478,0.039143510411987645,0
0.13462516725481583,-1.2562864561780833,-0.16989195136862875,-2.9308487352380634,-0.30795710739873705,3.6479648918736944,0.060094214435717844,-1.19384498329184,-0.0036846273522858145,0
0.11462383281993842,-1.2303014672299306,-0.20768902768716985,1.4468334897189405,-1.5447167907207344,3.5299942095590517,0.03674997272221908,-1.1656863772406505,-0.03934366289549613,0
0.10553138961398126,-1.1752790613256598,-0.229945260734562,5.9513182831051,-2.2989348944138075,2.6177777592224363,0.021688462925911166,-1.1108187302902088,-0.06581561701987884,0
0.1027196573429525,-1.0950996050350759,-0.24034271402039412,10.1491856580031,-2.2398830046936054,1.3210678340933109,0.015451848994779499,-1.0366836276952698,-0.08382834402245705,0
0.10342278959927162,-1.0031746499706136,-0.2475340564258908,12.958058449623461,-1.4948451554495032,0.1246011861887298,0.017196064442110522,-0.9556833267141712,-0.09545344032361133,0
0.10911681567305531,-0.9188991374976363,-0.258097352281082,13.36725402603743,-0.5745081116113466,-0.718250877883169,0.02524988736878986,-0.882050858149396,-0.10296936506474859,0
0.1215193643006989,-0.8590980804083032,-0.27113782660488217,11.202348563038571,0.012861619066513716,-1.271863167821632,0.0369666318913928,-0.8271653433177758,-0.1080033868687349,0
0.1378154416882906,-0.8296655526794994,-0.27988391086441095,7.2717352534164545,0.07806206210746253,-1.7562240858494755,0.04918702517546986,-0.7954776212056056,-0.11114031329468306,0
0.1510622487695468,-0.8245647307279234,-0.27904713615823856,2.8340486151737427,-0.22408275497247748,-2.315114009553327,0.05908448651389258,-0.7842996042638015,-0.11190557341343992,0
0.1565057345151314,-0.8341670148699897,-0.2701881488994976,-1.1011280550897724,-0.5856050903251683,-2.8982847039115582,0.06515028248404524,-0.7881098468931265,-0.1093228729847564,0
0.15670962482467246,-0.8536163741716898,-0.2595451007331099,-4.129513045373874,-0.7590144342643648,-3.3175905811010296,0.06803339883044282,-0.8033277078205263,-0.10307775883879401,0
0.15812682155467006,-0.8817935667075423,-0.2515333656669845,-6.3700347003254,-0.6690270287158856,-3.40442024008532,0.070083847143943,-0.8287114212342391,-0.09414668401693613,0
0.16288591232993774,-0.9152325081913156,-0.24531507916347883,-8.167436582464322,-0.40185648759915565,-3.1351175950693277,0.07321748755746364,-0.8617694245424942,-0.08403039873433257,0
0.16678169733261647,-0.9471197940385565,-0.23736004290908805,-9.82195044764642,-0.1176376627505979,-2.6380391541537893,0.07710188607626639,-0.8965480210710178,-0.07360976197103074,0
0.16579768248629204,-0.9720143695777195,-0.22632543156147208,-11.460149469918614,0.044849851037920455,-2.0994799664030963,0.0798140387728581,-0.9261781748408625,-0.06296136883889399,0
0.1615834603324633,-0.9892628603246013,-0.21479263804786844,-13.04992155380918,0.02482453946045148,-1.6559250217294383,0.08006056019251273,-0.947152646901562,-0.0520575718877594,0
0.15865412239466,-1.001358390504678,-0.20633033149737232,-14.496387753321489,-0.1512627088787743,-1.3520792850220549,0.0781110309759082,-0.9601168523137346,-0.04152204514057137,0
0.15825195109599666,-1.0099301456003682,-0.2016711768025216,-15.727247183200518,-0.40905375196570376,-1.1708940049344123,0.07468413134078115,-0.966782686393156,-0.032730591185831374,0
0.15753307744577083,-1.0138904370713853,-0.19850802882200824,-16.712361179263667,-0.7024554160424084,-1.0765066869389648,0.06994427781669126,-0.9673787879807634,-0.027089179799569672,0
0.15398407666148908,-1.0111051559200839,-0.19462951474888704,-17.44794867301932,-1.063245521327962,-1.0299610031605475,0.06415628097639328,-0.9614909805258253,-0.02526562714382141,0
0.14816912885223982,-1.001083448193629,-0.19037756946240667,-17.971052507080902,-1.5623479345112676,-1.0001047726937766,0.0586092854716271,-0.9503955910811086,-0.027069763874492562,0
0.14192513236746726,-0.9858945270258067,-0.18828356005431435,-18.397304932984103,-2.229264025063274,-0.9920103701289518,0.05492206260081719,-0.9374823608307556,-0.03162478739975097,0
0.1359883865880128,-0.9692300631136174,-0.1911918191105487,-18.893882018805076,-3.035242030202079,-1.0636941299447973,0.053453103891297225,-0.9260576550812272,-0.037787552976541565,0
0.1307692756127305,-0.9549767246355173,-0.20063572038574143,-19.554941717072666,-3.939105657307344,-1.2980453648706467,0.053009600815749236,-0.9170698527009319,-0.04535324189866402,0
0.12804195867085852,-0.945753439292631,-0.21589948537600231,-20.29924818072094,-4.8951712850150795,-1.7472200100503013,0.05222070449303179,-0.9094047139938175,-0.05575240553090699,0
0.12932363399200447,-0.9417187035479081,-0.2337005800992064,-20.932458537941944,-5.810636891242908,-2.396170176048864,0.050776074715406266,-0.9022400925173678,-0.07005958527555667,0
0.13259356719270668,-0.9409588071754492,-0.24912166509294792,-21.3236364296527,-6.5587542313680345,-3.1725869926985046,0.04925712419800827,-0.8965392962956891,-0.08598379722965714,0
0.13342561585818133,-0.9416387169043854,-0.2583336073000234,-21.49351967821051,-7.064960433154567,-3.9870174097068607,0.04827239422067262,-0.8940507054349376,-0.09859424323761647,0
0.1306358213904323,-0.9435004478099918,-0.26122108168656194,-21.544678340740912,-7.314809978753754,-4.759927419270064,0.04812144146241216,-0.8952870905850304,-0.10503345241651814,0
0.12837536834023142,-0.9470373795754816,-0.2605673771805327,-21.578941673414178,-7.219400847041591,-5.4166141300704185,0.048981293106052676,-0.8990824728798362,-0.10682677133574807,0
0.13081986978645924,-0.9522545624200519,-0.25820029640898556,-21.694659227974572,-6.559996156804839,-5.8730489084095705,0.050927784078776496,-0.9041546091805343,-0.10593792149396213,0
0.13725413043622453,-0.9590780065685541,-0.25315595084426784,-21.957813155639986,-5.233521860645843,-6.036458572883405,0.05400905274409369,-0.9104036117684471,-0.10046349511910085,0
0.14471540510639033,-0.9678780122100898,-0.24407664707669366,-22.290519755571918,-3.5849405614858294,-5.825533484150788,0.05882554877471209,-0.9182251324360634,-0.08725407784162245,0
0.1528864470558703,-0.9783793036780464,-0.23130747995064532,-22.437162698421375,-2.3421107890392245,-5.208995386969027,0.06655228990936829,-0.9272495852873983,-0.06796981245812815,0
0.16343524730567954,-0.989301889962174,-0.21583213615400185,-22.11801421203853,-2.0811275204096162,-4.238569057010754,0.07747669603265116,-0.9370077426523699,-0.049400907891766245,0
0.17622492467560144,-1.0011329853403306,-0.19914134469528239,-21.202865397300037,-2.760810387298892,-3.0352777756553877,0.08978556233494801,-0.9491801218398838,-0.037533670152886334,0
0.18832009498212468,-1.0186660730288093,-0.1854531217074793,-19.701436609488557,-3.8183980811044576,-1.7358669600428633,0.10044059238072214,-0.9681533486261744,-0.03304071880643155,0
0.1956672720600911,-1.0482115178342735,-0.18046859602961263,-17.627869622276748,-4.676867279033671,-0.45743238853293394,0.10679811149664126,-0.998024994173032,-0.03251705036547118,0
0.19509584815435144,-1.091296739578341,-0.18564426509976129,-14.937539908558357,-5.123585742592397,0.6996716823630983,0.10708399628256676,-1.0385841908966924,-0.03297739600380906,0
0.18614476336559058,-1.1420669912231578,-0.1960271035218407,-11.59309856248723,-5.281369595179972,1.651480922740685,0.10049158294445781,-1.0843094973669247,-0.03474252336902238,0
0.17177955914778445,-1.1907701974648286,-0.2053258566111724,-7.647186023040383,-5.356289571074984,2.3502975693714507,0.0880477747916423,-1.1270170266724446,-0.039754752328034125,0
0.15696832594918084,-1.2282713171396673,-0.21143172830887316,-3.2311608682935242,-5.459644863022267,2.7871728235810753,0.07317396862258692,-1.1592249224755666,-0.04755455013014547,0
0.14603419157704056,-1.2475814640456415,-0.2159979287193225,1.5418363848378478,-5.584348002774013,2.9611422754714045,0.060406206636699475,-1.175800765945282,-0.05453068293960077,0
0.14038676864445643,-1.2440232353441667,-0.22034474299363332,6.639396224199456,-5.650936909889976,2.8656893629126095,0.052738080916768924,-1.1739198605818422,-0.057815599687192326,0
0.137892800276421,-1.2158412641288006,-0.2237867822999873,12.009913181213081,-5.568247327141423,2.532906723623141,0.04986545671334959,-1.152233372908928,-0.05868981236091154,0
0.13506818375881985,-1.1641243244158348,-0.22591279284812005,17.34973955326758,-5.306734978326333,2.083763229251618,0.04930601855566184,-1.1100100810819762,-0.061183385277401955,0
0.13117589265990204,-1.092090419031209,-0.22867449168451304,21.977100042273197,-4.9533501795266375,1.692344215769079,0.049490047049722596,-1.0474769729940936,-0.06794118780597534,0
0.1297513129736443,-1.0057975258517702,-0.23493660344694225,25.030153467315287,-4.687353029625668,1.4626146194828926,0.05108648216997293,-0.968268097163354,-0.07812577470722926,0
0.13441386648578107,-0.915766777212355,-0.24536907825968204,25.89115809831411,-4.667510101161864,1.3378803185814332,0.05471977383418364,-0.8821328340432101,-0.08883181780399625,0
0.14329504025784578,-0.8358833046516967,-0.2573273608148509,24.4931644793089,-4.91487156680753,1.1528671585551242,0.05857263631615192,-0.8036228781964729,-0.097693190169825,0
0.14982804182826998,-0.7781080034624118,-0.26654695559532127,21.290295899807944,-5.297337731264909,0.7885085432669316,0.05996576267841487,-0.7455991582928939,-0.10394552805108516,0
0.14990655050682458,-0.7470220465159807,-0.2698937917563004,16.975715226971875,-5.626785244480141,0.27882678667373134,0.058948376789227167,-0.7130714414408821,-0.1072756337110464,0
0.14640249692693777,-0.739428170496812,-0.2668444796929102,12.172547657483587,-5.772597878652904,-0.2225238288866768,0.05854047869686391,-0.7033055280740037,-0.10629678710141884,0
0.14548173773800768,-0.7486947673352456,-0.25869265726051444,7.268190107135149,-5.698443925305687,-0.5688461234018802,0.06112045624409416,-0.7108053359757394,-0.09919520346254067,0
0.15012375711642462,-0.7691771160529121,-0.2471820959974153,2.4413208274404017,-5.423250971667565,-0.7246056009816356,0.0658940498289304,-0.7314447094677171,-0.08637061973542982,0
0.15822490047166723,-0.7982094196693788,-0.23457995372631232,-2.2000092349941527,-4.979213419196069,-0.768467253462802,0.07038384358700736,-0.7631311478012986,-0.07167247714993978,0
0.16523519629910324,-0.8358528531649476,-0.22397186149600282,-6.515802538906549,-4.4152136209351065,-0.806877910028645,0.07337101031677054,-0.8040227248138477,-0.060056381430747575,0
0.16776097631712825,-0.8821586143335711,-0.21762194007450283,-10.337188807576162,-3.8168226508013916,-0.8855192912924214,0.07561381842283385,-0.8502594445253652,-0.05380221740182408,0
0.16624202056792528,-0.9331231543787964,-0.2149060116289476,-13.528316689392193,-3.295701722837418,-0.9770674148908791,0.07821119865215843,-0.8956317785285326,-0.05108364101367787,0
0.16465326668491195,-0.979836624075075,-0.21296525660730814,-16.042145703568043,-2.954602645486212,-1.0368450251276211,0.08118348320159485,-0.9342246278072239,-0.04822029837786763,0
0.1663124711920272,-1.0134746310553697,-0.20944412220770942,-17.940846273741606,-2.8555334819317073,-1.056386628088365,0.08366832065524935,-0.9633662901040283,-0.0433771491418005,0
0.17015557553501282,-1.0317977830065126,-0.2041863507383889,-19.359313378850842,-2.988643369816407,-1.069427521927015,0.08480160043467778,-0.9835957400703574,-0.0380530278416408,0
0.17239662584321047,-1.0400550449764996,-0.19930070621805354,-20.416961003582184,-3.2510535748965297,-1.1204683780233822,0.08433019619108047,-0.9964224181046568,-0.03512786554829229,0
0.17118807680661272,-1.0452179123629413,-0.19822053718451169,-21.14264518942177,-3.4878165713031115,-1.2296074412715658,0.08281844543620083,-1.0030967046963453,-0.036036082034853284,0
0.16796444498296345,-1.0500384436308483,-0.20301308033429533,-21.4766390197441,-3.5998192646324862,-1.3807593993736464,0.0810815143422191,-1.0051207242059284,-0.04002583961230215,0
0.1643934212531083,-1.0529083936523544,-0.21163490299296714,-21.34224706189901,-3.6123880745586656,-1.539991480703217,0.0791636833758689,-1.004402386473196,-0.04555659048911992,0
0.15983043057111024,-1.0518086215533173,-0.21937050306701747,-20.733420399292545,-3.616589465543634,-1.6832246576256675,0.0763661236264675,-1.0020638488037419,-0.051877049419183224,0
0.15312740088873641,-1.0465400885354736,-0.22374755397783277,-19.767731724272284,-3.6621677033246134,-1.8039920943936516,0.07243968121695912,-0.9975478694781033,-0.059186454839542296,0
0.14646630333544655,-1.0378323597577714,-0.22682089905783465,-18.671495603697696,-3.740854859347826,-1.9005920254666082,0.06818331479631883,-0.989446522417045,-0.06733885924428609,0
0.14506132153571016,-1.0263761386617771,-0.23181985738463048,-17.700752298758424,-3.8358447653084284,-1.971047253944965,0.06487534635685958,-0.9771928442829683,-0.07459994363365591,0
0.15126933863530953,-1.0129587430023523,-0.2379834177711882,-17.047111002593184,-3.9001134095145686,-2.02551086272131,0.06358983502907406,-0.9620006957411962,-0.07793552459705053,0
0.16045121217147326,-0.9985672978068934,-0.23979401353376303,-16.785776871405396,-3.7800380157358373,-2.0850133407261757,0.06479032674956896,-0.9465174972578779,-0.0746706541144858,0
0.1655799568239468,-0.9845912899342946,-0.232294666534441,-16.892301733218453,-3.2643805056240924,-2.146436849592746,0.06817612249663073,-0.9336441327002689,-0.06426782649040576,0
0.16589638217878763,-0.9734315920792287,-0.2166065916918765,-17.304968706757112,-2.2890013408999743,-2.1536134907787554,0.07332053878150084,-0.9252423997592695,-0.049032879973471895,0
0.168052310697229,-0.9681394737596958,-0.19897536024400855,-17.963799506482424,-1.0626433626331084,-2.030423658262341,0.08049856907852776,-0.9214864502708189,-0.03307699400022324,0
0.17747687130933176,-0.9707742902506407,-0.18515195939435122,-18.779966232694534,0.06859815135821565,-1.7611942796042432,0.08990680547036349,-0.9216540704972769,-0.020254074504531136,0
0.19088517060875984,-0.9815662542600893,-0.17730882273861917,-19.586165594900713,0.8764019501585882,-1.432024345875552,0.09975740012897177,-0.9263018307727354,-0.012960824924466999,0
0.19933756307814843,-0.9997687398676902,-0.17550938634276408,-20.15625062491199,1.350299002134457,-1.177690631621446,0.10622667759113538,-0.9385754293504192,-0.012242448649219742,0
0.19749772707724242,-1.0244234908456482,-0.1794726792738478,-20.288859915399286,1.5896819534204338,-1.084315620773838,0.10618734682552307,-0.9618982253109905,-0.017580755022933266,0
0.18780841546680235,-1.053856723145662,-0.1879450926967704,-19.85609901377911,1.6667607001914624,-1.1439667900298216,0.09985619565579552,-0.9953118889772855,-0.026219487479920138,0
0.17624062454166908,-1.0849241550277473,-0.1977967075399436,-18.771887166521722,1.5973916511907256,-1.289996343179363,0.0904550600019628,-1.0319390938516022,-0.034281184504011485,0
0.16670229533946365,-1.1135614928639264,-0.20529232236107595,-16.970766722503104,1.391961343551991,-1.458678537523739,0.08155034285743036,-1.0633777810568688,-0.039653859759323354,0
0.16034629117847565,-1.1367929336658984,-0.20854635849323908,-14.488756005428117,1.10922974532365,-1.6212493674879656,0.07510134292557039,-1.08548898113069,-0.04313221488858639,0
0.1574421189687924,-1.153813148137504,-0.20861430541507106,-11.560525536004922,0.8719784215241944,-1.7819958548625958,0.07153021015953344,-1.0990423495021628,-0.04641091986842402,0
0.1572523532479442,-1.1639590094783965,-0.20856633978967207,-8.55942410274777,0.8238176468924087,-1.9611766104830666,0.070345654676483,-1.105344339053818,-0.04989960539647365,0
0.15735588541064935,-1.164259751494021,-0.21155589904961952,-5.787389999174633,1.0445159834450344,-2.1704885016701803,0.0702993495368561,-1.1031448194263234,-0.05297839371883454,0
0.1556439466131584,-1.1510636299399046,-0.21864638954981527,-3.3309385163063063,1.4979751069266907,-2.3952671953373965,0.07000071361784989,-1.090391247334991,-0.05571217814828529,0
0.15270228085615387,-1.1243950207090398,-0.22766404011609323,-1.1346959814897082,2.0667919564009543,-2.611460871557423,0.06914655926848294,-1.0675359035663723,-0.0594880256167658,0
0.15083797152547077,-1.089346049403701,-0.23504585831570707,0.805830526401639,2.632920881103675,-2.826706049930623,0.06868105656526682,-1.0379526342103778,-0.06565112036218931,0
0.1513641168513812,-1.0528610550225026,-0.23955670517392635,2.348440872456975,3.122214587284912,-3.081564285718249,0.06941337681106044,-1.0057342087320473,-0.07369757840683869,0
0.15376551766383817,-1.019943856002046,-0.24308453206787076,3.2939498020459195,3.490740690428014,-3.38713336706919,0.0710131098727903,-0.9740479108466307,-0.08125745498167326,0
0.1566033222440897,-0.9926726129103121,-0.2470363826761917,3.5472842612129267,3.699973353588164,-3.6746712904832353,0.07251857403074237,-0.9453086130826,-0.08614592539918456,0
0.15828050813200276,-0.9711627492608929,-0.24973958021171383,3.1742701113381218,3.7208887945592424,-3.832782128710273,0.0730945704810153,-0.9218208538198964,-0.08835413173064312,0
0.15764027273075143,-0.9547179715633309,-0.2492777823952844,2.3100658706247836,3.553952928149773,-3.7929816023335072,0.07200707155951488,-0.905583539543677,-0.08977849991986939,0
0.15487443168695472,-0.943213935440331,-0.24742475748982318,1.0518926564745734,3.2334588473449912,-3.5645128161392816,0.06878383381684282,-0.8974433249814505,-0.09189959527993816,0
0.15204206979326132,-0.9380909036367808,-0.24767846751809333,-0.5190933513738896,2.814424353237764,-3.198337169187133,0.06441408880758422,-0.8965619912327085,-0.09396278145764587,0
0.15200784373734824,-0.9410590862921988,-0.24967546924077821,-2.221514855057587,2.361072404449488,-2.7506300237926062,0.06197888309607299,-0.9007874195395417,-0.09376491936828907,0
0.15567142822561908,-0.9513569047633832,-0.24900852849472058,-3.743685412815852,1.9370031066047602,-2.285006922468048,0.06449213899329363,-0.907738739347955,-0.09016069697672711,0
0.1603738804568604,-0.9651151567247731,-0.24344119605226425,-4.7922229384800215,1.5807952095322595,-1.8673099746580841,0.071485864654878,-0.9159381839040225,-0.08439501875923293,0
0.16289101349670834,-0.9778836452934346,-0.23640229921001665,-5.290228073148245,1.2779761821773472,-1.5218117604703656,0.07891802029359517,-0.9252284905502568,-0.07885849601720167,0
0.16404729130240173,-0.987666487559314,-0.2327648381047486,-5.414694053343561,0.9685811668857793,-1.2090653093606591,0.08312914546492532,-0.9360899388370472,-0.07490944422035588,0
0.16778698589050647,-0.995611344496414,-0.23274960455420243,-5.425750253503091,0.5947897592140614,-0.8798166669564019,0.08389262508862119,-0.9482988831485605,-0.07219336258074731,0
0.17518244489408238,-1.0035721248347382,-0.23189540137753623,-5.461492223937528,0.1394034581475025,-0.5467958194021113,0.08341297473762621,-0.959964428342772,-0.0697959238197543,0
0.18230925972637707,-1.0107578231075194,-0.22735640299659693,-5.494891932148563,-0.3747723237390723,-0.28289745779930187,0.08385463111589025,-0.9679123800461995,-0.06758906367202355,0
0.18541091111478009,-1.0136866900467678,-0.2224246682714296,-5.452527186289067,-0.8977192220906295,-0.15466370363658602,0.08619897479814462,-0.9695571075484132,-0.06638251169103733,0
0.1855942902289909,-1.0102973503001809,-0.22260409651138108,-5.325620008780842,-1.3556338420240972,-0.1744396972102591,0.08999849962222341,-0.9648795390857068,-0.06701929237730297,0
0.18632321471653496,-1.0031003849983444,-0.22831202987971216,-5.159515354687535,-1.6646876709698077,-0.3094915644538873,0.09358820741443198,-0.9565689439845353,-0.06957894342646287,0
0.18822020934655162,-0.9970909194913481,-0.23467811186202814,-4.982402377676626,-1.7660384322428722,-0.514855408374769,0.09545464517098932,-0.9481951316224566,-0.07347717799948343,0
0.18913829502362206,-0.9949527494055701,-0.23825740117549268,-4.790539618732166,-1.656316285257865,-0.7530702010834734,0.09582411165911094,-0.9422338256866344,-0.0780103545602979,0
0.18828458957556443,-0.9948209356520045,-0.24054903683621362,-4.603064433146272,-1.389185784754484,-0.9970126724039587,0.09612068392995632,-0.9392641520552206,-0.08255501665614726,0
0.1869967737843786,-0.9925806768709385,-0.2441960885932869,-4.500867853780604,-1.0512676718044165,-1.223561151978322,0.09648001195709723,-0.9381875278341205,-0.0865319558840905,0
0.18535497960947897,-0.9865008230490482,-0.2485049574120206,-4.591925120676404,-0.7289668710761619,-1.4053636364500162,0.09485862228732828,-0.9371497758183379,-0.08952061502000667,0
0.18125448016695325,-0.9794725580461936,-0.25053558225471084,-4.941188964128913,-0.48131402761893594,-1.5149068887232224,0.08965387150603238,-0.9349342225671587,-0.09122223616960785,0
0.17430284603992405,-0.9757625123347367,-0.2494957910794744,-5.539888146458429,-0.32953188962628377,-1.5489734121199872,0.08252816158112118,-0.931738540777844,-0.09120972644879209,0
0.16821229555079464,-0.9758693364226184,-0.248139520581309,-6.330875617029095,-0.26450319127119865,-1.5534294915398115,0.07720898708111566,-0.9284596039213937,-0.08929996352927878,0
0.1667065996084216,-0.9766757743372867,-0.24930731207490694,-7.242195857064883,-0.2608677811963538,-1.6074183059190108,0.07543305790749709,-0.9258600797326665,-0.08650583967729335,0
0.16805039263402383,-0.9769779158778374,-0.25218411814953384,-8.198092672153102,-0.28689301685214885,-1.7525568201429294,0.075222163850506,-0.9251833642610652,-0.08480195693123893,0
0.16663398386469383,-0.9795026990762111,-0.25336000860986635,-9.123796708956181,-0.31521797706164884,-1.9336766229781033,0.07362940794409763,-0.9281684652620039,-0.08514348249400339,0
0.1604303171660431,-0.9852919267385951,-0.25149737286077,-9.94846850688211,-0.33906673295354295,-2.0558470979768178,0.07034165507947447,-0.9341600127787004,-0.08644655415980966,0
0.1541729538509644,-0.9896395183612862,-0.24945321335535783,-10.597448154024873,-0.3726941517939842,-2.132419147616111,0.06765226636356521,-0.9383517365800271,-0.08772314552461782,0
0.15345734044964476,-0.9879706018136751,-0.25103375771175335,-11.017585357857383,-0.4227152162419362,-2.322965299364469,0.06715656442442014,-0.9366521925230225,-0.09051484706172791,0
0.15741883901971215,-0.983702820385867,-0.25654674190624016,-11.271157142038762,-0.4706550592732623,-2.7539848361200576,0.06762376018501458,-0.9324339133101853,-0.09713524052509731,0
0.15938747991627353,-0.9850767188141692,-0.26254407132111246,-11.58522017847731,-0.5066673804197536,-3.337861428880985,0.06658845568427735,-0.9342526895860624,-0.10624593506053052,0
0.15423271168849323,-0.9945581353847711,-0.2655472709393323,-12.195078737542246,-0.5712448438709836,-3.860183389016704,0.06322200315929641,-0.9453938679229152,-0.11232350047546279,0
0.14344804868089592,-1.0063976019575631,-0.26491155182356696,-13.072603155167009,-0.7312559717603282,-4.225532065822871,0.058868283949309236,-0.9594628713029238,-0.11083678159602736,0
0.13308589298858073,-1.0152185730064083,-0.2620909935726975,-13.87126523430036,-1.0089741671404855,-4.504323067058279,0.05522204839568801,-0.9684656351367882,-0.10290575490323517,0
0.12801543782578984,-1.0217338017638549,-0.25841794425090797,-14.212829382396361,-1.3571211258353724,-4.736230340426645,0.05289924761328459,-0.971770157918228,-0.09394002966284173,0
0.12856214408656927,-1.0280774315513972,-0.25437604576934014,-13.995161553818573,-1.7062268144428037,-4.826477974261577,0.051644743094619944,-0.974267049818912,-0.08864285687499998,0
0.13154108546626342,-1.0325288629449207,-0.25076159895103883,-13.368237626369206,-2.012234079136553,-4.690512013771717,0.05087535445380185,-0.9787142990012664,-0.0882139755041672,0
0.1334624473657215,-1.032364262600586,-0.24976300927619985,-12.47666507284284,-2.25644580088004,-4.382633514941992,0.04975422000076962,-0.9836326229432178,-0.09132977882970758,0
0.1330199374076083,-1.0290335619711424,-0.2534663176642867,-11.336742326635026,-2.434880282513266,-3.997384386906598,0.04772740507058054,-0.9871210593555901,-0.09611830808858174,0
0.13098109587844767,-1.0276247640264748,-0.2605392840947624,-9.946775279075757,-2.570682121986778,-3.53380119368917,0.04552740460306412,-0.9890125059846901,-0.1012168593604372,0
0.12802234070489613,-1.0320136538062563,-0.26624567693360357,-8.396180285598254,-2.7132234393471615,-2.961290233579878,0.04496498590916978,-0.9892825164052127,-0.1063185332963233,0
0.12436562287832943,-1.0406803706946455,-0.2677767059188761,-6.819585906713167,-2.889698955964534,-2.3643320029308734,0.047240732694074555,-0.986984150253219,-0.11199932144211103,0
0.12250763282841126,-1.0465877718304744,-0.26812693858007874,-5.298717225512366,-3.0646691390451757,-1.908009226984197,0.05170292460300198,-0.9818804856357054,-0.1183984886098138,0
0.12724384393060975,-1.0432760998152368,-0.2724316176902461,-3.843424882230527,-3.1819529372930644,-1.6610374528881966,0.056461432747390586,-0.9762212707702788,-0.1245613394153081,0
0.13996063990335375,-1.0324987318695733,-0.28171860556251677,-2.4529679277441963,-3.2424026498850753,-1.5265419892022591,0.06025300086375777,-0.9735226516671796,-0.1295852357525871,0
0.15505350479921046,-1.0228991588909055,-0.2922227010084441,-1.1833047041268647,-3.3018576942411846,-1.366944904403823,0.06356016969912362,-0.9749428947556584,-0.13345407207700252,0
0.16499403748533295,-1.0198827189188056,-0.29941375824516525,-0.14441431894854995,-3.3923875308724223,-1.161813097006043,0.0677118629789905,-0.977678122740006,-0.1363950112855943,0
0.1677111898135637,-1.0205885965702588,-0.3010740244233273,0.5835548081370152,-3.4883271217384664,-1.0187162979347166,0.07321960463218385,-0.9779757162553607,-0.13851986535168978,0
0.16731335688728582,-1.0201747212625394,-0.29804317457547325,1.0290102529281078,-3.564707398030987,-1.0408768827361108,0.07933086084072054,-0.9751702305906748,-0.1401923285408028,0
0.1690935839116418,-1.018646515677384,-0.29370926692090205,1.3139961666546855,-3.656091118730498,-1.2128817963035572,0.08488893978198944,-0.9717653104042161,-0.1416278072024022,0
0.1753585729434008,-1.019003834406804,-0.29222153317261,1.5653760028168018,-3.8299998376340256,-1.4257631103195147,0.08918993222874481,-0.9702037608579065,-0.14231590125618115,0
0.18483265224913234,-1.0219794377931468,-0.2959232613748008,1.844140923468841,-4.110869284236715,-1.5917710853745588,0.09191351808203531,-0.9708175457927298,-0.14197590131518853,0
0.19387364325876152,-1.02552087543596,-0.3034395264688021,2.144167557697012,-4.4464644429693765,-1.708533506183874,0.09265147496180978,-0.9726184173689163,-0.14157400234244666,0
0.19801573024662478,-1.027514325752779,-0.3100355539926919,2.4372445635910314,-4.746001126791188,-1.8169523678152333,0.09121165872647233,-0.9745998110146636,-0.14197770986555844,0
0.19438342426124328,-1.0266305845690589,-0.3110035030144719,2.718799232823967,-4.944402769050121,-1.9338860900839088,0.08824558264054247,-0.9757877227452656,-0.14207153475491846,0
0.18407524145744872,-1.0219914488141355,-0.30533187323803807,3.0241115739491593,-5.038368856505508,-2.0482481541079602,0.08472050983122292,-0.9751006975380212,-0.1398201855536912,0
0.1714744831729333,-1.0141732771997625,-0.2958637805666614,3.3998180256587696,-5.07234641967768,-2.1551708325202323,0.08092812088981216,-0.972045391656793,-0.13516997691435942,0
0.1608963220004732,-1.0057923313011539,-0.2869043092851447,3.8455024470860764,-5.087617389865153,-2.2563168147279393,0.07692241539634431,-0.9671906196333061,-0.13057863031207617,0
0.1545213218117284,-0.9995836403485971,-0.28218561888114296,4.279141327627945,-5.0753069691866095,-2.336094009785775,0.07342884110698845,-0.9615332246709158,-0.1284554851201228,0
0.15221543035712287,-0.9958937409128767,-0.2830535653027583,4.568985398429535,-4.978998639959301,-2.368703140290988,0.07084163791393679,-0.9557529700877352,-0.12905519616367073,0
0.151705615511999,-0.9927752196058992,-0.28761517335475867,4.610971120169894,-4.754753092773457,-2.344302593947287,0.06768456327144637,-0.9503250453540069,-0.13116469160481614,0
0.15052623275954652,-0.9890779048440096,-0.29333836160349724,4.389388599160145,-4.4321236129573585,-2.2673589375762533,0.06204548184983462,-0.9460026519155578,-0.1338860615445552,0
0.14888066873584874,-0.9870806729666813,-0.2999707599199938,3.9802683096939724,-4.106771796881345,-2.140675423216796,0.054754727500168444,-0.9439772724704718,-0.13702388400183135,0
0.1482531013273603,-0.990631062445912,-0.30714911121775135,3.505000039414195,-3.876684735459456,-1.9719166039752016,0.04920449822742735,-0.9455648171231038,-0.14026311216856588,0
0.14722310440432024,-1.0002598581138749,-0.31076550130367336,3.0655397595099783,-3.8024944525132445,-1.7795678872037277,0.0473486815879143,-0.951326780408639,-0.1428238183703402,0
0.14259026846028464,-1.0118635056944634,-0.30666192804694314,2.695386924941696,-3.9186140333471555,-1.5670606339168167,0.047463718908599434,-0.9601657728770592,-0.14403716540953215,0
0.13487492615572025,-1.0210473364354928,-0.2976583370194566,2.3623707351100705,-4.237538558569536,-1.3048490332770704,0.04676376717244843,-0.9696733704990712,-0.14402294332613583,0
0.12861510040722382,-1.0268795402768423,-0.29195178586262804,2.0279133778345466,-4.712340034480832,-0.9633865216029623,0.0449868974840766,-0.9776794929035947,-0.14373009736327078,0
0.12676630974183112,-1.0305265183599197,-0.2937187319314672,1.7014032246271262,-5.207686504678818,-0.5565219726958404,0.04413309515768156,-0.983261240316352,-0.14414389634552346,0
0.12797692093497226,-1.03267226634026,-0.29900025906864125,1.4297388482232198,-5.546187020591489,-0.1373174146749499,0.04532202353168335,-0.9865567787493346,-0.14527009490374448,0
0.12947824335494773,-1.0338239619694283,-0.30172090556301895,1.2548630256395996,-5.6176274250015465,0.2383354001869048,0.04741832795158403,-0.9883848227671905,-0.14616584684904643,0
0.13012585744450317,-1.0350392932251917,-0.30098383494126724,1.2089322559725033,-5.457345538663024,0.5326258110095838,0.04880468056857501,-0.9897978555372966,-0.14629611944516285,0
0.13036558425694625,-1.0364469138293486,-0.30115262045884456,1.3406338872060126,-5.2161293993045375,0.7274368194906953,0.04920721444908056,-0.9910264585371469,-0.14647686699523693,0
0.131112743196256,-1.0364043149195115,-0.3057493819894939,1.7156252831191328,-5.046217442407069,0.8302737037048824,0.04944625205377316,-0.991013510100125,-0.14790595211923757,0
0.13348603372488788,-1.0339582678713195,-0.31241081566335543,2.3765975193129596,-5.003977028836842,0.8795428477701295,0.050545626008757734,-0.9888617951103242,-0.1505752462244906,0
0.13873811449083925,-1.0310994207838533,-0.3152159519057021,3.297800244030939,-5.043643522774722,0.9227656886878324,0.05363344159787645,-0.9854238756246441,-0.15332223265189457,0
0.14752852947980943,-1.0302782267138553,-0.31251417935454234,4.378175852585779,-5.08775130124639,0.9772302355808549,0.05971088483735602,-0.9824733058471053,-0.15534617799234463,0
0.15915558565473903,-1.0301861660994067,-0.309939726809968,5.496070185324809,-5.096882973092313,1.0200756732591847,0.06853040330538669,-0.980487101049216,-0.15709416011863153,1
0.1713467366415135,-1.026850246303418,-0.3131785663988774,6.585375208499315,-5.075860080439109,1.020186325958361,0.07797600431934185,-0.9781942129624703,-0.15933658828622746,1
0.18062636884716576,-1.0194748994281537,-0.3196459836311575,7.645384252214278,-5.030956249498027,0.9700849917843668,0.08527730391134192,-0.9743576777116557,-0.161435489847519,1
0.18381697989264706,-1.0125679469909743,-0.32046115157230887,8.668075578813244,-4.947162773642213,0.8888442735095049,0.08892376600779779,-0.9692299129745664,-0.16112556015592788,1
0.18053607140077468,-1.010514346813898,-0.3102850199206311,9.587473899986925,-4.810827543851249,0.8072818461583069,0.0892942049667051,-0.9640767421157241,-0.15670370424528107,1
0.1743065783743645,-1.0113624242414556,-0.2937132821498294,10.336077303027329,-4.624026777806984,0.7489820285424593,0.08794268719546919,-0.9598494570707217,-0.14921642658613693,1
0.1703234286729258,-1.008343839077236,-0.2820310317560099,10.94181458912657,-4.3736886051980015,0.7136387327248583,0.08663886793593467,-0.9564927098997155,-0.14173371477569088,1
0.1713535623835747,-0.9981725425769281,-0.28283368663415065,11.53072669781907,-4.009049462396649,0.6781626826635544,0.08630740754268044,-0.9531346261301886,-0.13640435525766315,1
0.17526768401903833,-0.9859862540002355,-0.29152673489183406,12.211380037370185,-3.4864597532778614,0.6238000472192852,0.08607589702658416,-0.9488323608724295,-0.1325964015721712,1
0.17669290812183913,-0.9798698224944882,-0.2950538605908459,12.963275552590085,-2.837436071988068,0.5679203803909877,0.08398715903035121,-0.9433482671654071,-0.12790613058995107,1
0.1720626078280431,-0.9812927484620939,-0.28612837185641515,13.654643080016418,-2.169905292026602,0.5628435152722374,0.07956913150074485,-0.9373615274244939,-0.12080950177665302,1
0.1633905518983781,-0.9840200351376158,-0.27077600909956506,14.169549978089401,-1.5988082210933152,0.6487839488248902,0.0750806104122087,-0.9321472486307627,-0.11224214734587593,1
0.15626644383342067,-0.9823712334961874,-0.2595002358006223,14.502475186530011,-1.1873877029025133,0.8052084714473937,0.07304498187452364,-0.9288743428304079,-0.10452118014292654,1
0.15393985380209171,-0.9768150408841977,-0.25556010513013944,14.72938971614032,-0.9484823337726117,0.968397531199406,0.07290765874608825,-0.9273457543432864,-0.09902946415764828,1
0.15434798428951546,-0.9707408546164419,-0.2553325399568753,14.914406331464026,-0.8710206661852197,1.1113319863028126,0.07142990337702712,-0.925368117243597,-0.09545684837945886,1
0.15329637161046333,-0.9654962991101731,-0.2554117010178762,15.06207341325416,-0.9239523328740913,1.2886229620725316,0.06653602375081889,-0.920658385688206,-0.09306051319801648,1
0.14936537811610381,-0.9604186856905862,-0.254676948923759,15.139803401404226,-1.0455940025220685,1.5790051394777516,0.059711886234936125,-0.9137883413799188,-0.09168821567899463,1
0.14456578616335253,-0.9556163411759517,-0.25210606353232734,15.117953078776532,-1.1522261454430036,1.9927383007888195,0.05398642343724953,-0.908163222669127,-0.09103693792825726,1
0.14082711454485414,-0.9528069009620447,-0.24693362072958353,14.98775336329113,-1.17295365770238,2.4635474363223877,0.05021617844526574,-0.9067916747957054,-0.08964907518819291,1
0.1377594208736095,-0.95354528079545,-0.24090290934864667,14.763890787872308,-1.0925471028781035,2.9318293108926348,0.04679211054238713,-0.9097744924012405,-0.08602224924522828,1
0.13484861863222514,-0.9575800799119237,-0.23783944150316738,14.500193031502324,-0.9670613466169904,3.399449532474941,0.04355104978485777,-0.9148023388908538,-0.08099657843140677,1
0.13422403377866182,-0.963681313985189,-0.23965487168328775,14.315348566779416,-0.8730932446747228,3.873433413421963,0.043970615955433535,-0.9195027100130394,-0.07768277952976028,1
0.13858569258224743,-0.9715130003536794,-0.24342143039704592,14.361663692799123,-0.8163505299666951,4.274937798464605,0.050807872260258256,-0.9235026480341241,-0.07793688547391821,1
0.14658383669701247,-0.9812082085837909,-0.24369987468302268,14.70393939252067,-0.7085686093485737,4.454874008162571,0.060633159799858484,-0.9283446050044305,-0.0795835674626374,1
0.15304878089037963,-0.9912571130206829,-0.23772580189838563,15.237079462995553,-0.4656928049466048,4.321609432265125,0.06648718579769697,-0.935047111885813,-0.07820668957852937,1
0.1545391644453436,-0.9987399608903972,-0.22743524558899966,15.797440801695979,-0.11694053380623633,3.9267687434205083,0.06614638250205875,-0.942182962921281,-0.07156269016915978,1
0.15291522271968128,-1.0021564578225233,-0.21707783681569293,16.376264248027887,0.2138824488495284,3.4059407771254375,0.06425182241873194,-0.9472502621121559,-0.06168677440247412,1
0.15290148013908123,-1.0027055331840211,-0.2100079707463415,17.167591614221273,0.43073923450996876,2.861393172556279,0.06573323595490588,-0.9496633065731537,-0.052891546685392,1
0.15695856583500684,-1.0025727653383476,-0.20677951332933678,18.375061998009425,0.5476069167603207,2.327211278686821,0.0702385793532653,-0.9513345689495645,-0.04815013933774442,1
0.16271189352049445,-1.003001647418132,-0.20521936198847043,19.998914606685872,0.6550872561102385,1.8217054758025242,0.07387282797378306,-0.95403763188165,-0.04720642473491191,1
0.1651416831492073,-1.003864217562354,-0.2033957732408172,21.83225081399817,0.8286468606796548,1.3877171150212324,0.07401312870131505,-0.9568909665491985,-0.04766281598129074,1
0.1612332325614283,-1.0040225260939468,-0.2025496470517882,23.642916017341708,1.0775906618495636,1.0740214379378235,0.07118088618773345,-0.957132843226731,-0.04753657755493298,1
0.15262764990391758,-1.002067514236815,-0.20491350926739102,25.32436439720705,1.3708624936641123,0.9013893463430697,0.06729082210016303,-0.9532738352223042,-0.04648389368809879,1
0.1441317150889709,-0.9973419907823364,-0.20865388627461498,26.87226087353182,1.6927964192121765,0.8565881525363355,0.0631758437486174,-0.9467754301176031,-0.044729791726096056,1
0.13965971122142845,-0.9904249869608738,-0.20797253157619328,28.2771134204979,2.0680908110120564,0.9077854502955066,0.058077824692836275,-0.9402627079617717,-0.04167500623729217,1
0.13914143282997046,-0.9827069173151278,-0.1996846949559632,29.50961975637832,2.5444983246185604,1.0235468820538072,0.0515286228410288,-0.9345771858369754,-0.0362076470161268,1
0.13941977644895334,-0.9756458672749555,-0.1881604876362984,30.598993967551724,3.1549927954945924,1.1883927095591835,0.04532406634444515,-0.9284184655793442,-0.0283904294521694,1
0.1382361903356794,-0.9700650312927317,-0.1816177663122504,31.63885906119383,3.882079687800947,1.3983711290413408,0.04276595372285751,-0.9209581750983216,-0.0205179927188946,1
0.136565079996459,-0.9656191637309582,-0.18304595799227402,32.66528034024341,4.648598383012549,1.6280844181882346,0.045574380815733236,-0.9137140001927486,-0.01578092987161569,1
0.13700659160216785,-0.9611691297681719,-0.18663670403899704,33.568017559120186,5.348961462415004,1.8063805008181297,0.05224007930671236,-0.9090245047022424,-0.015248947955536002,1
0.14114983908339407,-0.9565394176733598,-0.18473934267171446,34.178465952832894,5.90057924262377,1.8453093286273838,0.059867539820297314,-0.9075266082555041,-0.01652809913830483,1
0.14875286368269816,-0.9539616102105154,-0.1766312337941155,34.44555290147727,6.275028181047241,1.701135123719963,0.0668894615515762,-0.9083273691028031,-0.016002955281852353,1
0.15849658700552482,-0.9563979248238023,-0.16814647335321506,34.493864414908735,6.486021973753231,1.4022044452807365,0.0735255199471594,-0.9111149566165787,-0.012109852551559545,1
0.16925172942780264,-0.9636588473288571,-0.16399105725640017,34.505537598215746,6.550119196116884,1.023258230841441,0.08050618972203641,-0.9166141489387988,-0.00596057915638861,1
0.18058219490504437,-0.9716863311100488,-0.1632316587112833,34.575000297868506,6.4675323844708625,0.642349031492177,0.08810071909728752,-0.9247300829512739,0.0006381777640310432,1
0.19134982432160397,-0.9770129427090093,-0.16217057611596644,34.699219435705366,6.254839753999025,0.3103935560698787,0.09581973173815332,-0.9332818797106288,0.0067360762473930155,1
0.1984443394942318,-0.9805813889965785,-0.15924030055095062,34.89176652248015,5.990537310938774,0.040598029755564785,0.1023661691226644,-0.9393665407698061,0.011835190575515802,1
0.19905691392244618,-0.9855370298435588,-0.1562093741686146,35.2671214102728,5.794525584004915,-0.1756713852569195,0.10613809782141304,-0.9419534716622463,0.014998929278278363,1
0.1943443976085706,-0.9922943702782392,-0.15561381764639035,35.98102672094559,5.741060407695062,-0.338262602822513,0.10628079096471327,-0.9426300450448128,0.015329476034364246,1
0.1884796861664744,-0.9977629333014562,-0.15741342215159101,37.07697976493265,5.8106133090744105,-0.42705704980579207,0.10314477113228952,-0.9434398870869265,0.013537860116681111,1
0.18355389525315596,-0.9993654871034968,-0.15813599307914206,38.413295311804376,5.942229062857974,-0.41148513639074374,0.09749359852662981,-0.9445466579248872,0.012298081708326405,1
0.17739838407593955,-0.9980868832384762,-0.15441635867131265,39.78103078602953,6.104084792064275,-0.24814043121157128,0.08955852356050199,-0.9449025507254736,0.013962599848996,1
0.16693619923722827,-0.9967096045915065,-0.14750862043466853,41.1007551245616,6.289662357562841,0.12077749785140685,0.07928541627090423,-0.9445860453062687,0.018019038869217734,1
0.15215866986016416,-0.9961872170716322,-0.1418946491941803,42.47550573878386,6.478382266127864,0.7224349388588365,0.0674549391076727,-0.9447857086572815,0.021956857629072898,1
0.1363758828509303,-0.995316599898782,-0.13876185759510776,44.04513730222811,6.63984721055032,1.4936605355850914,0.0560972527399886,-0.9455191115993068,0.02467769471547498,1
0.12377012364468762,-0.9936015334505532,-0.13435282807135226,45.81022491226458,6.763224672041786,2.2981498025884677,0.047337839535433295,-0.9451661354244786,0.027679110738025973,1
0.11724152597219917,-0.9922875750008459,-0.12674350460449318,47.59462539803544,6.853352631331251,3.020563698864308,0.04177633679569223,-0.9426954788466015,0.0324195557496853,1
0.11739007692528004,-0.9918729197167013,-0.12058749277921267,49.15373872170734,6.909738849555839,3.6299428819592197,0.038375093648383624,-0.9390337492910775,0.03772818984960314,1
0.1221036337354755,-0.9908451996754414,-0.12133870056279812,50.3223304352582,6.935623768752704,4.151839223503483,0.036116119075610284,-0.935981815635939,0.040802926050198286,1
0.12745273527854634,-0.9885335152946451,-0.1268528327490976,51.09704693734248,6.958056590908286,4.604312277783441,0.035386839889806135,-0.9348980045146823,0.040336998942042845,1
0.13063982559415752,-0.9873832994444851,-0.12921061278598214,51.618602330621954,7.01232171165688,4.9728483323993276,0.037462841977972124,-0.9363225986443326,0.03784795492056749,1
0.13259824705816317,-0.9900962228322024,-0.12479430565026285,52.093051744327035,7.106864157200565,5.230778128713973,0.042973283601145405,-0.939478164143764,0.03601565398966445,1
0.13664928984071367,-0.9951152582335634,-0.11852621524082085,52.70145901886761,7.217947974096403,5.360815188372254,0.05113060504278238,-0.9420931323017124,0.03637380519555774,1
0.14424185413425258,-0.9969830683695303,-0.11679679288034632,53.510135543467094,7.313597377845052,5.350913691022075,0.06004191975624624,-0.9420355840472228,0.038599461830473775,1
0.15306969675272475,-0.9920156260555827,-0.11949608156829993,54.40956642785331,7.372051761075134,5.187127556063471,0.06754490684434483,-0.9393669596489176,0.04130300981123538,1
0.15981515337799213,-0.9829795522986357,-0.12140191637603404,55.15857514953748,7.389296177208784,4.872707398529588,0.07236369493200573,-0.9361971256003925,0.043266501414267355,1
0.16351798792470024,-0.9770653416552556,-0.11917662552589356,55.55325563113764,7.388984973399734,4.455035207850949,0.07488825474158511,-0.9349536848777779,0.04441462849648344,1
0.1650915021978473,-0.9789352170782524,-0.11404106432705338,55.59927279855491,7.421769446782023,4.0155136890764105,0.07635893773062427,-0.9372343413563765,0.04584563743015704,1
0.16434502717516913,-0.9866354655080409,-0.10838364057482935,55.53600972090772,7.53435011045204,3.6202415976411,0.07696338464092338,-0.9431729873096004,0.04865341478460263,1
0.1595094853840921,-0.9948589538846789,-0.10254155440490545,55.695330352266524,7.728823748890961,3.287457596209777,0.07531838707170134,-0.9508782567986372,0.05261789098269223,1
0.15035386352861876,-1.0008673605456664,-0.095731286394973,56.31362939806747,7.956182443386669,3.012546575983481,0.07030048530545331,-0.9573601485664773,0.056572768513897746,1
0.14026417978177852,-1.0055463068121826,-0.08858197065577038,57.432937502265574,8.154208608992377,2.809202438323986,0.0626697900516083,-0.960983502887987,0.06047357461767594,1
0.13347705697456502,-1.0094884055804225,-0.083050527511202,58.949119000137294,8.2912156573386,2.6999363007497093,0.053934495799882555,-0.962372707709372,0.06621552299549588,1
0.13026290145911287,-1.0105833103138127,-0.0798017722616404,60.74166341423516,8.369513033279501,2.673319285066287,0.04433396019054949,-0.9622300455448897,0.0751129145210879,1
0.1265454742770793,-1.0063045974768363,-0.07711224257956717,62.73446083010046,8.390487680308857,2.6831422577714896,0.03364609376686718,-0.9592844741036952,0.08515697933566514,1
0.11924161417935605,-0.9971280810817617,-0.0731547535512727,64.82067905885486,8.337254684099069,2.6949937730548275,0.023635812532806357,-0.9518560592563978,0.0925978206407186,1
0.11063555057476591,-0.9867711277511347,-0.068299901727025,66.78324038024185,8.209777503638042,2.7077700481670837,0.01756218250080669,-0.941109717991752,0.09632016684102511,1
0.1061214088057972,-0.9791121813913178,-0.06405422209471237,68.3800008276937,8.064386218992912,2.7192348964845032,0.017088039634346196,-0.9310078902080853,0.09907769730205161,1
0.10837506168175025,-0.9749531116735386,-0.06038596359052125,69.54721983559102,7.989131562653704,2.6920616451828576,0.021222821043616263,-0.92446805456519,0.10418903100859182,1
0.11493384825488717,-0.971860271953048,-0.05522339924300538,70.4877460872419,8.02813897154867,2.577461344405798,0.02789414334681912,-0.9208309394702278,0.11240842945427348,1
0.12139676498900016,-0.9672666873743693,-0.04649994654900595,71.51449516991504,8.135458082658705,2.371650588022936,0.03509049925854845,-0.9177772349005743,0.12219045574256748,1
0.12597248903642666,-0.9612732270265484,-0.03430698815289349,72.79224139099941,8.206779081451048,2.1284440956018793,0.041166088542029765,-0.9144165767443441,0.13148943211249264,1
0.1298380328684332,-0.9558978953067602,-0.021252466592279487,74.23143730524818,8.158974673735429,1.904398404658929,0.04547264470138575,-0.9113084880016898,0.1387162479261083,1
0.13340015422193788,-0.95216646732058,-0.01068828477469044,75.61835559281194,7.9890761249408335,1.7052572417914855,0.048426923580584195,-0.908349969425099,0.14301871486524367,1
0.13436412277387896,-0.9488802391356734,-0.004394381087549943,76.81858997519475,7.768374795972813,1.5014456723340062,0.05034928211638246,-0.9042853502435513,0.14449734531473166,1
0.13079472959584038,-0.9440833731642726,-0.002169240723593794,77.83435352661806,7.583846076008145,1.288512423629533,0.05078243513197602,-0.8985348950972877,0.14409981481802955,1
0.12468913417585627,-0.9371993133291618,-0.0031917252317148616,78.68782125367578,7.482573607693075,1.1186657801750413,0.04948723997980463,-0.8925250134150983,0.1431187925944181,1
0.12068842553247086,-0.9299488785995671,-0.0065189942911415815,79.32419634779922,7.466114117745419,1.0703710349436126,0.0476143470218204,-0.8885600095016465,0.14263805183296727,1
0.12150086488152091,-0.9253668455921586,-0.010090727727909045,79.69581339706596,7.524613498068125,1.1839187288112378,0.04714940068180943,-0.8875835711142086,0.14317646225700628,1
0.1258146317813526,-0.9252657580034569,-0.010736413538643443,79.92204935150788,7.656639046717165,1.4194150915081754,0.04915186233291763,-0.8883296418885506,0.1446633913956198,1
0.13074362591904082,-0.9281237553596761,-0.006594832256205179,80.28270168780308,7.846075745016608,1.6774455963987276,0.052949616748022225,-0.8884528609202366,0.14675407931938306,1
0.13532226069297618,-0.9300190254657423,0.0005419352544864112,81.00742166825688,8.03540518099819,1.8673070842457657,0.05707868115526188,-0.8863771938442179,0.14931811144629595,1
0.14079100535658157,-0.9284086089598133,0.0064080373600512745,82.09399606228862,8.15286434119948,1.9634811287192566,0.06049746371058835,-0.8825366499783752,0.15283651143341082,1
0.14742183851366022,-0.9246619791830263,0.008540879436700784,83.35377881045528,8.180298049885897,2.006004319501387,0.06266513950908197,-0.8789861658412028,0.15826809016633156,1
0.15227736474076276,-0.9220446278091197,0.009012185039660739,84.61027978403013,8.179744766071844,2.054853510780051,0.06303053595385383,-0.8771308677827737,0.1660725546884995,1
0.15178047355903188,-0.9213366960277873,0.012031610028923122,85.83006327265461,8.236431970070521,2.1473616876863115,0.06123730577827673,-0.8757614976179037,0.17512047864816704,1
0.14625408344705862,-0.9196214663611588,0.01910961289109904,87.08366417751311,8.3804343832571,2.2963940197440884,0.05788803752719453,-0.8723674184700502,0.18307964545516126,1
0.1398083615259622,-0.91424383964883,0.02801538694386683,88.4243357602719,8.574970135481129,2.5169080089036764,0.05443342038503313,-0.8666158934906066,0.18852774591234475,1
0.13523896756319395,-0.9070227960453205,0.03646763176152333,89.82863120780175,8.770741616867497,2.8344175825813194,0.051868607206267646,-0.8613305153489729,0.19251311226393952,1
0.1311669045338438,-0.9026262140038595,0.044762121945618856,91.24939476683623,8.948848355176775,3.253882805349934,0.04989492417298349,-0.859469252676905,0.19744166370033592,1
0.125404353256431,-0.9028015350772389,0.053916282237833776,92.69809905956319,9.108393916902287,3.725504161584684,0.047766861985483924,-0.8609053468186707,0.20447252584679268,1
0.11942565736681385,-0.9043151477728713,0.06287200010467292,94.23914362836848,9.236141736862713,4.159878618147655,0.04557649647910695,-0.8625093618182462,0.21243460569030212,1
0.11762283796625217,-0.9030588262318104,0.06900657625167839,95.89836025839018,9.314582553229746,4.488457228564977,0.044217634978842804,-0.8608033610085768,0.21918239322859467,1
0.12234081226468445,-0.898062297947989,0.07130155120972241,97.61263618884111,9.367613386851414,4.707563869681792,0.04446068425795346,-0.8544841720653787,0.22362508995935265,1
0.13082280569946644,-0.8906063973268806,0.07217355206563433,99.28851895129858,9.480836168518207,4.865502749091061,0.04650448570449691,-0.8450423578730806,0.2265504754085824,1
0.13770164520438946,-0.8815908928781,0.07525506186869124,100.87963409564247,9.747332303109381,5.01748332368993,0.04994571407935486,-0.8352836536044125,0.22983729546203785,1
0.14013950126668676,-0.8714594916731929,0.08130587588524549,102.38385150229539,10.181538201371815,5.194564108130346,0.05361581463296801,-0.8271507076618485,0.23489157783281447,1
0.13959442803539995,-0.8612594938806182,0.08759182591428402,103.8016425724136,10.6988858736868,5.402326408804839,0.05580543555180486,-0.8205846090143163,0.24165218576951297,1
0.1387277287323729,-0.8520035871832425,0.09174144116264434,105.1449679242482,11.18883931874049,5.633265955361789,0.05530325792656706,-0.8137652740747473,0.2489162504014718,1
0.13814553746750577,-0.8435289054429617,0.09434076045372172,106.46855739566065,11.601382933610447,5.874022577419439,0.05225859748926693,-0.8043935668587064,0.25531428277167484,1
0.13665904430126743,-0.8347340857708645,0.09660436283546503,107.82754612394494,11.963190267577945,6.1090879642628195,0.047804221840001715,-0.7917995925561652,0.2596928739441499,1
0.13331983404348507,-0.8245061366477795,0.09764277073104247,109.18733635564284,12.326608813440751,6.331083771546557,0.04300360100744866,-0.7782269575241698,0.26088970987364535,1
0.1282304180406575,-0.812686523977434,0.09597003039141525,110.42898678101137,12.712981121381235,6.545058563354882,0.03828278501895476,-0.7670619900420523,0.25814070473745393,1
0.12190700551549147,-0.8005934359562131,0.09219161769435608,111.47524822540608,13.095022837004374,6.750800012368473,0.03339141199882868,-0.7591819510818554,0.2523596771438339,1
0.11450114632258958,-0.7892521472166831,0.0884211917360162,112.36080800881022,13.416864275567596,6.929650870628807,0.027597367627811037,-0.7515880324828714,0.2464699308487278,1
0.10586713109838296,-0.7764609306145838,0.08604264632670232,113.12167527554554,13.627454094668913,7.067799092317346,0.020495724103335576,-0.7399936343787646,0.2433396716009221,1
0.09680352905845022,-0.7582290816827195,0.08518385224422911,113.63865714051505,13.714079948077229,7.186526942250566,0.013137285149854855,-0.7224937821889719,0.24307504471347868,1
0.09014745353801254,-0.7351808998092519,0.08547768407381272,113.65302060908425,13.728839659917362,7.338623386654906,0.007906568907786517,-0.7010112023713295,0.24331480945344613,1
0.08925695055359599,-0.7150124226292448,0.08673068656573303,112.9639379020399,13.77786104765445,7.5931714683907,0.006682270180921515,-0.6802197449656513,0.24302891047513403,1
0.09441249874327771,-0.7046665673170197,0.08982354052506099,111.61968821444344,13.94783956401117,8.028497696937182,0.009241773413132719,-0.6647885202504443,0.24510986869842805,1
0.10155945457051893,-0.6998684078511612,0.0969390344312635,109.94369890432836,14.214196608263848,8.686209481589865,0.01366694722334758,-0.6549954270980929,0.2536108786314031,1
0.10536191605996653,-0.6852295599438936,0.10898362852285606,108.36681512517355,14.422439898243601,9.476761090691463,0.017684296212791908,-0.6430895472586133,0.26840672911530217,1
0.1026573442831143,-0.6464819159217133,0.12170921678370769,107.1114952434855,14.3725715272065,10.150786833936033,0.01886990422004344,-0.6161398329580142,0.2833673566294039,1
0.092660282878606,-0.582565907425243,0.1258094416867178,105.84124028685284,13.929106772492942,10.438712071847977,0.014237598862022806,-0.5664406019597227,0.289570660842412,1
0.07597307775362894,-0.5059759712881808,0.11383581011755335,103.50686830059988,13.0658349764335,10.26981477104642,0.001564614327092212,-0.5000715304770351,0.2808606291234711,1
0.0552815226967612,-0.43222633939150085,0.08929189830491392,98.62766148952782,11.856200189741186,9.842453419175515,-0.017914068745004036,-0.4330944490993694,0.25910141940982023,1
0.03502995837923006,-0.3686030328678581,0.06745410963018163,89.95265114540884,10.47871219684201,9.427924432480069,-0.039186707926351524,-0.3776527386801097,0.2355416791554355,1
0.01760627830198778,-0.31131775735166495,0.06312387100080569,77.0383009067841,9.20656750941445,9.078533989886154,-0.05690658502049928,-0.33206236153892554,0.22460102548226207,1
0.0021607918809541625,-0.25343032834739937,0.07730700465323945,60.261658429663065,8.265143635788561,8.57202827406138,-0.0684031337884529,-0.2859184235515206,0.23374004257570355,1
-0.008946814491924337,-0.19803465264529962,0.10041229398464196,40.365713046353235,7.609126027023635,7.706492041344267,-0.07246811422131724,-0.23641223407055184,0.2601506811439091,1
-0.005917950593935856,-0.1649452892811491,0.12910978697201075,18.219772097220346,6.919630050137787,6.638469557159495,-0.06680094145191222,-0.1999349780684718,0.29828470777262767,1
0.019447190018799108,-0.18220779928344544,0.17353040057250396,-4.770204074534754,5.993298037321572,5.853888276697644,-0.04910128534543405,-0.2060303902387757,0.34818737688905166,1
0.06139743390802231,-0.2678630361005942,0.24346924165362,-26.140275571515204,5.184942472609922,5.751154927634937,-0.020767006044657237,-0.27745932957784114,0.41333540705805105,1
0.10289168601799714,-0.41734959622680506,0.3318267920605231,-42.72407568400374,5.326465575618343,6.240186218689694,0.012035507711813411,-0.4133023868768748,0.4914495639050208,1
0.13088012532997084,-0.6054745375110903,0.4182493704034473,-51.97741916822543,7.035954076576416,6.756224707930171,0.04169421224948594,-0.5878110967844117,0.5719647754302399,1
0.14530827058409382,-0.7984990461896329,0.4885230164593581,-53.11737980608648,10.051674458713892,6.70353235908546,0.06339788070140032,-0.7638871211329038,0.6440640546414801,1
0.15385588445262668,-0.9672950961617603,0.5450454372369877,-46.98652470790999,13.298120322914956,5.956095522910673,0.0762460155630743,-0.9114891431688572,0.7046228898662137,1
0.16188953205700907,-1.0967530174530016,0.5985783526335836,-34.90903029854331,15.703491032447793,4.995285166099072,0.08125354623130225,-1.0203027806130085,0.7580319275286573,1
0.16847414265437213,-1.1893115742344642,0.655509281002789,-17.770583548142316,17.059364625369824,4.59917649371861,0.07972307778531089,-1.0997551887455812,0.8109765237863505,1
0.16985956510514413,-1.2599085534899919,0.7132181578946631,3.883994235962035,18.15439935019472,5.361075280965798,0.07382056579185019,-1.1672637689101166,0.8660669931905127,1
0.16533885531073098,-1.3228253964770098,0.760700686548908,29.0841728624799,20.089764927438427,7.3736139399515634,0.06757045188011973,-1.23319530466279,0.9153191803647001,1
0.15976728512635127,-1.3783452730502124,0.7801131401317973,55.96320429620921,23.41805032874977,10.243014028521618,0.0659955019965892,-1.2924219083194926,0.9387257564529982,1
0.15998622029269582,-1.410083592700924,0.7527375063539945,82.12291250071112,27.776473672566535,13.38950116648148,0.07222882476049736,-1.3272803318439435,0.914137655854046,1
0.16757900814618887,-1.3966074648116582,0.6710953367786825,105.42616975637736,32.10296961570279,16.394182054572553,0.08429622202948879,-1.3195347428743636,0.8336869186172267,1
0.1747301563914996,-1.3294730330331124,0.5489820243382655,124.42804834502704,35.10178048365635,19.105424874560985,0.09413998660658769,-1.263713419700211,0.7126391718857369,1
0.16869675287048339,-1.224206766455837,0.41868953649697765,138.30082809678254,35.70581669555032,21.475025445630873,0.0911124850671937,-1.1731415189924284,0.5831308491181115,1
0.14240850226962493,-1.1143081181666903,0.3150020045017309,146.87454596449172,33.4824811787389,23.404937787164855,0.0692184250278061,-1.0740528158970277,0.4786760474056005,1
0.10124884453237276,-1.0298709988524404,0.2579370630118601,151.1061303686551,28.891209271771174,24.815596820187782,0.03255425292152241,-0.990913648297876,0.41976058346690015,1
0.0589344106268462,-0.9776077619678347,0.2475664152230186,153.21731308300892,23.19005641654256,25.79197791111755,-0.0071636146430799335,-0.9332530070386229,0.40799578253292584,1
0.026752221479173006,-0.9426963633199804,0.2725992122520151,155.61196854290571,17.928331773834977,26.557801880600834,-0.0395108954073926,-0.895115042290081,0.43205531494095417,1
0.007489003156542615,-0.9121280372099141,0.3212940539186312,159.18011108236422,14.298830200177063,27.29536021633337,-0.061276281654730924,-0.8681903689055022,0.47943430737246745,1
0.00024418259170777307,-0.8927753215003166,0.38309302737620227,162.87480647766208,12.778734896546911,28.00247805718614,-0.072659834819128,-0.8546257744700532,0.5405028853330075,1
0.009364167773856605,-0.9017315008254069,0.44298199537944555,165.32010157093598,13.236879198243338,28.4337739268871,-0.06908310858320062,-0.8641189968424119,0.6014806137042965,1
0.043656647900930164,-0.9415944536742871,0.4821004301993651,166.6104252429296,15.255841044707383,28.099070796748354,-0.041401886826041644,-0.899187251547735,0.6421049462064906,1
0.10257660457800032,-0.9939781462839238,0.490468708739151,167.94623790361774,18.304782246202528,26.450942122285337,0.01145394640688956,-0.9489839547469527,0.6500125035901277,1
0.16584264287392744,-1.0418525155781448,0.47481615921642045,169.56686174909208,21.755704421837724,23.289708082899075,0.07163732814597708,-1.0013670822523637,0.6334306644514756,1
0.20530820559355903,-1.0939488109524051,0.4390783360442458,169.98876149044156,25.04535569057218,18.965590947258395,0.11186414209346547,-1.0584188667206427,0.6021784614970469,1
0.21196887560557232,-1.1783666322316666,0.352735931146583,168.01386968064344,28.016591090880606,14.010842143593651,0.12119611613499702,-1.134656001042453,0.5295152867512398,1
0.20425414910496761,-1.3046616192078915,0.16363180054410068,165.14466162855055,30.97726388913552,8.664175577043077,0.1157465346440757,-1.2355211719939416,0.35755493650217074,1
0.19763966469993616,-1.4312842855411314,-0.12487024050216267,165.22133143200608,34.13643469829351,3.151294880548278,0.11181937044638357,-1.3354508811721095,0.07539353357698124,1
0.17191321991374933,-1.4796210670438323,-0.3988431827525077,171.4118429034389,36.86284202459723,-1.408084247052289,0.0917327685271618,-1.3804061162936254,-0.21265987300322475,1
0.10105462773307583,-1.392879941547642,-0.5079312444006546,183.57824115249326,37.74786439075078,-2.92290774566776,0.026432440512623345,-1.3203953527368986,-0.3470672540565553,1
0.03484131985791814,-1.1824588520493082,-0.4186044356958922,198.16256292339668,35.95476819299709,-0.0982566563309405,-0.04473377583711869,-1.1444247278488657,-0.2716535716779172,1
0.10783956217888563,-0.9074974423675821,-0.2543195988485245,210.22240656867717,32.85432100358838,5.448428453326531,0.00781571736014284,-0.8827215196931403,-0.09818355718572598,1
0.3972870549347502,-0.6134826492387048,-0.15263678740222558,216.16720766604087,31.80261405422582,9.831279435726085,0.27339760430343496,-0.5796751132675245,0.023444659288175233,1
0.7700517747513187,-0.3135077428906087,-0.11789480752342897,215.611662544934,35.25697202688814,10.830699729504984,0.6353468679213948,-0.2768943595406119,0.0693363575132337,1
0.9410081949044146,-0.03609578290393208,-0.04703044690431881,210.81364899016094,41.888152253620824,10.919409038107913,0.8075470331765467,-0.024410188114158102,0.13890241683048118,1
0.7246847731504934,0.13601920276455085,0.13729269254322732,204.01281663462302,47.255363093202384,14.953896403028063,0.5920136816948951,0.10803738928058915,0.32063742291266106,1
0.20730375825112413,0.10437585081496757,0.42275800069613084,195.68340294534272,47.49971984752329,24.142153975409887,0.07691765090531835,0.05249412721045357,0.6093275861841959,1
-0.33725459298278826,-0.16268854500215166,0.7571492834759361,185.7797501667069,41.91804207497462,33.031882837698575,-0.4471458261264471,-0.20935871216787313,0.9474113586673322,1
-0.6638559060210834,-0.5937010353960013,1.123771715395115,175.83649717893124,32.55708721456851,33.66748520271231,-0.7334961479192725,-0.617509886547793,1.310111975129036,1
-0.6847951821036824,-1.061818525791708,1.5585726742303052,168.6915202479052,22.882120196328984,23.205200351095993,-0.7202366882658887,-1.0617942753994172,1.7330651594162683,1
-0.45773237152876045,-1.4620180362801947,2.0977572833770295,166.38033964934746,16.981276359144733,7.073619191344626,-0.4905528383734625,-1.4436251770644777,2.2583815487800636,1
-0.12598206221869082,-1.7398985304502683,2.712553328513366,169.2654423380731,18.207242176891384,-5.562790073755572,-0.183342878164508,-1.7073845110262202,2.861639057973704,1
0.13033574452651925,-1.862231223732621,3.3025978478162417,177.0134273885239,26.89458051645884,-8.96546378748692,0.049537679155968226,-1.820371708577074,3.4423588989461007,1
0.15967220346386568,-1.787571540874307,3.7553250688521107,189.02563601450365,39.30935258873832,-3.57473319900026,0.07870977665465281,-1.7472377568296398,3.8873312445282315,1
-0.07220750211497083,-1.4850870892011574,4.001954999084692,203.16045711334436,49.64652724735129,6.602981902401929,-0.13186506915884938,-1.4641657508756856,4.131244070653215,1
-0.4440382408582153,-0.9842973330156858,4.014483730486866,214.8919490554887,53.70373972739284,17.451150235542524,-0.478756002193578,-0.9993490515924026,4.152809806149025,1
-0.7527584978474268,-0.3929657822955097,3.7783464743172357,219.23366850454286,51.02653739786539,25.955880325050025,-0.7746186093388043,-0.4466719627504381,3.940476855775183,1
-0.849687249733873,0.15409541518392564,3.308166153457007,214.31996157064032,44.14786744893864,30.339949002665172,-0.8749804194243495,0.07669721393498527,3.501883899515145,1
-0.7276501497110753,0.5761322870993595,2.6918713314351237,203.03216909628011,36.39940368596379,30.684883613195527,-0.7671359102717142,0.49636768411926746,2.9108899900829908,1
-0.4981818726226851,0.8787197151533921,2.0797555912226584,190.78856921027773,30.21197244359544,29.064478669112397,-0.5534063703033778,0.8084332430533546,2.3077639826726726,1
-0.29017583694455124,1.1100087172914272,1.6007627859688378,181.51162339205703,26.507166828742452,27.988714777848603,-0.3565838094710298,1.047093683001312,1.8229995776060521,1
-0.15915909311076631,1.293850633940984,1.2935898984518701,175.3530212639489,25.045521405884703,28.37886040724225,-0.2331781314277236,1.23193864588735,1.5045666621572145,1
-0.07954056476498471,1.405699091592626,1.120959991180918,169.70883902414622,25.312779710720847,29.175498931456573,-0.16171253571453942,1.3455060610698748,1.3231783420601668,1
-0.007975158217041978,1.4025390695201647,1.027920398318353,162.1070077028167,27.042276517127203,28.742492380107805,-0.09795735609032707,1.3524677976847423,1.22644136335816,1
0.060225103725621836,1.268866479089437,0.9742966356116153,152.41555766560245,29.81439839375666,26.373782359993335,-0.03063636938222964,1.2362916779172115,1.1725508855846463,1
0.09445209811711534,1.0380710825554282,0.935357265152252,142.8013946239661,32.51719082779887,22.560064221825503,0.012964531477623588,1.0228707001258548,1.1327321745440286,1
0.07122978284984224,0.7758574649980162,0.8998549425050475,135.8373666742195,33.84530786527518,18.241342056765177,0.0030164751164654586,0.7725367318089982,1.091669974642422,1
0.003376013655291451,0.5419871592168402,0.8685121267610345,132.6286000546992,33.511245544347524,14.114317449300405,-0.05801297090428273,0.5453021171372847,1.0502497103111754,1
-0.06896188842525502,0.3624511396164849,0.8450251878192826,132.53933024977678,32.50861548417598,10.593337589250131,-0.13356468256625434,0.3693514155444592,1.017837200037886,1
-0.10995893226958095,0.23386225276325773,0.8301368831085233,134.30307295238842,31.833131925101874,8.103378342439038,-0.18229518239757297,0.24148714824776155,1.0011532635181728,1
-0.1114972301725904,0.1494558907624718,0.8261903757589024,136.9869410785754,31.267682996581236,7.090198462847316,-0.18902197092201983,0.1538309706694352,1.0027985657999552,1
-0.09140506049678292,0.11553341765803965,0.8387525436630238,139.90747761517437,29.889388528742433,7.668184427037447,-0.16986945675858495,0.11380824085533604,1.0225667549671187,1
-0.07430679890565169,0.14426064913532546,0.8657166940237756,142.1512127230908,27.59090425238939,9.394531964782345,-0.1524484418939427,0.1379080403518381,1.0515373977159848,1
-0.07445578054130013,0.23794578237090142,0.8871262843710744,142.7229636722029,25.53118098199347,11.500066318937876,-0.1537756639033052,0.23183140858858362,1.0682898153139713,1
-0.09270309161739462,0.38175667902747845,0.8747327092739798,141.21778356054176,24.952661030486485,13.337098344547666,-0.17413675465353276,0.3788101004763331,1.0506911409445603,1
-0.1244023281879083,0.5453128460625488,0.8187740345079686,138.0878224136561,25.89457729991891,14.642747273449322,-0.20624427669724518,0.5428326493900527,0.9957837921518441,1
-0.16618361164928977,0.6912074316336316,0.7429120849482337,134.1700679990104,27.247762095002095,15.507910668622818,-0.2458825611070652,0.6829596907192386,0.9248908706429917,1
-0.2157531019251608,0.7937700822227335,0.6829908361462487,130.0707250218506,27.910699049319454,16.16772625207526,-0.2929835608553906,0.7746045605709834,0.8643099349310783,1
-0.26963073774087437,0.8592521742926386,0.6484410242719995,125.97910339423456,27.770422082276603,16.783400722693024,-0.34577309394546957,0.8270114870397908,0.8203155965046967,1
