ADXL345_Acc_X,ADXL345_Acc_Y,ADXL345_Acc_Z,ITG3200_Gyro_X,ITG3200_Gyro_Y,ITG3200_Gyro_Z,MMA8451Q_Acc_X,MMA8451Q_Acc_Y,MMA8451Q_Acc_Z,FallCheck
0.035160542033540805,-1.0156305662829532,-0.11719492854471068,-3.2961518639917933,3.7230803984214496,-2.929754143240513,-0.04589985499140315,-0.9746149044273034,0.04785530374172677,0
0.024857513349782555,-1.0053873551147228,-0.11303363879324092,-3.304359185351981,2.7587568237915088,-3.1236868367644446,-0.052911085303137276,-0.9676940288914175,0.04814484064644918,0
0.02366639078913099,-0.9989413716630867,-0.1155629542618815,-3.4223670224938774,1.8092800321107096,-3.358456549170035,-0.05491763807388286,-0.9617643513992437,0.046306009044192395,0
0.029871218075264255,-0.9962498572444982,-0.12320950759773233,-3.709549589535969,0.8578868050178716,-3.6207290143284228,-0.05134998653146421,-0.9565517088583029,0.042842634195894264,0
0.03406110615249403,-0.9944833280996757,-0.12899055735125728,-4.149772199367834,-0.13642363896215892,-3.839459187560805,-0.04650964077606163,-0.9506806603555502,0.039962557083019976,0
0.03132749697774588,-0.9915595146975328,-0.129794255524592,-4.660187944246093,-1.214133629068394,-3.9318876834511975,-0.04498642541230781,-0.9433982790042538,0.038456420372905524,0
0.0267037376545433,-0.9871471083505656,-0.12994726587456634,-5.132204094501623,-2.4082220397182104,-3.8625538961899566,-0.046189719196556435,-0.935884141903468,0.036444760553916586,0
0.028850606599826988,-0.9812325619864294,-0.13563081268276922,-5.4971064174002935,-3.7390517722500776,-3.675414290036465,-0.04428863931975272,-0.9302364022426108,0.03151537357975754,0
0.04171654684174516,-0.9740959574147244,-0.14721676653146837,-5.783383133061756,-5.183383709435133,-3.4659455493808475,-0.034498329838034275,-0.9273085831277694,0.02367955966760197,0
0.06275927578591847,-0.9679202585190567,-0.15839344562558622,-6.116375121391732,-6.642776276923133,-3.2986699184944737,-0.018523469060007715,-0.9260552344243205,0.01547502894116824,0
0.0856657235379647,-0.9657172932250007,-0.16343283031352318,-6.643755517206663,-7.960336476016025,-3.140010589016756,-0.002210361268143669,-0.9247195043207781,0.008962536668148086,0
0.10321428187904615,-0.9672662128246323,-0.16392813433951778,-7.4246564953504315,-8.990047648130078,-2.883063584308267,0.011281358669364711,-0.9224083305714738,0.003575886796503643,0
0.11134889606870282,-0.9689480090781954,-0.16623205023534796,-8.356315240277416,-9.671439179240512,-2.4529297267381343,0.023497265491090852,-0.9203924351878665,-0.002262873768027648,0
0.11362978318263235,-0.9699999618698506,-0.17290065092597323,-9.217241730892745,-10.056020561766669,-1.8952879930998616,0.03619417677591444,-0.9223534303058294,-0.0081768521497556,0
0.11864186019925299,-0.9761990953373385,-0.1795111953172353,-9.825969038095305,-10.268609810859667,-1.3647142554810365,0.047651042546204184,-0.9320671294197114,-0.011709420651595142,0
0.12980013820108027,-0.993916576167542,-0.18022118469978926,-10.1686829503207,-10.43463192676582,-1.0197532729229737,0.054368885201208556,-0.9497413657249284,-0.011117487739031835,0
0.14047860596999193,-1.0218438395480385,-0.17375080523757974,-10.348822632989068,-10.624569566409807,-0.9181072023110235,0.0547115088879724,-0.9713865218246952,-0.007410582133373078,0
0.1418780737520144,-1.0512631212625176,-0.1633692934749976,-10.426602384020526,-10.844448830576049,-1.0087405464049555,0.04984007900986126,-0.9925234719094147,-0.0032982889786929877,0
0.1328901345100848,-1.0738273413618684,-0.15394454366876303,-10.348645850214906,-11.061642482248036,-1.2106816605044044,0.04215571162581612,-1.011619990740523,-0.0006288569126397842,0
0.11983395173382215,-1.0873446078724767,-0.15019276633026307,-10.021502431700371,-11.23678515430688,-1.47424359754077,0.033967930362738354,-1.0290418193871484,0.0007060278855106967,0
0.10890772060094443,-1.0944879563875642,-0.15468790545554867,-9.39885232081914,-11.345502819054763,-1.774893203846261,0.026992328936456138,-1.0435573445309858,0.0017273239824109109,0
0.10149374437923493,-1.0979013536831492,-0.1640327618717344,-8.488740901500384,-11.389566154981434,-2.0938906471451495,0.021700196496736178,-1.0516233184769368,0.0028747913891669194,0
0.09593050698279866,-1.0979177917885174,-0.16792162983629008,-7.330680282974014,-11.395654478496343,-2.424347865302361,0.016943777430395022,-1.0508347395500546,0.003636320040802889,0
0.0911585952812097,-1.0944673288061884,-0.15734402532891567,-6.003920884008375,-11.400970094870651,-2.767661720398376,0.010952709331117657,-1.0434163899844109,0.0035969855021814427,0
0.08696459752631419,-1.0890443157388094,-0.13660767259221177,-4.628781269303659,-11.437964625275882,-3.1049951652663386,0.0030737472674832577,-1.0353406957397617,0.003757060585551655,0
0.08183806820469021,-1.0835092844049725,-0.1226121712420481,-3.3138270460487824,-11.528932428892155,-3.394573560932391,-0.005498695695139258,-1.0315786024496898,0.006025546293358954,0
0.07374104596687024,-1.078294992024204,-0.12720911592977532,-2.0987534209233254,-11.684900451131227,-3.613380177428699,-0.012721958178007937,-1.0322032732908184,0.01072885764999233,0
0.06399630416478103,-1.0733469701311946,-0.14349976066564069,-0.9659739237206275,-11.902558895712481,-3.7787584897536597,-0.01736644477515495,-1.0331130414689573,0.015280140180465453,0
0.05774399865480981,-1.06939372568584,-0.1547944545845723,0.09683875380780635,-12.1642106795115,-3.9107983860380044,-0.019603389171525768,-1.030190619967928,0.016237269870301874,0
0.05858074033937643,-1.0659426681821098,-0.1545633395539082,1.0598866190140268,-12.446950259587279,-3.988758918991324,-0.020112739844993892,-1.0222678659111872,0.012476785941613491,0
0.06436810904435347,-1.0593149222511282,-0.15176735020017368,1.8749854706320086,-12.74040813957119,-3.9535628959112623,-0.019103536451935525,-1.0105502002445164,0.0058841042671676,0
0.06984732125906373,-1.0462244461305847,-0.1568435412366144,2.5219332019897336,-13.061293668066035,-3.7411779703270835,-0.01657149542812588,-0.9968190178634195,-0.0007083281538035274,0
0.07189379714329752,-1.029372362541923,-0.1679019544606584,3.0186862511121664,-13.44538621653469,-3.3182823248614897,-0.013288455774132964,-0.9830264822203858,-0.005683670117446424,0
0.07107308676481938,-1.0160845469795006,-0.17429483578536084,3.3916307291657626,-13.915528169195575,-2.7080610034308843,-0.010725539441119772,-0.9715897371121993,-0.008936482717654095,0
0.0697638242129377,-1.01048594341935,-0.1715445119050305,3.6570287967704447,-14.455446089208921,-1.9852860218162616,-0.00948381948505567,-0.9647004434788267,-0.010841292668093975,0
0.07016033209584019,-1.0098285036133599,-0.16719486534950462,3.8340244112633632,-15.017795367807516,-1.2307507472356207,-0.008512430608699826,-0.9629624724496072,-0.01165741563700139,0
0.07299275721018506,-1.0097127219908268,-0.17028829747543267,3.9553000999998416,-15.557876115192727,-0.4849590920952698,-0.0067160061454954794,-0.9650160340782279,-0.011957179123451804,0
0.07689150036492517,-1.0101221929325899,-0.17975531461157251,4.05746135211575,-16.060388344375742,0.244176678012129,-0.0046319775411926885,-0.968780499598952,-0.0127146242866132,0
0.0793114327683609,-1.0139725574927758,-0.1867501260190837,4.168915303296814,-16.539987322112577,0.9285013951270914,-0.0035232261202888717,-0.9728862374310838,-0.014058003763954911,0
0.07895951323845012,-1.021505867896593,-0.18550964597118522,4.304782678291179,-17.02202742530872,1.498176958427025,-0.003427160696932525,-0.9767252514027938,-0.014422193611372099,0
0.07747321311301372,-1.0292095439068971,-0.17816258977170593,4.467352857352576,-17.519511746226218,1.8953422754769589,-0.0030824598603934766,-0.9798067430309956,-0.012126375122193075,0
0.07811161013007852,-1.0341442415717312,-0.17033983919421836,4.6560527675944545,-18.018397026326976,2.1396102133934876,-0.0014743185663924896,-0.9819521364586759,-0.00767817490681375,0
0.08234994190723641,-1.036698314874999,-0.1655766098707067,4.880313658850389,-18.480161677546526,2.3136219193460654,0.001224611435680919,-0.9837783705856575,-0.0034828738164469205,0
0.08819163288694812,-1.0381027226664743,-0.16411039101340985,5.160697682542023,-18.86473726305285,2.4817621527224096,0.004172911341169775,-0.9858980647580965,-0.0012946470359050234,0
0.09240095491060049,-1.0371654205176881,-0.16453294945323535,5.522599748308456,-19.159880128127696,2.643275742868736,0.006840959692387508,-0.9874993273748758,-0.000830246362243637,0
0.09385464103248965,-1.031480369884717,-0.165193918263882,5.988531542170984,-19.389011181761855,2.7647259399079736,0.00922450158441511,-0.9866138930156813,-0.0009165209032896927,0
0.09377733455446072,-1.021472157506214,-0.1648317509950228,6.547967501562195,-19.58370353456822,2.8322989409487462,0.011435755237513515,-0.9821904468401087,-0.001068569839955497,0
0.09343826546047926,-1.011299420742206,-0.1630881215345299,7.105589895451756,-19.745856947918192,2.8632731438526413,0.013669004818635222,-0.9753981915917158,-0.0014059375685115773,0
0.09346100648881224,-1.005080248535999,-0.1605672434042014,7.4827830908988275,-19.843915672950388,2.887106080213252,0.01631900868384327,-0.9688747311402605,-0.0015280793220215836,0
0.09517605684309069,-1.0035497069658808,-0.15798059038900938,7.5318401872036596,-19.851370963787783,2.9283019119385703,0.019428669552778815,-0.9653024898127421,-0.0003865725654757896,0
0.10018616061621921,-1.0050802924716635,-0.15538452290563087,7.276834684191537,-19.783057991901533,2.994027359707281,0.02230998846561237,-0.9661552955127672,0.002419878865278133,0
0.10759730825177764,-1.008424937825213,-0.1524558649905192,6.921081973605894,-19.690674725201575,3.0653141117289904,0.024270448020405292,-0.9703703913383467,0.00580653138062261,0
0.11340684842778706,-1.013076964740993,-0.1491250287021972,6.697526602858395,-19.63288347771434,3.1087300816090653,0.02514750801632841,-0.9743679066250892,0.008238623621115911,0
0.11404158199395958,-1.0176903875620178,-0.14590429068492344,6.708818505282223,-19.652036539037766,3.1107496946598174,0.024799783702372662,-0.9748415238265823,0.00933459804793992,0
0.10991603592754318,-1.0197959895580249,-0.14396170320130094,6.888045701850276,-19.75926242486248,3.1001698968549487,0.02309304904382225,-0.9718617924931184,0.00991914621056822,0
0.10483295622583035,-1.0179384255443429,-0.14463977328066302,7.069093705497154,-19.92391754685375,3.1277126416503984,0.020756010436200987,-0.9685845288049925,0.010598136977738306,0
0.10237637243462479,-1.0137589553351682,-0.14836700087519272,7.082941087753511,-20.08520530877526,3.221757753901613,0.019077886982588416,-0.9679185831890663,0.010699659644078914,0
0.10303398742583857,-1.0107888526922528,-0.1538815857172097,6.83154278551194,-20.190005732466272,3.36636150785027,0.018269411573789043,-0.9697396417298253,0.008832377191588187,0
0.10400796359570798,-1.010307077628429,-0.15890117677745727,6.3272434861928595,-20.22281820535764,3.518458394423312,0.01714599095995894,-0.971082156318608,0.004561213150121964,0
0.10187791714830725,-1.0091557536736973,-0.16215564013987957,5.675822710799626,-20.198776454653412,3.641279014386308,0.015002062648996848,-0.968801543605781,-0.0005971589116808603,0
0.09648797262839107,-1.0033853022887331,-0.16444332750095142,4.997374005943503,-20.134573497426558,3.7236213763796853,0.012967196641503904,-0.9622871273815992,-0.00427669137023172,0
0.09192990401510369,-0.9940103226025763,-0.1668722225946169,4.34743535952239,-20.03203100227172,3.7714702827720767,0.012749759529494196,-0.9540024071891864,-0.0056062453424122255,0
0.09241522171805115,-0.9869938391942911,-0.16884543840254077,3.7144623272327384,-19.887277804065604,3.7819598677004898,0.014487555664727644,-0.947523571479461,-0.005988639794369556,0
0.09744671312660771,-0.9867058455604772,-0.16912848030146688,3.0763427473511697,-19.70911350444437,3.7305317275988115,0.016581726096092122,-0.9448677212982912,-0.007042301078226651,0
0.10238099837539087,-0.9912441221124599,-0.1680064507759785,2.4280673403338784,-19.520598490868814,3.593952087041322,0.01751943087257435,-0.9456433850191209,-0.008364438848022987,0
0.10354997650233365,-0.995611875322444,-0.16683131770617057,1.7566895216683809,-19.335872652263287,3.386657931501711,0.017320551074412823,-0.9485858269271669,-0.008223393984901522,0
0.1014131167250251,-0.998158634875228,-0.16622869946567861,1.0360953421939827,-19.13899210198017,3.16342967788803,0.017260805920339364,-0.9530781386271245,-0.0059852317593188115,0
0.0989274365466465,-1.0016486869561374,-0.16602072039273746,0.2823163505803966,-18.899937727823254,2.9798362432035272,0.01855894018083582,-0.9586899456930541,-0.0028100940231602957,0
0.0988712970306866,-1.008135862795253,-0.16593392103209484,-0.4055968573540432,-18.61614376361511,2.850645758355916,0.021268223055505645,-0.9642164855254405,-0.00013100581111774823,0
0.10281840708306272,-1.015489626378635,-0.16519125448278033,-0.9036450230045614,-18.323485571124774,2.743988191032649,0.024281923563450946,-0.968508299041227,0.0017577924115907478,0
0.11003478057110372,-1.0204771392803933,-0.16249048903018923,-1.173144962903607,-18.055688415057354,2.610252332717135,0.026485966831375038,-0.9721174045853488,0.0035898725060613994,0
0.11665124994937921,-1.0233190272548391,-0.1577356528385847,-1.2926255190629283,-17.80422769647409,2.4171213987713407,0.02769876373118308,-0.9768665481597508,0.00602779634710267,0
0.11844702988902034,-1.0269674815799958,-0.15296609581792525,-1.3709753901728643,-17.529322353658184,2.1679140164128206,0.028324603784848818,-0.983324083765834,0.008861183717547917,0
0.11542898311845286,-1.0327114659163261,-0.15020732830470537,-1.4431003539232643,-17.200136439158655,1.9007509102245972,0.028637863984925935,-0.9895248666497666,0.011377622721361773,0
0.1119902249060572,-1.0383684410377096,-0.14896874879666688,-1.4604878283994884,-16.815652606273712,1.6700515160002094,0.02876771685519717,-0.9926802740545762,0.013284872421378293,0
0.11213936374720465,-1.0405900683856018,-0.14734814842365349,-1.3718243888412995,-16.401601139015263,1.5116574510061254,0.028841568606885002,-0.9915769899912212,0.014683352468133782,0
0.11557565231266168,-1.0376848225621211,-0.14549565855320137,-1.1939184170498678,-15.999665808493253,1.415208804669819,0.028709543556288703,-0.9871154071049328,0.01516644059205542,0
0.11835976689307684,-1.0303333642177053,-0.1463659474693083,-1.0027783288282333,-15.644473566330834,1.3364229109292103,0.027859462243730593,-0.9813190900251098,0.013801304052623397,0
0.11702040703839228,-1.0208197544726652,-0.1520334855466397,-0.8752396505986859,-15.333401520199656,1.2389814506019012,0.026028535462817214,-0.976165303432996,0.010493352603886567,0
0.11205406505531582,-1.0121514150035356,-0.15999168814546025,-0.8524805041734916,-15.024410807350174,1.118026021847108,0.02378856670623006,-0.972736597048313,0.006906511436161139,0
0.10687616949549866,-1.0072376078280838,-0.16471631703512427,-0.9431709089789924,-14.673920045355379,0.9853857529404002,0.02210829233101228,-0.9710388314719941,0.0052933503234528605,0
0.10349648184264157,-1.007664221196226,-0.1634104280023112,-1.131116937798638,-14.272943344568233,0.8425371318536143,0.021278791491063046,-0.9706683639172542,0.006244706108786607,0
0.10106890573799314,-1.01251078608668,-0.15900750840809263,-1.3674499814409493,-13.845012468241915,0.6713795861417379,0.020602383443737528,-0.971514382776382,0.008069466951823097,0
0.09898018308085127,-1.0187639562828619,-0.1565783836668224,-1.565909244459353,-13.425344174704838,0.4521624268165765,0.01928552517943235,-0.9735319330218495,0.008739171331641291,0
0.09868688086094358,-1.0236837540796841,-0.15760508520236088,-1.6273149804406715,-13.052333647887533,0.19364285487622718,0.01749105651886769,-0.9760630013290691,0.008054089142702137,0
0.10111663174806661,-1.0268018060179778,-0.1590926879925187,-1.49717814852605,-12.760154393531057,-0.06025157348892409,0.016264023941544584,-0.9781784865191686,0.007375338277584236,0
0.1041726346277766,-1.0294274868784175,-0.15810475345149078,-1.22075617463922,-12.556248475371719,-0.2657152958338528,0.016208897952519757,-0.9800197280116318,0.0076120819287694,0
0.10435869721829535,-1.0326476972546046,-0.15549976715295794,-0.9304980407618525,-12.411154365610896,-0.42191633547236035,0.01643891188846263,-0.9829443057469499,0.008430978417940192,0
0.10019560332119705,-1.0360501701726101,-0.15428470767192462,-0.743784957619608,-12.285149396297049,-0.5712811047228541,0.015313075801379765,-0.9874941813079872,0.00943263156866943,0
0.0934764365870242,-1.0380743231058909,-0.1552410588156902,-0.6558132050851443,-12.15981716578708,-0.7553991828127876,0.012265817593781246,-0.9918197885228756,0.010910525404597799,0
0.08787266208744281,-1.0376706358064882,-0.15551599259422755,-0.5466930401788734,-12.035836603557613,-0.971902649127435,0.008657188565256392,-0.9932236962564303,0.012952268596193589,0
0.08671220138250395,-1.0356315954962831,-0.15210741150827498,-0.30375964127238697,-11.911598330607593,-1.1736675388437865,0.006795452573205123,-0.9911232560964689,0.01480963530702566,0
0.0909976632964125,-1.033543831944748,-0.14619487497615868,0.07622187339112226,-11.777124530188413,-1.3127774260455356,0.008050256301586511,-0.9875657283956213,0.015850577190872447,0
0.09825140469247656,-1.0315043485226953,-0.14229363429020142,0.5141999200541146,-11.626759896733349,-1.3897076140945686,0.011708859585942106,-0.9847719513107267,0.01640267631882998,0
0.10382676467394253,-1.028258953201176,-0.14266587749138282,0.9516650413425378,-11.473719335998615,-1.456055080839277,0.015786615505774503,-0.9829955631320939,0.017102272855142448,0
0.10484853578838545,-1.0236859915843493,-0.1447507804904276,1.3867778907918655,-11.35301214330507,-1.5637277872000688,0.01898496314142573,-0.9810503257918359,0.01810123211183882,0
0.10283242894163114,-1.0193573791797883,-0.14491893685312754,1.8079260939844628,-11.304439074299236,-1.7161295309775881,0.021355399842887125,-0.9781309795268093,0.019412519059412808,0
0.10155842749449967,-1.0161183301502548,-0.14234516956863094,2.13920633533792,-11.340560866033151,-1.8747600284891455,0.023090322365489177,-0.9743985931061854,0.02131444786822893,0
0.10284117946947588,-1.012866012532989,-0.13842175042345414,2.288314653023907,-11.424414915572028,-2.005590801276473,0.02375604283938073,-0.9702403189362634,0.023800931428601138,0
0.1052900822044166,-1.0086387723562489,-0.13489554404422419,2.2346468805643402,-11.480669505572184,-2.1061556404840975,0.023237913769773313,-0.9661274502931669,0.026143522177555414,0
0.10670328218817396,-1.004584546249988,-0.13335480698222607,2.0435090219790175,-11.435928830061378,-2.189155892163854,0.02263518072784342,-0.963513836160128,0.02751969928215523,0
0.10668583979847167,-1.0030986582706123,-0.1343221561234977,1.798747684406482,-11.256393304124655,-2.2557369149776254,0.023537099183072428,-0.9645840844286974,0.027821949094070535,0
0.10686883618671422,-1.0060520105541386,-0.13614408812692597,1.5467138072621576,-10.95521193701355,-2.2948379704249997,0.026576201660655805,-0.9698342035306222,0.027602819671942645,0
0.10892188053906947,-1.0139126778375231,-0.13622819990323878,1.3122408849918337,-10.57639352640497,-2.301726408253265,0.030870284067536957,-0.9766284478192165,0.027436691613429015,0
0.1125493725806089,-1.0248783113035076,-0.13350757164277746,1.1413969858363342,-10.179336131154447,-2.287066133242306,0.034724739816033946,-0.9816600246342355,0.02761711101515564,0
0.11572293692709675,-1.0346643433943745,-0.12878991285562558,1.0942584669141733,-9.825096855759165,-2.267839439406052,0.03676345272324455,-0.9844208171448239,0.028452464387541378,0
0.11710204821789083,-1.0392482056649455,-0.12351161111181141,1.1930019970397423,-9.554454384051821,-2.2507976007451074,0.03652022102026794,-0.9867050880027582,0.030367147619711425,0
0.11781838805674298,-1.0385432684199163,-0.11950583079143128,1.400368293755276,-9.371704179422172,-2.2202683649560213,0.034389182231897866,-0.9890571038014285,0.03326293554703188,0
0.1199161219484115,-1.035777536357873,-0.11893816442050209,1.6570502990952625,-9.250632558737877,-2.1441369276251683,0.03147703464811983,-0.9896265290574536,0.0360284351269481,0
0.122827607772956,-1.0329894218529725,-0.12241765101304253,1.9208607571014744,-9.150513649677373,-2.004487005522683,0.02933091448898552,-0.9868383983930953,0.03711031731952552,0
0.12282620377515505,-1.028929330455395,-0.12763940069948773,2.158457101676319,-9.027449895377792,-1.8261367682154181,0.029045103401109384,-0.9815378600176997,0.03554352428305379,0
0.11733491819566151,-1.0218468344117502,-0.1317092782908247,2.319969104658235,-8.84647854976241,-1.6631496963005004,0.030285809178473774,-0.9757787396771858,0.031513969813076734,0
0.10910072565464,-1.0127607524825943,-0.13426865823886105,2.34665790611711,-8.595208205349962,-1.5520130020298324,0.03158480457769333,-0.9706727856216781,0.026409705301798054,0
0.1045592206354354,-1.0050053376834125,-0.1366404270925394,2.202866333098153,-8.285446119090446,-1.4869293468422669,0.031845847905662764,-0.9662384749857358,0.02233926050202696,0
0.10780676642034978,-1.001294245579234,-0.13883040402580404,1.8948360030961255,-7.940971200420302,-1.4420515634837845,0.0312828002502146,-0.9626564868891488,0.020929216446204248,0
0.11678638893842899,-1.0023064768815704,-0.13952576821334695,1.4740237031039487,-7.585462860138102,-1.40379632181837,0.030797771268067507,-0.9609079005902291,0.022304593225564218,0
0.12530831791605412,-1.007568350799961,-0.13830989550192546,1.0384337560783576,-7.238199267445299,-1.3724973968412975,0.0309251333702,-0.9621821622035485,0.02559374343325179,0
0.12818522778244376,-1.0156120206246886,-0.1354785911769154,0.7137295158412282,-6.916502832185912,-1.342634664248017,0.031628208008549596,-0.9666677524013639,0.030267551106308934,0
0.124490552819546,-1.0229025992230267,-0.13029161708967155,0.5941786474753045,-6.64208170062798,-1.299664349944952,0.03255593255287082,-0.9727882979007244,0.036191458623884815,0
0.11685669557294079,-1.0251952594058933,-0.12248819123032209,0.6828685567146932,-6.438463157200849,-1.239507219609082,0.0329879144710478,-0.9779777300636848,0.04243005721544139,0
0.10874154813608729,-1.021758229250729,-0.11561473977180663,0.896912619477826,-6.3110790775704215,-1.175232085747926,0.03198052178309174,-0.9807629125281354,0.04712536882611164,0
0.10265693518773682,-1.0169633094519785,-0.11492977530958852,1.1343422334479007,-6.234473225670461,-1.115069449857125,0.02922505763400062,-0.9818905279615155,0.049079410900281346,0
0.09990922272369665,-1.0160095589697737,-0.12034134630260397,1.3310614316052582,-6.17425418731168,-1.0462112950276996,0.02557359684680013,-0.9827760298289714,0.04885035603189578,0
0.10022915722890617,-1.0194004696255805,-0.12522790646805126,1.4656445711024155,-6.1223963380691115,-0.9522361674107677,0.022242092404409813,-0.9832057252096447,0.04779550416937284,0
0.10122146816271577,-1.0227138575190589,-0.12464756834872531,1.536130954687789,-6.102465489055197,-0.8381146940985308,0.019762392322148156,-0.9816936926336234,0.04637735295037234,0
0.09982992220493458,-1.0218086967637567,-0.1210846703329345,1.542652897011004,-6.142712044260156,-0.7245597049019524,0.018180460710479143,-0.9779842291217348,0.043958688356547274,0
0.09584692878700746,-1.0173792536183552,-0.11997025670114711,1.4815742926420068,-6.250003647271661,-0.6201382748605603,0.017746131809136756,-0.9737823838660004,0.04021710798882097,0
0.09332777424653876,-1.0137279919676585,-0.12317640590219175,1.3487825468123433,-6.405734658426445,-0.5129882637126333,0.01855062959774216,-0.9706535300423572,0.036163843400408485,0
0.09665683591188633,-1.0133097096971744,-0.1285275504335694,1.1533553975160888,-6.582305914888217,-0.39443413457279175,0.019908294243396005,-0.9683645031501915,0.033403946181652745,0
0.10463252048943084,-1.0137660726932847,-0.13266362236310952,0.9261658269157969,-6.765860246513779,-0.27595242479435206,0.021056208908477293,-0.9658041855645759,0.03266707821561035,0
0.11034746592061291,-1.0114234663586046,-0.13352680869563785,0.7000469527752196,-6.961816084830343,-0.17029182922047875,0.022070779391179116,-0.9626851804781663,0.03338451487913487,0
0.1089966126823245,-1.006575722997863,-0.1317236855426412,0.47631828366828965,-7.172433525237951,-0.06869318315390693,0.023133028140946265,-0.9598310019150169,0.034521100583138266,0
0.10469359333012242,-1.0028978635569645,-0.12890331505581937,0.22409347338263047,-7.373167698008492,0.04355091375969306,0.023418719831294288,-0.9583419702580441,0.035471218963312984,0
0.10635110259829217,-1.0020037957699053,-0.12466662241703362,-0.08139671927321677,-7.524217216110955,0.1543919129653015,0.02194896436848597,-0.9588369971438107,0.036115424015501024,0
0.11617301997458873,-1.0018503908845264,-0.11811593156639323,-0.4315505411018187,-7.607353935430279,0.22905006825360466,0.01925276736323427,-0.9611226555551702,0.036337406771880895,0
0.125448441674296,-1.0012970719409746,-0.11237242964926505,-0.7964040242295517,-7.640548508596372,0.2515433482031949,0.017024488121892837,-0.9643961217094004,0.03596453892399627,0
0.12421526344353644,-1.0028041136606496,-0.11254001108794105,-1.1412156634172446,-7.653576652918542,0.24794905106764814,0.016316818568169068,-0.967976191518619,0.03534787999884367,0
0.11293936712232332,-1.0085123732511112,-0.11816863340938953,-1.4202613842661962,-7.657417496775812,0.25945012243728643,0.017001558186651503,-0.9716760473883297,0.035552249745774686,0
0.10148307612940156,-1.0160797117303575,-0.12226233286995634,-1.5810683703592698,-7.640154715845633,0.29961763793297086,0.018602415293252236,-0.97517267893358,0.03742327645699909,0
0.09782856098858446,-1.0208784226359644,-0.11926846450850032,-1.604570786400649,-7.5887497236104915,0.3468413065593096,0.020642553411851238,-0.9775436233487148,0.040504828121924755,0
0.10129933081117597,-1.0213129144507416,-0.11147368517353394,-1.5338276491198417,-7.5111511117018415,0.37413029990680935,0.022535296832377462,-0.9782187322505854,0.04324011745936348,0
0.10658291111570874,-1.0202699157981314,-0.10642593046312689,-1.441194377930628,-7.431688323443095,0.37493140147605475,0.024068520907018425,-0.9780598817990602,0.04421689769535209,0
0.110634637621825,-1.0213333215201141,-0.10897904178030848,-1.3710650845383965,-7.363763877315172,0.3577876749034399,0.02580274230499716,-0.9784861608748706,0.042984012295823514,0
0.11394519244256607,-1.024309172347812,-0.11661653485037385,-1.3329511384756023,-7.29695704578272,0.326093362335729,0.028485601208738377,-0.9794894395464931,0.0399154791927413,0
0.11744699020523881,-1.0253823928788228,-0.12283011768335447,-1.3460423469282121,-7.214440933221232,0.27258898162684153,0.03233837907116412,-0.979415043339206,0.03586272736386793,0
0.12075067960984391,-1.0219974275526589,-0.12468316238733013,-1.4624070525279689,-7.109865743686038,0.1915226467228899,0.03697120110038727,-0.9770227258923545,0.032012597766095344,0
0.12310207259206861,-1.016140755658506,-0.1258207113009956,-1.7242667960050522,-6.980178564673584,0.08715236582166011,0.04146842313430452,-0.9731747898569998,0.029517418826330553,0
0.12459289681636629,-1.0117174246068912,-0.13114360743382106,-2.098712249814699,-6.815098328375297,-0.032484264529191176,0.04469749651431385,-0.9701029500810964,0.028756553974344626,0
0.1259760045977013,-1.0102346825685364,-0.13960011546750814,-2.470737145843357,-6.606846159717125,-0.16386058398506417,0.04619206671354758,-0.9692895375512656,0.029081971783360822,0
0.12763649732937835,-1.0104539708560454,-0.14450434373593704,-2.717653429557631,-6.366125178755737,-0.30548564234364667,0.04653056083462036,-0.9703368665117642,0.029685987612458574,0
0.12911181372057037,-1.010900683083755,-0.14133006415662455,-2.7976985377655526,-6.116643778415895,-0.45047730114696505,0.046378870870490224,-0.9717278396191381,0.030551782618578386,0
0.12957683955395688,-1.0113484114504139,-0.13303728167964587,-2.7675170214281946,-5.871421077130055,-0.5870663192284982,0.045736128306119936,-0.9724197184274715,0.0320404781209927,0
0.12851043169028317,-1.012692000903298,-0.1263658164490538,-2.718311482284322,-5.622181587893733,-0.7073072888857596,0.04458200919840154,-0.9727326729411765,0.03377198453916253,0
0.12618675429741402,-1.0160049540991778,-0.12441052310611125,-2.6986570723073995,-5.3540662253348525,-0.8115865987290486,0.043335998383652596,-0.973828550933785,0.03463818507495439,0
0.1239122486034157,-1.020825651480776,-0.12489515815024761,-2.6922673634329097,-5.062405361102608,-0.9048370017436745,0.04208622920290849,-0.9762544453065325,0.03389126251374268,0
0.12306018894521079,-1.0242161652623614,-0.1251895866936925,-2.655795038776016,-4.753300658609475,-0.9948944909631726,0.040396919266065555,-0.9789346736355022,0.0317078900199202,0
0.12333171803587355,-1.022901655446997,-0.12633156432600548,-2.5685844208560673,-4.437247082451314,-1.0927644990400984,0.038467476302172884,-0.9798409508480993,0.028888023640434073,0
0.12307236944254024,-1.017006732646419,-0.1304260049832921,-2.454233006115171,-4.125282872040503,-1.2020351937695326,0.03746626729428454,-0.977956683001345,0.026541415771911173,0
0.12186715509118198,-1.0107073647447717,-0.13545342206232433,-2.372019703272135,-3.8253920399863697,-1.3070606242229263,0.03817430051946538,-0.9745699640563994,0.02577739647952519,0
0.12126788315820165,-1.0086085980695636,-0.13585774265872044,-2.3845910042823393,-3.5432031199053147,-1.3841832951489867,0.0399993684819516,-0.9724030021760164,0.026942926218584913,0
0.12212737940882923,-1.0120731167709036,-0.12938414499712983,-2.5061621497349478,-3.292621576929809,-1.4251242657561376,0.04148263660054316,-0.9732658427592247,0.029118962439577182,0
0.12289148400075464,-1.018771274912397,-0.12066721145446041,-2.6672166079499453,-3.103436434910886,-1.437555077583547,0.041302979707039326,-0.9764406261237247,0.03087877108639067,0
0.12175263250200609,-1.0243555934459645,-0.11603308915043259,-2.746302622265361,-3.007094771708766,-1.4257551065976566,0.03913967847234029,-0.9793890604892013,0.031663176718039324,0
0.11918684028932099,-1.0249579276807006,-0.11688350258218563,-2.6589802979205817,-3.007775787260599,-1.3859369853510428,0.03616143148411526,-0.9801653122156788,0.03221136666922185,0
0.11716201132547241,-1.0203549210376635,-0.12013739908436383,-2.425788734813617,-3.069970576521283,-1.3185729058853553,0.034366478930823584,-0.979027482274949,0.033607345003690274,0
0.11704920390128962,-1.0151946467977544,-0.12308859118624761,-2.158553419860005,-3.137908699209433,-1.2306777460166285,0.034989262535137594,-0.9775270126475812,0.035843047337919196,0
0.11938957208274806,-1.0150295413670785,-0.1256197583201157,-1.980991788216035,-3.164633508529533,-1.1291453394985305,0.03760661402493962,-0.9765302628229049,0.03733616372067508,0
0.12405023788629997,-1.0198242256296106,-0.1286299462454826,-1.947464587883292,-3.1232768103555464,-1.0262409534021597,0.04072706819965037,-0.9758693136175102,0.036309767196818644,0
0.12906787307672368,-1.0228578413639757,-0.13186647511137797,-2.015260554278136,-3.0052911241695037,-0.9459077594329531,0.04302084217128499,-0.9754721247494106,0.03284124250255395,0
0.1310470430057244,-1.0181760060583391,-0.13357940025696913,-2.0875766156836146,-2.8250883314709365,-0.9050348045996585,0.044096980570793094,-0.9756092446743114,0.029036461965122235,0
0.12864041322464834,-1.0085640030772813,-0.13239881045252316,-2.096612088550585,-2.6224965140249643,-0.8876830481074942,0.044387909020054676,-0.9761085686068937,0.026927813650479464,0
0.12456499776963753,-1.0035477695280344,-0.12957433129571372,-2.058046864506828,-2.4363860500140073,-0.8562290811345619,0.044523872568369,-0.9764863923257912,0.026627608551289816,0
0.12279036145840452,-1.0089431585944226,-0.12859786884782712,-2.0427317764786515,-2.264302966566184,-0.7951179453775026,0.04492845116499129,-0.9767810072476598,0.026779576346187408,0
0.12457585368731738,-1.02041625011692,-0.13168200011294634,-2.0944675304263143,-2.0660486836549135,-0.7297614266651435,0.04573386909243929,-0.977190819916948,0.0264477737510257,0
0.12808062614576818,-1.0282577655455236,-0.13668053334935415,-2.18949867422576,-1.8199028223602074,-0.6927618143417993,0.0466698420478057,-0.977089841909532,0.02608919627134872,0
0.1308375732533319,-1.0269716349185067,-0.13852595238643692,-2.280661762771815,-1.5557041449961748,-0.6821070204970121,0.04714208626039556,-0.9754867524710523,0.0266558464375652,0
0.13155509532572407,-1.0190503333316336,-0.1343938795551078,-2.354774571141563,-1.3180176784701725,-0.6631727815076486,0.046833356050772705,-0.9724545852065954,0.028223928201138875,0
0.13031840691669744,-1.0108276643002703,-0.12706390112433527,-2.4227020763874445,-1.1202093125899377,-0.605601025858439,0.04618933758129421,-0.9693836602300689,0.029898225551735283,0
0.12873415995560303,-1.007140249765453,-0.12246791400635162,-2.4714752484010427,-0.9533908796203139,-0.5109449095988319,0.045940454887023044,-0.9677523342238498,0.03087753587200455,0
0.12972725393931603,-1.0097572409550146,-0.12371814397530455,-2.4643448851015726,-0.8147810691307635,-0.4110362729368034,0.04618326579180402,-0.967968614765482,0.031179724242120184,0
0.1348722661030415,-1.0173972198809904,-0.12809716013295477,-2.392089215173611,-0.700174057444344,-0.34777849520051857,0.04639190858333211,-0.9694283066361897,0.031281854375390876,0
0.14106269238830296,-1.0254497996830452,-0.13060167838988082,-2.294275973327997,-0.5857858124497292,-0.34820413808010325,0.04640968033867377,-0.971513804905683,0.031464940773466274,0
0.14233648056380813,-1.0286053138414903,-0.12981668272269958,-2.2172749572934523,-0.4462883000445024,-0.4058775630767284,0.04686797890944701,-0.9742223400675056,0.03178240424754362,0
0.1367709394199059,-1.0262931301431018,-0.1286857338258291,-2.1716138827542277,-0.2863318519009704,-0.48407853376013554,0.04828074341799126,-0.9774834028959797,0.0323696026732049,0
0.1293296935567423,-1.023651736654247,-0.12966419901548148,-2.140366126407721,-0.13309551182105653,-0.5436034850539011,0.05009604684866629,-0.9802070864600207,0.03333425714129135,0
0.1260026040744534,-1.0252260989690816,-0.13144246133497328,-2.1058877445604485,0.003597247150495234,-0.5698408059649963,0.05103912072873677,-0.9809653858713993,0.03446951427111123,0
0.12738042918005735,-1.0293202090321947,-0.13121036951320464,-2.0490172347559765,0.14424684686433012,-0.5721212974371257,0.05033994554108776,-0.9797511367094742,0.035618647931649594,0
0.1296935426737574,-1.0301816751264858,-0.1280026143167977,-1.9385447307398598,0.30114911930708854,-0.5615384932592263,0.048491176059606,-0.9781514784712,0.03724006164869679,0
0.1297319551600281,-1.0247749178926435,-0.12276637182999629,-1.751367545088304,0.4404622425528483,-0.5379094110935844,0.046769505895725275,-0.9775318813884347,0.03978496855018103,0
0.12702864542577885,-1.0162679846542784,-0.11715973668245151,-1.5113857808698206,0.5016422421279054,-0.49995939020706653,0.04595250345539527,-0.9778360030195812,0.042425785376464874,0
0.1232053395617957,-1.0111474078315705,-0.11342936673874722,-1.2954296495191768,0.45338724187760476,-0.45741703154133534,0.045447571981291006,-0.9783297752345113,0.043455063611822276,0
0.1205441544289462,-1.0131929148848253,-0.11356959018978842,-1.187887506123678,0.32165954687564885,-0.42226839835829555,0.04372073260388493,-0.9786952528189778,0.0422821673036308,0
0.11999272713271929,-1.0200291496525418,-0.11712914949309518,-1.222458428370461,0.16760169156427762,-0.39189517168721344,0.03970965331788388,-0.9790646433940424,0.040055010179538386,0
0.12008856088178327,-1.025691989786677,-0.120858428191713,-1.3604688664922475,0.046062344087010265,-0.34938426402271616,0.03395094856355181,-0.9794776139001492,0.03801183946935927,0
0.11870629752739723,-1.0265789512703305,-0.12175598338401024,-1.5243905459689753,-0.019208212982109903,-0.2795237736562249,0.028420833048770588,-0.9795649775693059,0.03619209524434185,0
0.1157103203452397,-1.0241456535202822,-0.12053163128761626,-1.660936707660029,-0.033792807706639144,-0.18237852108933383,0.02525402221590723,-0.9786479185516755,0.03405104537281398,0
0.11299654842261646,-1.0218073448701042,-0.12162977031716328,-1.7735519207694486,-0.018190675954946174,-0.07575057994733989,0.025374168290886404,-0.9762334887350953,0.03144434374193771,0
0.11193606417815527,-1.0207288254668367,-0.12901952633740996,-1.8904732575766101,0.0036288048270060446,0.012609107026810997,0.028062604769042803,-0.9725438700101761,0.02867521850982356,0
0.11159225532033548,-1.0194989571255997,-0.14124148241592105,-2.016871960063343,0.011208495500675944,0.0585603203381459,0.03163395123565754,-0.968533763200464,0.02624493693206368,0
0.11025121314212684,-1.0169900322691283,-0.15127141333545402,-2.1419153731559986,-0.0036617779152992164,0.05340570869068735,0.03443485169466747,-0.9655491467369037,0.024852473781133623,0
0.10842917482676115,-1.0144751919226072,-0.15260338424926514,-2.2836644762518565,-0.027998321105375062,0.007012359791963029,0.0355784000500008,-0.9650197045734473,0.025069302740511584,0
0.10877483793004661,-1.014627196419809,-0.14540640096715748,-2.4856089958593284,-0.0323733338273647,-0.060444314107502235,0.03541002997171324,-0.9677651474122277,0.02660949857428213,0
0.11249324988550109,-1.0183177994483597,-0.13582529022692147,-2.746988554044866,0.0029106214333971575,-0.1341113825818516,0.03523430420555822,-0.9728443760707493,0.028322238823011762,0
0.1175295566244627,-1.0228220143222995,-0.1297548629952082,-2.985353302147729,0.062461753023214994,-0.216039603924226,0.035940435144618345,-0.9774896183037737,0.029306064686653293,0
0.12099113246124613,-1.0242116296955335,-0.12852738847589615,-3.1090929878870694,0.1058064540819648,-0.3202178609408512,0.036923632407489144,-0.9791541656003654,0.029712413672308206,0
0.12182792646201665,-1.0215779650893815,-0.1300695658648691,-3.1236251604115846,0.1093262616217697,-0.45254875426548663,0.0369375442535145,-0.9778405390363848,0.03021581851068007,0
0.12058006615492696,-1.0177073807015613,-0.13210666158930742,-3.1307778250240617,0.09310162417910853,-0.5993142759086612,0.03588113836514457,-0.9759700391563156,0.031162712295139415,0
0.11821218585991751,-1.01555447962497,-0.13351519682298968,-3.215813449195961,0.100752922010848,-0.7434317764474064,0.03508507005084073,-0.9757996789261382,0.03239786487292513,0
0.11616747557493501,-1.0155821805374583,-0.1341051574060879,-3.3589371809851434,0.15684180820140986,-0.8856019030053512,0.035757751975254715,-0.9772581021827718,0.03334466589949895,0
0.11613728466915224,-1.0165735629603945,-0.13436940843364717,-3.4648413968731893,0.24892789399284299,-1.0313533514254458,0.03757545251220511,-0.9785258434161284,0.03319711269565069,0
0.11845596626606081,-1.0171659232293653,-0.1349493980759256,-3.4596026975288248,0.34564304666005424,-1.1593830778474075,0.039005766662972036,-0.9784173844838437,0.03170823970640648,0
0.12146389193940621,-1.0164942542228785,-0.13555886392366104,-3.348738772400009,0.4225999918102439,-1.227479363671072,0.03897333883726325,-0.9775341386968659,0.02982577263985625,0
0.12339600141228038,-1.015112184437442,-0.13457029667771667,-3.1973082468675056,0.4718727496829719,-1.2188684371880683,0.03806857421929019,-0.9769485140702336,0.02888556516960466,0
0.1242867481724904,-1.0149992832386912,-0.1302885075970017,-3.076728704419312,0.4964303532069162,-1.1650313259832674,0.037846904818370455,-0.9765474080109114,0.029140596149584332,0
0.12516374991251913,-1.0168251621975015,-0.12326860852304498,-3.033865933193407,0.500548518065593,-1.1106396907644653,0.038866700935275056,-0.9753842765848307,0.02972499605004538,0
0.12577844377899314,-1.0179265635281414,-0.11738324409558383,-3.088169850209027,0.4851177806779399,-1.0679922105476811,0.03986238630588331,-0.9732863443255074,0.030061833965653793,0
0.12435966747314918,-1.015214838824843,-0.11746923744400069,-3.2291385373979344,0.45301255187986195,-1.0232529825378882,0.039316432348510795,-0.9712611828945966,0.03038965260519798,0
0.12026494800941245,-1.0095370770723686,-0.12485561398813938,-3.4098393302734524,0.4175330138930999,-0.9827810222696767,0.03754300507418712,-0.9702396591402918,0.03053634436313751,0
0.11590402800907203,-1.005010069451588,-0.1354796932552981,-3.565816911453217,0.40084358804798054,-0.9861773895732328,0.03641334869653475,-0.9700943304643195,0.029180112799998124,0
0.11444752750778632,-1.0044248117688703,-0.14317022957469142,-3.664198591055251,0.4244167384679296,-1.05775115695048,0.03695022541134672,-0.9702233520889482,0.025360454158869658,0
0.1159092850452783,-1.00716686039056,-0.14489046083171817,-3.730674041616933,0.5033147700516646,-1.1610029211996338,0.03804795149758668,-0.9706679713906394,0.020355494607372838,0
0.1172090537647504,-1.0112685032197881,-0.14250180088491965,-3.810464565337065,0.6429959212973281,-1.2215236117302324,0.03792348948259932,-0.9722179892133779,0.01695456223093477,0
0.11620683443129734,-1.0156086846413914,-0.13973861688876726,-3.9014002927159988,0.8297993458907447,-1.1932270374920728,0.036110104507806155,-0.975439563719888,0.016601812975059815,0
0.11409632405887293,-1.01985543664221,-0.13862976055970588,-3.939670604484138,1.0220094579806276,-1.0938917816277736,0.033621741322263754,-0.9796930680522842,0.017908759381354174,0
0.11335892813998444,-1.0235869933167172,-0.13931418019944625,-3.858583751505495,1.1612484317077156,-0.9805126734711523,0.031795346932798,-0.9831798413497543,0.01829224427017211,0
0.11458843570316686,-1.0262658590302904,-0.1417267148116782,-3.656331794696793,1.207375779918705,-0.8983424208083,0.03133360428126566,-0.9842387578286806,0.016670661439283987,0
0.1160258035513132,-1.027743450990539,-0.14578903543117402,-3.4017512706091018,1.1690160474801723,-0.852525606144639,0.031864484138745125,-0.9827287110393794,0.01430394245802523,0
0.1153894539599776,-1.0281817978067245,-0.1505048560980482,-3.1758657468899716,1.0975258211656687,-0.8219222782216878,0.03202544838905783,-0.9799395568783816,0.013269791496049246,0
0.1117366560557346,-1.0274106350453023,-0.15389624855975323,-3.0122987239562042,1.046479734430037,-0.7931948374030662,0.030457111633940975,-0.9772637958727453,0.01438762501996977,0
0.10661817438180882,-1.024877018621378,-0.1539708151842253,-2.894555087879881,1.0343332228708502,-0.7740220106935664,0.02720071694290586,-0.9753238876900354,0.016463418413923923,0
0.10379606870815318,-1.0206839549617786,-0.1508094085572947,-2.7991813584450274,1.0454098779011851,-0.77349408959882,0.024006080452954423,-0.9741468495727039,0.01718328492620541,0
0.1062676565919866,-1.016607071503781,-0.14819725020331811,-2.7248886630481297,1.0651597923590435,-0.7829815756264177,0.023056465682392453,-0.9736085406468894,0.01487128072620276,0
0.11270760318507392,-1.0154408406277748,-0.15056035314390664,-2.6781986593721196,1.1073342198963712,-0.7849668730219133,0.025399910195458328,-0.9736779165106123,0.010057770597877505,0
0.11835396666274274,-1.0184749827539528,-0.1570571891749247,-2.6436251781887776,1.19790834800699,-0.7727148105864792,0.03041209957721105,-0.9744031132856992,0.005456639184889036,0
0.12050211100703538,-1.0235645884405549,-0.16184168673044394,-2.57841419818649,1.336339422769433,-0.7542536065015201,0.036288046038057756,-0.9755732945363975,0.003756794495002296,0
0.12149725821140205,-1.026661452374319,-0.16131371409192277,-2.44280684526654,1.490171096358045,-0.742973042538404,0.04100914137484645,-0.9765945948325502,0.005342175181135574,0
0.12473040000720186,-1.025741305850591,-0.1577299497961718,-2.239749821452925,1.632682479556874,-0.7486393311693967,0.04346059772717467,-0.9772034171673518,0.008713635891703118,0
0.12937705379798795,-1.0228190996536548,-0.15446699279434872,-2.021037966794648,1.7664114307953755,-0.7716325334945147,0.04407580353620751,-0.9781877506217107,0.012821741231540862,0
0.1315278528956309,-1.022096853753352,-0.15088085366627635,-1.844314900752012,1.8976909022748247,-0.799553335072873,0.044169221477561534,-0.9807063269224776,0.017971344922068668,0
0.12959566044237958,-1.0263825915215414,-0.14373288887530603,-1.7140837218985667,2.0068056107403667,-0.8088945479617975,0.04431321431273166,-0.9847171300009404,0.02439056709313337,0
0.12606669889763847,-1.0346384960461203,-0.13227378924097313,-1.5595000724058448,2.062986844247086,-0.7748123940276399,0.043625357906713784,-0.9885532842694471,0.030779195220780847,0
0.12402849728072846,-1.0421048877358485,-0.12064771079742027,-1.279641323948487,2.06144995423691,-0.688596482790735,0.04117214351849554,-0.990206643261833,0.0347797099971966,0
0.12396039736339727,-1.0432145614267032,-0.11524655390606411,-0.8350757049156928,2.0336482977372956,-0.571192402900478,0.03790753244776505,-0.9886485939887587,0.03498090722727572,0
0.12419299638305696,-1.035778626437648,-0.11922564679769364,-0.31145778163965954,2.025970547884816,-0.4625133882221235,0.03628992466497303,-0.9838718007169983,0.03244631761934739,0
0.12322661307845345,-1.0230424081424088,-0.1291035227169675,0.11454638289567465,2.070991681768933,-0.3863649063037767,0.037475145833157225,-0.9764866589090262,0.029914933870855684,0
0.12118387101905775,-1.0113094479591438,-0.13732175184302295,0.29541165550115345,2.1678042864334253,-0.3268165455709328,0.039535761176106306,-0.9680595058634623,0.02932204268673468,0
0.11930390739682731,-1.0052043385212182,-0.13877327971925824,0.22197611666104033,2.2844465777653076,-0.24738928087123976,0.03933022550631314,-0.9613110354304404,0.030536180171815752,0
0.11796625047369169,-1.0049202091642637,-0.13446308869717338,0.023850174637557956,2.387964514142665,-0.13126463344796885,0.036027569776734804,-0.9586595146810051,0.03249392898595025,0
0.11551780935963264,-1.007060007354273,-0.12865620615803802,-0.14169842208988828,2.476873904973066,0.007194185546479015,0.03203226938322262,-0.9601740799116137,0.03465662199830308,0
0.1102502064220348,-1.0076369280981445,-0.12386375758293589,-0.20720917393312255,2.579045716492319,0.1488312463262959,0.030322206676716215,-0.9635757072246561,0.03699735939153013,0
0.104162124034674,-1.0054709564048832,-0.11990078655659157,-0.20875480367417396,2.717396224220621,0.2940234272029015,0.03153400586011385,-0.9664235573138135,0.03930780964762878,0
0.10314709625674302,-1.0035334622238001,-0.1165909042943642,-0.20287257277259396,2.8839842552530333,0.45361721355775686,0.03391417683570919,-0.967885640077539,0.04110835324991445,0
0.11098216818070702,-1.0058382800424441,-0.11497219958222622,-0.19827334996769636,3.046409614791887,0.6214343600751014,0.03553066209292067,-0.9685594868687921,0.042126018812358564,0
0.12352266357858811,-1.0123976097311729,-0.1155265887776926,-0.17489192670309645,3.1709217621047996,0.7662126132051352,0.03597166292159177,-0.969367553085407,0.04271856348015678,0
0.13185374574881156,-1.0186416885990446,-0.1169435211010211,-0.13928446309339962,3.2381503543317027,0.8591002184971898,0.03611106118150818,-0.9708873671803492,0.043758879529975286,0
0.13165264176493116,-1.0204855134967916,-0.11745009872531921,-0.12774658715183568,3.2458860291372322,0.9089975283799099,0.03691383229887043,-0.9732208220052208,0.04582863835701426,0
0.1267536155226577,-1.0186370000731888,-0.11632277825703931,-0.156440292388829,3.2075350454398093,0.9573671083171816,0.03877110147924541,-0.97593228009757,0.048487372388001625,0
0.12351336763324593,-1.016969180345796,-0.11374200638768543,-0.19628915349452475,3.153099244006025,1.028822970309098,0.04156519330166145,-0.9780186525819103,0.05070659789173162,0
0.1250173482077902,-1.0174329567615052,-0.11071093147190308,-0.210904307787152,3.1286323399432265,1.1013674179281625,0.04483862071228715,-0.9783480166934898,0.052039011212233185,0
0.13094667428857512,-1.0178781458525783,-0.10946208594857297,-0.20380701573585286,3.182936155537134,1.1387980880930375,0.04794361214176843,-0.9765822964491819,0.0528729217677444,0
0.13923667927131683,-1.015235682487748,-0.1115975330004155,-0.21293847450110853,3.3398691361627715,1.1341292158023184,0.05036747297150848,-0.9736007831237721,0.05348674713265334,0
0.14645641856674538,-1.0097708664873306,-0.11497503588351735,-0.2677825646105122,3.5796773976718756,1.10272434788835,0.05194387911065947,-0.970723230191467,0.053486951340359135,0
0.14918200785739122,-1.0049713513577396,-0.11521565840748903,-0.3645961545367217,3.857348784113132,1.05194900098103,0.052770618961451375,-0.9687301962916534,0.0526137379168654,0
0.14668809006028347,-1.003719546602321,-0.11140137572443004,-0.4785609135032522,4.143032962689156,0.9810445422227985,0.05323010980506501,-0.9678574439992568,0.051789558504601145,0
0.1414974012417492,-1.006044570760127,-0.10701837354010754,-0.5908692332006227,4.434007821916873,0.8985842531716398,0.05394454219061423,-0.9681252436326054,0.05261722535203297,0
0.13709066391011526,-1.010501152087148,-0.10423554353644685,-0.7001345209001503,4.725255990517457,0.8196036364747468,0.054993401762815884,-0.96914720210935,0.055424221361515945,0
0.13576009373980594,-1.0158647542925063,-0.10143630653780303,-0.8072643279691647,4.98586969570458,0.7523588429856518,0.05514837003637672,-0.9701974833823321,0.05832138113605098,0
0.1376910361005032,-1.0206101104301546,-0.09815793769348605,-0.9037131630277094,5.178616052407827,0.7032431841304958,0.05281496379608719,-0.9710150340756547,0.05892844807641401,0
0.14028141251815124,-1.022375070976698,-0.098158547539157,-0.9929609191955433,5.297045194739187,0.6904538461303765,0.04816757155948438,-0.9720202486229362,0.056764054747996985,0
0.1389125375860664,-1.0201196260059733,-0.10420436148573656,-1.1114691336463645,5.371129313647541,0.7382933877559508,0.043542871829299494,-0.9732800161524486,0.053286440132702825,0
0.13084611423400228,-1.0167177869230186,-0.11220020323774188,-1.2982607339704952,5.437427962941191,0.8541117185168579,0.04092581876576124,-0.9738843499341051,0.04998752009337601,0
0.11908689111529545,-1.0170050643479391,-0.11462114924292725,-1.5429529512090623,5.513886264664851,1.0161397829049819,0.039692594625071985,-0.9729789982448301,0.047405841449943115,0
0.11049479578720431,-1.021801089909648,-0.10981589291822014,-1.7909387635247282,5.6017969480807785,1.185250060833149,0.037956254158762776,-0.970946982121717,0.04592093434391122,0
0.10878272122466642,-1.0257020422272367,-0.10426945348333491,-2.0073990096576693,5.696396993574428,1.3263153163965415,0.03555796828021585,-0.9689774832770256,0.04630473221261579,0
0.11093986079289397,-1.0230227184545786,-0.10439499445507743,-2.2094103288943643,5.787965038155292,1.4229220222859698,0.034142727683776325,-0.9679065880190209,0.048685612525848763,0
0.11203815680666916,-1.0149087449776109,-0.10925466101213975,-2.4185603456911733,5.861956067278234,1.4812701780278348,0.03437392404912101,-0.9680884452240573,0.05151903753027121,0
0.11145468546210907,-1.0086766063013446,-0.11325670440533178,-2.608287764924798,5.908269251363064,1.522305208611296,0.03456796876321011,-0.969980828128303,0.052608277166698886,0
0.11173078311641334,-1.0105134271499026,-0.11343133431843352,-2.7256580939297472,5.92990900268804,1.5656126247501676,0.03258317585744183,-0.9738960397841099,0.051322389382447826,0
0.11316365390151918,-1.0193923660283588,-0.11159128156888358,-2.750044396382775,5.938693437799101,1.6185761140859376,0.02846904733011649,-0.9788584404303995,0.04920437623176497,0
0.11324845172194344,-1.0276359396813777,-0.11057821137899639,-2.70762184214842,5.943457116827213,1.6776080591533529,0.02484706085071711,-0.9823360895456659,0.04808133265150548,0
0.1109865300284193,-1.027824875173686,-0.11086884097757421,-2.64107271847159,5.9428584897431165,1.7328055163883267,0.02446701744861562,-0.9820062279474666,0.04794756657124753,0
0.10840158192573014,-1.0198216183461002,-0.11140495424176339,-2.5861948609285688,5.924189072632852,1.7726730114998293,0.027278148905355543,-0.9780512964944403,0.04710783747323023,0
0.10736750370503538,-1.0105310106341807,-0.11214452099447604,-2.5715813186519245,5.867870584169801,1.7928637886586412,0.030292301497036562,-0.973222497102809,0.04437196154370284,0
0.10741397718065739,-1.0067636632594477,-0.1139680296502706,-2.62405458406743,5.762659242774684,1.8002980757534568,0.030645754555998786,-0.9702937210875313,0.04083450228890504,0
0.10742709728151181,-1.0093153796218428,-0.11632215824242709,-2.7687342767877374,5.621791058248148,1.805570693044195,0.02839098569298354,-0.9697290111295901,0.03912828878793643,0
0.10763691329987433,-1.0140325198057123,-0.11698697367328552,-3.0171175612029386,5.4758170352780935,1.8174438620747662,0.025913336984259305,-0.9700399401255235,0.040701138036264,0
0.10867489689220683,-1.0172107091881415,-0.11497532191774314,-3.342903601058505,5.344462225996171,1.8460207069573853,0.02503027699623495,-0.9699657124177327,0.04415984267066709,0
0.10974038463184949,-1.018593110469305,-0.11232313797391012,-3.6752600880746207,5.222715514975177,1.8977837778569522,0.025277129851199502,-0.969756202989864,0.04677111191028898,0
0.10919594783984937,-1.0195643504569565,-0.11184309783505639,-3.9392348854461656,5.095302190507781,1.9598705504942868,0.02500353997247876,-0.9704658855929765,0.04732030162864435,0
0.10665630374633116,-1.020657939045696,-0.1134822813349887,-4.108480677029115,4.9537082636368845,1.9997333646194282,0.023545701989839962,-0.9726221767488057,0.04687990769544675,0
0.1032505902887659,-1.0219994278281304,-0.11405890123871444,-4.202654926967319,4.798173840244141,1.9903780664521977,0.021838443122851207,-0.9758375812772871,0.046985672064815055,0
0.10019138001647736,-1.0244875397490452,-0.11121913358175299,-4.2353367393187655,4.635293065846175,1.9321241395369957,0.020995647904799956,-0.9793602572480484,0.04784445084845393,0
0.09837565155007047,-1.0286193477640773,-0.10681934011329348,-4.191237435385115,4.475763864415687,1.8466579172999413,0.020853586394057672,-0.9826806425603033,0.04846774172383755,0
0.09883118220343448,-1.0328085044462512,-0.10507038778816506,-4.0654726691416005,4.3239858763379075,1.7598203033470443,0.02040313771576826,-0.9856769520518742,0.04806557066465149,0
0.10183887169217455,-1.0344661450036488,-0.10751183677254983,-3.9046224594693326,4.1665754389253005,1.694807978106969,0.019448857493574088,-0.9882201082574107,0.04701162545921745,0
0.1055373116943072,-1.0327095407211329,-0.11124632655454453,-3.784557327728962,3.977000099600757,1.6664928819765474,0.01903366976625727,-0.9896758451123574,0.046401463546134517,0
0.10692104541154247,-1.0292036613013702,-0.11265945430161003,-3.7428368787549875,3.7338342240847227,1.6683263858810833,0.019957569330871908,-0.9892709403525285,0.04676994572448559,0
0.10521316960704133,-1.0265915971239237,-0.11154954574443021,-3.7457951266921117,3.435289569349353,1.6708852053009535,0.021603928936660712,-0.9872349258178194,0.04762954455510414,0
0.10337411786321193,-1.0265720492531616,-0.11011515656099047,-3.7305264195228363,3.1013353932003542,1.6431155677053575,0.022732580406526825,-0.9850134069580634,0.048401950341886074,0
0.10465350097985086,-1.0289490619206134,-0.10903961707618168,-3.661760930233616,2.760852439187232,1.5756637451354167,0.02290439296803819,-0.9839612960416686,0.049293735351086616,0
0.10809643975976418,-1.0320669882137337,-0.10741546581094766,-3.5264472403274763,2.426283887533892,1.4835148257537387,0.022555093434838427,-0.9842815747463329,0.05085236246374103,0
0.10959563903820989,-1.0345593660323127,-0.10600870259533511,-3.2913547798517384,2.0808073907616063,1.3884645304613696,0.02204096217192851,-0.9854692704570032,0.052875222103873416,0
0.10734619185291382,-1.036653131327546,-0.10671842757209188,-2.906911328829685,1.703104898565173,1.298298127484334,0.021278047930437874,-0.9873160189101644,0.05415446094931384,0
0.10382754959991988,-1.0392561136481455,-0.10851449343971208,-2.3578361498196037,1.304296104882971,1.1992224464437906,0.020150185589410632,-0.9901152192389371,0.05349736913244087,0
0.10173305717296853,-1.0422568104998065,-0.10822762645742705,-1.6861395279644489,0.9254876195749436,1.0667491063060295,0.018609267189236393,-0.9938365020955724,0.05095524979641674,0
0.1001916464218085,-1.0445162285130591,-0.10641082689829692,-0.9639006199533178,0.5968553886827862,0.8869303083784051,0.016412806696374203,-0.9972299769284013,0.04784957799763665,0
0.09669322277737581,-1.0451183961984136,-0.10799508417887883,-0.2596361534402202,0.3124084243099895,0.6711392622674281,0.013359103333683089,-0.9984066833753118,0.045503064070611686,0
0.0915346970997416,-1.0441354687681776,-0.1149893931829013,0.37896506255857065,0.05074782864796229,0.44886151816757763,0.009894267122586786,-0.9969089368300222,0.044095246460384624,0
0.08809464372821449,-1.04249884529103,-0.12239275055961264,0.9334166269509957,-0.18680134416025385,0.24164799364990058,0.007151800882317213,-0.9945451865446934,0.04284815115352603,0
0.08849125535686968,-1.0410100115899414,-0.12455224133220422,1.407557515506025,-0.3670689819265092,0.04456923310093386,0.006176130426487967,-0.9932349158784132,0.04106586134735582,0
0.09095641653256882,-1.039202649015575,-0.12270136540608917,1.8055327482171872,-0.45633438613271937,-0.1639476581395772,0.007035809680971294,-0.9926815253375312,0.03875735697904155,0
0.09258685447265107,-1.0359440799975004,-0.1222836739550161,2.122485062612219,-0.4571617550059317,-0.396595953140319,0.008847084184089467,-0.9911994472796221,0.0365798276979291,0
0.09316178917653778,-1.0314530073740011,-0.12474491375791194,2.3582249532740582,-0.40784610706482266,-0.646211611603126,0.01088843364623931,-0.9880934430339806,0.035525759379894745,0
0.0947601604775363,-1.0275450379695223,-0.1264578780125852,2.528411188891567,-0.34473183307275757,-0.8980928598783925,0.01333890322545859,-0.9841675015263398,0.036231905789596515,0
0.09868310112068474,-1.02544163059811,-0.12499150377882798,2.65741469536859,-0.2736796888860881,-1.1447519060946878,0.016409809469397522,-0.9806159444931604,0.03813238946611209,0
0.10426089662477755,-1.0243835017034626,-0.12194141531346961,2.7641108487000845,-0.18600653755706725,-1.3849072053703242,0.01926172279502658,-0.9783674303042973,0.039721782537619515,0
0.10986660244456098,-1.022822745390076,-0.11926280728416425,2.8518027410647613,-0.09500442108887852,-1.6143554267937932,0.020714943950038978,-0.9778687181495516,0.040120574466828283,0
0.11360257240019139,-1.020213873467889,-0.1168738902250471,2.906303936470366,-0.03776823064893227,-1.822501609887997,0.02084539872098456,-0.9786029111663316,0.0400217477447974,0
0.11369179306810806,-1.0171656071474524,-0.11488133903594155,2.91022341793796,-0.03256502172521751,-1.994929385845183,0.021053460336085926,-0.9790828907428225,0.04065886447030153,0
0.11006673051674913,-1.014254327843684,-0.11455699300822583,2.8702812197813814,-0.04798529129069326,-2.1208835414518723,0.022508012747138276,-0.9779265486423087,0.04211778170457482,0
0.10567862591289058,-1.011515104693527,-0.11571033179977563,2.825938419638055,-0.0287847910420945,-2.2044167811500337,0.0249702695808583,-0.9750751163627114,0.043207149831306836,0
0.10466216482542337,-1.0095227663967798,-0.11617958365601375,2.817333636728035,0.053101964077104116,-2.2646241489705354,0.027206396607193883,-0.9719408989767655,0.04298511650248294,0
0.10848816383690393,-1.0101182845977565,-0.11524399489454532,2.8467072741750044,0.18115267842580327,-2.31546294695558,0.02840738994518494,-0.9703048200423485,0.0418945660312774,0
0.1145663292562204,-1.0144811791061432,-0.1148615944538973,2.881860688900654,0.3164345852594601,-2.3463843892462886,0.029106648300187183,-0.9708150178298912,0.04122180028060261,0
0.11886512727480693,-1.0202315514123246,-0.11633265314695553,2.892365747973046,0.42383927263855653,-2.332522111276226,0.03043321035395424,-0.9723837207309957,0.041888968216153566,0
0.11957254180728306,-1.0222141015988424,-0.11787619612788003,2.872020044928693,0.4837036360315958,-2.2661087174688554,0.032414754877484436,-0.9731771451452872,0.0439698324544153,0
0.11844948685239423,-1.0177845497850124,-0.11678915328442568,2.8301669130341596,0.49510743736128465,-2.168861020247594,0.033712996486166075,-0.9723682511901783,0.046842182163486554,0
0.11886288022011043,-1.0106076836087508,-0.11279840453424439,2.769858812415679,0.47534050185617044,-2.069179760514474,0.03350117599451642,-0.9708389012605135,0.04944453683368018,0
0.12207785969326587,-1.0073754903208487,-0.10810381962905304,2.6749491438454878,0.4521698005661561,-1.9761941963395455,0.03278804061384982,-0.9699975325435826,0.05089100863138802,0
0.12544785158823435,-1.0106761384898335,-0.10470401815573953,2.517809541319236,0.4486313156675042,-1.8822148230319367,0.033025594586321566,-0.970085737747221,0.05137475248331255,0
0.12486954688443648,-1.0165606683792807,-0.10290540720495081,2.2844889842193603,0.46705858656172367,-1.7821029062410696,0.03400725867223832,-0.9700485973587784,0.05219220512631666,0
0.11915941611457027,-1.0194189477659346,-0.1020640249191579,1.996482551542849,0.4843154211593515,-1.6812070640575718,0.034142118652690415,-0.9690132036659874,0.05440629726236593,0
0.11155334418855391,-1.0178328818192266,-0.10120308619998888,1.7031657902125787,0.46907424187395746,-1.5872374189376612,0.03258226740987397,-0.9673363939566763,0.057597650471364045,0
0.1067484062613443,-1.014740933993838,-0.09913244884444138,1.4409613018081158,0.41199152392145927,-1.5028018982150242,0.03016136058072376,-0.9660177594727416,0.06025480130948106,0
0.10683554609907572,-1.012927115149716,-0.09580074164950612,1.1922275298374965,0.3351229929651127,-1.4296951999262064,0.02804596027890578,-0.9655367909001185,0.061304892252702026,0
0.11021871594251392,-1.0121128246492437,-0.09340487008250513,0.8894557121591499,0.26365192977109747,-1.375803316086733,0.02625714692658345,-0.9654822988054246,0.060963775062308226,0
0.11381125233922662,-1.0106158544860333,-0.0943296191699988,0.4710874213972537,0.19378847574867145,-1.3477830571662024,0.024281381888040146,-0.9649929319401536,0.06015345824538546,0
0.11562490980415137,-1.0082745811312994,-0.09823360785713697,-0.0637817665916097,0.0997324724516078,-1.3321286580725777,0.022659463014110984,-0.9634591054639018,0.05946802129661448,0
0.11555425326373374,-1.0066645294584196,-0.10289177493397805,-0.6588553994907269,-0.029805963241450427,-1.2927798589680972,0.02274235784495612,-0.961182553142013,0.058807518379400625,0
0.11451815625649996,-1.0070345735783834,-0.10710322772675329,-1.2531344938651896,-0.17332776155425986,-1.2016669352665106,0.02484520560772223,-0.9595175312920953,0.057744191404084155,0
0.11333135982762779,-1.008996055640399,-0.11048358461614886,-1.8221462241284212,-0.29958371363364217,-1.0700537129784604,0.02767795270267741,-0.9599190617527291,0.056095897018868045,0
0.11234937030343323,-1.0112362013974145,-0.11124465431045344,-2.375356914442841,-0.4032299386829892,-0.9364544721215592,0.029606505386424453,-0.9624575830799919,0.05425967792042456,0
0.11171956857761949,-1.0128306098077884,-0.10738085175677681,-2.9296754845545836,-0.5040063737035627,-0.8254751720607594,0.029801587913755527,-0.9655757633104705,0.053023377391948755,0
0.11140087874301834,-1.0134321157942636,-0.10074228427155271,-3.487036172893345,-0.6010008847475768,-0.7335941602308224,0.0286200519849344,-0.9676151082296772,0.05290161517630922,0
0.11105901435531047,-1.0126480014095514,-0.09743047079162159,-4.025860104824221,-0.642193787618935,-0.6539820298740958,0.027539855785605756,-0.9682336210082044,0.053565633864104026,0
0.11054428900415504,-1.0103476930192838,-0.10185639847025917,-4.508715712830125,-0.5705551817416041,-0.5968658398275669,0.02805264750748027,-0.9682786670533263,0.05402144234972059,0
0.11018907873380168,-1.007817216273868,-0.11080980519606362,-4.904220789080195,-0.4078124638156966,-0.5794129432720787,0.02986309119055314,-0.9688469514597099,0.05346722330715222,0
0.10986729459850658,-1.0073154882568325,-0.11592390733469747,-5.209179214266083,-0.2634541599133293,-0.6065416761763927,0.03070509826708463,-0.9703596939902233,0.051947442317816665,0
0.10834422112586638,-1.0096131659702596,-0.11295936758879085,-5.45030836652266,-0.23752729035226683,-0.6645413987646048,0.02869035694320712,-0.9719137487802724,0.0501399749182817,0
0.1047246494794519,-1.0128354527165828,-0.10643085478554928,-5.660161728548164,-0.3258049351843931,-0.7234901763988149,0.024603444640081688,-0.9718219976383822,0.04869519080728901,0
0.10017926107596672,-1.0145144624247606,-0.10379064840356124,-5.8513225679900165,-0.4342718817275687,-0.7478516922318439,0.02121853350774317,-0.9694617282380836,0.04790324737548621,0
0.09727964272040415,-1.0139663725326709,-0.10714258071964704,-6.017834408283763,-0.4718307668174998,-0.7227748805713914,0.020425125465745216,-0.9662867233781922,0.04769412123790182,0
0.09792332723492733,-1.0120077890940011,-0.1123126862355491,-6.158536428791146,-0.4129553693392665,-0.6747949701447424,0.02173038540678688,-0.9645023390474097,0.04769276308010563,0
0.10217727554772797,-1.009531320081627,-0.11453057808768424,-6.292264759858902,-0.2883469038474425,-0.6500867909741592,0.023647077670070085,-0.9651065737274733,0.047559304100991365,0
0.10800372467698562,-1.0074548061882778,-0.11279365936280006,-6.451367031564164,-0.14819307685575814,-0.6647581936023383,0.025554157249134457,-0.9675283574698799,0.0474913291072456,0
0.11178769137570463,-1.0070811615499817,-0.1089828432126069,-6.661348238416807,-0.039186235905821376,-0.689884713826396,0.02751380020805486,-0.970540962324137,0.048040082682277475,0
0.11108734028550306,-1.0092572730982685,-0.10535567715921236,-6.918246136552046,0.010209657831931486,-0.6912444859592418,0.029015483382820405,-0.9729809508049286,0.04928352109884928,0
0.10773891935549576,-1.013422002752976,-0.10406739501199784,-7.180877084908605,0.005611133103176243,-0.6674564745602143,0.029094980166595067,-0.974019052711613,0.05054024899071991,0
0.10619472733056247,-1.0177752185345523,-0.10682820181802802,-7.39532847378713,-0.012263165916598047,-0.637703993391467,0.02775195772702848,-0.9734671045924965,0.05092366864680297,0
0.10792584473409697,-1.020066173505644,-0.11297990795923576,-7.540880132553048,0.005591691875145247,-0.607885525913309,0.026394570036236912,-0.9719844223040018,0.04993487152335765,0
0.10979956963240503,-1.0187533866250247,-0.11921153105498417,-7.656326454865485,0.0784149820907191,-0.572609796715688,0.026430410656841694,-0.9706249770838355,0.04776239638025102,0
0.10898478495881243,-1.0144501840807971,-0.12271803634811551,-7.819869608539263,0.1808474866568151,-0.5488900368964185,0.02770818690916188,-0.9698746323055261,0.045224394614961645,0
0.10685639110402695,-1.0100600662521753,-0.1236323950517612,-8.101018065817225,0.2695337856575935,-0.5802257587949777,0.028743663779385822,-0.9693116115473299,0.04312439954608564,0
0.10642833399363824,-1.0087175302115363,-0.12342053275701938,-8.51999884547005,0.32662354999239257,-0.6882648111023231,0.028525007035648618,-0.9685622408946047,0.04169819407358477,0
0.1081196830241012,-1.0116510256388673,-0.12219849303699604,-9.028252949548893,0.3727221954271501,-0.8324079293633925,0.027794190756917143,-0.9683114506459154,0.04097979777691417,0
0.11012404636527927,-1.0178963825093796,-0.11908096495624435,-9.51392425735284,0.4371041333876317,-0.9384062451220324,0.028202623110471326,-0.9696668637955645,0.04112952042861842,0
0.11164379808591636,-1.025042453945532,-0.11494045691297318,-9.846788387557606,0.5246119093960985,-0.9666792566536007,0.030286604897609183,-0.9726052735107236,0.04162794142786319,0
0.11364092770730622,-1.0302221846984234,-0.11342448553970887,-9.952065016251495,0.6159172767853176,-0.9395895485149217,0.032793753400424425,-0.9758486773389585,0.040750512684489364,0
0.11657873606180164,-1.0316733757242997,-0.11769843709049284,-9.853309966035592,0.6924677758353913,-0.9034152107270922,0.034185884962974054,-0.9783112890433872,0.037092242248729104,0
0.11906149987032007,-1.0297818547724031,-0.12608384805597456,-9.640100778648534,0.7563428634301822,-0.8787399225039771,0.034385245750834924,-0.9798871146949932,0.031648292777469285,0
0.11947926984837016,-1.026140099054513,-0.1327545443422813,-9.396230224011623,0.831971909146721,-0.8533403971321598,0.034811701228222275,-0.9807773135562182,0.02745305100796642,0
0.11830656481956847,-1.0219831156693235,-0.13359945958396816,-9.160595003087067,0.9535774391027183,-0.8120789936950903,0.03687234586051482,-0.9809072979877046,0.026843321720884286,0
0.1179450419021511,-1.0182689669320188,-0.1297166912761313,-8.943741924578699,1.1436706102261955,-0.7608069587432705,0.040414932173870835,-0.9803057254188086,0.029440834271925818,0
0.12047562485003618,-1.016566695559101,-0.12463283175189403,-8.761976044033862,1.3892922957767573,-0.7210247611553701,0.04361647406499155,-0.9794567407405644,0.032826234068670086,0
0.12572355296015947,-1.018267324096412,-0.120706966295896,-8.645655117026477,1.6342534802318804,-0.7116826241832575,0.04456147625788026,-0.9788961977957557,0.03479731642643998,0
0.13066078113361732,-1.0224890617027667,-0.11931084874948092,-8.616163610979168,1.8089009970018943,-0.7417093944938349,0.042949782440688276,-0.9787593698982734,0.034916301827477264,0
0.13082529266518275,-1.0260305134573977,-0.12144798157311998,-8.657582507257134,1.8853034733998824,-0.8102593347484766,0.04015178152997276,-0.9789387690306699,0.03424870551126832,0
0.12451753368610312,-1.0266826650849896,-0.12593569221629627,-8.711784438529653,1.9025244386451297,-0.9022874519840233,0.037730068152948444,-0.979318934041185,0.03400690853070859,0
0.11625906454423218,-1.02582331407494,-0.1289135216939266,-8.707380346268344,1.9267884810879694,-0.9910747729000533,0.036136974562649964,-0.9796088100611208,0.03456956711139439,0
0.11344634543550078,-1.0260179188238077,-0.12747986242993728,-8.603414246952621,1.9891026843404283,-1.0592328306806118,0.03495822624007332,-0.9793887730252164,0.03560947709376827,0
0.11812046682242809,-1.02687118713154,-0.12312097034146037,-8.410426430070924,2.073143689934727,-1.1126413461475,0.034217024091306704,-0.978650971260723,0.03680198463954665,0
0.1244451952075751,-1.025852152531764,-0.12000990013032896,-8.173513456163569,2.159859108118365,-1.1631007397165716,0.03469711002208467,-0.9778904095407484,0.038043361962576606,0
0.12606498215752793,-1.0229250290309198,-0.12051709141829188,-7.942288028111082,2.262439655622811,-1.2049958464103623,0.03653502227825948,-0.9774360528368045,0.03891521144967182,0
0.12362518349047727,-1.021238622419084,-0.1238142226935002,-7.757615960674736,2.4063664464895402,-1.2217199554867988,0.03841371633421131,-0.9771083372813905,0.03852559091501179,0
0.12267515164276298,-1.0224581061843387,-0.128105132338544,-7.653561558840132,2.5887075205971466,-1.2101355439879002,0.03925554900661224,-0.9766183080254373,0.03647274450078916,0
0.12597639302983574,-1.0241830865108086,-0.13213786985786521,-7.649734263341573,2.7748460633573466,-1.1853293329604482,0.03997561992175061,-0.9758899632534763,0.03357987536917409,0
0.13089402308294457,-1.0235721565798381,-0.13465778700212605,-7.7249927625302215,2.934092094049379,-1.1606201925233701,0.042107108658937555,-0.9751077251196191,0.031110015627021623,0
0.13387023778627166,-1.0214886928742728,-0.13458226174561672,-7.806064249180283,3.065012444245534,-1.1342446367742194,0.04519266382859883,-0.9748560033268011,0.029649181651912958,0
0.13451213551499883,-1.021133855121446,-0.13257593936584053,-7.810962852002541,3.18226679984844,-1.1001169605839574,0.047071161359230174,-0.9758547813731535,0.02914809617016817,0
0.1341735817327494,-1.0237882449687827,-0.1311572192929956,-7.719413728765173,3.2909194995897635,-1.0621238007744076,0.0465367726692697,-0.9781277865567507,0.029496326942833388,0
0.1325602636818575,-1.0276802024482785,-0.1322221131326552,-7.586535277167772,3.3843265663110587,-1.0308292450072498,0.044427247993020856,-0.9809354737707426,0.030574548884430855,0
0.12809080090257624,-1.0306016069575048,-0.13497325479635305,-7.474504890885869,3.4605267163306865,-1.0125726769837096,0.042101552595505215,-0.9837814048433564,0.03204034085201153,0
0.1212705567000314,-1.0322263280501,-0.13685640284816616,-7.382009894474095,3.526773417026699,-1.0074475727541687,0.03985399271464572,-0.9866152393282765,0.033356097239693475,0
0.11544745103039743,-1.0334521930699296,-0.13605080101913544,-7.252418270308161,3.586345144731482,-1.0122047404659125,0.037135104523598556,-0.9887465453031441,0.033956678794964994,0
0.11330145052896763,-1.0341670696394931,-0.13293234985175678,-7.042869043588976,3.630040456402458,-1.0207662692524473,0.03380338059384169,-0.9887201841269694,0.033480053370635296,0
0.11392564690428729,-1.0327667343126323,-0.1300277026265589,-6.773850032565453,3.6471603915619046,-1.0272124590665508,0.030710538025157705,-0.9859931718569053,0.03211240192097615,0
0.11452852241656764,-1.028444521594535,-0.13036713549276793,-6.512497262699798,3.645090076992814,-1.0308723300447682,0.02904076532649316,-0.9819852529173372,0.030644397847738356,0
0.11411022042052546,-1.0231868049171051,-0.134439917543283,-6.314329674627303,3.6510681595379455,-1.0332483740839402,0.02920926163550896,-0.9787957321678179,0.029883516390323106,0
0.11403382253015297,-1.0201420074165373,-0.13890554278931957,-6.1834226743561125,3.6837935316285515,-1.0312524454335215,0.03051675383590221,-0.9773398538294598,0.02998954134596488,0
0.11543684769123974,-1.0201809883497401,-0.13969528806165013,-6.083310126141868,3.7259227972813753,-1.023515011412252,0.031882567155181556,-0.9772416078050721,0.03050025330015064,0
0.11766474149932091,-1.0215676480161804,-0.13615204227827293,-5.974636977550152,3.740934782774972,-1.021843807967906,0.032651341125178465,-0.977973172161204,0.030882020024616784,0
0.1192691086600563,-1.0227722584079841,-0.13123645389399727,-5.835463371074968,3.717079790567402,-1.0402365244802148,0.032586197732137515,-0.9792268170291683,0.030912785852060996,0
0.11924676656943806,-1.0236956304658305,-0.12841596367534414,-5.654314860879541,3.675711585807157,-1.0683865083960322,0.03167011334362535,-0.9804628289038901,0.030634250325700475,0
0.1173763609300173,-1.024381334131935,-0.12911040740486748,-5.423039868095128,3.6360911432193777,-1.0728718235713337,0.03038582753206949,-0.981146726128008,0.030156920237197415,0
0.11457550144625368,-1.0246850594324561,-0.13241293321266806,-5.148067380498444,3.593593344654738,-1.03356685120566,0.02965305369782471,-0.9814900314691993,0.029598824069377708,0
0.112763099994179,-1.025161766033682,-0.13654948017626267,-4.8647901933459705,3.5360205936941678,-0.9662241716746637,0.02990281214775772,-0.9820611127335581,0.028983193712946716,0
0.11320335733560087,-1.026416639098373,-0.14036824185814625,-4.62914710569857,3.462032948736878,-0.9034186192326049,0.030497597051399615,-0.9826352283703759,0.02795283600079893,0
0.11490045777204687,-1.0276233308724876,-0.14311867594330907,-4.48168956239846,3.3769288115849685,-0.8685004734493664,0.030377967462677027,-0.9823374522333291,0.02586523390083217,0
0.11525549463409931,-1.0271869145106027,-0.1436617984843909,-4.410946584679482,3.2826349520227858,-0.8722734550819823,0.0291283736383392,-0.9809757014771926,0.02262750158007636,0
0.11255261122067947,-1.0249821361813785,-0.14176975744872747,-4.356908838930277,3.1777994748049783,-0.9132309857149251,0.027466452863268636,-0.9794343064534324,0.019284694317212372,0
0.1077703921276402,-1.0228825503579144,-0.1399031987467707,-4.261944631201679,3.0639259831723265,-0.969310851993957,0.026769765884097976,-0.9787503208352856,0.017268882648841997,0
0.10374898504930652,-1.0226156856831519,-0.141007911020316,-4.117437017842256,2.9501966214844373,-1.0067193083110184,0.027689124159077705,-0.9793811952419291,0.016986733590905287,0
0.10245422195980682,-1.0236379022713438,-0.14400852604722025,-3.952075344458691,2.848304685078748,-1.0107660891974584,0.02911857180306688,-0.9811205666880017,0.017455759353676565,0
0.10335069993801331,-1.024112357879232,-0.14453567924255467,-3.780991694014479,2.7565009533269054,-0.9991767732493326,0.029172221663999857,-0.9831175089922853,0.01746032060896438,0
0.10455725726897637,-1.0239549787323439,-0.14137777704864254,-3.5854817319632266,2.655084047386503,-0.997149813153436,0.027330764814161287,-0.9842534116671952,0.016887212515893226,0
0.10510552651104245,-1.0251670086196125,-0.13878080018343353,-3.3446427060490302,2.52444859780136,-1.0083263651750956,0.02496816069147137,-0.9840612719549967,0.016766360810989617,0
0.1056400744384886,-1.028275789969594,-0.13999899349469336,-3.062887603679246,2.3587859994683713,-1.017775518151672,0.0236217821192484,-0.9831083447438743,0.0181375800344829,0
0.10699182114294752,-1.030423890055714,-0.14183112009603815,-2.7520769076528926,2.1604329053154916,-1.0127715908498987,0.02341744123211962,-0.9821920542640257,0.021143018084167298,0
0.108574896101794,-1.0286237199884234,-0.13910054967831698,-2.408809599264839,1.9380954946216864,-0.9887514404503402,0.023456898842826902,-0.9813724594095861,0.025174483211995474,0
0.10879541678711802,-1.02335757610728,-0.13220699491020244,-2.0349840981502507,1.713630544834682,-0.944928915438127,0.023158163361455292,-0.9798455074018818,0.029541498277786897,0
0.10706990617516551,-1.0173261679510477,-0.12602497493010628,-1.6743140223795205,1.508586214543786,-0.8900212215191573,0.022720694457208798,-0.9764759487596104,0.03385655049598698,0
0.10485687688568271,-1.0118851882542017,-0.12260159892013203,-1.4135968850912364,1.3155956780486353,-0.8446663409295169,0.0225478772040061,-0.9706002232904458,0.03798413379948705,0
0.10449603693367668,-1.006302038906961,-0.1194376851474518,-1.3518890326442627,1.1055287511050025,-0.8220667984414753,0.022784278799007886,-0.9628265754150467,0.04175633983769017,0
0.10727103739864716,-0.9998692148385155,-0.11491131121826766,-1.5720859322117735,0.8824432819027894,-0.8129560151000237,0.02353892493411008,-0.9550027042035962,0.04476658523773545,0
0.11226387186148247,-0.9933757450495989,-0.11128939773059182,-2.124222933357026,0.7177912184486883,-0.8030715901308809,0.025080566390831328,-0.9488224649167576,0.04653599158158374,0
0.11656310874422292,-0.9882455191143691,-0.11154156075258861,-3.0060037648640376,0.6990868097701516,-0.7967444796485762,0.02735337017720344,-0.9444398869582067,0.04672809334528912,0
0.11705039631165129,-0.9848741466663244,-0.11619953337693424,-4.142701192763663,0.8342281728584889,-0.810013241530679,0.029555677710265012,-0.9410187924523911,0.04486835143381797,0
0.11288171809919928,-0.9826039243119624,-0.12409681362854282,-5.3967663263902255,1.0231910669827613,-0.8459417907028244,0.030734178787609923,-0.9385121621410355,0.040087379313978926,0
0.10647686503123205,-0.9813412318005802,-0.1339749710581879,-6.619334732706809,1.1330939020457282,-0.8868233438061884,0.03067774630521552,-0.9379834609813114,0.03172583709237204,0
0.10194402143658324,-0.982071720705636,-0.1449165557090942,-7.705404185475906,1.0903439496992502,-0.9115738996164244,0.029899617237050365,-0.9400345986978484,0.020237887274847818,0
0.10223406723310541,-0.9851538439907174,-0.1565256710340469,-8.613629049640577,0.9055622642969713,-0.9183978670344217,0.02908093810203006,-0.9437690746564571,0.007356862476536968,0
0.10700668338630906,-0.9891031129506659,-0.16837745095292544,-9.358792126915287,0.6410707343680765,-0.9284919875134798,0.028810733545710277,-0.9475065694431134,-0.004346301543655066,0
0.11256402714912894,-0.9919040041192017,-0.17834222428082475,-9.998449850922832,0.3673640343174429,-0.9671521916545475,0.029320265123505287,-0.949832327235653,-0.012097591457784374,0
0.11445898408028969,-0.9928816189439206,-0.1825766849869152,-10.610496903287794,0.12886630817464684,-1.0429716411193135,0.03003446109993663,-0.9500473615298995,-0.013912367699119176,0
0.11135246223010775,-0.9928517912101578,-0.17887668426901804,-11.2533623766356,-0.07024671241980804,-1.1427270825190146,0.029747682656218154,-0.9486699313209181,-0.009648144232327079,0
0.10618384670395896,-0.9932241556896673,-0.1695215845087214,-11.928983144366995,-0.25135368194225033,-1.237414604240677,0.02760297481126299,-0.9477039028961743,-0.0012583735892840655,0
0.10258874980173463,-0.995217278354563,-0.15931920227308605,-12.591381997828583,-0.4344184734349643,-1.290516212269716,0.02379030716513955,-0.949308007293342,0.007985188190080626,0
0.10066498825992894,-0.9990733568272172,-0.15134819985756012,-13.20404945875063,-0.6273043175028341,-1.274094762426393,0.019257324441084283,-0.9535683968409828,0.014943711770103124,0
0.09762459839680236,-1.0036678194540918,-0.14600240659128105,-13.775277321477244,-0.8328570759813234,-1.194260818370928,0.01500176863382742,-0.9582221763710804,0.01818649914711551,0
0.09209982623718513,-1.007252906743167,-0.1432374556461512,-14.320658913550005,-1.052857001846135,-1.0984339212986156,0.011702085844631257,-0.9610787737430024,0.01857489324696263,0
0.08613320047223419,-1.0087500950295674,-0.1432727750832678,-14.812482616498421,-1.28305182060753,-1.0368365893117053,0.009659955154611767,-0.9622268192903062,0.018095995291134863,0
0.08298553590143447,-1.0085573792827967,-0.14474351886936682,-15.193177943602857,-1.5101066901104299,-1.0080660431500204,0.008772350175027636,-0.9635395845761416,0.01808780244818143,0
0.08430188043761758,-1.0084892872668427,-0.14447826085624912,-15.420162603947944,-1.7131022624222798,-0.9570728364455374,0.00869778759139938,-0.9665895842970276,0.018636572685489107,0
0.08955411945155457,-1.0106846121677673,-0.1409809211021679,-15.466227919434296,-1.869268337621619,-0.8355065482570058,0.0093329597827735,-0.9713831248933115,0.019144513178152252,0
0.09696827083875527,-1.0158005879261875,-0.1373995824451641,-15.292525778084972,-1.9701468796219517,-0.6487996986876685,0.011111196658778778,-0.9765640957939711,0.018850611758767476,0
0.1040843383862641,-1.021929472398694,-0.13914225601994443,-14.86796408965568,-2.0378555157315206,-0.43200773764762723,0.014687137688605498,-0.9804252468612003,0.016959817094867265,0
0.10845293173813464,-1.0258881229195151,-0.14807699075311118,-14.230203801794783,-2.1118095333895504,-0.19683041619701053,0.02028804226068547,-0.982063958899959,0.012858927937592492,0
0.10970386143756482,-1.0264717817855151,-0.1602153330541761,-13.50256120700267,-2.203813625533809,0.07340493163485166,0.027327316510750883,-0.9820427764646307,0.006440528284481199,0
0.11077221912325813,-1.0262827835111439,-0.16989347425801307,-12.825529102342989,-2.271387737405477,0.3827953117028944,0.03457513258580808,-0.9821668584076766,-0.0018380944698428076,0
0.11526249030757484,-1.0293851213746867,-0.17534582908837978,-12.263282214938219,-2.2550893988222027,0.7051446565793754,0.040751871129588675,-0.9845843319302243,-0.011107034187946882,0
0.1233730007365032,-1.037133572157398,-0.17891795454671305,-11.770748722028376,-2.1478823960588787,1.015633595202957,0.04518894036859764,-0.9905489721269783,-0.020141299442189647,0
0.13157753645154108,-1.04715394144069,-0.18262767856156317,-11.241038855441536,-2.0130698977273562,1.321472799787603,0.048161474369476695,-0.9993334730956229,-0.027427073440575763,0
0.13633414014505152,-1.0563716847570903,-0.18564293414905608,-10.583335016601115,-1.9286602095998877,1.6463575305246159,0.050527137105053015,-1.0084220698388264,-0.03157302141709846,0
0.1372899609796833,-1.0638612935839074,-0.18629401563097037,-9.77217093463034,-1.930221143272301,1.9890045710716637,0.05278243519352245,-1.0154811237185222,-0.03195376927887186,0
0.13683457367161445,-1.0699833304884756,-0.18473161581962616,-8.84882997230845,-2.0118833496980937,2.3090000572763296,0.05450547159616193,-1.0202143317390509,-0.028951416491237787,0
0.13721060034076432,-1.0738233925974836,-0.18255753273337585,-7.891978061905512,-2.1557888306612667,2.5605888131903445,0.05494425663499338,-1.0237164116694077,-0.023479853098356318,0
0.1386141619717031,-1.0735446547781915,-0.18034369747034226,-6.979094177989731,-2.337168761569796,2.734154480312926,0.053966002522237363,-1.0261716599200146,-0.01639541215819892,0
0.13991854913191595,-1.0694280942495644,-0.17651204005974694,-6.154381822490371,-2.5109037610922806,2.8515198739567014,0.052123078465031183,-1.0261217117928962,-0.00846463595399501,0
0.14012869646310613,-1.064529539751727,-0.1694300684892093,-5.419021420245382,-2.6171093169144197,2.925111898238593,0.05006735101089039,-1.0223074075806018,-0.0006015823547179608,0
0.13837631024737496,-1.0614158474005548,-0.16012522171774582,-4.745159798861232,-2.6116647409042475,2.9411118750120147,0.04828223285935021,-1.015614793263578,0.006256657655030759,0
0.13364943853715935,-1.059509686267301,-0.151282933109027,-4.093864326721826,-2.4922210294125153,2.884219405099958,0.04703358233184495,-1.0086334589286787,0.011540833459077835,0
0.1262895755152658,-1.0563716274860329,-0.14381382903903148,-3.428302488767291,-2.2908217233376256,2.763742555328282,0.04601893153917694,-1.0033179358448832,0.01523191062783397,0
0.11947121534721335,-1.0506656493051416,-0.13709342627011548,-2.7341206985521773,-2.041180494068515,2.6127446783368193,0.04428751978449125,-0.9993812657178526,0.017807742640391103,0
0.11722271078405504,-1.0430856285759953,-0.13258758342272764,-2.039285089898045,-1.76638853538805,2.4679182218455935,0.04120781958794557,-0.9950504016894569,0.02001545146839575,0
0.12012032520416693,-1.0348810638816235,-0.1333687626025291,-1.4023879233345709,-1.500423178857123,2.347036310259272,0.03761670503723383,-0.9891929105289483,0.022198172432847198,0
0.12416212987528757,-1.026678588741113,-0.1388976497067834,-0.8709697120017438,-1.2855277465885133,2.240678582587836,0.03536622878477953,-0.9826555183821937,0.02362472148554452,0
0.12485503445984263,-1.0193183456710555,-0.14379416125143846,-0.45405476046905824,-1.1199022018930704,2.1238698554064763,0.035288095883659824,-0.9776732177914962,0.02318357122749427,0
0.12139901343949211,-1.0148571390712466,-0.14360099926514125,-0.13227129184115433,-0.9367037660823079,1.9709387488332668,0.035974724097033554,-0.9758791020393729,0.021175627863590705,0
0.11626950213398589,-1.015318226148473,-0.13977087317921558,0.12262714774559189,-0.6717548730419884,1.7635825983260236,0.03510677880063353,-0.9766903738870686,0.019512574290862363,0
0.11238629863444002,-1.0203487158778797,-0.13783888963994653,0.3477898451848966,-0.33884803608081404,1.5024562012865825,0.03188377721144023,-0.9778529927312591,0.019302245323131587,0
0.11140604468550566,-1.0267074654990733,-0.1418971503256124,0.5910559004458528,-0.015320792004000616,1.214302982675875,0.027813861675152075,-0.9777837686373994,0.01900685058785122,0
0.11277618700065865,-1.0301517850545263,-0.1513406793503979,0.8828933376119626,0.23211413848142484,0.9330588934539407,0.0251970956090181,-0.9769567092364918,0.016089781384653713,0
0.11386606270642621,-1.0282650906844015,-0.1618403781448513,1.1969963559038759,0.3932256706877535,0.6743264596063215,0.025041104309337026,-0.9766419033648481,0.010141052115868805,0
0.11297815436416353,-1.0225249437634931,-0.16859674261883173,1.455988314339833,0.5065592329392197,0.44031922006669244,0.026452109339882048,-0.976947709205729,0.003451695392747782,0
0.11201401530188998,-1.0176105190825795,-0.16933184750448546,1.5933059975199084,0.6240068005311945,0.23834835749689698,0.027905596178410222,-0.9769381243237579,-0.0013012168595418483,0
0.11386637474776183,-1.0173418418784799,-0.16564584741338104,1.6079731335637346,0.773745972267268,0.07198253722832476,0.028814989407838092,-0.9761904176967207,-0.0030997179330882496,0
0.11789447060647211,-1.0206598264027666,-0.16183726325963643,1.5509144597328124,0.9455425293895221,-0.07833608913897769,0.029814415396425594,-0.9750869581602937,-0.0025121792767346064,0
0.12059720348192204,-1.0223614583603184,-0.1612808460045272,1.4617938544624443,1.111497620219266,-0.24008460274098814,0.03196345228274617,-0.9737370040720803,-0.0006850015644207474,0
0.12016030090137625,-1.01847656468123,-0.16358034344850383,1.3323525908392897,1.2619443211011943,-0.4141319753840727,0.03578595108440783,-0.9717691651676851,0.0012247128046768173,0
0.11806346661258538,-1.0106168057049985,-0.16593751069228688,1.1338638691941105,1.4184836388803244,-0.5750015334637841,0.04053554599213662,-0.9692919829103603,0.0024266539936857083,0
0.11687560371623323,-1.004437592030911,-0.16657975594692406,0.8629401271099013,1.6122022709502244,-0.7038574024562771,0.044285659830984696,-0.9671764550843166,0.002988955348550934,0
0.11842121226846124,-1.00398765169537,-0.16548062313233433,0.5436228553251601,1.8548455970113418,-0.8006414763863112,0.045416737174862006,-0.966192763412961,0.003692972640833721,0
0.1233127990987602,-1.0082468623664722,-0.16287045571814796,0.1936880823172455,2.1324547666614104,-0.8626692864362475,0.04438640920139436,-0.9663547192121997,0.005030206076773335,0
0.13023288349352674,-1.0129456166683621,-0.15903094694435577,-0.187282685963721,2.415971308260693,-0.8732868575220191,0.04354543284123333,-0.9671657824614109,0.006632198441611931,0
0.13591338572794695,-1.0147484933622315,-0.1548096317321602,-0.5914428126562187,2.668844631716765,-0.8214140510218317,0.04474402321674044,-0.9682907461255774,0.00805228638597495,0
0.13744696381261987,-1.0138216098988246,-0.1508489319036515,-0.9790181145280358,2.854067696431537,-0.7179205990964836,0.04742645729315065,-0.9701233603007253,0.009799088345551031,0
0.13491159898184937,-1.0134455658536377,-0.1471962161855961,-1.2875415958149297,2.9518306096776885,-0.5809212643594509,0.049485258051654296,-0.9736212547537333,0.012924990627322212,0
0.13120521470958948,-1.01714486420212,-0.14475030442865783,-1.459276595713262,2.977625396974852,-0.4143904187465399,0.0496611649355071,-0.979015302220827,0.01736278464585531,0
0.12953698515176498,-1.0252037819682784,-0.14561462813148113,-1.4624258715923113,2.9802265312395986,-0.21596588641867595,0.048576616326743774,-0.9847520501012587,0.021142049687489433,0
0.13105768180835284,-1.0337349672195537,-0.15008396131842236,-1.3013214356368001,3.0154938400734244,-0.0012020543440530301,0.04752564847167832,-0.9885951554935857,0.021867688924271194,0
0.1339740202671113,-1.0380389328304893,-0.15430811876213074,-1.0217001450099727,3.1138017011044967,0.19943324002743065,0.04675383816244344,-0.9898565656687807,0.019093215377416557,0
0.134724046392229,-1.0373851716526223,-0.15390902154997801,-0.7079880863950562,3.2665571393532824,0.3720572607333929,0.045199641956162884,-0.9896031485058746,0.014896356030469382,0
0.13082972649035768,-1.0353710144448616,-0.1501659777663426,-0.45650921756037816,3.44008964097966,0.5290748786445114,0.04185695448058673,-0.9886770002418853,0.01187302750203131,0
0.12311114774140935,-1.0347289587942081,-0.14936684286398222,-0.323557086775184,3.597957652547781,0.6772619568110643,0.037102766091885696,-0.986800605854856,0.010805715095832573,0
0.11517933036975053,-1.0337183669334737,-0.15470605665829257,-0.289227417038723,3.711118520395842,0.792862976916296,0.03240286691710911,-0.9838896461644756,0.010550228686514375,0
0.11042928927870264,-1.0295051758629126,-0.16165074953769465,-0.28357578727156035,3.759422738967062,0.8433289429674656,0.02875307213351952,-0.9808769826444358,0.009750680046914515,0
0.10850512242819918,-1.0227637720521094,-0.16308315939518195,-0.2584964602581641,3.7391362107349675,0.8237863925268618,0.025701579417621766,-0.9785738034441843,0.008180487693475305,0
0.10468185219220084,-1.016052603638719,-0.15720861947309364,-0.2314268611881381,3.6736893666618986,0.7587501170508378,0.02203679717019984,-0.9766479361406317,0.006877035421078723,0
0.09485507754430404,-1.00988435203803,-0.14901355892340407,-0.2561998740975026,3.6064011954846906,0.6735444336263334,0.017291807778185425,-0.9743022494900088,0.007412092988771083,0
0.08210731098720288,-1.003838808050735,-0.144756538257166,-0.3603117231582437,3.5694387639442775,0.5758510315765859,0.012444374658079582,-0.9712486494478044,0.010418070134394159,0
0.0754047007196302,-0.9995955511250422,-0.14599280904671516,-0.5261036952459,3.559726493641168,0.46438999083840665,0.009192676888125952,-0.9676226446364622,0.014423832868803978,0
0.0795964751552938,-0.9992341337815409,-0.14932340659532825,-0.7352838743264813,3.551955275398313,0.3457023875422843,0.008500754508212291,-0.9637330789559486,0.016865961007021448,0
0.08968965996967472,-1.0017061463825376,-0.15110976431191472,-1.0085620582191557,3.531209279852128,0.2369193959243045,0.0096745000075524,-0.9604111246934777,0.01670495563187595,0
0.09744818157249092,-1.0037504372138892,-0.15038433862774198,-1.3779531653542862,3.5023154536913776,0.1536138870838877,0.011014139220156231,-0.9589065925315967,0.015469714587177412,0
0.100270597991046,-1.0035805527986426,-0.14747650344196755,-1.8290547015555114,3.4683684496304648,0.09841462021566927,0.011635438655246428,-0.959679962278698,0.015433555953881777,0
0.10094411498764726,-1.0021627260162205,-0.14320477760576822,-2.2956290748834967,3.4125169221937233,0.06486364992295933,0.012308204866283872,-0.9614999270381615,0.01732579547592453,0
0.10178761970925357,-1.001643218154605,-0.1399094343190646,-2.7138645225743003,3.308649685912898,0.05248956088029488,0.01409848793464953,-0.962407420650435,0.02004835521491764,0
0.10195355239502489,-1.0033954561044194,-0.13937395373029068,-3.0672280766120434,3.1479903695210565,0.07219428428968379,0.01672503628071491,-0.9617839300817589,0.02200372958763215,0
0.09964152188247213,-1.0069435823638468,-0.1390746849681177,-3.3754331825680484,2.950477552464534,0.13223321392159634,0.019026559205974906,-0.9609850981696489,0.02229732399246446,0
0.09565362733089754,-1.0101169736526878,-0.13508611610697563,-3.653464379472635,2.747318601766014,0.22285312240472135,0.020656908658304714,-0.9615827316571769,0.02103667109401325,0
0.09375699907634412,-1.0107438158395088,-0.12944796956059904,-3.893681878372605,2.5523821168227654,0.32120997944136304,0.022319703721188702,-0.9635738807753262,0.0189529717709791,0
0.09666435281580173,-1.0091017334266712,-0.12929859452010298,-4.084051981358196,2.3539360134099985,0.4119370866884012,0.024431389801299847,-0.9658711788056765,0.01685675648959052,0
0.10286076364141816,-1.008495131528798,-0.13760486870293973,-4.227531892079469,2.1380975379185805,0.4993643255824867,0.02647968810916273,-0.9677916466192958,0.015280143514332345,0
0.10855864176659155,-1.0119875277403565,-0.14973376297050334,-4.3341028933651655,1.9174401252622022,0.5973402772736223,0.027743529110480673,-0.96926196205234,0.014184234737475654,0
0.11107046557013298,-1.0180881461202493,-0.15980363751328147,-4.4025954366759725,1.7262620562532975,0.7074120711091682,0.027953758296614138,-0.970266189500286,0.012763216778100488,0
0.10946645538726996,-1.021245854481164,-0.16607814966836695,-4.425035019089352,1.5833920166974838,0.8098887218404549,0.027217576242432328,-0.9709012884807431,0.009970598256967061,0
0.10448426636383283,-1.0179001843262954,-0.1697357786849984,-4.4105675148760035,1.470550189252597,0.880180824594825,0.025781159353059,-0.9714098106031065,0.00568575263294851,0
0.0991420738772935,-1.0110937072483086,-0.17126753789138296,-4.394089513312131,1.3579325517388496,0.914746539955125,0.023997517038350603,-0.9715767903658588,0.0011782749766026013,0
0.09749918755568278,-1.0076102728499656,-0.16873348240585714,-4.414136568746861,1.242289675727589,0.9375238552249752,0.022385499574811483,-0.9707359657409386,-0.0018922670254823285,0
0.10124300801220297,-1.0106586669049815,-0.16004965167930985,-4.485978993670897,1.1437558363691542,0.9756824008960082,0.02150000363714299,-0.9689428189882796,-0.002889941119506804,0
0.10784184504940424,-1.016468826739595,-0.1483114136526182,-4.598972272451541,1.070002805518297,1.028364363001749,0.021434551166999473,-0.9675168267364594,-0.0024636895040991997,0
0.1126144106537959,-1.0186701227018042,-0.1419460860394267,-4.731548331503487,1.0041938058985398,1.0673605179668713,0.02152913497294139,-0.9677567485233737,-0.0014845988079900787,0
0.11282158715930034,-1.015546169183609,-0.14537324550667008,-4.858148649957545,0.9295105579500841,1.073216338758175,0.021089407731215603,-0.9694973284604549,-8.663428512427876e-05,0
0.10974074857739945,-1.011773057088675,-0.15245627364872924,-4.944980068154738,0.8448193721310554,1.0597285780827699,0.020406274134633622,-0.9714460423271121,0.001961544800856705,0
0.10656740042850235,-1.0125583728774212,-0.15424221841772306,-4.956022823955505,0.7526772988139606,1.0547574494538658,0.02041950371458714,-0.9726573566933021,0.0043147047344212226,0
0.10485243287945865,-1.0175137723899312,-0.15041287595648692,-4.876544877815507,0.6532449876157467,1.068241324905217,0.0213175530305772,-0.9732470848677299,0.006271213468763195,0
0.104003010947112,-1.0218018106858517,-0.14830917875788802,-4.731313938802157,0.5555674396734391,1.086973174560773,0.022264678872474172,-0.9738475070863104,0.007840060591212514,0
0.1035801938687404,-1.0223686139934731,-0.1526599570240681,-4.574866950724629,0.4738785785538344,1.0900884350575317,0.022719678654868486,-0.9748412638606185,0.009510519408158587,0
0.10408815548260687,-1.0209368796362261,-0.15996142458958,-4.456711410679114,0.40548565489334926,1.0642448818721824,0.02312327470302341,-0.9762367546956859,0.01085315119298386,0
0.1053447596944979,-1.0208907386302497,-0.1623340658373512,-4.385549684843961,0.3325187484861106,1.013237668921946,0.023804534644434397,-0.9779461741947866,0.010726013138913916,0
0.10597817848253667,-1.0232615010198647,-0.1555279633518683,-4.323834877991502,0.2550346295827301,0.9569332391237905,0.02413044166322136,-0.9798615526291883,0.009337709110985358,0
0.10534936009609525,-1.0264261229937184,-0.14362183175255103,-4.223039491659804,0.20269477104043104,0.9150434868463204,0.023545613940312807,-0.9816635600366059,0.00872031902658102,0
0.1046176402664782,-1.0281329138581183,-0.13552915608992655,-4.0667581522714755,0.19807185842771372,0.8909335135646632,0.022715194746373672,-0.98275222687983,0.010240195328200237,0
0.10492419794213727,-1.0271213320968342,-0.1362167035716745,-3.881138451327448,0.22105678429168646,0.8778047407740145,0.02274580943814342,-0.982623110413982,0.012497314970439056,0
0.10571814292756196,-1.0240287040433227,-0.14296872660369547,-3.7138163656311383,0.2269416736238719,0.8819675367690395,0.023808505965588,-0.9814624104687412,0.012693889850944108,0
0.10608963055880428,-1.0210628959704051,-0.15084101335751998,-3.606014019197307,0.19493891071446118,0.9269679168809142,0.02522194871430465,-0.9801581455749947,0.009899068332845777,0
0.10662753914316062,-1.0198764272351586,-0.15813841419865482,-3.568509771616444,0.14494693988234966,1.022103107915058,0.02635796388958505,-0.9794387597026404,0.006221211171832316,0
0.10859298220439452,-1.020097041515813,-0.16447499910146932,-3.5706634904101384,0.1098178086040583,1.1356744760286708,0.026963770674483405,-0.9791856008776806,0.004489692179109975,0
0.11212603298058664,-1.0206610021660611,-0.16734870085106812,-3.5602233014701286,0.10632175994195066,1.2161596639096506,0.027263191883680454,-0.9788946976934457,0.005267606761237891,0
0.11628444859748759,-1.0216746890424486,-0.16430726722700076,-3.5074802340367524,0.13387300189950427,1.237000438463465,0.028175358093271353,-0.9785425372074703,0.0067615171214797775,0
0.1199277746865282,-1.0239654555131932,-0.156894590989396,-3.431530589682064,0.1849032278439441,1.2083873314069287,0.030556350597674142,-0.9785509496133228,0.007341911042774811,0
0.12179937967652471,-1.0271769992474247,-0.14986284434705452,-3.377874019314138,0.24618411462785772,1.1512933603016413,0.03367669960410617,-0.979009200722633,0.0070181688650580425,0
0.12093978080294705,-1.0291586350587525,-0.14686732213598028,-3.372709205690926,0.2976095426545795,1.078782353332899,0.03541375990529455,-0.9793722182552228,0.006283831328812823,0
0.11812488090444163,-1.0278844794907351,-0.14808037248130088,-3.407769891299687,0.3219238144752897,1.0041228975394687,0.03464856636726243,-0.9791724267222026,0.004966425472455877,0
0.11593376100151945,-1.0239842833152772,-0.15147058117702095,-3.4654180889588133,0.31871431074066153,0.9447865468264517,0.03261756448859548,-0.9788451328448889,0.0031325792649774063,0
0.116095501552796,-1.0205489422073497,-0.15489326046041604,-3.538461710679067,0.3035184587015529,0.9026057572019304,0.03116103201634597,-0.9792818153607175,0.002064974410113012,0
0.11728524909654205,-1.02006214722913,-0.15668053634386833,-3.617798796608738,0.28985937580847304,0.8527354602377979,0.030365310041366715,-0.9803489285958491,0.003109408125567459,0
0.11674723512550815,-1.0222353922255099,-0.15597999033366666,-3.6783425683491964,0.2765823206445902,0.7715288811721506,0.02883352516469251,-0.980534324105687,0.005835933345493636,0
0.11387268284738547,-1.0250949405915666,-0.15364269897116414,-3.693086122195437,0.25524931128301864,0.6722325512530452,0.025897809079162507,-0.9787322488962538,0.008082454572729013,0
0.11086403736598562,-1.027132124404648,-0.15159149614599432,-3.656726179198236,0.22303535874776814,0.597681810574136,0.022559554694557133,-0.975967287628331,0.007898090932124764,0
0.1095554482592623,-1.0277484720519343,-0.150904141144181,-3.5879137391676252,0.18504233859412136,0.576546610269943,0.020198971553194892,-0.9744775074479797,0.0053694548786989696,0
0.10898563746395686,-1.0267052772188394,-0.15190956373247305,-3.5120878271967917,0.1504577527776434,0.5974468309808896,0.019257750991791864,-0.9750710345651854,0.0025332388076963986,0
0.10719278081936091,-1.0244076843365058,-0.15555566560342024,-3.448091890440889,0.12782299013442308,0.6256075880379545,0.01944918352655375,-0.9761768756977135,0.001304746148230122,0
0.10434251559355484,-1.022243146179118,-0.1619619132955053,-3.40869527554656,0.11838028324960036,0.6336990765710474,0.020453275153369824,-0.9758691434772487,0.0015968442587938104,0
0.10257964912585692,-1.0214032631528207,-0.16762194078902193,-3.404670188186403,0.1157024001103326,0.616558804872514,0.021951820659579298,-0.9742461782226935,0.0018652409819739822,0
0.103286772616775,-1.021466686617748,-0.16730435745858463,-3.443126176885768,0.11825618753791543,0.5867073143159808,0.023467064960593007,-0.9731767876214145,0.0011897055735475563,0
0.10589276994874859,-1.0212844220463018,-0.16036197996367638,-3.524541368264397,0.14049870022732106,0.5579327145655935,0.024645005434285397,-0.9739294040640378,0.0001317603605207081,0
0.1092584670228929,-1.021238741347316,-0.15297160357184447,-3.641343684530164,0.20278526733445848,0.5295744258071321,0.025715213976174385,-0.975816013175274,-0.000187814686356382,0
0.11298699069539975,-1.022956121766574,-0.15162132899226777,-3.7748430213141875,0.3031017663466166,0.4889852923825056,0.027509164615361122,-0.9773987242901969,0.0009023468427923069,0
0.1170821703053593,-1.0262291652667572,-0.15550273422211294,-3.897835274960547,0.39959813731475635,0.43036795119276144,0.030738312032387752,-0.9783773288089359,0.0033654779531293298,0
0.12117783090564335,-1.0282517497894936,-0.15848001367661652,-3.9883433412022278,0.4333461836329665,0.36476653749925597,0.034983172248072215,-0.97968092436885,0.00643262910928183,0
0.12449577826459114,-1.0272176116762124,-0.15810928654607492,-4.0359377832751715,0.38143121861712287,0.30764142256189525,0.038528511425929196,-0.9819559282305617,0.00868132107017138,0
0.12610409833529534,-1.0248997244595395,-0.1583544224352046,-4.030674789958733,0.28489317472908937,0.26145581630164144,0.03966771621994661,-0.9845128934362157,0.00870642249362781,0
0.12526327032701443,-1.0241217659202917,-0.16230222602036617,-3.963985547412771,0.21405412229497806,0.21756639711630654,0.03835307600788971,-0.9858327911693261,0.006307200357967401,0
0.12217556644367558,-1.0251318573936627,-0.1668709679728997,-3.85665437520686,0.2108682244778248,0.17483512263289416,0.03617035243859846,-0.9849495202209078,0.0029969714221298304,0
0.11824493402674062,-1.0260349127610098,-0.1676164562285568,-3.76959814056084,0.275593585776046,0.14538133205846387,0.03445332328213244,-0.982281422206788,0.0007716654654204098,0
0.11495701540253951,-1.025664078585107,-0.16532244297262721,-3.762416063483522,0.3959681314203764,0.13244960236077336,0.03299275253415451,-0.9791047442213737,0.00019937703670213047,0
0.11277338347237995,-1.024360397191531,-0.16432930987470112,-3.8432726500287178,0.559351996559211,0.10960831103325641,0.031060123814707994,-0.9763782306213037,0.00016663185341841125,0
0.11151238767716758,-1.0225326085582964,-0.16630663143302454,-3.9726922082916967,0.7317092870199744,0.037567048387575595,0.028937272174519035,-0.9743013699329465,-0.0005517542383952336,0
0.1110597168127737,-1.0200480945569814,-0.16895551746031082,-4.113090156027949,0.8530614314391554,-0.09460024496350847,0.027425233468761717,-0.9728160669607328,-0.0021378136483544683,0
0.1110446072275197,-1.017014143305605,-0.17001364357317755,-4.26294056097894,0.8776301228157152,-0.2528468909141937,0.026301161456716925,-0.9720470470829858,-0.004027623518698397,0
0.1104815024537448,-1.0141093764290836,-0.16952063796185657,-4.443112247307073,0.8137136256716035,-0.38673625591539,0.02458029732153756,-0.9721215135663229,-0.005425077819053226,0
0.10848781673355652,-1.012113599315844,-0.16784491100481214,-4.660502080947912,0.7080270851344386,-0.472211570821936,0.02228965485221588,-0.9728545723089814,-0.0054079957209801025,0
0.10511030276193595,-1.0115164920883004,-0.16411340857823223,-4.889619142825115,0.5915462519821215,-0.5238868848134519,0.0206505116624866,-0.9738074342646308,-0.0035827340528321147,0
0.10115703733997092,-1.0121526811372363,-0.15825336137502954,-5.086498922278557,0.4555781099065356,-0.5680012769939096,0.02026592103966562,-0.9745328585549405,-0.0010936564426612754,0
0.09775357626538429,-1.0130298030069698,-0.15324756879559076,-5.221177967959029,0.28309858080376415,-0.613182886792595,0.020362028243174332,-0.9747113497842724,-2.7068585863384816e-05,0
0.09641289501960561,-1.0132951862367994,-0.15316367370215056,-5.299308499251164,0.08783778419954878,-0.6537866034158678,0.020135385257826894,-0.9743045906531567,-0.0011096846373666214,0
0.09852786539569611,-1.0136235642256315,-0.1585338003501681,-5.350040035380049,-0.08779827284387487,-0.6901425589829894,0.0197806352868379,-0.9737122332241632,-0.002709329369455025,0
0.10358465882758282,-1.0157925773287784,-0.1648585173334364,-5.394190492639002,-0.20892230316073584,-0.7288156303967299,0.019936964993784067,-0.9735479185468217,-0.0027894151009121328,0
0.10838598146385456,-1.0201983428890657,-0.1667156298014658,-5.429520692344484,-0.27629354979324977,-0.7662886996625805,0.021008535517191045,-0.9741339107434124,-0.0011766623531018498,0
0.10949923314586803,-1.0241283676579316,-0.16334875556983944,-5.4419140059676145,-0.31747242938387427,-0.7910362622506176,0.023151074455707566,-0.9753150416503581,0.0007665285398200221,0
0.10687311261609005,-1.0237184044046863,-0.15946766183972452,-5.4221676687921,-0.3517271342880933,-0.8066355284038628,0.02615755040905988,-0.9766567741234216,0.0019308407168771395,0
0.10437531285791114,-1.0185059558047247,-0.16021762972994275,-5.378350968608606,-0.36975060854966035,-0.8356441706416378,0.029235354063584847,-0.9776141857192422,0.0020619842453649326,0
0.10610819460053866,-1.0130265641417204,-0.16603829250469584,-5.340621039234822,-0.35235903208648056,-0.8886620091578505,0.03140115665291972,-0.9776503997625299,0.0012295013093977219,0
0.11211608711869694,-1.0123362589313725,-0.17291438714279844,-5.344711840163168,-0.30042049094734824,-0.9436660244931153,0.032168005463590034,-0.9765357563721561,-0.0003239327763494754,0
0.11830204859992055,-1.0166100453037912,-0.1768190427755999,-5.400488848728545,-0.23691316970184548,-0.97454014443298,0.03172200832758751,-0.9746566969216203,-0.00201421365580339,0
0.12083685331977874,-1.0215651639883245,-0.1769217768488137,-5.48351145718579,-0.18801867727761923,-0.9919438429797444,0.030754774994519368,-0.9728420466644745,-0.0032058415187567004,0
0.11979930431410254,-1.023445836304116,-0.17486065230948572,-5.561421209422614,-0.17090830210083108,-1.0313181373371147,0.030299171192744796,-0.9716256733978561,-0.003637765839284448,0
0.11798567265616558,-1.022261359869945,-0.17221466821497755,-5.61726379113505,-0.18806676021916494,-1.0984653015237071,0.031109884915292433,-0.9707892929707715,-0.0035243851722474395,0
0.11729414486186242,-1.0206267720821358,-0.16939732652024247,-5.6436780820168435,-0.22132163736217939,-1.1540473915839087,0.03268020690448168,-0.9700373490986967,-0.003519555978147471,0
0.11737033469270379,-1.0205292536125694,-0.1665737241957194,-5.63174857770473,-0.23746811395808293,-1.1644806811931487,0.033394005778948084,-0.969956846413996,-0.004398355150470262,0
0.1171203107938628,-1.0214097272933587,-0.1646752818864697,-5.580847627296824,-0.20803826622016336,-1.1431204471136958,0.03230560826959566,-0.9714633593815615,-0.006294018450382507,0
0.11625472519974998,-1.0211539007069077,-0.16477604021206274,-5.511211881949945,-0.12647543304743733,-1.1219217706230102,0.030366165374116984,-0.9741380764728629,-0.008313828118340746,0
0.11508172007090378,-1.0188093285939388,-0.16653305566857396,-5.446800639430521,-0.013438072951166254,-1.1051866128785908,0.02925085527270782,-0.976139247763638,-0.009260522470163249,0
0.1135232186194673,-1.0160586309655222,-0.16811623031409123,-5.380688546864759,0.09114543910012925,-1.077265019727403,0.029335294825821562,-0.9762596938755119,-0.008790965290907206,0
0.11124157253308463,-1.0155771295533746,-0.16823603507924278,-5.272760072760672,0.1517342976481632,-1.0396813036634656,0.029505088647953842,-0.975127198306329,-0.007731023060282855,0
0.1088557268114796,-1.0179345955746089,-0.1674014140958803,-5.096485937815775,0.1598917608942294,-1.0103507774512341,0.02876439840953647,-0.9738656673601105,-0.007233115872853436,0
0.10802662380576117,-1.0208099608435097,-0.1664831405456264,-4.8853074788952355,0.12694957390059686,-0.9894746070476077,0.02739704763863318,-0.9726292554114356,-0.007779691264122729,0
0.1095021185071375,-1.0215128141896637,-0.1654635627082483,-4.71983498200219,0.05480889595345699,-0.9499228522488536,0.02650523129036968,-0.9710797430086324,-0.009014056749302645,0
0.11165946464789289,-1.0194667551547278,-0.16479682533114834,-4.664317224353274,-0.07117555528989147,-0.8663230552572849,0.02678294282741275,-0.9693295618886039,-0.010207144387165981,0
0.11191749342063123,-1.0158529840771802,-0.16612000792322162,-4.723704026881676,-0.25496977214766614,-0.742822255810263,0.0277295076401769,-0.967742477364985,-0.0106867528405749,0
0.10940515536684861,-1.0119054506865068,-0.16963642909011079,-4.866972329867444,-0.4689434732283172,-0.6116149946858483,0.027825221812711687,-0.9664865221057665,-0.010084999505633544,0
0.1056946738470375,-1.0086483563676223,-0.1724198880496176,-5.0757237929382555,-0.6719586013023129,-0.5126707827384331,0.025691935544559064,-0.965749814602868,-0.008557195141310701,0
0.10312576032165116,-1.0077046453297311,-0.17186829763775538,-5.348244198372342,-0.8440517495874996,-0.47190263573238006,0.021467336271456364,-0.9658903488475752,-0.0069033800619613,0
0.10271129832894736,-1.0104683098882103,-0.16987892526041043,-5.661082483463756,-0.9928425254676291,-0.4856983649661327,0.01695361806622973,-0.9670314499300631,-0.0063244475927436115,0
0.10344542001905586,-1.0156077563336132,-0.17073426463223348,-5.954744687174535,-1.1271640350589667,-0.5233454319572288,0.014168679319696847,-0.9687137418751117,-0.007660452024337135,0
0.10349639924352444,-1.0188283967676746,-0.174986413609293,-6.171720285435419,-1.2396094044210784,-0.5520344327399993,0.013812444002208718,-0.9699794732201574,-0.010514107333690658,0
0.10214817083296626,-1.016805325746526,-0.17822363559196644,-6.299003319516212,-1.3233372383818809,-0.560744302960967,0.01519209944255572,-0.9698109468893034,-0.013218260678095188,0
0.10041674723565065,-1.011001898870977,-0.17658512124547476,-6.3665295447643215,-1.3911705733659774,-0.5566074071216269,0.01733345588382466,-0.9679734375248168,-0.014106765438040361,0
0.0997820560434696,-1.0063913405450273,-0.17146098504903046,-6.410970792793147,-1.4588495769964513,-0.5444980564263431,0.01984992013721598,-0.9656776088831348,-0.013035019614419097,0
0.10103961467167227,-1.00654752355287,-0.1678977920414633,-6.439246502811214,-1.514185325860045,-0.519247513929182,0.022825095548439815,-0.9648200779555104,-0.011518897436146328,0
0.10466814871490544,-1.0107950600887141,-0.16973129165268877,-6.413723246258614,-1.5215452258444462,-0.47435214984634877,0.02617550376231755,-0.9660805888777877,-0.011404177094008747,0
0.11096378855326353,-1.0156638968017615,-0.1768026988873774,-6.280088785444541,-1.4597466408059552,-0.4105099920696755,0.0293188744083848,-0.9681255686870198,-0.01357632434839892,0
0.11858949831195871,-1.0179805034711793,-0.1856910464471287,-6.037478403958619,-1.343190226508718,-0.33819286772139995,0.03159580370089597,-0.9690325581396064,-0.017611636430253104,0
0.12408967696839657,-1.0168570390724643,-0.19250677461236554,-5.782927764279908,-1.202174018255354,-0.27615998732927666,0.0331090167087817,-0.9681304166145612,-0.022004330092672515,0
0.12459906892859841,-1.013822275210485,-0.1954325452666097,-5.657876015241101,-1.0554132036403725,-0.24158580528809742,0.034818667494123975,-0.9661831298178641,-0.024831767354734642,0
0.1208225560751505,-1.011225152672794,-0.19484778276194017,-5.739520608326076,-0.9125776136000786,-0.23585739337408762,0.03726923604702619,-0.9643172272777417,-0.024989128272017585,0
0.11618026948299273,-1.0103822668128088,-0.19178708864152635,-5.993162235610597,-0.7927388269825432,-0.2433277395365075,0.03934176916946152,-0.9632669499670669,-0.023082020307935134,0
0.11327589068091433,-1.0113369468145414,-0.18763425581101048,-6.316107347342458,-0.717653307693291,-0.24696980578341285,0.039031849500212115,-0.9632837768512932,-0.020800196674742054,0
0.1123331675647952,-1.0136299764648067,-0.1845866503041123,-6.599028349719091,-0.6811174562488754,-0.24328337508530276,0.035833404585844573,-0.9642290780299707,-0.01929747249035175,0
0.11273214394519233,-1.0165056707108964,-0.1838865471569772,-6.755602332991287,-0.6394553469977399,-0.2421014919163251,0.03184084485155671,-0.9658379934566796,-0.018379553867998364,0
0.1142475502769123,-1.0190725202065805,-0.18353505357312805,-6.745678536452272,-0.545074643421225,-0.25518844553612086,0.029810744935212703,-0.9680833670612231,-0.017306936449387703,0
0.11620919103458495,-1.020876792467032,-0.1804015727222012,-6.602766744528984,-0.3918338472768531,-0.28560505704836037,0.030182912707492446,-0.9710277409597672,-0.0161330386322405,0
0.11703004266217219,-1.0217171117101658,-0.1750939997321225,-6.418820175676599,-0.2266774780577434,-0.32476884899613984,0.030651940315656438,-0.9741980373877069,-0.015921303521077474,0
0.11577333518870866,-1.0211814452133938,-0.17217690800556654,-6.272835785800713,-0.1158284658711734,-0.35700020109957775,0.02889903432824288,-0.9765394339837317,-0.017513583062912157,0
0.11337962872994795,-1.0195065292441527,-0.1746134554361291,-6.1784900168523915,-0.098169532114606,-0.3683868043700643,0.025198872761867403,-0.9772787831033456,-0.02035753873553862,0
0.11125629812864314,-1.0181943671009326,-0.18006046311099447,-6.11059220010731,-0.16962909051121938,-0.3542836738665302,0.021876753464516112,-0.9765479764337799,-0.02292977440925999,0
0.10919282739614451,-1.0182504897267468,-0.1838719944173807,-6.061833101962504,-0.3086986738571081,-0.31745918944372475,0.020594714667191732,-0.9749950650413262,-0.02420348352550072,0
0.10582672901947067,-1.0184568227558597,-0.18446070048780197,-6.052383124429717,-0.5096377775766011,-0.2574183991017119,0.020889473523320767,-0.9731327483255612,-0.02428281909507076,0
0.1009862802359092,-1.0169099093901195,-0.18446376924403174,-6.0977368800705,-0.7805455673946701,-0.16655328512454515,0.021264185447885605,-0.9712572632249571,-0.023765638880115205,0
0.09653667631322832,-1.0137683783352154,-0.18700188867549322,-6.191952899458621,-1.1046213112478922,-0.042921017610642986,0.020789176741652555,-0.9696644818968759,-0.023236468645527326,0
0.09465652948583793,-1.0108971900449022,-0.19173801417619915,-6.3206656716663225,-1.4183700457980428,0.09831890538409652,0.019387397556994777,-0.9685672285635735,-0.023562139447157245,0
0.09574428775207586,-1.0089783196485436,-0.19530239753754483,-6.47213244782111,-1.6502920143081183,0.2370143582538247,0.01763882603408277,-0.9677842531100922,-0.02582883009372924,0
0.09842489790206624,-1.0068057701766355,-0.19556720204462602,-6.632429175391682,-1.7789019219085596,0.3701175167096093,0.01697574557653059,-0.9667308793136035,-0.030128411759779598,0
0.10162992952241609,-1.0038479396184479,-0.19428942054555615,-6.783482591732681,-1.83251497321189,0.510010315150388,0.018973562756269186,-0.9649015729106631,-0.03464627534196177,0
0.10596006797906228,-1.0016573353903906,-0.1946702268869957,-6.915839868935726,-1.8356028320922322,0.6588153336024745,0.02347280770462197,-0.9624102573364961,-0.03701676984960962,0
0.11219098395610275,-1.0017815884634957,-0.19748562583560603,-7.0440510676329815,-1.782037857310168,0.7952633743961526,0.028336485308526407,-0.9600361402446511,-0.03699104454733314,0
0.1189876125745419,-1.0036139565643434,-0.20078359866692483,-7.204190490204739,-1.6640986729983172,0.8930190355860473,0.031896681319857775,-0.9587091993139292,-0.036891448934839345,0
0.12352076565494662,-1.0053142322740012,-0.20232964419773225,-7.423412162152758,-1.4995000338369073,0.9455091273124678,0.03455683293254575,-0.9588735446006821,-0.038773829421325054,0
0.12451961301295061,-1.006160091546937,-0.20125976196157286,-7.681035528641344,-1.3143978480292844,0.9671138246803774,0.03727770288523705,-0.9602641234563276,-0.041835195816662896,0
0.12366854367928602,-1.0072123389258085,-0.19825496518737215,-7.904589953910492,-1.1156463941506645,0.9749871078152,0.03987425048687519,-0.9623343115748848,-0.04336237160264823,0
0.12374764428654018,-1.009779555002618,-0.19513722042956438,-8.01653932320878,-0.8966173843340162,0.9750571940598052,0.04175006128217333,-0.9648861761968412,-0.04177400889061077,0
0.12593433785362887,-1.013676057790162,-0.19393156634030717,-7.990495168286709,-0.6646036455733664,0.9596255989096374,0.04311685866603814,-0.9679600724373748,-0.03806325164398925,0
0.12874755642516741,-1.0171330240270993,-0.19549355390218442,-7.865953129751739,-0.4462261563067027,0.9100896148836832,0.04446211467452601,-0.9709706107602603,-0.03457084584066676,0
0.12941538998732766,-1.0182522563692866,-0.19846378469069853,-7.715778778149022,-0.26050902550468147,0.8089833802998573,0.04550355953713641,-0.9725879196398074,-0.032986856209612066,0
0.12685978598714653,-1.016642395408248,-0.1997553915924259,-7.599117659409516,-0.09700355392451597,0.6657109022617793,0.04544676292415789,-0.9721126209364231,-0.03338986803016698,0
0.1231862613811682,-1.0138671165321496,-0.1972952205056069,-7.531959465741749,0.06857837172137397,0.528266878886629,0.0439796548125505,-0.9705879203338373,-0.03449136784051878,0
0.12126885413096618,-1.0119567971832306,-0.1926625501673578,-7.486755148084848,0.24184544098832744,0.4467302270420347,0.041554091586099115,-0.9697820369172295,-0.03453883087803789,0
0.12126607973504726,-1.011362510565609,-0.1895790082236459,-7.416548587911638,0.40502397082595787,0.4188706040795622,0.03881854011686476,-0.9702042629063438,-0.03250075263830939,0
0.12083781584917071,-1.011283405327771,-0.1892518180368804,-7.292111346392319,0.5418604707347542,0.3955705441390059,0.036115663865219624,-0.9709477768644363,-0.028941340404776254,0
0.11858542986980336,-1.0120930849141088,-0.18910990336002503,-7.130486057003709,0.6505787952264834,0.35072813105778344,0.03352657302908265,-0.971520559854049,-0.025697760228431323,0
0.11580521483629819,-1.0154596234316644,-0.18726222674582832,-6.9867870190294505,0.7283245360393518,0.31909371938998465,0.031043685215809056,-0.9726703948263722,-0.02433957212322069,0
0.11427989110707099,-1.0208966256087215,-0.18586879537172452,-6.90772988167768,0.7606435531265864,0.34599731259253075,0.02852390916778835,-0.9747053349715276,-0.02484970473733492,0
0.11326912793330177,-1.024262134977126,-0.1876818811564522,-6.892841427516264,0.7389215387750806,0.4230728372999175,0.025776409371221103,-0.9760169553183934,-0.02597228876638227,0
0.11007117022456055,-1.0219973313055093,-0.19118746033349077,-6.907463691859481,0.6763745901575863,0.49979171256048144,0.022962303983569767,-0.9745382172115606,-0.0267662802788284,0
0.1039482236939346,-1.0157439550306826,-0.19258875404660458,-6.924859699932047,0.5928006408199594,0.5448851985898299,0.020733415816762593,-0.9703355686745929,-0.0274812525623915,0
0.09821474341443906,-1.0104015935870525,-0.19178067758277953,-6.9390086103685755,0.49171712998691086,0.5683405538626313,0.019748388121600773,-0.9657730546987622,-0.02902599834056448,0
0.09708693017076864,-1.008256437046696,-0.1929671945369354,-6.945857552148892,0.3650058790268971,0.5851990152122557,0.019998976906827316,-0.9631715370088916,-0.03217716646375518,0
0.10091006892467685,-1.0073867159475425,-0.19886475712384902,-6.943780262222027,0.2103599843591977,0.5847657453351376,0.02063249373328067,-0.962762893267693,-0.037291705713508115,0
0.1055215416887792,-1.0055731667831262,-0.20662911367864367,-6.957918056554913,0.029236226379222748,0.5467441314647952,0.02061989478990083,-0.9627611854738843,-0.043891705836530515,0
0.10609074986468811,-1.0032471972250676,-0.21089654681757594,-7.032523961787046,-0.18279231866062667,0.4712919336118666,0.019656955420652752,-0.9612617614470834,-0.050140585162688704,0
0.10135704403369153,-1.001984729002664,-0.2098964217597332,-7.1780293268947295,-0.4269070996785215,0.37890202376711857,0.01815993479298717,-0.9582666267604402,-0.05357433485510495,0
0.09499714958870602,-1.0020503675229235,-0.20698828376934672,-7.336386803123315,-0.6904078454332929,0.28750380256233266,0.016573231664398287,-0.9557410909882158,-0.05317090084928712,0
0.09295773862288609,-1.0025250307759284,-0.20615875699872277,-7.4113606268493815,-0.9584405835393642,0.19955977741729136,0.015275289296548894,-0.9554622223196757,-0.05050851203118038,0
0.09810881012087173,-1.002804968150926,-0.2074883338195282,-7.334645602010853,-1.2222946342805052,0.1086788151713415,0.01492563297418581,-0.9571823813485172,-0.04840349959372639,0
0.107014453606569,-1.0029551207207301,-0.20803074089768062,-7.112004603567028,-1.4602239608015206,0.012495385351064012,0.01605799690873294,-0.9592366404655474,-0.04840007539852745,0
0.1127899103726618,-1.00286633515315,-0.2066297149863142,-6.820029136171754,-1.6316143892326498,-0.08180226565487102,0.018304069065513254,-0.9603635307779778,-0.049809938006588346,0
0.11146511696569003,-1.0017832767936241,-0.20639645762962416,-6.555676471925804,-1.7232946064390706,-0.1645599072964633,0.020582554408510877,-0.9602226939577129,-0.05117348464789646,0
0.10524416225696856,-0.9990492354539261,-0.2111667143263346,-6.37283798707494,-1.794746017669152,-0.2368032606733595,0.022018645947062827,-0.958519514115214,-0.052213002343455744,0
0.09968717638998469,-0.995194018785266,-0.22003646914024574,-6.258959573759985,-1.9407614394308297,-0.3123724204044766,0.022420598746859085,-0.9547046877795125,-0.053819638592166145,0
0.09822411287912393,-0.9917828858541662,-0.22740958010593457,-6.170010905047624,-2.1965612944845767,-0.402472666897192,0.022206662857792818,-0.9490116798571345,-0.05627514747189922,0
0.09975912067598347,-0.9899205622493397,-0.2288419888562907,-6.079739303401274,-2.499944874864174,-0.5039490590881521,0.0221746763038256,-0.9432772643252691,-0.05838165645367003,0
0.10143655875056398,-0.9892316804297803,-0.2250544968873835,-5.989926271496511,-2.7559860273404375,-0.6125646321137008,0.022989504615706768,-0.9399214415497922,-0.058768124335499404,0
0.10264124994421504,-0.988640275206849,-0.21985258515623712,-5.904295037964195,-2.921097667544274,-0.7425433708370754,0.024568436682463862,-0.9397703101039637,-0.057459727551963456,0
0.10503802406391398,-0.9877436608066525,-0.21608992107559014,-5.813052254122686,-3.0178755537439654,-0.9171571722503672,0.026156991829869858,-0.9411475740392667,-0.05572685077013501,0
0.10908802065050825,-0.9868574206248116,-0.2143488343602951,-5.712884114537762,-3.090792247962404,-1.1386465164575976,0.02720035532985326,-0.9414567213818865,-0.054793553912191914,0
0.11244182663514109,-0.9861218907683027,-0.21388530239068246,-5.63381706262725,-3.1627311143556187,-1.3822651075773755,0.027858791689919605,-0.9396145317024918,-0.05496088990497258,0
0.11253433033258256,-0.985373416076631,-0.21368709218158133,-5.627367476608734,-3.226016283180068,-1.6244552205004836,0.02831188901006493,-0.9367611511450911,-0.05559646172164257,0
0.10944271494764282,-0.9847179292375905,-0.2131760494557167,-5.711896335476763,-3.2712857447672365,-1.8626253533362693,0.027865826262128687,-0.9347323988781806,-0.0557013105044381,0
0.10525369528067195,-0.9843454875571671,-0.21286173761938748,-5.8341461932237335,-3.3290780989016455,-2.1002084248168527,0.02542834310751653,-0.9340896228933401,-0.0547636207757134,0
0.1015632255449386,-0.9834887214457657,-0.2143969620377869,-5.912031114412521,-3.4689242058964735,-2.32554000739501,0.020894313672860328,-0.9336169305149254,-0.053321846729378,0
0.09867033126538086,-0.9803736483213028,-0.21892922323925576,-5.930811028995213,-3.7317451469523464,-2.515498974602567,0.015589372027170508,-0.931630683479729,-0.05249942585874675,0
0.09681937689032086,-0.9742911579651903,-0.22469238730239086,-5.975541012996792,-4.0586993112862055,-2.652198738248776,0.011366541241961549,-0.9278421492937055,-0.05276773609047224,0
0.09700367624129229,-0.967744903293463,-0.2273755309675567,-6.1428271646645785,-4.304273876839268,-2.728144202819598,0.009507788829774402,-0.9239753871794105,-0.05341300160875324,0
0.09991916742922076,-0.9653931113318301,-0.22430034280332628,-6.427613224109755,-4.334842319759316,-2.7422350902270187,0.010168914289411947,-0.9224655079894849,-0.05342331233790316,0
0.10459158379206183,-0.9698453826570917,-0.21767665570623004,-6.719904770020914,-4.120903972003181,-2.705148075059393,0.012536687272288762,-0.9245078891562366,-0.05246450701963203,0
0.1087939794844491,-0.9786474370769128,-0.2125053634512755,-6.917970201524952,-3.739456643170576,-2.6514235442272143,0.015700951879883535,-0.9292910403519635,-0.050634064738400264,0
0.11097629242777729,-0.9863541803684527,-0.21170241496602776,-7.027380784112833,-3.29595875839085,-2.63135160341026,0.019369498009787833,-0.9348408480188458,-0.047789192564086765,0
0.11150028854141525,-0.9898767337976534,-0.21399978473556033,-7.132277672229448,-2.847722084391794,-2.6761963002655627,0.02348293130265226,-0.9394179929820202,-0.04387792702039645,0
0.11195804897833597,-0.9908530457311328,-0.215683052495565,-7.281851856062072,-2.3891163422966337,-2.773331898973379,0.027550161922568144,-0.942308654647258,-0.03997301488202453,0
0.11369667225489677,-0.9922896110843389,-0.2138692334688732,-7.438018409185105,-1.885818571101976,-2.884793233321962,0.031129224544140924,-0.9437502051019456,-0.03830590426136878,0
0.11716500851163408,-0.9942660599815367,-0.20945115783750812,-7.541837689150908,-1.3135268241601759,-2.9885806817838003,0.03479906529460244,-0.9444667384197137,-0.040563294187505074,0
0.12220990386005838,-0.9944833155823803,-0.20712783861733527,-7.601507190576051,-0.6795925276304191,-3.0903362735532123,0.03972463741933272,-0.9452328208629658,-0.04614030102334174,0
0.12859411224081693,-0.9925079929343675,-0.21087516221353406,-7.6924185680938395,-0.025760427100422527,-3.1942189883305416,0.045996605445634886,-0.9466028903832439,-0.052603615717826076,0
0.13609339583747646,-0.9915690260291888,-0.21902962070532017,-7.8815995579670695,0.5904483401758468,-3.2820776142887063,0.05206117314645284,-0.9488684161111098,-0.05777668303970344,0
0.14379570310372436,-0.995208600600336,-0.225263907280158,-8.17044246361786,1.126216515923134,-3.3353489590190426,0.05609193710342845,-0.9519974768519055,-0.06064437410846243,0
0.1493586768050396,-1.0029299299882264,-0.2247775898841604,-8.506929526339,1.5672156435446851,-3.364450709316161,0.057433789394392455,-0.9552899410125547,-0.06048092421046062,0
0.14967212161414561,-1.0102474869933742,-0.21841689668489842,-8.832828897204207,1.9097694739745164,-3.3988631418453497,0.05647773547673781,-0.9574272959156455,-0.05652093934594093,0
0.1429858163610096,-1.0131143138492922,-0.21038510447132133,-9.113756407763086,2.133200339071236,-3.4516041297585773,0.05359033148744142,-0.9577853833044325,-0.04909923080608423,0
0.13095227724870065,-1.0118058052878798,-0.20337406573779496,-9.348861908206043,2.1956610938263905,-3.5053844060886568,0.0486620834922828,-0.9579670945320441,-0.04022084031838006,0
0.11863684134494983,-1.0104351848917383,-0.19720426099531913,-9.57708996341396,2.0608765317274305,-3.534336695089609,0.041834537435593865,-0.9611342570787437,-0.03220570053082142,0
0.11125767443680655,-1.012995574449771,-0.1911848006797551,-9.862707483807664,1.7310212348492036,-3.5338889056475224,0.0342404870358667,-0.9688802899760223,-0.026021476459503187,0
0.10929978389656102,-1.0196614390463492,-0.18579932978669034,-10.243537802118412,1.2543398172001876,-3.5310042963822026,0.027149737271313455,-0.9789444009794169,-0.021336446418542977,0
0.10710595332959147,-1.026590956855524,-0.18182140459228702,-10.690531387758979,0.6989008105830595,-3.5696164632647367,0.02024144400556039,-0.9868886023243668,-0.01784797169933291,0
0.09824445296054998,-1.029939256222154,-0.17913714780383957,-11.143506498661646,0.11315872919768051,-3.679859791171074,0.011771680598826786,-0.9904301620007827,-0.01591821232430928,0
0.08293871243658929,-1.0304927842014748,-0.17728222208437416,-11.589697521314296,-0.4942076881345276,-3.851007315307355,0.0009733252452130157,-0.9917938408501032,-0.015823105702728463,0
0.06833575260709124,-1.033286227606154,-0.1766038196574425,-12.071384437151575,-1.135694994019731,-4.03496203657869,-0.010538295122014691,-0.9954108443219674,-0.016853836292983985,0
0.06039746487647276,-1.042126193704789,-0.1779517982901797,-12.594999366220085,-1.7984750657432071,-4.1797101010685624,-0.02007330023232095,-1.0035918622343187,-0.017618815451951046,0
0.05800208115259646,-1.0558455204140966,-0.18099751047257429,-13.065589917054616,-2.411336250551557,-4.2570632507908135,-0.025751983166771356,-1.0151152427200447,-0.017369454230791753,0
0.056900491540337224,-1.070557359062048,-0.18375410731361574,-13.353551484300096,-2.867892976871782,-4.26504663377796,-0.027065734225906066,-1.027604185154075,-0.016996750951079154,0
0.05639536933517832,-1.084002319353484,-0.18484004891628866,-13.424098527344261,-3.097532028312371,-4.2194090082109685,-0.024651641938719826,-1.039694861867069,-0.018607237423687657,0
0.05886341307755132,-1.0963117062714363,-0.18552577480055626,-13.3772771592226,-3.113269161074453,-4.141350666993085,-0.01988264838071643,-1.0504900787284337,-0.023806436237363986,0
0.06490871692241772,-1.1073484750339824,-0.18807065696546277,-13.361792262394793,-2.985473139033292,-4.03825316858822,-0.014165086063004532,-1.058535785935318,-0.03213505145973463,0
0.0723463724437836,-1.1150774067896967,-0.19304854993799792,-13.462483638887424,-2.782069562389656,-3.8973281341405794,-0.008227237443859264,-1.0627038937362545,-0.04133327426110545,0
0.07908159917625722,-1.1170587874114655,-0.20015854862285853,-13.656460749171588,-2.5455514756564006,-3.7114277714862056,-0.0018167934826722651,-1.06358910524527,-0.04931396152391077,0
0.08501744911935767,-1.1130436319829973,-0.21017566244612831,-13.843422609983264,-2.3077263131214116,-3.508907575102914,0.005880431125651584,-1.0630165322200678,-0.055609584919913004,0
0.09168626397212006,-1.1060917368568464,-0.22315776758563707,-13.908640218914343,-2.09585129641925,-3.3421263511487145,0.01499689230883267,-1.062231592243028,-0.060808898444072786,0
0.10082375100791652,-1.101088768214831,-0.23521106383146811,-13.786648075018446,-1.919477931532209,-3.24221152256667,0.02408559959358598,-1.06108698193059,-0.06535733539760111,0
0.1125377055415849,-1.1011599949879365,-0.24045519157310868,-13.500654929151441,-1.7663723754918224,-3.1958325226261457,0.031181575242046504,-1.0586627627965044,-0.06951434899295879,0
0.1242646820906232,-1.1046671092597935,-0.2376336935290038,-13.148241862577295,-1.6197004264210493,-3.170260834659287,0.035945285931905456,-1.0541158871299605,-0.07371434357027935,0
0.1320575205558598,-1.105846711087586,-0.23259691725247317,-12.833629918638218,-1.4741411486801117,-3.1510642440796435,0.039908778162761005,-1.0473182355592736,-0.07784651764289487,0
0.13368218794699507,-1.099238295900001,-0.23230937663096407,-12.601792332489483,-1.3288146013152702,-3.1472495846481974,0.04422228745499759,-1.0392476654259906,-0.08036745716103383,0
0.130883414670618,-1.0846894752330882,-0.23705910716882966,-12.428837970312653,-1.1713283600860902,-3.163478766265505,0.04811917774785634,-1.0316122755222235,-0.0791663985990765,0
0.1282687398449454,-1.0683932624671526,-0.23968589287140152,-12.257856274378119,-0.9855415907087707,-3.178507930399105,0.050310654235711884,-1.0258715048337523,-0.0736491057332333,0
0.12901425764270774,-1.0580649901504768,-0.23293802910508474,-12.03894322696683,-0.7801053191168712,-3.1609293234976423,0.05093667125510748,-1.0224926313715845,-0.06554928520052529,0
0.13169320268233004,-1.056490660412937,-0.21790681896602843,-11.763423616771295,-0.5996516004470707,-3.1065780233141904,0.05098352330625994,-1.0206457318243274,-0.057638331221612056,0
0.13223005383189587,-1.0598077743976368,-0.20453420912689269,-11.486252624493291,-0.5040217450403475,-3.050078932132197,0.05029759014088608,-1.0183796220718655,-0.052041742060122555,0
0.1284232137324334,-1.061370135115214,-0.20243671000735994,-11.300301424616894,-0.5384776624771453,-3.02969314852182,0.04747356118903115,-1.0136324743537888,-0.04971283660557548,0
0.12132374628031854,-1.0568348683827784,-0.21131578098046191,-11.261273221290944,-0.7119406309346324,-3.044288827301055,0.041829859854823966,-1.0056317459029722,-0.05083229045468639,0
0.11326319995374198,-1.0465794440516265,-0.22170307035129466,-11.340519811085606,-0.9867969810112621,-3.0563056839348435,0.03458260036789539,-0.9954807854799944,-0.055115529363461424,0
0.10644013969172149,-1.0343052504780237,-0.2252673697407722,-11.464152281394403,-1.2947463692958876,-3.0351047198274816,0.02775506387368537,-0.9854235791111319,-0.06153274267181846,0
0.10250895092107201,-1.0235756129228453,-0.2229173190820878,-11.586520603941064,-1.5790500350680021,-2.980273682923856,0.022582198546472698,-0.9775093113483605,-0.06796443321918104,0
0.10138416105823585,-1.0159831567825959,-0.2218744608548151,-11.705962937736729,-1.8194538171542096,-2.8974910573738675,0.01929925924969451,-0.9728038198970761,-0.07184793803368963,0
0.10103928576139508,-1.01221852301851,-0.2263206418774686,-11.814109736233187,-2.0076175777224097,-2.7705445984478008,0.01782344967239205,-0.9714012879120928,-0.07197473427020105,0
0.10022062490909334,-1.0128362747547832,-0.2334436565264606,-11.855307218456446,-2.112149373528627,-2.5745561622225015,0.017997164627551073,-0.9724284197145897,-0.0698728877315435,0
0.1003159701201936,-1.0165713972724033,-0.23849135110252012,-11.754169335054744,-2.090369768757784,-2.3125502576419645,0.019414264241260453,-0.9738861504228908,-0.06880112463854757,0
0.10291219189106433,-1.0194195903976169,-0.24048150511601882,-11.483614785685928,-1.9369834188867519,-2.025794536619693,0.021643916175437393,-0.97345680239964,-0.07066105489330093,0
0.10719699021053897,-1.0175910725253123,-0.24117492592974116,-11.098523548846607,-1.7083773786853549,-1.763806230918094,0.024765595199964918,-0.9703428076441389,-0.07405103675953824,0
0.11186289118872293,-1.0112326434854193,-0.2408918862187156,-10.696518787127836,-1.4893255791793025,-1.547622208801944,0.029322160051093938,-0.9658999518214276,-0.07590538168748073,0
0.11781751205197183,-1.0040352014306617,-0.23844634579540924,-10.343082035085345,-1.3323431505296348,-1.3645910809357589,0.03550364735594366,-0.9617844776093423,-0.0747759636840655,0
0.12624543238027194,-0.9994495996901908,-0.23440173415002322,-10.036690462519775,-1.2294755887739184,-1.197116882638865,0.04245717273678344,-0.9580591080978692,-0.07192825328345638,0
0.13483095434948558,-0.9981220614506005,-0.2314393897455998,-9.747545150372066,-1.1442448653653392,-1.0527376963477098,0.04850004211259364,-0.9539806080154939,-0.06968268947588527,0
0.1386722463656128,-0.9985562925949695,-0.23138959062377557,-9.47963099424788,-1.0669151831521089,-0.9636959029439948,0.05203752768347429,-0.94997120281446,-0.06955692021803168,0
0.13550208271426112,-0.9990945663250084,-0.23399043306752818,-9.279491187040255,-1.0277641070484413,-0.9580378427889328,0.05239400298834313,-0.9474847794348358,-0.07177413476003397,0
0.1286298029416735,-0.9989730606719788,-0.23826303960556014,-9.183540547442961,-1.052199225636183,-1.0335991854614175,0.05008992005989982,-0.9469999843305424,-0.07560085786644924,0
0.12389598656791484,-0.9982815898934588,-0.24294847679302042,-9.170302797418312,-1.1156963812763907,-1.15849093434741,0.04669545701672341,-0.9472476716298168,-0.07984179831420649,0
0.12395383464854773,-0.9975908962465969,-0.24594235161338018,-9.17041009237923,-1.154808585199461,-1.2900397666555001,0.04417451308199694,-0.9467506669555839,-0.08333593683001532,0
0.12631499560671317,-0.9974366900846026,-0.2456547998526768,-9.116426088571576,-1.1130229983238393,-1.3907434777801115,0.043480313443996985,-0.9455008124168903,-0.08531888267233902,0
0.12734364715623822,-0.9979684478175324,-0.2432919028257488,-8.981149377829377,-0.9650802390800339,-1.4356717258834393,0.04361480285525152,-0.9447967428644861,-0.08565204558091664,0
0.12687426074863423,-0.999282865235283,-0.2421185582837201,-8.779310616967413,-0.7137097965634821,-1.4194801694154657,0.04291511586938402,-0.9457739207122865,-0.08491306232071513,0
0.1273565661256319,-1.0016705147767901,-0.2438786213424464,-8.545832433835923,-0.3868817849277385,-1.3618940916181819,0.04133151007559323,-0.9482357327964199,-0.08412301748106554,0
0.1293897077251058,-1.00463456597155,-0.2470012999202986,-8.317428498999382,-0.031752880917974895,-1.2987916092630023,0.040404595368337064,-0.9506675596111748,-0.08418081995151226,0
0.1306013571872043,-1.005823504212378,-0.2488947756371582,-8.126183980746667,0.3111196383181848,-1.2594516752840965,0.04105740137209031,-0.9514039036952505,-0.08543336832822934,0
0.12936139808267083,-1.0022485967604884,-0.2492790724724257,-7.990232725750876,0.6302734498579635,-1.2530047437741398,0.04278209033035681,-0.9499707246627234,-0.08757945322886658,0
0.12754448040724087,-0.9936150897228035,-0.2503018038253769,-7.89957033428348,0.9328394479101992,-1.277919386807292,0.04505052221284092,-0.9472391323391383,-0.08976723798000062,0
0.12847191933004626,-0.9843892843090648,-0.25296326016210774,-7.819391124368085,1.217402285838132,-1.3351927164175599,0.04785807366737391,-0.9444347088506145,-0.09080480051695923,0
0.1332527966138873,-0.9813713459825638,-0.2543851214057347,-7.711618831738966,1.4627211879920254,-1.4228884222545348,0.05043897113304702,-0.9424833221404602,-0.08969846501817942,0
0.13986608097572464,-0.9876405636660124,-0.2507799893460244,-7.548122069334835,1.6353477771661216,-1.5243606119660869,0.051123497502593714,-0.9421812926171025,-0.08650158909182061,0
0.14469078573106903,-0.9987379474108807,-0.2433227513088242,-7.316170901867653,1.7065460131271797,-1.613778906831661,0.049412306426508394,-0.9441294762593745,-0.08261260478515603,0
0.14445301355136744,-1.006530370140795,-0.23807215239861507,-7.035258024212657,1.6742319243534969,-1.6708910717825283,0.046998130997840934,-0.9481512573293766,-0.0798139458641719,0
0.138154186852483,-1.0074764837652248,-0.23882554786244617,-6.763284138525559,1.5727601256273878,-1.684712835713377,0.04566424680351491,-0.953247975139933,-0.07892735008474223,0
0.1281225756438386,-1.005213892070938,-0.2431186642048655,-6.557382384116436,1.451367637002424,-1.6524602682445912,0.044913128633555593,-0.9582708002038962,-0.0795306374786577,0
0.11876508143850516,-1.0046244900771915,-0.2467077365307119,-6.418840669799415,1.338551926412829,-1.586602271511539,0.042788273414512364,-0.9623351477078096,-0.08069145054463223,0
0.11384874314592452,-1.0064059570624049,-0.24846608343723364,-6.286197806466212,1.2321310060962123,-1.517939474494308,0.038738431914393974,-0.9648500576315353,-0.08159254949613466,0
0.11440697347719213,-1.0088285438451443,-0.24886126068920197,-6.082597329366326,1.1231049668122246,-1.4786713208121312,0.03452986855773557,-0.9657712987364063,-0.08169959178676818,0
0.11833726899952993,-1.011549782142253,-0.24722536520342933,-5.767586950761578,1.021611515665104,-1.4777469660704534,0.032184814085446344,-0.9658277756465563,-0.08100517682926174,0
0.1221406166700288,-1.0146090588887933,-0.24401705546111627,-5.359991684301566,0.9579264054803158,-1.4979213882256077,0.032063900184653375,-0.9660122645991573,-0.08040755672142236,0
0.12393665106064897,-1.015239862982301,-0.24395158327845118,-4.932424369163789,0.9641569165877045,-1.5214673451812273,0.03343916755494281,-0.966553986869726,-0.08144888237591598,0
0.12472948422562592,-1.009751449334016,-0.2523558310970263,-4.583382529637601,1.0561246823082207,-1.5557225641552466,0.03598041658387425,-0.9665116118467507,-0.08509542943090137,0
0.12640585134811239,-0.9996019787488681,-0.2669635250183481,-4.391081187454596,1.2241195669671647,-1.6304737020203643,0.03972968749468843,-0.9647299659471659,-0.0906496303290503,0
0.1292923508309092,-0.9921392410773079,-0.27715257338170485,-4.363764558762973,1.4333248302638517,-1.7747100196903236,0.044030034164277185,-0.961339050584796,-0.09612668452143447,0
0.13225279236046378,-0.9928374148605366,-0.274871303953258,-4.420489909960693,1.634922286457596,-1.9964819667242573,0.04742319480280029,-0.9579837302141505,-0.09983053110858153,0
0.13429987617908487,-0.9992220763574415,-0.26363898557694593,-4.4343958026425465,1.7849318159951124,-2.2738338996218848,0.048709382352669944,-0.9561810855410389,-0.10149575083703538,0
0.1353742938006657,-1.0047444222884527,-0.25357525549161103,-4.319341211838734,1.8626348566038642,-2.559883875888,0.047770350485924255,-0.9556964392567368,-0.10211440294141237,0
0.13580228476120143,-1.0062092427297062,-0.2508568613058313,-4.08979984404704,1.8787113496097718,-2.8121838970920443,0.045536001548191846,-0.9552273333659991,-0.10316466272553727,0
0.13510937463107353,-1.0050721651522243,-0.2548591267511688,-3.844485314077392,1.8637633596443308,-3.029533819822628,0.04341315575534337,-0.9545664459784461,-0.10586136809098717,0
0.13183328278668996,-1.0036691165368858,-0.2616035521867366,-3.692059236765349,1.8388246807278288,-3.2461744763117197,0.04244094867481097,-0.9550993924476212,-0.11011304525040964,0
0.12599594369214004,-1.0029126162112902,-0.26668160728624,-3.677936563553845,1.7932505215991927,-3.476916001888083,0.04260933764361562,-0.9579181653684191,-0.1138461861980602,0
0.12164648249366945,-1.0029087179864808,-0.26757033868037783,-3.759589461506245,1.701337750318952,-3.683955111645494,0.04300607459557099,-0.96218237757373,-0.11446888826365542,0
0.12379030425913695,-1.0037381737465496,-0.2657905966818091,-3.8391519254272377,1.5667540944126008,-3.8144351850900002,0.04271406231610351,-0.9656555883715865,-0.11173006953717554,0
0.13106937727662207,-1.005141383912573,-0.26543594860132663,-3.8295675376920277,1.4370512788495315,-3.8594028658022874,0.041449163608947764,-0.9664968288843718,-0.1082439232653347,0
0.13488035811485521,-1.0060723150137711,-0.26820010924373944,-3.713594540769562,1.3594118052887247,-3.8594873738700652,0.03935679236210517,-0.9643503409661239,-0.10651234719276945,0
0.1292148257582042,-1.0049910912706745,-0.27108330429740696,-3.5540026524550563,1.3298168077151906,-3.859128579803623,0.036675074781081105,-0.959947352743828,-0.10631428077589887,0
0.11886698017243282,-1.0008405360826564,-0.2703570851848867,-3.4455048989030086,1.3027325007506054,-3.873909464607461,0.03395553322947582,-0.9540880660721731,-0.10580796460034139,0
0.11377693065245895,-0.9941849734715641,-0.26684195527965027,-3.4529780658271223,1.2486828334758626,-3.9061561262551527,0.0321967751006257,-0.9472357744414537,-0.10444342498202477,0
0.11665068607328269,-0.9875353423082147,-0.26501004968397246,-3.590895855767011,1.1874682231684335,-3.972427124281812,0.03210340994955885,-0.9399040685917803,-0.10367802880886003,0
0.12020362631779082,-0.9837547701100644,-0.26667915669239245,-3.8428445377530482,1.1641074642848275,-4.092775208900535,0.03317024951351217,-0.9331348497363953,-0.10487652908187498,0
0.1167883938667285,-0.9831569627049322,-0.26852521515426503,-4.175390553190526,1.2029784724637045,-4.253336365944634,0.033901204326129156,-0.9283237872430331,-0.10749578454840461,0
0.10808399287537883,-0.9822748395804343,-0.2677228314181553,-4.531783127508169,1.287710998278408,-4.402970566101199,0.033175794296118104,-0.9262308150041078,-0.10996209397533255,0
0.10402390666805002,-0.9766212246952357,-0.2673399634377943,-4.841399434762448,1.385103543900032,-4.505266121370315,0.03149215718977939,-0.9262030702306568,-0.11171191231995715,0
0.11220708249012722,-0.9659997640947964,-0.27228825879158675,-5.060788049415498,1.4957666996118264,-4.584142328971168,0.03093982079154835,-0.926989025436794,-0.11325213916060022,0
0.12885956322628267,-0.9572887922498823,-0.2808003400477951,-5.199101467694637,1.681005978740403,-4.694942904661825,0.03370357651386722,-0.9285364605837407,-0.1143230676000481,0
0.1422062118908095,-0.9596884566908468,-0.28457651441218534,-5.284548186965779,2.023792446853853,-4.848755110258671,0.04016514770262414,-0.9323020188561928,-0.11332720007019029,0
0.14559858989980282,-0.9749432904792389,-0.2786020409767369,-5.311446710604007,2.550300844358361,-4.986321298575985,0.04845603374097614,-0.9392609138919755,-0.10921402253341539,0
0.1439627496642133,-0.9939325664627747,-0.26691377855962295,-5.2456465689955145,3.19022944840675,-5.038201980393241,0.05601263110786165,-0.9479802644292934,-0.103276691996923,0
0.14531435948622895,-1.0054263926456244,-0.2572654600492184,-5.087503315182265,3.817686177482213,-5.000601696696607,0.06135237447490656,-0.9551585379624136,-0.0984829522173061,0
0.15032162838706858,-1.006644149882272,-0.25397268918513555,-4.904780075738308,4.333680750221459,-4.938224414452687,0.06429764854915321,-0.9581366671480345,-0.09720930812682674,0
0.153922583455905,-1.003233593740155,-0.25712270984284663,-4.785641520949189,4.716406564759203,-4.9096178306782745,0.06520956386773229,-0.9569365070592603,-0.0997906180127577,0
0.15377246577568865,-1.001075624728402,-0.2643095629539922,-4.769215700437013,5.003531397264657,-4.8990224367842945,0.06475762371745981,-0.9538911881446702,-0.10479235316324007,0
0.15240272675444866,-1.0008118796189605,-0.2710287419751423,-4.830336710634604,5.2340111519372075,-4.833712155625096,0.06404863908426629,-0.9511040061082165,-0.11022353564841986,0
0.15198042409839888,-0.9995215112398227,-0.2729504416066351,-4.9163352865041725,5.404472311664045,-4.6664546086571494,0.06392423661050149,-0.9484986733827437,-0.11477720492941432,0
0.1509222317360139,-0.9953815884594918,-0.27034316893189353,-4.986418817864707,5.4736242339741885,-4.4260103544747755,0.06398564008977133,-0.9449731703133889,-0.11834275528848172,0
0.14673600570464837,-0.9899350211163847,-0.26809661043559285,-5.029620166692114,5.405255437487834,-4.18160451122213,0.0630369746193387,-0.9410106842542918,-0.12127541725425317,0
0.13981113617069132,-0.9864991921115257,-0.2696572953034233,-5.062329138510705,5.206183818376282,-3.970927072790216,0.060561674813897605,-0.9387850295929736,-0.12326978221700524,0
0.13286019332750737,-0.9869620929253499,-0.27306709922307676,-5.109008984285483,4.921053290565518,-3.77355463173734,0.05711355963134372,-0.9396112929816786,-0.12342778825130636,0
0.12779385588477327,-0.9901414338200885,-0.2744814648205025,-5.181022889321978,4.595967756199054,-3.5469421496887668,0.05328667005078528,-0.9425188653380149,-0.12145381116191875,0
0.12445873702436736,-0.9930724439520832,-0.2732016023208377,-5.268712016887653,4.25635934269725,-3.2744770250633626,0.04907359723128559,-0.94550228344183,-0.11830109252930866,0
0.12204370830616822,-0.9937028889811103,-0.2713305248414925,-5.338056411996803,3.9163965579779623,-2.977513961606938,0.0444946391724929,-0.9471296246629284,-0.1154186114596257,0
0.12062849097088008,-0.9921989308988849,-0.2703819485891649,-5.327066330096982,3.5995780765005474,-2.691066304498803,0.0403833684165216,-0.946807821919139,-0.11352013057647714,0
0.12091864969471891,-0.9899310973956124,-0.26992226434565175,-5.167198777748343,3.349328178877194,-2.434385616297806,0.03808532908719332,-0.944542488738174,-0.11226909984713296,0
0.12294331593825787,-0.9879555974832321,-0.2683615277503264,-4.836607285142135,3.217060612536586,-2.200874123700297,0.03826362555351612,-0.9410689576940382,-0.11104229495280486,0
0.1256424153800099,-0.986816430571134,-0.26479384423737323,-4.396970352800277,3.228080699505028,-1.9698739929144484,0.040250484830464464,-0.9379418103144896,-0.10962146047919125,0
0.1277809180652087,-0.9871372810616881,-0.26144280168439143,-3.969862093315789,3.357838746310614,-1.729336649266696,0.04286011847216997,-0.9369197682368486,-0.10822611472609853,0
0.12925860790290453,-0.9893662527517781,-0.26295896008817893,-3.6734497147938967,3.552794138602609,-1.4919131659791895,0.045600551458041726,-0.938727556850584,-0.10756450086237504,0
0.1316775372117657,-0.9927373843071049,-0.2705528481840426,-3.57267107124755,3.77473613390943,-1.2892708641759656,0.04870865184413409,-0.9422442451090286,-0.10897881786702177,0
0.13697002605835865,-0.9954372781949135,-0.2784540881041388,-3.6654637926429294,4.016075351844059,-1.1497144558248928,0.05228979600849912,-0.9452379187249612,-0.11371406612590901,0
0.14462533600400593,-0.9965077026460338,-0.28022161935828904,-3.8936921917340563,4.278667132274674,-1.0819666649423656,0.05598413121680743,-0.9462455006759016,-0.12159702143311797,0
0.15110555832932718,-0.9968269340403808,-0.27797115443304665,-4.1709170415141275,4.555815042768042,-1.0758882557143574,0.05945606232488603,-0.9456963247302379,-0.13086391204489764,0
0.15339006529765628,-0.9975567050847738,-0.2809553462905427,-4.4236154730806065,4.837588843323144,-1.1096511241653593,0.06277652634621515,-0.9451689168094992,-0.13939020880400302,0
0.1524435432454435,-0.9986795210796654,-0.29387197148752225,-4.61547544295708,5.118072907830852,-1.1552375413420095,0.06606616992134996,-0.9459744589993957,-0.14566024735264077,0
0.1516835190020637,-0.9999035421021871,-0.30973993029156427,-4.721251604406547,5.385345633441299,-1.187623412408947,0.06886115228702316,-0.9486527041166574,-0.14879987755815352,0
0.15246216122591041,-1.001801635539234,-0.3162882080719464,-4.6803076272481725,5.607253454003155,-1.1988736155538724,0.07017789834335304,-0.9529966200401969,-0.1485749035652852,0
0.1525526332676081,-1.004811515150221,-0.30821233324505193,-4.404408209359762,5.737653546572389,-1.201658811922487,0.06945072847912367,-0.957827085556541,-0.14560056173157598,0
0.14932132350885208,-1.007781093525479,-0.2921254062835269,-3.8518746594803006,5.746318462450143,-1.2104150831287768,0.06722262843162584,-0.9614318250564455,-0.14104268550188256,0
0.1434121107133086,-1.008680288209876,-0.27985982794837805,-3.083638132097248,5.646223927444153,-1.2184744123720388,0.06460568014311321,-0.9629789051158409,-0.13592433955897057,0
0.13827331170025975,-1.0067973902543936,-0.27730720422278304,-2.2227039278299485,5.482877631086822,-1.199800894925461,0.062163990579769804,-0.963002490341027,-0.13099944107361633,0
0.13606099733480329,-1.003714761887623,-0.2802096010862076,-1.3519468656946028,5.281696338515332,-1.1313247543927085,0.059567476522701716,-0.9622090630735141,-0.12706754344841698,0
0.13537668015332982,-1.0018621672187926,-0.28081843919772864,-0.4657289035125661,5.007452097789665,-1.0060879973709913,0.056180310113015365,-0.9605289714676203,-0.12445432639625811,0
0.13379226767174157,-1.0019785893890605,-0.27652632616088596,0.4703062404088036,4.597521164185373,-0.8259590539964106,0.051808868750012525,-0.957513146777388,-0.1218402756952289,0
0.13110140469603715,-1.0018819466074864,-0.270057326408005,1.4272240140244798,4.042171228722825,-0.5915728058909611,0.04712332931763707,-0.952860605758916,-0.11674740221648149,0
0.12847531690181058,-0.9978579196301472,-0.2636685723650454,2.294894839299907,3.4111021639619423,-0.30625499503353576,0.043399648651793694,-0.9462321932749577,-0.10836755751997543,0
0.1254883767786287,-0.9877219383399313,-0.2574078126608515,2.94153583196674,2.792441558726332,0.01274854891844637,0.04143344299510044,-0.9371513148091332,-0.09931976363771416,0
0.1204043447909809,-0.9729472466691349,-0.25249304333729916,3.2670209756680846,2.2271184103854034,0.33516546820293835,0.040601029089571174,-0.9256556480593607,-0.09331138771294063,0
0.11342416994048816,-0.9576122062951256,-0.2517568392669028,3.205017579703789,1.7115184195381186,0.6340033830353687,0.03915298320885499,-0.9129200039150708,-0.09139358051629516,0
0.10724043117722916,-0.945035564863322,-0.2553151853462793,2.713448256801077,1.2361962744988073,0.8971957197107825,0.03539450491070484,-0.9008400729822483,-0.09176951803184145,0
0.10370488533270728,-0.9360935257783775,-0.2592431612545131,1.798220939534454,0.7956427162534715,1.1201189607491604,0.028941818733032594,-0.8910913214706528,-0.092911862686819,0
0.10192593924598559,-0.9308011052463908,-0.2605977859918892,0.5513821989394726,0.3700364065563794,1.2937552687644558,0.02141640507436185,-0.8847902761842811,-0.09527182697420956,0
0.10036761174928233,-0.929339418549337,-0.2613571876136996,-0.8518397188325812,-0.07353401222260296,1.410926279182935,0.015536260169429755,-0.8824351178825102,-0.09974784996533057,0
0.09915261758969475,-0.9305077472445329,-0.2654625285675581,-2.2165068365596565,-0.545459491289608,1.4820823266089673,0.012896794474048106,-0.8834820209335981,-0.10599666425854698,0
0.09946917590335629,-0.9319000300693034,-0.2738990734589858,-3.4070556395961624,-1.002722586064578,1.5310538358057446,0.013123483563707019,-0.8865118589541994,-0.11304609433470336,0
0.10199689992149405,-0.9332529598928767,-0.2842331720243928,-4.382377339812296,-1.3657204240618306,1.5717553182117652,0.015629039614273393,-0.8904429218527878,-0.12042655847401565,0
0.10700996890369734,-0.9368374860508212,-0.29280651444596967,-5.175575491473691,-1.5736484901438705,1.5980323221342398,0.021177616671524412,-0.8949942648968762,-0.1274260431677451,0
0.11521107632886535,-0.9429918247443654,-0.295801260503443,-5.849032037082653,-1.621411905655768,1.5919996218595243,0.030663620437077484,-0.8995740480228807,-0.13187771591933226,0
0.12701222931152287,-0.9482368454146777,-0.2907690538582455,-6.45210438363056,-1.5427055312311428,1.528516114005495,0.0429558111563753,-0.9026569087357625,-0.13139186335320518,0
0.14092848797934646,-0.9494762090615011,-0.27962825970845034,-7.000500629901667,-1.3727275416996139,1.3822213698861758,0.05511670924806366,-0.903058526413148,-0.12605573932544734,0
0.15367592879357045,-0.9476225795387416,-0.268381529175009,-7.496814249335255,-1.1404683704941707,1.155099055297956,0.06468064286543228,-0.9014798226993963,-0.11858408426908493,0
0.16237928029030518,-0.9455740508164503,-0.2614906490615003,-7.979732037943359,-0.8817713317746011,0.8924011146293869,0.07106508053190387,-0.9000970618484582,-0.11132692245484166,0
0.16678474472766577,-0.9443247417722458,-0.2578514870448538,-8.542605602434808,-0.6316608765824855,0.6473652125283237,0.07513382350623524,-0.9002585183487393,-0.10433114660380478,0
0.1695553200394529,-0.9425915078100072,-0.254056458382783,-9.281793888905984,-0.3994891933822446,0.4339907430138772,0.07828226429421639,-0.900863327632297,-0.09693908820220419,0
0.17417714630752174,-0.9396452290883017,-0.24960581240431243,-10.221803857256326,-0.1665519022151821,0.2376931785938732,0.08188677549271513,-0.8998099930802927,-0.08999833132372809,0
0.18171647937096727,-0.9371855380881494,-0.24661027335896007,-11.301947512735328,0.08910451145231618,0.06774253648510484,0.0868723830180787,-0.8971459819716702,-0.08533776716125699,0
0.18941666024402914,-0.9379976846566984,-0.24602882145753951,-12.434851151600382,0.37385485514167405,-0.030740568567843782,0.09324451426944722,-0.8957991335329754,-0.08380265421120646,0
0.19345841491659443,-0.9431582112214533,-0.24675178189453573,-13.56444680028929,0.6798654430477252,-0.02955770916463359,0.09979476924848928,-0.8985946630126944,-0.08502961663211821,0
0.19365429945604004,-0.9509028208188799,-0.24796377146698798,-14.673030390317473,0.9922397441901284,0.02920194094244117,0.10456891024528242,-0.9051263254875914,-0.08868979049562216,0
0.19409943772176952,-0.9584040012239305,-0.2505336452715892,-15.757404669672287,1.2922389157012941,0.042862135142010885,0.10628373520535545,-0.9123848706153268,-0.09437133891266651,0
0.19758752796861107,-0.964696444614279,-0.255295546777097,-16.807720851058804,1.555253683684717,-0.08609714250327292,0.10523229614850513,-0.9184622713316439,-0.10012033512084496,0
0.20028085350684438,-0.9713732198443137,-0.2606354823510432,-17.797096426287514,1.742932424247608,-0.3876786303872699,0.10231648780387949,-0.9247022848632795,-0.10284498977999088,0
0.19460904577523502,-0.980194918968246,-0.2629668046661414,-18.681415827738068,1.806087089920759,-0.8140158157749322,0.09756171735158042,-0.9335828595565189,-0.10116221559726435,0
0.1783368766849396,-0.9909813871612946,-0.25993570726476545,-19.4070801075773,1.7188264563817215,-1.2775435848708003,0.09032321372246582,-0.9453625044567916,-0.09706372518053179,0
0.1588635014668436,-1.002365304269513,-0.2529238752839126,-19.919784646773245,1.5187812038115727,-1.6973119156916947,0.08094257964565282,-0.9578422411538929,-0.09427301079483105,0
0.14688893825207192,-1.0133400346401975,-0.24675113303970442,-20.175545119843587,1.300422260174683,-2.0218599989172454,0.07168114962804797,-0.9686535766037184,-0.09543137504753657,0
0.14641241042800354,-1.023000885609561,-0.24681805816025632,-20.161485642679764,1.1612168980117659,-2.2301430902577124,0.06544349979737024,-0.9765332066545254,-0.10068329552189359,0
0.15202672330088918,-1.0296571522823132,-0.2549768962806108,-19.91733655407287,1.1563616954471039,-2.331814804038902,0.06322104335540696,-0.9809743205986325,-0.1081177115823497,0
0.1554877156130892,-1.0315830999919544,-0.2671996253694127,-19.535193648752173,1.2941818673882222,-2.373520491449733,0.06314699624143294,-0.9820870850875483,-0.11544597820425165,0
0.15344360323608097,-1.0287091274456304,-0.2763477430341644,-19.133970825842212,1.553563243177906,-2.4292529153196027,0.06259207871426939,-0.980813153147198,-0.12158960407223901,0
0.1483546192060251,-1.0230155668003738,-0.27851810240731983,-18.826684177654727,1.9001415590372126,-2.562748289760783,0.06078837185236122,-0.9784157796000233,-0.1266360318773686,0
0.14351372572358514,-1.0173638334388144,-0.2764573810599659,-18.686048125425334,2.300284013527214,-2.791637545789942,0.05877172946252197,-0.9756520027874528,-0.13046354664944781,0
0.13957055418920858,-1.0138389716119012,-0.27601377450308934,-18.705971112490893,2.7334921426178935,-3.0855880279457435,0.0574016756601094,-0.9725973152215681,-0.13204363763078264,0
0.13625886382060245,-1.012297981204968,-0.27937952986275894,-18.795132937024306,3.188096387696651,-3.3929424872307874,0.056568043177630915,-0.968917770935376,-0.1302401112947323,0
0.13481608335255724,-1.0107042154365813,-0.2826062311592318,-18.8463939784992,3.635164419232548,-3.6723921524450285,0.05590764770268758,-0.9643768904734629,-0.12497348029570354,0
0.13616840627881838,-1.0082928067684058,-0.2802190742212716,-18.83684671122339,4.015326377190989,-3.903397304274047,0.05492190960055597,-0.9598814633118772,-0.11765529298428039,0
0.13786584680659214,-1.007821117736287,-0.2716923129854118,-18.851364740046645,4.2728994267523355,-4.05425726678506,0.052677405044824245,-0.9580223692716973,-0.11061536758088361,0
0.1359676787251934,-1.01231129286338,-0.26217989793220114,-19.001812237646877,4.402385101121355,-4.045850175992718,0.04908354602431965,-0.9612714698092921,-0.10574400536096153,0
0.13053895252170652,-1.0198736875652128,-0.2569115918428788,-19.316842768036494,4.439859531764182,-3.7963423827231555,0.0463882810209062,-0.9689027662405786,-0.10351035160261322,0
0.12674747023054617,-1.0249152398384642,-0.25662653273593944,-19.680992284495115,4.416155784587332,-3.328739697220746,0.04735883948083082,-0.9767550887013419,-0.10355111711763035,0
0.12919057123268976,-1.0252600648084194,-0.2591241808822787,-19.873068257218,4.359196881183754,-2.782518267946747,0.05161590082269888,-0.9812735159433185,-0.10586709907384922,0
0.13691049309378098,-1.0250352633430166,-0.2629901585380926,-19.71847825571322,4.342004647633598,-2.271584341139238,0.05578916119097746,-0.9830944721543132,-0.11055732410648686,0
0.14512178685433982,-1.0285584830869827,-0.2678087651093392,-19.254477473141343,4.46333876007827,-1.780733989920608,0.05783795321336788,-0.9850097226366954,-0.11643571391050808,0
0.1500824080719169,-1.0336669591128036,-0.2723296308779468,-18.72368454625769,4.74250224191017,-1.262574426498511,0.05922559020706914,-0.9868518574203546,-0.12105022686122233,0
0.15121482970355407,-1.0341920278916443,-0.275207792151959,-18.365755550244263,5.074435842559931,-0.774931248036426,0.06205728657799468,-0.9851714399849559,-0.12276235777864294,0
0.1501706859365619,-1.028467066956998,-0.27736905091864716,-18.23379684344077,5.327290462633953,-0.4154955300768405,0.06583278970834142,-0.9792688212794431,-0.1224690242807212,0
0.14908864399421395,-1.0223802373919235,-0.2814121755028087,-18.245340058154717,5.456543877170839,-0.14141885560950715,0.06822961887066273,-0.9748924082750117,-0.1228499446578949,0
0.14905826637721287,-1.0229927807692072,-0.28812912875098884,-18.365749457454484,5.496402862209997,0.2280591547533376,0.0682753734061763,-0.9786066088525726,-0.1259470999014516,0
0.14975063126514238,-1.0307805904501768,-0.29491171303059094,-18.642405122907867,5.477309435950928,0.7915759296889958,0.06756801354822156,-0.989133257806621,-0.1315275396496013,0
0.15058585794970608,-1.0396563807677717,-0.2981926608799106,-19.036257324184636,5.404939860602957,1.4228042647803814,0.06808798520762464,-0.9979394290212438,-0.13766667125802556,0
0.15182928638662413,-1.0444204069621266,-0.2970531940761566,-19.33153785596209,5.318873182177629,1.9112103457874694,0.069543259840776,-0.9994794960581623,-0.14265566484787529,0
0.15412389769795462,-1.0462188629048839,-0.2941892207081418,-19.327781815941048,5.32047421581044,2.219426413771202,0.06985660687550567,-0.9972379489697053,-0.14595380179927497,0
0.15699655088655642,-1.048505547491431,-0.2932086035786752,-19.067475207526613,5.49340132839998,2.5133143793366495,0.06801575945029624,-0.9968416253977554,-0.14751246500476148,0
0.15838849235345925,-1.049085863705625,-0.29504125688942534,-18.725911984963137,5.796063446729651,2.8960175024302086,0.06539294135039532,-0.9964426963171659,-0.1474611532803514,0
0.1567146048914521,-1.0407316347784592,-0.2978088163672083,-18.296971554699166,6.073629259352549,3.201731155872922,0.06434119914920708,-0.9885763560776165,-0.14713375560568875,0
0.1533152464480437,-1.0206728359967707,-0.3006254270467016,-17.57820655859731,6.198148475267916,3.1615665334685983,0.06600104261054053,-0.9703277710145689,-0.1491494665396799,0
0.1511567403674111,-0.9955706259700641,-0.30584181698397955,-16.52727116409303,6.179935030681607,2.732149876709373,0.06894027789302098,-0.9475026359941885,-0.155080991662897,0
0.15077074759541556,-0.9752145614173803,-0.31533975854102375,-15.484649699491872,6.133214557540543,2.151647647773367,0.06978068897873306,-0.928769899404974,-0.16335842397535244,0
0.14948345437229626,-0.9639716637607147,-0.3256064154516088,-14.941376975534771,6.150577684796044,1.6855811597569517,0.06611172989386846,-0.918572638998937,-0.17044764074945062,0
0.14530547763287502,-0.9598691320531785,-0.33010692336394,-15.146161140227619,6.220867081877339,1.4054562707583242,0.059013071433442005,-0.9157614637328241,-0.17413019826530335,0
0.13962504014756688,-0.9591575589052773,-0.3274655967200229,-15.987183658688355,6.262172960224924,1.2139679178715532,0.052099533367081285,-0.9163727232666219,-0.17518882355457335,0
0.13516517035584566,-0.9592644266710472,-0.32411384099288787,-17.181021223186036,6.225758184171238,1.0089989131389698,0.048180530126896756,-0.9167134204628993,-0.17604274053791483,0
0.13278217965467354,-0.9590864492522863,-0.3267667701099858,-18.490213143143038,6.157733771877128,0.7924311213944908,0.04723998594959645,-0.9154549432669549,-0.17819486120168593,0
0.13115193876008016,-0.9591614037030786,-0.3344307864335351,-19.775517268250447,6.154808748587601,0.650084134153486,0.047197490062014506,-0.9140772397340358,-0.1810039393180106,0
0.12877223771942672,-0.9612765302783661,-0.34041046623121796,-20.922488941499005,6.274055322183406,0.6522156166273047,0.04592896178521283,-0.9149285773945093,-0.18269997824910278,0
0.12568457230271834,-0.9663082335346759,-0.3409491122730861,-21.792848211746207,6.502050026628072,0.7785552516081204,0.04283333540677017,-0.9185064677505281,-0.18246179352847255,0
0.12349525758522505,-0.9725415871009045,-0.3388527803563158,-22.28565226975081,6.802229638799422,0.9412551987801836,0.039331760516986974,-0.9228764591461064,-0.1812236699486505,0
0.12395620534980259,-0.977031364865135,-0.33873696165380945,-22.4322669452191,7.161735029706621,1.0695697760210099,0.03801152978847376,-0.9254519220164297,-0.18044214004345854,0
0.12766659612170617,-0.9783074009869258,-0.34164343365017996,-22.380228406457427,7.5727002080824946,1.152141815123968,0.04071612391927348,-0.9248674676461256,-0.18088186893602862,0
0.13422820655324785,-0.9770389716336494,-0.34518638642822896,-22.26080951544763,7.982155858390927,1.2040555368526091,0.04711722384167768,-0.9216617975441735,-0.18293164522656633,0
0.1430208386677553,-0.9746192090288689,-0.3470365288408197,-22.093362942206088,8.292756616507447,1.2253031031500132,0.05500986822166453,-0.9177769799342237,-0.18690463015107764,0
0.15275758187933078,-0.9718338565960982,-0.3473087653760609,-21.819726982684774,8.423045117766183,1.2015670138998693,0.061861276890796985,-0.9148035217875442,-0.1920751988024038,0
0.16046679352564822,-0.9681647452747827,-0.3483587382419777,-21.39519705758505,8.349403012153857,1.1225951286027376,0.06633030776153255,-0.9119750345861909,-0.19636894103340424,0
0.16272634045574802,-0.9615902964991683,-0.3525619845562656,-20.83588042887974,8.086359552109787,0.9817637709481722,0.06870037056331639,-0.9062943777371717,-0.19846933634931538,0
0.1592434304722582,-0.9499622562938674,-0.3601181214231673,-20.216257454444147,7.659235719203341,0.7640402456530392,0.06995001370531499,-0.8954236433102609,-0.20003295125834952,0
0.15443211366105358,-0.9337168049536073,-0.3692634477537761,-19.653564983424914,7.121093712779349,0.4483431825870483,0.07063364572989465,-0.8806460210565377,-0.20431277817485355,0
0.15379224243914064,-0.9169784095811777,-0.37815689154753956,-19.284912166874008,6.573106883500207,0.030089328118408955,0.07102034228181084,-0.8667089402783179,-0.21217629432246568,0
0.1585135593300452,-0.9053752574443459,-0.38549758273382634,-19.223609238707585,6.129976520116406,-0.45264353240882527,0.07185633587812511,-0.8583159611055222,-0.22065017475494314,0
0.164674114291284,-0.9024610632180032,-0.38981600384393844,-19.495610704778727,5.860911933812442,-0.9172684710571751,0.07386658965811953,-0.856523944271183,-0.22586124967223903,0
0.16773529374129967,-0.9074806289688955,-0.38980523671315453,-19.98669113756861,5.777975854300962,-1.2785529554926978,0.0763908718877201,-0.8588262659776699,-0.2265250493297467,0
0.16674595211451304,-0.9160451782783667,-0.3857385789488379,-20.464752855462017,5.872041907721722,-1.5065710208971967,0.07779657056471898,-0.862846623758868,-0.2243261202531345,0
0.16426670474042826,-0.9238383247898336,-0.37995186465806013,-20.720326541737,6.132113428335742,-1.6351680638758754,0.0778147086072246,-0.8690908701788238,-0.22180159805721758,0
0.16348594443895229,-0.9304481946895735,-0.3757004621681938,-20.74085317696521,6.521409406638319,-1.7042680858680272,0.07812140078273559,-0.8792387896241255,-0.22030321555643523,0
0.16567434455569366,-0.9386565479073707,-0.3752485987085953,-20.73275146641433,6.959640788200726,-1.7088805635239377,0.07970448301481087,-0.8924537040555933,-0.21963963428453737,0
0.16942617793961556,-0.9493757137978975,-0.37847307096006194,-20.928299181686548,7.358817058755073,-1.6262043987785701,0.08106394269573283,-0.9048634647145029,-0.21928461667022411,0
0.17176133897187487,-0.958958620830187,-0.38329372831793246,-21.362799639138423,7.678329809389775,-1.4881332664623945,0.08021814824301622,-0.9128027315490582,-0.21949436582517118,0
0.17041672973508154,-0.9629650660163799,-0.3876330265521746,-21.850376051348245,7.930041342612931,-1.3977523639912595,0.07733553117842301,-0.9155943925981346,-0.22084663088591736,0
0.16573405898568083,-0.9615355240710505,-0.39052613853417245,-22.158577804832504,8.136839489701611,-1.4552805530900927,0.07429543567449264,-0.9151890332997916,-0.22309512006302254,0
0.16037125410173722,-0.9595781390820665,-0.3914655729382145,-22.183570317464515,8.312701809319286,-1.6790109893670835,0.07252094843123474,-0.914140093951305,-0.22538747923772776,0
0.15689542401744125,-0.9616775063967905,-0.390130148640335,-21.98224571929486,8.484597509959043,-2.0116793264041464,0.07199951141244298,-0.9141388277195263,-0.22757546544131665,0
0.1558724580753046,-0.967494290482648,-0.3875352270563193,-21.69543942266474,8.699264408852656,-2.38611233298268,0.0717776838227998,-0.9156493905744069,-0.23038470022769603,0
0.15656844096742634,-0.9729580208113648,-0.3862962684432976,-21.457116321757365,8.979474739063674,-2.7638090136673563,0.07095720972831812,-0.9183491436598212,-0.2341054499867798,0
0.15864308271561348,-0.9759432680427693,-0.38848081028931325,-21.32393360565713,9.281412994380608,-3.1281766468605468,0.06963241245680793,-0.9219001133666345,-0.23790818834554175,0
0.16204215235327793,-0.9787057678469522,-0.3933308451700905,-21.241029606891587,9.518097283403225,-3.4758000987767854,0.06898067221968801,-0.9262675290970942,-0.2408436738277915,0
0.16561475502066939,-0.983548921589752,-0.3978759320147001,-21.083970185504416,9.626496214737694,-3.8196052625334223,0.07000929452367827,-0.9312372429899244,-0.24302384484563166,0
0.16694336201183171,-0.9888038943728137,-0.400059180622574,-20.758651601621178,9.597332189019903,-4.177349449128356,0.07213261724550854,-0.9359419454871328,-0.24526693463706883,0
0.16400393337230224,-0.9915659998232793,-0.40087882345183523,-20.25868748889102,9.442575770917601,-4.540201523120147,0.07334023044734031,-0.939338339099574,-0.2477406148211706,0
0.15720932667801957,-0.9921276249600783,-0.4029586734926571,-19.62877081658113,9.159453426538693,-4.860469409867371,0.07196948652328124,-0.9411888378640283,-0.24970327659374902,0
0.14985266128375413,-0.9926760791841057,-0.40721966972722906,-18.90048438719839,8.745493829462509,-5.087640733695117,0.06828643396940616,-0.9422042575524591,-0.25084110650318486,0
0.14597325984821807,-0.9932490519487336,-0.4118335387054202,-18.077158816987875,8.246382727397906,-5.215767605440361,0.06428104603708637,-0.9430552271381892,-0.2520628003313879,0
0.14727469422795272,-0.9923319892819301,-0.4145209811453462,-17.159637479530716,7.771328922273517,-5.279228213390847,0.06190193194091045,-0.9435530086368559,-0.25439309775580954,0
0.15199331140314246,-0.9906455307112771,-0.4149289910101008,-16.16643651537598,7.437077942971049,-5.302619469890595,0.06149568790295452,-0.9430949098042022,-0.25770069740988133,0
0.15630343910370426,-0.990889135650253,-0.41469045526024395,-15.13532763760605,7.279468952490822,-5.2760889581159125,0.061746951301492936,-0.9416174248226091,-0.26105454343562895,0
0.15653363261128453,-0.9934433440935733,-0.41600011146144755,-14.120016063815227,7.2194253547493155,-5.185335386644229,0.06077505323933448,-0.9396453035032567,-0.263800700865476,0
0.15120323145432524,-0.9950339887245951,-0.4199939244949818,-13.185413119512532,7.122335445240335,-5.042959564865931,0.05755286687192545,-0.9375463518072008,-0.26588880634625983,0
0.14236209643369468,-0.9924150657801944,-0.425820101073508,-12.393372565597172,6.897475069092884,-4.873267526843858,0.052968643011764495,-0.9351387995657674,-0.26761206606239263,0
0.13456079052289982,-0.9857882095212339,-0.4314507897777995,-11.785931765791508,6.554783747836044,-4.67623485659757,0.04935871880167477,-0.932091638971217,-0.2693254359450577,0
0.13140250128144748,-0.978430559323689,-0.4355468188619784,-11.39203764539795,6.184981427217515,-4.421399752144971,0.048313301620518535,-0.9287072062847425,-0.27109567432061576,0
0.1330818585484135,-0.9743871796195319,-0.4379378615923591,-11.25045405917722,5.888085952401748,-4.07975327440392,0.04922076117317088,-0.9262640299479626,-0.27248552071540866,0
0.1372609305115061,-0.9763921208993874,-0.43853513516009784,-11.382217702335753,5.7043321093894335,-3.664856472966659,0.05048318539599382,-0.9262097222733131,-0.27301398376027197,0
0.14147843267909396,-0.9840625079110211,-0.4372268163545836,-11.69580749327871,5.600183499225881,-3.2508367679958923,0.051418508681887194,-0.9288347562915492,-0.27302664910697994,0
0.14453559670256572,-0.9931057405023668,-0.43497396548481493,-11.955878633452217,5.518605618394652,-2.9460096278048447,0.05235298781740648,-0.9330512132003883,-0.2736682080649293,0
0.1464830047806637,-0.9975831761597148,-0.4333724422438176,-11.929039082258255,5.433349158318372,-2.831119197992847,0.05382994428805007,-0.9374133641356395,-0.2754103679281539,0
0.14786047169857838,-0.9948649836421899,-0.4327500404309693,-11.572525760983297,5.343987089455903,-2.907693377864472,0.05644046836001953,-0.9407903912313876,-0.27693466911245057,0
0.14897400185245646,-0.9886721365801568,-0.4320209950144053,-11.032186584198213,5.238901382161852,-3.096424287154899,0.06050493399011141,-0.9422436906208869,-0.27639372906923526,0
0.1500695148558574,-0.9857602403000059,-0.43037545022013496,-10.466636209011991,5.099615625607148,-3.283139375445515,0.06529288321465082,-0.9412868302529298,-0.2737688491801546,0
0.15200064545539535,-0.9885338154793013,-0.427661759854648,-9.928358681304491,4.940125013066671,-3.383688049275196,0.06928555596227572,-0.9384954104926039,-0.2709992326400875,1
0.1557401642562944,-0.9921649345472178,-0.42365608848993486,-9.397626280551616,4.805643813755478,-3.393393474075335,0.07161659959328019,-0.9350659084193066,-0.2695392545045757,1
0.16072304083788314,-0.9905249653795081,-0.4190922415210727,-8.850811732998757,4.71880049690897,-3.386437266534659,0.0727528725093566,-0.9315476281406365,-0.2688701930793173,1
0.16458116947953438,-0.9834911772294902,-0.4169570167937841,-8.26629968233012,4.654007606242897,-3.4571353394223854,0.07364910071261137,-0.9276419762589272,-0.26809293637075077,1
0.1654406032232659,-0.9761024518655971,-0.42025076620995816,-7.613196451068777,4.584918388716709,-3.6434658344312045,0.07463208038033765,-0.9234478511956629,-0.2679683012925752,1
0.16394010709626408,-0.9720583084378345,-0.4283128484608272,-6.886931659871231,4.533523013672623,-3.8905539295349225,0.07511616686534568,-0.9202814424237734,-0.2701825505826121,1
0.16228837446118674,-0.9713060523179466,-0.4371195495886974,-6.152158679186904,4.54149761524624,-4.079647766086795,0.07428826980161038,-0.9198195438588302,-0.27504400386606176,1
0.1618728965492243,-0.9731176735299732,-0.44339335148308473,-5.513793777800349,4.607770139693778,-4.102399543042259,0.07222520333464083,-0.9226827741174713,-0.28104659684916716,1
0.16225476231727498,-0.977808650015811,-0.4472932405349965,-5.037118143672359,4.689641666851843,-3.9292829301786445,0.07018189571503144,-0.9280679231287825,-0.28660265655340367,1
0.16197394671525026,-0.9849250916561478,-0.45064061460018856,-4.707458750381755,4.757448336131146,-3.617691359428304,0.06940668149708559,-0.934449099276368,-0.2912314393894912,1
0.1601036258521387,-0.9922777525642167,-0.4534778701804819,-4.443347022182093,4.81138519125856,-3.2547018336057136,0.06994269378220859,-0.9403555834627594,-0.29494364645398147,1
0.15756804998792548,-0.997527248646851,-0.45409939329658816,-4.120050877958061,4.850908850035325,-2.9008797134546636,0.07110603221860218,-0.944580930919593,-0.29731443309538214,1
0.15689118884377454,-0.9994023975123512,-0.4523186337734964,-3.619764222090307,4.873661791055858,-2.589353717471942,0.0727153171606717,-0.9459767488807637,-0.2976463862890295,1
0.1596008263595487,-0.9972267470597584,-0.4500927571531295,-2.9230652725412547,4.912315315864107,-2.342448797298821,0.07494301202826968,-0.9436205045262138,-0.29577058622436303,1
0.1637029620712172,-0.9906917821407975,-0.4482912248518858,-2.149738286571216,5.029580091493542,-2.1500983764812487,0.07716884221958673,-0.9376746832823307,-0.2924202221673022,1
0.1653304882166819,-0.9808496940003321,-0.44562428279621563,-1.4664419682985763,5.257706694113349,-1.9441310967239087,0.07809023009246809,-0.9297764352032895,-0.28897829000635233,1
0.1637436367636832,-0.9703716733365957,-0.4417796009017793,-0.9430578557572188,5.569906544277808,-1.639693254244436,0.07718733058102234,-0.9216900867205574,-0.2869010819234999,1
0.16279372456816935,-0.9614012684897456,-0.4391433204296078,-0.5138810713000475,5.918700546908284,-1.2228601629318014,0.07535411913290108,-0.9132083463975511,-0.2868726984963845,1
0.16572378120474976,-0.9532220520166926,-0.4400931445273425,-0.07871905097610184,6.269521161253786,-0.7758846960207072,0.07393669013377488,-0.9021759014994357,-0.28823824458029484,1
0.1703169040262611,-0.9434895114040136,-0.4440475198536116,0.3654500453699964,6.59192356143387,-0.39100580363896004,0.07363288270491065,-0.8877529790208563,-0.28980262931783407,1
0.17159443181648315,-0.9318820117746387,-0.44832682250654043,0.6908333760456391,6.865024353721465,-0.07319363513581027,0.07425051641376115,-0.8734306740508199,-0.29144748939824866,1
0.1680458909009748,-0.9210457838750673,-0.4513655716264515,0.7456319233123387,7.116216191264249,0.23889040012846655,0.07498707426730163,-0.8650650273808023,-0.2942831832492996,1
0.16274096413495068,-0.9141576880753599,-0.45402338429978845,0.5176583076335106,7.4161459090226725,0.5648374505543914,0.07496122675561116,-0.8651537068690697,-0.2988190768727963,1
0.15915365614536753,-0.9130067307182212,-0.4575605611166038,0.18880723140434214,7.800383534729036,0.840848083460829,0.0739308891403398,-0.8702489134836415,-0.30363002868309036,1
0.15821720771415784,-0.9172500669543404,-0.4615769718075993,-0.004790006713537579,8.220475443312473,0.9936840875885298,0.07258292248015871,-0.8746461548179166,-0.30654455285527743,1
0.1592088665011131,-0.9234999061102807,-0.4648116082599304,0.020295966738083197,8.611563800403266,1.019925343759701,0.07203472630616652,-0.8755930735475773,-0.3069738696545841,1
0.16165927915926487,-0.9267977298570368,-0.46651700860030043,0.13670413620431002,8.998488310789647,0.9813658756578068,0.07319258029569502,-0.874675240497149,-0.30623811433175363,1
0.1658978173764047,-0.9258290036992309,-0.4657586546673486,0.1456610059617273,9.492588007659197,0.9506357595625704,0.07638285200673665,-0.8755846996934005,-0.3052489748515342,1
0.17211809083111285,-0.9255998350692647,-0.4611127373831805,-0.04139137994828776,10.167946324473563,0.9747260046207364,0.08085959487948763,-0.8810148056334877,-0.30273025180364904,1
0.17895074426782062,-0.9318077625972871,-0.4527549523774659,-0.333755395006698,10.961927591125068,1.0721172815783226,0.08465963280925046,-0.8902712236050611,-0.2968339938600651,1
0.1835622372828554,-0.9428693485560775,-0.44331477051707197,-0.5215004938174499,11.715431562140758,1.2419772822864332,0.08618649800845248,-0.8992284781966943,-0.28832287348128205,1
0.18417444385102638,-0.9509166877350436,-0.4354353352820232,-0.3971905681804646,12.307175509665651,1.4660485714545592,0.08649735119708854,-0.9037870805770631,-0.28090930103468464,1
0.18224241048545903,-0.9513190175311659,-0.43016119456792606,0.12344836504994997,12.744312392883472,1.703851798873214,0.08866164658353384,-0.903916145810662,-0.2778899807507991,1
0.18133407394627957,-0.9480391770446633,-0.42815423378136774,0.9346306504697468,13.129219164364178,1.896859546293157,0.09386700004556071,-0.9033272203234082,-0.2790654170122553,1
0.18403711199147582,-0.9483713485311013,-0.4299240268567611,1.7849300270306037,13.553501249879151,1.9884641330028021,0.09943384301836322,-0.9050560499812188,-0.28146740479587656,1
0.19014237615534113,-0.9549722995191245,-0.43407611523945266,2.4394228318833964,14.04386711540904,1.9472034545592172,0.10200698740025269,-0.9087848134815446,-0.2826814326901033,1
0.19719599328725976,-0.9644735111681346,-0.43784446528281584,2.841979017649874,14.604904417510369,1.7786856290712825,0.10180654649033063,-0.9127781482186318,-0.2828659743092573,1
0.2023867924272743,-0.9719992771342975,-0.44034920698966373,3.1153190611096173,15.261241088621508,1.5192258223440094,0.10224649501690061,-0.9163886986526604,-0.28368575681326935,1
0.2040806506835353,-0.9751721413223716,-0.4430875795263895,3.403748037185986,16.015973027525586,1.2065914352255254,0.10557721275138388,-0.9191396375007063,-0.2858976528951934,1
0.20213095492113467,-0.9742840390645782,-0.4462509514677455,3.7611472416549105,16.799508454954726,0.8421378053907611,0.11004426498545802,-0.9189550076878976,-0.2882169465136614,1
0.19770724402763315,-0.9703871609933084,-0.44703512719374966,4.207801158407228,17.514884799649032,0.3896745300872253,0.11164199728055772,-0.9139541020193825,-0.2884823167958075,1
0.19309455350883217,-0.9642532394999437,-0.4432663499355629,4.816156661872998,18.13194265399361,-0.16744044275061784,0.10814439256257591,-0.9058481769738149,-0.286068009752671,1
0.19048875038257618,-0.9569032669174519,-0.4368862671100064,5.653170481856053,18.701709079192806,-0.7716044780480414,0.10103253391859458,-0.8991892980598618,-0.2830304618857872,1
0.18993346570459546,-0.9501481747620101,-0.43198115504514245,6.656645435308935,19.283177188345068,-1.3175951431854964,0.0936994156177475,-0.8966220924799658,-0.28217057000074014,1
0.18883803326218376,-0.9456213005906948,-0.43011634526187487,7.641319713144258,19.8929400269939,-1.7379979771733187,0.08839371961979237,-0.8964528096972659,-0.283669682023379,1
0.1844603351764619,-0.9430796533715212,-0.428990861162605,8.444199898537814,20.52637284285123,-2.0451082511693124,0.08505112444536579,-0.8953000343021541,-0.2843883440574675,1
0.17689484773777972,-0.9403723121160189,-0.425899887642369,9.041668163689542,21.18560504817053,-2.291163535265973,0.08224146041033488,-0.8915932304085179,-0.2811931820517997,1
0.1688600791232708,-0.9356013016503442,-0.4217962962342228,9.537889351654712,21.86891090657283,-2.5116428350486375,0.07845448444917194,-0.8859182140495864,-0.27459254907160946,1
0.1624675165954834,-0.9290642465990953,-0.4205924450257641,10.073558990994853,22.560461062276058,-2.708042769424074,0.07287732756547424,-0.8794668369831519,-0.26830221955704586,1
0.15737511797825376,-0.9230938774151604,-0.4239917594863958,10.725650884347392,23.245792756394774,-2.8530510360163372,0.0659320770934372,-0.8735419419998796,-0.2652855968993491,1
0.15276429830947527,-0.9206281611683362,-0.4286591463780724,11.425102716249539,23.910640630662993,-2.892310495694067,0.05938226040850015,-0.8702032429100311,-0.2649694840942257,1
0.14955646209018505,-0.9237267882500743,-0.4296763980582462,11.95568736793696,24.506155554216175,-2.763618417560953,0.05536493063020217,-0.8719425129286559,-0.2644767099120114,1
0.1487367958322412,-0.9321388304971439,-0.4253534209406293,12.112855834917667,24.943354684709472,-2.4463361593423274,0.054761650305100606,-0.8797210398348346,-0.2617812888034071,1
0.1483753892529246,-0.9428182375773926,-0.41748809262483627,11.930948822923042,25.156456824946755,-1.9895820161330802,0.05650040802709509,-0.8914902394145808,-0.25721716463917516,1
0.14510503891289447,-0.9518330377656595,-0.4087430798949866,11.722869073262922,25.166470810936502,-1.4739254563407629,0.05843684665614468,-0.903233206827597,-0.25254723229852505,1
0.13921364702267314,-0.9573868970507672,-0.4021269860899407,11.838371722028176,25.059689922999983,-0.9548016806098096,0.058747268566670736,-0.9116047604926754,-0.24929070920211063,1
0.13599969737367992,-0.960412283828239,-0.4020278538514203,12.384885896671328,24.904433415587558,-0.460637826046985,0.05702210249596867,-0.9155998101390106,-0.24787709812298828,1
0.14031413607434215,-0.9620135775588746,-0.41154464065275354,13.201430203481866,24.701891627964486,-0.027802651839854052,0.05497473227498558,-0.9160128960249077,-0.2478731054041477,1
0.15076301524554772,-0.9613516517407653,-0.426590870692646,14.074168920038804,24.415810077648043,0.2970542667274346,0.05581303150935506,-0.9135469581342682,-0.24870467444831562,1
0.1612874381588556,-0.9565384888188566,-0.43653531215614294,14.946039666581864,24.0390371791085,0.4967294669776964,0.061643783367638955,-0.9075393694941408,-0.2503337509679204,1
0.16826876475411623,-0.9466593701355384,-0.43532654293604106,15.943777431834961,23.623282265866422,0.6106406434165147,0.0712194988237081,-0.8967726762800473,-0.2535296702064474,1
0.1735283521553453,-0.9324659310369651,-0.42946850940124437,17.246960489635814,23.233687055915727,0.7057464361636312,0.08089118813043675,-0.8815521876480975,-0.2593374637461947,1
0.17935721902040397,-0.9159395237174124,-0.43023759668025857,18.93197739124917,22.86978760655566,0.8082085683498549,0.08757936149086491,-0.8644281763860074,-0.26792851691766084,1
0.18353650503485847,-0.8994790276484286,-0.44008704355407097,20.903148668258144,22.44789771771104,0.8623040663659087,0.09016525964021702,-0.8484941873691481,-0.2779891260555435,1
0.18193513220221194,-0.8848457211875261,-0.4509675685619715,22.940902205335206,21.883387639212877,0.7641318344052547,0.08865763824728488,-0.8352875446614708,-0.28738745690719086,1
0.17420779717141527,-0.8727126882219803,-0.45458128607496484,24.828443143177605,21.18727270896079,0.44385556023415945,0.08356289026251075,-0.8244934887677003,-0.29435866281075196,1
0.16390842360299712,-0.8633457729520918,-0.4508210081919051,26.485829397033935,20.461275655915266,-0.07354636725229077,0.0764658982404268,-0.8151788231911709,-0.298155763331834,1
0.15374191740977763,-0.8570024467949239,-0.44611389459182854,28.01953832166232,19.798930320167873,-0.6773005270360376,0.06980736698098204,-0.807041943488255,-0.2990361001545492,1
0.1435035942123984,-0.8532137589620148,-0.4454011185231358,29.621212107331274,19.21625681995331,-1.2419268786244744,0.06457657632939613,-0.8007615739888072,-0.2978179461997126,1
0.13277775264393946,-0.8507604689347029,-0.4471987920439342,31.37514370169156,18.681010912802307,-1.6978737756435578,0.05867627566328099,-0.7971488083757127,-0.2951735335946384,1
0.12326291894888669,-0.8492050941357736,-0.4466669919314129,33.15319264185248,18.174479482576793,-2.041758845489111,0.04918447974525131,-0.7958096191177215,-0.2910389651529966,1
0.11722117944066275,-0.8497832667968233,-0.4414281242715482,34.70721914509111,17.704319544810367,-2.3061922592215924,0.036441040878235964,-0.7955117950632915,-0.2843827771409279,1
0.11451959158105654,-0.854774405802923,-0.43202892248318386,35.86406012617986,17.282811875449617,-2.5546092378199647,0.024743521984313194,-0.7972826362719727,-0.2734472753928874,1
0.11265367609854089,-0.8672371766237548,-0.41807844078296036,36.63931245694035,16.92145880649267,-2.893784803935614,0.0187116360112111,-0.8066112634528055,-0.2570716917602081,1
0.1104489833048226,-0.8906099334100854,-0.3980056165682553,37.20670236556443,16.638318662655628,-3.432362133962869,0.01985970386817414,-0.8296410830167206,-0.23683206204611554,1
0.11110192525049624,-0.9250865756053122,-0.3740299417134003,37.81483745806428,16.450393034445955,-4.189760947712314,0.027068156776762026,-0.8651976568791886,-0.2174458267493688,1
0.12052979170431014,-0.9626653367081668,-0.35478515069010946,38.74228174758444,16.358267373841848,-5.054782345349912,0.03928473272975362,-0.9019429611683587,-0.20379778025011205,1
0.1426640030959158,-0.9889367282222479,-0.3498656296478775,40.24820928077925,16.33856791270642,-5.834055039635618,0.05653917513085895,-0.925964338623712,-0.1974242687071916,1
0.17585064582496598,-0.994638169760955,-0.36028290584014455,42.42718406806209,16.33449626332443,-6.319301554898988,0.07874786042345223,-0.9323505559869051,-0.19639070100511782,1
0.21227652276703063,-0.9864089493193245,-0.3749193117696487,45.03679599223959,16.245366831457993,-6.332215089954473,0.10475671337500306,-0.9294371098637795,-0.19786922404962773,1
0.24152538857106257,-0.9824049493217863,-0.3789421939614207,47.519836418194274,15.949096578057832,-5.783470123901072,0.13233551710648678,-0.9313540651426919,-0.19960137790918603,1
0.2578192089526212,-0.9945656724611507,-0.36724973429731145,49.30561794070978,15.369265878170811,-4.7278179407154886,0.15818411425368625,-0.9455137680540845,-0.1993615251707772,1
0.26460165879721337,-1.0170544225673,-0.34805057613511514,50.163832671077365,14.536306324699577,-3.3361261799717905,0.17870831097186096,-0.966743159779215,-0.19495683575593967,1
0.26997920947869525,-1.0337190400752387,-0.3326898804893754,50.293288455784776,13.58587084509513,-1.800604417682539,0.19215947143689951,-0.983284797335147,-0.18577036154318968,1
0.2775753588000012,-1.0342580153264544,-0.3249404032058339,50.09172886986068,12.696296041692358,-0.2702409946498531,0.1995068353363628,-0.9874018247333294,-0.17376775675346445,1
0.28385250711363763,-1.0209366850042987,-0.32100395346552074,49.86695057932949,12.010133652503582,1.1698155097881764,0.20226155328290338,-0.9795088984698928,-0.1623266312391197,1
0.28389926722355163,-1.0020324264717202,-0.31622329541588295,49.74398871577932,11.580693661014884,2.5227572057464105,0.20036889506193145,-0.964022780328215,-0.15395949898346561,1
0.2771444846831069,-0.9829669995888127,-0.3098904092353872,49.73781373667647,11.363379012205982,3.879324414455595,0.19323106542176524,-0.9443548932177858,-0.14912508172357608,1
0.2670838106315034,-0.9652222209777659,-0.3053695405512294,49.80495846592587,11.251031992436989,5.335852637360791,0.18179080123703617,-0.9227449567693592,-0.1469751946966189,1
0.25743953313658363,-0.9507733175354025,-0.3061716452283897,49.843340675786116,11.137269516386917,6.886978543417627,0.1685248551263444,-0.902940563283354,-0.14680198827007987,1
0.2493659118566071,-0.9429053398915567,-0.31121165199167455,49.75573382852654,10.980326585244665,8.403463754947499,0.1560866111539453,-0.8904202392634313,-0.14841282259487917,1
0.2420218908917411,-0.9419931109333989,-0.31529749693680814,49.5624937948719,10.83076395451368,9.701432253036577,0.14673197964668908,-0.8884560107962113,-0.15133424163023768,1
0.23557562459902254,-0.9434474876994279,-0.31526504923400267,49.39943044963118,10.801899833024379,10.620998246813317,0.1421317199460169,-0.8938445699977655,-0.15441375185984382,1
0.23221109610922044,-0.9412259839133793,-0.31339454086406066,49.37514571396514,11.004992672318055,11.08365744146035,0.14232800432917106,-0.897994392265723,-0.1566952049513747,1
0.23299278912614949,-0.9332999578605524,-0.31347636031238596,49.48040559718385,11.496480075893704,11.144768005558408,0.14491656771313544,-0.8945010978439548,-0.15838859687402493,1
0.23560472735991675,-0.9246670471519359,-0.31583257214480553,49.67359299752811,12.268380919112454,10.990010181186959,0.14639151955630544,-0.8861450916971242,-0.16049796983590525,1
0.23721540437081348,-0.9244933471857976,-0.317998081141116,50.010680962003626,13.275858573290018,10.81965120040138,0.14503579999243985,-0.882430050227677,-0.16356488589008986,1
0.2380433813033761,-0.9373560891006881,-0.3186140818426836,50.6289895140746,14.463759009914153,10.720199980893568,0.14230702387152003,-0.8892524323882434,-0.16675054002448475,1
0.23991425267173144,-0.956522310734067,-0.3182303539319715,51.5970422492581,15.764341090917837,10.672440529361701,0.14091521779525162,-0.902749929004673,-0.16765273902582398,1
0.24242562245363494,-0.9683455884743755,-0.3167828025201298,52.81187831464803,17.09285482957397,10.65208604584843,0.14183467772733072,-0.9140236493517576,-0.16353973784380563,1
0.24312184102941528,-0.9648928578746503,-0.3128427340170331,54.05588774505698,18.37917638146301,10.663626602606989,0.14390074991417925,-0.9176460440880757,-0.1542462541920466,1
0.24148711659388053,-0.9513656168123188,-0.30569729133017154,55.138775656351015,19.60896674261458,10.697014368710597,0.1458336213608209,-0.9144082333018196,-0.1436070819953965,1
0.24032471414181825,-0.9400839753437745,-0.2962868273593838,55.98098632494756,20.81662487935546,10.72682056313301,0.14740306959090185,-0.9081607551696831,-0.13610752653220004,1
0.24185687351490484,-0.9379643607027325,-0.28605361534614604,56.59143465877831,22.034890950049725,10.776174650111733,0.14867902778471512,-0.9023279818976132,-0.1318476359634537,1
0.24392412690678314,-0.9413808844173399,-0.27600173677657275,57.00010863497299,23.262952886425797,10.940642894726272,0.14922442800443148,-0.8986194393074127,-0.12634456168324956,1
0.24189301150955478,-0.9423637663264993,-0.2660341364569445,57.20770809360627,24.482457638531855,11.318293033119565,0.14812284972519876,-0.8967487532092162,-0.11558000691407258,1
0.2336610860444665,-0.9368229864740163,-0.25466092747201147,57.166974921769445,25.682533796080172,11.924655607896526,0.14399348488258196,-0.8946366680980632,-0.10026556848212825,1
0.22084628203589537,-0.9266705732087748,-0.24138151269140687,56.79885198266307,26.846617769235205,12.687336656555846,0.13509762414814236,-0.8903020945691786,-0.08526691983287953,1
0.20577846077969625,-0.9177890160669216,-0.2300200659988212,56.04610330892308,27.916496473306314,13.511292150372968,0.12080942990939568,-0.8851052404276264,-0.07562605164566866,1
0.19022588018281814,-0.9175637399609171,-0.2268154945234996,54.9417824803674,28.79534992890628,14.335937539700868,0.10368551477685442,-0.8845715365756951,-0.07276631952302824,1
0.17715352189536102,-0.9308581507056507,-0.23316470091699523,53.65800395121529,29.407134267370132,15.138193100703822,0.088994637516473,-0.8938799667762324,-0.07354142984565601,1
0.17052169123600563,-0.954962777674974,-0.2418339831446401,52.51250103385004,29.74698946723601,15.894587447137196,0.08119333810359712,-0.9117587907968154,-0.07284829820387523,1
0.17164792951397848,-0.9795842006536869,-0.2428157075779939,51.9040663135759,29.860082333074534,16.53920971697217,0.08114790283919625,-0.9302399046424374,-0.06801013398081668,1
0.17696738033760645,-0.9945579211026874,-0.2334410913047284,52.15134091355661,29.780906895793464,16.964563809759483,0.08637449264275035,-0.9414588687709299,-0.061113362032134314,1
0.18067612003941294,-0.9979975532605888,-0.2211708855088176,53.29688631541512,29.512437632765128,17.097765580641315,0.09255990511259296,-0.9440966078883883,-0.056639819213794775,1
0.17961990820774004,-0.9961109997305291,-0.21525655435065996,55.04466003202955,29.060913490791915,16.99539585492794,0.0953887669270229,-0.9428114144555754,-0.05670929719336322,1
0.17551261449482275,-0.9957449406858323,-0.2173070761449121,56.94064875102624,28.476780682847192,16.829407738948653,0.09327528885619182,-0.9424057826609444,-0.05933458022056922,1
0.1731271124415189,-0.9984329469236541,-0.22176574879895114,58.6717553748838,27.865645786091882,16.74539444194559,0.08916954640391916,-0.9436360675181888,-0.06115850082070743,1
0.17657536878440386,-1.001185429280063,-0.22324005069195774,60.2093827200625,27.368191475372914,16.749658135159116,0.08846209968827967,-0.9444082818268639,-0.06048485838646156,1
0.1858040179918612,-1.0008681064174556,-0.22030909256379602,61.67530913332203,27.113600118955542,16.74585128092404,0.09395384793385982,-0.9434599818611041,-0.05717956602898247,1
0.19574854198975475,-0.9968123236218903,-0.2139143853864128,63.10425122588366,27.154349027022125,16.650221922619632,0.10285974880617528,-0.9415597147602139,-0.05121551237884798,1
0.20033530246685308,-0.99059836271149,-0.20562279776915654,64.36499600113538,27.417378319270547,16.458705034553393,0.10920712183721938,-0.9395807952488451,-0.04311541605643891,1
0.19801306050506456,-0.9846204846055898,-0.19764758370583857,65.28936660495555,27.725095247072563,16.242459682802444,0.10899791384872709,-0.9370708916005992,-0.035361743826036934,1
0.1917716075217281,-0.9804322007520536,-0.1923632776145249,65.83239250530605,27.894462405150637,16.116001215585506,0.10245327105411484,-0.9335146107466648,-0.03094423981474463,1
0.18363763963972954,-0.9779383065841476,-0.1902909066623695,66.10031924081416,27.834647735537686,16.19989650689494,0.0918328628325467,-0.9300243439127839,-0.029462276275775037,1
0.17197822171184346,-0.9759001114858239,-0.18887125704425875,66.24295374077148,27.54475111706566,16.565418303066934,0.07891598176535285,-0.9282735669009146,-0.026682514049734152,1
0.15573044175137526,-0.9724667109684277,-0.18517149328335886,66.3068615359318,27.018531825376726,17.16088489918692,0.06551333892536013,-0.9277048743121655,-0.019952033164296706,1
0.13916525048710265,-0.9659500833796159,-0.1807092915631523,66.16144884328916,26.187645530528624,17.77938319940488,0.055066095748578014,-0.9255313161233265,-0.01289317237168933,1
0.13022235018617181,-0.9574738840500394,-0.1811827920919132,65.58339649150923,25.0101171612905,18.14087235795319,0.05153619526747264,-0.9206893450573194,-0.012261613409180411,1
0.1345112237180619,-0.9526703942320717,-0.1892567691186842,64.47609676118883,23.620620547574724,18.053115923144496,0.05623080881059993,-0.9164433461917351,-0.019946386889089084,1
0.15113725064779374,-0.9577096946122059,-0.19960750159889282,63.052435428377116,22.332721432622392,17.513807056730855,0.06693153784631134,-0.917334784092105,-0.02993995939160148,1
0.17255029852051418,-0.9729178514207784,-0.20370253365621893,61.80794946128878,21.43247914644161,16.68286260108146,0.08022522304092747,-0.9245579337473846,-0.03400194081835595,1
0.1883502656980076,-0.9922941076813006,-0.1983814914058601,61.29292694616862,20.972565219483982,15.791236514363078,0.0931637111594989,-0.9361532193792594,-0.029147003946360647,1
0.19228129995397314,-1.0091307201548565,-0.18778647431804854,61.84020939803563,20.79775520433523,15.062176831992,0.10273044426224177,-0.9502643607669422,-0.019000391261764477,1
0.1872355131644886,-1.0199471976314847,-0.17795968906164528,63.39181685352668,20.752363941594336,14.64162529948741,0.10615038901815135,-0.9649358652784095,-0.009242116106029211,1
0.18221640706328687,-1.0234463658671848,-0.17181606057348098,65.49798008747263,20.809527689500538,14.535529764414882,0.10314209590004783,-0.9749691587050865,-0.0029978669428350935,1
0.1831576404041984,-1.0186658407636362,-0.16889815321262944,67.50374462498442,20.99893076376596,14.611998916144268,0.09656807787751254,-0.9732140351027413,0.0001922203518209652,1
0.18650963618994587,-1.0058745837111767,-0.16704471949809752,68.84587109137648,21.279083707937676,14.694866055477753,0.08936703834182656,-0.9578424543309888,0.0027098211256647614,1
0.18244988880903618,-0.9889280676734402,-0.16307474782046769,69.30487195551044,21.529824067146368,14.671838638623601,0.08144128627780639,-0.9367084658085885,0.006833840776998349,1
0.1656486212385023,-0.9752066649020376,-0.15419514203617488,69.08854573632311,21.64412076864216,14.534487776733478,0.0710096707654556,-0.9216216975512017,0.013598100857585352,1
0.14274241336255086,-0.9707995600610754,-0.14111604340076936,68.72350149495064,21.589112287413375,14.365841122110087,0.05881199648139826,-0.9181473724435908,0.02233533067669203,1
0.12727577860692393,-0.9745540661756593,-0.1292813677173593,68.8096865474738,21.39351204294327,14.316805799576708,0.049309573853909154,-0.9222006711804126,0.03040726507000905,1
0.1267279729123855,-0.9784457733477154,-0.12521753615799638,69.74258860923105,21.112190874250505,14.544203752306851,0.04689258556409124,-0.9258229962072695,0.033999771955570746,1
0.13603472354165588,-0.9751170024793222,-0.13050363301111725,71.53648844416487,20.797766372801235,15.098600393331342,0.05151964490905592,-0.9243588897745378,0.031244995644195885,1
0.1441710124218142,-0.963952042203661,-0.1390755295254537,73.85244493883627,20.471236417063018,15.857698307255252,0.05867499739093324,-0.9180061310110125,0.02554101872970737,1
0.14513719615455262,-0.9493768971005099,-0.14106502814292565,76.22381556032657,20.103223427348205,16.59535748712666,0.06313148092452725,-0.9084567322871769,0.02430885743624791,1
0.14113978949190142,-0.9351850775056441,-0.1302001122819573,78.32648467987906,19.629931836399024,17.126758011086967,0.0621608745506168,-0.8959741574790027,0.03301099646015225,1
0.13645346425592308,-0.9214086877931977,-0.1080994973356468,80.07805931213228,18.996054083356047,17.394017014005854,0.05584871207601246,-0.8799554474947303,0.05091095830718553,1
0.13114630825036322,-0.9052016424826734,-0.0819667969897724,81.48498731967298,18.19256086878508,17.446858045771574,0.04589809435993706,-0.8607863875826463,0.0730356656563801,1
0.12225062202126516,-0.8839711866364408,-0.058578637761024156,82.42059434647881,17.26843945102104,17.374043832053527,0.034538724711518566,-0.8396313499343546,0.09478981847253298,1
0.10935034161512783,-0.8584339832165292,-0.040408708129717766,82.6132667210242,16.311650388419533,17.24003911482166,0.02349829704399342,-0.817117173156609,0.11371803988039542,1
0.0960934384275582,-0.8329743749891916,-0.026798027985165594,81.88708909891126,15.403412875336073,17.04955371000881,0.013176699920678176,-0.7942898034382426,0.12826480060019155,1
0.08571072001489188,-0.8131132832067504,-0.017294746597359897,80.41073644719688,14.574169762512748,16.76489641289184,0.003036814271900471,-0.775017124611463,0.13690725134033996,1
0.077431400787779,-0.8029945687821571,-0.012629301006458437,78.7296847142558,13.807596359443513,16.382479811827704,-0.006838996159821119,-0.7650766425964671,0.13897111207145607,1
0.06915670120883861,-0.8039891988412529,-0.01345553562884288,77.58366194979828,13.088928548005402,16.004973011682228,-0.014721296223973477,-0.7669410529877427,0.13550470663664105,1
0.06240019696039634,-0.8128583302025109,-0.01971171507266497,77.6377216356742,12.419210114821645,15.816903985484057,-0.01808188322166888,-0.7757909604776168,0.1289071446224222,1
0.0619480352602369,-0.8210923163420109,-0.030039427952289328,79.24919853729551,11.752788658377122,15.960090705002779,-0.015658884010271615,-0.7819534693859846,0.12199051356030977,1
0.07001026965532807,-0.8198845262975817,-0.0400714440063326,82.36968107061791,10.943216946904325,16.42758297642211,-0.008628133109896676,-0.7782621401775968,0.11749144205803824,1
0.08234234058709643,-0.8087697101093138,-0.04313357352088334,86.63554055076843,9.809054199742897,17.099381697011196,0.0002870285692241388,-0.765928808543281,0.117858919684048,1
0.09145722778605618,-0.7973532655423531,-0.03532899384986453,91.60938717299881,8.28741824145924,17.904838702021728,0.00838732265891617,-0.753328771504327,0.12474416445220395,1
0.09325664202717707,-0.7937713952928864,-0.0186600123424247,97.0282753207655,6.505430685444145,18.95105898307718,0.013444631568039067,-0.7470402471678071,0.13848569007634393,1
0.08965567543363959,-0.7901741143316195,0.0029086495491039374,102.83403069002061,4.6581919936815,20.452623747341,0.013884252361591598,-0.7417545892015521,0.1581704576907394,1
0.08528664168536085,-0.7646800799287642,0.027919687001087497,108.85531162951443,2.801317965090348,22.46458061822728,0.010293098338522672,-0.7206294305324887,0.18179685824320624,1
0.08288377232386904,-0.7039472603747164,0.05461412641315363,114.38901565290938,0.7958711821980918,24.655273748056796,0.005978909466202785,-0.6708523615261073,0.20600174511690214,1
0.08107147702655255,-0.6237110620905892,0.07653704367539858,118.24376255121163,-1.4999651294525302,26.43528988527571,0.002906987423761365,-0.6012827551136956,0.2267116786090908,1
0.07446939583465555,-0.561162481349558,0.08722922191791496,119.4919733018977,-3.975756989114604,27.462487712064927,-0.0035362170765587783,-0.5411244627049935,0.24200751141649052,1
0.05667856671635448,-0.5428908130384981,0.09007618206623709,118.33284142257986,-6.236970959313938,28.0412254120837,-0.02170208294098386,-0.516566511623229,0.2545484989838441,1
0.02700724300745382,-0.5614071743424849,0.0979868684164508,116.06726501675816,-7.8912776911627045,28.87498098478848,-0.052488577763748386,-0.5281927427891993,0.26931911431667854,1
-0.0045320906629784195,-0.5861438781412939,0.11990087308211972,113.98988259812405,-8.919614156936744,30.319993136729263,-0.08364367440150225,-0.5535081441258505,0.28821178417468135,1
-0.022614371926530458,-0.5971735366717337,0.15093385165179718,112.34239686040968,-9.743760375604507,31.964744842888667,-0.09930306169214285,-0.571886300066776,0.30863041597314067,1
-0.01989788454656586,-0.6035193000465708,0.17975111982744071,110.6070792111876,-10.853984921347584,33.050958309657304,-0.09456266512457778,-0.583710675642371,0.32860237700625816,1
-0.0035570587920124826,-0.6249773216604739,0.20277616995122472,108.7926135149722,-12.344162941674043,33.243599338813304,-0.07816160126521159,-0.6019797137850259,0.3509409805030062,1
0.012464230221230535,-0.6593600323087477,0.22529550387015795,107.908940251487,-13.861813133590248,32.85669895934182,-0.062447968355809916,-0.627679998988006,0.3792296317501226,1
0.019897467270699878,-0.6760818004706195,0.2493947223871854,108.67141241423649,-15.043012416380611,32.36196714003888,-0.053882545832209375,-0.6410797893376915,0.4101483599649323,1
0.020971419134016435,-0.6479466260626251,0.26795337453147133,109.81218482308064,-15.941029571202051,31.86144558101573,-0.051646894971424634,-0.6226820270939508,0.43346572933671706,1
0.024210407039497363,-0.5862484804973309,0.2745971992158887,108.23419139685042,-16.96738796344533,31.110597535431072,-0.0505358543692459,-0.5798165818142011,0.4426604466645806,1
0.03626716754999336,-0.535496271416045,0.2765361390212116,101.29917259516073,-18.458360183932516,29.897424656706757,-0.04446640157909515,-0.544684141372933,0.4452086164951723,1
0.05408430360180531,-0.5300884389197669,0.2917610879604021,88.97332382564764,-20.426187241960918,28.23205261517172,-0.03198910695866925,-0.543426180865033,0.4587213380392995,1
0.06375514069812363,-0.5623506059622995,0.3305002668541796,73.5160009791086,-22.782154376722612,26.227169953403276,-0.020949559898068806,-0.572346981686362,0.4935095327563352,1
0.052922178237759174,-0.5978967948249996,0.38190337625927656,57.08596609048793,-25.658381108831087,23.974040466569445,-0.02294416409791624,-0.6079763095089934,0.5403501957303097,1
0.028597343422704827,-0.6174736008755792,0.4237072034465995,39.93654075691034,-29.26110125167454,21.572006456138965,-0.038321536852095044,-0.6353760299327904,0.5795798097496001,1
0.016563692646475607,-0.637252746834185,0.44477746825084996,21.176371481341963,-33.281233223368396,19.164490121720345,-0.050670542138802434,-0.6613574475559993,0.6017175342481532,1
0.035094429917293446,-0.6899170666478504,0.4541362678923009,1.3190091094496017,-36.58315255068234,16.874468044140748,-0.043238229063587576,-0.703448113749518,0.6148622917117552,1
0.07224732051245297,-0.7930100333887296,0.4688079781062388,-15.94550522215853,-37.76684517976742,14.739764952310615,-0.01928145997610898,-0.7730458475315872,0.6327758444013653,1
0.09718775987639973,-0.9387248522557895,0.49733373401442915,-24.553521421201133,-36.27245132065619,12.755755977521243,0.0006315665566448011,-0.8714490583631448,0.6609542670350419,1
0.09226119610783803,-1.1083767956185815,0.5331771372095341,-19.0670269355298,-32.99024002335132,10.967160235922288,0.0006646204162666499,-0.9974554249334768,0.69321215432732,1
0.06550105310659618,-1.2871120015730524,0.5580338230788174,2.02542165486898,-29.672480270752732,9.474949761569633,-0.01830671821132819,-1.1506400546324358,0.7151734393186298,1
0.03274625618965364,-1.4638047587169898,0.5534367126452573,34.76979438393574,-27.535541777365932,8.349848993515941,-0.04822662618974058,-1.3239300292910765,0.7116194620751066,1
-0.00030131901048703917,-1.6265664436934801,0.5171906110619526,71.25651502178607,-26.25156807251668,7.619213691791502,-0.08437504083172714,-1.49863774222467,0.6786817314865549,1
-0.032257628848622946,-1.7666784352914644,0.46905315690571736,103.74227114614638,-24.268642373860203,7.46595871935447,-0.12021479261140058,-1.6536849900566937,0.6311189343500818,1
-0.052620285907307614,-1.8879804178803967,0.4354625071665745,128.75202702296505,-20.2527395498447,8.461752046403664,-0.14050139827031366,-1.7817803074031275,0.5930898074060121,1
-0.04894921674862447,-2.010253772481054,0.43278404148428556,148.09442424538787,-14.40338751837239,11.388587673271015,-0.13291977893201062,-1.8972291539408803,0.5838603099858295,1
-0.028117315163501376,-2.157018331931962,0.47265544853396996,166.30279325282348,-8.39915016110115,16.530196515892086,-0.10783052584391033,-2.0266545066974353,0.618218411139872,1
-0.01546502573288296,-2.328786135946525,0.5749673338902948,186.99759685536648,-3.911825999471725,23.115984902353492,-0.09394925586611802,-2.1836585027607947,0.7137734827817314,1
-0.02395460744554876,-2.483176750832461,0.7584197378529979,210.778956107452,-1.0344394013867844,29.794453480535118,-0.10572130343225299,-2.343190756167265,0.8840071040183783,1
-0.03600431131190962,-2.551259806365968,1.0158965916796563,235.20493613380083,1.8133927594885662,35.92164516259874,-0.12372988476638107,-2.4441033901174096,1.1230573527767598,1
-0.02844430743977424,-2.4890317103726542,1.3081854970098028,256.1117712033602,6.320232781917556,42.20585703884218,-0.11934813285260046,-2.4312048445060506,1.403595526917714,1
-0.006856402478343583,-2.318209609097417,1.5847000200615255,269.5552407394418,12.581586822683995,49.75417382703645,-0.09347852934227255,-2.303280885496821,1.6877701130480596,1
-0.002245390886994597,-2.111633586040357,1.8097863402600531,273.65073944056763,19.00733591963901,58.62553707772266,-0.07878455481281932,-2.1163196544299017,1.9393833647848804,1
-0.0376589236357388,-1.934415793314701,1.9764081227615529,269.45151288846523,23.945160696662285,67.81838482937643,-0.10454395264748387,-1.9347031690725496,2.138459735296934,1
-0.10544165212060964,-1.796863100512857,2.10539977146675,260.5130521038792,27.33965697602295,76.66092623272785,-0.16600885788980693,-1.7793265906665388,2.2968205933668555,1
