ADXL345_Acc_X,ADXL345_Acc_Y,ADXL345_Acc_Z,ITG3200_Gyro_X,ITG3200_Gyro_Y,ITG3200_Gyro_Z,MMA8451Q_Acc_X,MMA8451Q_Acc_Y,MMA8451Q_Acc_Z,FallCheck
0.11719239058298273,-1.0195228302618806,-0.1093713040450032,-4.699605650639776,-0.7324077343151614,-0.3051320531775355,0.039061386021237154,-0.9765628104020416,0.034180751692893814,0
0.12250706505826052,-1.0145869327958261,-0.1306078418912562,-4.7066078551800015,-0.7691065113023858,-0.16688804337817742,0.042515126222527795,-0.9705847965372283,0.031495010857235446,0
0.12571057059845836,-1.0132345704560632,-0.14303635631874675,-4.699981821065838,-0.8278231717542095,-0.055099395661823716,0.04484132949848228,-0.9687513489654046,0.029449399421582173,0
0.12636541447118174,-1.014465931050638,-0.14305685480338534,-4.689411965262521,-0.9121184725375255,0.0328876046896905,0.045406476129625735,-0.971426794484132,0.02851223240326013,0
0.1257814482406828,-1.0149687317276235,-0.13396410255658925,-4.689507433955595,-1.0086245539833865,0.1177556709067882,0.04412096505176703,-0.9755076317436964,0.02874477635588141,0
0.12519504920866242,-1.0139343683547646,-0.12366637873534557,-4.695373562318213,-1.1039924868341324,0.20758571290440667,0.041361366243062025,-0.9777906283245422,0.029800055996789993,0
0.12432355113330125,-1.0132637186375337,-0.11996815505398858,-4.6974619892748954,-1.1916366863820418,0.2887732263201186,0.03804798191490769,-0.9774402440075607,0.031186308199816014,0
0.1225672995697834,-1.0144561435808799,-0.1253560950380013,-4.705486474311708,-1.2589936589597814,0.34145085882211906,0.03543604364530478,-0.9757408145086797,0.03246936574814378,0
0.1210322997231753,-1.0173438540286521,-0.13493977255402045,-4.731488640364925,-1.2801625035943196,0.3558552643027162,0.034292692875238846,-0.9743832670789291,0.03324922719781029,0
0.1216694550936756,-1.0208439961536124,-0.14082253843366946,-4.7587958067957015,-1.2339892391720997,0.3356401177587419,0.03416446765868517,-0.9741691148957261,0.03312385564197995,0
0.12410617224258082,-1.0234686070187788,-0.1394960883271137,-4.756838167643257,-1.1294536845544025,0.2913140848601375,0.033831794713777806,-0.9748706297652984,0.03203610244845308,0
0.12514133916431533,-1.0241413838644433,-0.1341205461588617,-4.724826644551646,-1.005901186000898,0.23518973419274772,0.032725284854874886,-0.9758791986839392,0.030920048477868584,0
0.12274119227634983,-1.0235651694449304,-0.12980839989845122,-4.692401669357328,-0.9031911873573919,0.18246494646745276,0.031588505157276105,-0.9769082586136211,0.03153627882467968,0
0.11917244155756483,-1.02356240969088,-0.1285552849355999,-4.668456749776303,-0.8328424474929518,0.1494564163752766,0.03151722374851055,-0.9781525174670324,0.03473101275226919,0
0.11826782953564918,-1.024471838977993,-0.12900021875300524,-4.609170622497601,-0.7831054210014686,0.14367339754118633,0.03272743697074163,-0.9798167196222671,0.03867032229571281,0
0.12060535509678424,-1.0249541171831853,-0.12927563539606846,-4.454169650800173,-0.7478291325977432,0.15652854260765864,0.034616888751892734,-0.9816146323159326,0.03963358970790524,0
0.123668866748183,-1.0248013863408243,-0.1290226521526296,-4.192349411806902,-0.7354331118981969,0.17015186356242903,0.0366613919867224,-0.9828705639633166,0.03538601751065923,0
0.12586881900858177,-1.0254269054621472,-0.12934496184388813,-3.8817907312119804,-0.7484333886448956,0.1746600257361576,0.03868626623956378,-0.9830461829367776,0.02773772690667308,0
0.1273787873408603,-1.0266235191213593,-0.13181545634552452,-3.6042037832495937,-0.7748348790509194,0.17937302318949375,0.040474726003486367,-0.9820363839985042,0.021123778505795124,0
0.12741318004495442,-1.0256841771894372,-0.1371872735014142,-3.41012273712937,-0.808891440345042,0.2026772886538307,0.041748016033084145,-0.9800684722823229,0.01846104594514386,0
0.12434785687934204,-1.0215333531947497,-0.143714801915188,-3.309731658467107,-0.8614616371218088,0.24703032353042997,0.04240033226193053,-0.9775657572085035,0.018972740720710146,0
0.11923376349302739,-1.0172612825310832,-0.14701903398024338,-3.295470347132968,-0.9357232019396475,0.28846130071405984,0.04227489648091373,-0.9751253949504349,0.02017934067778238,0
0.11608208179283194,-1.0163184913980485,-0.14379323720782214,-3.350726549026628,-1.0054113400772684,0.2964291215744466,0.04112954797759174,-0.9734140022346981,0.021018626623276658,0
0.11721708596591007,-1.0179901942755902,-0.13616895316225608,-3.4407007456415775,-1.0328817951210396,0.26135651341407246,0.03934864822354852,-0.9729522486204395,0.022303060828850862,0
0.12028360886779343,-1.0188484013830834,-0.13066125705674506,-3.515107452524854,-1.00562566762182,0.20037640208946042,0.03806237650705182,-0.9739459042638002,0.024771365826496094,0
0.12179831588400995,-1.0177214572471172,-0.13193456258892616,-3.529163958706036,-0.9458361178174642,0.1434815333947711,0.03792361787291222,-0.9761251919932352,0.02777199897364102,0
0.12276536031282054,-1.0173529472139122,-0.13813444395687502,-3.462844231298688,-0.8854568207547094,0.11693999052463622,0.03835500830589446,-0.9785961006517151,0.030089173802248816,0
0.1275843529392997,-1.0208234981424307,-0.14266961610223064,-3.3260691385621186,-0.8377810293810584,0.12740636812217915,0.038553905151807406,-0.9800894433818494,0.03143938141660763,0
0.13619831644644803,-1.0270231069080877,-0.14067832290628396,-3.152656045319212,-0.7928149437277006,0.15500309966572756,0.03855277696684663,-0.9797800186610229,0.032552166523821105,0
0.14095661965501324,-1.030730257280204,-0.1335992387286112,-2.98840180052108,-0.7348350085842782,0.17411939115300137,0.038655567483146615,-0.9779850570307349,0.033891357736611255,0
0.13494562183096828,-1.0278671190196813,-0.1268369534735904,-2.8753388934617017,-0.6614485462359867,0.18444576700860188,0.038520337935872284,-0.9758751765012944,0.03493574398183188,0
0.12153405839845383,-1.020112447854921,-0.12343941523242699,-2.8354661713909515,-0.5893789015924082,0.204435366850368,0.03764176313554145,-0.9744491339950966,0.034991778291840844,0
0.11170108815629987,-1.013583756497265,-0.12199777164732462,-2.863612855447325,-0.5488605336972915,0.23432182326713483,0.036379358168481646,-0.9739483028675456,0.03426129095009793,0
0.11214676854193883,-1.0131871814847038,-0.12115351959626422,-2.9353053513153107,-0.570363958932104,0.25311020625251224,0.03577607650238707,-0.9741360477009892,0.03357962365410229,0
0.1189848033088692,-1.0184353202683647,-0.12312619386731495,-3.021320063316045,-0.6626218089208065,0.2594249065981286,0.036437484277190936,-0.9746849432096653,0.03311531081788023,0
0.1236320718627387,-1.0243726925583065,-0.1300446877573066,-3.098436789218888,-0.7964902435139336,0.2865861641422026,0.037956323435544614,-0.9752448245661459,0.031872741610533245,0
0.12235375322436089,-1.0263322303648674,-0.1387265160274794,-3.154525595137794,-0.9198869147597926,0.3602320510724135,0.03928696810885709,-0.9756050355220155,0.029079653160280414,0
0.11835503237387264,-1.023854514627493,-0.1426613253843299,-3.1878951620165297,-0.9955500658995923,0.4599691417265896,0.03948835481986228,-0.975949020623388,0.02592989402854434,0
0.116332227703305,-1.0202256908128533,-0.13889363218132111,-3.2010366953510485,-1.0196441334585316,0.5398650908772403,0.038400217987263084,-0.976642393267829,0.02497399265731217,0
0.11764678273237716,-1.0188578283135454,-0.1308995840845524,-3.195327865460755,-1.005224641816972,0.5745434193038582,0.036826287172393744,-0.9776756196964866,0.027227319039920483,0
0.120489422125274,-1.0205422598827876,-0.1251841305615743,-3.175116347739651,-0.9610141927997748,0.5716989137002139,0.03583381727978694,-0.9785155363968121,0.03061663049088363,0
0.12250924127756907,-1.0234785577541454,-0.1260782506458286,-3.1569984219160103,-0.8929448614515527,0.5509547524045699,0.03577220950322519,-0.9785859160855952,0.03215532262342158,0
0.1225835505152145,-1.024985384750584,-0.1327605419385541,-3.1665196018750144,-0.8149700307259758,0.5246226063896211,0.03615228749330535,-0.9778328135643876,0.031204969496217195,0
0.12110223763608712,-1.0234911115644096,-0.14009347574487785,-3.216327220614356,-0.7411100063714023,0.49091384702266494,0.03634930810429698,-0.9767404799083053,0.029613111722358254,0
0.11938701883481656,-1.0197407825583957,-0.14254782960441034,-3.288836305971203,-0.6640664438971612,0.4344670738219642,0.0361288331456018,-0.9757555008789067,0.028915127811558524,0
0.1186142613361729,-1.0161359457690535,-0.13835727221039898,-3.349838617283894,-0.5551156623926854,0.3414837853736083,0.03569631564955747,-0.9747968145469151,0.028579272749453405,0
0.11873570387076911,-1.014517275912355,-0.13117120749754008,-3.384834801556337,-0.3956399454745363,0.22371147688377932,0.035556427474196954,-0.9734742383593386,0.027273446285221326,0
0.11855381461011823,-1.0143906179457232,-0.1276917173525227,-3.417849771232513,-0.20368084052242322,0.11715340507748279,0.03608576311981242,-0.9718264084299147,0.02501456061001182,0
0.11739207314513406,-1.0135128933651858,-0.13169935302181335,-3.4877773901205966,-0.018642011852382474,0.04514394980372941,0.03699768877204695,-0.9707231113565203,0.023383155615161723,0
0.1164378755501505,-1.0108022947692388,-0.13957246110273602,-3.607325634110035,0.14038475505911388,-0.00794984712739711,0.0375163679851684,-0.9711895191689616,0.02369279739332726,0
0.11754099546634486,-1.0085192718654523,-0.14362381003494767,-3.749236986323776,0.2914644143808829,-0.07145654843,0.03724970400196126,-0.9730912006267937,0.025400646556124503,0
0.12070856187426104,-1.010261182412359,-0.14052072626801948,-3.8680175315748735,0.46090920052862616,-0.14322790889394799,0.03660266283601908,-0.9748141670816985,0.026650591818417814,0
0.12380360299943521,-1.0162515463191053,-0.1343766772004649,-3.9285987943195217,0.6441717943224554,-0.18860441025688304,0.03621778909100442,-0.9747273080326057,0.026375305705819183,0
0.12501550194290598,-1.0219822479763951,-0.13120844945835033,-3.9214826724725915,0.8018495947992884,-0.18563901477632655,0.036250085518041854,-0.9729272313686905,0.025561453781307128,0
0.12469615630558206,-1.0229136842220936,-0.13262961891345518,-3.864690973039658,0.8913187103691851,-0.1511314641274738,0.03630355320012324,-0.9711946088304394,0.026097033328294987,0
0.12416155450637929,-1.0196546848086678,-0.13565996097039704,-3.791541422662148,0.8964046382493412,-0.11281624440712568,0.03595558443205481,-0.9711463559629345,0.028450760348250545,0
0.12359077865517057,-1.0165706129440986,-0.1369830796003446,-3.7260696593396654,0.8308619678708599,-0.07601920971304502,0.03522546609715817,-0.9726226814689003,0.03102245318791596,0
0.12237562349538336,-1.0158544836790995,-0.13633425605003946,-3.668338805854155,0.727280783390621,-0.03275515745905803,0.03450079088646927,-0.9739632489027022,0.031935979119422565,0
0.12103075253385655,-1.0156297046472935,-0.13605074199111794,-3.6071663638005487,0.628371561458264,0.017037850987071532,0.03406296718364238,-0.9737384095103826,0.030919951890425613,0
0.12075608271505348,-1.0139888955433543,-0.13775508993179,-3.5401472821444435,0.576451244834489,0.07473748294596333,0.033845520203251996,-0.9721520162204625,0.02915740792034914,0
0.12085358754867896,-1.012020305641955,-0.1401554557734997,-3.472226930278981,0.5934834884628558,0.15586700151743232,0.03378116088844042,-0.9707608975482355,0.02785994580356513,0
0.11910881125600542,-1.0118742286836406,-0.14060904690972642,-3.4042004339886667,0.6662892085640328,0.26639687860830075,0.034191622134767286,-0.9708263856125925,0.027441796074679572,0
0.11588301402684141,-1.013854894186686,-0.1379481662527377,-3.340323394507988,0.7602964833403976,0.37144612602405597,0.03547771226487813,-0.9721366222722274,0.027662074505605597,0
0.11500902461530181,-1.0164096232777473,-0.13308258890432126,-3.303957124155576,0.8534214487573242,0.41289971314402596,0.037471079395017946,-0.9735281538630702,0.027989265739018363,0
0.11859886239816167,-1.0179053192965024,-0.12817318155167431,-3.3251980876344733,0.94732702611472,0.3680943700383043,0.03942615784031966,-0.9740834353001302,0.0279299376245773,0
0.12349956673551685,-1.0178853776511043,-0.1260023958204127,-3.4068228242377065,1.0385604598953284,0.27759401579094495,0.04063115637787291,-0.9735485937335255,0.02742208721184267,0
0.1251361385528205,-1.017044706828623,-0.12845503193658778,-3.516086130492309,1.0934280499197042,0.2014018405467329,0.04076717767530208,-0.9722401244387865,0.026951946940017384,0
0.1227621285347928,-1.0163765857078138,-0.13430041770035706,-3.6181190240170733,1.0717119482751138,0.15653853328960685,0.03970918004690506,-0.9711162341768748,0.027068928591376884,0
0.11895028200332984,-1.016783300609208,-0.13941829285132104,-3.7086547768085745,0.9721793419065033,0.11560169015064455,0.03729412899906694,-0.9714835996992325,0.027809169943562136,0
0.11565481028053419,-1.0191532077573526,-0.1403206283268203,-3.805312554565322,0.8334336265666075,0.06366059145442618,0.03354600663869284,-0.973934833436779,0.028810122317044388,0
0.11266257191176493,-1.0232114126961624,-0.1372449954653867,-3.911737169885556,0.6827330184859597,0.033604317034569134,0.02917075190569485,-0.9775223925724154,0.029838545308824228,0
0.10898971551258142,-1.0261724968961545,-0.13348437180973474,-4.0015373606081015,0.5014040358537792,0.07081245366478277,0.025600403634020462,-0.9802523179290935,0.030756195600393624,0
0.10435626621666845,-1.0247084082336018,-0.1321796087447407,-4.042081563582156,0.2550302173202121,0.17300194946277797,0.024102914806545965,-0.98049726665081,0.031083810807199155,0
0.09961471492035187,-1.01903086640466,-0.13403837522541936,-4.0306810311885926,-0.05252827780529407,0.2865381320799041,0.024560727870775886,-0.9780665096845599,0.030283743443654594,0
0.09645427798250893,-1.0132137340776628,-0.1375721162958972,-4.003733249026433,-0.37129821822066245,0.3661425131415739,0.02533864509756617,-0.9742878811321803,0.028600515354691994,0
0.09623497787475857,-1.0107144213974075,-0.14077037130769263,-4.009840595880178,-0.6490022700126652,0.4195745427476866,0.02474506660598718,-0.9712391464329102,0.027012453668489055,0
0.09864807897074453,-1.0112556348651789,-0.14207334619984544,-4.073623691552564,-0.8705801645071735,0.4834090328425247,0.022696571181336056,-0.9704491743546824,0.026174129201789943,0
0.10197776421447553,-1.0128420383663954,-0.14007701491364724,-4.183769286709358,-1.052458798030178,0.568963763460795,0.020763264048854684,-0.9718138964909852,0.02593285404316735,0
0.10490253734055109,-1.0149018469227835,-0.1339875013493768,-4.311806276469305,-1.2087859839066668,0.6462966430993976,0.020502754392505144,-0.9739209268207257,0.02594855488953237,0
0.10749555802640062,-1.0180285345488485,-0.1256552030422022,-4.437602371676386,-1.333762844100368,0.6783094157223457,0.021968944236280968,-0.975696821484521,0.026158346918215593,0
0.11007392369243149,-1.021931346463568,-0.12003370677195586,-4.55647739562882,-1.4151757800380071,0.6602479924927054,0.024028410195029746,-0.9772980074715034,0.02653503037917401,0
0.11160248629955363,-1.0251897790968367,-0.12164869382480999,-4.663325675353379,-1.4547978004854147,0.6195330092053158,0.02577605623181664,-0.9791020765568645,0.026982726018294843,0
0.11039308506140698,-1.0266965944019835,-0.1300253945187847,-4.731547033496213,-1.470298374680161,0.578556724880755,0.02717309606955155,-0.9806463751868505,0.027587192864418263,0
0.1067337073937694,-1.026553719500855,-0.13904594268524065,-4.7195626801988295,-1.4812767357864771,0.5274616198206755,0.028490015691302037,-0.9812097887920574,0.028519288351647774,0
0.10374392940624619,-1.0257274891270893,-0.1418350204459936,-4.614690336458287,-1.498591213084543,0.4408445250766926,0.029703032988355988,-0.9806859795101406,0.029608579347605215,0
0.10476635552171656,-1.0252674500276697,-0.1372944909921037,-4.4642312525957735,-1.52476422583931,0.31426659991586536,0.030656965244959606,-0.9791849162491061,0.03034866895625708,0
0.11023048893655807,-1.0256312297193417,-0.13112098782198686,-4.3381801573102825,-1.5553628800549717,0.1747168621329709,0.03147833844163684,-0.9765414213100181,0.03044668155311449,0
0.11717781037722005,-1.026117724064563,-0.12934371108802611,-4.259868126536812,-1.5772134287762627,0.0609940145481206,0.032340382686824286,-0.9730508568151769,0.030166962106212503,0
0.12148088544654438,-1.0249815737742844,-0.13218601187034532,-4.200226016529391,-1.577193056184238,0.0008669277396681531,0.032903771830770125,-0.9700910166134427,0.029944981505535703,0
0.12114848249918708,-1.0210183318804373,-0.13543165026888296,-4.143409755437425,-1.5625382010611941,-0.003307849978610072,0.032596441556238046,-0.9690516495517238,0.029716629796293845,0
0.11826760060426277,-1.0153916175113509,-0.13597615033325877,-4.1208589236509106,-1.5625119348580168,0.022328091938896705,0.031567433220452544,-0.9698003483256402,0.028861609433067717,0
0.11685532115849327,-1.0111806040326283,-0.13445760364436452,-4.16356068196778,-1.595718200021631,0.04027335313107874,0.030762896448424518,-0.9708880664552529,0.026943772733218616,0
0.11809972909713673,-1.0107220607735503,-0.13384572993658303,-4.255065621028262,-1.6423835298648972,0.031268166253176216,0.030713767805686163,-0.971175326747142,0.02440340276586843,0
0.11916649527657969,-1.0134995004724627,-0.13679421617491644,-4.354938632275042,-1.666846582080762,0.008542401348845235,0.030662986719872273,-0.9706849945798325,0.02235122456586877,0
0.11749488894922967,-1.0163525871307098,-0.14305128978960285,-4.440620988818342,-1.6658560623487555,0.0018194749620130172,0.029462898615406678,-0.9699668161627829,0.021618210737784957,0
0.11435420973646498,-1.0157997688798328,-0.14830652165078242,-4.506732270918658,-1.6736235556644854,0.026730680918286693,0.02737124176277562,-0.9692623173658395,0.022012469532284838,0
0.11288479233971928,-1.0110189756985535,-0.1473930554451164,-4.55275833575288,-1.7109836406544467,0.06972907534695778,0.026444280909126632,-0.9684443506717176,0.022518207466920532,0
0.11407426919249687,-1.0047754428077962,-0.14029766928967552,-4.597145967407562,-1.7461632939247087,0.10166950250421432,0.028562072823292994,-0.9674453763330574,0.022191407007601603,0
0.11597912956309808,-1.0008733821754392,-0.13329416866200616,-4.686329958807675,-1.7221581487527726,0.10272171905732337,0.03294855082398219,-0.96658374138081,0.020802283827624314,0
0.11637018851867588,-1.000847427741894,-0.13234913325392217,-4.863453290144353,-1.6198661774882783,0.07505333008943184,0.03625040818464597,-0.9664262729363844,0.01879752515959731,0
0.11524889369037268,-1.0035392147769349,-0.13684877939296625,-5.12206873895532,-1.4824709998238808,0.039377833171882294,0.035692565718312294,-0.9671236110693509,0.017081554234542967,0
0.11443988617077551,-1.0071364841995036,-0.14132005100230632,-5.393844397912748,-1.3742447939096663,0.0235637269575879,0.03187724251058344,-0.9678729660699003,0.01673631081533113,0
0.11499886954050602,-1.0103911044039025,-0.14194461776098463,-5.5856463795302735,-1.3231412722123495,0.04942424462564819,0.02793851704950306,-0.9674517211521407,0.018109621482124725,0
0.11593812623662728,-1.0119237310833389,-0.13997418275012719,-5.6408630869687135,-1.3101909017392106,0.12385501470465171,0.02624466398381106,-0.9654460806043321,0.01986539657292451,0
0.11582528532300355,-1.010092928121066,-0.13988649557368252,-5.581999806161604,-1.3052892658664104,0.24012202313199146,0.026417237858464906,-0.9625040388298246,0.019689063606533438,0
0.11455153295900594,-1.004969931455666,-0.145324513580148,-5.49806316943283,-1.29642889827456,0.3870684342968893,0.02629904849321244,-0.9592259896585558,0.016412722027247587,0
0.1127754779593393,-0.9993665829649714,-0.1554053658983525,-5.4754961970550315,-1.2882267645429712,0.5567222824155637,0.024288120717039067,-0.9555309150726263,0.011026514705578607,0
0.11043884824709319,-0.9960833865277418,-0.16377901751994425,-5.525036860593924,-1.2961129449492186,0.7426172959636185,0.020633202193480384,-0.9515946612318416,0.0054091939260944265,0
0.10667813237936184,-0.9948589502658374,-0.16372555642324327,-5.577373717960982,-1.3485340465216862,0.9325794671351975,0.016871944799055957,-0.948617998703684,0.0005309472134374034,0
0.10108377938358613,-0.993704548928176,-0.15677314682143964,-5.563691525378793,-1.4722072626940677,1.1101007636774494,0.0144594326999417,-0.9475780982261478,-0.003985849247020048,0
0.09489476578939555,-0.9922001933147262,-0.1538493970610707,-5.506246402269133,-1.6586615706032002,1.2676193975479333,0.013954023558345907,-0.9473403747947038,-0.009094394332202336,0
0.09091805699184313,-0.9912814903715716,-0.16409610451046133,-5.522906238133289,-1.8522575197129216,1.412485105767649,0.015212226384528895,-0.9450610557488093,-0.015336483800118624,0
0.0916997817058622,-0.9902815742914284,-0.18385341058863106,-5.733202577072068,-1.9765754110164442,1.5530076148186422,0.01800129123055003,-0.9390552942669138,-0.022065775548721432,0
0.09715542884919086,-0.986619530717706,-0.1999761888387353,-6.150953452661057,-1.971752223975375,1.6852502473579956,0.02199926468873217,-0.9309584029524572,-0.027306855473199936,0
0.10416580370055442,-0.9793978751699457,-0.20309781207739414,-6.653853340782686,-1.8238314426814075,1.8037979974864289,0.026174317707413314,-0.9245883288413544,-0.028900031889812532,0
0.10905380190371075,-0.972184674719688,-0.19516440534808238,-7.046455441414255,-1.5834359746583717,1.9192819607104568,0.028930980185877454,-0.9227478622137072,-0.026280396497938407,0
0.11043300440199942,-0.9706329269077024,-0.18478889503074053,-7.170087621182128,-1.3530142406832357,2.0500350641424587,0.029452637781511616,-0.9254325957375964,-0.020933739364819084,0
0.10938983094647346,-0.9766649173464029,-0.1778409411552809,-6.994019688062977,-1.2295182050489937,2.1971683137602174,0.028517602966935042,-0.9307244679640915,-0.015039051309950759,0
0.10764996006014019,-0.9858623414173138,-0.17377186254680818,-6.628409085375753,-1.2436015388529527,2.340524558456309,0.02758971660898879,-0.9363625957629212,-0.01009486519561812,0
0.10648664956493088,-0.9917286164298128,-0.16992183868400892,-6.245440631384522,-1.3553906664312432,2.4600717072094893,0.027397204499502135,-0.9403316188383025,-0.006745846161537876,0
0.1065017574722148,-0.9918415224161348,-0.16651283682639795,-5.974121047776371,-1.5053885496948358,2.5547986221157255,0.027637431317779754,-0.9413230610850768,-0.005072596259040109,0
0.10706808614605876,-0.9887110001205509,-0.1659934210674117,-5.857497083607953,-1.6551076978197783,2.643085097847621,0.02770557240508898,-0.9397381216776965,-0.0046627899272840105,0
0.1067979906577256,-0.9858659136503175,-0.16930700642739718,-5.885389981925213,-1.7815210469468366,2.745799735363551,0.027241253822429996,-0.937743771895123,-0.004876565751997551,0
0.10585828214394595,-0.9848875835952329,-0.1744638996157211,-6.040285472340793,-1.868051532040898,2.8614860236939466,0.02607776517910175,-0.9374361981840388,-0.0054093932999658674,0
0.10653362500153621,-0.985538280994567,-0.17789970851497355,-6.30785958272691,-1.9291137915906693,2.958698047544503,0.024295892814918688,-0.9389530284038256,-0.006308544603567508,0
0.10984037619931111,-0.9870001591714582,-0.17683061211866008,-6.658751328303071,-2.0251288284513373,3.0026328181131934,0.02252011568934255,-0.940756547602421,-0.0071760285887370705,0
0.11300039494550138,-0.9885520242992878,-0.17169114327071097,-7.033334639219423,-2.2196192019300978,2.989464294914128,0.02152906502281072,-0.9416282737055529,-0.006820816848078986,0
0.11238034029586338,-0.9897581877350851,-0.16622196698067157,-7.354483279753296,-2.51559601664325,2.9477374866011647,0.02122054790461249,-0.9419538678760283,-0.004295347102982059,0
0.10795410905910789,-0.9908697874073961,-0.16359960246300484,-7.565726715120074,-2.842123876985444,2.9088111007101687,0.020434932890147244,-0.9430163694691192,-0.00012879734949941015,0
0.10278389792526407,-0.9930620171585111,-0.16289482019268015,-7.659972330490704,-3.100303002234993,2.8824266779060213,0.01810647236089496,-0.9455850472818847,0.003907972789697311,0
0.09886431801252643,-0.9972028512943333,-0.16047716681275526,-7.6690791982991975,-3.2221015954452326,2.857170647858616,0.014351601169166237,-0.9495999138487183,0.006287317139665321,0
0.09587556491453993,-1.002018735729349,-0.15382118909398387,-7.626937316476378,-3.201191456925948,2.8149124609653113,0.010386967966357508,-0.9546991628559265,0.006931331107161193,0
0.09381884971714181,-1.0049311308525604,-0.14354147460815092,-7.542655609756628,-3.084542449075573,2.7420028157662544,0.007613215416075629,-0.9602666800252398,0.007205372658014834,0
0.09402602471294204,-1.005650369555788,-0.1336708007828838,-7.402876327710155,-2.9339510826571695,2.632802054871232,0.0067588075675007854,-0.9652230233702896,0.008917184934985103,0
0.09658009706288093,-1.007224197356114,-0.1295646571532061,-7.190771176188098,-2.7804914751466354,2.4918038750874087,0.007607454266501078,-0.9686288557017594,0.013042426404323078,0
0.09911109936909535,-1.0116647336441789,-0.1326399902942776,-6.8961595387785115,-2.6050913809670737,2.3394457854739654,0.009301664433087409,-0.9703985253941516,0.018825191350879008,0
0.09973090223350417,-1.0159318272609354,-0.13777505825752226,-6.514799107550887,-2.3666925727015995,2.215782323779554,0.01104120228301424,-0.9706116304215091,0.023825077602241805,0
0.09967583434758732,-1.0148058032032161,-0.1388764133023602,-6.064913090731599,-2.053488857628775,2.167748205524227,0.01280779654638998,-0.9683084077403458,0.02523321630173827,0
0.10161824967525364,-1.0072277760802912,-0.13642483562838445,-5.62227485106639,-1.699006414413385,2.2176591746984875,0.015327665386172456,-0.962123852874421,0.021886017629800514,0
0.10604191960167265,-0.9974137914668112,-0.1368983465791038,-5.318274622224288,-1.3439166975042194,2.338724137706129,0.019071577801711242,-0.9525784041404469,0.01549821374830725,0
0.11030021588813398,-0.989784503535597,-0.1446171525529086,-5.265421463039976,-0.9950529204838979,2.467771237891887,0.023506730487970372,-0.9431216191237113,0.009848378964406055,0
0.11146809229227105,-0.9852570518235862,-0.15586852549707564,-5.471722445802567,-0.6316654846006775,2.547909524786744,0.02767628956653765,-0.9381026733892841,0.008158793927896705,0
0.10991345997299594,-0.9831384454177541,-0.16214568961901998,-5.8431696777291995,-0.23963677520607585,2.5604115994490044,0.03135113043188803,-0.9392503415497303,0.01070481896203437,0
0.10943579082772993,-0.9839867778274098,-0.15877788886559543,-6.2786824694590875,0.17576407063978194,2.5189417576708597,0.035126207394475355,-0.944287530816539,0.014949808437883218,0
0.11348733483128105,-0.9884708943166902,-0.14920508814235398,-6.745187344918957,0.6059817532132256,2.4405916928831806,0.03932767912903921,-0.9494477512106936,0.018212595766641474,0
0.12176571960864088,-0.9948497807203124,-0.1406543513091232,-7.245101630996514,1.0528085426140503,2.330664164260656,0.04342541769283459,-0.9531112253419108,0.020047528274981397,0
0.13066286497963192,-1.0000933730457269,-0.13699454776730338,-7.735795561774655,1.5209593619324833,2.1971925291683503,0.046755952289611345,-0.9564143331218732,0.021751969401731262,0
0.13617725127106872,-1.0036092769331928,-0.13664805290708903,-8.126890146130217,2.0012980004147023,2.0682070278890676,0.04909571061527597,-0.9609776597611318,0.02398893297799666,0
0.13638668441014462,-1.0081500184095724,-0.13627027306769407,-8.36671062087341,2.4631015764201183,1.97968887039062,0.05020408537772495,-0.9672469127607005,0.025870715045316954,0
0.13251497974513007,-1.0160124303365605,-0.13465221312970563,-8.498374014337514,2.861341307391044,1.9481883099965553,0.04971011660154491,-0.9745796312064989,0.026407285183370044,0
0.1282532387172079,-1.0251658346282388,-0.13307313958241063,-8.608008196884098,3.15410097770949,1.964091039437031,0.048011486341612605,-0.981484538984945,0.025631535633774367,0
0.1269924329307082,-1.0307307193192459,-0.13360428081613207,-8.737217486038695,3.318804315360693,2.0051423695663306,0.046454064795011824,-0.9858799305936203,0.023832696056791274,0
0.12863427207682396,-1.0303707250627618,-0.1379664319487898,-8.870774844832312,3.3560363279160605,2.049068728334592,0.0458040624931102,-0.986530261164206,0.020862955770408628,0
0.12938181576092345,-1.0268098532826475,-0.14677095348498143,-8.991537937686813,3.2825541867158883,2.0861247192978394,0.04500445698421007,-0.9845463497754455,0.016997352319889945,0
0.1255679475467654,-1.0246785517897785,-0.15803523157978427,-9.1068958591341,3.1249914065295563,2.1305182076751223,0.04216410749071298,-0.9825223131873653,0.013629751015496109,0
0.11767027044366503,-1.02598160399549,-0.16647481598749483,-9.220057954925919,2.9167924314517713,2.2092338777261085,0.036500069809366376,-0.9819288274287263,0.012190753840881894,0
0.10966999029685626,-1.0290968426539848,-0.1663873268109479,-9.31101161550303,2.691026105230335,2.3316160040828136,0.028921987375736483,-0.982148528043839,0.012761616664909858,0
0.10453549377662912,-1.031532698583006,-0.15684844190429162,-9.354452628114048,2.470509247364872,2.475307126632278,0.021313472869013188,-0.9822973395706387,0.014496193707469287,0
0.10172895399501952,-1.0328260797241773,-0.14341566896418048,-9.32702977825487,2.2677333816593097,2.5997763060397694,0.01569854763388147,-0.9829847032978188,0.017042639016303037,0
0.0994513139949289,-1.0343273130138408,-0.1335231039489412,-9.189433095547164,2.0953196068360893,2.6647280657025347,0.013258324244718709,-0.9854680283122751,0.020551131186539354,0
0.0974784968248881,-1.0369901166562845,-0.13023397810114148,-8.897419224018705,1.967854698666709,2.641334595666996,0.013297009791798235,-0.9897454699976291,0.024325781146289055,0
0.09648988149985023,-1.0408037030603718,-0.13086900970039372,-8.457705856983273,1.8872963295092475,2.521573027958675,0.01365538896797108,-0.994690600879329,0.026637625054460604,0
0.09600700567470004,-1.0458762011431497,-0.13127235825583422,-7.9554074276992175,1.8362559089780213,2.321458524763919,0.012823389151830171,-0.9998844805958608,0.026409386789837033,0
0.0949941779639171,-1.0521223493101697,-0.13048337820373954,-7.495963944497726,1.7984640798809797,2.0684407931059994,0.011301665113408877,-1.0059084239867422,0.024299755289546962,0
0.09402260841496643,-1.0579397583801722,-0.1309871206041384,-7.119388813502346,1.7807920928971364,1.7807321236730178,0.010603176950995913,-1.012450221280533,0.021515815658361446,0
0.09468718887188605,-1.0611511889807188,-0.13538359897552002,-6.791266367616669,1.7985815253125663,1.459135486538914,0.01147832287587553,-1.0175246717672684,0.018238409182032126,0
0.09663057180717648,-1.0617034098550608,-0.14371061059845147,-6.4766210253285,1.8380881683002117,1.0998124866524732,0.01332994775604769,-1.0196505311735031,0.014007161568189867,0
0.09742616897890023,-1.0619940147318734,-0.15323998376131626,-6.1946742169602365,1.8537445313684702,0.7132483286436452,0.014884731306463743,-1.0199300039671648,0.009211146566480111,0
0.09639965153353276,-1.0638388302341355,-0.15985174485211082,-5.986736910881063,1.8170546697818275,0.32534978847660107,0.015329611415844931,-1.020622385808303,0.00535621426112619,0
0.096290410558925,-1.0659327135056054,-0.16049098776713516,-5.849814259171907,1.7575626725757525,-0.0443353610625814,0.014974077881518342,-1.0220412324960102,0.0038550991783888747,0
0.09925040804493875,-1.0652701824078457,-0.1555800270559216,-5.724467108950082,1.7396842753793105,-0.4012820706197588,0.014637937018030808,-1.0223111788989943,0.004885918720382357,0
0.10290635101126092,-1.0611474512235133,-0.1487052198262506,-5.544997323449618,1.8023539390262486,-0.7646544219993144,0.014479807729665428,-1.0202743402681629,0.007420511008813202,0
0.10289080730160322,-1.056750927861673,-0.14345262568041264,-5.286982332192547,1.9335514686580695,-1.136536638778743,0.013984556744208336,-1.017270252562286,0.010332381141872137,0
0.09870222777287252,-1.0558693968021375,-0.14084639013024694,-4.96516477661025,2.10183062314016,-1.4888360390230104,0.01303803694154066,-1.0154217882514165,0.013478840004317838,0
0.0947692565316705,-1.05862438907102,-0.1394783801419891,-4.596023569421553,2.2948297455061195,-1.7837769600622218,0.012294149266635671,-1.0149639984127168,0.017445775915778925,0
0.09539953417536949,-1.0614645055823348,-0.13734424036378878,-4.168793268436211,2.51332495014326,-2.00332752247609,0.012429226229452129,-1.0140982675418981,0.02212494800674359,0
0.10026247496115441,-1.061061612131932,-0.1338503157043242,-3.6574880311890734,2.736237778311691,-2.1543017379018035,0.013641748327022363,-1.0113343489121043,0.026013112593702394,0
0.10550364578587343,-1.0573857111559553,-0.13053905409078137,-3.072107038205962,2.9140066081693883,-2.2478494285332618,0.01589797801200742,-1.0071779354961399,0.027413716410992904,0
0.10828996393728493,-1.0530056523393305,-0.1296247085370064,-2.499670060913656,3.007217921353482,-2.283453067844856,0.019052173645772694,-1.0031911789775088,0.02618539300273913,0
0.10922286756070183,-1.0501094856897897,-0.13185003504592183,-2.0748086574815314,3.0247650676825604,-2.2590386470945383,0.02254627821214618,-1.0000879234074336,0.023870957327196872,0
0.11044585918503842,-1.0487750120225914,-0.1360993646525623,-1.891769726449194,3.015348671939183,-2.191752773002706,0.02553351100144026,-0.9973530930488627,0.02212112488394689,0
0.11257032985609919,-1.0476445127817504,-0.14063610437898974,-1.9480915771344034,3.0218979661578262,-2.1186692117702384,0.027681469444891624,-0.9942930391970796,0.02131083760537182,0
0.11425189409579213,-1.0450582732873293,-0.14419268563831356,-2.1744349459444905,3.049304409455636,-2.074249206758156,0.029343577924742893,-0.9908905468059085,0.020655874194116023,0
0.11395920095143335,-1.0398491228152127,-0.146349799334811,-2.4989391555965246,3.0734188802156597,-2.0698407465610864,0.030370666847748168,-0.9877617115670191,0.019321998961817535,0
0.11117665006917264,-1.0329487069690806,-0.14724421039706073,-2.870417952516295,3.065427827680963,-2.091770882380281,0.029396529421727692,-0.9855915428594769,0.017348554759951354,0
0.10668327794221523,-1.0282946959691737,-0.14647874879608325,-3.238346161578141,2.998711837159417,-2.112218035613843,0.02532385781399364,-0.9847837858775713,0.015752367706554818,0
0.10256146976905595,-1.029906785593762,-0.14265749305282063,-3.5397033430545894,2.849380419185456,-2.1033222829851903,0.019346561424825597,-0.9857063196720607,0.015790839704075233,0
0.1009103397999003,-1.0373756167661787,-0.1355695221334917,-3.7199907489812944,2.614930041582621,-2.051111239520621,0.014641307646957797,-0.9888424032496773,0.017869572621964022,0
0.10173641378994501,-1.0459313414132851,-0.12901495273773775,-3.768165960993235,2.3355921672307303,-1.9649649747727826,0.013752140507335,-0.9940884506230518,0.021034325039237706,0
0.10331209674543819,-1.051380519537739,-0.12885597940707633,-3.7257106712328523,2.08385877612745,-1.8744504737656955,0.016483291738430807,-0.9999794968970326,0.023583028746216587,0
0.10517766943699716,-1.053283594175551,-0.13646744977019104,-3.6548549070750247,1.9227325380814781,-1.811007654894731,0.02046940010581238,-1.0041587785592216,0.024138272780230122,0
0.10894849421678113,-1.0529427488435972,-0.1463521467193894,-3.596890734928186,1.8680651555260313,-1.7876691990946565,0.023494673899944956,-1.0049463797950757,0.022230458127097605,0
0.11498971317646864,-1.050491193157152,-0.15245226583131496,-3.5614553071754287,1.8854598838811167,-1.7954088003305635,0.024911509174566818,-1.0026133827941575,0.018396828169779045,0
0.12013245690690719,-1.0456561426844106,-0.15426958210825112,-3.54444205434513,1.9246431732913087,-1.8172594715906958,0.025273357899321308,-0.9990658826935283,0.01409105811388344,0
0.12066926717858566,-1.040223088865092,-0.15420276501074273,-3.5398356815124328,1.9641590392873498,-1.8433623331140367,0.025480923054818874,-0.9959217549452971,0.011001529839146942,0
0.11681384330757724,-1.0373247814421647,-0.15243583913681938,-3.533915534148788,2.0250910075476103,-1.873917960761977,0.02621727632753078,-0.9929321872787628,0.009788639753724274,0
0.11260241642653276,-1.0376415987191232,-0.1486393915257905,-3.5033831034108953,2.1398389380603575,-1.911588625885736,0.02741223439490369,-0.9887687006393625,0.009559904738869446,0
0.11173160891050218,-1.0378375874274564,-0.14589663913691867,-3.432747494805964,2.3100842903172008,-1.9535607617428288,0.028186949501022,-0.9831624203461626,0.008856367940131499,0
0.11443468219083275,-1.03400517881279,-0.14807062895987896,-3.3371907391240114,2.4965615822881126,-1.9931203431942746,0.0278626767738529,-0.9774510813991795,0.006950868600995849,0
0.11794040635061459,-1.0259589274502403,-0.1542028481424045,-3.2648156155902157,2.645481334100073,-2.0295773918723388,0.026938744812261637,-0.972942369824616,0.004016252657006091,0
0.11911826255682567,-1.0169829140360152,-0.15936145907853072,-3.2702587951841062,2.7251752699284273,-2.0727145237965168,0.026596135430453464,-0.9694768345283146,0.00040816874553987445,0
0.11685060199431765,-1.0099483701245335,-0.16133027602637937,-3.3792099422100885,2.7460380903777697,-2.1334388939159905,0.027421998947633894,-0.9659470751129544,-0.0036744062465133708,0
0.11244756596255456,-1.0052760240512368,-0.1636254914666082,-3.5707814960406865,2.749040972935834,-2.211687670268947,0.029100068507260747,-0.961854611782161,-0.00783835684967279,0
0.10832453120205535,-1.0026375117959536,-0.17046899402669974,-3.7907228883263357,2.767794735344808,-2.2982145980544075,0.03114657162232086,-0.9579810464486026,-0.011423234921358034,0
0.10677227489372017,-1.0025714734612396,-0.18037945646543452,-3.9889948625532163,2.7972100044114265,-2.39041441970256,0.03345938180828375,-0.9556539649533281,-0.014050922445933407,0
0.1093782226851413,-1.0050268689946158,-0.1870086305978802,-4.15376357377235,2.806370359725804,-2.504622046771773,0.03619487520596205,-0.9556686971223702,-0.01584312417102376,0
0.11587890437557642,-1.0075365502915052,-0.1865768308695729,-4.306749826445821,2.7888315801287584,-2.6684984107127985,0.039366894789849116,-0.9576574300220947,-0.01696450136183317,0
0.12318823376571518,-1.0070088176624057,-0.18246031661027748,-4.4621698705944866,2.7913247941116666,-2.895695298084335,0.04252306868906177,-0.9598253309429681,-0.017366692088261155,0
0.12726772998323196,-1.0034370006300448,-0.1806452572524781,-4.600900513432585,2.874048481257981,-3.1643354859243056,0.044766777580554924,-0.9595701925348334,-0.01712569766893117,0
0.12692259238672202,-1.0000261284269283,-0.18200425512004137,-4.69428431505849,3.0371291723696543,-3.423317013354813,0.045285107374571476,-0.9555386100466463,-0.016772502354847278,0
0.1247469446449835,-0.9990208200644792,-0.18209520555364067,-4.743389118290847,3.2026161238741793,-3.62630564662177,0.043961952490908444,-0.9492594611133982,-0.017106403830542433,0
0.12359275815998554,-0.9989476592219729,-0.1785756617779143,-4.7830384887077635,3.2831158889818024,-3.760106039347035,0.04140258483130959,-0.9437846196102251,-0.018598390711744746,0
0.12300838298642107,-0.9970193316173501,-0.17552970455508682,-4.85315680957566,3.2600764591636824,-3.835425601501958,0.03840655892399567,-0.9405730140752085,-0.020938979211778525,0
0.12030451066664223,-0.993093537975127,-0.17859647584702848,-4.97488452221431,3.1841192637740354,-3.852698513267234,0.035533657692037694,-0.9386358977877032,-0.023283381537238974,0
0.11467942469886101,-0.9898923133944935,-0.1873312998367062,-5.14767809309324,3.110398451510113,-3.78778345082396,0.03299110178477073,-0.9368674554723121,-0.024999126818751563,0
0.10871063340344209,-0.9897766080966778,-0.19487391026664108,-5.356037948410237,3.0528551487692037,-3.6168754166985972,0.030601313021856025,-0.9360282916017963,-0.025980945799941126,0
0.10569188535767474,-0.9923005679383408,-0.19584259717689775,-5.5767130467620065,2.9977834204327642,-3.3511546708159154,0.028032593544136186,-0.9375897652675496,-0.02617402079784761,0
0.10696198206791988,-0.9947483968458435,-0.19240172816517284,-5.79057719734665,2.936784598928055,-3.044004933853692,0.0254741286587268,-0.9412182852845752,-0.025237353806620223,0
0.11149340104658767,-0.9947519540160279,-0.19023260920592525,-5.998379917953997,2.872997168470442,-2.7671200658354853,0.02369872769963539,-0.9445520252191761,-0.023121965373792505,0
0.11606713507627531,-0.993037641481491,-0.19034312765718875,-6.2219464754063925,2.8102875731632513,-2.570171805291879,0.022722770556232095,-0.9459225604091268,-0.02066126531508399,0
0.11634608514532081,-0.9936491735122738,-0.18880269023390941,-6.479833197814059,2.750765577865415,-2.4365755771164137,0.020970811308561103,-0.9469265698646953,-0.0188408060019093,0
0.11044914464283627,-1.0000184049170602,-0.18377014408691628,-6.759554209996264,2.6890571202742057,-2.2709272496936785,0.017058175623202353,-0.95146012787289,-0.017389475423400906,0
0.10173982521563299,-1.010321714352872,-0.17792884825287053,-7.012423353654504,2.5955877670680247,-1.964627177415093,0.012262176380291631,-0.9614149989090713,-0.014769366229109125,0
0.09634605052579019,-1.018605103631049,-0.1732609252232044,-7.167207954698964,2.4254628871436097,-1.5056325969201079,0.009976056627946914,-0.9735851049718565,-0.009992166367395288,0
0.09784409927319263,-1.0218011059708332,-0.16794576323831947,-7.154555360377299,2.1674447356188575,-1.0098230772998302,0.012364840171281697,-0.982038327930763,-0.004145497692852948,0
0.10480271485648927,-1.0235705174543275,-0.1606578017370972,-6.945754457013055,1.8731107472058854,-0.6203036968659077,0.01815082133574057,-0.9838671341623253,0.000306800227208658,0
0.11212303887552162,-1.0284347875704551,-0.15529782521209823,-6.584972272827554,1.615468315858349,-0.3863934627006862,0.023896236235956547,-0.9816397931769414,0.001701104423973066,0
0.11421695028391357,-1.0336010522597763,-0.15852990020227567,-6.174846801441597,1.4239902787806185,-0.2597078290915201,0.02710330613277356,-0.980066855031904,0.00032764989176748495,0
0.10931321572120067,-1.031520378899437,-0.1720145018439288,-5.814565829863132,1.2776528341135278,-0.1886330109215112,0.02787883928710445,-0.9814741404530714,-0.0025073139694583584,0
0.10230903665677277,-1.0216560046383496,-0.18843076377234966,-5.5394218502396475,1.1539083807495794,-0.17581503215654531,0.02792417673585938,-0.9848415119618574,-0.005877529944255466,0
0.10121405051071726,-1.0144221954738797,-0.19749921102384607,-5.313581334614748,1.0588921343876634,-0.23975874305170672,0.02856189196462209,-0.9879937482810686,-0.009369964485177096,0
0.10860478168128489,-1.019709033343324,-0.1962380966494943,-5.085157117032103,1.0052096093303011,-0.363454052686502,0.03003669138183358,-0.9898832266975514,-0.012563188548392872,0
0.11813339140463655,-1.035034672320959,-0.19067829560992336,-4.852833129378059,0.9828090515675522,-0.512620662569138,0.03204159226927411,-0.9912875912081959,-0.015070011772286193,0
0.12124662078589217,-1.049144372197581,-0.1870081115828616,-4.6731017656478695,0.9653580034921693,-0.6840320172760833,0.03383317707698218,-0.9940906925843558,-0.016729934190313663,0
0.11582403017304388,-1.0552211699323897,-0.18488070158872927,-4.599124372691284,0.9314314689298395,-0.900586409584344,0.03386171741927541,-0.9998900472037496,-0.017279176933176998,0
0.10667386003361783,-1.0568069220161291,-0.18120727393897829,-4.624288143675239,0.8682267374426365,-1.1614585826863277,0.030527061476722944,-1.0086396483445927,-0.016222390960495058,0
0.09928101643138428,-1.0611981173630918,-0.17658452591226353,-4.695447181786309,0.7690631730423984,-1.4229294503621874,0.02399858491624653,-1.0182342348924112,-0.013513716660854899,0
0.09544717139748811,-1.0698402260349194,-0.17445749062175062,-4.767503630689272,0.6410518090864852,-1.6322391507372809,0.01675300173090336,-1.0258552664244598,-0.01010769222786081,0
0.09447237259690788,-1.0767558466335776,-0.1758282747865596,-4.8243691384096286,0.5076574454986422,-1.7679939113872738,0.011824198561427876,-1.0302808403087278,-0.007392948185302145,0
0.09583738024797443,-1.0762289865715013,-0.17790988221845982,-4.855400679573155,0.3990633413869434,-1.8515643979071355,0.01074388634946384,-1.0326721460412445,-0.006097048983097278,0
0.09923611132254018,-1.0703419526532965,-0.1774343872223306,-4.843012894276352,0.34869592776711406,-1.9328341329426368,0.013165477733943824,-1.0347818865807032,-0.0059022273513562335,0
0.10310314545954961,-1.0667579645430785,-0.17357718513254802,-4.785777323993143,0.3950492274505786,-2.0618616932094684,0.017705498651928085,-1.03682553835561,-0.005988207318032026,0
0.10510101762926745,-1.0694642199583793,-0.16847756462292787,-4.715804070228914,0.566929887915986,-2.2589814290839687,0.02270623884144439,-1.037657820467431,-0.005776370686395471,0
0.10489166710569123,-1.0748204739367848,-0.16583458323234207,-4.674362096734823,0.8582205301236837,-2.503607228934738,0.02687376328019301,-1.0368256482328049,-0.005301081470710046,0
0.10540450264367152,-1.077588567206037,-0.1675862417061597,-4.672281429085196,1.2236400971967392,-2.751645819183823,0.029915392961638358,-1.035710825322528,-0.005021570198018849,0
0.10981267399249445,-1.077626267931575,-0.1713216643972967,-4.688084309491491,1.6048612175066126,-2.965870563924945,0.03239195424508239,-1.0361596756270954,-0.005113311587362902,0
0.1176291323156019,-1.0786244614775655,-0.17246440217491302,-4.707546723400879,1.965225047426793,-3.1324652210086517,0.03481315456038776,-1.0382580676379622,-0.004881748358043343,0
0.12533383367414894,-1.082519189211687,-0.16912780198312352,-4.7519561323514266,2.3056181460445826,-3.2528703965441563,0.03733057957399634,-1.0402337310667484,-0.003287453299427736,0
0.13027890824534852,-1.08732114771313,-0.16341658308389606,-4.858057816703579,2.6484181830331126,-3.3275023307618286,0.040131999478584514,-1.0407181761138147,-0.0003491141141856326,0
0.13213355046895361,-1.0893134954051524,-0.1587545772544166,-5.035168416519843,3.00509829683455,-3.352952917680442,0.04315404957137875,-1.0402615580989685,0.0025085465122390146,0
0.13120293864941554,-1.0863520280898928,-0.157635506346465,-5.247604226718777,3.3628383973715334,-3.3292081029781415,0.04537154971091694,-1.0401615071508856,0.004125254799576139,0
0.12797528865561777,-1.080270149666425,-0.16067917101760462,-5.433636578091631,3.7017895587108756,-3.2595634115848307,0.04541253956697548,-1.040697076359966,0.004992962270560123,0
0.12456878801444285,-1.0762417756099079,-0.16592819222947425,-5.537885958201002,4.013681197824051,-3.144829422492382,0.043181689289101086,-1.0413469133312132,0.005940409976405434,0
0.12389538864133894,-1.0781121627242625,-0.17006115775642328,-5.539565896351867,4.29668963974967,-2.9880543881825115,0.040268139659843626,-1.0421107482961676,0.006096768863262994,0
0.12610612568420437,-1.0845468673628624,-0.17147498010160955,-5.46689560254056,4.541290732475088,-2.808219819740518,0.038538931032306066,-1.0436379799815203,0.0038502087253266164,0
0.12789401810809664,-1.0911696059420706,-0.1709862986163197,-5.378830209215161,4.7318824878100685,-2.6378239029336994,0.03850461733355887,-1.0461798841841756,-0.00018076980675424992,0
0.12665388483202392,-1.0953052402756267,-0.16910858943563473,-5.313367733975545,4.860484466530047,-2.4930101314909567,0.03894225154656349,-1.048977665982909,-0.0028742037030901574,0
0.12346838447404347,-1.0967920246407425,-0.16494971764287022,-5.2484904527122325,4.930630048750272,-2.3482015245631693,0.03801053632769597,-1.0506992333748315,-0.0021076647952691175,0
0.12051650506724736,-1.0953930294551204,-0.15916055173425223,-5.123558605197283,4.945226430177242,-2.1534732135395895,0.03488925712171338,-1.0503194454939948,0.00045938682818579435,0
0.11750534116623258,-1.089913935410985,-0.15582973252370008,-4.9043187770782275,4.899172142598653,-1.8813693131432125,0.03039281317326974,-1.0476440604077624,0.0010614778914803495,0
0.11289670032487095,-1.0803432776190274,-0.1588369985104382,-4.62183213304945,4.795640714352672,-1.5551888968712038,0.02612783447550484,-1.043070556365686,-0.0019878689018035653,0
0.10730635415583004,-1.0695213038205773,-0.16659492843799456,-4.344022595954238,4.664577696434752,-1.236378357040571,0.023376894042125694,-1.0368952618676277,-0.006475315832650005,0
0.10319493198059239,-1.0612873587903326,-0.1724520715550056,-4.116494497064969,4.544406918008156,-0.9843073505140102,0.022544864224133997,-1.0289758523303987,-0.00881701988786933,0
0.10175643419918072,-1.0568077865163918,-0.17109080602126214,-3.9407027305005884,4.4406885362721615,-0.8149743943100671,0.02292565669765202,-1.0192836648346242,-0.008009664210928094,0
0.10204127106219536,-1.0537492628984453,-0.1636596888385595,-3.806231006903182,4.32299660615723,-0.6926659070282726,0.02296087842750219,-1.0088779884346377,-0.006480167251456948,0
0.10274201071216926,-1.0493825257234641,-0.15635236245206002,-3.7288962986536944,4.174358585694568,-0.570588615200176,0.021443995485532344,-0.9999374717900535,-0.006910861927880011,0
0.10330405179911799,-1.0434482519295392,-0.15479351047878553,-3.7433951019484217,4.029290481632247,-0.43926429614342405,0.01874167707352755,-0.9942137860856124,-0.009035697136977971,0
0.10353080533405232,-1.0376355839433111,-0.15979309995537758,-3.8556747966979854,3.9489535649825624,-0.32347609590013726,0.016463402846598224,-0.991436338365482,-0.0104020356411297,0
0.10339475242138504,-1.0334198215104593,-0.16740272316748578,-4.01176371481162,3.9669779418093465,-0.23704188484939798,0.01588123346763265,-0.9897865263780115,-0.009764833245063182,0
0.10340010830477803,-1.0311968871113428,-0.17206083812714382,-4.124849333870892,4.071502005011067,-0.16066727462164215,0.017135559936638612,-0.988027677670813,-0.008407820590518634,0
0.10427372934537588,-1.030711094085764,-0.169904894928445,-4.136060706761531,4.2328553427981745,-0.06690760413938213,0.019933815688286637,-0.9865220283900167,-0.00802370119078977,0
0.10601767742640801,-1.0311091915705044,-0.16149791452458748,-4.0501002506716794,4.4331844404716385,0.05032971286258961,0.024083762230464257,-0.9859377780820228,-0.00858193357685266,0
0.10798836671818504,-1.0308508866398607,-0.15326469158787376,-3.9196617789066384,4.6674427764045845,0.17898896560549557,0.02881334242851502,-0.9857315236347346,-0.008972493917748622,0
0.11005616915781342,-1.0288061969773588,-0.15324872125085418,-3.8002948100706115,4.926695292395742,0.3091631557890621,0.0323128935264114,-0.9844703043740546,-0.008980027570289659,0
0.11256937421955912,-1.025453769305099,-0.1618622746311628,-3.71468160831734,5.188469682540868,0.4382596077763525,0.032899456220700174,-0.9812850535478733,-0.00973024191785267,0
0.11493803936301031,-1.0221792658008761,-0.16995678818680462,-3.6531720618714387,5.42057661588434,0.5621495809948386,0.03074482086159584,-0.9766319240423437,-0.012306720328944901,0
0.11558512518970526,-1.0196215628325078,-0.17025922919713612,-3.6044438448891274,5.588349957206266,0.6757627398110188,0.028018976319299397,-0.9717238376467435,-0.016450280462139408,0
0.11365575672138924,-1.0172726064655542,-0.1672160426211043,-3.578458889194812,5.662961162148865,0.7834404217854543,0.026892410332112402,-0.9672541960111755,-0.02062251485175148,0
0.10983138313194774,-1.0142777000095655,-0.17046619459874915,-3.5928915200190845,5.6373855361584555,0.8954676598122755,0.027362574585197762,-0.962738999392695,-0.023179920780262885,0
0.10561193168276042,-1.0101878631137842,-0.18120213897686865,-3.6424669688204916,5.539451910090238,1.0096205611244153,0.027573450478350983,-0.9574923011363609,-0.023745284103179512,0
0.10278805868220306,-1.0052929158748367,-0.19043476652223595,-3.69625938106587,5.418135171888543,1.1078765283561671,0.026449290298601033,-0.9521724840343369,-0.02359846098786285,0
0.10306772371760366,-1.000474055780092,-0.19036707903612554,-3.728854288337172,5.306636867297929,1.178511732503848,0.02508858582801167,-0.9485392889841959,-0.024389529992595776,0
0.10647190936011727,-0.99647681758076,-0.1832706099176029,-3.7402240943902285,5.198373774555372,1.23166057675583,0.024957564263975864,-0.9474303857207655,-0.026328727250607267,0
0.10999329425331303,-0.9933305610052134,-0.17794057485951764,-3.736706957312188,5.060368334693126,1.2844494745315074,0.025809391967185083,-0.9477953061039281,-0.02800593794071809,0
0.10988895786856596,-0.9908857273901972,-0.17973647712827284,-3.7067776186190633,4.87020649616936,1.3387585009353975,0.026524741903618348,-0.9482088100330192,-0.028077781184190923,0
0.10622864789336767,-0.9897821314239659,-0.18575610437568335,-3.631581995083917,4.64126465707106,1.3845221523593052,0.02716969973972324,-0.9487240245312241,-0.026678311094891327,0
0.10337128309679287,-0.990967415802023,-0.18932350557674996,-3.512105133907173,4.412554981295851,1.4211842820359006,0.0287166307826031,-0.9504845282901065,-0.02502347015279327,0
0.10484713748433529,-0.9940402306149666,-0.18794435020683742,-3.368733860323634,4.214797543015177,1.4647794044508529,0.030937434118079515,-0.9535962010250585,-0.024114149875226056,0
0.10952819438253114,-0.9971305716550244,-0.1856526882415242,-3.215326866845918,4.0482448883396085,1.5322665220735898,0.032144982095659934,-0.9562505567148246,-0.024124382694465638,0
0.11390511698948141,-0.9989163812926105,-0.1874844597228755,-3.0492019899358103,3.8906911940040922,1.6252419261259194,0.03156747942234995,-0.9566665167830831,-0.024745486694779904,0
0.11626857495454668,-0.9998862462241296,-0.1932353615636726,-2.869775458709527,3.7215068318555753,1.7296637978771263,0.030690067290245465,-0.9554068451857881,-0.02573221089781171,0
0.11729946312815137,-1.0010985320594328,-0.1979392749304857,-2.69507370659439,3.5391773189400606,1.8263473130476626,0.031199336016959293,-0.9546072212912746,-0.026946752379151763,0
0.11786656911699088,-1.0024305811457075,-0.19780406089033523,-2.552117077303045,3.3582226254773566,1.9029256498773974,0.03245158748162106,-0.9550610710407205,-0.027885531208417396,0
0.11757837597824786,-1.0027550259219524,-0.19410704597303605,-2.4527455743734974,3.186239098244442,1.962089544128406,0.03225769133193898,-0.9555773369920162,-0.02760134595828547,0
0.11534127186197227,-1.00158124198934,-0.19071811895488824,-2.3802744323024765,3.0081663389976203,2.0164019188763533,0.029993765418621407,-0.9554357593203775,-0.025737500721836514,0
0.11115344869681938,-0.9999686863508267,-0.1892214258361786,-2.298869577264835,2.8041951356556742,2.068370646167071,0.02776320125238013,-0.9555708946347342,-0.023473325901890475,0
0.10716563226389252,-0.9996664214855154,-0.18849431198639147,-2.1788246525687427,2.578406150195885,2.1005376068561,0.02780981075363694,-0.9563433313683314,-0.022545228165835495,0
0.1061181004551442,-1.0013483538367574,-0.18820816994233508,-2.0201999898234035,2.3538618674952434,2.0956732461158514,0.029433963797475367,-0.9560060976805486,-0.023258701110201917,0
0.10855136275922138,-1.003625163557507,-0.18911516470417364,-1.8558216705514852,2.141237492494205,2.0629243906762347,0.029782835700750365,-0.9532525936935525,-0.02436141035867449,0
0.1124039297217337,-1.0040699881215394,-0.18957034102212275,-1.7256411299316374,1.9274080858155629,2.031512232376621,0.027677597652073477,-0.9501310299199935,-0.024941245695296474,0
0.11534109086943875,-1.0018858499601406,-0.18640563139869878,-1.6414283794756208,1.6970427830644832,2.017759673044192,0.025150952824109018,-0.9501984077507353,-0.02538507142201928,0
0.11652458156701723,-0.9994288200210149,-0.1808093100381074,-1.578917549631993,1.4561679634803475,2.0085287928556195,0.024838731521707163,-0.9540587591219242,-0.026106968182271956,0
0.11621236686768302,-0.9998327429124093,-0.17851950560188945,-1.5073166126974495,1.231088350359692,1.9814890530981772,0.027220185059118197,-0.9586921575493806,-0.02632339301170378,0
0.1148421877824495,-1.003058293556203,-0.18202120667977095,-1.4186821445677071,1.0472274793567968,1.9335325699542263,0.030796967651149587,-0.9613572918573977,-0.024942454773934416,0
0.11300158547116401,-1.0062443457486083,-0.18707494559911042,-1.3224130471245161,0.9123942562997872,1.8810025287510932,0.03374043719887326,-0.9625322101986924,-0.022303374636084422,0
0.11183483727750508,-1.0084136946734341,-0.18886721700119016,-1.2223254904559973,0.8217913000422824,1.8370432304338182,0.03496655695518048,-0.9646051251596104,-0.020172698958579358,0
0.11280964363885801,-1.0121430594284502,-0.18726832780936792,-1.113950135810586,0.7737757289345053,1.7985000759075689,0.034630404943004456,-0.968847674677914,-0.019802827828018284,0
0.11618071595271023,-1.0191118884904076,-0.18465364620582342,-1.0006328886332263,0.7721118337946227,1.752315951360545,0.03403865758989273,-0.9741858453122215,-0.02051336862596658,0
0.1196137625355652,-1.026613330764706,-0.18267628526771348,-0.8985086297520898,0.8133452649283817,1.6853395291292808,0.03442017459435789,-0.9783894210015504,-0.0206229981557816,0
0.12000843932681705,-1.0308367458941325,-0.1822324058793007,-0.8205636225852273,0.8796012332384995,1.5895793300686967,0.03545609497759506,-0.9801731320667816,-0.019446462355498725,0
0.11744707000766527,-1.03174185799853,-0.1831003852003465,-0.7557214918246125,0.9442179052974029,1.4678416979965432,0.03548681033314763,-0.9802739667498952,-0.01777170519776817,0
0.11542239393789262,-1.0321453425505978,-0.18303064466301386,-0.664831020341472,0.9796872199578408,1.3369823664344131,0.03344924665138006,-0.9805073735650968,-0.016628007974495287,0
0.11603961929589279,-1.0331370001442397,-0.1801013415206414,-0.5083237737553488,0.9654952270750169,1.2195971986769578,0.03033666573082903,-0.9818281910051612,-0.016347263236850786,0
0.11694413221989011,-1.0328319729815472,-0.17616205908193272,-0.2904298651392336,0.9018885701737235,1.126899567995353,0.02840148325059269,-0.9834732921901087,-0.016745890150358236,0
0.11471334196604807,-1.0293908782060215,-0.17532544235467243,-0.07337509159512431,0.8195945190990653,1.0485780121164172,0.028809810643077922,-0.983868916088626,-0.01751250996076529,0
0.11006981721317304,-1.0234422591756476,-0.1787572424624261,0.06437890726287276,0.7649495796546424,0.960362207294202,0.030277092942980473,-0.9820710099789701,-0.018248956173028887,0
0.1075110078798052,-1.017192915460393,-0.18309789261522538,0.09084493537075138,0.762688824464897,0.8437772554283893,0.03040445838765352,-0.9784771732333157,-0.018513667427971853,0
0.10938708718177743,-1.0122295639558412,-0.18457331374500055,0.04152894660505279,0.7889490495963615,0.7033462977481492,0.028413257299429315,-0.9746007528080703,-0.018159576283246784,0
0.11212366247617958,-1.008787984533464,-0.18326746781825867,-0.023427966445073063,0.785725248768828,0.5664927921262928,0.02598527090725168,-0.9720609373084733,-0.01766417103269732,0
0.11026728557916614,-1.0069087295638257,-0.1825716373094029,-0.08072135972753715,0.7103143700330738,0.4615085268508493,0.02503070657470303,-0.9712897190846365,-0.017796662044670328,0
0.10392085152770641,-1.0074892921581444,-0.18479546004829017,-0.15692445940381497,0.573502704191077,0.393974264623111,0.025321211848543294,-0.9712580923407858,-0.0186308764430396,0
0.09953801933929098,-1.0109652641700198,-0.18801035388155177,-0.2803133486423348,0.4266545705446532,0.35075644378874454,0.025198977502837634,-0.9708121312506461,-0.01908487027033725,0
0.1020711566870565,-1.0151055343379387,-0.18777188514750748,-0.43114120155461644,0.31268547233093325,0.3245576969243271,0.0241895973356514,-0.9700760634916304,-0.017856808727074226,0
0.10860357165560214,-1.016503313149299,-0.18196894721896284,-0.5493458689540682,0.23505242873843088,0.3223749493431685,0.023693364197995507,-0.9702057330761441,-0.014762153742583358,0
0.11206933566398192,-1.0152302921004903,-0.17347793725197472,-0.5855785459295014,0.1734643542426664,0.35024428357720844,0.024852578165027627,-0.9720634380352969,-0.010825765811523575,0
0.11001525626709079,-1.0155870191329277,-0.1674164643686901,-0.538555334684934,0.11957227964553821,0.40258269268531865,0.026687167720439442,-0.9755625420573518,-0.007207796177225036,0
0.10713624197184815,-1.020745267641331,-0.16581440406819858,-0.453522337607579,0.0892443634887955,0.46808815923219693,0.027118783768243893,-0.9799749520032958,-0.004483142993327008,0
0.10894795128239679,-1.0285237388048185,-0.16622013347406464,-0.39306237003109823,0.10398371309134853,0.536669136526891,0.025582753735611873,-0.9841508988677027,-0.002862196277552285,0
0.11488088830955435,-1.0338945992815582,-0.16611428688363739,-0.39662152776153503,0.16991729860250523,0.600949110028419,0.023812997199957896,-0.9866286581235635,-0.0025144116406046447,0
0.1194465611964643,-1.0344759759365965,-0.1669240674813826,-0.4550215094608383,0.2758187000625008,0.6579291616513816,0.02377956937752211,-0.9866651748698776,-0.003472146304565065,0
0.11965521572575936,-1.032295058565834,-0.17196747118151925,-0.5270378879001384,0.4045886274807245,0.7053300073062572,0.02552059910321255,-0.9853900865506481,-0.005530904788426636,0
0.11819120609814773,-1.0306512189834172,-0.18109868253875172,-0.5825291824873791,0.5433965234679166,0.729754023958356,0.027569704589661147,-0.984825466059113,-0.008314253173462552,0
0.1182515244901499,-1.030616108738919,-0.18920821079716926,-0.6252645752478454,0.683254700513003,0.7060906062151933,0.029006520904302082,-0.9854720989665123,-0.011194186572771925,0
0.11895309742422153,-1.031098095661543,-0.19104469341680283,-0.6806113669963498,0.8087830798356291,0.6195121803387161,0.030291477780454233,-0.9859232400158426,-0.013351654506474676,0
0.1182352089892416,-1.0311812106240024,-0.1867017359406465,-0.7711885323708968,0.8941251188313042,0.48404915510542335,0.03211527426583713,-0.9850108143099775,-0.01437407765532714,0
0.11692636067434473,-1.0311017666839855,-0.18077252930263846,-0.8964749550094885,0.9203882649589656,0.3299999485037904,0.03396059575233369,-0.9832189958288421,-0.014529509720425458,0
0.11691738587800843,-1.0312982738209924,-0.176826186622864,-1.0228638804938615,0.8999091383897996,0.17687234331167692,0.03428482362866889,-0.9818020699631198,-0.013944430018390627,0
0.11776686906005536,-1.0316914361174079,-0.1748405184422457,-1.1003290492436102,0.8729835979871339,0.029747660920460106,0.032418057094288334,-0.981545870137829,-0.011990745399399151,0
0.11786043200253754,-1.0320142220961028,-0.17312721406011283,-1.103763032590107,0.8719936983752001,-0.10024774420160337,0.029823618681948987,-0.9826890349169422,-0.008235982304108564,0
0.11712428162743696,-1.032057276734864,-0.17003801544860633,-1.055911888456873,0.8928652812188729,-0.18855959582346093,0.02856750914262733,-0.9851149209907469,-0.0035570499158821137,0
0.11629602237784074,-1.0315135985481692,-0.1643619227107147,-1.000393288758725,0.9097064291312325,-0.21861017625913248,0.02870027082929544,-0.9880346129406562,0.0005158683378918383,0
0.115019648119072,-1.030487163920408,-0.15675113653908126,-0.9601829359325113,0.914303436073771,-0.20015315541997358,0.028304186964202914,-0.9901452007930243,0.0031952541485011894,0
0.1127624604556259,-1.030302936175513,-0.15089583516157098,-0.9370453121147133,0.9300489767194184,-0.15545663524676032,0.02633819631688363,-0.9908259236271094,0.004475775697506016,0
0.11050015216898738,-1.0326267001486296,-0.1512434664048338,-0.941766506626264,0.984411897799952,-0.09479370750709255,0.02424520922362779,-0.9908317177943261,0.004362307452178993,0
0.10970562110141377,-1.037233062577622,-0.1584658736456933,-0.997233094717048,1.076500658137481,-0.01880352617444944,0.02398410982240477,-0.9912907676659012,0.002990723742342498,0
0.11033422776711835,-1.0415628696090893,-0.16774003442194968,-1.104865231226063,1.1773630290562265,0.06143265983641774,0.025366663221247934,-0.9923988606700958,0.0010560509565111546,0
0.11096904211481919,-1.0431993786526712,-0.17255537203572688,-1.228554595306994,1.2573251073710396,0.12458275761675229,0.02653341790568187,-0.9934941641416604,-0.0008666258488500852,0
0.11049519852319092,-1.0423352451906944,-0.17056003329078623,-1.3250974595627634,1.3078092997695066,0.1597641141847434,0.02666664663065422,-0.9939891470692062,-0.0031007504898464817,0
0.10913243557246345,-1.041177448250893,-0.16526761094067763,-1.381258218018632,1.3409551447588066,0.17635774730012813,0.02690542123741904,-0.9939464561363065,-0.0060328658318963575,0
0.10832507658859353,-1.0411934866680772,-0.16221702060256715,-1.412904155543827,1.3771070952791173,0.1953539929258533,0.02837608901316365,-0.9940336366202702,-0.008770818445001619,0
0.10957142797606527,-1.041664838325665,-0.16418015973323746,-1.4376583760961288,1.4330075206666972,0.23549448966298553,0.030350231897958196,-0.9948095724764702,-0.009688584489920082,0
0.11258179511829791,-1.0409259557640766,-0.1695564154559631,-1.4618941822570362,1.511583025254522,0.2985378676736082,0.030978801224014058,-0.9957276716128898,-0.008504860193759893,0
0.1148206901432643,-1.0383433440903629,-0.17416711743581814,-1.4916048374240791,1.5953812753372898,0.362335718808506,0.02939915547796888,-0.9952383518385614,-0.007110434327599321,0
0.11378186987328244,-1.0347366227235655,-0.17494578701915367,-1.5379505818839827,1.6542308653361477,0.39746363758022896,0.026538736265472086,-0.9923289195284435,-0.007853918765494563,0
0.1095509340061178,-1.031134418701969,-0.1729506465072414,-1.6023176470189233,1.6678002732998858,0.39514330005226483,0.023978755299394656,-0.9876170138330282,-0.01117600070287666,0
0.10450722510545493,-1.0276761803772672,-0.17244053202811968,-1.6681678239629465,1.6424272940131313,0.3729135443143952,0.022476959904159113,-0.982637800233753,-0.015214390653788198,0
0.10093991183394657,-1.0240523392724163,-0.17632265706170583,-1.7206967006729648,1.6022647266848526,0.35469094297184256,0.021625580063638863,-0.978567002016713,-0.017600365143595694,0
0.09948142740206815,-1.0205551244990139,-0.18299183757105172,-1.7655563629251472,1.5627437862151012,0.35398928146526215,0.02061647608511929,-0.976007563446473,-0.017322286340837684,0
0.09917999021237864,-1.017876177948723,-0.1880897077793462,-1.8121390144575895,1.5149785806773022,0.37277782068314413,0.019111102746490735,-0.9752941464311468,-0.015037339180724314,0
0.09841742067703846,-1.0161539987519943,-0.18875505698519465,-1.8405021274515443,1.4367292498932833,0.40358028844686433,0.017419612092614386,-0.9760719303617006,-0.012240943464847399,0
0.09617933689880082,-1.0153682914820155,-0.18549483261546182,-1.7993680506440304,1.315677742702644,0.431820970025547,0.01614229769132255,-0.97684814073865,-0.010280190718544737,0
0.09276012412299119,-1.0161811626085373,-0.1802883629653172,-1.6451947653157528,1.1608001605187452,0.44556145956608134,0.01589432347067867,-0.975972877543217,-0.009515795409370413,0
0.08922067854183632,-1.0185904549963467,-0.17417972097876994,-1.385155600421235,0.9956212798036973,0.44348137786472,0.017104412737621415,-0.9733971570409494,-0.009026611252489098,0
0.08681929662738695,-1.0203055592391814,-0.16759241371965533,-1.081039613471328,0.8434193800767905,0.42896041207385593,0.019477540152195938,-0.9710591818303105,-0.0075411138340892026,0
0.08692396369541246,-1.0188726653134283,-0.1620396764419492,-0.8040658763678363,0.7133568180977438,0.40262361335909813,0.021583477098309316,-0.9711671146677401,-0.00497167230630691,0
0.08992427457512678,-1.0153318666311026,-0.1597313396531904,-0.5814000184120456,0.5947662404726632,0.3681144247298906,0.021614289209449217,-0.9739998296142428,-0.002584566634416497,0
0.09409596741371881,-1.0134979917178364,-0.1612824792958854,-0.3947340902324017,0.46548884381051425,0.33925674606345996,0.01906916354057027,-0.9775374302448248,-0.0014482225892950627,0
0.09711964081223658,-1.0153233597043094,-0.16497047954947547,-0.23232348450529125,0.30736199651921553,0.3335008579117449,0.015510835935951796,-0.9794152424964077,-0.0014339913561981041,0
0.09835684301399927,-1.0187561086536687,-0.16839602249059143,-0.12212976522773422,0.11336975441657356,0.35912765488017184,0.013151281591548734,-0.9790208968182724,-0.0020802211696286355,0
0.09815150161484155,-1.0205387004336568,-0.1701718012984034,-0.10039567881644423,-0.11542717786806977,0.40915802278291535,0.012622001073592947,-0.9774525001264149,-0.0035163691839936177,0
0.09617615140118276,-1.0195679456152404,-0.170576260333268,-0.16278406161832537,-0.36858109782358084,0.46533943536833167,0.012640370947730807,-0.9758925147546677,-0.005851727083609979,0
0.09253522057595627,-1.016932563708286,-0.17153459254385017,-0.26322747773381183,-0.6173594487540903,0.5108666701786081,0.011960165445803915,-0.9746133722267779,-0.008388324990741375,0
0.08938018863583887,-1.0139811657787527,-0.17514527565055235,-0.3554691784928136,-0.8182672472731681,0.5407990354069323,0.010787242452131005,-0.9732600077536022,-0.010402662079984092,0
0.08933688651310502,-1.0113546594853917,-0.18109014279523136,-0.42618945833798294,-0.9367130571284986,0.5564758657447799,0.009955832023365925,-0.9713676947178298,-0.012436142315016134,0
0.09264694758534157,-1.0092014621445864,-0.18611688653919772,-0.4911409639196791,-0.9649021002181042,0.5541769932026479,0.009852881766844639,-0.9686252781169945,-0.015656914697099737,0
0.09700157263565262,-1.0072645090970473,-0.18720328263532734,-0.5663303923636969,-0.9163937932691064,0.5284351594064114,0.010742562633047426,-0.9651932146101281,-0.019544299856082425,0
0.10011020477985907,-1.004955004805436,-0.18515355440152417,-0.6444723363959755,-0.8183649480212766,0.4824112999384326,0.013025684707633567,-0.9618944457166843,-0.021373433511967847,0
0.10193097963368757,-1.0023332362951538,-0.18392003036444687,-0.6974699226090109,-0.7169876923039632,0.4257082479694712,0.016483286162298563,-0.9598399407398717,-0.019164080723726343,0
0.10426942469838747,-1.0010138566141382,-0.1855443254225713,-0.6987520289199147,-0.6706246112555951,0.3648968120785228,0.020095347175925104,-0.9596571876751036,-0.014467234655705593,0
0.1082881913156834,-1.0027989928531875,-0.18695838786798294,-0.6407519729838399,-0.7160385517902368,0.3027114413030476,0.023049193715169915,-0.9608866306849565,-0.010912472153424725,0
0.11264707379260944,-1.0068932867002762,-0.18393608496950103,-0.5325924223364771,-0.8476630676674496,0.24388042468757018,0.02514362122248404,-0.9621633015221758,-0.010354017048302038,0
0.11446993639656035,-1.009914356396286,-0.17752706094473114,-0.3885767990434267,-1.0435556218818351,0.19665910107089968,0.025922777722022367,-0.9623819925239875,-0.011643665900245166,0
0.11235441163494825,-1.0096712168620086,-0.17330593686397697,-0.22700941592934248,-1.299522712950538,0.1690943370815274,0.024433054316403368,-0.961800300914486,-0.0128088640079959,0
0.1079145824973981,-1.00759788469134,-0.1739036349034614,-0.07696482858424908,-1.6185636684698643,0.16388832218613805,0.020504829162329166,-0.9616424721478315,-0.012999774304452443,0
0.10362781315810549,-1.0063631051682904,-0.1759334963374003,0.030656256480517237,-1.9770069969850306,0.17173627308298534,0.015610649829163242,-0.9625681591926634,-0.01226544927988392,0
0.09988187196301147,-1.0064511922206894,-0.17554203135246138,0.0895163113722171,-2.3275692507856176,0.16966528891783023,0.011783661837646517,-0.9639689124828783,-0.01077280992823481,0
0.09556125354118043,-1.0063533448384432,-0.17358043657226743,0.12724207727201114,-2.638558271686672,0.1377697352281357,0.009866915657220622,-0.9649047873535175,-0.008828949639334002,0
0.09075246569887228,-1.0051003268276784,-0.17342476251755184,0.1834990174190789,-2.9097365622475286,0.08366638845246069,0.008987207532371179,-0.9652382290753906,-0.006955370470170694,0
0.08690287483667096,-1.003527206826827,-0.17578485092213966,0.2895751700418764,-3.142662212100219,0.03954667494538047,0.007594469995154035,-0.9654767900620805,-0.005392446737245015,0
0.08474715713908591,-1.0035689557616188,-0.1770544049340621,0.4684765178443521,-3.31328140926118,0.029068132006988618,0.005161685720112355,-0.9659803880059448,-0.0038558297071708564,0
0.08368971956263517,-1.006589905042743,-0.1726606118855817,0.7322430299833694,-3.3886027907759453,0.04772828609459127,0.0030289108770332907,-0.9669570127950304,-0.00212927565857106,0
0.08299250892571869,-1.0116513683670147,-0.16297586908644493,1.067035504146086,-3.3626712023739187,0.07878024532725465,0.00322664700578985,-0.9687047883282149,-0.0006805964952607236,0
0.08287217488111918,-1.015546585565391,-0.15555256843649432,1.4292447436327715,-3.2608933140700658,0.11399276390897528,0.006250073283690109,-0.9707473000769423,-0.00044750124787693523,0
0.0847097751075601,-1.0156497792868107,-0.1583545540665828,1.7623823159225218,-3.108250681130206,0.15230287553020705,0.010413637383095102,-0.970993320403169,-0.002091390604605165,0
0.08982245229797664,-1.0125764212642387,-0.17010864507720935,2.019104222038792,-2.905282017941181,0.1900385583166218,0.013592906909562545,-0.9672206275178903,-0.005404433271549699,0
0.09722320268601001,-1.0089037796577365,-0.18084873152429773,2.174680888195988,-2.6411574118365646,0.22103335944630706,0.015112518920738212,-0.9598946005267491,-0.009173808183195157,0
0.10340922947192295,-1.005866950088689,-0.18301625906323388,2.2274957421335446,-2.324295398372617,0.24032084167401302,0.015781835512484174,-0.9525438028481779,-0.011638753079742473,0
0.10585227447747815,-1.0029382909006537,-0.17850566845383048,2.1881979649225456,-1.995217784774201,0.24329264689555438,0.016686895625538798,-0.948675124862458,-0.011414183453667681,0
0.10598503262124614,-0.9999188203653067,-0.1737006500898373,2.0684469175601214,-1.7094308699540306,0.22757523253440853,0.018205109381364975,-0.9488528395335751,-0.008252007657720576,0
0.10666218971503928,-0.9974679868431994,-0.17131527060962307,1.8782342267126204,-1.503375633995853,0.19937066513607693,0.019751976787998702,-0.9511668759820718,-0.0031391954909306954,0
0.10739387148739746,-0.9961447902351545,-0.16905378777074873,1.6263312219093287,-1.3710195487078234,0.17179870752238943,0.02032974860768716,-0.9536918661571652,0.0021276263735776593,0
0.10527876148745942,-0.9963939764625082,-0.1638466369882254,1.3196487002665482,-1.2745872961023155,0.1540061249872003,0.019688781213988545,-0.9557367586338625,0.00567520552124268,0
0.10065321084700919,-0.9984357826980502,-0.15565311231075127,0.9706942165150682,-1.180229198410513,0.1491353371002733,0.018977565753496323,-0.957443988561042,0.00654867341662982,0
0.09807479915413927,-1.0010853008790745,-0.14801693569079125,0.6120496873287006,-1.0815412121298644,0.16628115860808032,0.019828908242342225,-0.9593173738776805,0.005415526138705347,0
0.10056022458473594,-1.0023294444386748,-0.1453192855935472,0.29388667230465093,-0.9908325513655903,0.22158936757050496,0.02268321144512506,-0.9620257151985725,0.004104178635704931,0
0.1059351912071197,-1.002287833242951,-0.14872778070789383,0.05445867255500059,-0.9157678202976904,0.31393041083288437,0.026276136706779255,-0.9657608185318474,0.004080009152010857,0
0.11039622697910648,-1.0039138945530195,-0.15490881191992154,-0.10394921667416052,-0.849218609345168,0.4076840356339169,0.028928302493743067,-0.9696478475221272,0.005271307826755841,0
0.11305392637886522,-1.009274441980387,-0.1594791769387811,-0.19937117711187324,-0.7784461418138667,0.45872933821775635,0.03023181850149997,-0.9724700540226588,0.0065183444826903214,0
0.11503992143977422,-1.0163008510061857,-0.16137347773355537,-0.23651436564170078,-0.6965691529863948,0.45897606675960795,0.031194119089954495,-0.9741330144695882,0.007103313804836772,0
0.116322276612743,-1.0208007443550429,-0.1627049433298152,-0.20758885453773673,-0.6014697558324696,0.44339993960163754,0.03257167807684405,-0.9756938942059512,0.007416681524060951,0
0.1158994662674161,-1.0211571615161454,-0.16471248291167537,-0.12780837031095002,-0.4888926345810747,0.4534064120063092,0.033496161161126047,-0.9776072722698858,0.00795899537668818,0
0.1139160538811264,-1.019540321044886,-0.16563945178610526,-0.047636297126365586,-0.3533792591014279,0.5019096756983086,0.03237152185315832,-0.9787035954208518,0.008208637268541255,0
0.11137674653538251,-1.018600585775373,-0.16320624926196342,-0.014692606237399972,-0.19372248148915233,0.5710813461704967,0.02894655286919576,-0.9776331135247328,0.007060661026611957,0
0.10851755303329941,-1.0184606927233342,-0.15799651453847727,-0.030194521340482762,-0.012007909134405245,0.6349971955466988,0.024749224121449465,-0.9748184771348506,0.0043246569215561245,0
0.10515825273528913,-1.0173443718493629,-0.1533250000986551,-0.05131420955467147,0.18872186738701496,0.6846150453314876,0.021389894138698008,-0.9720927465962467,0.00131399368600158,0
0.10202764381349651,-1.014184466129192,-0.15191398757835256,-0.033921584428594304,0.3975740238322171,0.7337095892775293,0.019127526103162405,-0.970677208503404,-0.00020878393546229642,0
0.10037073341367123,-1.0101846394514813,-0.153653732669091,0.029970838031183264,0.5907931931775238,0.7984377833939932,0.017382149606765953,-0.9703426876597442,0.0005386942509642509,0
0.10043015862765628,-1.0080002135226869,-0.1568615928430491,0.11154298582628831,0.7461758406584146,0.872335096270533,0.01595155072413411,-0.9703204372939409,0.002915189437241915,0
0.10088178840609525,-1.0089462990157056,-0.16018658062549124,0.17275150351777313,0.8615374856520849,0.9280504050924442,0.01506666245583644,-0.970149251490787,0.005471866295926459,0
0.09980215507335949,-1.010852362589914,-0.16221848722428536,0.194860428176298,0.9465557314797478,0.9445770048358846,0.014685612951063206,-0.9695951837844009,0.0069404299673184585,0
0.0965780839827188,-1.0099857463220838,-0.1612602627783068,0.19116005836410196,0.9978724182674528,0.9271606961443634,0.014464204560501646,-0.9684399047923081,0.006908920413150512,0
0.09314888206791792,-1.0058324648232717,-0.15744915296194653,0.19741945594621582,0.9976934204329952,0.9018544206660992,0.014227782969734962,-0.9667348660066531,0.005918385762978946,0
0.0925481858747112,-1.0023085428030256,-0.15327250386771613,0.24191719647519044,0.9412227174703572,0.8983433443140214,0.013980852475264207,-0.9650910544335997,0.005145135101445692,0
0.09559293288726585,-1.0029175546779265,-0.15029892912479428,0.3186424960483956,0.8558729358101711,0.9341005248155029,0.013638510751463842,-0.9642884977588729,0.005759287697475244,0
0.09988705961721529,-1.0063458854250382,-0.1476455082966913,0.39338321873167575,0.7897929002768648,1.0007846591399974,0.013098370458827177,-0.9643724253741511,0.008059166198675171,0
0.10278093725235087,-1.0086667799447901,-0.1451227153215553,0.43675866389350976,0.7862072337796461,1.065017677864155,0.012584756443875786,-0.9644582359482144,0.01103353672344941,0
0.10419036438719982,-1.0085216774188595,-0.14509915111869187,0.44504173551870174,0.8664722015863906,1.096580533125789,0.012864368332236009,-0.9637822201316589,0.013019565667188425,0
0.10550232404925745,-1.0077224187214346,-0.14916308013491328,0.4291490384781411,1.0264841043518533,1.1000100826806194,0.014903522234684743,-0.9626469351616108,0.013006848685733265,0
0.10685931957345551,-1.0074103566664776,-0.15488507526709586,0.39431168014857565,1.2429139183716793,1.1072223715030507,0.018833900143532305,-0.9619033156521626,0.011222754747074735,0
0.10706132406677701,-1.0063556338071604,-0.15804564956855305,0.3360173686594909,1.4865420899089352,1.1352726947936218,0.023201771522194378,-0.9617170204557997,0.008432956035356933,0
0.1058300384820688,-1.0035067785230787,-0.1573214620794106,0.2489556077308779,1.7340170624382951,1.1647373241646921,0.025886058478802272,-0.9612451288391847,0.005102867668548705,0
0.10484974360097912,-1.0001014159971215,-0.15524562128686195,0.1342403933301886,1.9678570161866693,1.1692485753456705,0.02616166548767557,-0.9594885206328072,0.0016395967966310672,0
0.10594649226872947,-0.9981797568148639,-0.15499956582856103,-1.1016346091272805e-05,2.170412651261903,1.1543283484200781,0.025411559877329272,-0.9564316121710715,-0.0010026036869779885,0
0.10872156203415427,-0.998121695872246,-0.1577188386998907,-0.14114586201625073,2.327212519320891,1.149916957312584,0.02540138888147325,-0.9535225656500255,-0.00193148725834777,0
0.11097523392510623,-0.9986518190263071,-0.1625534580794284,-0.2713645475696596,2.4375165254563633,1.1686265449732038,0.026284517124081426,-0.9527059443443022,-0.0016543499029929795,0
0.11151193316915264,-0.9987639265285609,-0.16747487124188726,-0.3668979785445893,2.514677196072271,1.1896614068313287,0.02682610293227599,-0.9543829339202103,-0.0018298108968277944,0
0.11131753033889849,-0.9987588094257963,-0.17004597735272756,-0.409661775525209,2.574815467092475,1.188090229913514,0.026286897126875413,-0.9565881948993334,-0.003210011354531319,0
0.11162794284490567,-0.9994366792436753,-0.1694033990237903,-0.40602654763605445,2.629373015939554,1.1657430326544311,0.025386664267523312,-0.95690204171337,-0.004736055855368158,0
0.11212853984627011,-1.0007898518085394,-0.16768522695411417,-0.3875040753976055,2.6837235349002966,1.143307784997713,0.025214082959344224,-0.9550277509426138,-0.0052643920307522685,0
0.11173205179229338,-1.0016715736402675,-0.16772806875200807,-0.3889334598715654,2.7301648681968924,1.1307825317531361,0.02564041520160274,-0.9528045488726836,-0.005140769564490741,0
0.11020495138678896,-1.0009146975632588,-0.16920324348984134,-0.4249052043221436,2.740612337263234,1.119569525614786,0.0253960247840953,-0.951753733040108,-0.005197388657612424,0
0.10818061450868717,-0.9988869179001518,-0.1686534477944091,-0.47931860208225197,2.6780485925604127,1.1000494671176022,0.023697775759479643,-0.95141608544089,-0.00516936245608957,0
0.10590107726334091,-0.9973002929704011,-0.16382119944198614,-0.5159822383975694,2.523636569524823,1.0716381537628987,0.02113586306761809,-0.9503990739209327,-0.004200099603467467,0
0.10286603807969183,-0.9968571054682842,-0.1568104548347966,-0.5118811238708915,2.2934111433177358,1.0353164656035845,0.018770692331681018,-0.9481802299674129,-0.0023587845628261004,0
0.09918780118000405,-0.9957384677409947,-0.152338751218912,-0.4889060760913858,2.029048277190088,0.9912131693460773,0.017065965409148308,-0.9450711399487879,-0.0007781192059939921,0
0.09670863830459263,-0.9914917289509295,-0.15372714054486566,-0.5098076848868264,1.7719953876943781,0.9487128846805988,0.01604734026191799,-0.9411714268052521,-0.000568887153910127,0
0.09768299924778547,-0.9843783954987009,-0.16085639608012556,-0.6372977646468597,1.543954683315949,0.9277990713586983,0.01592055144095023,-0.9365630098496269,-0.0020796288836204884,0
0.10197415919271043,-0.9779455747704675,-0.1701352115898587,-0.8929145635150614,1.350613589449289,0.9388988802780955,0.01694510274160613,-0.9321897925063649,-0.0047914053784011215,0
0.1062480450413134,-0.9756674209591557,-0.17584721758497926,-1.2499381392080622,1.198502680009317,0.9627619899464266,0.01868917050657251,-0.9293931141345768,-0.007366078135543702,0
0.10677759626374514,-0.977234940822815,-0.1744351270553107,-1.6571832369066444,1.0962804388886929,0.9619816952050606,0.019871283809439647,-0.9284392653447137,-0.00819326499904664,0
0.10315566959053722,-0.9787515033307292,-0.16890031277163162,-2.065811161450737,1.0354910905069257,0.91899374148805,0.01943518048866509,-0.9282338536446954,-0.006735679212761768,0
0.09883273070691156,-0.9768855071692668,-0.16634183002668124,-2.4453879406365906,0.9819802861553877,0.8560583965201185,0.017720337490687754,-0.9277992194504655,-0.0043251002997973,0
0.09769740570957895,-0.9726950921341992,-0.16967318457636354,-2.79240464034057,0.9003220935036107,0.8092609077926143,0.016193335211637294,-0.9274850042859806,-0.0028945492400599916,0
0.10033605087533864,-0.9707631174594851,-0.1739971111390771,-3.127869061301202,0.7889819752178832,0.7839871767150743,0.01606552141239474,-0.9282278294829206,-0.002890330809327265,0
0.10419234013008433,-0.9739376962514427,-0.17296196373100883,-3.47936773797088,0.6841205658973467,0.7423634207058418,0.017448415075756698,-0.9301056404151803,-0.003186172486679401,0
0.10711327418106148,-0.9794729531307714,-0.16711107071878312,-3.8622400199855527,0.6218194036074343,0.6364326154933987,0.01969629113466326,-0.9323671924205217,-0.0029820541119975085,0
0.10935956700666585,-0.9818983667378807,-0.1630924258058046,-4.279541572779347,0.5963555960400213,0.4502201528704764,0.02202992756402852,-0.9346206225074277,-0.002742030597341574,0
0.11167853783830134,-0.9798743654666406,-0.16473224106392925,-4.733436716735318,0.5598752059374014,0.20867746313641927,0.023629115788268287,-0.937150873142065,-0.003077978042556319,0
0.1128798394133566,-0.9780842699056489,-0.16842085686985386,-5.223984597952692,0.464753419831552,-0.04715375811344054,0.02365359679666171,-0.9400057423562472,-0.0036674998396816717,0
0.11078081449551053,-0.9810879011438319,-0.1687345863275787,-5.7371891914614075,0.3036235341461773,-0.2894336535695918,0.021895222420277322,-0.9424818899859341,-0.0037027728190598117,0
0.10534119635639513,-0.9875479771417467,-0.1651771800106151,-6.245917617579472,0.10716197753206701,-0.5186263967767689,0.0194376720980088,-0.9438684752663329,-0.002972517356568963,0
0.09962734817766412,-0.9927148506628158,-0.16115909394627045,-6.723229835965334,-0.09003671090842336,-0.760195711367998,0.017947666832257056,-0.9443824776596955,-0.0021867540990269906,0
0.09701436851869095,-0.994730826548629,-0.15934746381198298,-7.147436058148786,-0.2740747628742944,-1.040295154914283,0.017850138459455916,-0.9450194570250896,-0.0021842990577515395,0
0.09806044545209584,-0.995845874861249,-0.160436258761318,-7.500730644729792,-0.45161475983457217,-1.3559026523760185,0.017719145806311124,-0.9464654944985366,-0.0029122791326732242,0
0.10051212518073187,-0.9982420334632158,-0.1640551824773394,-7.776082086101776,-0.6419103880122067,-1.6732453043592794,0.015953315888017756,-0.9484212088128391,-0.003517070899338447,0
0.101116989222138,-1.0009377650952223,-0.16839912729855566,-7.9815510952130015,-0.8659314751073346,-1.9592242560318074,0.012400373911437541,-0.9502830332587535,-0.0033989073520792183,0
0.09706529172337121,-1.001600810898186,-0.17031537048730838,-8.125198814133308,-1.1272186213759738,-2.2042466850751787,0.007844783638852323,-0.9522531084161641,-0.0025941919968683175,0
0.08810828261604689,-1.0006050717674693,-0.16792956700915282,-8.198587050783779,-1.4044237216285966,-2.4073900367026906,0.0030123142189474763,-0.9551063176161726,-0.0011101187106935533,0
0.07849267407445672,-1.0014533901931615,-0.16301849021246542,-8.186653930380155,-1.6734183529898188,-2.55353753338814,-0.000956036799668711,-0.9588468224764995,0.0013227647737154686,0
0.07424371402003647,-1.0062291374999397,-0.1593571174591811,-8.093414811034947,-1.9289665896179313,-2.62386282007429,-0.0022774703181774555,-0.9624226266988908,0.004458983969330002,0
0.07689470822000412,-1.0124126401314486,-0.1583081184318325,-7.9527340646747255,-2.1707915875490555,-2.6236829959698356,-0.00038073338189254126,-0.9650824521563321,0.007041740581125738,0
0.08200592591788539,-1.0162131978614042,-0.15721406394896084,-7.817180917068953,-2.3781235635150746,-2.5809788210104427,0.002676331038477914,-0.9672804752927944,0.007800033055174445,0
0.08517931704058491,-1.0176607950911685,-0.15342968618464295,-7.737785912694691,-2.517891468488505,-2.519115565260836,0.004212536780931567,-0.9696733176254124,0.006873320818352205,0
0.0870910708578889,-1.0194757243387351,-0.14919448778575026,-7.7462289759541925,-2.5758750382387015,-2.449327458197351,0.004046473316656638,-0.9717479012797525,0.0054426436077428236,0
0.09058202939542712,-1.0213825326937238,-0.15010624611917298,-7.846995902808051,-2.5651468760742797,-2.3885766891064217,0.0042924678271873025,-0.9722964081022623,0.0038837839834021423,0
0.09508366238345572,-1.0194706872235673,-0.15820045641867883,-8.02108260795595,-2.5062148002354814,-2.3616884784426584,0.006230718729816046,-0.9711317824086041,0.0014883336190239585,0
0.09734013085199396,-1.0130167742737324,-0.16878490640308008,-8.237107775078229,-2.411605564846036,-2.3748746158508487,0.008677766751993297,-0.9694923848659334,-0.0016089178018372724,0
0.09694715935977188,-1.0086285697973045,-0.17518165951038048,-8.46451074231187,-2.28712189891761,-2.400542156583182,0.009795565542309386,-0.9687163955324141,-0.0036487220711812034,0
0.09754369677899842,-1.0134221897805908,-0.1748003082599487,-8.682233252644263,-2.1327990623228925,-2.403923839589182,0.009773777173024085,-0.96927427698942,-0.003270114735399897,0
0.1016582836964833,-1.0248127180910085,-0.16977577803857416,-8.881259666087617,-1.937443550296014,-2.382629564050601,0.01113870800044329,-0.9710099748548868,-0.001417165593564954,0
0.10733656175423233,-1.0317970009622297,-0.1637810187672425,-9.063822508355925,-1.6828408313775816,-2.3708704062275694,0.01626953732071763,-0.9734396411267296,-0.00036332069878337956,0
0.11147262818860937,-1.0280061931241362,-0.15973263844823327,-9.23242479521253,-1.366668519626159,-2.4093842133718355,0.02465341360080734,-0.9757861641900193,-0.0011052696550409083,0
0.11394027338090564,-1.019274101903136,-0.15892161448347164,-9.368290724651477,-1.0251641340669595,-2.517858150659664,0.032909439234465834,-0.9773676614613511,-0.002297614105845552,0
0.11613289254798069,-1.0152814040366427,-0.1601059406224095,-9.42830177163025,-0.7249070915626676,-2.6829584802546735,0.03771137083516701,-0.9778795816940621,-0.001949562237773884,0
0.1174651727647159,-1.0175307978303125,-0.16019688986216563,-9.379584007991271,-0.5209653937374781,-2.8575199352314127,0.03827157770452914,-0.9770971120398438,0.00013268073905415732,0
0.11645002627507378,-1.0201031603780144,-0.15797964294886863,-9.238705558113423,-0.4187651139823889,-2.9835443974820053,0.03593436003315854,-0.975034699210162,0.002059332830110016,0
0.11444326910626199,-1.019911448233045,-0.1564276688494435,-9.070910080748801,-0.3738573335584484,-3.037587447253029,0.03245560934329831,-0.9728246394112825,0.0019422929122661248,0
0.11500757492893139,-1.0204855040627954,-0.15907440419103774,-8.951374065643037,-0.3228125255506374,-3.0502503286858764,0.02925491430937285,-0.972448363366959,-0.0002163728897280843,0
0.11880414737423373,-1.0250937591277591,-0.16491626693002326,-8.926175662290136,-0.21853039587788967,-3.0678155496712276,0.027286684709919205,-0.9747410659917812,-0.002763568779073925,0
0.12163181023596382,-1.0309721332105686,-0.16950142256483855,-8.99927857361557,-0.05189879216682762,-3.1040085535287534,0.026767879717342312,-0.9782581908149649,-0.0041635595036457725,0
0.11922658118810174,-1.0329933882106346,-0.17067124051684399,-9.142718352650844,0.15138677105627246,-3.142707037170228,0.027417254063597993,-0.980797320318071,-0.004375071600593586,0
0.11282123893462255,-1.0303810287386428,-0.17043926297798023,-9.317034793776518,0.3564832601530354,-3.1715654687530717,0.02915956196062645,-0.9815304228660501,-0.004430332100164886,0
0.10833316010968891,-1.0269263789797554,-0.1706474561543802,-9.493975480633432,0.5428638557899982,-3.188531574351686,0.032077327181810805,-0.9811388057594235,-0.004767188219733244,0
0.11012320056162583,-1.0254897305825692,-0.1697025805701149,-9.668049703052901,0.7092863916755903,-3.182603401505047,0.03564565810712582,-0.9805427642840999,-0.004624442650207607,0
0.11663623615041042,-1.024762007572126,-0.16588031446792456,-9.841085548316292,0.8737522470024824,-3.135759986382013,0.03865493855272542,-0.9802220430572796,-0.003478788410035615,0
0.12271326674159783,-1.021977517128624,-0.16164346743116376,-9.993813526403951,1.0743870362097925,-3.0529665856334907,0.0401918132685622,-0.9802484620373053,-0.0022805707182471592,0
0.12517518357834162,-1.017160793361442,-0.16091125326412425,-10.086172533860717,1.3519554569839114,-2.974541597981235,0.04046943856764676,-0.9801373057821233,-0.0023121173992732623,0
0.1247907425305023,-1.0132407138144446,-0.1627310882999233,-10.098439379461784,1.7184948033417335,-2.9439683309666247,0.04041070591631857,-0.9789956404854434,-0.0032018392944470346,0
0.1236103194141086,-1.0126535163260197,-0.16183466781424038,-10.066681861022037,2.15173926507416,-2.9637256547353297,0.04040174829031227,-0.9768338761724925,-0.003177456368845104,0
0.1224846347541972,-1.015522736186065,-0.15625552714482888,-10.059936398779298,2.621738794099666,-2.9882914461749723,0.03996184187767138,-0.9757175270354359,-0.001453603789944206,0
0.12128083132294265,-1.020911826315334,-0.15076147319146027,-10.112392812038935,3.1025654870783366,-2.963515420920874,0.038957472778053295,-0.9782993993748766,0.0005416246710713266,0
0.11989366508083074,-1.0276031011787319,-0.15112114121082507,-10.183964944580403,3.5498109002399723,-2.874697802254748,0.038134862926046724,-0.9844015292564446,0.0008284063627397108,0
0.11826281575545172,-1.033167811868169,-0.15771353972147434,-10.195078956123151,3.8924332442751557,-2.7540756642405055,0.03744383392151862,-0.990047340439814,-0.0008780135964941315,0
0.11567835249873892,-1.0347269412206448,-0.1664705670207927,-10.096325624006735,4.072226838049862,-2.6368632083042836,0.03491200780006933,-0.9911753265077409,-0.003302467992484017,0
0.11066053435372461,-1.0319937441259897,-0.17374057306349536,-9.899950493314531,4.085710488759748,-2.5138570436153818,0.028769086583601812,-0.9879040964733514,-0.005627473658351199,0
0.10248374126002802,-1.0279975928549712,-0.17825239681061356,-9.655096525285845,3.9744865613839027,-2.3385520218065357,0.020201311300719466,-0.983950921122369,-0.008372197654937233,0
0.09322158943014748,-1.025594312074114,-0.18007600434178334,-9.411715110774823,3.7819708197607174,-2.084452358513352,0.01268704322602482,-0.9820560937023853,-0.01203027186775348,0
0.08713801913471583,-1.0241156334953359,-0.17997613489492859,-9.210728468308998,3.530902581788327,-1.7867296045619465,0.008721150951146605,-0.9812074603878066,-0.015788183245678652,0
0.08702256844623099,-1.0204322242464303,-0.1794395475975006,-9.088687060498787,3.2366880628904924,-1.520443589258254,0.007935404993698615,-0.9785876828562807,-0.018361365466255157,0
0.09169559071520847,-1.013157566438759,-0.17979676802844552,-9.071162473986341,2.9271523507545854,-1.3402131374005193,0.008299272761891666,-0.9732630061685307,-0.019583335642879965,0
0.097434808366305,-1.004969771629555,-0.18098701491106794,-9.157339548758035,2.642378341905564,-1.2436385629764406,0.008565278954770281,-0.9673347528633842,-0.020407579182445675,0
0.10091902599645276,-1.0002586521371244,-0.18192380929876115,-9.31524444449283,2.418990129615828,-1.1899178356454976,0.009220148971456914,-0.9637964184318315,-0.021506730050873852,0
0.10081905578907548,-1.0010930985798498,-0.18197300283800336,-9.496591879557094,2.2782157405949,-1.1482306777136297,0.011026667336176467,-0.9637726314344398,-0.022396709354317784,0
0.09810620643902972,-1.0062943831726654,-0.18105590807858757,-9.66570571354497,2.224859479468648,-1.1217001305063385,0.013199330390179228,-0.9660688174331147,-0.02214214267623405,0
0.09559711076125782,-1.0135521358696344,-0.17897481646392957,-9.82136622709192,2.2508901973931423,-1.122476329089711,0.01400178204346595,-0.9691709987115877,-0.020870914824403234,0
0.0960308426152461,-1.0208513916652993,-0.17656906405227982,-9.984850964632349,2.342341858536504,-1.135381337252009,0.013220451221239203,-0.972815253863498,-0.020205624106547013,0
0.09927479218482653,-1.0262401526577247,-0.17679874810757437,-10.164308190556541,2.493202933244195,-1.1216268508734495,0.012955763240262113,-0.976884482860362,-0.0217114505423324,0
0.10224828373132806,-1.027853278189419,-0.18199958095658836,-10.34226874868145,2.7158667683407773,-1.0578051627291916,0.015419286614810276,-0.9794338167918393,-0.02503819443456782,0
0.10333183377472271,-1.0245690453219805,-0.1901791470816507,-10.493403194957777,3.0292592677981687,-0.961425455857885,0.020595697016895488,-0.9775020215040637,-0.028111599446176815,0
0.10583392770738444,-1.0165386802131335,-0.19658095594492347,-10.586292067039443,3.4287516095026094,-0.8763380310784301,0.02650124867257056,-0.9706333933685041,-0.02918109227587026,0
0.11413091287730961,-1.005959247599073,-0.1989524068792314,-10.565337175985457,3.868730313444033,-0.8340943270690545,0.031246306017420337,-0.9624282660225801,-0.028293474569853587,0
0.12645706521681102,-0.9974133699309095,-0.19876685996480814,-10.373505833181975,4.279972046969088,-0.827866371579325,0.03432981056287694,-0.9571990766370849,-0.0268445409593937,0
0.13495141582290124,-0.9952365309978035,-0.19767538184612882,-10.024281556065201,4.606928139959126,-0.8275379654968846,0.03615228381836176,-0.9555870349008795,-0.02638142730322769,0
0.13414487823799953,-0.9989537490715596,-0.19605511297608896,-9.628846888751745,4.827496747038217,-0.8216832910032705,0.0370387676208868,-0.9549406738359961,-0.028114228997016173,0
0.12682503055861438,-1.0029396944319864,-0.19491376895669418,-9.31220567460336,4.939772478001655,-0.83290050722688,0.037128868247405855,-0.9536409414107726,-0.032743804408540016,0
0.1200402819553636,-1.0025271995466964,-0.19609091048870742,-9.096904779699143,4.940125940618328,-0.8816373724652997,0.036692100633828884,-0.9530565296765053,-0.03974760524559523,0
0.1174689789080339,-0.9995210045765393,-0.20027845987641713,-8.888821520466085,4.820795176251379,-0.9449735757604387,0.03597085531317517,-0.9548784746668206,-0.04699342910055367,0
0.11739387398287174,-1.0000297200424864,-0.20616377500679217,-8.574598471675188,4.5836022412845905,-0.9731393862320051,0.03493701362570411,-0.958499845154927,-0.05201146918922469,0
0.11656990656641408,-1.0073823234472465,-0.21112610292998485,-8.103830213895314,4.247945366420998,-0.9529824302206664,0.03342468329212588,-0.9622483620559596,-0.053939203431749995,0
0.11362322374601566,-1.018726793699261,-0.21295966998949611,-7.463378728924375,3.8445337681814036,-0.9321093196077664,0.03107358496054013,-0.9662930191373159,-0.05361443602552951,0
0.10827320474664871,-1.0289182639712262,-0.21187971084682236,-6.587626401737393,3.406392304929235,-0.9557898792833526,0.027083817705562417,-0.9732818725792791,-0.05156386825427398,0
0.09961351923756989,-1.0370236448248515,-0.20952985859835965,-5.306972004315564,2.968186200425288,-0.9889410301034627,0.02084540854524753,-0.9860647256618023,-0.046796564583796794,0
0.08797603046019806,-1.048296715094736,-0.20521875917529742,-3.3941925123245382,2.568146277198157,-0.9284546934916117,0.013287582749735667,-1.0050763694066314,-0.03832923424739935,0
0.07780800051722093,-1.0690729601019506,-0.19627266582312416,-0.6985561293934486,2.2436319387160895,-0.7024288014096634,0.00705841857524483,-1.0282380555451085,-0.027369486499510834,0
0.07548337273120043,-1.0997668815571051,-0.1834808458782903,2.7198115182970923,2.024059459950599,-0.3500368526335767,0.004803737629959152,-1.0532292620383343,-0.017132368301012994,0
0.08314310117433918,-1.1340276426666844,-0.1720970420409519,6.582847580700052,1.9227485172041308,-0.001353014817792035,0.007315341082084212,-1.0787780209642,-0.010565518021964456,0
0.09557389397341068,-1.1640362904523451,-0.16607552347132168,10.554430152256646,1.9178663717465632,0.2196783767140241,0.01309367619044775,-1.1030392224793795,-0.008687001861165696,0
0.1035701887400451,-1.1835913973381678,-0.16591295379903764,14.442514890139153,1.9326276205878608,0.27562337606622855,0.018891165463348278,-1.121464295099963,-0.010907982518723054,0
0.10130552196788113,-1.1862755884579135,-0.1723873656087697,18.26364495741754,1.8598208787474182,0.2052955956458659,0.0209753868556085,-1.1271837407540448,-0.01624131385719618,0
0.09190414270393524,-1.1654029533207746,-0.18577746595386746,22.103061334076727,1.6483360323310519,0.044634509042108444,0.017556064737925654,-1.1136122728755944,-0.023786651594207005,0
0.08523925521218367,-1.118736241315768,-0.20019265923630458,25.862953619716347,1.3774510889721308,-0.21968456225454278,0.010648893996283106,-1.0773352442800908,-0.03229722108998144,0
0.08838785337072189,-1.0519200332407204,-0.20617133673104096,29.087259916643543,1.2192563533045373,-0.6040124225721962,0.004559468894962409,-1.0203214673980656,-0.039981933495811986,0
0.09839442591228277,-0.9759810764463417,-0.20230646885712444,31.03766322407906,1.3050044485844063,-1.0520150043919838,0.0022079629308325334,-0.9507110442642221,-0.04532873420786038,0
0.10612165665175032,-0.9024619002540798,-0.19822169695405317,31.03369979237129,1.6242921235065206,-1.4339978191720493,0.003707525986778727,-0.8808978903076757,-0.048061857985529054,0
0.10667420581612742,-0.8412851095643443,-0.20206989905448822,28.836983703444687,2.0398945835767277,-1.6328845493733248,0.008116555187298513,-0.8230130540403938,-0.04887754738455319,0
0.10343027312007787,-0.8006416134527647,-0.21014556310793653,24.792560805769945,2.3752446383086303,-1.6281520007253645,0.014770141977427185,-0.7844761809221957,-0.0482440370596603,0
0.10226565480416681,-0.785675157010989,-0.21269627277752493,19.65214799284251,2.493328052698858,-1.4983693650337517,0.022372001110635423,-0.7667519750492915,-0.045697237107181626,0
0.10557185146181264,-0.7960774885739643,-0.2056824876270883,14.263605049409204,2.3358174801809812,-1.3501033061207621,0.02852318146393443,-0.7677471538866187,-0.04027615453883481,0
0.11236804919259138,-0.8250213657374832,-0.1932648835172539,9.333835306865701,1.9303019320677193,-1.2410664576119859,0.03171706118619832,-0.7847557899302198,-0.031610802774025996,0
0.1203918805574439,-0.8612645650126483,-0.18171749196549347,5.31360670853538,1.375157513724386,-1.1566206036735258,0.03322173082270732,-0.8144486155435369,-0.02060050475167877,0
0.12681138590234386,-0.8944699228318991,-0.17366785373646643,2.3621762904095625,0.8066607309692577,-1.0493306848685102,0.03568875122191056,-0.8505567293462466,-0.008890115807754367,0
0.1297350965096219,-0.9202563380207718,-0.16713562167256016,0.37517697598917177,0.35468788127963846,-0.8984387533536754,0.04003616749501449,-0.883833875551229,0.0021545947987739646,0
0.13019874888940583,-0.9400577224846148,-0.15909160534977293,-0.9271937374314223,0.10080098885457349,-0.7321035876936449,0.04459177630847932,-0.9064568994936982,0.011493828384006269,0
0.13066907095964114,-0.9559731723513254,-0.15001191398751845,-1.885026288012321,0.059628034220997814,-0.6009748883776391,0.0470511115708146,-0.9167215512513862,0.017647757817956803,0
0.13109108080049073,-0.9666547632087589,-0.1444269378653616,-2.7984391619375284,0.19463111235259445,-0.5421802051649951,0.04642664385111376,-0.9186977034884513,0.018849243055277107,0
0.12879537689576087,-0.9687928260109507,-0.14666812985154337,-3.859512758010193,0.45192542642836164,-0.5665868028745202,0.04332421912914169,-0.9174349434954435,0.014543179354577808,0
0.12295907281555837,-0.9619570103012274,-0.15627224605526976,-5.118756381729098,0.7816003371129864,-0.6662981780031492,0.039134596059724094,-0.9151444402552171,0.00634920134266455,0
0.11650095398223731,-0.9508407217496118,-0.16752569208539766,-6.496419735216381,1.1358989838522706,-0.8258767740821178,0.03503566689575925,-0.9115611421822181,-0.0029984208383688807,0
0.11252769558633065,-0.9423606564469438,-0.1742029394075461,-7.849302528218015,1.4624022519896054,-1.027362871848125,0.03149389286483726,-0.9065899547360935,-0.011482147704382696,0
0.11107852866720137,-0.9408205765300653,-0.17553743679005937,-9.069315105339008,1.7095850940901995,-1.248829143271132,0.028571082107794916,-0.9018164729988127,-0.018248190907839218,0
0.1101329874950847,-0.9454741243456051,-0.17636334784602103,-10.146799792987593,1.8381074421362602,-1.4645793229335553,0.026292005963236376,-0.8996559036366948,-0.0227796593210871,0
0.108111573814126,-0.9518168794268939,-0.18046184654180622,-11.144777161396453,1.8240213754215087,-1.6509591122871423,0.02449281183520832,-0.9013777680214335,-0.024589037525823716,0
0.10495007144423975,-0.9555372146803457,-0.1856495659627415,-12.111489949261632,1.6571739216755121,-1.7911131819760568,0.022974183358380727,-0.90608269007407,-0.023863690527534898,0
0.10202448636621195,-0.9563513828054945,-0.18690987613302792,-13.021071598826508,1.3478834206061059,-1.8767295093208014,0.02222459653429511,-0.9116725821874787,-0.02171271401094927,0
0.10128834872899338,-0.9579463645116381,-0.18261611968528463,-13.799562948178469,0.9404349232169867,-1.9109393015953338,0.023153646718731158,-0.916843126576104,-0.01924156217996505,0
0.10351919117170535,-0.963784675249109,-0.17575370201297633,-14.404409896057231,0.5110146459395111,-1.905634902541726,0.025500637647450235,-0.9220949124875965,-0.016523581566526918,0
0.10725584866537302,-0.973798382400124,-0.17016148423022254,-14.87270963134808,0.1339144785161004,-1.8697192202026645,0.02733904705382834,-0.9288091431475805,-0.012962823869984005,0
0.11009472167706562,-0.9853837759290985,-0.16764436592418258,-15.285557950220852,-0.1587686647221852,-1.8095914343076225,0.026831054272562806,-0.9374539929216655,-0.008765259081840077,0
0.11088324525761588,-0.9959405559550154,-0.1681128451927363,-15.685857113773693,-0.3750947581616659,-1.7507224705821232,0.023910489909261902,-0.9467935774851899,-0.005496181694921729,0
0.1101013585011563,-1.0038508936784247,-0.17016312039633502,-16.036382133906557,-0.5163604879313626,-1.740760288952758,0.020060533131840693,-0.9547970618664539,-0.0047225859500125335,0
0.10864710070212515,-1.0088614490128531,-0.17134612690733608,-16.24964729204067,-0.5458690366374545,-1.804396708907727,0.017334496782336714,-0.9603142820339924,-0.006311403690314043,0
0.10738706112184468,-1.0124375225715174,-0.16995437618232104,-16.244447982237936,-0.41578017791346816,-1.8972146708145374,0.017763492672877884,-0.963988194986807,-0.008398724113831055,0
0.10776837663544024,-1.016423221472046,-0.16716199611936994,-15.986482216164122,-0.11570793716793457,-1.9285220209821627,0.022413259476462874,-0.967502446704896,-0.009059535202867884,0
0.11122418976376597,-1.0209783238398202,-0.16592049248175084,-15.503620956391508,0.3161473788532078,-1.8424494529922233,0.029954221344612158,-0.9719118745958167,-0.008018741984392223,0
0.1169759422500926,-1.0249912956637435,-0.1674789401829575,-14.867363759013019,0.8179926422788321,-1.6715103374260198,0.03676660154702772,-0.9769510274400108,-0.0067550602286850295,0
0.12167017432574088,-1.0283125859106799,-0.1705375091439382,-14.15004957832787,1.319789608645885,-1.5073664748023206,0.03977752679310991,-0.9818735919044452,-0.0068559924677602715,0
0.12277958830028782,-1.0321013819648588,-0.17362079338172534,-13.401901320749202,1.7393007265471363,-1.426810023636516,0.0393548291642769,-0.9863409150292409,-0.008340267613163099,0
0.12156492177512133,-1.0368940612740953,-0.17596382423071125,-12.661070197560262,1.9951339429438772,-1.4499782619178232,0.038455268452303695,-0.9904773486363345,-0.009678386805928836,0
0.12073716309947154,-1.0415680080334815,-0.17619864914482034,-11.95650204884196,2.046810500448567,-1.553353720884719,0.03862348483764683,-0.99477835117772,-0.009192460245985523,0
0.11977523343798357,-1.0448284616807308,-0.1730778540169011,-11.29241231825361,1.9196355339578917,-1.6976792246934944,0.037853623134158396,-0.9999216042882836,-0.006299770171977266,0
0.11529799306798236,-1.0474267752320991,-0.16784930996907652,-10.651357745705615,1.6809094907823006,-1.8407026823414656,0.0333325662799703,-1.0059330483152111,-0.0019165751476711795,0
0.10642968179057806,-1.0522284254966492,-0.16352646099548251,-10.02012010021161,1.388473013394059,-1.9471897075674292,0.025562806099709377,-1.0118357357599836,0.0018782123995391823,0
0.09693581071272989,-1.0612067173308772,-0.1616318929440266,-9.403493721504315,1.0607734939411984,-2.0105424940504384,0.018164274780890676,-1.0169228584481933,0.0030350561119569324,0
0.09081631984437671,-1.0721394133835418,-0.16128712472739493,-8.822285393773038,0.693813566631352,-2.0686934477226306,0.013572384452373862,-1.021696137350124,0.0012041589943169798,0
0.08798839333057094,-1.0793569895720678,-0.1611596925837143,-8.312061918503842,0.30066408414515483,-2.184795066021131,0.010581988315189675,-1.026519473621482,-0.0017637862610148632,0
0.08553533927382174,-1.0789375695662493,-0.1609216152780931,-7.907979927595545,-0.07446277624974489,-2.3940137149644074,0.006714191217289138,-1.0303125947544047,-0.003484944298709941,0
0.08144535400190797,-1.0728840683250473,-0.1608104413174819,-7.608805094958958,-0.3791457013360309,-2.662630183691153,0.0015908561371511362,-1.0319569581983692,-0.0031462460767042164,0
0.07607327622744374,-1.067090426581302,-0.16062222697852302,-7.366091280465552,-0.5736802495825405,-2.9056513196868905,-0.0029230833203242276,-1.0320834249916957,-0.0016705566538607974,0
0.07137462521720174,-1.0653873164409364,-0.1600055762863574,-7.131906130485487,-0.6246485112510167,-3.0508870736360887,-0.004882010310420415,-1.0318312887550185,-0.00036970865654799474,0
0.06981756107244222,-1.0668589110893298,-0.15996857957481717,-6.916811772558938,-0.4999279234952184,-3.0895707317233825,-0.0037374287600667865,-1.0304920389695809,-0.00016875042205045373,0
0.07302134387395112,-1.0684856474625937,-0.16264876484681126,-6.788030107132653,-0.19164071736050362,-3.0705927475788735,-0.0005291880013642762,-1.026264206097907,-0.0016336375367088562,0
0.0801275613080094,-1.0681094155552515,-0.16815335754903477,-6.813702201807241,0.26094071541959185,-3.0481069159937335,0.002668604853380588,-1.019240850914874,-0.004634384143101085,0
0.08801063387116523,-1.0647158189272037,-0.17294218792922175,-7.014373628342219,0.7861717662021402,-3.032285166493431,0.004220069593053224,-1.0119140344769986,-0.007955074303051429,0
0.09424844454224643,-1.0583712172920023,-0.17360754828265806,-7.353933928912101,1.322634768749943,-2.9936466020558288,0.0046045355855189206,-1.0064460994862212,-0.010101851247589206,0
0.09930920324256919,-1.0508287533812408,-0.1714855864013085,-7.765435472069963,1.8498368598895705,-2.9179443765772426,0.006319953490065839,-1.0028099564902135,-0.010678552853417617,0
0.10490884077687576,-1.0449544208557988,-0.17076125969890538,-8.195036242756714,2.379838537754884,-2.8447301371291647,0.011592460765615435,-1.0000608279538363,-0.010382212198962166,0
0.11129406526095167,-1.0432518290466402,-0.17211799803237815,-8.624418645497702,2.9148295053918694,-2.8389535114748563,0.020227137409625347,-0.9984593596489115,-0.009645149768436315,0
0.11710953243653008,-1.047010875218488,-0.17168383747061203,-9.043694291495155,3.4110034921456296,-2.9334694870951608,0.02989661710121387,-0.9995513615377579,-0.008072028335907002,0
0.12097065625586789,-1.0553300373834889,-0.16750714185434085,-9.41977493178475,3.79063919012722,-3.1132964136922934,0.03819864266132343,-1.0042533591428766,-0.005521561481648235,0
0.1226240783082564,-1.0640538714035215,-0.1636139413610725,-9.720022672814904,3.991594296033016,-3.346590060823268,0.044011012396319195,-1.0114231730573278,-0.0030310486392427123,0
0.12326059877701194,-1.0676836538473116,-0.16483828491874805,-9.958455275845356,3.9979739263543967,-3.6141016409607256,0.047373870380973085,-1.0185298349420873,-0.0019472955553483733,0
0.12450596980772623,-1.0645143279002804,-0.1698815323878328,-10.185824462408815,3.824066098109445,-3.9119172444108794,0.049067275787399285,-1.0233109501391906,-0.0023502215643940927,0
0.1263677418476212,-1.059106556956218,-0.1726088837954642,-10.428421882460535,3.4889709421932342,-4.236689705808179,0.05012555688830411,-1.0248433191860316,-0.002981334290241926,0
0.12665056101760067,-1.0578044632204784,-0.16920576592835856,-10.651725774510028,3.0242523356543023,-4.568437109005473,0.05062944697893933,-1.0238773794797316,-0.002746101319491172,0
0.12318322123517103,-1.0621193112624112,-0.16170600872484348,-10.779158883346804,2.492021816021744,-4.865987520055507,0.048925081072353535,-1.0223251746353792,-0.0017899197271489418,0
0.11643012219659656,-1.0680636051842691,-0.15523065621280166,-10.729774979429962,1.9663904843941113,-5.081414857637624,0.043231610864968774,-1.0218729636072308,-0.0010588033680993408,0
0.10940515595235031,-1.0715618390004142,-0.1537909333191137,-10.448087915975513,1.4946829367444407,-5.178399931301728,0.034404873147853135,-1.0231348050267062,-0.0013318102444848364,0
0.10486686536376107,-1.0724267244887573,-0.15821940037569504,-9.932091446196461,1.094222782832755,-5.137748612745103,0.026036597844656367,-1.0261095659554222,-0.002998558291079175,0
0.10283556914258841,-1.0725418203449946,-0.16609459418607214,-9.252256022867263,0.7825883018881605,-4.955852571074519,0.021147594548218906,-1.030260892744025,-0.006447218439377068,0
0.10130690239012853,-1.0720142813402866,-0.17345191016200487,-8.530809741611503,0.5847147457245039,-4.649348584032511,0.01953986679820159,-1.0334162348831901,-0.01204872974544162,0
0.0991690564457136,-1.0687848523601426,-0.1778579409811066,-7.88017519176486,0.502791336839036,-4.258855244960209,0.018965942964419308,-1.0319372637189823,-0.019515973667875507,0
0.09748262236119183,-1.061856520658175,-0.18028328318248765,-7.353428578290175,0.5013752204175747,-3.833860641308666,0.018100421231719937,-1.023848420260732,-0.027455342141292905,0
0.09792716402128102,-1.0536412082843127,-0.18378719208724195,-6.950963978637713,0.5391525279888527,-3.405074578815756,0.017684879530456624,-1.0117560214582026,-0.03379310761269779,0
0.10112780039841172,-1.048063677141242,-0.19025631671861362,-6.656284225151979,0.6047261374630637,-2.9762005075118805,0.019314474561882358,-1.0011919107735405,-0.03697428244383765,0
0.10660486426446171,-1.0464449724955522,-0.1979448479009172,-6.44636705269893,0.7078598662698355,-2.5504607520698124,0.023661908805500724,-0.99572336259526,-0.036948095980808275,0
0.11327232522900157,-1.046404529903961,-0.20222715415587247,-6.281160954376086,0.8449443531141639,-2.162761914622457,0.02968337600386927,-0.9947567871741718,-0.03489084280689003,0
0.11983997422073045,-1.0454528099541112,-0.2000341054480163,-6.121599525665401,0.9861146976714725,-1.874005305259228,0.03547069139955721,-0.9960640768481674,-0.03227992970202462,0
0.12548659398392795,-1.0445892010057825,-0.1939788290484218,-5.974113898272493,1.089298780993323,-1.7273721712499182,0.04001577682305028,-0.9986177685517981,-0.030580860330582497,0
0.13016878927314005,-1.0467712960104711,-0.19041483540113655,-5.893439148393232,1.1150664587420425,-1.7153081475359462,0.04384210497610873,-1.0021338126860257,-0.03084360854729626,0
0.1339562015953048,-1.0521060093253118,-0.1922594629537101,-5.917714780810078,1.0332976034906274,-1.7918235713086659,0.04773416139742798,-1.0054416378619975,-0.032460381243008825,0
0.13630362477851007,-1.0566035631689936,-0.19535126398012964,-6.012225040208559,0.831377086894028,-1.9104798432933694,0.051456837322248726,-1.0069392366519223,-0.033120406407649246,0
0.13639443475122418,-1.0564563535718352,-0.19376290148004816,-6.095322555214832,0.5240122704342277,-2.047202711273534,0.05414759545949424,-1.0062438356670989,-0.031327945466818864,0
0.1344573861343223,-1.0519912212828506,-0.18733335672593157,-6.105651592600353,0.1522575234120237,-2.1918236711808046,0.055365906199299604,-1.0043222571810728,-0.028487344363505543,0
0.13229864484033435,-1.0465427279266706,-0.18120960099243294,-6.024540093626616,-0.23256500433539476,-2.3266266189847133,0.05515742623138645,-1.002206471278787,-0.027241202843983174,0
0.13146491215776535,-1.0428189139573099,-0.17878149040422497,-5.853641415995118,-0.587929161921303,-2.421718264733173,0.053605872170649715,-1.000321464217583,-0.028016702303341537,0
0.13113707018303458,-1.0414161043598578,-0.17880430112904763,-5.610229734388859,-0.8863544617029891,-2.45392632117134,0.051057955672340324,-0.9987086892562426,-0.028687568193511235,0
0.1293200370676007,-1.0418457235722365,-0.1798796586492042,-5.349668314081488,-1.1076788995518339,-2.425105255826291,0.0484066770950056,-0.9970108067394311,-0.027965431888611177,0
0.12596419917033236,-1.0434403781526105,-0.18359175924861224,-5.163663819505459,-1.234257519531736,-2.358218399023186,0.04640181512633641,-0.9943993548474245,-0.027564349239612165,0
0.12331887080449622,-1.0448762961563867,-0.19098330429847366,-5.132068163524226,-1.2597771164560434,-2.2794339924973497,0.04485392047310946,-0.9903660369924584,-0.029923579939085142,0
0.12301787905822768,-1.0437864713869243,-0.198842667627476,-5.271669672339001,-1.196943110407421,-2.207342572956134,0.04297686739635982,-0.9856085548998264,-0.034923732375508366,0
0.12407363420436315,-1.038503564555551,-0.2024668972256205,-5.532387502758236,-1.068956355424969,-2.1533549576467808,0.040334063803030444,-0.9815427849047884,-0.040162019826059284,0
0.12416932824551255,-1.030709634205623,-0.2011588236444899,-5.839176633206574,-0.897650386511825,-2.1232897867045124,0.03722137040908586,-0.979003679889672,-0.043708582059344886,0
0.12198143187590907,-1.0245627735792793,-0.19892034586592663,-6.1369951645073435,-0.7058262350234108,-2.115741408788072,0.03437298345083891,-0.9778943101338339,-0.04539720961170342,0
0.11782317102541218,-1.021901810052133,-0.19996107968706048,-6.402687753227945,-0.5221055379014131,-2.1191559948350376,0.03255890408881321,-0.977845107947362,-0.04601410418368367,0
0.11330368300642424,-1.0202803174627164,-0.20486819834345155,-6.624834174511036,-0.36775814982243077,-2.1119101816635677,0.03239862110936226,-0.9784888782883496,-0.04644357073170117,0
0.11123316500574601,-1.0174517912487995,-0.21103667782917018,-6.78597956149575,-0.23842959454717844,-2.074125652815011,0.03417334965909125,-0.9791081627197084,-0.04743529828801093,0
0.11421780248164524,-1.015428357676197,-0.2156750738643875,-6.873925736630915,-0.1133156072080311,-2.0099131515156583,0.037349564979229435,-0.9788192362596065,-0.049216543502794814,0
0.12147556915268667,-1.017334942477049,-0.21797546586425334,-6.903472142290293,0.01067848028857942,-1.9560918114444463,0.040394061029665064,-0.9775250195476141,-0.05112843108397169,0
0.1280012580771008,-1.0217809939536822,-0.2187524488854983,-6.9092438277721,0.10228258402867782,-1.9574278841300063,0.04180974412050239,-0.9761930521185015,-0.05221597659955644,0
0.12896372734030748,-1.0237881301072276,-0.2187816964678672,-6.9083881794365265,0.12156447821960677,-2.0265372825961747,0.041670925841187374,-0.9756816408714246,-0.05233918888198136,0
0.1248830945298906,-1.0215882372905682,-0.21824877827185482,-6.877337914315901,0.059743314068940304,-2.1318817322807977,0.04158820298792619,-0.9756641363676328,-0.052211886262029286,0
0.12101981907682892,-1.0194993512037198,-0.21718797345758592,-6.774789831611228,-0.05276664411716127,-2.232719573947044,0.04280442179577026,-0.9753214386951443,-0.052219744947017054,0
0.12147052039278773,-1.0223121186616524,-0.21518397266639494,-6.58698868007492,-0.17784420205076515,-2.326356600304622,0.04472133797028321,-0.9747471553760774,-0.051751697347661975,0
0.12491594841819313,-1.0289836526247602,-0.21128357948453727,-6.344204427309261,-0.30443894098582813,-2.45262543281211,0.04556603760183794,-0.9748961349474367,-0.05001285152589711,0
0.1265045789819852,-1.034319395672025,-0.20580541454553625,-6.094492907062772,-0.4514383774823889,-2.6467420703650513,0.04411444789673252,-0.9763619392968307,-0.047264040117435076,0
0.12306429988913452,-1.0353632262297672,-0.20169063821814023,-5.873604692855732,-0.6419228640343582,-2.8938737074238152,0.04051326569272428,-0.9789270747190025,-0.04499294145342953,0
0.11580161893358543,-1.0334780128352141,-0.20208335602224506,-5.704708648730763,-0.8790012091088222,-3.1365453609432543,0.03589244228111354,-0.982150895428674,-0.044679694965582765,0
0.10836649697673013,-1.0311787133811408,-0.20637693378999297,-5.604746431024438,-1.14241725729072,-3.321096901967715,0.03159724524904781,-0.9857374490824318,-0.046340473712376505,0
0.10332350102145203,-1.029666473664749,-0.21041882788225097,-5.5610480759207075,-1.3992092820242066,-3.426446846334495,0.028428472528172426,-0.9892652523228567,-0.04860695068463733,0
0.10086934830187529,-1.0294122028175714,-0.21142872953055628,-5.5070775487726795,-1.613866173425942,-3.451656411387204,0.026186752128084294,-0.9919656583342074,-0.05047297271855529,0
0.10014703992865141,-1.0310498246924993,-0.21127760931989106,-5.358679955532041,-1.7559544297653495,-3.399062969965541,0.024182161589396817,-0.9931303412266441,-0.05250341025972235,0
0.1006585519844205,-1.0346186789941887,-0.21356665585264015,-5.092458783604389,-1.811152495250894,-3.2852899150739017,0.022398844555090402,-0.9928182212650705,-0.05576108698548043,0
0.10224084507806774,-1.038316018556187,-0.2186082027160639,-4.768874519618229,-1.7890474853734937,-3.1513726698643163,0.02181643764657359,-0.9917660311056101,-0.059867158328674897,0
0.10460023461464106,-1.03906708909279,-0.22349724558224263,-4.462569122550267,-1.7115351176936158,-3.0379412834892903,0.023353275163509428,-0.9902762967567691,-0.0630146061067338,0
0.10753533905688893,-1.0353571232903769,-0.22679808535151957,-4.1885363580811426,-1.5872849542759735,-2.955891613574303,0.026690877513327157,-0.9876926582466717,-0.064049564191987,0
0.11113733996994453,-1.029337760393156,-0.2301866489423787,-3.91742562975491,-1.4041243220330635,-2.895318199344,0.03034034941098977,-0.9835607009145368,-0.06368726699241473,0
0.1153803080990684,-1.025119595548047,-0.23435554514404688,-3.6451728384466016,-1.1566475006393662,-2.8539134944322475,0.03294924059624129,-0.9788870413697314,-0.06322765725774089,0
0.12006144991980945,-1.0248269521337183,-0.23605692113193968,-3.4107971662852976,-0.8818633330127693,-2.8437914041385675,0.034563536378273134,-0.9755090066330683,-0.06287178655736636,0
0.12501071028243102,-1.026863511103422,-0.23155886124127056,-3.2422377888011296,-0.6571465144429216,-2.87843340868608,0.03646896019395753,-0.9743670331423107,-0.06203104306244215,0
0.12929031834579738,-1.0280332827544005,-0.22163664594486085,-3.115711805950534,-0.5526057296536189,-2.964689857097064,0.03964618239663056,-0.9750045441761063,-0.060619416897065306,0
0.1306525586261312,-1.0269810733491702,-0.2111364446288767,-2.983520191363451,-0.5856677689839062,-3.1033723396144097,0.04343085434647477,-0.9766537002715321,-0.05902269475937409,0
0.12761912927278635,-1.025348031006784,-0.20445755591042214,-2.8216033378353593,-0.7258832265422049,-3.2874523726706992,0.04580692517031841,-0.9791086557145139,-0.057176413088063927,0
0.1222225324897213,-1.0256828559094175,-0.20300131168031416,-2.6358694613717226,-0.9380190492060848,-3.498377313398214,0.045103977771911496,-0.9823708396695168,-0.054789291426173094,0
0.11903004880879678,-1.0288307458438413,-0.20602672509769285,-2.4417199755973873,-1.213340849375384,-3.7103530410006664,0.04157656973637684,-0.9860267896280762,-0.05235663603020173,0
0.12073518168232945,-1.0337104380466549,-0.21163964986857967,-2.256599460616758,-1.56412920506949,-3.90426094725167,0.037419164668693536,-0.9894501311996724,-0.05094278218601104,0
0.12538305955266052,-1.03898688511768,-0.21675328643012748,-2.100930791535401,-1.9948562918013593,-4.078338775348301,0.03500390904430325,-0.9925271314232857,-0.050974909139431035,0
0.12830728842140793,-1.0441971974741213,-0.2185022915426179,-1.9862972507661414,-2.4753503731984767,-4.241362571166252,0.034823764007841776,-0.9957966314947313,-0.0520151965576274,0
0.12656956662225705,-1.0491621715684518,-0.21723267823800524,-1.8981958072266734,-2.937363747694618,-4.394828745570003,0.03528924259956573,-0.9995403672213453,-0.05354732093936225,0
0.12145048449348042,-1.0525811840214567,-0.21663282322027771,-1.7935809625415282,-3.3011597584786374,-4.527452191939067,0.03472994554081593,-1.0027965616877348,-0.055196044042153634,0
0.11661398310882828,-1.0520204865620464,-0.2191456807573,-1.620651810510766,-3.5134379397420528,-4.626794972755043,0.03318025844288096,-1.0037647551647122,-0.056273042647650706,0
0.11401918258574589,-1.0464984206441708,-0.22218941529918224,-1.3535786901007834,-3.5657799015662257,-4.68705595609921,0.03176801276780772,-1.0015935856169929,-0.05600317393088746,0
0.11257772986531953,-1.0391096560708983,-0.22123210297423856,-1.0195044205371329,-3.4816316910049276,-4.705211312869315,0.031004928998713363,-0.9977198032647947,-0.05458609429232504,0
0.11138978749061036,-1.0354440428879927,-0.21652715098556288,-0.6902436785940205,-3.2910546608683555,-4.682731634943211,0.030676455385129885,-0.9950489687516175,-0.053447730721231226,0
0.11258519103298809,-1.0380526932083203,-0.21362028952100737,-0.4387975539146879,-3.018995152364318,-4.6364962805626835,0.03109654934009815,-0.995343039021258,-0.05387192269893817,0
0.11852537275521734,-1.0430914794282653,-0.21582016815290378,-0.29889665388730896,-2.6889345901028063,-4.596959782572832,0.033246019090399766,-0.9973308400860542,-0.05572351465887027,0
0.12688346278185764,-1.0440536603576367,-0.2197117151475505,-0.2615609048850912,-2.327891331292182,-4.58681794186919,0.037328848886257426,-0.9979146954724087,-0.05790301860283023,0
0.13183768878781943,-1.0390832807925898,-0.22066907977294575,-0.2969025485582814,-1.9676649014158387,-4.606834707054645,0.04198862525188206,-0.9955461625797103,-0.059534982990887664,0
0.13112596943539387,-1.033207073443407,-0.2195054438430481,-0.3685368592952899,-1.64210547184117,-4.648254329098202,0.0456131723422136,-0.9918751968224652,-0.06035685208966765,0
0.12906895459403692,-1.0326306036479151,-0.2203398631405697,-0.4386145826395061,-1.3769530799964138,-4.712481079024416,0.04813833245288454,-0.989728268591243,-0.060501006591390606,0
0.13064204359260653,-1.0378276070392198,-0.22399419016468322,-0.4825108127590396,-1.1793996037499057,-4.810199171030651,0.0508603726708623,-0.9901379597759542,-0.060165027093005044,0
0.13493092818139876,-1.0432700329643583,-0.22694528582245493,-0.5069205100675978,-1.0408592254496254,-4.943652239664237,0.054493810183169275,-0.9918400270318356,-0.0592170802811544,0
0.13746687983196296,-1.043789481405005,-0.2265210000334911,-0.5434759263752561,-0.9482111371555952,-5.097642563371483,0.05824364676185923,-0.9930143301961655,-0.05735503831461772,0
0.13737534784885277,-1.0400994164585984,-0.22436289125807563,-0.6132419923637062,-0.8886862787607389,-5.251349589451802,0.06095709022710386,-0.9928996740223605,-0.0549594160613333,0
0.13820712751979575,-1.0369769676683172,-0.223440249686442,-0.6985463642210251,-0.8490476104352693,-5.395162596614437,0.06230031634412707,-0.992122681996288,-0.05322500135459464,0
0.14190113702904655,-1.0367218314433684,-0.22333442854757218,-0.7611366277448767,-0.8175250934747879,-5.5288495527015575,0.062470351784220515,-0.9919463969478187,-0.052925325032479625,0
0.14561166002495296,-1.0368599103161802,-0.2209896715476384,-0.7884263609110534,-0.7881686049634323,-5.645469031623265,0.061481847757439624,-0.9930253239298087,-0.05355270454771468,0
0.14531842560443495,-1.034964707393925,-0.21598116206361367,-0.8043453305632521,-0.7638943525011958,-5.730619850690777,0.059169760708013,-0.9947784397594049,-0.05419983369552186,0
0.14019861782267534,-1.0330372594500543,-0.21214513862544285,-0.8308402070923063,-0.7544263046832159,-5.780467222922774,0.055577738178984655,-0.9962255183366318,-0.054712901026149376,0
0.1328740367643445,-1.0348047491809258,-0.21263052864261536,-0.8613748694952582,-0.7669126271369899,-5.80558013951441,0.05103766474731772,-0.9972071088320233,-0.0552773561202482,0
0.12680978860574083,-1.039934992006843,-0.2158497207265876,-0.880366603438814,-0.8005293874191544,-5.810814342458193,0.04583800735742365,-0.9981058859255301,-0.05540547362467978,0
0.1234744295552032,-1.0436322879302682,-0.21835024604362452,-0.8821557352074729,-0.8559409205056657,-5.784287952391015,0.04000703230346032,-0.9985014909126013,-0.0543103108903163,0
0.12122064695238223,-1.0426051848043913,-0.21900742830687284,-0.8545872620633237,-0.9408824847622747,-5.712268752502363,0.033704694827684845,-0.9970669567394397,-0.05214107772034526,0
0.11739240966051542,-1.0394613755114588,-0.21761624938668567,-0.7679868783210617,-1.0504198350148461,-5.595205108638606,0.02768236181455864,-0.9931466589025567,-0.05008142015047655,0
0.11176289779691984,-1.0390495372129394,-0.21275389559793736,-0.6078070124713336,-1.146345426969923,-5.446738583941437,0.022937480416437023,-0.9879233537750033,-0.049286762911585257,0
0.10699760961390536,-1.041283343666643,-0.2055826294101586,-0.41100238320078386,-1.1743278133534396,-5.287903314332304,0.020028041319952172,-0.9836673794643328,-0.05023895449577711,0
0.10559465375844428,-1.0408596603528149,-0.20274473173716334,-0.24609431385498637,-1.104346567224001,-5.146294562266433,0.019039247663486133,-0.9818272868129583,-0.05281185366725107,0
0.10724792883341348,-1.034675079324915,-0.20952460201552606,-0.15251734576028927,-0.9472649428826428,-5.051484269654119,0.019919436523330947,-0.9817910459593348,-0.05624469159813379,0
0.10952368512012128,-1.0259643031879027,-0.22147031291862102,-0.11337938432941617,-0.7394002325869232,-5.021814883889473,0.022434700975379966,-0.9814461111905606,-0.059284120321641647,0
0.11074335280574847,-1.0195262851873197,-0.22819046230381412,-0.08887987536073841,-0.5242686560326086,-5.054517502631426,0.02597563007874479,-0.978997761359761,-0.061102260754747895,0
0.11191326886188704,-1.0160553832282995,-0.2253178668259801,-0.05546234180329476,-0.3433787004630239,-5.132772198697297,0.02982748637583829,-0.9743716578207565,-0.06197772703045763,0
0.11565342730931415,-1.0131201673021555,-0.2186888510293839,-0.002333260977007057,-0.22678498918500845,-5.246101836959006,0.033806954861992165,-0.9690795108068407,-0.06251408931003405,0
0.1231099058719742,-1.0093852675798012,-0.21633060282053834,0.08527185503986014,-0.18480374014747225,-5.402811683942274,0.03841956611745764,-0.9649217305289621,-0.062447509830389866,0
0.1321393674201652,-1.0059722404261957,-0.21965340548778528,0.20903688154558475,-0.20734337231978284,-5.616997704079345,0.04395567269492784,-0.9627899714156857,-0.06096152528558311,0
0.13899054432510466,-1.0046162127883598,-0.22416475834193017,0.3281155610719134,-0.2647137106824693,-5.881680471085392,0.04949953977386289,-0.9624735402192784,-0.05813196305135742,0
0.1419086251406606,-1.0057389007241115,-0.2264387216827788,0.37388367523968674,-0.3106307869823924,-6.160875962272185,0.053481247090529004,-0.9632577800059686,-0.055307861462392,0
0.1426744711892783,-1.0084599647957422,-0.22695067276326783,0.3082613105387901,-0.30355631969984337,-6.411767641755142,0.05534229948858478,-0.9645282810893369,-0.05375155709702836,0
0.14413506044774996,-1.011792244698457,-0.2264436873143796,0.16411843658200326,-0.23850892022276116,-6.610919353542947,0.05607846982702946,-0.9660137239052731,-0.0533850477908967,0
0.14639770184275616,-1.0149090437741277,-0.22373230841321765,0.023537199064782348,-0.1486763588479229,-6.759614663598561,0.05700446861724601,-0.9676426572367023,-0.053307168446107174,0
0.14638617838203707,-1.016502173944443,-0.21894336946536844,-0.04556744457850257,-0.0660610617058135,-6.870308293498157,0.05844004570477451,-0.9691218018041802,-0.05319761701751061,0
0.14199952450392062,-1.0153016212855783,-0.21562945167110936,-0.03478954714018353,0.009571880210457748,-6.945766326420438,0.05960650051663349,-0.969854780761551,-0.05358717825761198,0
0.1361442062508105,-1.011683270895983,-0.21705377532794487,0.016270235116195277,0.09180209811497364,-6.965857348338696,0.05937482417506408,-0.9695325695625286,-0.054819864926397024,0
0.1345794774441152,-1.0078655219821555,-0.22216612462263904,0.07078997409974419,0.16854525108721913,-6.90463030372351,0.05722995133979764,-0.968484414298822,-0.05642636274135945,0
0.13867604962979538,-1.0061461260445648,-0.22708131108772311,0.13329497215810815,0.20200014189694604,-6.772621949715873,0.05393784091881277,-0.9672166597976737,-0.057808220271815675,0
0.14232007019617177,-1.0072736159388425,-0.22955576055680196,0.24119983691426716,0.17093307084919598,-6.631450618899867,0.05108837550452435,-0.9660839104761955,-0.05908483963886333,0
0.13863114561262221,-1.0101728585679164,-0.23082189073115975,0.42086166137442393,0.1029183897651336,-6.549845300304288,0.04962057098423716,-0.9654444124559594,-0.0607679143344116,0
0.12891404814924864,-1.0127061214092719,-0.23294499913461778,0.6555887806473153,0.06266110401982211,-6.5527884494151305,0.04905003556849727,-0.9652564507143298,-0.06273608769055429,0
0.12178169797187412,-1.0132104038239362,-0.23489634533539983,0.8987906453475388,0.11142242103825388,-6.626963622272859,0.048412154283105996,-0.9644350796054497,-0.06406688329990634,0
0.12293429089069477,-1.0117462061262414,-0.23273457952527704,1.1093455881990477,0.2666318341646614,-6.761663050511795,0.04755010737906945,-0.9618251963158171,-0.06407981949602268,0
0.12885619197932277,-1.0093769469120748,-0.2247579927088097,1.2643654075859232,0.4831783826145042,-6.961563430411992,0.04699756045228385,-0.9582015983432692,-0.06313136337878679,0
0.13224111482192497,-1.006604852504794,-0.21494568425995134,1.3486818187989331,0.67377298350838,-7.225453949057111,0.0468938049809339,-0.9560983535773816,-0.06187634677583453,0
0.13102752822918445,-1.0037936836366688,-0.20923200163465527,1.3535949294674443,0.7651508770156804,-7.535001435765267,0.046831364750199875,-0.9570718851077918,-0.060025894312185545,0
0.1293206556135963,-1.002516035429843,-0.20910164350990973,1.2885251134643054,0.7488177848019664,-7.869872822663553,0.04694473134279659,-0.9600926315944422,-0.05681405212421063,0
0.1308270960557881,-1.0043675307702071,-0.21078890157566146,1.1822196139911416,0.6789983607045232,-8.224702267590548,0.04820162537604425,-0.9630901611495866,-0.052826359257747035,0
0.1344137768175479,-1.0083979719392222,-0.21051595410009666,1.0743397614818473,0.6192642091943957,-8.60520375211903,0.05084516866644889,-0.9651414131883057,-0.05018135969593004,0
0.13616920986197967,-1.0116797690389256,-0.20865170676971198,1.017005885837136,0.5890189897623769,-9.005455056407662,0.053223734059862304,-0.9666135509934559,-0.05027798971615205,0
0.13405969506936039,-1.012961626801272,-0.20818151711601227,1.0782272571381109,0.5518033507881499,-9.391067462950751,0.05330368893958245,-0.9680404274122851,-0.05212828543488953,0
0.13027071621830744,-1.0142697814593258,-0.21036290292259968,1.3212224015720213,0.4402473679768831,-9.713752767971025,0.05122273902993691,-0.9697547599723128,-0.05345466043513215,0
0.12925188745850721,-1.0181063506899117,-0.21301410819662797,1.7653679861771427,0.19134718174510812,-9.94703105801028,0.04935667987262135,-0.9721882751841412,-0.05299519734711765,0
0.13292164204857915,-1.0241163543112874,-0.21297611147254392,2.367330160129305,-0.22272289442667556,-10.10249790005507,0.04964918887473599,-0.9755384520087711,-0.05134850447082039,0
0.1379549949051785,-1.0294620908328171,-0.20958074845309035,3.0470330335289773,-0.7800695522363413,-10.211303229838617,0.05154643741706685,-0.9791398363219675,-0.049822163550641875,0
0.13886975008123817,-1.0318368984274264,-0.2053280385662871,3.7373282570812068,-1.424961589919585,-10.298589047851138,0.052858358814805106,-0.9818591528142729,-0.04901012585622734,0
0.13392536669522964,-1.0309963472585222,-0.20345508416556796,4.406135596487808,-2.101995180376715,-10.376795613889923,0.05222043047424407,-0.9830347573181254,-0.048725781275396285,0
0.12718372793949898,-1.0275177498918004,-0.20525818557222666,5.028463744172872,-2.7714119281742997,-10.454145347685005,0.05033233340942951,-0.982472439076908,-0.04885519122069023,0
0.12448936273495138,-1.0215927670273182,-0.2094667899281987,5.55331212029593,-3.396515584229513,-10.545593543693661,0.04889023617613751,-0.9798876576389798,-0.049627276708875734,0
0.12769027284296386,-1.0140747790046305,-0.2137037236317585,5.92288960714039,-3.934468271184752,-10.680814146171386,0.04869808471723518,-0.9751909921213948,-0.05108999937885611,0
0.13289755404491735,-1.0077115892204147,-0.2166565118538239,6.124500798109228,-4.347843871134975,-10.900912102184316,0.049142932374891535,-0.969183366232613,-0.052824806659470015,0
0.1344508045689931,-1.005340580053881,-0.21869419425060305,6.198597429751397,-4.618860211386401,-11.234709251662297,0.04925812673534163,-0.9632444783874,-0.05417994273984733,0
0.1305521409871574,-1.0063770386941435,-0.21999496165230464,6.186014287731934,-4.749550972813021,-11.66900002753466,0.04858050249113281,-0.958280728503342,-0.05437589919358752,0
0.12481559242201662,-1.0067831537017258,-0.2191171897854444,6.087341260615414,-4.752890920115364,-12.1461590149185,0.04701029664428506,-0.9544252402064218,-0.052522800939766995,0
0.12267907891671001,-1.003997680786696,-0.21467777952127234,5.885540209429214,-4.649223534308587,-12.597439548554394,0.04490434045840754,-0.9518273792968321,-0.04813999523532189,0
0.1269645085770482,-1.0007729962228908,-0.2074637227257911,5.588282842459871,-4.473833152312147,-12.981708508496508,0.04368777557371977,-0.9512353640769788,-0.04182154534604765,0
0.13637842456708132,-1.0020271846838917,-0.19973154299403786,5.2316200954255985,-4.2776520007810745,-13.29906057201134,0.04526553902455206,-0.9533377101813143,-0.03521380860287102,0
0.14691816456005533,-1.0082878977657248,-0.19338493952301153,4.855465226603842,-4.098922028782495,-13.575190541207961,0.049965783368699085,-0.9577244210767782,-0.030331929607606913,0
0.15431176641909863,-1.014519053832933,-0.18933897283411136,4.489428877226843,-3.9301258992474732,-13.831731952039807,0.055655649124722324,-0.9629931688939012,-0.028607456068431188,0
0.15604219853478724,-1.0159912589827682,-0.18740273024613924,4.154205706909512,-3.7343455134010446,-14.065910709111476,0.059599782515263926,-0.9677860824738949,-0.029898843714993417,0
0.15230646102133133,-1.0135476152254095,-0.18650817047071114,3.8655890736989016,-3.503852162612035,-14.25644663078951,0.06085805693806779,-0.9713262563667828,-0.032292271621308655,0
0.145820175306982,-1.0116637131021489,-0.18604509765179492,3.6352143119399027,-3.285054113795638,-14.387102520647337,0.06057849021182223,-0.9732117937680606,-0.03342622856109552,0
0.14071442396193662,-1.0122488430741396,-0.1865979358979724,3.4634385986354888,-3.137662287756166,-14.460760699885212,0.06062626510867039,-0.9733445337987634,-0.032271707752805634,0
0.14067869472993774,-1.012707222513445,-0.18818442516117542,3.32907797674941,-3.0826099422785065,-14.494043577679841,0.06235082238649958,-0.9720975089649031,-0.02958566495527399,0
0.14650526913225223,-1.0106092084495406,-0.1887669479818792,3.1975335550781137,-3.0877655928626226,-14.510250208371714,0.06594204774319476,-0.9700957803703156,-0.026921774491462935,0
0.15469848321691032,-1.0075957562555569,-0.1868146878892516,3.0516209841295954,-3.083618916181431,-14.5396486293618,0.07026014926018724,-0.9677498854840558,-0.025383821473383604,0
0.1598565623461556,-1.0067221952557055,-0.18474247090230927,2.907658437953661,-2.996709016951088,-14.610175726465593,0.07357668748334689,-0.9652823711070838,-0.02499332528642948,1
0.1599362393122648,-1.0080261080702508,-0.18664551840098523,2.7859495217226815,-2.7982691410461222,-14.723695180180941,0.07507000926856804,-0.9631662061504578,-0.025025905377195925,1
0.15860422865844112,-1.0091370249850558,-0.19232871984346642,2.6711839177680234,-2.5313239824841856,-14.846918797126117,0.07569747248649113,-0.9621315293789355,-0.025106612339804376,1
0.16112669143832978,-1.0088741780627803,-0.19684900787011564,2.523648707116895,-2.2744173249267376,-14.941492961860138,0.0773023499315109,-0.962495987567398,-0.025860612997149115,1
0.16829634034405555,-1.0080333919208047,-0.19692394570504257,2.330704432227426,-2.0721584714721146,-15.010175371053858,0.08066352358532254,-0.9635389122980194,-0.027998459908882094,1
0.1756168274781234,-1.0074529819513414,-0.1948159229945341,2.1289900487899445,-1.9083859790926616,-15.102578280999229,0.08467778526179537,-0.9637861942950627,-0.030778445137484248,1
0.17835380586698193,-1.0070495638375594,-0.19460332437049124,1.9752188958211598,-1.7403860639218327,-15.261818211474631,0.08768365065717156,-0.9623246096697535,-0.03224948336926916,1
0.17625060294364453,-1.0064979121024098,-0.19716133918906184,1.9070925665275131,-1.5412414733018103,-15.473573586887566,0.08913398137849333,-0.9599835252244179,-0.031610797323035573,1
0.17307660456325924,-1.0058022910318547,-0.20020609858713892,1.9231855806601819,-1.310340455476805,-15.682816366531469,0.08957874248004252,-0.9587761155866572,-0.03059429344237566,1
0.17244741870821761,-1.0052309284953589,-0.2013993864153505,1.9807948464934213,-1.0643207649075987,-15.848775941440508,0.08964305291822058,-0.9597802746402923,-0.031456599797018724,1
0.17471548441996904,-1.0052744824930615,-0.2002604175276675,2.014895783623435,-0.8280930866935119,-15.964862473395847,0.08978627278429416,-0.9618995981915148,-0.03399552824440832,1
0.1777065266711409,-1.0064457738332941,-0.19805257402911472,1.9779327401295514,-0.6218814630101618,-16.042515646735634,0.09062134037164048,-0.9632001064828964,-0.035825425726583454,1
0.17955122016512903,-1.0083950985380206,-0.1962982540912862,1.8785816131772366,-0.44232034260366393,-16.105166271529686,0.0923999006884469,-0.9631683255674608,-0.035550685441394246,1
0.1799269241174448,-1.009544953173863,-0.19533237510959653,1.790316376623639,-0.26103817439067484,-16.188321231297884,0.09399227624634143,-0.962918361455799,-0.0342892921883999,1
0.17897458789926501,-1.0085870381537556,-0.19494086767525026,1.811383223578178,-0.06129312484543216,-16.31649312835879,0.09320379618770006,-0.9632885369490821,-0.03373183067458429,1
0.17638209153301232,-1.006124409632202,-0.19585118567548637,1.9905158751789782,0.11859368918843324,-16.479645386217012,0.08877199090972794,-0.9637022857404106,-0.03405504237671331,1
0.1720355849181884,-1.0038980310464254,-0.1985139582555428,2.281877143335443,0.20179854404665917,-16.64701566079391,0.08191828348568751,-0.9631191957642814,-0.03447010728455388,1
0.16684172537993447,-1.0025598256089134,-0.20068409016357697,2.5861674828155237,0.1561579432034013,-16.79895920514935,0.07555828581784944,-0.9611661413509502,-0.034639692072828576,1
0.1622219084991434,-1.001161070882296,-0.19918200864492838,2.8411377555876207,0.051484708469867455,-16.93469441724025,0.07197970806943163,-0.9579545847999563,-0.03458037593397056,1
0.1590123583055981,-0.9989600068428378,-0.19473607112086266,3.061369930354137,0.010138478399253501,-17.059989614267398,0.07130279489579348,-0.9535858857507254,-0.03404628532201574,1
0.1572895397867841,-0.9965415485905834,-0.19228360004479744,3.292749917047903,0.09571875954965534,-17.183671554024247,0.07177842348228805,-0.9482538828062078,-0.032947581954429664,1
0.15662284540112684,-0.9940690516952287,-0.19507151741271367,3.5491147556042044,0.25598073491439177,-17.3185312334589,0.07133813760879947,-0.9423187440342539,-0.03191339484150298,1
0.15544696374756994,-0.989450001838167,-0.20026749742111336,3.8009429906369583,0.3685842813764658,-17.467114332642005,0.06935672462805442,-0.9360547233923917,-0.03187771327151341,1
0.1512293092842546,-0.980637577628543,-0.20167877862904482,4.009848218035668,0.3343237759456473,-17.611189304585558,0.06724865238451624,-0.929667852238687,-0.03313650966862895,1
0.14403337795361945,-0.9700124751043261,-0.1965522620169598,4.161308187744255,0.132110344134898,-17.735670063994313,0.06694519921071143,-0.9235509919616771,-0.034730391987045084,1
0.13954890147622317,-0.9633643242353973,-0.190009372081593,4.271665142415146,-0.202214025471249,-17.86457359017382,0.06871566329743423,-0.9181686507896443,-0.0349176544221821,1
0.14353840194908157,-0.9623330044165627,-0.1916424018369451,4.371515393090666,-0.6357889034081824,-18.057652154424947,0.0710410823540448,-0.9137220713668565,-0.03291520047834665,1
0.15150042445353254,-0.9611990728991321,-0.2046593212958724,4.472285936499282,-1.1656441529770754,-18.366063081977302,0.07256474305135281,-0.9101620159197911,-0.030238177901945787,1
0.15078369482894668,-0.9554788256701343,-0.21956463362882916,4.543000444185054,-1.7890685140699063,-18.794641253334856,0.07331675248991631,-0.9074329612562201,-0.02959715754852265,1
0.13815191053159886,-0.9498996532245716,-0.22297082490478637,4.536926745887779,-2.465906096020487,-19.30147877257523,0.07382182749211284,-0.905489397844005,-0.03210195265214114,1
0.12814199520288855,-0.9509216654873354,-0.2115043785609586,4.451924943586073,-3.122074596715949,-19.82619218066496,0.07397350507597132,-0.9041312323400623,-0.035951411598284716,1
0.1358233426025667,-0.9549626991592213,-0.1938673121356565,4.3462450459060005,-3.6845248207990293,-20.325636930725608,0.07356336594561223,-0.9031011318492244,-0.03834842740449494,1
0.15701216970167042,-0.9526331497531819,-0.18258549081005024,4.279407041444695,-4.107919155340478,-20.797696894259374,0.07340707898440166,-0.9024565163699346,-0.038505741767883565,1
0.17450765311159522,-0.9417020991827654,-0.1864175533849317,4.250926189760431,-4.377397722309219,-21.277140934705546,0.0749492180758978,-0.9025292491123162,-0.03807466434300862,1
0.17902413846578408,-0.92786769277769,-0.20555174868298162,4.212157114677245,-4.50185659055348,-21.803798327728114,0.07853783040744586,-0.9032248028212304,-0.03863208750180777,1
0.17524756189135454,-0.9166329730342699,-0.22985449203610914,4.129013585309732,-4.515571961742726,-22.386176533784194,0.08268666881173099,-0.9036261804161831,-0.039856819733751984,1
0.17116687148947746,-0.9121147370366828,-0.24457146553468798,4.017903895486451,-4.484699152486325,-22.989805925717995,0.08559843254368128,-0.902678832356584,-0.040704648051026984,1
0.16999436694165418,-0.9184294065929282,-0.24147735773453474,3.923820971213682,-4.492847606516346,-23.561823814760366,0.08728952366875134,-0.9002021548409558,-0.04119750765190563,1
0.17194050145811884,-0.9332217275499193,-0.2251613624900581,3.8789842935214076,-4.5961171673701475,-24.070895363245846,0.0897169581190804,-0.8969331575369018,-0.04194353374976095,1
0.17732966912525036,-0.9441677823071832,-0.2086204926021487,3.8896602533918068,-4.785857024092747,-24.52110177235314,0.09469434134952724,-0.893456378929572,-0.04272256919674019,1
0.1851039029407894,-0.9405695011070458,-0.2035611850603704,3.954718166830821,-5.003502518203047,-24.92620546996915,0.10186959753672117,-0.8893592020891391,-0.042967475629290174,1
0.1914437319073194,-0.9260955469125599,-0.2133689606288672,4.08100049591956,-5.1940481841501684,-25.284554745785513,0.10880025774389393,-0.8839801319353671,-0.043194635057391385,1
0.19339240010962527,-0.9138820706310445,-0.2311760793950613,4.269352068692522,-5.345948532405394,-25.589836382491253,0.1130030094374167,-0.8779187800145695,-0.044302305376113967,1
0.19268500795397936,-0.910922731300501,-0.2440514264688241,4.491936376916586,-5.4941542906316245,-25.847215345490543,0.11391479269694327,-0.872744829198562,-0.04552323824798397,1
0.19357537573437075,-0.9124066356982735,-0.24264615458786346,4.701842161924633,-5.697122025936688,-26.05533618640117,0.11291942454209278,-0.868693076392524,-0.04487819433887425,1
0.19762840541355112,-0.9107536787080392,-0.2277691998239155,4.8691652227756075,-5.995836713693017,-26.18663821897258,0.11189416018246105,-0.8638185997914354,-0.041946605609353434,1
0.2022260596282436,-0.9050307243848447,-0.20744670910734803,4.996057496061972,-6.370391527223747,-26.216303259517584,0.11203294963020927,-0.8566461757254589,-0.03847208763535367,1
0.20400672805249298,-0.8989851368510254,-0.19098799525088206,5.1001501041321005,-6.737280743253652,-26.170972624771732,0.1134949971448628,-0.8490731291831549,-0.035891958523525835,1
0.20287658411770076,-0.8934832918496989,-0.18649983912289814,5.197620757014993,-7.00878711306589,-26.127494942198403,0.11532523619548003,-0.8452764870773625,-0.03405151289036144,1
0.20179910987406058,-0.8863090817252625,-0.1973535999145797,5.288884965632614,-7.162392313811148,-26.156763293190227,0.11591878400268109,-0.8474734974927198,-0.03282906949278803,1
0.20249699478514557,-0.8792491146790827,-0.2163175647619801,5.333369507367035,-7.245228052792531,-26.277329565718695,0.11458111367030123,-0.8535227863204735,-0.03320021096064833,1
0.20299378368524437,-0.8795535267942651,-0.22812612508360838,5.247530860375,-7.310441932438317,-26.465970069910167,0.11265136128964373,-0.8591799855595054,-0.035759588434270705,1
0.20089254282181665,-0.8912890651182839,-0.22397460317914267,4.964706660717498,-7.3607471501184865,-26.700350037653642,0.11209602497679934,-0.8623936522449809,-0.03938935196438324,1
0.19755172272654445,-0.908843691343795,-0.21097338168893193,4.513570747051267,-7.362255436993722,-26.97790943854479,0.11309471178176525,-0.864941908663306,-0.04222520130323389,1
0.19662832093395247,-0.922399235256862,-0.20303171013440416,4.029806515601903,-7.3042926934977315,-27.299957995161762,0.11413082178663683,-0.8699398819407218,-0.0432599228616391,1
0.19936384479027028,-0.9280984834597392,-0.20537062246156715,3.681719863864865,-7.227383515997032,-27.657669600127573,0.11426161793070051,-0.8782418321247469,-0.04258498651129146,1
0.20360288154489853,-0.9306409170760455,-0.21121929669227646,3.5727890806973295,-7.191235307641952,-28.038737559604503,0.1139605317509904,-0.8875912563789294,-0.04076824717117272,1
0.20675062797446508,-0.9366286619381645,-0.21086713390521197,3.694264470023234,-7.234155515336832,-28.43550994178521,0.11367338373747224,-0.8949753056163543,-0.03851455115782797,1
0.20761962218010496,-0.9463029330493022,-0.2021183301128479,3.9549258088535266,-7.37145198779771,-28.845018537486652,0.11287845294393758,-0.8992389367450807,-0.03658681266482149,1
0.20614185193191917,-0.9521150064007234,-0.19353680563538847,4.262109011151532,-7.612789825638609,-29.274031160565293,0.1112215160610349,-0.9013435329757973,-0.035626263536602414,1
0.20340006435421012,-0.946681555930539,-0.1960225486231492,4.590814508021048,-7.953597338226737,-29.746681824782524,0.10987710892785786,-0.9025712272769241,-0.03588613895986334,1
0.20159303946173615,-0.932405000418639,-0.20902728782382424,4.980958987148645,-8.342173175811661,-30.296482529087122,0.11080492918749255,-0.902819322498584,-0.0369334346594473,1
0.20220642979779213,-0.9203450037302966,-0.21913130556827048,5.469328185596481,-8.673708110679701,-30.942976845785562,0.11436798007560713,-0.9004874707060904,-0.037592074727672016,1
0.2043330726659096,-0.9179473722929291,-0.2159792548857426,6.03385616799023,-8.842700176356228,-31.671142558963847,0.11821877951759374,-0.8939204187078906,-0.036708055859956755,1
0.20610725640700697,-0.921193522421061,-0.20448952850087732,6.6046727263730585,-8.810767737545381,-32.431793525304734,0.11929824316167822,-0.8833069214840173,-0.0344606033917956,1
0.20738390251524133,-0.9209218247214334,-0.19654157801567637,7.110269757222166,-8.61911613616491,-33.17086277904615,0.11711888979164661,-0.8712721380698022,-0.03266917167207515,1
0.2093972329404045,-0.9132980875597041,-0.19643019538315404,7.503062720748673,-8.338777498086205,-33.866241232703416,0.11450582380651173,-0.8611028163696341,-0.03333781416333914,1
0.2119212969040118,-0.9018600610323609,-0.20041447053083422,7.756002393581899,-8.017258311765616,-34.5334470555768,0.11450171788432568,-0.8541586053345112,-0.03694800612240563,1
0.2125344256958791,-0.8922926985799989,-0.20511514075320997,7.854897885820643,-7.666599977365527,-35.19492826726778,0.11679756740199584,-0.8492378957260255,-0.04227773070732216,1
0.20945923480499645,-0.8872521857536446,-0.20941518433057227,7.803753632221069,-7.284796800203586,-35.84702943662341,0.11804042354560328,-0.8443191316378698,-0.04753689439538898,1
0.20432435028908796,-0.8849263721477796,-0.2114215104786985,7.633270489105599,-6.8778607749581715,-36.45234813946534,0.11572742999551237,-0.8385995614409235,-0.051516886858363066,1
0.20098229272059734,-0.8817078756475628,-0.21001591251521298,7.383435864386314,-6.460044038064414,-36.9616238538423,0.11093590937040201,-0.8330157338911632,-0.054025462415679286,1
0.20116425262345217,-0.8765424793292832,-0.20845130108288484,7.063163848280234,-6.034773361434127,-37.35370012512732,0.10695146451764198,-0.8291842715903807,-0.055524771082275354,1
0.20230194274267452,-0.8723731317087633,-0.21144529858798888,6.645521469542426,-5.584611149336991,-37.663606787310314,0.10597932178562304,-0.8280828705277041,-0.056379940680819106,1
0.20092231362207735,-0.8729473857399193,-0.21822559691473528,6.131188498257845,-5.096176810176861,-37.96667304187979,0.10744694550392608,-0.8297193292923556,-0.05654292976263446,1
0.19722860460718122,-0.8788120720260737,-0.22225646825589684,5.609709399957085,-4.599911642925899,-38.32367929331994,0.10875913854072942,-0.8335710328134538,-0.05597069945537856,1
0.19429756955599944,-0.8872168160543665,-0.21929597647298024,5.219478777190452,-4.171398105836014,-38.734703688052484,0.10743494554706823,-0.8387591065290531,-0.05508869247355953,1
0.19337692140426505,-0.8952805513560814,-0.21279743591910247,5.026072918478236,-3.881050540940238,-39.14790405493915,0.10318860224853077,-0.8438937648404035,-0.05464956580600407,1
0.19249836053790675,-0.9014054439546535,-0.2093440245357283,4.963755795565077,-3.742595136845638,-39.51699781621506,0.0983661699545457,-0.8474245783586938,-0.05512500281434525,1
0.1902218294972079,-0.9036086545863933,-0.21118435622562173,4.930679799337779,-3.7100858753576587,-39.84477452805871,0.0961135107009725,-0.8484840842937403,-0.05621215218564845,1
0.18866631804128667,-0.899857595539676,-0.2160447887917837,4.933157233163004,-3.7196320133660774,-40.16170648945878,0.09776541816421463,-0.8471609087439215,-0.057069602782148836,1
0.19111729503907682,-0.8921771931690363,-0.22236648592051345,5.096242530417203,-3.7357241097282765,-40.47058370564358,0.10185209432104103,-0.8439096758989882,-0.05736195440170687,1
0.19732236572228753,-0.8868068178842728,-0.23035289928699115,5.519592387163347,-3.7667378287917757,-40.733654549427285,0.105626501593567,-0.8390520991241492,-0.058041624276048934,1
0.2030120921866738,-0.8862827516714046,-0.23779425985331742,6.146229128275008,-3.839782145989904,-40.92065023504426,0.10750163726405614,-0.832839645394585,-0.060592347205507456,1
0.204451601808195,-0.8842224813545922,-0.23993797845752135,6.784416521283041,-3.9554407597061987,-41.057727508460374,0.10799678196553927,-0.8254325823140664,-0.06523814009401846,1
0.2023628098061673,-0.8724123936785457,-0.2360957628614233,7.2443583440708235,-4.066954358775468,-41.22257281555466,0.10878550633652884,-0.8164675908661596,-0.07031670111022692,1
0.20110370279002077,-0.8507796120353184,-0.2325105121844294,7.451879231492706,-4.115995085893963,-41.49738158257687,0.11137825727463661,-0.8049700362474979,-0.07389106888694016,1
0.20485584783725153,-0.8264490403065721,-0.23537879246000765,7.455696721864145,-4.094204673299344,-41.92976972102187,0.116505369456504,-0.790231018647453,-0.07576270216902575,1
0.21459333357871058,-0.80531028338422,-0.24360066601447847,7.353725623419948,-4.05352336824197,-42.5286774990135,0.1240626173707455,-0.7728263185832236,-0.0774291930210888,1
0.22755515678284555,-0.7882740136160545,-0.25100962905077734,7.2193522550997296,-4.04029670821898,-43.27832394903785,0.13327660871783037,-0.7544877703349339,-0.08020311377160756,1
0.23914842725946642,-0.7740576452629777,-0.25369083865179387,7.07596283926832,-4.027055367118834,-44.1424099280312,0.14302377516863032,-0.7371683227371265,-0.08386515583131993,1
0.2461259257897661,-0.7619746277519643,-0.2529403413947378,6.898449672127396,-3.9259984558240353,-45.060690165394846,0.152168902506957,-0.7225594064244476,-0.0872026538283764,1
0.2484467540239783,-0.7519197758330083,-0.252348589101369,6.610372705889636,-3.670677834476805,-45.96125975526175,0.1594041038274818,-0.7116920679614123,-0.08937801513644328,1
0.24777973715680932,-0.7434446844082077,-0.2538730401845803,6.102933545205953,-3.276938534450568,-46.78596973255855,0.1625544424678278,-0.7037427182708211,-0.09033091778606779,1
0.24416110137174277,-0.73525054316016,-0.2565744498023364,5.308105753960654,-2.8314763881611826,-47.49518070235802,0.15870311789525485,-0.6956372692491466,-0.09012710115564586,1
0.23474187010282008,-0.7253106966567371,-0.2580666709268701,4.266982954711438,-2.4387660819434727,-48.04370472018858,0.14608932506763908,-0.6843845949809562,-0.08877389782624841,1
0.21663773447137802,-0.7121095540938722,-0.2568920892429591,3.096078279089101,-2.1795639741553416,-48.36869522902779,0.12619038889350184,-0.6701145135231201,-0.08686247573337395,1
0.19140458555133935,-0.696502749747474,-0.25398161160897637,1.8728496103079688,-2.101064360216385,-48.41904453664533,0.1034931465926135,-0.6559162880977475,-0.0855474453049048,1
0.16585293260055944,-0.6819930134372665,-0.2520088798531406,0.575075500848926,-2.2265899872313883,-48.197086801563174,0.08267559187698613,-0.6444791518358465,-0.08546428369298446,1
0.14672995728449006,-0.6720561478820847,-0.25286657691008707,-0.8632656530557821,-2.5584829464905114,-47.76570570371521,0.0655863521228097,-0.6355573481284288,-0.08635228335060055,1
0.13428887871899728,-0.6664930877217167,-0.25572900428241047,-2.467304441843262,-3.0639305180412832,-47.21760763767319,0.050833598037916615,-0.6268384315919131,-0.08821188922790507,1
0.12288821442098716,-0.6606834802803246,-0.2585581209575493,-4.209960449573693,-3.674033820753323,-46.64146305100458,0.03629930008069951,-0.6165326722432306,-0.09217156180655525,1
0.10864519311344586,-0.6492654603130946,-0.2618445430353482,-6.064231263713911,-4.323171289252298,-46.10671315226277,0.021823979318236948,-0.604611346539212,-0.09948932156334182,1
0.09431042953542529,-0.6309860024944817,-0.2689830051062308,-8.041877967821613,-4.995022958031665,-45.658545328320265,0.009449970972703196,-0.5918746023901745,-0.10994528879824693,1
0.08525125164881597,-0.6095793568431372,-0.28116254117623685,-10.178301872147015,-5.724406466007063,-45.31548323496501,0.001599912596187841,-0.5784565050739732,-0.1216909534968185,1
0.08311567672301562,-0.5898343129258566,-0.2937309723169365,-12.485566709598586,-6.562574425293084,-45.076837346814024,-0.0007246826460046461,-0.5636499743940362,-0.13250257565278786,1
0.08629114722783493,-0.5737942717315518,-0.3008461754624123,-14.92393721070916,-7.5452003961640415,-44.932445284952564,0.0017559983609392999,-0.547412737811103,-0.14104260126144116,1
0.09560734615704229,-0.5612416962397564,-0.3028911185832526,-17.428286564001905,-8.66487841908498,-44.85374022971833,0.008291363275350214,-0.5319019901109813,-0.1473782368015677,1
0.11581876923891946,-0.5523241000855978,-0.3058299203489723,-19.96257078356441,-9.828609686928662,-44.784447070295656,0.020567758959347742,-0.5207693821569552,-0.15245348077322854,1
0.14906851909888794,-0.5478148352794365,-0.31334799004903274,-22.52025096660134,-10.826310272998867,-44.67891853234381,0.04245440440181887,-0.5162043764797586,-0.15668816420703877,1
0.188572592972307,-0.5472807881180451,-0.3228701083047903,-25.046419306785292,-11.38049997167118,-44.57124704152502,0.07520435834707581,-0.5167795338869473,-0.15932037888071893,1
0.222318008680814,-0.5492101087639946,-0.32958914287119895,-27.38064092041201,-11.294435786557111,-44.58141199251891,0.11285643213023565,-0.5187982213428293,-0.15957617849361957,1
0.24350885584716644,-0.5533833596613729,-0.33111992447057653,-29.31260606049949,-10.590209216744718,-44.81961374980087,0.14496929771803596,-0.519971718499853,-0.15785268756152798,1
0.2553843990540625,-0.5610459515207178,-0.32746967718643644,-30.687893685796308,-9.493258604797417,-45.284605486134986,0.16559699776469958,-0.5216187007954645,-0.1551133590012974,1
0.266460377818148,-0.5718761966911896,-0.32023295237936666,-31.435609715502977,-8.261375893141771,-45.87537274793258,0.17846015054049377,-0.527179955494687,-0.15180766398720366,1
0.2836554225160542,-0.5829441541598522,-0.3136368793688111,-31.52171215238469,-7.016315420022714,-46.504149820187976,0.19219667838715743,-0.5385329090583556,-0.14798215626027234,1
0.308760508202523,-0.5923655980302635,-0.3123736619538003,-30.941761390342986,-5.718862415442651,-47.180229258861495,0.2116218869894854,-0.553690618985134,-0.1438694813060493,1
0.3372605505073895,-0.6023532991189904,-0.31522446698675416,-29.77260872602959,-4.277367698688636,-47.97744607328747,0.23431632888410292,-0.5682516900354133,-0.139834592671904,1
0.3600979022284594,-0.6162867486154824,-0.314183497314446,-28.177184832571065,-2.677492727840851,-48.93519840179576,0.2539994959958701,-0.5793867962508625,-0.13596709653287958,1
0.37034469277875814,-0.6336779123076031,-0.30337074405076186,-26.333157930164358,-1.0301542281068259,-49.99547857834517,0.26599573041106295,-0.5885601145229087,-0.1319207697446918,1
0.36974633678943575,-0.6510089591081043,-0.28580157477508167,-24.40883945980449,0.4934381213714359,-51.02304003639401,0.2707925418395389,-0.6003039499254159,-0.12690514015133406,1
0.3666056645461986,-0.6672945142121366,-0.2683428242227933,-22.643637519232197,1.777080578788819,-51.903425370891874,0.2730465280268267,-0.6180179056600433,-0.11964058071850053,1
0.36606639568212845,-0.6852101537234849,-0.25371718000578825,-21.372018992901523,2.813298154965807,-52.664963787357706,0.275620045247717,-0.6406232504749687,-0.10873496564215486,1
0.3642156145041142,-0.7059875298514771,-0.24109687329593935,-20.845249002642642,3.655844938738454,-53.48735967788041,0.27475249605428986,-0.6633395158758416,-0.09401294445377424,1
0.3531789263650547,-0.7262827268238197,-0.23110583323704628,-21.004290119000768,4.355837065651652,-54.504813614243496,0.26378846112098514,-0.6815999982381332,-0.07789173960935068,1
0.3306467799289158,-0.7412171355587145,-0.22553708927905147,-21.48533925571839,4.967009241200589,-55.5776806878655,0.24166948247776185,-0.6937831924045252,-0.06449333205044473,1
0.3026637298568837,-0.7489776678692314,-0.2230507723394719,-21.858985036106265,5.584724887000101,-56.33285868820792,0.214687772576774,-0.7008833464285052,-0.055973926745260034,1
0.2776889457344382,-0.7521748257619856,-0.21856156450189093,-21.815065440470356,6.340387974386882,-56.4648260748781,0.18986488275124805,-0.7053386917662287,-0.04983399554672864,1
0.2589068547147258,-0.7552664565903987,-0.20763892309720738,-21.130409704378756,7.347870878596772,-55.96248662900832,0.16952329339981875,-0.7101408727971348,-0.04122271919344123,1
0.24227026784178202,-0.7602092491687548,-0.1904066201778746,-19.5987232774808,8.626275220024352,-55.07187265287684,0.15206595897191738,-0.7167339410606689,-0.02801042680832984,1
0.22287038979851403,-0.7647300075654229,-0.17121948230622308,-17.14262218369561,10.01521428356791,-54.13875030517314,0.13540873541279716,-0.7227009614171783,-0.01244825914567515,1
0.20354597139391423,-0.7656736938982963,-0.15583828031594524,-13.99420477642304,11.188065592487238,-53.49664994997034,0.11980291346824,-0.72335929464649,0.001729443817512588,1
0.1942054370658273,-0.7633275601168339,-0.14865414057219553,-10.639776260060748,11.882262531387408,-53.385921921169825,0.10870388115763163,-0.7175068727076487,0.011934264595972051,1
0.20055372047317502,-0.7612864633247631,-0.15022537331509866,-7.520395375534083,12.196283170478353,-53.87283728866639,0.1062368675918193,-0.7109010018591071,0.016577788030572083,1
0.21686568733828024,-0.7631075882546128,-0.15620996608705184,-4.8387095187209015,12.588617416056481,-54.85004505695866,0.113368850587478,-0.7121006800750178,0.014990117728073255,1
0.232899386608577,-0.770456916582611,-0.15969402011357278,-2.6617225506830957,13.494212907596813,-56.171228385526454,0.12723915389635237,-0.7241993823881312,0.00937999443554822,1
0.24488017972717058,-0.7833379836520299,-0.1554071396920146,-1.0566235565609658,14.956643701685131,-57.78556389308579,0.14351493660736367,-0.7416956353549221,0.005861958757430188,1
0.2567894451378831,-0.800225554605026,-0.14236649502015972,0.00745320985151092,16.685313076126132,-59.68414794762831,0.15882606117296189,-0.7565770355949362,0.010943226474210773,1
0.2738106857425234,-0.8181587504516994,-0.12417738223184549,0.7875150269426225,18.440841655548088,-61.73260303097283,0.17294023936028535,-0.7668533067541905,0.02551445075092667,1
0.2973362713280719,-0.8341271629800265,-0.10728654249080946,1.5871570420538372,20.278918721521503,-63.69769223910765,0.1895692814167932,-0.7774144572266185,0.04324025415295279,1
0.32398227431410137,-0.8469946967350317,-0.09707701651178109,2.4330437358357697,22.40341928486492,-65.5165383924648,0.21246443427497644,-0.7925289077441029,0.056313211095088404,1
0.3470575195548156,-0.8580538825954065,-0.09430756863735577,3.0852816500175537,24.878229731050872,-67.42535250208576,0.2392940357018539,-0.8101096457654932,0.062266583110081736,1
0.3610729741923695,-0.8701210817860093,-0.09540093960880985,3.4059226761102215,27.566980303277486,-69.7195142478254,0.26198507514077407,-0.8253762550532093,0.06420060680140845,1
0.367090331562244,-0.8859700833343671,-0.09611248028082353,3.5838846274334335,30.30991948328505,-72.47582638289923,0.2749631222817486,-0.838149170526669,0.0654624299671661,1
0.3720733526684893,-0.9055303817099931,-0.09560139843713689,3.9238471646132815,33.06904431499588,-75.59951235960553,0.28078684606159016,-0.8521053440813017,0.06529376677687476,1
0.38119034656486867,-0.922859680588239,-0.09850608326655044,4.480076355582177,35.912918826580636,-79.03071477947834,0.28566146458218056,-0.8660513935967256,0.05905521350677842,1
0.39234693984969077,-0.9277633206020383,-0.11216054132037757,4.959211923355604,38.94106399512125,-82.76417678681456,0.29171739611313113,-0.8707754417075892,0.042766890196048825,1
0.3997359335621724,-0.9135877702599688,-0.13849351755940834,4.990549049627147,42.23162697184609,-86.72506184857507,0.2963920676138682,-0.8582430898518982,0.01883593145052022,1
0.40036627680111314,-0.8835937494581213,-0.16812860380546266,4.504120331589148,45.79100857564814,-90.76232370801019,0.29739089247967326,-0.8312830017672141,-0.0030759172705058097,1
0.394630546724432,-0.8481983285513066,-0.18607028204327636,3.8335157128342274,49.51718994785757,-94.75285312904718,0.29444370696595545,-0.8006793405936429,-0.013187487278757836,1
0.3830230224414128,-0.8164145056153712,-0.18595722750185498,3.3929982069916136,53.25857391508982,-98.62418539891377,0.28676190602296436,-0.7745681873431411,-0.010778381175316116,1
0.3668762723245313,-0.7912007342084395,-0.17728007667658022,3.2430239345156773,56.97408986342565,-102.32248232158744,0.27309630582962,-0.7540340244330271,-0.00560487770864517,1
0.3516528267522543,-0.7717565927451357,-0.17600790339292863,3.0306795953270727,60.85262456059283,-105.89727178566596,0.25584577335168973,-0.7373357335927408,-0.009238142974656553,1
0.3440785132348898,-0.756550024280826,-0.18857461297351044,2.3703785707945038,65.2494325823001,-109.62278289915255,0.2415488704621829,-0.7232197880108382,-0.024523782578974765,1
0.3440888342513496,-0.7420620731532948,-0.20715436268988735,1.2018995478359442,70.46927051519911,-113.87683605547039,0.23433664165481016,-0.7085166451257134,-0.04344095790048197,1
0.3438412533487565,-0.7215988767059747,-0.21968293210241294,-0.3252712459401154,76.56716970022357,-118.76456170923025,0.2311379042857512,-0.6869440454379896,-0.05500017985282312,1
0.3378070038071489,-0.6907723846399338,-0.2207032690522561,-2.3879695132444407,83.31401705380583,-123.86309805311924,0.2266013332795897,-0.6554424000589428,-0.05436490038753111,1
0.3308379809390145,-0.6556563836673475,-0.21144654540469127,-5.909943165497706,90.35356655762638,-128.4108579799804,0.2212059685164609,-0.6218992048414901,-0.043821390846598446,1
0.33226571531053406,-0.6326414862641033,-0.19338091136455043,-12.24179995008451,97.44707367472171,-131.79458849142307,0.22081476595696573,-0.6030423911770288,-0.026476506841039475,1
0.34332595904881147,-0.6389630448469205,-0.1649338323381139,-21.984819485645346,104.60553434717627,-133.8524703931425,0.2285437932713993,-0.6129274903710856,-0.0012103717665812052,1
0.35420496218104985,-0.6845035230588982,-0.12115510698248075,-33.80846685593839,111.94756146269016,-134.70741255169926,0.24041474495352322,-0.6553857523679028,0.037674243404918206,1
0.3536252237315598,-0.7700855893033934,-0.052041449371603946,-44.56279257102261,119.3121054462948,-134.36899810281741,0.24967403236195268,-0.7279408886849911,0.09963101306932702,1
0.3402527598083235,-0.8861395170070483,0.05309426724155144,-50.98760139588196,125.86152218706943,-132.62947123677412,0.2536490024280293,-0.8261782991958455,0.1942927644051568,1
0.32807289913815174,-1.0086643303147234,0.18751732930868564,-51.63742125896958,130.06904716865574,-129.4920390692196,0.25793271114646554,-0.9361800328620801,0.31906239238048534,1
0.3435431187186012,-1.1011378514492614,0.3131840607309526,-47.24951050944124,130.42261714808242,-125.7530848138749,0.2781024488211223,-1.0259214511584156,0.4457123583068101,1
0.4113169269736417,-1.1307388443646254,0.3776757510227167,-39.34869389592306,126.5119061578549,-123.05252130396453,0.33548744177282386,-1.0580247921113621,0.526315221194636,1
0.5318997958934776,-1.0923238385051213,0.35147587630275784,-28.7720462779753,119.38947821242459,-123.07934072516059,0.4406523565819736,-1.0212467067295743,0.5213487752623054,1
0.6733751831465633,-1.0217524575467567,0.24744068479987863,-15.792079652496492,110.60677923431695,-126.34363025479445,0.5755633308946584,-0.9497532919652429,0.4272835310634087,1
0.8028907137310456,-0.9825932796679419,0.11285857389643844,-1.3099676181261037,100.97929165786715,-131.49121185340505,0.7065909488390028,-0.9065741891324629,0.2855591939273694,1
0.9410940653148533,-1.0242398399858075,0.014924278258617142,13.149522674336234,90.70616773682436,-136.18480303019598,0.8346745171998615,-0.938652558595888,0.17215070409015948,1
1.1664778420545865,-1.135919339485305,0.01891323953229984,27.195322583771173,80.87963980070253,-139.4255764625076,1.021015315560122,-1.0365666523906532,0.16359160224744465,1
1.5280683311742569,-1.2455584872263428,0.14154903438273697,42.30830028693191,74.47553393654727,-143.06507910546708,1.3254854852264109,-1.1383500786005831,0.27957934562384634,1
1.9552570485732814,-1.2843262249939087,0.3115120665134528,59.48074489660937,75.04584983545026,-150.07318781262086,1.7126668014480035,-1.1855357830413693,0.44607177514442836,1
2.3010996025286596,-1.2569715787811726,0.40991299044996365,76.52360199399538,83.8116418990767,-160.80060481134592,2.0600305787864674,-1.179683750478049,0.5432986277633027,1
2.4996973396779123,-1.234628365526781,0.38730762798906004,89.3340654669053,98.1350673262152,-171.73766900170162,2.289422897558646,-1.1751304372862992,0.5228309347193875,1
2.655951551609082,-1.2779368359645267,0.3306653286022899,96.36676146573352,113.31539805829759,-178.7771494935203,2.473088521055523,-1.2173536019174986,0.4697291403529995,1
2.9601651443122337,-1.381000998813258,0.3773278110898139,100.96296543826894,125.88407676765384,-181.57837848901664,2.7845722112674607,-1.3008175807539877,0.5169743293100038,1
3.523954142076853,-1.4853940183383592,0.5594273008135848,108.45125713573337,134.87107064829124,-184.42626348446217,3.3432356334582565,-1.3828889551754453,0.6951482287241617,1
4.286093601626637,-1.5264964232005658,0.7694415463629013,120.83908681969827,140.4097878653557,-192.77020434895636,4.096836937312359,-1.4176340623495434,0.8992466321265801,1
5.023294253958757,-1.465599485049586,0.8922840286016331,134.50330785698398,142.42358725494054,-208.68623517829985,4.81891723987494,-1.3737417281886442,1.0168985723073138,1
5.431118416427004,-1.3043009668353083,0.9319111543023604,143.09021232175422,141.19867052053164,-229.37231831059356,5.20611321938596,-1.2449332871576846,1.0529672825255323,1
5.260407774671873,-1.0832870011957638,0.9748682116185926,142.44806133730555,138.12463014459632,-249.77793562549948,5.029633695479593,-1.0567819242407936,1.0950476087079912,1
4.471767560348166,-0.8517045762941462,1.054420878593975,132.94002855441255,134.32805121181565,-266.301614245388,4.2723709075945475,-0.8462902741887612,1.1789299263129798,1
3.299421236684331,-0.6237843944862363,1.0958185184405265,118.18085355741923,128.59276672352237,-278.06805494073956,3.161608458921785,-0.6239433243909027,1.2320618545089406,1
2.137180866260806,-0.37824869013214135,1.0039429822185457,102.51555946125856,118.23958555700379,-285.80330639940144,2.054711031064924,-0.3746126150159976,1.1578420968253404,1
1.306670530981619,-0.1133095437430599,0.7812636659235226,89.04066213465555,102.86043116967673,-290.5127817644822,1.244000457818094,-0.10778484563416979,0.9520356689322079,1
0.8917837119294614,0.11277996690572317,0.5376827425653002,78.77285034547047,86.02499073946218,-293.00757605591014,0.8188567543926616,0.11391128396316744,0.7166693645268916,1
0.7709031340712947,0.21909926325758367,0.3822257027932866,71.41639078896083,72.39560089262922,-293.9274884028697,0.6825225264935552,0.21819097424893513,0.5594402193347718,1
0.7867242550756717,0.18167883920627076,0.3212380800156249,66.98696493023496,64.05753222361632,-293.92454967806486,0.6894882596880306,0.1914005191179116,0.49353215292561603,1
0.871591520508952,0.06281937126190239,0.27756366111547387,66.20253174659477,60.35237221847544,-293.8180484349007,0.7652873351009053,0.09231299302854074,0.4480508755564603,1
1.0288118502137513,-0.04262595402636023,0.1988512348202662,69.13498366899937,59.97005242919733,-294.3821765409177,0.9079370300899307,0.0005258828803358529,0.36848333485812457,1
1.2423407889670801,-0.08213128962617872,0.11826867481420326,74.27859662480358,61.70590516896019,-295.7911261624485,1.1088603828266388,-0.0412680577546428,0.28232369394571344,1
1.4394827241178103,-0.06718272686072554,0.10070826721604105,79.53611938182326,63.84367175174428,-297.3761150247461,1.3052327924874954,-0.03918243766314109,0.2558146906103296,1
1.5338938090126564,-0.037399871837429335,0.15676858731744506,83.77115422453775,64.66363965565098,-298.10216148271127,1.410925873991993,-0.019810906796685887,0.30755411271483607,1
1.48242667074037,-0.01803640996206714,0.2354972253785835,87.1468317813195,64.13817388667472,-297.19369266961974,1.3754012894088647,-0.0011499442196911788,0.39016511979079144,1
1.3016308825001763,-0.007404952183663888,0.2899834065468319,90.46757606540118,64.15092685726147,-294.16965085848796,1.2087083008163801,0.014383273566532209,0.45103996310241207,1
1.0477778487645255,0.01319394974357138,0.3208045349853747,94.49408961538764,66.20340171000184,-288.55408706950647,0.9649715108497694,0.03498378357130512,0.4839890791856178,1
0.7826569844943835,0.06908100900966051,0.35180826138011173,99.3621019230158,69.11101163822761,-280.0313024957462,0.7084660226108894,0.07901005534240367,0.5134565396783632,1
0.5413238356308882,0.1845595761047957,0.38791799756666473,104.25595452990966,69.55738814295292,-268.9311260552294,0.4821782709930724,0.17343699371189267,0.5500077979942981,1
0.32321328156543006,0.36887906866834347,0.41345941636264866,108.04421887205496,65.12988727224572,-256.2135506744028,0.2944154076458078,0.3358170894985118,0.581364361124742,1
0.11356184285049323,0.6012525687485406,0.42221363564033587,110.5985309155712,56.77544167210884,-242.8568372109529,0.12923224055737,0.5495063517320424,0.599922532075405,1
