ADXL345_Acc_X,ADXL345_Acc_Y,ADXL345_Acc_Z,ITG3200_Gyro_X,ITG3200_Gyro_Y,ITG3200_Gyro_Z,MMA8451Q_Acc_X,MMA8451Q_Acc_Y,MMA8451Q_Acc_Z,FallCheck
0.11719130094815097,-1.0156228900133388,-0.12498860586234134,-1.709044340928115,1.8921472588995876,-0.9155995475009691,0.032225764158689815,-0.9716786603235305,0.034176694604149516,0
0.11666214190634473,-1.017279621386845,-0.12713289445577208,-1.7797802840643846,1.8939838151681507,-0.9179224015747198,0.032222415750936304,-0.9714669203658637,0.03242389495736172,0
0.11684891393491934,-1.0182648978143403,-0.12876705226869598,-1.8850216311321721,1.9274217680577288,-0.9205452566588841,0.03164895158094014,-0.9710640714616712,0.03186089586007832,0
0.11802232171154284,-1.0182245166187258,-0.13073486100241524,-2.024240311328673,1.9881797291234107,-0.9166801746574916,0.03080240725147657,-0.9703671647352385,0.032048231118420284,0
0.11994984061422456,-1.0176836177168898,-0.1331391594580217,-2.179175326749251,2.047116341405353,-0.8973830680349685,0.030354719661762484,-0.9697819318910128,0.031797045265092895,0
0.12181539677602972,-1.0176449748635863,-0.1336372064127474,-2.3434886418804424,2.0888023248483534,-0.8627417060253921,0.03042782845983049,-0.9701485575931571,0.030995722853384318,0
0.12223707389764461,-1.0180071363632266,-0.13027014160059722,-2.510227326691562,2.123110676157315,-0.8239882704498583,0.03067412037797747,-0.9717432209459472,0.03058466381558358,0
0.12030032131051267,-1.0172698834400353,-0.12509847310294975,-2.646680136111013,2.1642730330932443,-0.794785109916689,0.03092596433211016,-0.9736994982951553,0.031054461974506703,0
0.11705356395331971,-1.0148786414697601,-0.12288481457716907,-2.7117760187687043,2.219595399750169,-0.7821158047521748,0.031204403457914684,-0.9749493118098869,0.03185397445911898,0
0.1152110772461865,-1.0130336941368157,-0.12603406387947652,-2.7003112356413403,2.2969774104446476,-0.7824972030082503,0.03127966187522868,-0.975382487929622,0.0322416845920957,0
0.11642176084505004,-1.0144769712589454,-0.13201214537417597,-2.656461778575581,2.3974804471585554,-0.7848125771455929,0.030771423869064455,-0.9755575544118409,0.032091837851383406,0
0.11908750921162826,-1.0187831728211154,-0.1362227147395204,-2.642786621095176,2.4942600750018724,-0.7802247343458788,0.029635994268319425,-0.9757086102384264,0.03181989441246511,0
0.11990593526154789,-1.022756961531597,-0.1366179676468726,-2.699764314113632,2.54380044365171,-0.770747583584107,0.028161033881660965,-0.9756909660436726,0.03189490789187057,0
0.11752157877980844,-1.0244438496590555,-0.1344680551790335,-2.824189081390716,2.5324088594720333,-0.7663988188209789,0.0265849161552447,-0.9756442404627464,0.032372483297646394,0
0.11359435544561186,-1.0246020469735213,-0.1314517792414859,-2.9693231432574687,2.494237581307458,-0.7746542429902951,0.025052063929699848,-0.9760410869636473,0.03265109082032271,0
0.11033098284920484,-1.0241869023753298,-0.1283180547975668,-3.0653758998887763,2.467912378355371,-0.7922421262769389,0.023802870509019334,-0.9769986894353031,0.03191041278766066,0
0.1083443585074284,-1.0229117113491186,-0.12640729638669113,-3.0571900821203237,2.4509067431082947,-0.8054680174861326,0.023121379158539814,-0.9779565813016402,0.030116040842892832,0
0.1074218678856899,-1.0208468415222287,-0.12752949162760638,-2.9400947279409344,2.4160085117603605,-0.8021504595974501,0.023134960900381838,-0.9782177645029594,0.02828822298676096,0
0.10806367807542722,-1.019203193460742,-0.1310919457805362,-2.7664519534393412,2.3582442653735507,-0.7853691482094398,0.023737968802005134,-0.9775947696436207,0.02734530761654181,0
0.11075420622934704,-1.0186458957720221,-0.13359631604639743,-2.61461565131138,2.2991991013942576,-0.7683934388996774,0.024684153362425857,-0.9764221345744349,0.027067916837582088,0
0.11403117066207766,-1.0183520450589558,-0.13262658874467723,-2.5435201530708977,2.2521357462128986,-0.7518833702224641,0.02580830331171367,-0.9751451955467849,0.026804977715510957,0
0.11517315827502957,-1.0174900979527421,-0.12994011048133794,-2.5667211080291468,2.2082021515599153,-0.713602987153469,0.02709124126585966,-0.9740813942940175,0.026780805365626353,0
0.11360909724645009,-1.0165644368470634,-0.12888601223533347,-2.6605451745032536,2.1545063008431917,-0.628973763923975,0.0283436768269114,-0.9735114920146122,0.027857584830279072,0
0.11208024072678814,-1.0164969427620747,-0.1295315042273659,-2.7914930094736943,2.0848580279347915,-0.5016549090332117,0.029018513283754224,-0.973716742677365,0.030124464307216,0
0.11315473823785502,-1.0169615807388426,-0.1285243759451966,-2.9335474059245423,1.9947922528203643,-0.3690016302998025,0.028626096743603734,-0.9746594342975368,0.03245498464620728,0
0.11572719905509349,-1.0165416069268243,-0.12411263093206938,-3.064849821099846,1.886146438277681,-0.27585627725910394,0.02720563743771416,-0.9756887171065547,0.03363316619028404,0
0.11628275887818224,-1.0145760029951938,-0.11910242023308182,-3.1630950658367043,1.7802434875087032,-0.2463979680021545,0.02528648306818066,-0.9759029216355862,0.03354640505767367,0
0.11319321903244844,-1.0122733412823741,-0.1174756578024578,-3.213894815346643,1.7120828765682317,-0.2794391873476996,0.02369557482929154,-0.9750397333666492,0.03308932248777784,0
0.10891210950812075,-1.011742882815748,-0.11970422544136335,-3.220900950450217,1.7021101307298863,-0.3571180222364007,0.02340372194856972,-0.9739343844358883,0.033171300992966626,0
0.10750253606497812,-1.0140714614217952,-0.12315386674356783,-3.205716696118874,1.7363919582579457,-0.44918988842200114,0.024832533396700354,-0.9738640278676846,0.034102405363095036,0
0.10999259556505797,-1.01859057240796,-0.12586034853707126,-3.1958290678592127,1.7794399969111572,-0.5204960477262786,0.026884359365164114,-0.9754116034892828,0.03567820229722303,0
0.11320554221867628,-1.0240043022907268,-0.12773223109756307,-3.2011574081716625,1.806376475458893,-0.5507993978704194,0.02745864801757657,-0.9781927814147923,0.03736832276731666,0
0.11391333532768023,-1.0293936366079972,-0.12861381222831125,-3.1946114047084033,1.819360841303478,-0.5465264136538514,0.025866449281025886,-0.9815041929598484,0.038479855116379434,0
0.11275520014567658,-1.0334446405289972,-0.1275744369428366,-3.123548845863251,1.8339212197113115,-0.5226823576031258,0.024210736554594995,-0.9844911687536207,0.038498038188829034,0
0.11274931210544852,-1.0339153132275356,-0.12493906201310437,-2.9526915319205798,1.8578952207925001,-0.47603876802386313,0.025287938577231918,-0.9856682960243094,0.037263405064314685,0
0.11517448855650123,-1.0296882292900131,-0.12369434783847486,-2.7044080449328907,1.8898077242228748,-0.3909122593585094,0.029445488816602916,-0.9836039325767143,0.03478232352651966,0
0.11846052048052581,-1.0231361437502813,-0.12711757405501994,-2.461435196926708,1.9302607633598665,-0.2745484927838474,0.034508277439612184,-0.9790001377680888,0.031272171407920935,0
0.12048679826274385,-1.0188090735385174,-0.13452300603187542,-2.3218762652163254,1.981133409461152,-0.17149514253282777,0.03833813775025347,-0.9751517210769638,0.027637266446736784,0
0.12063516903234028,-1.0190924087318118,-0.14079827742260215,-2.330711974267059,2.034013993175055,-0.1292201934344948,0.04023162065802101,-0.9749299113062404,0.025345348830949375,0
0.1196430993827168,-1.0218820867635607,-0.1413282689055825,-2.4410994919357143,2.073755682506644,-0.15109711885571794,0.04018554347990948,-0.9774942186500056,0.02517252673182744,0
0.11845980776623566,-1.0233154201802663,-0.13629586726994608,-2.54549377184981,2.09850022646012,-0.19201006407101187,0.03836401439527667,-0.979206941731388,0.026328044380948053,0
0.1177627796407697,-1.0223500130266707,-0.12955870919478327,-2.5553054281351373,2.128398618180609,-0.20326848598477731,0.035577870100501806,-0.9778884316019185,0.02745387616333986,0
0.11807098397487259,-1.0214937636094725,-0.1250313278135875,-2.459873669485468,2.1923957716676026,-0.17758465503636295,0.03319059636438157,-0.9750378592785501,0.02822714283136648,0
0.11950059578820997,-1.0231331540648543,-0.12444626509989296,-2.3176598217143374,2.3091545803218176,-0.1493347976304766,0.032050016631884906,-0.9735284996291209,0.02929743428849073,0
0.121365793687253,-1.026530577617907,-0.1265375357936278,-2.199980868191957,2.4752923909120526,-0.1608752218994105,0.031987348316924694,-0.9741894441845959,0.030934125359208125,0
0.12265832705715793,-1.0286925532541555,-0.12803294327126874,-2.1446141609224907,2.665677112795449,-0.2353405624613614,0.032532326057280625,-0.9754737189960847,0.032524182667934366,0
0.12295298015344433,-1.027175350256143,-0.1268039941228752,-2.1500111070395596,2.8489493647006525,-0.3685063095568787,0.03362742867714831,-0.9759428102759976,0.03337256336187596,0
0.122172130708076,-1.022116635037511,-0.12396499334451667,-2.193503136509735,3.007412281774597,-0.5258581325554289,0.03536093687207647,-0.9759798956180419,0.033482712992304084,0
0.11990699958614368,-1.016447251132091,-0.12241171391417795,-2.247296391789154,3.140853241622938,-0.6485185574821943,0.037351077994767425,-0.9766676758692947,0.0334461805299562,0
0.1164381464130159,-1.0137261591160416,-0.12398009679080134,-2.2914400445194043,3.2553850111360148,-0.6849733320997048,0.038836906035864004,-0.9776707722902891,0.03371993313451583,0
0.11388736581447836,-1.014792976642219,-0.1280135522409561,-2.32854740481687,3.3565326310485863,-0.6324953760196865,0.039409079287755534,-0.9773162725626833,0.03415565701167351,0
0.11427879897206314,-1.0169630588168626,-0.1318326211659335,-2.382090442583784,3.4477030985715733,-0.5447856145321262,0.039389048230307214,-0.9749378082077339,0.03431189677628134,0
0.11693589707573632,-1.0173258475360798,-0.13289971308206017,-2.4664422610509646,3.5225584725453207,-0.4914130995458628,0.03928998847444299,-0.9721129386097787,0.03392746099436263,0
0.11962866406276525,-1.0160794896891023,-0.13136290092384112,-2.561319301386343,3.561766503915487,-0.5025967690689157,0.039048855815907134,-0.970939380112803,0.032810470080151755,0
0.12126284506807944,-1.0154484343587733,-0.13011900923585035,-2.6302492866326093,3.552117543123302,-0.5494898514257991,0.03816161384289092,-0.9717101924032977,0.03076363602037638,0
0.12193374626447485,-1.0163287230266984,-0.13171142926706123,-2.6634857052617087,3.5120955352746157,-0.58184499484638,0.03658451999290512,-0.9728855450622723,0.028143126051594636,0
0.12180557837507766,-1.018041951565156,-0.13569681894183597,-2.685771307099999,3.4882588950524815,-0.583181872648591,0.03509704492075618,-0.9730448898872635,0.02598127005382792,0
0.12111232972849158,-1.0206136151771208,-0.13971226005198198,-2.7179735271829286,3.520171489553568,-0.5783039938084201,0.03463268745518242,-0.972399336556628,0.024914639613098616,0
0.1201315822368799,-1.024454197177392,-0.14209485213628878,-2.749729564027459,3.610409117083498,-0.5923429269781182,0.03534949916220378,-0.9723189471009358,0.024339172371366808,0
0.11902785912400878,-1.0278466144874625,-0.14225957670080294,-2.7612049140054973,3.727320462169382,-0.6239984034054344,0.036297799098590586,-0.9736062510939787,0.02317177865344128,0
0.11854442408414746,-1.0276722587273772,-0.1398206420894358,-2.7560448376423974,3.832793261699695,-0.659527744371791,0.03617397532552474,-0.9756355818790619,0.02125478647053426,0
0.11968762467010717,-1.0234404067074072,-0.1352664396852334,-2.7536485439078815,3.909587278317264,-0.6923246306483414,0.03471438285610699,-0.9772676103324137,0.019706397278516658,0
0.12167905455938241,-1.0186782961355643,-0.13070981256370992,-2.7530734526934637,3.9682689665986928,-0.7250181068196729,0.03301430702209998,-0.9780704781636507,0.020004760407075946,0
0.12205743667811746,-1.017404575238068,-0.12831150327201876,-2.7208904864097034,4.031284527371458,-0.7656324530011281,0.032124953605515906,-0.9783730782646376,0.022612406744146354,0
0.12014591672339558,-1.0201001830275467,-0.12846313870181758,-2.617644300807277,4.112130885521219,-0.8215732148787508,0.03195487421402451,-0.9786969506665202,0.026138075130578076,0
0.1183842876218612,-1.023743295557894,-0.13041986005528872,-2.427877561664054,4.210094488727898,-0.8894777646233883,0.03202516630729562,-0.9795294253184963,0.028174093861528714,0
0.11862763623316168,-1.0252910986787087,-0.1335130037612836,-2.166990515644037,4.317682128757991,-0.9560675182483104,0.03252687208639663,-0.9811557104364074,0.027631094654644785,0
0.11921977196843166,-1.0243903673935835,-0.1363467287085574,-1.87402722017442,4.423811338908301,-1.014030909526712,0.03393339481457824,-0.9832105357874856,0.026071719987167296,0
0.11794345293354676,-1.0228699994523898,-0.13620252924158346,-1.5988290112236285,4.515410036026779,-1.0685971209174228,0.03609618048856181,-0.9846374513374221,0.02613382235263183,0
0.1162092947323009,-1.0226098411180904,-0.1318175540751963,-1.3758649277894743,4.590101692829024,-1.1229032510116206,0.03827335488738678,-0.9845617445698477,0.028749142751024102,0
0.11744627914745678,-1.0242279775628753,-0.12644914725358303,-1.1991696754594072,4.66481277143248,-1.1653401602690328,0.03970737783290743,-0.9832148397037611,0.03235142343992711,0
0.12190355787685142,-1.026933914646016,-0.1254912981439172,-1.0354053779217531,4.758024597448389,-1.181476373216624,0.039920651014015776,-0.9817068815896189,0.034701051126170356,0
0.125859159347014,-1.0290046734093732,-0.1302207519630006,-0.870477588374958,4.864986127378566,-1.1771910864720967,0.03888246843072881,-0.9808680491991879,0.03510793863279418,0
0.12633264183366527,-1.0289631563923907,-0.13572282664163754,-0.7297113375062425,4.962953311165225,-1.1797987407011532,0.037219756301662014,-0.980586431030089,0.03473077243976529,0
0.12425002391884482,-1.0269599137454797,-0.13627492297326046,-0.6412544921639081,5.041435315210937,-1.2118519886596824,0.035962463292329036,-0.9802776607469499,0.0348003267272897,0
0.12208312668787137,-1.0246239779324804,-0.13181060713318588,-0.5957336870665482,5.11493187373814,-1.2702609528893838,0.035671803410839906,-0.9795801358798273,0.034997968265036886,0
0.12029502056736809,-1.023013231088869,-0.1275808231535303,-0.560262493620415,5.19680383659342,-1.3331983239215408,0.03588331526501217,-0.978440281498048,0.034119889088771206,0
0.1177904012982253,-1.021357703592358,-0.12772072002493737,-0.5201856578241494,5.267770982000937,-1.378166976600653,0.03570569695457779,-0.9769036132720339,0.03208259199801157,0
0.1149945042622903,-1.0186551955611107,-0.1307829945134538,-0.48680338410113494,5.289232018356064,-1.3907622166276017,0.03487910038474394,-0.9750358766183966,0.03033873040777663,0
0.1142069261599171,-1.0156630736636074,-0.13210627640078348,-0.472658060090706,5.253916315519401,-1.3684565909503819,0.03386778528572565,-0.9729079114283921,0.030052012850872542,0
0.11612526809563169,-1.0139363187720893,-0.12935679826958807,-0.4803141100157803,5.206423517297594,-1.324191276130988,0.03305073845407273,-0.9707707063328598,0.030634900636283442,0
0.11796318689530136,-1.0135634933807829,-0.1248137272274592,-0.5136819324493893,5.1997399383190155,-1.2800558826870119,0.03245905943482303,-0.9693887957950349,0.030639239442038738,0
0.11688278337995885,-1.0135387667558984,-0.12278302793928567,-0.5826672585075654,5.240406511961136,-1.2517758120652178,0.03227767507424964,-0.9697338740764797,0.02964840535487287,0
0.11397707612041695,-1.0138728748698362,-0.12552902838908372,-0.6882832711199072,5.289682983654674,-1.2396913128485398,0.03281715804032288,-0.9719053319193172,0.028713267017386045,0
0.11260270190424447,-1.0153689174583505,-0.13119129125890183,-0.807311340344862,5.312787107359466,-1.231809739889145,0.03388765288121548,-0.974733776280152,0.029080859423908638,0
0.11357472897982072,-1.0174556753347246,-0.13507185660388515,-0.9007687617973444,5.309923839415206,-1.2139072697231625,0.0348395265290789,-0.9768470778701608,0.030913420040799607,0
0.1144677924761656,-1.0183239589461717,-0.13393610064488604,-0.9455906577988957,5.296141628125435,-1.1829427644050254,0.03519155967457795,-0.9777321899712017,0.03321152061157304,0
0.11370559380621295,-1.0176772906407843,-0.12948086138453666,-0.956329985775244,5.270141152652702,-1.152880926450239,0.034750753551858984,-0.9775808658850509,0.03470553141123401,0
0.1130059970509231,-1.0175635171271507,-0.1261274327081432,-0.9668545230354822,5.2210453479025425,-1.1413499025102651,0.03342414648451706,-0.9768415545206854,0.03484120993900069,0
0.1145099052840519,-1.019445258759474,-0.12581977149301718,-0.9913274521792125,5.156724329482316,-1.1500356098664637,0.03148481812369816,-0.9761810410974553,0.034140955186426486,0
0.1169530359021603,-1.0216324959210827,-0.12735447184658502,-1.0141400025747584,5.102235308499597,-1.162586060592778,0.029809368831399344,-0.976090381473643,0.03367890145917248,0
0.11681889012217223,-1.0210532619013102,-0.1294541126001138,-1.0196148192181935,5.068132492092151,-1.1584166771430295,0.029251659427879734,-0.9763225666661197,0.034175810282864864,0
0.11306946355455441,-1.01739727213317,-0.13103237413563684,-1.017841456807293,5.037095204192334,-1.1242701005613047,0.029619557708127693,-0.9763500551131622,0.03562161847745508,0
0.1085966449972798,-1.0142500946465813,-0.1299388967945447,-1.032491652367564,4.986107066172828,-1.0604980988211654,0.02963674488289631,-0.9762332658555414,0.03754572221494374,0
0.1065441645460163,-1.0152272492098884,-0.12518785184276446,-1.0716368314450384,4.911693450600957,-0.986717852664022,0.028309845279145023,-0.9763747458609172,0.03928973929223242,0
0.10711282332423852,-1.019485742777191,-0.11955344224825645,-1.1198258026894763,4.830168924089269,-0.9371614259274396,0.02620497702370831,-0.9767455489970531,0.040165213029112544,0
0.108525221886636,-1.022487989642047,-0.11734278542922678,-1.1542466832939415,4.757324739649545,-0.9365976962072936,0.024927948866519535,-0.977051770899586,0.03986902053167014,0
0.1092629451846208,-1.0213841512974449,-0.12014191946697389,-1.1630005338331801,4.6907576389475745,-0.9742301292203256,0.025309915223046296,-0.9773122084654972,0.038864859221900055,0
0.1087305119984406,-1.0181599522415676,-0.12564132277676288,-1.1537193343229601,4.6172520400377755,-1.0071255604457896,0.026466928610830314,-0.9775732679177853,0.03800225641415194,0
0.1071696738664999,-1.0167889258563052,-0.12953261025336468,-1.1505420865078186,4.538803112834306,-0.9982041092770005,0.026800222043740704,-0.9773404737402531,0.037572330703970785,0
0.10544927322146533,-1.0182387059427853,-0.12868358788850587,-1.1762588824384548,4.476241193006187,-0.9494277544055355,0.02576643738197429,-0.9760567763458182,0.037017257285790896,0
0.10437605624060356,-1.0192820592963576,-0.12416533854595066,-1.2278286900034416,4.433981220568845,-0.8895204840438455,0.024447639782566012,-0.9741514449761616,0.035798727638241615,0
0.10434977104501678,-1.0164784271848313,-0.1207518009154958,-1.2719774773507144,4.3760008521089,-0.8358573092359661,0.02426666323397885,-0.9729377701658837,0.03424057551223263,0
0.1056515052312329,-1.0107172747137374,-0.12197786060214658,-1.276375358030027,4.259284123287342,-0.7856488306654669,0.02533610369171988,-0.9731469011775798,0.03315725077300712,0
0.10804195598863625,-1.006669101590666,-0.12666665538784225,-1.2488095742489138,4.085962650180751,-0.7373219585857185,0.026471093884131266,-0.9739939729886757,0.032853538504209356,0
0.10996224861374686,-1.0076506842059796,-0.13135506898341398,-1.2376773749840049,3.902711666529337,-0.6932681313578506,0.02681812015220333,-0.9741264008132317,0.03283236900075155,0
0.10952041565288376,-1.012252099168191,-0.13431810901180022,-1.2898132551520711,3.750256838450704,-0.6419256205550425,0.02686534749351057,-0.9732300968101637,0.03242648779304866,0
0.10685424819875305,-1.0163779999433182,-0.13570045469656344,-1.4138601321546997,3.63049893220365,-0.5657084042485612,0.027491282848772388,-0.9722374565940299,0.031468222752931464,0
0.1045689822385159,-1.0174014964379032,-0.13530714269352,-1.585038474639383,3.521901648034225,-0.47158614634099205,0.028562971544330903,-0.972085029328841,0.030229841366893776,0
0.10528993385178055,-1.0156427879721035,-0.13276511685315226,-1.772891396992185,3.4082088332217033,-0.3898076195423308,0.029114831662400965,-0.9726934280065147,0.02884363524392036,0
0.10914738011831691,-1.0129097854230558,-0.1301397116271254,-1.9562601379286744,3.287804404114201,-0.33739766886666483,0.028693515650304022,-0.9731225517539003,0.02716167606386895,0
0.11373553405310474,-1.0108146672292906,-0.13186278201647533,-2.118038357820304,3.1685916894200172,-0.3044703605183437,0.027992144790322745,-0.9723876384635656,0.025366600747788584,0
0.11631138067684953,-1.0099665480996143,-0.13947882909621726,-2.2368997343198966,3.0586125820739096,-0.2821292048675792,0.028089590774648412,-0.9702162685863868,0.0242672911789069,0
0.11611844544608871,-1.0097072005986842,-0.14761874193546082,-2.2939939485323224,2.954846379663235,-0.281566786201196,0.02922775152728113,-0.9673506295162297,0.024495504491662202,0
0.1146658645047664,-1.0087791688097094,-0.1487684369842374,-2.295549016086612,2.8423449414225037,-0.31106544633806743,0.03049812967075329,-0.9649523117580645,0.025636632334251425,0
0.11366760214892677,-1.0067115914061662,-0.14227657860286627,-2.2870125590717465,2.7111336057011766,-0.34794040870452075,0.030894507255904483,-0.9634364558081894,0.02656686562203082,0
0.11309812428803465,-1.0043113071978333,-0.13520343299035104,-2.3326318645268955,2.568815156820502,-0.3522330062968162,0.030526054192618002,-0.9623106097651084,0.026479779019245964,0
0.11213121188194264,-1.0027683841954136,-0.13345618817995367,-2.472247156059005,2.4286524945591688,-0.3060813847971458,0.030464239898397295,-0.9614150838934307,0.025364686250558592,0
0.11162650718094141,-1.0027438554246721,-0.13555177181583844,-2.6956581663510817,2.295109207832185,-0.22662335637029146,0.03152263998451935,-0.9614615487656158,0.023795120870037018,0
0.11370935908488775,-1.0044157071203685,-0.13668576103727303,-2.9538632644284872,2.1733648520717836,-0.14195394719470886,0.033575394243007664,-0.9627840516079986,0.022478104154499523,0
0.11835785156711477,-1.0078670187727776,-0.13577967177993727,-3.1914059407838686,2.081485141334999,-0.06733380413231221,0.0359591602453619,-0.9644742081578787,0.02176569363093394,0
0.12260434475664857,-1.0127868968355132,-0.13575795087998593,-3.3738406188474444,2.03472515010693,-0.0038884626365845963,0.03816119301430746,-0.9655583314488909,0.02150145709631735,0
0.12428032399708112,-1.0179047639956953,-0.1381863486572045,-3.4934995139229503,2.0205314300948722,0.05480389511244845,0.040137871751494116,-0.9664125638913026,0.02146578933205388,0
0.12451825416365808,-1.0216390005271918,-0.1403210492402012,-3.5583109184040884,1.9997155064110153,0.1201253680232197,0.04202237127002151,-0.9682658769648222,0.021782075547414834,0
0.12522154006087172,-1.0236944453731895,-0.13842524466518663,-3.5848573179289818,1.930798848934678,0.2013579043932618,0.04333574081352176,-0.9716222937832482,0.02261893669699775,0
0.12614221519060395,-1.0253113672522667,-0.13294596419527754,-3.5981533340204073,1.79241203579473,0.2927801878132856,0.042807976203948966,-0.9756869241485372,0.02367905608849445,0
0.12594390985247958,-1.0273259358560867,-0.1285692450171666,-3.6180852761580318,1.5925463648379765,0.3718727035901186,0.03966535367436049,-0.9790975765381257,0.02429290609456477,0
0.12420417119627646,-1.0283309454898186,-0.12898781302711654,-3.6392399698012152,1.362919394849132,0.4172620111043141,0.03495691019468926,-0.9807987225158905,0.023977897144005982,0
0.12106686467956773,-1.0256252827825287,-0.13338903131235763,-3.638966734305864,1.139985316321313,0.4284381323746092,0.03093080086492254,-0.9804452945887236,0.022832370873902788,0
0.11678332425014223,-1.0185011246095468,-0.13839534577558116,-3.6081021489181904,0.9478533986185995,0.4224113532102348,0.029171704580954007,-0.9785343497926695,0.02155555215112853,0
0.11273281983634102,-1.0101964777667858,-0.14165054843955083,-3.5534642836331107,0.7994950438706243,0.40817365931820926,0.029818623494805494,-0.9761952168289284,0.020974327440500328,0
0.11130437119316669,-1.0056752429679547,-0.1432288143712022,-3.4651236008177273,0.7064658389824999,0.36902062393394613,0.03220585872383304,-0.9743509932694386,0.02103259182635574,0
0.11366137025857968,-1.0069870761931312,-0.14508995661621288,-3.313898337872488,0.6726271872644374,0.2770973559031202,0.03545405396416345,-0.9729202412689126,0.020275677244239322,0
0.11837085561667629,-1.0111598804516067,-0.1491299834561171,-3.1122173651570133,0.6747758097818672,0.1279769293690692,0.0385945310279269,-0.9712872956612785,0.017192052708508432,0
0.12266413715946714,-1.013343401417738,-0.15440463188073217,-2.955930817675744,0.6644928591146593,-0.0398532015796705,0.04084181754587995,-0.9696167763363199,0.012531644077054602,0
0.12457857372620022,-1.0119271564883836,-0.15685410335539482,-2.9493539325499243,0.6062233954716353,-0.1640374623091701,0.041861278757088394,-0.9689717256808152,0.00951899698653158,0
0.12398646279489754,-1.0094484749563535,-0.153491380525365,-3.0720639562570016,0.513910224418235,-0.20738364000021667,0.041754970207611916,-0.9697916672687157,0.010776823708663329,0
0.12233867805699544,-1.0083463704340274,-0.1462592546154306,-3.164571264784721,0.4356336626649655,-0.19306871660811173,0.041130306661688334,-0.9709088080194758,0.015361635581907312,0
0.12155634278322947,-1.0078261304830622,-0.1402211613115052,-3.082608749342103,0.39270628824178366,-0.18200313160693152,0.040922717404228225,-0.9706077552135303,0.019825377856692084,0
0.12238625713653511,-1.0060834449217844,-0.1390169351961234,-2.8489266750390496,0.34277480236213936,-0.21098620882249802,0.04134672849192209,-0.9683748855917388,0.021854479125921842,0
0.12344972840643686,-1.003718899540643,-0.14301484637063042,-2.6324485602326644,0.21642543074735798,-0.26282068860608765,0.041116145412953095,-0.9653190535118631,0.021783777675458617,0
0.12241547627825633,-1.0029959587249218,-0.14924323705132986,-2.5964490515872582,-0.013691290177231709,-0.2961433876033915,0.03857088582978379,-0.9631085779002441,0.021016753443126094,0
0.11835172063586102,-1.0046716927437898,-0.15184352348946625,-2.782231000447161,-0.3105214935187566,-0.28763192303464125,0.033820269132605635,-0.9626222981550399,0.020426309337207647,0
0.11278402207556397,-1.0072659855635626,-0.14640334937990326,-3.1119138305023504,-0.6063478521665004,-0.24355411212874625,0.029246733124090023,-0.9633545879585732,0.02045222484069174,0
0.10866900903809044,-1.0090552419459908,-0.13597272261302504,-3.463558733846262,-0.8364647563187375,-0.1901977400194812,0.027497613932160925,-0.963984725686223,0.021685194236532312,0
0.10820124291421925,-1.0094964620545699,-0.12911663419014896,-3.740991691455543,-0.9518434330659817,-0.16302950386507015,0.02909648098732012,-0.9637399779080739,0.024649990858240562,0
0.11089775987611902,-1.0090261329269747,-0.1296297302655932,-3.9073014822904004,-0.9362759446494421,-0.19070714978118847,0.03222706089415576,-0.963339038367824,0.02912392461021096,0
0.11396046817348972,-1.0087725408922499,-0.13160472554813815,-3.984276448783301,-0.8207993163251435,-0.2713402966047002,0.03470422894603843,-0.9643840431618886,0.03397715672162334,0
0.11542909945598165,-1.0103645401712593,-0.12761864919145727,-4.01901408777143,-0.6615960768194399,-0.3654541727805711,0.03590873400009451,-0.9676411367099467,0.03769802444383545,0
0.1167016793421085,-1.0146076992222028,-0.11893641929224419,-4.034358918991306,-0.4966943900879825,-0.4293799923787575,0.036874375420650786,-0.9721028834356428,0.0390273943485351,0
0.12049458856246939,-1.0199366591426928,-0.11375091450304407,-4.009368515638832,-0.3321040166276621,-0.4623238459532105,0.03872127243543793,-0.9757954783820129,0.03745362356250669,0
0.12625313189469864,-1.0233198774259094,-0.11673234601338077,-3.9147439279382716,-0.16650759923251932,-0.506879478905108,0.04115646295112995,-0.9772101809784084,0.033558497959721545,0
0.1295629806106167,-1.0232607833096872,-0.12427262761370622,-3.765870862489699,-0.0162207414959694,-0.593584291152094,0.0426764431294465,-0.9761441133716915,0.028822201782607207,0
0.1272352956713269,-1.020868590053104,-0.13009195689317204,-3.635791528094556,0.08968173397882989,-0.6967353668458274,0.04232020394366062,-0.9736959205463,0.02482031940865754,0
0.12159418604251335,-1.0175416160669661,-0.1320833691430235,-3.6134228561282,0.137409616887075,-0.7606841742870338,0.0409801112740772,-0.9712097134310255,0.022585336669707974,0
0.11819930074647488,-1.0131923943930006,-0.13229812331575128,-3.7432408828337467,0.14922227784538566,-0.7687151072190184,0.04062357230261854,-0.9689330499163802,0.022502347675695172,0
0.11991162407950433,-1.007862888947681,-0.132668347195935,-3.995209622803032,0.17114378982551545,-0.7706945173090942,0.04206518732710015,-0.9663893745188495,0.02416213777560581,0
0.12446520560711238,-1.003737467705466,-0.13312375658016953,-4.285522925130538,0.23621047636391132,-0.8326328934250194,0.04368745834475441,-0.9641525016480816,0.026204086531672756,0
0.12734821832297466,-1.003879250230293,-0.13294515323804312,-4.528121207100216,0.3440969320934656,-0.9669086978937488,0.0428932927794215,-0.9639303449232308,0.027202074783988714,0
0.1256719597225483,-1.0089226343787385,-0.1315466642554672,-4.678820149005197,0.4797229287459885,-1.1231592220283901,0.03916959504124839,-0.9664300633224027,0.027360707391501815,0
0.11994897945109999,-1.0156459048630342,-0.1280172410651953,-4.745007743819118,0.6427056985421915,-1.2426220545148363,0.03520738460129962,-0.9702944386542701,0.028680003686533225,0
0.11413640045117748,-1.0194884853110135,-0.12211719987802155,-4.7580838541824075,0.850844305561056,-1.3141988824186226,0.03428465558161262,-0.9736324639805078,0.032598277602439316,0
0.11329301773637145,-1.019179179109171,-0.11612846964636175,-4.735663557664138,1.1208171181100264,-1.384067918155416,0.036831757174023275,-0.9758222891041399,0.03799208428269261,0
0.11856139402613278,-1.0183800645928305,-0.11375295364235055,-4.673705699364569,1.4491912538083693,-1.5130415849258232,0.040305151914777806,-0.9775765053404597,0.04238828742269711,0
0.12475227434808063,-1.0214467188486935,-0.1161210500658485,-4.571779617566314,1.8018061404879542,-1.713348914053024,0.04217147630933816,-0.9797800385911749,0.04457197537909066,0
0.12549395462305266,-1.0279365881561395,-0.11994782850393336,-4.4481055317827085,2.1168929380108494,-1.9246189135949836,0.042164463290569554,-0.9823858306639487,0.04505479026822164,0
0.12058439100675164,-1.0328212704209556,-0.12090700871577052,-4.3230873505398515,2.3348949897917937,-2.0626080090935517,0.041656520373739216,-0.9842556921551343,0.044631362669076566,0
0.11583308523046608,-1.0319434859818222,-0.11863645585674279,-4.20555426356843,2.443341362483881,-2.094046389385673,0.04164108548566553,-0.9841674816408861,0.043626814809479185,0
0.11566783385976664,-1.0258832566382243,-0.11703204857487454,-4.105547304804515,2.4884336276196635,-2.0576214431092645,0.041789829863780444,-0.981960577873106,0.04228930308039665,0
0.11831734720838512,-1.0183394802750418,-0.11908897892349042,-4.045499316074125,2.5268914052245393,-2.0165083222667195,0.04127565574397907,-0.9784648416251358,0.04096051269547068,0
0.11927627078974794,-1.0120887687710447,-0.12303307402763318,-4.045076880819042,2.5691164944814386,-2.0046654230824577,0.039933900990345175,-0.9745575744592907,0.039761452947265616,0
0.1176806275285788,-1.0076835918316813,-0.12486256780194695,-4.101260551532303,2.588227377706704,-2.0189583221543907,0.03815759777438782,-0.9708694384012078,0.03862312726956586,0
0.11695587379115749,-1.0053761979603193,-0.12346920935464191,-4.194411102086932,2.582289573883007,-2.0401988046419803,0.036064907005381015,-0.9682172392595075,0.03770853661322663,0
0.11946329481774746,-1.0061981803252062,-0.12166169599899489,-4.3146956874994045,2.5994298836568643,-2.044835934334978,0.03366455852138325,-0.9674012192847183,0.03740749023619843,0
0.12294535720053623,-1.0102751972227415,-0.12265097223719887,-4.47289733190528,2.6917382386794286,-2.0125845434080203,0.03164503093712078,-0.9682884354619631,0.03772211891931998,0
0.12330385609068148,-1.0152799565150543,-0.12649463720363208,-4.675839243018576,2.8657820465578823,-1.9469810614227776,0.030843651672208663,-0.9697334585991675,0.03793146384060804,0
0.11950030419530398,-1.0180044220839815,-0.129800437026549,-4.8968137759230235,3.088545195588726,-1.8814433145533602,0.030862113831287202,-0.9707853876421193,0.03725707479475119,0
0.11454518561442567,-1.0178055008302638,-0.12879064403940796,-5.086166574637363,3.3240302888816786,-1.8451261046342213,0.030374745163934118,-0.9716276458241497,0.035994773192315546,0
0.11222294206317726,-1.0175195385509663,-0.12326754146122765,-5.213835506587334,3.555664485216308,-1.8289893068170744,0.029061951982919654,-0.9730506337471084,0.03573247724042987,0
0.11366915017954228,-1.0198009960138774,-0.11763543226477582,-5.288107220927092,3.789691150112954,-1.8019200523090575,0.028156217783787803,-0.9752814163044579,0.03794440570154377,0
0.11692620712447696,-1.023280176248261,-0.11690744172885793,-5.327060885434055,4.046932710901422,-1.7522105441551845,0.02870672482913051,-0.9777168717898118,0.04215039904326667,0
0.11909076195777676,-1.0240645984005423,-0.12091734594511792,-5.324590462513223,4.342922171532557,-1.6963081644941658,0.030300947239603533,-0.9796984021703135,0.045908596522768484,0
0.11863705968511812,-1.0206763225475857,-0.12363556204849918,-5.255411952531091,4.67199251152246,-1.6520503927972863,0.03195488471925855,-0.9810874155714012,0.04711050202643862,0
0.11646425814514888,-1.0159454448757084,-0.11988111066425818,-5.106409182894509,5.014408796284831,-1.6183863962746297,0.03332575505345206,-0.982026439077831,0.04605656770614279,0
0.11564914739592634,-1.014176102236339,-0.11205562363711309,-4.8939342042499705,5.3536048306089175,-1.580651340722299,0.034471016478996794,-0.9825798074929286,0.04484232848435776,0
0.11920067610745011,-1.017207433981051,-0.10819353710403351,-4.654762251574538,5.678233800574337,-1.5267627875179608,0.0352564476771689,-0.9827089895862445,0.044871420704815076,0
0.12633175858224296,-1.0227796108492593,-0.11326954242621053,-4.427286012152549,5.975680982913473,-1.4593335733677066,0.035785320003084445,-0.9822627305929827,0.04541163951004522,0
0.13203070458979335,-1.0263777606180624,-0.12399464030466642,-4.243162200166715,6.239432001496144,-1.3978396509174422,0.036906516882066136,-0.9810581454459922,0.04466765975342707,0
0.13230033819453726,-1.0251455325515326,-0.13240262665947652,-4.136622016720011,6.481093322657963,-1.3672407518481653,0.039459626849379315,-0.9792969041471326,0.04200505713237106,0
0.12845063462117237,-1.0201296329844667,-0.13332533482173228,-4.149726592189548,6.720075864120841,-1.378749146723003,0.04298257620887886,-0.977589869761643,0.038755987661875727,0
0.1245406044773799,-1.0146819312042503,-0.12820019797229,-4.302161029442497,6.958529955599278,-1.4200949728019088,0.045630249759865675,-0.9761535105046001,0.03668136718653219,0
0.12267046434208315,-1.0112607890106904,-0.12300083775704436,-4.544550593902529,7.176239589517961,-1.4664180788454027,0.04564034647601899,-0.9745539692625864,0.03609619356691238,0
0.12245036421680655,-1.00998047094974,-0.12318925046881612,-4.764576614915564,7.351496760191703,-1.5022175751151141,0.04280180536373443,-0.9728666960161733,0.03606818164505009,0
0.12276675045528888,-1.009691294939147,-0.12956208696312707,-4.867563413427853,7.476792777361331,-1.5309991204577538,0.0383558619257351,-0.97233775019157,0.03597921377650693,0
0.12205524162304957,-1.0104692825080455,-0.13746976251495974,-4.85035165648428,7.549262191562279,-1.5594525399048391,0.033723873815321284,-0.9739205770032456,0.03591223544229458,0
0.11819552937084175,-1.0149872770253503,-0.1398508068036381,-4.781040958823286,7.555448512740266,-1.5751724720607367,0.029713072218668927,-0.9766682934235846,0.03578192374115523,0
0.1101461358104674,-1.0255142423383725,-0.1327188527653913,-4.713927956669607,7.480186231787136,-1.5517215288290858,0.026697335041480603,-0.9786170276361745,0.03527946934525977,0
0.10013238415756909,-1.0383611917129272,-0.11967404543163906,-4.648189679201278,7.334061991579249,-1.478631694661309,0.02496196199097375,-0.9790598893288136,0.0347812866113006,0
0.09337980159970594,-1.0443928340847977,-0.1101524052041094,-4.568117275062649,7.1628215458440305,-1.3749047686251805,0.024722395637457994,-0.9790275202141667,0.03530307916326565,0
0.09443449459862585,-1.0384736011672444,-0.11045640881426527,-4.488200276044238,7.024078045557024,-1.269859088067501,0.025896444411441333,-0.9795725982453459,0.03725655094650614,0
0.10317754612904917,-1.0263944123616158,-0.11696330433710236,-4.433964785053975,6.957629279606037,-1.183614660255392,0.027830571752826192,-0.9805054860400562,0.039901546826057996,0
0.11447094251121333,-1.0188483067250118,-0.12125593535022126,-4.397402322631432,6.971597646174886,-1.128685646233794,0.029410597755064362,-0.9810564326151785,0.0421126193393177,0
0.12181989613038711,-1.019866538397083,-0.12093727688245329,-4.343544659182477,7.038112361821554,-1.1132413388058473,0.02980907454102943,-0.981054726127604,0.043101974527309926,0
0.12238988241645735,-1.0243056258384047,-0.1206484455227379,-4.260069640057853,7.096540448504215,-1.1331592309510834,0.02927759852541407,-0.9809912146962803,0.042566070536791664,0
0.11925666602297214,-1.0256874327325465,-0.12272101959255736,-4.174109508058214,7.079542863108401,-1.1707134789110534,0.02899022503392421,-0.9812232764175682,0.04099307217931266,0
0.11730635569172361,-1.0231867173512836,-0.12323588761002235,-4.110904881256147,6.960309881845999,-1.2086496661216017,0.02981635753598063,-0.9815546076558074,0.039845075535632504,0
0.11636102100060612,-1.0205371686370672,-0.11938648252438426,-4.0536669738706035,6.783845868161309,-1.241002634958918,0.0313346511440791,-0.9816180952549886,0.04056474185381088,0
0.11175364198969541,-1.0207842832453655,-0.11483383546804597,-3.959853897019786,6.639652459584817,-1.2678440373799182,0.03240389685606037,-0.9813521842374884,0.043111247858752415,0
0.10323641623693902,-1.0236177585095854,-0.1140537532201194,-3.811629856460522,6.583551662585803,-1.2854464772579608,0.03255687572459404,-0.9809626053314856,0.04600553510362187,0
0.09806078415350908,-1.0265384261210035,-0.11546780438371215,-3.639290016108026,6.585575619280409,-1.2863414201516479,0.03226294157123194,-0.9806729437489148,0.047990498692065314,0
0.10122318769763865,-1.0274578815431392,-0.11425660073772248,-3.497432102322146,6.568869879159399,-1.2677268930536332,0.03192056039202717,-0.9806547944087195,0.049176220358547656,0
0.10743304517394651,-1.0264152856416053,-0.10975194621070294,-3.4267269391894803,6.494046689433258,-1.2366688311595324,0.03130174461898541,-0.9809748325426957,0.05039128971756532,0
0.10814031143267905,-1.0249382759423964,-0.10596465343980746,-3.4366253764671133,6.3845958302800865,-1.2050414427759994,0.030053782070351157,-0.9814791352968772,0.0518738586785269,0
0.10336940271545729,-1.024189948395115,-0.10501915240174589,-3.510380861658172,6.277670158397131,-1.178983837219371,0.028275233715646896,-0.9818614556337686,0.05294833759337153,0
0.10105270082746612,-1.024590827903126,-0.10395524149429736,-3.6140892184512445,6.183899094941338,-1.1557182994663613,0.026656431142087208,-0.981898134862512,0.05285254637968708,0
0.1057960166154026,-1.0262936916824479,-0.10053114392199088,-3.7061404080767515,6.101961055937166,-1.134039420789249,0.02624712395015676,-0.9815701506282942,0.05168951399250746,0
0.11332620992878308,-1.0283824247751852,-0.09968928704885438,-3.7557509229954453,6.040578673339099,-1.1261810949973263,0.02767517359719541,-0.980992679327097,0.050620770442368034,0
0.11708395495885032,-1.0286567004396663,-0.10864662607086037,-3.7594743871724052,6.005965389385688,-1.1519013073759827,0.030386166904385614,-0.9802523472800655,0.05119642943822525,0
0.11659144040537976,-1.0261339515913683,-0.12430379802919377,-3.73494085466045,5.985196804821068,-1.21512478949679,0.033124290768211107,-0.9793374661875744,0.054201486248934436,0
0.11689456516581442,-1.0230413562266343,-0.13212493900633554,-3.70318202855779,5.961778460282161,-1.2866327627946261,0.03530634124142379,-0.9784140291392087,0.05867312236529737,0
0.12171466244430597,-1.0227899526658586,-0.12272583625273886,-3.686487892403894,5.939701798970079,-1.315998231228628,0.03747170502517861,-0.9782322081355896,0.062194869059974615,0
0.1295151141712655,-1.0262865873580769,-0.10459820029363118,-3.7123218796181066,5.936786130860227,-1.2728320189751636,0.04028262099834514,-0.9798064791415609,0.06295490497547795,0
0.13564683815440878,-1.0310063789324242,-0.09403990129554675,-3.7973772369197767,5.957394492300135,-1.183648515224909,0.04350739841370146,-0.9832354954335816,0.06165983415172052,0
0.13683978994607723,-1.0335889916402579,-0.09619057270119231,-3.928123359473425,5.983277782506248,-1.1168568492687105,0.046154100777286836,-0.9871696218691556,0.06063045386461964,0
0.133708174099077,-1.033263442570465,-0.10223388028786819,-4.072806680204222,5.991094271135697,-1.1150848166408345,0.04729111607110137,-0.9900375606753855,0.060892489629482606,0
0.12966803499678906,-1.0326350004934437,-0.1027786863467038,-4.212789861114968,5.97094115190115,-1.1456224360549474,0.04660855706873751,-0.9916071984080598,0.06114655590192233,0
0.12752293931444128,-1.0343932166301977,-0.09852442731280835,-4.352958019715509,5.926815540846742,-1.132299551311762,0.04459421773444475,-0.9928660007986189,0.059906563924438085,0
0.1269929866889421,-1.0372938868968136,-0.09809589250541945,-4.504591682048657,5.864948757349869,-1.035366663951935,0.04247445239596637,-0.9945834512014206,0.05760759580430302,0
0.1259080929397189,-1.0372443734603058,-0.10754412383925806,-4.662005468779997,5.78545005762775,-0.8854928294459936,0.04160206907636278,-0.9963701797483433,0.05593049583231003,0
0.12374864065698515,-1.0332971372775617,-0.12196798321823943,-4.790196909983955,5.684885839332103,-0.7378811906347589,0.04235476254304687,-0.9970561663578861,0.055685146794129635,0
0.12273948459677989,-1.03020417456475,-0.1291330490246781,-4.841100609938387,5.56558365266057,-0.61214352778091,0.043671329056448584,-0.995888473900773,0.05604441368673539,0
0.12457836816615794,-1.0328559609311685,-0.12340425210112609,-4.801718793168017,5.440349240876138,-0.49040122934701047,0.04407087815188272,-0.9934205832751306,0.05559786734072962,0
0.1274492311100324,-1.039963460421292,-0.11307843913016531,-4.728540880728963,5.323746523002289,-0.35902159833472874,0.043200152478610886,-0.9911863525314872,0.05364988428322684,0
0.12808645792594944,-1.0456223545079102,-0.1104696438691877,-4.714150849836209,5.21645925515125,-0.22612150496234878,0.042091584989153094,-0.9904565600625131,0.050560513050501577,0
0.1261031957628759,-1.0460381797172016,-0.11757212537705942,-4.807203951086043,5.103236808133703,-0.09710224890959152,0.041826449666713256,-0.9912418892748023,0.04726059988462889,0
0.12423700235918433,-1.0427889226192602,-0.12525845331665156,-4.969990313165203,4.96992298790455,0.04214016807509788,0.04226683430055703,-0.9923773698953019,0.044684602764977016,0
0.12431395583894915,-1.0399739699368842,-0.12475599966225855,-5.1170328689177245,4.816822202774141,0.20319500147407557,0.042362504173725626,-0.9926944105293574,0.043474013339636325,0
0.1249840815200825,-1.0395528761069837,-0.11659631740123241,-5.187435815743823,4.653206583898997,0.369987832067794,0.04149065086026772,-0.9921838917296356,0.043689972889791054,0
0.1242341479048899,-1.0398768455016938,-0.10875033515498364,-5.176992512591252,4.488294288747675,0.5113412009376711,0.03996811518359755,-0.9916737508264174,0.04447040274803287,0
0.12240724875116549,-1.0384289820429125,-0.10814589951244302,-5.1144145541694135,4.3315874723344825,0.6122316966134764,0.03820603109932602,-0.9913832098073677,0.0442864447903761,0
0.12126464176714295,-1.0349548169610832,-0.11457409117736866,-5.025594665541577,4.191347942577978,0.6806562478720041,0.03618787053227496,-0.9904167227067933,0.04213809224649149,0
0.12121368253186124,-1.0308184929582949,-0.12234209782814788,-4.924415685365233,4.066660106429177,0.730313389890617,0.03421165247135529,-0.9878035741829875,0.0385599981771561,0
0.12119810550446723,-1.026219799927106,-0.12687431161466517,-4.825800526673787,3.9502758368315467,0.7706377013952035,0.03321436754882985,-0.9835341081455773,0.03504679170875446,0
0.1208053125860819,-1.0203680042248904,-0.12816233663988089,-4.753465695186455,3.8442425734242676,0.8110595588947216,0.03367005628384947,-0.9784994665639163,0.03258702323142791,0
0.1208095931143655,-1.0143894692534903,-0.12800693396252139,-4.726795298141949,3.7621427826875933,0.8591624996993101,0.034946647055103155,-0.9738845798604392,0.031246168675285,0
0.12158104918091482,-1.0116033225567684,-0.1268413783691127,-4.739362580550696,3.710473469150832,0.9082176358527414,0.03630256146184404,-0.9708328777372265,0.03078877531754512,0
0.12229532907559235,-1.0138656852407644,-0.12480812224751264,-4.7543858754741635,3.6779828447604084,0.9359221004363787,0.03775143058588341,-0.9701942574070259,0.030800104662956622,0
0.12205942260832517,-1.0187850742311853,-0.12374978908486885,-4.72546282654585,3.647499805820381,0.925294997523175,0.03946849544218454,-0.9718100898644465,0.030454362159616444,0
0.1209312475700813,-1.021525794694195,-0.12580207584626188,-4.628616251420046,3.6087987794258245,0.8839660423370003,0.04107214612246761,-0.9740316983187287,0.029119672799186636,0
0.11963643513231553,-1.0193725516216416,-0.1305589090217516,-4.485256324318681,3.5587110851231625,0.8348422096656144,0.04206428499259009,-0.9747828386516303,0.02714190955511226,0
0.11889393221492303,-1.01411308516309,-0.1351239207229366,-4.356077612620032,3.4985290711754145,0.7908301600863179,0.042401059830453676,-0.9734775580766007,0.02541411321347295,0
0.11880666809247789,-1.0096903514413744,-0.13678070597821373,-4.2995211536622655,3.431519381168417,0.7480813573538979,0.041997835569726784,-0.9714184864707922,0.024280022067314375,0
0.11834245564423394,-1.0081272158434538,-0.13482426950975737,-4.326985983090129,3.3559511970503935,0.7012045609106566,0.04031483219824599,-0.9701513062255718,0.023315911392060858,0
0.1160785650312882,-1.0084374868134933,-0.1307065126682585,-4.401871711579711,3.2626461086954603,0.6556267957778655,0.03728153630233465,-0.9699554810467126,0.022197598856684063,0
0.11224252104705296,-1.0087918428158704,-0.12750199896735367,-4.477587722596821,3.143496462718483,0.6250074211135274,0.03397629786204439,-0.9701711515533575,0.021443287306437114,0
0.10923316371891659,-1.0085894016548849,-0.12787430150794374,-4.522929609093201,2.9993705918868048,0.6171591205208141,0.03146950791080207,-0.9704780838536422,0.02195148882862051,0
0.10919086264324544,-1.0086916656703329,-0.1311484207528702,-4.520304801409296,2.840181177298534,0.6187494211213636,0.02967432296529892,-0.9712257031060241,0.02381722135819929,0
0.11152890827146722,-1.0104645146268154,-0.1337336061401866,-4.469105753771358,2.6822350889586266,0.6017101469223143,0.028176658751485572,-0.9724808049231861,0.026109334364647564,0
0.11345281319233494,-1.0143444795855514,-0.13346660752548192,-4.392560340699942,2.5412339725274062,0.5548805857246378,0.027381566601289535,-0.9734091140994648,0.028028906396935966,0
0.11273110860425799,-1.018833747622548,-0.13198811707041205,-4.315688700700202,2.4192594600992305,0.49789047669355674,0.02788390709984755,-0.9732398442822463,0.029612220997830032,0
0.11004086943300344,-1.0213864664792502,-0.13213039083458974,-4.2404238888596595,2.3004820720820978,0.45177957436812055,0.02932238150571847,-0.9725730528772027,0.030785479489970968,0
0.10874247854804323,-1.0209314160172858,-0.1344715960732286,-4.172302433107841,2.165732507829338,0.41167613774266826,0.03077022478949646,-0.972860930883171,0.03061472847111538,0
0.11167980479633541,-1.0192553087502183,-0.1371161677901991,-4.158274851644087,2.0128378166981977,0.36475064873977714,0.03195712377183067,-0.9745342704626176,0.028676190609313628,0
0.11778296828181777,-1.0193297754353732,-0.13797360091578517,-4.244032687035987,1.8662060327140555,0.32169405352043295,0.03334822385028866,-0.9765577321076444,0.026647774619822918,0
0.12255892659145882,-1.022271880570194,-0.1366000922829549,-4.384008587913393,1.7686258584153491,0.31182231938833394,0.035009363611355156,-0.9780549097249597,0.02697854795626329,0
0.12264903962705596,-1.0262429883168052,-0.1337845846065727,-4.4409655041450975,1.753611042910185,0.3510958868841932,0.036070678924128935,-0.9793633019907054,0.02972977261067624,0
0.11955158930037021,-1.0283384400465834,-0.13011327472733808,-4.299752669717512,1.816264668895057,0.42621631563165274,0.035865575614983145,-0.9810488219171905,0.03187668911092673,0
0.11802836126762825,-1.0273288364844366,-0.1263950941742931,-3.966273580210263,1.9173637828987284,0.5085959662905869,0.035268631922716676,-0.9827382129419165,0.030363846794915446,0
0.12075959963443783,-1.0244562129692356,-0.1253519774049029,-3.5600008584121765,2.0212741365719284,0.5776145807181786,0.035947172149454955,-0.9834020357243084,0.02535902294511253,0
0.12535269839603505,-1.0217000331011457,-0.13024166374547985,-3.2355846491746174,2.1207205261529256,0.6310718800575912,0.038192847019872946,-0.9823626802995468,0.01998878301971087,0
0.1271121437963611,-1.0197227050709208,-0.140166766053547,-3.0994968558869824,2.22159121677306,0.6770011088530791,0.04054006359738802,-0.9799887235221941,0.01712281555894027,0
0.12426461437590884,-1.0180594608514537,-0.14876487947347225,-3.1592171677507364,2.3184469056914687,0.7174904929650416,0.041784548914236275,-0.9776331070820713,0.01695393604288522,0
0.11963700129198944,-1.016960163756856,-0.14998801710836127,-3.3345086503321753,2.3941197529983578,0.7420937126361643,0.042234977070497205,-0.9765189274748212,0.017734014931753306,0
0.11709241130387331,-1.0176898854919907,-0.1441967711781503,-3.527317827074706,2.4353695666740625,0.737437735586125,0.04252446574318169,-0.9765325644780214,0.01829858942903639,0
0.11719757754306141,-1.0205207910068577,-0.1366632706617447,-3.685655481262608,2.4435889445547394,0.7008902954995323,0.04231848081549268,-0.976679676081255,0.019312226803245902,0
0.11730879223235867,-1.0235887640832166,-0.13140304472525316,-3.8018410082046237,2.4358035692550395,0.6408604236933424,0.04100181292427368,-0.9767835335408283,0.02195704564662924,0
0.11559820678854667,-1.0248008925992527,-0.12874575883656697,-3.8661230724034557,2.4366810777067287,0.5628644073867829,0.03892643791315724,-0.977964494640562,0.02586271251467582,0
0.11357150134386566,-1.0244706524164118,-0.12792570083371968,-3.844828318176393,2.4606248067636955,0.4628700178580145,0.03708117372264464,-0.9810191670124124,0.029058834853186066,0
0.1138996393114867,-1.025022291614156,-0.12912773813129302,-3.7120259455585463,2.494256784332557,0.34234074138911624,0.03581630914018521,-0.9847394001365594,0.03021807476243771,0
0.11677965599754463,-1.0279268011519822,-0.13193883502301293,-3.4943016002724656,2.49929887141855,0.22300030203325824,0.03469101699022614,-0.9865991227427944,0.030245017414216396,0
0.11951983203051662,-1.0317452101294329,-0.1334803511650989,-3.268996389154514,2.440122876190301,0.13438077341923188,0.03352163268978015,-0.9853927656184889,0.030951977776488056,0
0.1193287052452732,-1.0335755780886757,-0.13083112663209742,-3.1086646063429475,2.311454406140937,0.09110352771791053,0.03283308881563499,-0.982582077486295,0.03269140116980853,0
0.11593957222684093,-1.0318420909700923,-0.12589328545533318,-3.030861625255957,2.137472523879337,0.09242008489869548,0.03303308117186609,-0.980553819789937,0.03416536438973439,0
0.11183297624690405,-1.027338150046689,-0.12480170169034616,-3.006942689572792,1.945590691242407,0.13447150106723688,0.03358346908218891,-0.9801502675990976,0.034116816760033676,0
0.11008361424747407,-1.0220793823628551,-0.13008184457283123,-3.0103523920300663,1.7497174401245768,0.2082561667550306,0.033374872923609966,-0.9804498308763964,0.03227680806688141,0
0.11167968360389391,-1.0177448188750249,-0.13600772196143476,-3.043017118309036,1.562595388099525,0.2935986150127484,0.0319868013488292,-0.980317545222195,0.029116446703212586,0
0.11482766215577186,-1.0153186188982921,-0.13563779911410534,-3.118437314230538,1.4105874265913798,0.3710417516979573,0.03041583231598248,-0.9794292455077681,0.025663503257938772,0
0.11694755269633701,-1.015628183741483,-0.13094438964350918,-3.236787431301846,1.3178354956547194,0.4373644980447768,0.0302239728820698,-0.9781456127959356,0.023186603950172784,0
0.11743432865979289,-1.0190230154661195,-0.1309339485579174,-3.382288369885077,1.275325642803626,0.5014262254617892,0.031871040088383276,-0.9771112659071931,0.022155829074895148,0
0.11826065163261079,-1.0239530746800602,-0.1393508512423344,-3.5311356973913006,1.2419254991546729,0.5691861725498036,0.03423197581210629,-0.9769618238647593,0.021730166350038535,0
0.12127919571150253,-1.0270310910132707,-0.14931189716563517,-3.6564657164297913,1.188393133885317,0.6364959277650195,0.035898648137424986,-0.9779205020761265,0.02084431606170328,0
0.12528248801066819,-1.0260938810991176,-0.15221612222485204,-3.7408071951136606,1.1343204225543888,0.6887720443678198,0.03657664600541696,-0.9794416789182597,0.01953013236120542,0
0.12714836749658334,-1.0228703439841333,-0.14787907713826526,-3.790935336473785,1.127260800946659,0.7042324243455329,0.036981335626179904,-0.9804066621500241,0.018725229397478407,0
0.12590335116295154,-1.0210517770387344,-0.14298313035182758,-3.826207912121859,1.1870558656114683,0.6662939231429215,0.03763525277872917,-0.9799804221541657,0.019011837116454735,0
0.12386829802353094,-1.0219803555708178,-0.1424361338788287,-3.844025088932631,1.2864276297163524,0.578940008196561,0.03811540734239388,-0.9783978500576678,0.019964452888273518,0
0.12319045217961144,-1.023907988785755,-0.14532754413593355,-3.812775695555691,1.387050399057035,0.4680551114156597,0.03765758360045073,-0.9766886765175348,0.020711821893051787,0
0.12282480365240096,-1.0249241837526977,-0.14788502944972184,-3.717587079200887,1.4759374678885986,0.36727379916178027,0.03633240990341009,-0.9755595222617216,0.020794052409482715,0
0.12018345978069975,-1.0243696036078078,-0.14788796788706696,-3.603824011605594,1.5576377062945377,0.3011233028388276,0.03508424517106043,-0.974834369577825,0.02029398272865496,0
0.11507323592629293,-1.0218340490407403,-0.14621283898779222,-3.5459254709041934,1.627276211334589,0.2736880709225571,0.03445232986175847,-0.9739172660152107,0.019466882492804642,0
0.11063607960288417,-1.0173528563957304,-0.14493169558281097,-3.566205830496016,1.6712516669911703,0.2680967999318282,0.033859333639195396,-0.9723264254099456,0.018708133605604835,0
0.10998012022501424,-1.0126105936350747,-0.1443753240678672,-3.6100528408974752,1.6904505908194647,0.2604021834983911,0.03257974727071314,-0.9698505097574112,0.018651766824662006,0
0.1125769640877697,-1.0097704522358035,-0.14293657594667603,-3.6151557583705403,1.7021737970647448,0.23735779681599073,0.031007801545437922,-0.9667436311124136,0.019620419587931964,0
0.1148495013113664,-1.008990634760175,-0.139884046152206,-3.5837744173789163,1.7127676750818952,0.20125021131509707,0.03042140315799688,-0.9638709910542408,0.020992657894960017,0
0.11424009622634039,-1.0086407338619856,-0.13682784809072715,-3.570201719766973,1.701521361602297,0.162116012335331,0.031516300686970374,-0.9623323429138779,0.021730090698499932,0
0.11178159250304784,-1.0077591768932639,-0.1357433430125469,-3.616571477794094,1.6404208646270677,0.13109141586081094,0.03355611910721624,-0.9628217604457486,0.02159365804927466,0
0.11030085142090593,-1.0070382461901937,-0.13703746851581267,-3.7214538995911957,1.5236057004944927,0.11876410826576797,0.035018139280194115,-0.9653914211620342,0.021348917679555542,0
0.11094102861030708,-1.0077776273024701,-0.1401991564558737,-3.857061012299091,1.3701693180718768,0.13161937574475774,0.034767603499341715,-0.9695529598245414,0.021688280955167467,0
0.11241686204173001,-1.0108476631382541,-0.1446768338938648,-3.993052487210322,1.2015380858505436,0.16576013528421732,0.03273190067075623,-0.9741768079935684,0.022352125541652317,0
0.11330473571963177,-1.016015032229039,-0.14909574430410313,-4.103873903595887,1.0240178866379122,0.20546974163860243,0.029959716822305638,-0.9775770077931192,0.022485802859117776,0
0.11361025173581292,-1.021450405919485,-0.15101294295360265,-4.169776058974527,0.8343933887338251,0.23112762546136348,0.027936490897486822,-0.9786702243944405,0.021561957342001205,0
0.11381557274706783,-1.0249042549749698,-0.1490396055014066,-4.180917826372635,0.6381657560843632,0.23135436418847422,0.027365859786958192,-0.9782270603410244,0.01968521514886597,0
0.11393707782988799,-1.0260746726999175,-0.14490098840063806,-4.138809171359849,0.45827140841718744,0.20734036380957518,0.027710811769173296,-0.977926125831816,0.017253664729826524,0
0.11424356339308321,-1.0264037369136887,-0.14220589865081332,-4.0520927667666005,0.3187744485807038,0.16268352953756382,0.028036305835187788,-0.9778457460554308,0.014663361774844102,0
0.11552821527890672,-1.0261286990984155,-0.1429562097786178,-3.936871019289006,0.21499560613827093,0.09085805890788519,0.02789852015285749,-0.9762338898831733,0.012102181659291689,0
0.11769999964491916,-1.023734988586685,-0.14575690354327195,-3.8225409899772607,0.11062462031253033,-0.01816712412193819,0.02741661549003136,-0.9724664103231303,0.009395937595350453,0
0.11908864595536361,-1.0190408070347567,-0.1476305364530365,-3.744300868051766,-0.021526495991105267,-0.15334523041302725,0.02699848023295078,-0.9687149992289854,0.006452246432802962,0
0.11819220997304603,-1.0144936558113187,-0.1474885463874258,-3.7185943121945395,-0.16240341066961678,-0.2745502482395767,0.027066853110756007,-0.9674178217740171,0.004021054624940514,0
0.11577161466526277,-1.0123685811253924,-0.14732805940424332,-3.7293073485861514,-0.2634384674905411,-0.3463163961594919,0.027807853916953555,-0.9683406325426105,0.0034553145433258224,0
0.11440251889688875,-1.012435108762883,-0.14928481021994544,-3.741137133247916,-0.29299202660798485,-0.3808884152525624,0.029200004221501864,-0.9695134128233517,0.005403021268431965,0
0.11568055106523975,-1.0132032564147078,-0.1520539270492738,-3.7214076893467207,-0.252065580876086,-0.43027409407199496,0.03120471786683664,-0.969997074390548,0.009012730301550182,0
0.11838732346921059,-1.0140407669888782,-0.15204373962969503,-3.6529151597521867,-0.15323883100616467,-0.5247766342432446,0.03357875938851702,-0.9703180910017176,0.012585617649906771,0
0.12008886099455286,-1.0152198265746022,-0.14847083513248527,-3.540996286349285,-0.0059222268669172524,-0.6299557628227301,0.03550922687033426,-0.9709575243102466,0.014920361963012666,0
0.11989099464813521,-1.0167431934626074,-0.14521281993475926,-3.413974224621944,0.17602554755190983,-0.6790707173147542,0.03603429072975373,-0.971766695701821,0.016026949883177363,0
0.1184610817428674,-1.017907821331975,-0.1460072930846096,-3.3077580951936336,0.3690128572555847,-0.6462029025619963,0.03524057147422498,-0.9725788804650431,0.01662092258674874,0
0.11637927420106163,-1.0178870645808402,-0.1493941442290985,-3.241669917515389,0.5514963974211575,-0.5737483575014568,0.03459050288786754,-0.9733708071853351,0.01709238276378578,0
0.11435968101247397,-1.016532602177253,-0.1508314073580832,-3.2088449752015826,0.7186305292474899,-0.5237209937744731,0.03544187426655325,-0.9738027985511409,0.017201117737533658,0
0.11411183987619125,-1.0147002214344212,-0.14903138221231782,-3.190289911361471,0.8830300289586475,-0.515332273409436,0.037488978216494946,-0.9733369449384954,0.016771600971182087,0
0.1167392129549157,-1.0137858316335329,-0.14732308599190386,-3.1750109708437746,1.0610785010265027,-0.5219048228685568,0.03919320318890606,-0.9720932278940916,0.016368543248922316,0
0.12078223114584975,-1.0146412975660604,-0.14857773724938125,-3.1660753193833933,1.2554843171839731,-0.5176251516223763,0.03943175058547031,-0.9711565580195867,0.016960430208399848,0
0.12357852691143802,-1.0166325096867412,-0.15157111603617093,-3.171736613897268,1.4464165344608029,-0.5066905320968935,0.038179861399154746,-0.9715491157424323,0.01875643312132818,0
0.12413583121637842,-1.0179490211122122,-0.15311993756432554,-3.194003591342465,1.6005444197770942,-0.5071757721496045,0.03603531517488796,-0.9729457087672624,0.020551740914426353,0
0.12345235291433672,-1.0174120920543455,-0.15156377669525659,-3.226791904570215,1.6970340226458354,-0.5241997691399886,0.03387022261668032,-0.9738768085829108,0.02074605849630002,0
0.12259057817425506,-1.0160038765842148,-0.14758475637838606,-3.2652624806163533,1.7496552310914413,-0.546150102647807,0.03267291156655386,-0.9734587428265076,0.019149792003571555,0
0.121674345575983,-1.0160045678910485,-0.14336236987579318,-3.3100083110217753,1.7954537275321762,-0.5591187112497474,0.03288992724760117,-0.9726148616450403,0.01723377734650517,0
0.12061183196831221,-1.018396908764603,-0.14102386248843604,-3.352566287231036,1.8508734647192566,-0.5567789111476256,0.03382420750725423,-0.973095846750407,0.016448283542884665,0
0.1198452345881647,-1.02149903689831,-0.1407840359800822,-3.3655469131927633,1.8847790538965543,-0.5382809515695971,0.03412148602342603,-0.9752904300977885,0.016934710785925434,0
0.12017755152552835,-1.02257386012196,-0.14096692500541144,-3.330391439898202,1.853448111420556,-0.5094730208882053,0.0331686915903838,-0.9776291040333123,0.018067234100185466,0
0.12218830870733452,-1.020977046830587,-0.14025387743109893,-3.278161355756279,1.7659027552993287,-0.49223631478183233,0.03215444334565879,-0.9785772754853838,0.019559511983486995,0
0.12575189611915938,-1.0192822318361126,-0.1390322640281781,-3.279489007206108,1.6949842852939059,-0.5151065421907337,0.03331989602759601,-0.9786000313437004,0.021514016902099982,0
0.12985585182656306,-1.0204414615824526,-0.13834483020037464,-3.3772117937144173,1.7091538931823873,-0.5768985129728904,0.037369984826122075,-0.979250321714885,0.02363833833950745,0
0.13295767858173868,-1.0240604462229699,-0.1383755038209397,-3.5331672406969545,1.80227581245209,-0.6330628322999275,0.041956640130862456,-0.9807159636105532,0.025041991129008397,0
0.13386271967328894,-1.026837315418616,-0.13825084124981535,-3.6507882949944728,1.9028036421930843,-0.641216725440906,0.043931896806121064,-0.9816754837530832,0.025093526353773946,0
0.13259961845520274,-1.0269966094839884,-0.13699187487469333,-3.6561912807343537,1.9485923473751061,-0.6096416298707905,0.04297177912861692,-0.9818469059209131,0.02420895389466117,0
0.1304613755792213,-1.0269885914561603,-0.13450698542813666,-3.5642967364952614,1.946795794454344,-0.5693695853931385,0.04165296055996945,-0.9831748484824588,0.02357838156199292,0
0.12888885128629554,-1.0306815129571203,-0.1318058515681829,-3.4690747184544466,1.9636710635441337,-0.5024166574952186,0.041875942298024126,-0.9872895012128905,0.024193482774690488,0
0.12826177667091943,-1.038152849184242,-0.13054708341688354,-3.4602146441963355,2.055213904164773,-0.3417872125982788,0.04257464055866544,-0.9925317525607588,0.025934939280389688,0
0.12795776740408374,-1.0444786463780438,-0.132343499984018,-3.5383103416520774,2.1985708914349917,-0.060971614995736695,0.04158593335753682,-0.9949340456116722,0.02731771949374751,0
0.12732110427020824,-1.0442812006719833,-0.13773301713372138,-3.615313915750054,2.2937046635097222,0.2681779265922702,0.038799038501445914,-0.9921735689862746,0.026489227757635753,0
0.12608006417245363,-1.0367491067906178,-0.1449876183770751,-3.604342626844121,2.252858643577656,0.5253229319855982,0.036201831394865484,-0.9855474875439467,0.02296964027232138,0
0.12391721418264576,-1.0258171077687037,-0.15043060557052224,-3.502165496527103,2.098042731012695,0.6299544663247878,0.034926119612638994,-0.9781829475286327,0.018308689468057956,0
0.12030225577698334,-1.0164293802640811,-0.15158576603096863,-3.384924486682568,1.9532071415873133,0.5820913130463096,0.03366771636441428,-0.9725654827701588,0.01483923516279455,0
0.11528626067755823,-1.0112072441875093,-0.15014524626915662,-3.3407193335327503,1.926849024177768,0.44856717405629115,0.03081462474571,-0.9697848543756101,0.013827938876562357,0
0.11024564067204398,-1.0098616632294188,-0.14978888719768232,-3.4046550879112436,2.0137491836447983,0.31418191542628726,0.02714273374523039,-0.969671895334245,0.014727317176466779,0
0.10701398255156842,-1.0107889133574408,-0.15065163313621846,-3.5337298892090954,2.120795646441346,0.22362506847243346,0.0251469557241555,-0.9711291037023518,0.016031015860755324,0
0.10601294821584765,-1.012844214017402,-0.1486144801100409,-3.637712804437452,2.1725888781693987,0.1663803678348798,0.025904720971829855,-0.9730635996903143,0.016803251599912878,0
0.10598534539380466,-1.0155833280436841,-0.1415131614417751,-3.654043739340258,2.171166971011706,0.11726820665166396,0.027620512147085476,-0.9750502287570924,0.01728019379986082,0
0.10583019948810468,-1.0184432351979427,-0.1335940277971894,-3.603660646903435,2.1562707890901955,0.06895271687933564,0.02761598204485517,-0.9766195395569233,0.018027947755809102,0
0.10571740183649336,-1.0207792256545116,-0.13125831320640344,-3.565463616549354,2.134645667847707,0.016912957401768444,0.025310214187838402,-0.9766055864457527,0.01906442150429257,0
0.10596880957770145,-1.0226602839027967,-0.13563778756534384,-3.5905150871737708,2.071140139596201,-0.05715785906496473,0.02279577607787892,-0.9743349312862409,0.02019022220137856,0
0.10596918328213782,-1.0242747797273912,-0.14188167342267516,-3.6486643936150074,1.94060398765047,-0.16290578318358287,0.02247451987931317,-0.9710703345644516,0.021535666009991402,0
0.1049987966856451,-1.0242728311845826,-0.14515075000364266,-3.6665335154516723,1.760997057139369,-0.2745771542654417,0.02447119248045645,-0.9690322340488148,0.02299440923230777,0
0.10350087105549513,-1.0203122486418859,-0.14496249321783775,-3.60967277068379,1.5699005747822428,-0.34477052206218795,0.026684851688401037,-0.9688837303174447,0.023591585894984456,0
0.10286546293671722,-1.012312222337445,-0.14378805658009544,-3.512786107820132,1.3909903826239618,-0.34393812342208385,0.027237073272576802,-0.9689942646876952,0.02232782381673625,0
0.10415277340440518,-1.0042356996247577,-0.14370284708978343,-3.435467250025218,1.233092991815659,-0.2808958306624077,0.02635542643513808,-0.9674169567012658,0.0194409199653536,0
0.10714876631499547,-1.001104980772472,-0.14527608261952168,-3.411655315487362,1.10008330525582,-0.1869011783851407,0.02561158911745376,-0.9641854214746942,0.016152700833742775,0
0.11035413215936023,-1.0037781345303871,-0.14836021647159503,-3.4448102114402754,0.9844328859577277,-0.08561541469360913,0.025780844570805154,-0.9614584547839198,0.013335532431836073,0
0.11197133778092508,-1.00774464371245,-0.15262772657374307,-3.528690520716286,0.8642851239819973,0.01664652114910135,0.026229094359676033,-0.9614328079702925,0.010965313656109298,0
0.11160618659331879,-1.0083032061354893,-0.15718095252318887,-3.657829033492785,0.7224292305211923,0.11547771409136676,0.02642711978604656,-0.964107711085304,0.008774854877802461,0
0.11115623971969667,-1.0060468280682322,-0.16007710372009007,-3.820400890156851,0.5611391817597664,0.19653099784298572,0.02705446972497755,-0.9671962311840947,0.006878150219177921,0
0.11300820029466624,-1.0051914481132997,-0.1591369214092811,-3.98402782659406,0.3896104152597444,0.24311311869292437,0.028928100238931366,-0.9683081031885294,0.005584829783351474,0
0.11689225447021206,-1.0071317145243035,-0.15430561361407352,-4.096600958183091,0.20695414817173277,0.24876238763472522,0.03148119654936823,-0.9671187762911752,0.004973689450234933,0
0.11978479677631126,-1.0088779056010064,-0.14903174744726433,-4.120309052525252,0.011197798411829704,0.2229937086866522,0.03319349669140382,-0.965443793932255,0.004824733871140718,0
0.11965066909561903,-1.008497445813708,-0.14768411624550254,-4.073001413038171,-0.17747603286874714,0.18705797291055612,0.0334324040471823,-0.9653699947395298,0.004705585425593859,0
0.11781303782741279,-1.0086008730716802,-0.1507944675432854,-4.022432997547491,-0.315206440660671,0.15429008261276966,0.033205933662644724,-0.9673922015881293,0.00414771666332637,0
0.11661282488875904,-1.0123918531090548,-0.15405683681129384,-4.027936739575078,-0.3652605246253543,0.1114846952193264,0.0339024734299885,-0.9705158758194972,0.003159267047685586,0
0.11630849021466573,-1.0190025955398658,-0.1532593140719202,-4.08703715123136,-0.33414544192700474,0.03322498515804943,0.035728690836765296,-0.9740525297626916,0.002578945841931994,0
0.11581812027225459,-1.0253284361755999,-0.14938986068737287,-4.132303081492603,-0.27580726780459736,-0.08182502211853275,0.037658602277044435,-0.9785317792040696,0.003579385067074785,0
0.11534034931445022,-1.0306290965714955,-0.14718593108593264,-4.069015838457821,-0.2531904011376107,-0.2014267043429691,0.03850539309169753,-0.9844613532857373,0.006814701675704266,0
0.11641261156859711,-1.0367117039486407,-0.14880189746147654,-3.8234513152823038,-0.2903927525422565,-0.28953479720052594,0.037834814158551125,-0.9909268269535395,0.012117358175236816,0
0.11970025422309381,-1.04419578854419,-0.1507889506159114,-3.379872371556831,-0.3617846434697467,-0.33749310555027223,0.0365056982186674,-0.9959985966416148,0.018631353590009416,0
0.12399305226676438,-1.050343239610357,-0.14817723689901874,-2.784800778577278,-0.4238489610144194,-0.3646414437427769,0.036558832166990476,-0.9980827553442531,0.024878223190201134,0
0.12734117295377356,-1.050902966107859,-0.1405272101867514,-2.1112482421805705,-0.4522215612408761,-0.39232411181533616,0.03949808529782024,-0.9965230993203698,0.02905480742154449,0
0.1284277090596591,-1.043716625315486,-0.13287939833862245,-1.4212626096135201,-0.45245503877588833,-0.41702277667731674,0.04402081346424843,-0.9914570005441291,0.03002747209163247,0
0.1270229169565274,-1.0304674214857716,-0.13067809630775512,-0.77381092932952,-0.44579454438130106,-0.4075073117890456,0.04648533085390681,-0.9837139807320543,0.028322050503975616,0
0.12408435961367145,-1.0155085881609223,-0.13428836441097036,-0.2556820322975298,-0.44909624985862245,-0.32957597201465005,0.04471485971162454,-0.9746372921653653,0.0258662477508006,0
0.12164960352425547,-1.0035847572369316,-0.13900895584345963,0.03299460130468842,-0.4685579367623068,-0.17708347841554825,0.0407410768565307,-0.9655583811971431,0.024553583228802092,0
0.12162788634444838,-0.9977638519743244,-0.1402892477926652,0.04312550206080599,-0.5113817540210893,0.014639858722970085,0.03859152332372753,-0.9575983335690963,0.02503622388210898,0
0.12397917581285198,-0.9977286418838361,-0.13800647385201711,-0.18406505912024385,-0.5908228677042304,0.1826514743072962,0.039685407796090935,-0.9520974177800893,0.026722255622665232,0
0.12664150870922733,-0.9998325304950139,-0.13525214637775143,-0.5465887196141018,-0.7032792136694034,0.2726745663651595,0.041767945264142535,-0.9505422514289404,0.02861247094032869,0
0.12764671185208812,-1.0003453260153738,-0.1338432943432274,-0.9362997986846864,-0.8068514373860162,0.2742354772505505,0.04233162912645139,-0.9533557754139713,0.030072842873278438,0
0.12654506397453602,-0.9994121767076265,-0.13213275470293104,-1.2681295261983196,-0.8468706796215697,0.2210750997303983,0.041412904750445616,-0.9590218033936404,0.031098622203414816,0
0.12367838043316198,-1.0009414060469966,-0.127714140514165,-1.4936910824173157,-0.8095029481470317,0.15059447747864105,0.0403142889309802,-0.965093446218583,0.0320359055152558,0
0.11964572610894614,-1.0080509799161605,-0.12199567333595705,-1.6187113293977056,-0.7371371001362429,0.06249914757149997,0.03903704626361693,-0.970142951432642,0.03294614897819693,0
0.11600514403274455,-1.0192864560072992,-0.12030209473767312,-1.7039361609033026,-0.6883858468841112,-0.07552469361761253,0.03656661493745378,-0.974430293748112,0.033352888441811245,0
0.11460493806915,-1.0295323277325836,-0.1255523439179797,-1.8292403940835746,-0.694303775439814,-0.27849429329438774,0.0333117568681658,-0.9788032816717426,0.03287075825965244,0
0.11520983433315905,-1.0341176953388018,-0.13323479986689038,-2.039434262720908,-0.7534779540502782,-0.5110090262325948,0.03156845941349719,-0.983280691544912,0.03177400004777861,0
0.11532391281099225,-1.0323280812076425,-0.13566267013677447,-2.30898086770116,-0.8529366147651456,-0.7155801519034987,0.03275753522937821,-0.986773418490491,0.03058918543665175,0
0.11326118331619085,-1.0277744405191058,-0.13066249203224492,-2.5552005803168,-0.9829137877863441,-0.8685840153799509,0.03512766661457188,-0.9882268539749557,0.029618977449267444,0
0.11019551508912812,-1.0253714299844447,-0.12345441370145697,-2.7009231577454065,-1.1368011389666643,-0.9925861614429624,0.035382304414990455,-0.9879087542998563,0.029203411065482694,0
0.10862437097470214,-1.0273337675511274,-0.12063688836374538,-2.7390214983700285,-1.303272249866899,-1.115561417968538,0.03229646875998566,-0.9871602128305231,0.029600708024491884,0
0.10980188279882087,-1.0315767190350658,-0.12465884027854575,-2.738568411360336,-1.4558321969336236,-1.2387711198244724,0.027680845928518594,-0.9869708142141025,0.029969829240762736,0
0.11290411487063406,-1.0337501179737438,-0.13342773923352858,-2.791117226465389,-1.5501904890415497,-1.352012500857092,0.02398185651100677,-0.9871749308044057,0.02839433290758695,0
0.11580260991160352,-1.0310257462364074,-0.14280534621635876,-2.9517178871842202,-1.5439778437880667,-1.4588688319593195,0.02210696927605893,-0.9866493309272473,0.02400163101334432,0
0.11663009175553543,-1.0242621993904768,-0.14903699991577135,-3.2135764069677197,-1.4320454515036003,-1.5632558706682707,0.021763850018933485,-0.9839391772910634,0.01858180051056032,0
0.11551936837609182,-1.0167081960952442,-0.1503582683790324,-3.510856044878815,-1.2633478488368137,-1.6366751666726929,0.02290396774734279,-0.97840668552724,0.015035750839886836,0
0.11475381230272302,-1.0112620344123053,-0.14779112911031878,-3.7392747171197005,-1.1148205780443539,-1.6276414701393838,0.02594470841534037,-0.9714578135283365,0.014436694998846757,0
0.11608512183286307,-1.0095945437433702,-0.14449168635046197,-3.8065475557984936,-1.0402510075204188,-1.5235001366692718,0.030364329008837593,-0.9664080104327769,0.015662403679527894,0
0.11799941642801855,-1.012991085400138,-0.14328506707706254,-3.704329571946272,-1.0394117746557296,-1.398068396745185,0.033710684808609434,-0.9666383889888668,0.017773425411401752,0
0.1173956414218149,-1.022234472920439,-0.14425439989269861,-3.530519422360681,-1.0735175016156204,-1.3818792090945566,0.0332874344089001,-0.9734633675867039,0.02128531188257915,0
0.1143022240292926,-1.0357345892674201,-0.14488833224787,-3.4049722824675825,-1.1078469935627724,-1.5725775063751997,0.02927644194310891,-0.9849623695165869,0.02647464138918281,0
0.11251688276347084,-1.047887571525779,-0.14257434943180106,-3.3488147288292858,-1.1410406838940554,-1.9591217262015925,0.02509992092617184,-0.9958419131788511,0.031550183359861345,0
0.1142900037213496,-1.0507208656300595,-0.13731710536113564,-3.264402978899583,-1.2022263514499434,-2.411408562490518,0.023880171245576294,-0.9990939528648082,0.03353999753390208,0
0.11682060390124946,-1.0399260439892466,-0.13275487275788014,-3.044799563194689,-1.3251068353765738,-2.74308934085411,0.025328736642488102,-0.990799744359107,0.030750858749402695,0
0.11607294340179505,-1.0203654914793567,-0.13367223078719787,-2.697968885714283,-1.5178337563059585,-2.827975883231434,0.026918079302603308,-0.9750257848775241,0.02403589723004764,0
0.11217671778562528,-1.0034712691664907,-0.140793080358588,-2.3591023591548144,-1.7546605679049692,-2.699958520241578,0.02729515347477556,-0.9618410227323559,0.016078986434998877,0
0.10901533539340304,-0.9976556012772161,-0.148761857354188,-2.177661992098759,-2.0030980686864894,-2.5328323877173036,0.027423381899913578,-0.9583806482784123,0.009708493554640797,0
0.10970405395790245,-1.0024340156090492,-0.15164551664611634,-2.191258396142597,-2.252594252871822,-2.4952772043549425,0.02881488923106927,-0.9631135083607227,0.0063874831701951395,0
0.11387331404929751,-1.011782404529504,-0.1500752520504712,-2.3138692013965194,-2.5018826744919846,-2.626932688956431,0.03175604595959915,-0.9698122712631049,0.005648092494263257,0
0.11865147511643338,-1.0202281134372835,-0.15017610802165687,-2.4377981599485197,-2.728332836226925,-2.8555804291452658,0.035313686984688335,-0.9746334635109661,0.005735836364996869,0
0.12150960995304773,-1.0249759785138872,-0.15549723309081784,-2.5248635661108794,-2.8937276334608657,-3.0953401785650145,0.038466952573171315,-0.9775444474378807,0.004854873849968266,0
0.12234258119868882,-1.0257217029725023,-0.16365416545716244,-2.60570741565897,-2.978713630414271,-3.2955537058325164,0.040975259866278195,-0.9794307871015763,0.0018731823391694143,0
0.12300470235878017,-1.0248341663741256,-0.17183932972977123,-2.7342965101434746,-2.9947822598206915,-3.4219246413540194,0.04313322144713886,-0.9809228600813987,-0.003846238340465088,0
0.1249799006334689,-1.0260700162956047,-0.1811286027311684,-2.9589615566716216,-2.9659436337115728,-3.4463769417015686,0.04491880238636906,-0.9832818407951346,-0.012528220766711758,0
0.12782308287410724,-1.031327549310443,-0.19255567071623428,-3.2966864079731555,-2.909701382620965,-3.378343552296654,0.045921923699230344,-0.9878533226437939,-0.02337797304263864,0
0.12996731598962913,-1.038961568345962,-0.2028952490193365,-3.7045084035903573,-2.8202137979774777,-3.288932218938196,0.046157625644385,-0.9940379473592662,-0.03431068778932009,0
0.13079734396288167,-1.0453760446354432,-0.2084362598176686,-4.101779226974719,-2.6476796920679395,-3.2783433281909837,0.04640134492505132,-0.9988735417631815,-0.04303325287427813,0
0.13171257855060958,-1.0475501710164332,-0.210502721433099,-4.448503730660788,-2.314505558493484,-3.401250918912048,0.047666153128600224,-0.9993085436498812,-0.04860715513710512,0
0.13518138165347954,-1.044235799418494,-0.2130245359112716,-4.776183707629134,-1.7990008090093166,-3.618183582159472,0.050801525213877395,-0.9947625694281104,-0.05180902075171026,0
0.14256286804043367,-1.0360532384220211,-0.21578815956981304,-5.098063268999636,-1.2096110533799402,-3.8295271939378495,0.056320911945126506,-0.9871928070215215,-0.053841678978999656,0
0.15210818057588596,-1.0252973607321398,-0.21439384735777822,-5.29742024312874,-0.7381900103598034,-3.965774333123266,0.06356820261708784,-0.9788977248893395,-0.054771896892560165,0
0.1589076612655486,-1.0150596307445636,-0.20753620480791962,-5.175981782079928,-0.5216714783318751,-4.0355347571642755,0.06981849549609502,-0.9710766517726007,-0.05379715925512438,0
0.15819643666409125,-1.007736649066719,-0.2007593917489568,-4.681865345229034,-0.565344807985788,-4.082948179205233,0.07144090347734092,-0.9648055528425018,-0.05138864589186677,0
0.14980471787466987,-1.0046268927389364,-0.2009026251087429,-4.0738187430953445,-0.8016060964268076,-4.127764134309633,0.06703042596194454,-0.9620739793286008,-0.050222352070337796,0
0.13820192591530306,-1.0065652885179053,-0.20877113819959442,-3.7652063696264,-1.1962895379016403,-4.173940256670347,0.058837142313486475,-0.9642257027340563,-0.05278787296587339,0
0.127133952309898,-1.0129469621157714,-0.21898933967445972,-3.9423505007745963,-1.7830476442288985,-4.257712288054553,0.05007024141615342,-0.9696832683140222,-0.05820408312776343,0
0.11571060156403212,-1.0198245628654459,-0.2251277108539522,-4.36691712787764,-2.6085653881166353,-4.445668721652573,0.04106904184594486,-0.9747618988516613,-0.062069227100601546,0
0.10102172514890587,-1.0220175432114136,-0.22303360211299317,-4.596614308107793,-3.6595830309667856,-4.770468213987056,0.029112857714071242,-0.977121798593415,-0.059435401494133844,0
0.08305742988907536,-1.019177561515527,-0.21127474724666828,-4.3722868106292285,-4.834122775961637,-5.180413710586655,0.012143383037391521,-0.9777733012369916,-0.04801328884700066,0
0.06563757436264427,-1.0176234681451612,-0.191702077063177,-3.7479781487696537,-5.964886817903962,-5.564206932419252,-0.00772309012660194,-0.9796022165031513,-0.0294635569417437,0
0.053773222491147056,-1.0235193381465018,-0.16982014060180878,-2.8944948029506543,-6.8761182916651356,-5.830962941219296,-0.024386082832475616,-0.9842100514006915,-0.008572438221756483,0
0.05114531413348947,-1.0352125882766285,-0.15261554458934112,-1.901409573164707,-7.452905352673173,-5.9698777091774495,-0.03164771454797006,-0.9901634084007166,0.008939115411359489,0
0.05837805442727769,-1.044561854626618,-0.14447841503417602,-0.8219664113327166,-7.688149949286502,-6.030155113932574,-0.027763105210743655,-0.9942769545338008,0.019068587873614894,0
0.07186266288860246,-1.0452831969806387,-0.14448065815143343,0.1984939130173572,-7.665351032155458,-6.040343183834127,-0.01656019318658139,-0.9942700843446977,0.021407383714878794,0
0.0852698917130312,-1.0377371995580587,-0.14753934171173225,0.9869935319473789,-7.4814387804561,-5.956029403361584,-0.0035890515020733566,-0.9894653662133827,0.01864392972410988,0
0.09474425782197157,-1.0254483030074424,-0.14910300899878076,1.5344220100853572,-7.179860254947618,-5.700227167797632,0.009013849256169926,-0.9792957117734667,0.013676066975906655,0
0.10319811807187983,-1.009511810038304,-0.1498241894113528,2.006979601626044,-6.751197419857901,-5.25632457226037,0.023200947089543393,-0.9628845663756027,0.007148640716879447,0
0.11725823444564305,-0.9884584693294125,-0.15555668131103795,2.529154372795874,-6.172252631899613,-4.706580839507673,0.040417437292202686,-0.9410892531311796,-0.0021087404404772137,0
0.13837229170360413,-0.9632748097712966,-0.17113886302581957,3.0131499463304126,-5.420083675455568,-4.162759506917813,0.05766238279422078,-0.9183198108303993,-0.01482608886465724,0
0.15897024223000183,-0.9405729455142611,-0.1932418428304799,3.202515173662815,-4.453554300743487,-3.6640201759525266,0.069705294553897,-0.9010872283256293,-0.029681420781314,0
0.1700648213847788,-0.9283665333947865,-0.21107522530346803,2.8327876902610827,-3.2071531376301996,-3.172085045688067,0.07494226318748119,-0.8934964257812242,-0.04318180127727992,0
0.17143381169777128,-0.927943874570001,-0.21627463867917943,1.8018026669069092,-1.6315069514362235,-2.675076677088436,0.07716185997420001,-0.8935569996453923,-0.05114416391276632,0
0.17122402008671078,-0.9320038658379182,-0.21137983662749016,0.3028667493845243,0.23462247470255398,-2.2502351832866454,0.08072154304817025,-0.8947929853894349,-0.05154337675044919,0
0.17573603189581571,-0.9325818481019065,-0.2064996132368534,-1.208914161122159,2.2258891246665593,-1.9783863228744543,0.08551255409314303,-0.8927240348158588,-0.0464425201327482,0
0.18268675628305397,-0.9294322210594979,-0.20793295937305079,-2.2987410703209377,4.10456303264759,-1.8241436120769265,0.08808163790130137,-0.8894332547280146,-0.04035528748548153,0
0.18519836149304542,-0.9289526665632285,-0.2122788653979823,-2.8662345291394367,5.680615876536356,-1.668684632319979,0.0865084309246967,-0.8906638442338685,-0.03626484103783988,0
0.17947432629330698,-0.936238754715394,-0.21174442537476337,-3.1612740483325883,6.894576458849336,-1.4705224708326186,0.0819790301582386,-0.899029791349201,-0.033514719253896645,0
0.1668600163138486,-0.9503103964945717,-0.20245650017766614,-3.4898484174763356,7.7904880639963165,-1.3337924196387827,0.0756461765669413,-0.9117040128594883,-0.02930587485378573,0
0.15045189923626548,-0.966290547107499,-0.18664241338397294,-3.934858191469251,8.407264192153091,-1.3809606660325897,0.06616663140487361,-0.9242924597032867,-0.021549168781359814,0
0.13219813382515658,-0.9798926852707446,-0.16959536323019045,-4.345238946647865,8.691812651354084,-1.5967080055685292,0.05165053255513734,-0.9347123409172269,-0.010643119673926602,0
0.11319224700775127,-0.9896506406824569,-0.15662436318378706,-4.5325765003796095,8.530290694645132,-1.8415833462468498,0.03311094913657997,-0.9428849951781886,0.0004567232451030491,0
0.0949182107538631,-0.996297173463834,-0.1510305720671641,-4.454987374438969,7.88325480047633,-1.9902188989470821,0.014450984111174408,-0.9486757297716482,0.00800842928973388,0
0.07893709255234681,-1.0004971600263257,-0.1525796559075422,-4.244277933355162,6.8748490089040475,-2.000921091650979,-0.0010860241860282396,-0.9513897246853035,0.010214487178201434,0
0.065697424869692,-1.0013750283598082,-0.15807408082056779,-4.085726206432906,5.712028006865648,-1.8711499754760137,-0.013243916214863705,-0.9506066574270077,0.0081896018363588,0
0.05443614775202353,-0.9981581289216807,-0.1643008526408023,-4.076901385944326,4.516554437947889,-1.6040360829693647,-0.023171459654068083,-0.9470032994445005,0.00399980681977885,0
0.04446136701015403,-0.9930645164457925,-0.17054536470096596,-4.201465991608983,3.269233621695677,-1.2384152805562738,-0.03096379567698279,-0.9428765319624428,-0.0014760220746202872,0
0.03676606884769056,-0.990611370262799,-0.17818143298278355,-4.423104747694308,1.9208704821685942,-0.8503934009137177,-0.03580896631381749,-0.9417756676304909,-0.00826312425524698,0
0.03427272081059374,-0.9931364396673842,-0.18739105030321251,-4.76352979440557,0.5220409791589701,-0.4836556272945426,-0.03734884146258165,-0.9462885477517535,-0.015667511270398046,0
0.03939173663182915,-0.9987160367187119,-0.1943456009186466,-5.25646627007076,-0.7766025423500476,-0.10826150806062218,-0.0352981152273844,-0.9553551094542428,-0.021623457057194307,0
0.05105955679058214,-1.0049117192947556,-0.19368370543851166,-5.83159960198945,-1.8361889183353466,0.31347307660949236,-0.02834275146542961,-0.96463581287474,-0.02371344825089674,0
0.06547645270880943,-1.012742600481561,-0.18505520930290859,-6.276541543969411,-2.6222209634290032,0.7352486164243777,-0.015379948156623724,-0.9707959344872471,-0.021049503167197357,0
0.08004774269696056,-1.0245358871763508,-0.17460451907485353,-6.34931086484819,-3.1918963082999467,1.042722011353607,0.0018315034962927193,-0.9752647381089641,-0.015221550621079641,0
0.09506865579893264,-1.0388409181090041,-0.16763923099516898,-5.955650429925723,-3.612403118172024,1.1724878676852841,0.018942764965971276,-0.9824009656448535,-0.008933917964976775,0
0.11113338061378603,-1.0503260570564192,-0.16233403598134197,-5.226833200765194,-3.906710487933161,1.188927985818563,0.03284700860706244,-0.993460534818602,-0.003565993340940757,0
0.12708993375381714,-1.0551636908743607,-0.1537474719117721,-4.417239712527992,-4.071275646620161,1.2198768343513393,0.04438307829260085,-1.0038016390578992,0.0015940943655375175,0
0.14222035212896042,-1.0543331513661092,-0.14216300073000263,-3.7077643210577302,-4.11586625281889,1.327440509404951,0.056878047684517465,-1.007309952275818,0.007867979046702106,0
0.1586652085543374,-1.0506179924775516,-0.13348139613984733,-3.089037682994886,-4.056805729254179,1.4683547674464712,0.07293244146245652,-1.002632172462818,0.015578930121824944,0
0.1790376934410594,-1.0446919758718693,-0.1310637106108511,-2.421644709744521,-3.876394535065457,1.576593079376119,0.0925797848761295,-0.9937481314430251,0.024045650627167875,0
0.20194787784466725,-1.0364349976694138,-0.1306506201106642,-1.6020476708638682,-3.525450947696883,1.6461738481204027,0.11312221487811994,-0.9854555720203223,0.032446822090379114,0
0.22188642850442067,-1.028247757426727,-0.12598159723843497,-0.6781237120971828,-2.9920910862309804,1.7148866816615014,0.13035041788113066,-0.9801643598317417,0.03978565799835442,0
0.23396198142162283,-1.0237323526369277,-0.11785039289852585,0.1646597856851072,-2.3572244849557507,1.7985422493846457,0.14114838924120637,-0.9784413770678879,0.04418658903740568,0
0.23797299316872228,-1.023509130537905,-0.11380089712327227,0.7109335054416632,-1.7541879873702542,1.8761603696620892,0.14572568200713412,-0.9800570014156422,0.04372284140354786,0
0.23782352797094677,-1.0249580673033243,-0.11821056661270667,0.844986058125813,-1.2663590262272035,1.9311033691875605,0.14702477229461053,-0.9836141264161615,0.03879614597459707,0
0.23751995136574386,-1.026009236578907,-0.126312504521442,0.6208937809372193,-0.8792945703041518,1.9773985485499264,0.14762566977375086,-0.9868459823933441,0.03265535986781136,0
0.23771273787999753,-1.0273190820465048,-0.1305692593703675,0.2000532012389146,-0.5329882996853719,2.0389370714652624,0.14734460152258186,-0.9885488139201758,0.028511455102142997,0
0.23565451375642382,-1.0307748022965644,-0.13056058647848653,-0.29912978341009244,-0.19583130662940212,2.1197738848216012,0.14391505067896487,-0.9895054318784259,0.02664094591249403,0
0.2282310996123867,-1.0368995599318809,-0.1329521167130492,-0.8703372536737055,0.12322302846682394,2.210152778059594,0.13559019502484815,-0.9907238374757127,0.024729347342849806,0
0.214987165780105,-1.0433826049531063,-0.14209844605852476,-1.5378387785876149,0.413011688877248,2.3161046546438833,0.12276655743513878,-0.9915206917416937,0.020309375621189233,0
0.19829802242134412,-1.045804384805968,-0.154152754416646,-2.264637572035468,0.6869461000264978,2.4594776778318503,0.10761434924930056,-0.9904634734543654,0.012693695341740327,0
0.18096421296479884,-1.0410301025593545,-0.1621276173786096,-2.976745174878897,0.9660972799844445,2.638887290716664,0.09265360053246015,-0.9878856348828602,0.003442017134898113,0
0.16406397858128466,-1.0309774878540432,-0.16468044509404084,-3.639113115431688,1.23797785216349,2.812413615349452,0.0790803764936799,-0.9860205990730092,-0.00475742639107459,0
0.147020474073883,-1.0221933124670732,-0.16711536349680267,-4.269355024466707,1.443504334552935,2.9384167207385574,0.06583104131396345,-0.9861948310624192,-0.01021966915292551,0
0.12926418942400647,-1.0202646714245345,-0.17405504674646954,-4.8857734061960425,1.5237531795797945,3.021027278425679,0.05096445043289865,-0.9871620318833576,-0.01343177569512006,0
0.11176106187106076,-1.0246668522708766,-0.18362457818583044,-5.4505846776541285,1.4833870401650175,3.096821383731843,0.03467951418803705,-0.9869939028180514,-0.015865858606105263,0
0.09714459246425393,-1.0297981179777742,-0.18955136430157854,-5.8576924561267685,1.3978671691100881,3.1811399081885514,0.02019804570701237,-0.9854322234161541,-0.01796259193520968,0
0.08819269239125435,-1.030667396220866,-0.1877248264258837,-5.990371123328771,1.3605196162677762,3.2405991900878655,0.010877515434104507,-0.9833646256783157,-0.018908430669106104,0
0.08572654090878082,-1.026846830711924,-0.18026667321378326,-5.817746750008013,1.4280636069286194,3.218841206070655,0.007152391121840704,-0.9810091411850893,-0.018149190055125032,0
0.08792773748093374,-1.0213269150982813,-0.17347602820717029,-5.440016057968182,1.6008564443707773,3.080640054574233,0.0069504434083776335,-0.9778908597260825,-0.016130006720535082,0
0.09210699169003188,-1.016877619348084,-0.1715318857674557,-5.029727164936181,1.8360614438049665,2.825950513609957,0.008354825854709522,-0.9741719877871986,-0.013306141959151438,0
0.09713834478549362,-1.0144161145104438,-0.17235324973171307,-4.7228039619583395,2.0859613287493337,2.47048423463819,0.01112598483191823,-0.9709459996212051,-0.009307188217775765,0
0.10354110440117315,-1.013979715358491,-0.17020598417634777,-4.553695035367172,2.336788649115252,2.0335473489677636,0.01601011045645645,-0.9691218795368242,-0.003650114646748078,0
0.11132918037229948,-1.0152492602832675,-0.16195261841148484,-4.469732932080429,2.6071164286349133,1.5508303492936066,0.023242644224807932,-0.968478458947295,0.0031821587290727362,0
0.1189962830357241,-1.0168480983094912,-0.15021202935201644,-4.389829122801759,2.9069260253754856,1.0797021928016168,0.03192454242707624,-0.9679623557665163,0.009831777224160562,0
0.12498844641387243,-1.0168175586533874,-0.14093177465900547,-4.257190031780093,3.2129755424427193,0.6775116862423551,0.04056981304572559,-0.9667948219128951,0.015028963118431705,0
0.12927634556568934,-1.014473086614097,-0.13821400460091926,-4.060175180257682,3.4907966012374434,0.38035729505248267,0.0478394258304717,-0.965147730588382,0.01825043483223697,0
0.1330963267883222,-1.0109443443905544,-0.140996396263483,-3.8248733233914685,3.724774335693201,0.2038405095674475,0.05288364053096453,-0.9636322220716954,0.01960235133632485,0
0.13753507644971055,-1.0075892231856753,-0.14456245993698127,-3.597502438783216,3.9126433142248827,0.15177099102124353,0.0556817444153606,-0.9621978073704586,0.019281982925122603,0
0.14221799657495615,-1.0044584487578279,-0.14562203476834906,-3.4276464129424307,4.0373559278000295,0.2184006535259247,0.05716526709823951,-0.9597945782488583,0.017267443227533177,0
0.1449854023911501,-1.0005056329373236,-0.145686663740997,-3.3505821529802007,4.057268742666277,0.38699445392308146,0.05824987334871314,-0.955261685878776,0.013614468170764317,0
0.14336014604424943,-0.9948028289581196,-0.14865560650548337,-3.3713391514475917,3.9248398835837297,0.6277858125688046,0.05851560091203344,-0.9483920042746264,0.008989124347252252,0
0.13721208124144102,-0.9871137488017029,-0.15526192742369158,-3.465424704392084,3.610141549523046,0.898400559891928,0.056632703378849264,-0.940024826978701,0.004640693546462283,0
0.13006495269706358,-0.9776978336407066,-0.1612213603519986,-3.6041927853238906,3.112876229449671,1.1592542578118226,0.052501267976954244,-0.9314297214240352,0.0016608977525094802,0
0.1270527225473423,-0.9675417446736848,-0.1615890819950662,-3.7878661887118463,2.4679473246071715,1.4028571977153712,0.048270150175268305,-0.9238921251906076,0.00031207523653550183,0
0.13065121741490568,-0.9587628300504885,-0.15657004920908302,-4.0540189842831635,1.7435103033025112,1.6596979664346954,0.04654051282175817,-0.9184743058412497,8.892521185625721e-05,0
0.1380361675325155,-0.953551973510039,-0.1521792140330708,-4.445022339760806,1.018624562811122,1.9540836197646887,0.04782917731588852,-0.915534714545753,0.0002781020971532314,0
0.14328357086120888,-0.9523584837885319,-0.1542669710500556,-4.96009357022616,0.3498035772710994,2.2557571723248473,0.05041549731009132,-0.9145009125529927,0.00038318954906682345,0
0.1430278220167811,-0.9540536294833535,-0.16216848059768332,-5.54434652517783,-0.23820777621307648,2.4964044099004465,0.052555319642682126,-0.9145016676733942,0.00011751128118073952,0
0.13983328842187673,-0.9578204211439856,-0.1697666357506159,-6.130858420000228,-0.7276904599274324,2.6368711206364783,0.0542047992758605,-0.9152854957955352,-0.0008152579611857924,0
0.139290749046036,-0.9635472606990092,-0.17273968544816234,-6.686010104613315,-1.0901180989059622,2.7004525673921225,0.05652516205522826,-0.9174417517657276,-0.002651345777846534,0
0.1439958072529168,-0.9704276094577186,-0.17249385934246786,-7.207320697951284,-1.3084600758789917,2.7344967815363908,0.0602634335131376,-0.9218109264304739,-0.00506165633902825,0
0.15137113266387775,-0.9769537624137897,-0.17247733396068593,-7.688614154083434,-1.4052173654140245,2.750845832325762,0.06490845603973512,-0.9286197307576741,-0.006907170223888773,0
0.15721442345753614,-0.9827335897794292,-0.17318747442047325,-8.104459300654847,-1.4205412090866436,2.710400567846077,0.06930321810011761,-0.936907975500555,-0.007076940954201981,0
0.15987793648496487,-0.9886571369954458,-0.17231096518217084,-8.433022445202466,-1.3593645215443257,2.56277990917867,0.0728744934010845,-0.9447862738419373,-0.005775513961386718,0
0.16067228040333642,-0.994644926460373,-0.1685309470438456,-8.68091542225582,-1.1847213378100774,2.2974698880891538,0.0760060975881729,-0.950594098585463,-0.004363819629558797,0
0.16166782282921496,-0.9988996065531308,-0.16386480480982163,-8.86457902323529,-0.8725739370856022,1.9543351141854701,0.07912931786238042,-0.9540198660171514,-0.0036161623140820148,0
0.16379516553855208,-1.0002810160178344,-0.1617878350032768,-8.96507130013613,-0.4531545772670482,1.5863488168270587,0.08174947352458846,-0.9559481588327821,-0.003053470592626809,0
0.1661312536006483,-0.9999594936392341,-0.16319127096931627,-8.926811629117225,0.011872715836383954,1.219435828491814,0.08255901785429522,-0.95706264127621,-0.002530092125457401,0
0.16645566177918866,-0.9997226541541163,-0.1656762414885163,-8.723026341056277,0.47426030087979054,0.851122809222271,0.0803719716163223,-0.9569008098999889,-0.0031894518014670917,0
0.1629130179484917,-0.999754490806458,-0.16749586119339652,-8.419390714449584,0.908813948141039,0.47925034366602587,0.07505518403162517,-0.9546569793459655,-0.005756719978103233,0
0.15554614617140988,-0.9990371508909736,-0.16980252426261766,-8.158113662558115,1.2987692604140257,0.11970253644668274,0.06788579167704764,-0.9505878513024143,-0.009002203305144191,0
0.1466946125032789,-0.9972403502816651,-0.17371010229011366,-8.063639594883158,1.6402836619780057,-0.20778182591864153,0.06091136370034131,-0.9461160196168706,-0.011281132714921158,0
0.13998229835353462,-0.9952779983712262,-0.17792066667912856,-8.15007054422283,1.9622894334027734,-0.5024639515659072,0.05560095694487827,-0.9428286300896161,-0.01281558605833675,0
0.13769971178824678,-0.9941739002796466,-0.18089424560411702,-8.316309865575073,2.317787217881838,-0.780346459447309,0.052078906761725705,-0.9418617029706866,-0.014960573916764214,0
0.13848015156835405,-0.994184331279813,-0.1826942304676426,-8.437212409449652,2.7408248516241964,-1.0537050422582703,0.049766058583252275,-0.9439061288757881,-0.017649227385041613,0
0.1387424262633503,-0.9952677610367285,-0.18309189284979135,-8.470629348547405,3.22108214657136,-1.3280025291265656,0.048520244099135995,-0.9488773495826002,-0.01912066481465102,0
0.13694455425696386,-0.9976165630778059,-0.1806121744760554,-8.487238402948222,3.727230066646679,-1.6178358389760317,0.04864396443020022,-0.9552127441295146,-0.01822070775887283,0
0.1348755112004933,-1.000921211343663,-0.1755568309759438,-8.594796908064827,4.23640985633228,-1.9470275231284984,0.04963601705145539,-0.9602753412955382,-0.01569811991922512,0
0.13402263054181218,-1.0036432308173535,-0.17165208864789305,-8.820461952806694,4.720979388729543,-2.3256436880911022,0.04962362976012474,-0.9623999253141936,-0.012977920824691964,0
0.13256613297764372,-1.0042777083114292,-0.1722143686842822,-9.066597033120427,5.123216793809647,-2.7377462022251713,0.046887612939259554,-0.9623447895339805,-0.010731227129108335,0
0.12793806121679627,-1.0033812132821178,-0.1761530672999759,-9.193840144100477,5.383093976740288,-3.1563032212007585,0.041880815987499036,-0.9620233486354534,-0.009122655003520736,0
0.12132168134546806,-1.0031289375316825,-0.17970364801575736,-9.150458046766154,5.504338688532113,-3.5579505745688795,0.036968271730218265,-0.9621251070207397,-0.008468574981906642,0
0.11672171071674922,-1.004402378777804,-0.18069223496657216,-9.018369739979708,5.567900471895092,-3.912844600112908,0.03387925742989216,-0.9619014345859269,-0.008677091585516033,0
0.11512879885496971,-1.0054405711670789,-0.1795515136898735,-8.936902386768443,5.655943791314767,-4.172113943880741,0.031850150888797925,-0.9612075322936702,-0.008699667089607139,0
0.1126070276820583,-1.004562160180694,-0.17757886573200282,-8.978480675033016,5.768790575504836,-4.294105974541247,0.02870994390237886,-0.9615725496528269,-0.007877215138723602,0
0.1060448781919207,-1.0036173273642643,-0.17576492771362842,-9.083708669015364,5.834856134570728,-4.296665521341599,0.023699458047297794,-0.9644452782507895,-0.007537991441075739,0
0.09852965863930778,-1.0065650021391925,-0.17501961894615212,-9.112975874636012,5.800166794374532,-4.262179767726076,0.018694303098286513,-0.9690052870725299,-0.009775337397700945,0
0.09604496058372085,-1.013826775406418,-0.17700379053214096,-8.977674724420693,5.689312629582159,-4.263763004875051,0.016282167114395278,-0.9728892285010766,-0.014610754159503565,0
0.09934144106719352,-1.0203415240998481,-0.18373146923245212,-8.738716094461642,5.573406063709338,-4.296635399756093,0.016850880117256266,-0.9749926089330174,-0.01967494360575708,0
0.10194985944789672,-1.0211952148580647,-0.19399981170719008,-8.57374486858235,5.49602213618375,-4.31229953972529,0.017908855747281478,-0.9763986871276206,-0.02280655209941249,0
0.09757320546372542,-1.0176520149831358,-0.20014934774789078,-8.628375637262657,5.446077190102462,-4.3097949131730875,0.016279890302426343,-0.978387719135504,-0.023859912697369503,0
0.08792042802408537,-1.0154410008063475,-0.19336096666991429,-8.883170396569803,5.394012996607586,-4.346161978247646,0.011090071738919027,-0.9805929248286674,-0.023731584427288864,0
0.08137182635115549,-1.017505698518753,-0.1763089304964797,-9.159703488599092,5.333955590828888,-4.447817864515926,0.004951521615497608,-0.9815647672165527,-0.022651459791187774,0
0.08417603423137512,-1.020193739583965,-0.1666025654129067,-9.257904718281402,5.289542616675712,-4.557829377886498,0.00207640748966408,-0.9805981942323325,-0.02040292407587507,0
0.09428039628033072,-1.017985319473245,-0.17984719703290866,-9.10286100373344,5.296772355571828,-4.597458511208958,0.004684940985293748,-0.9786649032552125,-0.017968328773030125,0
0.10401642396909418,-1.0117194929169948,-0.20872685838379437,-8.78660104518576,5.386029222787124,-4.549636594852257,0.011193707603612353,-0.9775763426705328,-0.017560075683426057,0
0.108015349096372,-1.0089344328103866,-0.22676970787958298,-8.487444450747983,5.563126028112603,-4.454439150084149,0.01813309756851725,-0.9780500626844741,-0.02024447209366165,0
0.10783432800308042,-1.013803876567131,-0.2172099992829642,-8.34289068215731,5.795942747742927,-4.344509616004752,0.023520483134378534,-0.9786116451907485,-0.024431617324540692,0
0.10908943853027891,-1.020249024174197,-0.1921408638398797,-8.376116510838088,6.030217708637317,-4.216626065351963,0.028009870596451308,-0.9767910050050768,-0.027519115461025756,0
0.1152352584212638,-1.0191353466880502,-0.17737091187720105,-8.517835944805476,6.235839155405472,-4.0580500477698465,0.03330524839525266,-0.9712978446685606,-0.028365825033491457,0
0.12495262202516312,-1.0096664587173254,-0.18303936506522508,-8.679272022863795,6.4440116521972115,-3.869647878117268,0.04035066459870855,-0.9626542159291319,-0.027640710451261215,0
0.13509470550096148,-0.9988929431051667,-0.19625853271123403,-8.808909084786984,6.7327933027573135,-3.658225803187963,0.049042593583357566,-0.9523383176562089,-0.026527531320962937,0
0.14516104360418813,-0.9912932998855101,-0.20074474036013867,-8.913512812020143,7.1655840729745455,-3.430298161371124,0.058808049883532734,-0.942256739161816,-0.02570391539620065,0
0.15801263506499855,-0.9839859662772765,-0.19567757445391595,-9.053231743413463,7.739625423322735,-3.2049349174592976,0.06891791690568085,-0.9345048926697659,-0.025107007214985398,0
0.17537725236628537,-0.9736036436786482,-0.1916866532955276,-9.307380442766624,8.397999496145111,-3.0172965137573695,0.07854334989598587,-0.9304265608424336,-0.02413599154910735,0
0.19292088503681548,-0.964161313610681,-0.19366269351388204,-9.722791829031502,9.08831245689646,-2.8985849375422115,0.08683873281955345,-0.9300041563676589,-0.02213135519674491,0
0.20186170196015654,-0.9642116232250975,-0.19547114137118946,-10.292498093572117,9.793471362329216,-2.859497533085861,0.09283554696413136,-0.9328078649116829,-0.01888577512611501,0
0.197037413144745,-0.9766295831742984,-0.19133509534234108,-10.98250684700463,10.495762575818121,-2.8937475652339426,0.09523544027329076,-0.9390193216063076,-0.014777643638621017,0
0.18222439110249977,-0.9947761593278053,-0.1842406229068897,-11.756919924068608,11.124428810745126,-2.9849349506308633,0.09266430031093506,-0.948706529415926,-0.010511030076365155,0
0.1659930768951183,-1.0097901698858451,-0.17974168701935048,-12.562355041708544,11.562835028790555,-3.1058596974609443,0.08446887539411689,-0.9604696678511929,-0.006908410102633349,0
0.15320106768326178,-1.0188803442038303,-0.17763987741356005,-13.308331068468789,11.721137531346773,-3.2199792696795004,0.0714471363811315,-0.9717152837906812,-0.004881670529416629,0
0.1419045900688624,-1.0252458579935078,-0.17461720273435494,-13.89596957253016,11.602865715845859,-3.291875719248462,0.0558296525151181,-0.9805075645197552,-0.005152041227914129,0
0.12807994939493672,-1.0322880188289933,-0.1712033038612857,-14.279089259434652,11.299229105313275,-3.3042784262344966,0.04036345744363201,-0.98680529084139,-0.007701813106907468,0
0.11188974537794877,-1.0397791406649637,-0.17090402878859962,-14.492386009913934,10.919181877495754,-3.2709910393517854,0.02705733707123895,-0.9916473879995384,-0.01157609915227314,0
0.09826964909762699,-1.0449369558747148,-0.17425969757996787,-14.615129518363476,10.52024352296201,-3.2221213141948724,0.01627394441546396,-0.9954644875119438,-0.015373660588368646,0
0.09114276874527281,-1.0457906154849685,-0.17863656729945374,-14.707356034760823,10.093738131101553,-3.1590864702776575,0.006630577524847636,-0.9977418552313705,-0.0181840044669859,0
0.08816179384932044,-1.0428015010197238,-0.1831001132572745,-14.779938940338262,9.60412272344836,-3.0330166621065127,-0.0038095968249012933,-0.9980185002616677,-0.02019104995553801,0
0.08301476700265524,-1.037560494614361,-0.1887955894052544,-14.819049309685443,9.04163734900678,-2.7905880214122756,-0.015334225886348533,-0.996189783243115,-0.02207420866946337,0
0.07315058173451502,-1.0311233493120455,-0.19467053336532208,-14.827340507044893,8.448789600580502,-2.4357833399363296,-0.02533869895899123,-0.9918902521904962,-0.023871416707056493,0
0.06329346884558293,-1.0241602387505662,-0.1974248300582237,-14.834245268471326,7.9067012774664365,-2.025512330929658,-0.02985219915072023,-0.9848776215462094,-0.02522515987403908,0
0.06046427337191594,-1.0175104719944996,-0.19649970110580356,-14.871789573792414,7.490829581499969,-1.6131200353197515,-0.02668706342752381,-0.976339406454383,-0.026815753782600982,0
0.0671114127652312,-1.011351181274672,-0.19560987573371746,-14.950085482197375,7.224337618119398,-1.2205586898020724,-0.01712598146646157,-0.9686029997445177,-0.030276637960032986,0
0.08003542741877295,-1.0046476913086455,-0.19833873772268387,-15.05983541114737,7.065451071486084,-0.8598404943092345,-0.004729234212275398,-0.9628933078394332,-0.03602187336639765,0
0.09464610858645751,-0.9971778295962447,-0.20432025895613748,-15.19637980905531,6.9424585464860575,-0.5528906182800732,0.007385885664380859,-0.9581661376338483,-0.04213075036963603,0
0.10855605276041684,-0.992068220866703,-0.20963457533165092,-15.374096116774702,6.807304541875584,-0.3207345250931546,0.018390120966295245,-0.9529934677238818,-0.0461451545219192,0
0.1208566313757926,-0.9941600405289414,-0.20917859851400428,-15.609205920832354,6.660321001012837,-0.16789033465066378,0.02914693205192785,-0.9483469664702324,-0.047352405211754926,0
0.1298417128752563,-1.0041417947657696,-0.2003928523103279,-15.890501130136192,6.525723430117998,-0.08660120730144602,0.0399075709813521,-0.9475606167398747,-0.04681886079769918,0
0.1339740989572087,-1.0155558201851167,-0.18770243933275949,-16.176594510816635,6.405988393807274,-0.0662462468557411,0.049113805943031455,-0.9530319624730332,-0.04581666147653276,0
0.1348273481848064,-1.0207015423395112,-0.1811519054346569,-16.422379175539355,6.26821745185794,-0.08901611322083608,0.05500233441029596,-0.9634259477092042,-0.04473840111900344,0
0.1363963445779735,-1.019873631247829,-0.18645680100282427,-16.599301477535228,6.082373901530956,-0.1272330068311881,0.0579956295577136,-0.9746836621088607,-0.043185011369669304,0
0.14083898223310637,-1.0212203165458127,-0.19776750836156007,-16.6905632641683,5.864596977122956,-0.16238745424473222,0.06054276035261843,-0.9834132133833416,-0.040773228418449395,0
0.1465895129223743,-1.0298381625866904,-0.20405527742372112,-16.682157279382416,5.6662795874252465,-0.20679806467171633,0.0642916576376151,-0.9886849491414893,-0.03802678235046904,0
0.1509789193731247,-1.040724713891864,-0.20131522746758126,-16.57055832622019,5.5217607003549665,-0.2944724538966569,0.06805800594561486,-0.9910548803497934,-0.036344206661786935,0
0.15326497541230827,-1.045213090337879,-0.19496463973254896,-16.372774183060148,5.424705688183342,-0.44634016327509013,0.06924373742629994,-0.9910619564610399,-0.03654967696550434,0
0.15417116312770238,-1.0410245243810303,-0.1916838891783546,-16.114061430323126,5.358312781475736,-0.6487953030010584,0.06699207204709222,-0.9888922454270693,-0.03767862867474761,0
0.15289092573518503,-1.0327207516981534,-0.19299581434807875,-15.805299194919884,5.325847234146668,-0.8679770092668762,0.06299349791110077,-0.984822017466146,-0.03794786950292632,0
0.14635569872980012,-1.0250150573116925,-0.19642411036945673,-15.449562065430454,5.333970162410611,-1.0808706780490025,0.05900960570467254,-0.979646879079633,-0.03667224982368008,0
0.13342273382617367,-1.0191980811644117,-0.1989042118814783,-15.078385776044016,5.35758379077376,-1.2875301433811321,0.05479934575599911,-0.9744481610157768,-0.03445481251750219,0
0.11903099809261468,-1.0143869352451782,-0.19821090713927633,-14.761678245444758,5.3448598935270075,-1.4928551358982638,0.04934348763624685,-0.9695294303030296,-0.031896288654906194,0
0.11093430888989465,-1.0090515688949167,-0.19399494118715607,-14.561351452565475,5.2637581630732475,-1.6837883865538263,0.04317008217834588,-0.963972231927831,-0.02902535209052669,0
0.11137376809637665,-1.0019633585606276,-0.18868800230082805,-14.48228049990854,5.133743998673618,-1.8331910664219842,0.03802081252905519,-0.957044984288813,-0.026025767542229176,0
0.11482116614056963,-0.9937337518570407,-0.18572721331329756,-14.485123191857305,5.00766198410532,-1.924518048527897,0.034366703188715035,-0.949647649939811,-0.024167574913492057,0
0.11511418525902081,-0.9872031427168966,-0.1863625251816667,-14.543709473879503,4.9297794670528,-1.9631432617324325,0.0307948298172775,-0.9435590527863671,-0.025630458635593413,0
0.1120357800099299,-0.9852662303329583,-0.18967083099777665,-14.674943183301986,4.914033580234395,-1.965288406755041,0.02647385782219392,-0.9399283472547542,-0.031629863292735226,0
0.1095686682487275,-0.9883374986864744,-0.19533567849359404,-14.907987422557175,4.952298967943357,-1.9507839465854897,0.022902435333199633,-0.9393399436760457,-0.04048524078180493,0
0.11038069241329626,-0.9940710056910664,-0.2038501581535931,-15.227010675139034,5.027382648179244,-1.9481558101943333,0.022129086991364656,-0.9423060901810997,-0.04851879496819112,0
0.11392560143473532,-0.999225091226571,-0.21358876757115333,-15.54465705977147,5.1091833975801695,-1.9857112446574894,0.02422264345439851,-0.9484674705651804,-0.05352245860861789,0
0.11824541295507765,-1.0019952697872336,-0.22016702548213457,-15.73930232345556,5.148445887167837,-2.063448381474262,0.027670804671143173,-0.9560301798884465,-0.05659109901402472,0
0.12168636868921821,-1.0034021903093293,-0.2202495750176539,-15.734293868980298,5.095991167471687,-2.1462461089038847,0.03155807190684199,-0.9630146692830946,-0.059791698717216506,0
0.12356530003279814,-1.0066271753748377,-0.21516672989192992,-15.544414726472121,4.9353053899643005,-2.2022921395020796,0.03617411508489423,-0.9687148357072063,-0.06268869618016908,0
0.1247398569077157,-1.014029999662239,-0.20952061222313123,-15.24007240757964,4.687029809761453,-2.2454850643843054,0.041737882408039696,-0.9735121393993361,-0.06235273638586542,0
0.12729282351861979,-1.024108949944519,-0.20634933414679976,-14.87971810822478,4.381408451608104,-2.3264677686293065,0.04749465602844525,-0.9777061894540039,-0.057000272140837444,0
0.13234163559525142,-1.0318767898015762,-0.20490186690492573,-14.495436035244262,4.037745702350044,-2.4818773865496135,0.05239058954188382,-0.9809633961454682,-0.0488532651469634,0
0.13829292058937878,-1.0329716581836048,-0.20355595579894334,-14.128518701345236,3.673504765538225,-2.7041067091842503,0.05624982634705819,-0.9828467561173103,-0.04259450020503674,0
0.14259779129709071,-1.0277437688647504,-0.20329740794144852,-13.840618624417942,3.326691293314824,-2.962665372677737,0.059833343926519914,-0.9835041851663103,-0.04093402314298328,0
0.14512491058010324,-1.021329884082307,-0.20628700477703865,-13.675397886249302,3.062024776734999,-3.242187436456277,0.06386392938015775,-0.9833356450021699,-0.042440846387862316,0
0.1483331269541769,-1.0190688975742948,-0.21133631494470076,-13.624111570023745,2.9433509959231223,-3.5472597170137687,0.06848982176146473,-0.9820570528460487,-0.044066443790646274,0
0.15404936558713378,-1.0211109171620396,-0.21353982185689452,-13.637745140580915,2.9852695477634796,-3.871240942125929,0.07341357099909619,-0.9789225494788178,-0.044799332605288775,0
0.1612916241628064,-1.0222802461599974,-0.20999638982665814,-13.661963772390983,3.128255312254208,-4.1737798083459765,0.07767669489179545,-0.9741124980918227,-0.045945935759617945,0
0.16724296844146233,-1.018457053219842,-0.20432171881904812,-13.65665086662729,3.2723097187232586,-4.400723613807539,0.07962806854546939,-0.9690958434385342,-0.048618147789013924,0
0.1694298352682964,-1.011873267794871,-0.20323270267776614,-13.603361907225334,3.3486076739022934,-4.524321176863725,0.07835643344658653,-0.9653166309358497,-0.05232684514112628,0
0.16726320027194724,-1.0077649474170902,-0.2090105677301232,-13.515271067322407,3.3631558711224296,-4.555952260403896,0.075218655644438,-0.9631117434688998,-0.0560951196772249,0
0.16261091192670346,-1.0070191683295049,-0.21756398919835446,-13.43206178022153,3.368330694664347,-4.521623776965728,0.0728451944898195,-0.9619980777173969,-0.05975652432843519,0
0.15876766613966722,-1.0058965337380137,-0.22396698864492412,-13.383513009329896,3.3943931301164785,-4.437550189150607,0.07232793962885767,-0.9614518169442134,-0.06333269156307138,0
0.1576789483570793,-1.0028051406846825,-0.22718916976316578,-13.353223379630355,3.4191506624386294,-4.315784741734057,0.07218799686091718,-0.961294200888108,-0.0658329173417013,0
0.15815270255362718,-1.0010039240598558,-0.228889358339104,-13.286720647228275,3.4055700383081184,-4.182069611398559,0.07051207992312984,-0.9616725580116815,-0.06608459481386808,0
0.15785505734395977,-1.0033139892574354,-0.23049710654659888,-13.137514654635044,3.3504169554742758,-4.07014628414421,0.06751472637115548,-0.9627622045146182,-0.06488060889583197,0
0.15656460626518243,-1.0076120856602948,-0.23237878006531393,-12.904315164838245,3.2817583669160526,-3.9932507736839558,0.06539519754061847,-0.9643015528024115,-0.06492048509970669,0
0.15586901645434711,-1.0096755585540114,-0.23375500672686442,-12.630981263847788,3.2227064519049824,-3.9278461666056854,0.06581577749209576,-0.9654226096769402,-0.06781323573810337,0
0.1562613872516528,-1.0084574210236623,-0.23333549305294235,-12.376007137643906,3.1783088610072423,-3.8304485997483395,0.06806882699907459,-0.965236120071592,-0.07202704125387946,0
0.15655250142747226,-1.0063845660901845,-0.23159661063422834,-12.173898653722711,3.1528191237824723,-3.672412010374621,0.07000125241714733,-0.9637177867338201,-0.07479533460044911,0
0.1559590938686689,-1.0054119158472736,-0.23134286357834263,-12.01880705137567,3.1582481270854386,-3.462418876378236,0.07038522013065256,-0.9617344482176404,-0.07546961555331377,0
0.15502118120043573,-1.0049057205193606,-0.23429914778274094,-11.890733971847109,3.197345732184056,-3.2373836343213753,0.06972244704424778,-0.9600399503245689,-0.07587714009705546,0
0.15423397204230907,-1.0034486864231844,-0.23869466685475435,-11.799952123222374,3.245509604178847,-3.028157599129436,0.0687857728224598,-0.9585167081437086,-0.07769764618791705,0
0.15293382684162143,-1.001040373275897,-0.2420184840232807,-11.795583125873254,3.25736322414683,-2.832411706989753,0.06733696526733106,-0.9564566560617447,-0.08069006383704555,0
0.15004983188112067,-0.9988396135472818,-0.2444215830398744,-11.919142354794891,3.1959769003749186,-2.6240333747319493,0.06467126395110515,-0.9532683142995596,-0.08353142789820518,0
0.14537572529486462,-0.9975526938828737,-0.24716831833210956,-12.147880785200249,3.061037773063354,-2.3876386823247264,0.060609791876873556,-0.9490289756834565,-0.08536336472009452,0
0.1396274081243412,-0.9965241332760736,-0.24898303258862017,-12.393026169937531,2.8906571193220705,-2.1372113527164958,0.05549052031819355,-0.9448212622655987,-0.0861823586810876,0
0.13376121243933792,-0.9943091339213019,-0.24670506349233326,-12.564625231573187,2.7340905003047,-1.9010756750582603,0.049870665092230766,-0.942314203541281,-0.0863526923604466,0
0.12859542080692168,-0.9905373957195188,-0.24014815643343948,-12.638730290574038,2.622518621469221,-1.6956443817922353,0.044627273278960905,-0.9422947778677846,-0.08620278169228449,0
0.12434362690154868,-0.9870665889002727,-0.23452055324681154,-12.660573107435864,2.563759290904021,-1.5137310489514606,0.040645955600380215,-0.9436153231771351,-0.08599867674136312,0
0.1204726562835712,-0.986156856166446,-0.23594552201751112,-12.697925024370033,2.5556514068514895,-1.3306122622885668,0.038063430728392765,-0.9442230360400101,-0.08611009984181765,0
0.11727009849525663,-0.9877391802052913,-0.24435969991723247,-12.804180101624539,2.597564657574754,-1.1221967710330185,0.036611568595009754,-0.94333011518354,-0.08712010169115147,0
0.11707886382668549,-0.9898879568532616,-0.25285107547071234,-13.004640601230074,2.6928328099475483,-0.8884277499777368,0.036918860392253776,-0.9421017633323793,-0.08965735287857703,0
0.1218197118665823,-0.9915081295593398,-0.2554427924190166,-13.285135519259839,2.845190378639661,-0.6602766017688506,0.04025651208130144,-0.9421176908971008,-0.09385830962751122,0
0.1297807685851949,-0.9929999238671653,-0.2540006643920412,-13.595586583931889,3.049452888215002,-0.47136135994737516,0.04652729968688516,-0.9435694016565552,-0.0988432733662588,0
0.1376401588152518,-0.9946814632477015,-0.25527730327174686,-13.887370281974839,3.2815891909662627,-0.31909226125422546,0.0538100293466014,-0.9451683944712969,-0.1030679419978447,0
0.14545073364452285,-0.9960651372303375,-0.26189713610522536,-14.148414547036008,3.502911517740142,-0.16523944899705117,0.06063262172614921,-0.9456247161293763,-0.10565784514135493,0
0.15635468278770978,-0.9966794260877012,-0.26907459678958673,-14.390133872972807,3.6827482001034455,0.01970592064364607,0.06755179617847595,-0.9449989679829918,-0.107236922156644,0
0.17067579044880973,-0.996536844042117,-0.27114836431440625,-14.60806254229066,3.8218193952389563,0.22188014446436796,0.07553789112391548,-0.9444806223918725,-0.10901314298584446,0
0.18358309229990138,-0.9957925766593037,-0.269033877793196,-14.773363343985395,3.9566976356228944,0.39897183862083413,0.08383830636028224,-0.9448579671014999,-0.11121702992348188,0
0.19063683941795648,-0.994747307028928,-0.26871862784366135,-14.860440778744804,4.144692332503299,0.5180831312313668,0.09091372109515582,-0.9455123189438163,-0.11294590624115694,0
0.1933106221275733,-0.9940259305872364,-0.2731561213313275,-14.867770034869167,4.437987675601442,0.5670912336232411,0.0969080887991627,-0.9451277650591859,-0.11362752090425722,0
0.1965074393814532,-0.9939469304466165,-0.2786080139723526,-14.818787236563235,4.851092286957627,0.5415745026804418,0.10336988310678276,-0.9430896876783132,-0.11424920159062994,0
0.20212820048192992,-0.9937327002542328,-0.2800178515313258,-14.766987343153072,5.336367824505258,0.44677782841790176,0.11044361624199359,-0.9398975234960596,-0.116639651396593,0
0.2076361213534659,-0.9921104732618705,-0.27796739854787395,-14.793839652314123,5.801656120871271,0.31443048668630696,0.11599188309453873,-0.9364772061927873,-0.12134438414946254,0
0.2101832545912202,-0.9890690677446293,-0.2780420159885863,-14.956675966797807,6.177318646437742,0.19434157986441192,0.1180812480759982,-0.933432614528201,-0.12669515884370247,0
0.20986084981192835,-0.9862827327749017,-0.28344294925956165,-15.21596302971537,6.4758349975464204,0.12031250272997746,0.11726969886131346,-0.9308747865434265,-0.13063002749090272,0
0.20871898024888202,-0.9849694341088941,-0.29075100835941636,-15.442801768874721,6.77837361072433,0.09771604851041421,0.11576384281206835,-0.9287293035568204,-0.13312643729401807,0
0.20796818855208224,-0.9842125682420589,-0.29467769668736216,-15.520012125478278,7.157465644170096,0.12608026989234983,0.11484269737019583,-0.9270872666817765,-0.13588562649565855,0
0.20684384893363233,-0.982766281001621,-0.29499345482041955,-15.412250490002162,7.609704773426788,0.21822036439881226,0.11380947109519456,-0.926316941161186,-0.13980085301009743,0
0.2038237094153939,-0.9816312911147339,-0.296098444433878,-15.126379308893164,8.052457058312408,0.3939372242993265,0.11145394617930943,-0.927097536476484,-0.14405301878724533,0
0.19826228287944003,-0.9831437470168344,-0.300888567421882,-14.649678308195256,8.372655321730246,0.6622408800235141,0.10770271975081426,-0.9304127215423325,-0.1479038486415807,0
0.1907842726698612,-0.9882009925745642,-0.3076713908897479,-13.964938139885497,8.483091716093679,1.0047651251603633,0.10309595193557171,-0.9370640449137088,-0.15206940176735642,0
0.18276621163337325,-0.9960172809744592,-0.3129940528701302,-13.092091014214015,8.36043098705104,1.3679007758166872,0.09724856417219167,-0.9467529604543707,-0.15765774311386563,0
0.17559393810775595,-1.0058228328012362,-0.3159085246086382,-12.06148396930296,8.064208178075715,1.6762052560561438,0.08929824086690583,-0.9576587233729008,-0.16441983026866133,0
0.16974453024280345,-1.0164815855553633,-0.31884784801096067,-10.855276870848142,7.731084596267002,1.8660655911466872,0.08025077931580528,-0.9669721204066694,-0.1705627229573055,0
0.16476714317784974,-1.0241050718916322,-0.3240760448471632,-9.43592751800914,7.521736138581915,1.9178835620612749,0.07354957013153533,-0.9717174576757763,-0.17396483077725716,0
0.16108404031387372,-1.0224827737304438,-0.3293129542445716,-7.872752215626754,7.519255750593087,1.8666698121753493,0.07206732075121212,-0.969466128800781,-0.17323127536099941,0
0.16085463598573246,-1.0082185358942202,-0.3282526373987812,-6.429219013178543,7.6481825840402315,1.7872351564861464,0.07503741897544858,-0.9594655705625066,-0.16798243665208146,0
0.1651043079367645,-0.9850251261617463,-0.31708344776880437,-5.4950549086624285,7.7094380312307305,1.7629731626850065,0.07912995103285937,-0.9437901771419502,-0.1590781656800299,0
0.17096311766677014,-0.9611968018405138,-0.2999946033542768,-5.411745783786497,7.520400234845465,1.8545314933829289,0.082259722155749,-0.9266510541117782,-0.14881545800515292,0
0.17434403462731796,-0.9430900180415025,-0.2860047792366543,-6.331591528991141,7.024754033329647,2.0825414110592346,0.08505850211940716,-0.9116865334720075,-0.13985016753229235,0
0.1747055072948737,-0.9323191354874287,-0.2801556246371488,-8.178065121250063,6.2810372506867305,2.423062940126079,0.08853620764245543,-0.9001875332304997,-0.13316162572334608,0
0.17450224298265263,-0.9280163895668735,-0.2802640155491418,-10.679943567490291,5.389260550059652,2.8072617548008116,0.09161243037649923,-0.8922806673490852,-0.12792059266526165,0
0.17458934615015775,-0.9292682758391879,-0.28238550384100125,-13.454014914702787,4.453453389351257,3.1353331161318123,0.09183566094083834,-0.8889568873555087,-0.12397047741242297,0
0.17332090838394967,-0.9354198553186165,-0.28569051655032496,-16.134549923598748,3.5851182310099934,3.3197814811680706,0.08822479933500649,-0.8917768363969343,-0.1230764737036125,0
0.17024247151184962,-0.9457362577907122,-0.2905446961741437,-18.497710603774223,2.8926993562508545,3.3325257057995916,0.0827770436911207,-0.9005091121366252,-0.12651043192224792,0
0.16752046497929046,-0.9590010514950318,-0.2953970051345927,-20.486147318199464,2.4434738422011533,3.206302561329415,0.07884309701842099,-0.9120824185818849,-0.13252634355016357,0
0.16673708320070324,-0.9729531666736946,-0.298228361940135,-22.11854350281839,2.2366187897794223,2.990918402297437,0.07798046928636568,-0.9228523357513736,-0.13777605145637434,0
0.16668111960596738,-0.9848359494836431,-0.29927522571803084,-23.393110270535644,2.216967862802341,2.7184791722055017,0.07871151861448403,-0.9316832042189209,-0.14079082304644935,0
0.16548822792281564,-0.9932401271245429,-0.3004102003689698,-24.28823288804339,2.3218482487492107,2.409934367475118,0.07855345845892703,-0.9399501162703557,-0.14282998366009916,0
0.16321311825283952,-0.9988170751864659,-0.30291300933741144,-24.83130760662389,2.529447566931434,2.101494409676483,0.07677473078040707,-0.9486826554401543,-0.1454260260727785,0
0.16129016140063784,-1.0027533614787671,-0.3069518402190903,-25.128786876769105,2.8690490589775948,1.8511137626074998,0.07463024802944081,-0.9566687308932752,-0.14822324523541813,0
0.1605392476520596,-1.0053570230251363,-0.3117298492644099,-25.315398210092717,3.378840766764069,1.7095583578641949,0.0732386767191048,-0.9615716092991624,-0.1496247318240286,0
0.16036996964617073,-1.0064558682021998,-0.31448255300285455,-25.478154894562074,4.0497944558178816,1.6873925307217077,0.07221190430784825,-0.9622894705177278,-0.14879427284670535,0
0.1598051238983342,-1.0059914934349723,-0.31102929647797634,-25.620382815635104,4.810452480361646,1.7648377681969836,0.07094477754649954,-0.9597605906062742,-0.14625942483405238,0
0.15927971398795843,-1.0034434743779133,-0.3003435114899543,-25.68173921639028,5.563696089579585,1.9361058945217662,0.07062415637531762,-0.9555521861105369,-0.14290810516467897,0
0.1607957797262885,-0.9976836288355014,-0.28816142381469284,-25.60174211058319,6.2369603005521626,2.224948711554946,0.07352763264014449,-0.950146911734963,-0.13936073642320312,0
0.16540526722459864,-0.9885643088601834,-0.28301906245752984,-25.395477238089608,6.800853007168171,2.644682910311519,0.079794033876183,-0.9430400487334162,-0.13641182806420143,0
0.17117518608615154,-0.9780911835429495,-0.28772855362227284,-25.177399203073918,7.247463380483995,3.156444425912647,0.08623328721899624,-0.9342801161015379,-0.13517877713480328,0
0.17507877330196508,-0.968868598683727,-0.29651556296996645,-25.093800004716563,7.560484419584153,3.6843359021183084,0.0896999868572386,-0.9251784874772725,-0.1362692967558343,0
0.1768062061952863,-0.9617900800328826,-0.30189888875255516,-25.229020453588564,7.710983096386005,4.167195755272983,0.09066512748315882,-0.9173192644641351,-0.13909932618887771,0
0.1791023388111972,-0.9562274183544791,-0.30315897163252215,-25.585674373990283,7.679915039132103,4.582978939145912,0.09167224501601519,-0.911375715357391,-0.14237327993548748,0
0.18335593021630245,-0.9516578902299568,-0.3056070470012704,-26.130660912286928,7.482526170416371,4.93565528740705,0.09296327464791261,-0.9070289205476799,-0.14531000762314333,0
0.1859282550453675,-0.9477614911058243,-0.31200381825304774,-26.82608500964106,7.168244568984559,5.247090190374183,0.09178708841783542,-0.903652055491982,-0.14853276999798562,0
0.18095018742208357,-0.9438071617515512,-0.318710764249503,-27.635399167343056,6.79090499602035,5.559566954816609,0.08610590638309998,-0.9010063880759409,-0.15371798544352494,0
0.1671906776446953,-0.9397016722174946,-0.32201284782077355,-28.543519466798653,6.378073945104145,5.912155319734056,0.07725284089126597,-0.899463924917475,-0.1618980200860665,0
0.15038188976870365,-0.9372265621072108,-0.32444880006942295,-29.56942798126054,5.93527400924172,6.298464648327743,0.06827921677049241,-0.8994231737897252,-0.1718888688419693,0
0.13757941909746155,-0.9385402451943472,-0.33127772765755825,-30.731151490023137,5.48069315040358,6.664651618791046,0.06055382898064788,-0.9004666692175617,-0.18086567127653336,0
0.13033666992790016,-0.9434374540993108,-0.342639329716963,-31.994309252764122,5.068246692085116,6.9634418140329934,0.05287028387619708,-0.9015834678955996,-0.18688333627474174,0
0.12492517078519154,-0.9495854346991528,-0.3529065641111876,-33.26432381926492,4.771150981005488,7.201388342428251,0.04397951083836302,-0.9025154166767245,-0.19054652416676665,0
0.11865118946877244,-0.9555982412708404,-0.35729772298574786,-34.43034344596942,4.643137971770005,7.417314857120817,0.03523098801067984,-0.9044786464679422,-0.19392274566815457,0
0.11345865773042166,-0.9619239112843535,-0.3566172028726572,-35.420059340494156,4.696803879343639,7.615568288034987,0.029698225440423276,-0.9090804836047232,-0.19819679949893962,0
0.11220984473236599,-0.9680659454824911,-0.3558909850982933,-36.22074198959952,4.9147126603920865,7.745840409864018,0.028596194428848077,-0.916390783976627,-0.20280902678208482,0
0.11385471336171438,-0.9716317266007455,-0.35990496647013936,-36.85582397325779,5.266099721727914,7.771038361565953,0.02957202307175749,-0.9241857503702615,-0.20664310218068374,0
0.11487759399654751,-0.9719254817231388,-0.36934385712202783,-37.355111929150475,5.697711011941827,7.739519413737506,0.029299135083756443,-0.929438378712848,-0.20956790779470594,0
0.11409665581839648,-0.9719027632114565,-0.3801505397225323,-37.757406661062426,6.115843998639993,7.756878975586981,0.027213247924483104,-0.930784277467099,-0.2126499473612468,0
0.1132304621770466,-0.9741825747113306,-0.3871144313763128,-38.11947269066273,6.407578463147547,7.885429949547668,0.02560981611769015,-0.9293956049688346,-0.21688307404699236,0
0.1132900885616441,-0.9772779407290004,-0.3884630722228458,-38.479883650359014,6.501863258614827,8.095014414052075,0.026056534228840217,-0.9275497544835415,-0.22180707737460795,0
0.11288229613115992,-0.9782080604275194,-0.386621291171156,-38.80409582146018,6.406830218398045,8.312768696447696,0.02706465633808152,-0.9267015897494226,-0.2256522920310435,0
0.1107685650004005,-0.9770315202289512,-0.3849452815325197,-38.999643237561486,6.180912502174808,8.4982045396255,0.026390723525958393,-0.9267851960759267,-0.22711918023788324,0
0.10892060684882802,-0.9761287734248795,-0.3848555127980178,-39.01957970662401,5.877314863148057,8.664535673742137,0.024775986156854595,-0.9269287597101821,-0.22701845783825317,0
0.11124847524635519,-0.9760188237243771,-0.3861738136618175,-38.95122970190748,5.523959366699266,8.850515186549588,0.02546146973009309,-0.9267252910282362,-0.2279602499266903,0
0.1184617480314202,-0.9749414227457097,-0.38867748155709925,-38.98176740445138,5.138149260323877,9.090063157340214,0.029860844151487164,-0.926751363011843,-0.2321514371494027,0
0.1258440714933397,-0.9731439349434007,-0.39220034988521807,-39.26101000913606,4.734967533871918,9.389529069726452,0.03566005977578242,-0.9277810187569095,-0.2392681580165462,0
0.12814171713604333,-0.9747102914761695,-0.39623444978578565,-39.79269464001933,4.331515410233505,9.698214242577277,0.039884503960355026,-0.9300311089038313,-0.2466936337899641,0
0.12570805119443343,-0.9827981666737053,-0.4007415135821947,-40.44692997017613,3.9778651640751588,9.904822727245518,0.04215128478654385,-0.9338746189895054,-0.25235754739432664,0
0.12364640122229777,-0.9946037591261606,-0.40658598427450154,-41.05666741939898,3.782826593488367,9.906271568736232,0.04396463166647554,-0.9405970757230437,-0.25715996223824844,0
0.1254851216809731,-1.0039117566403506,-0.4140745740936514,-41.49826073040912,3.8619130622630844,9.70353976555336,0.046160153088252595,-0.9508415895259664,-0.26371209967978587,0
0.13018995810980513,-1.0085153171633519,-0.4220143838190118,-41.70429563186763,4.229138463614816,9.417126230811993,0.04832914443752867,-0.9625661303066377,-0.27269052061918736,0
0.13548011855858497,-1.012920771012937,-0.4291214589100815,-41.63341445372342,4.757787534365696,9.194117220362521,0.05035650522635718,-0.9725752155195231,-0.2815986300809644,0
0.14124129508238328,-1.022980428953182,-0.43523791543789947,-41.25673840347504,5.267034534787401,9.09278492282962,0.05328190969750162,-0.9802165013843864,-0.2875719507296825,0
0.1481265885111248,-1.0386736543119157,-0.4405642214618977,-40.59563679692392,5.636399508679786,9.050263403816652,0.05778955427069447,-0.9873665293254645,-0.2904531030170056,0
0.1545916298342025,-1.052784308119899,-0.445023740294778,-39.7747434593555,5.838856040636536,8.962712437573586,0.06237955813679397,-0.9942163939921025,-0.29229160212986866,0
0.15754085691560338,-1.056989631202082,-0.44865765713324096,-39.00297665524678,5.911721025381824,8.796451373610534,0.06454674698874492,-0.9973449302279812,-0.29423630899154696,0
0.1558951849275763,-1.0493423938892552,-0.451027408071814,-38.44860091565403,5.939354305286673,8.612284008561247,0.06386863132910346,-0.9934088657060292,-0.29496181446265035,0
0.1521905415208998,-1.0353518183922952,-0.4501792671078599,-38.10620984383662,6.046907853827013,8.489524613908586,0.062370245531947116,-0.9833748056199718,-0.29260251151302724,0
0.15001961143126485,-1.0220221636489335,-0.44443158732149074,-37.7959149609444,6.354763295667303,8.452656056272996,0.06165503824660674,-0.9715936265028557,-0.2876250283758229,0
0.15039681510881428,-1.0122266044895425,-0.435825346573835,-37.300283278676574,6.8974073387240935,8.474127346883296,0.06126678234800049,-0.9614601368357657,-0.282947683740183,0
0.15114800086296973,-1.0047954423237073,-0.42981664280616794,-36.499794825272154,7.572753200710739,8.517663157544986,0.060110796611175944,-0.9533858663596511,-0.2812060626395293,0
0.14934595968123554,-0.997814404241444,-0.4305891883840719,-35.4018507008167,8.172186474882576,8.561493365220336,0.05791223843438468,-0.9465406099627716,-0.28251800530739896,0
0.14349391147903998,-0.9907584227105328,-0.43757906484234194,-34.09337429275647,8.47594429827206,8.599316213302066,0.054670619772846735,-0.9408334363213963,-0.2851695145009581,0
0.13374202415848532,-0.9846978164454478,-0.44650262137392555,-32.69249361785788,8.350117217223014,8.64060183477859,0.049712340253977735,-0.936611825698564,-0.2879864424203181,0
0.12140391036022788,-0.9812155789644424,-0.45293064947714873,-31.320033047349096,7.786316960220001,8.705194028828787,0.042100308594403404,-0.933508168540995,-0.29143315838174877,0
0.10883638639871301,-0.9804543413660602,-0.455448531732913,-30.070378085124503,6.875677593752235,8.808832442848512,0.031909762058127275,-0.9306078652728541,-0.29639514390917776,0
0.09891143766639868,-0.9802280627269155,-0.4561078830659476,-28.97675024585963,5.7568284770618545,8.959934519992903,0.020904779526204918,-0.9274657825128148,-0.3024191108279262,0
0.09347993700622596,-0.9781068068739326,-0.4574395779592808,-27.999308716350154,4.574621916032102,9.167915280342838,0.011795630173003429,-0.9242058063841256,-0.3075696465926728,0
0.09196505495403302,-0.9743821321705761,-0.45920735652714584,-27.066231517301194,3.4514188759133484,9.434697809426716,0.0063709123658231915,-0.9208378191872679,-0.31005256281427473,0
0.0916956614707329,-0.97164576377353,-0.4591534643445392,-26.150861813019972,2.466285524860999,9.731142010237278,0.003992274009649062,-0.9172630654654803,-0.30993653581455477,0
0.0901247721384967,-0.9712034772755312,-0.4569514853513947,-25.320634608501166,1.655718871511965,9.997416454462558,0.002334888556759486,-0.9138377615983029,-0.3092424336439746,0
0.08732412483883249,-0.9714171692456113,-0.45613608090164937,-24.70963280936978,1.0346539614556476,10.179625796369882,0.0003416540030870183,-0.9112278721236318,-0.31017396690245913,0
0.08663145397251505,-0.9702055226056204,-0.46119790064011623,-24.431494926252892,0.6067460742988913,10.26825445943564,0.0003273241200212338,-0.9098345400465457,-0.31333342351090543,0
0.09249125795856367,-0.96779659728466,-0.4728320310934411,-24.497902243294444,0.3557371470393946,10.301175165086372,0.00628714594231633,-0.9098716362888288,-0.31803402535608094,0
0.1068957676944919,-0.966129410242172,-0.4864181675437533,-24.806803009275793,0.2505409219694935,10.324209679349677,0.01980442777379406,-0.9115942942367204,-0.3239974012389923,0
0.1276653878416241,-0.9665322414638495,-0.4955850991568904,-25.21281586906132,0.27430819449445354,10.340278418317329,0.03824558730961812,-0.9147624159823781,-0.33152566033558795,0
0.15035301298392767,-0.9687367060370429,-0.49765113277148953,-25.617937170683312,0.4358047862875497,10.300003963114412,0.0573794144888903,-0.918170417776312,-0.33958506174467995,0
0.17138874200438028,-0.9713062086229542,-0.4954524114648145,-25.99468129703664,0.7328290466961473,10.15064792119986,0.07512355812639183,-0.9203803884242978,-0.34492593581265085,0
0.18895036563462575,-0.9722989930366329,-0.4936839970452558,-26.32239495650553,1.1056725274028607,9.891257991543327,0.0919397808510024,-0.9208469184583878,-0.3445292031586158,0
0.20181052216780235,-0.9701174201790853,-0.4942301735718359,-26.520256165079747,1.443472140101389,9.576219528449004,0.10777828451473136,-0.9197817598641315,-0.3390707503493323,0
0.20896116718666977,-0.964382574920184,-0.4957725606013049,-26.4724687748157,1.6458081004656622,9.2808479468793,0.11962756566799222,-0.9168725226080372,-0.3330626043609384,0
0.21077379371610477,-0.9561800481993653,-0.49688172173344525,-26.129125077953816,1.6814831217913018,9.080144069269563,0.12312303407050625,-0.9109522659378486,-0.3309203693812939,0
0.2094660968920437,-0.947887351343544,-0.49776694472393956,-25.5680939918608,1.5986032685923226,9.035078268771237,0.11705846272880997,-0.9019410866359845,-0.333080261433467,0
0.2067193597418414,-0.9425046541027686,-0.49897408489851386,-24.951187507637027,1.4827494576076727,9.143199896115648,0.10540694623666308,-0.8929280399111332,-0.336247010863874,0
0.20041430607303332,-0.9416308830878222,-0.49973107770805136,-24.425753698595326,1.3902891247072118,9.292410949475926,0.09346872491661952,-0.8887511923496763,-0.337049911137033,0
0.1858348016219878,-0.9437431973385056,-0.49841759440566635,-24.057268710497688,1.306646404821276,9.319384380688682,0.08251809559838418,-0.8916163521224784,-0.3349659271159559,0
0.16185969831574343,-0.9460530351666592,-0.4945218409657644,-23.824074082833416,1.1647534912115383,9.153833877680835,0.06982199888218743,-0.8989829024408005,-0.33195117115628325,0
0.134227685807462,-0.94831188128759,-0.4898970407064917,-23.65242872343834,0.899922350228279,8.881955412491417,0.053242011729652386,-0.9063495549528866,-0.33005833887180497,0
0.11036936633175502,-0.9529161652807998,-0.4879575417741295,-23.461932265642254,0.48983216116248135,8.64306844536783,0.033840145856153594,-0.9112757657980636,-0.3299679760914803,0
0.09235556679221432,-0.9609053379412349,-0.4909328053602986,-23.21007782013567,-0.04086608387820789,8.487958681194618,0.014284473128839799,-0.9143136987806328,-0.3315477242802207,0
0.07736954309368073,-0.9698158401168521,-0.49737567399936505,-22.92529366550293,-0.6412750838071976,8.364773176099574,-0.003455976713378798,-0.917031173850061,-0.3349186408834936,0
0.06380997661497542,-0.9761085651906835,-0.5033038663190043,-22.6958777283003,-1.259381326135536,8.221618415302235,-0.018451850204174454,-0.9199877803340797,-0.34038696237601684,0
0.05377500516490198,-0.9781924354017535,-0.5065811950702616,-22.603638569989684,-1.8452351601172914,8.082211142970904,-0.029901401886782777,-0.9225026688724666,-0.34769227632177047,0
0.049688086207101884,-0.9768317850673026,-0.5090814698005808,-22.662835168517386,-2.326567982999007,8.013149338809189,-0.036645522777618816,-0.9238653896880343,-0.356092894728989,0
0.05129832649193203,-0.974382647667329,-0.5138320032776751,-22.833520166518834,-2.5954230325311936,8.041392316384483,-0.03745065978832468,-0.9243318013331131,-0.36527913123693473,0
0.05693306477887045,-0.9738783018203642,-0.5214309984839779,-23.08151701829326,-2.5499424752267212,8.124165007584818,-0.031355904423951496,-0.9247359412477539,-0.3753314921582251,0
0.0662097832466613,-0.976569876782598,-0.5301021853415446,-23.39277437786246,-2.1720845742683,8.195679837047932,-0.018104807013786008,-0.9252498925417472,-0.3853908073480414,0
0.08063668805693454,-0.9794466465219467,-0.5378859954275771,-23.72656045111192,-1.5598276039105081,8.226397504784202,0.0009463971276813708,-0.924830878806282,-0.39353468425255245,0
0.10171284492949881,-0.9774369581158112,-0.5438997812081001,-23.999186520642965,-0.86551009888561,8.231209320117106,0.022512889344780834,-0.9221280306624899,-0.39879466335801483,0
0.12808887086270782,-0.9696523073798696,-0.5485683812014368,-24.14917946585889,-0.19740542159226218,8.23494149681952,0.04290928122122856,-0.916985110708364,-0.4021482657087775,0
0.1545946999908715,-0.9615701711000699,-0.5533256041198629,-24.195490265739792,0.41486125852158096,8.248643850929438,0.06027955054313964,-0.9109990561895587,-0.40467471381532666,0
0.17537373336346976,-0.9590062580076636,-0.5592003277368154,-24.19592678875126,0.9723762867137863,8.280186804914091,0.07522018238254376,-0.9065693609603491,-0.4060875901085836,0
0.18854796936290283,-0.9616425961112088,-0.5650839247848585,-24.167505765568087,1.4593226372654218,8.349960855007655,0.08914878751501315,-0.9053298534211851,-0.40615014667640426,0
0.19664791758628455,-0.9652482545294176,-0.5680155713115391,-24.086443554083683,1.8644148718226818,8.478062779464901,0.10186123888346874,-0.907354118166651,-0.4062089484999301,0
0.20220889644799414,-0.9687924052213518,-0.5659315423618341,-23.946772825377543,2.2305139374798113,8.656112055692981,0.11074532827734296,-0.9117283530238547,-0.4078737288124438,0
0.2048444666779583,-0.9753006797255432,-0.5599735493709224,-23.758817605140116,2.638915065579604,8.845501354613699,0.11306780346220136,-0.9176759698775665,-0.4107023699896295,0
0.20349050633803512,-0.9855069157454567,-0.5534168374234282,-23.472845987469782,3.120280271753105,9.004054944855234,0.10925888424305724,-0.9248312412288888,-0.41212822315614295,0
0.1992117720743208,-0.9947053510659911,-0.5485867864748593,-22.953696640978123,3.5958991148029456,9.099221138778029,0.10306572227667127,-0.9324543155373793,-0.4096818974195671,0
0.1937117894658155,-0.9979112553000327,-0.5458907756735691,-22.090717237939476,3.9301281768061354,9.102043754358883,0.09769553089455142,-0.9389549161643395,-0.4034846061231635,0
0.18629987948147886,-0.9957727598345265,-0.5455715958139001,-20.9440018207382,4.044862587359663,9.002391567832232,0.09226854827049893,-0.9427326203758797,-0.39702958219345796,0
0.17441778068173022,-0.9932953080280458,-0.5485967598303495,-19.747448949970533,3.985261235789483,8.837089320734195,0.08307378053360251,-0.9435430282949498,-0.394866755922881,0
0.15713013357538907,-0.9940566102293239,-0.5552212429294282,-18.740075890537703,3.8919781241650924,8.667302255232514,0.0683004275240448,-0.9428481898739336,-0.3985425207258115,0
0.13703233208154764,-0.99724042172824,-0.5638287280584083,-17.99729069536363,3.9235691519796734,8.509771283008666,0.05048294356532316,-0.9425758767432125,-0.4051862744035179,0
0.11862051510503839,-0.9994117943269657,-0.5714225039207607,-17.427152462704278,4.193386009801154,8.31621499609894,0.03404403944261272,-0.9432937630580089,-0.41058833580773857,0
0.10520241891984897,-0.9980900525096091,-0.5744662753292623,-16.906694535072276,4.740940756455462,8.04076800989754,0.02145931208433826,-0.9437369316139285,-0.41285285161596313,0
0.09692025323896995,-0.9941020660236208,-0.5706196355685346,-16.40218187029326,5.514473178421564,7.7143388666877835,0.012159145345592157,-0.9424853341770714,-0.4126843413620101,0
0.09093920518536472,-0.9907528112157867,-0.5621806510090016,-15.973322512469212,6.365065299679132,7.440018881580304,0.004018022553972229,-0.9398256253665219,-0.41157636773769274,0
0.08393855074636868,-0.9901645877424521,-0.5564366321392782,-15.70182621823346,7.097848141270463,7.323413656591394,-0.00488743518479621,-0.9372298481907525,-0.41085692269035506,0
0.07524055376174604,-0.9906824686362417,-0.558691848658056,-15.633790764363866,7.58224008678508,7.413047362405644,-0.01508648976195674,-0.9351599106257676,-0.41147065967573543,0
0.06715552114720452,-0.9887834903694418,-0.5653402051690514,-15.75380465950565,7.8273423899276136,7.697674408557055,-0.02492969737105176,-0.932450544336276,-0.4132350977521932,0
0.06207015754487283,-0.9834275066920086,-0.5676894268767924,-15.963359726746868,7.942370859598853,8.14426931848661,-0.031130033503606335,-0.9282037585672243,-0.41457179354851803,0
0.060350227069817915,-0.9774081119765538,-0.562629614955521,-16.0933628229232,8.032732601149501,8.728339177611174,-0.03134644582213152,-0.9234538807325142,-0.41398485795717516,0
0.061341681191151146,-0.9740036909749146,-0.5557206527648297,-15.998801053881266,8.14320445887323,9.433856655925238,-0.0265692528979074,-0.9203229132422845,-0.4116313239158972,0
0.06476876930024758,-0.9733290291245461,-0.5531003125830114,-15.672254200584163,8.271541149484738,10.243268435358576,-0.020084608439376032,-0.9198949684266173,-0.40872337577113715,0
0.07040458660344706,-0.9730368511380866,-0.5541460515668459,-15.245518373298543,8.390717926409465,11.134222882706354,-0.013992799146797637,-0.9215090501924146,-0.4057947980986003,0
0.07754061406878152,-0.9721475111983211,-0.5541223394643054,-14.868889463741185,8.451544875918534,12.068626708272888,-0.00785390585950174,-0.9240945051917092,-0.40236541710168566,0
0.08519438945924722,-0.972701838653922,-0.5509810976524501,-14.599616219950125,8.395059934126552,12.974288115876247,-0.0008927739631955975,-0.9275964647740497,-0.39803531916096524,0
0.09213007696769744,-0.9770694916376744,-0.546494192682066,-14.393756708439975,8.18370689808777,13.755930308267567,0.005986097763848368,-0.9325769384491998,-0.39323087741245455,0
0.09721496507063272,-0.9848681239564012,-0.5425184777958304,-14.16701141295768,7.8205569294154005,14.347635250321192,0.011188521940795835,-0.9385627135777432,-0.3889099561845724,0
0.10041487995987992,-0.9935165893936666,-0.5392184758055925,-13.85120043096416,7.33972371459354,14.75947461446306,0.014258468833125414,-0.9435267794202657,-0.38588898489498963,0
0.10208877046010752,-1.000493231533853,-0.5364389318474382,-13.414447811877508,6.780938897608964,15.068500068159931,0.015509351252783658,-0.9455365528283104,-0.3846461963990666,0
0.1008955596185827,-1.0039560557181988,-0.5349570913939113,-12.848183172628127,6.165891548408571,15.357761196132145,0.014389273627705815,-0.9446655032103838,-0.3856979197202381,0
0.0947004972906526,-1.0029508284061528,-0.5361955470576145,-12.147875531063603,5.491769209694806,15.652491883814726,0.009629654589161924,-0.9427478408666838,-0.3894959753924757,0
0.0842847907807162,-0.9985586375237003,-0.5406813079778015,-11.31928305230208,4.752114618395246,15.906201929280382,0.0014073294409701546,-0.9412789504761726,-0.39532044737605704,1
0.07387372173345028,-0.9934764287655602,-0.546428123379038,-10.401979152784273,3.9733009572771123,16.04931246505855,-0.007534516092111608,-0.9399980249382959,-0.4007962034236236,1
0.06696728514935776,-0.9891992958784626,-0.5498541006878326,-9.472535177683417,3.236430275099654,16.057375603585633,-0.013736169685652753,-0.9375003241302119,-0.4034249130229107,1
0.06324976892215692,-0.9843902331577249,-0.5494416872470389,-8.626364763346515,2.662797280330173,15.978000122333114,-0.015918620574642946,-0.9326974191004382,-0.40253033395191007,1
0.060782422401389063,-0.9769972395327605,-0.5473508407864104,-7.972279887661262,2.367012964064147,15.8964200338238,-0.01570896645117232,-0.9256381989000326,-0.3993019330388196,1
0.060103668097897696,-0.9678988913765493,-0.5458947927392018,-7.633738518432656,2.404337716705687,15.878934735907155,-0.015606740135149823,-0.9175758726422686,-0.395299352596357,1
0.06385488247131937,-0.9613284697369108,-0.5439433766686372,-7.703295115647849,2.742245738908476,15.950383256121476,-0.016508147619342838,-0.9105715462385816,-0.39146878953887226,1
0.0718483138654501,-0.9605675216614956,-0.539533897776662,-8.145004843147575,3.268807914693082,16.11571603459502,-0.017075969766489334,-0.9065485745785133,-0.38846354972905933,1
0.07918604641750697,-0.9639295916643775,-0.5349538969069548,-8.73891247229734,3.8341719760982134,16.380322612935064,-0.015216651554229424,-0.9060663001572808,-0.3871808670165616,1
0.0815928179816878,-0.9664233505123155,-0.5352238166769065,-9.166913912363079,4.316816703075539,16.73482522414271,-0.010217848769127241,-0.9077699747716786,-0.38834280627214784,1
0.08098007468273956,-0.964738919030645,-0.5409824945919125,-9.20946071197508,4.6889683775670195,17.1320029962753,-0.0034992270454490618,-0.9091639172696148,-0.39157678662828493,1
0.08315298000014604,-0.9591625019440695,-0.5466409417598578,-8.89209572796148,5.031547913823086,17.499751719089257,0.0028859174469672744,-0.9080210260259991,-0.39546943135305057,1
0.09104234400984783,-0.951392562059863,-0.5474990868918885,-8.448697672787247,5.471203383132581,17.78109063510776,0.008376399631944241,-0.9031686711861207,-0.3988486284331937,1
0.10254468274107463,-0.9424966835135751,-0.546068656928838,-8.141761041417968,6.081737749002757,17.957536380948632,0.014381315811893936,-0.8945559188866167,-0.40166883152569494,1
0.11391874150909992,-0.9331801521324727,-0.5484492024342538,-8.107979312905044,6.833958294116933,18.04373193751539,0.02280811196410256,-0.8833700302925778,-0.40419920415199617,1
0.12259921659977627,-0.9243486243997918,-0.5555174612492642,-8.339470365552806,7.63583494353917,18.076989087711144,0.033975137172413815,-0.8720608171794393,-0.40572732683968027,1
0.12759602890310656,-0.9165173898583967,-0.5613323071739648,-8.759462164498888,8.411260700683307,18.111702507346426,0.0455539807126646,-0.863449499646787,-0.4051001613798814,1
0.13015831540283768,-0.9096888383841485,-0.5609947786209981,-9.293738807014055,9.125178604394703,18.203256081461358,0.053798911798024006,-0.8590802910295721,-0.4028414744031791,1
0.13342847202365327,-0.9044743880991386,-0.5565382578713269,-9.898516588265464,9.742183619928413,18.379358251755207,0.05637680682992812,-0.8580333588433786,-0.40161746227111667,1
0.13864533583467778,-0.9020966364925973,-0.5531409190706681,-10.555980064841446,10.205981709632919,18.62859714121363,0.05405450529358887,-0.8572931141543191,-0.4034572976497683,1
0.14249752495941467,-0.9023213102661684,-0.55258667596228,-11.246155227178138,10.490493826972052,18.92995754004179,0.04963452452155098,-0.8538225620065272,-0.4069671521898371,1
0.14068513678287714,-0.9023958207357899,-0.5530319248556717,-11.916503047646495,10.649312742973095,19.29506793180643,0.04547537441619283,-0.8471161639191032,-0.408551568248771,1
0.13302422618077026,-0.8992667893820273,-0.553126575253575,-12.49535274374036,10.780653748646408,19.765897345018182,0.04183260242309028,-0.839988483040509,-0.40638348351046794,1
0.12293759551892823,-0.8928746184736284,-0.5535695374043587,-12.953676638120127,10.947318628708542,20.362165814589083,0.03699240880264179,-0.8362381908278254,-0.4021844594770924,1
0.11299998424572899,-0.8867168618873037,-0.5549641849323683,-13.344017341033384,11.150482781052611,21.043430068462364,0.028874530460974268,-0.8368953833348411,-0.3990978222230052,1
0.10295334400961605,-0.8847277488227342,-0.5559826765415193,-13.755281449643466,11.369868956092315,21.734752511343714,0.017152106184012937,-0.8391161933816174,-0.398688222779692,1
0.09177310526912531,-0.8875100379684945,-0.5545963847354008,-14.223121787781293,11.595050313667446,22.384164666492424,0.004323117940241606,-0.8392899618857736,-0.4000979053153892,1
0.08013769936342177,-0.8915541412351896,-0.5508518773791631,-14.701287676568574,11.806028627707759,22.99071100321199,-0.005853222049221082,-0.8364776336228734,-0.4014353582133885,1
0.0701502286969305,-0.8918615218438883,-0.5472546358261785,-15.134039614743124,11.94587976921794,23.5895920902774,-0.011742237491864812,-0.8320858446474089,-0.4016911184421235,1
0.06325416794697807,-0.8858296754886409,-0.5457827752956774,-15.538681494775668,11.93767078022495,24.223294019119667,-0.015299967930417973,-0.8274075728671091,-0.40142949393602906,1
0.05947231338825972,-0.8756573567320275,-0.5458700265726739,-15.989090278353347,11.731363788783154,24.917063104985814,-0.019443870044129504,-0.8228640501831858,-0.4017021641590707,1
0.05853368122343831,-0.8668590689988916,-0.5464900632500101,-16.526895855033935,11.326257107260673,25.657389157967675,-0.024332475493279413,-0.8189659114724841,-0.40253727259079797,1
0.06041851550234918,-0.8636725475310554,-0.548596860274849,-17.11985224707894,10.751752521393598,26.382527390121396,-0.027200584175029588,-0.8167119859679605,-0.4029737738213424,1
0.06428281851143045,-0.8660421697005731,-0.5536833041432208,-17.705304205701697,10.041955258085924,27.00290112463873,-0.02592906032042032,-0.8168447318438872,-0.4027747887127172,1
0.06797502406516577,-0.871114607875239,-0.5610244914966916,-18.243268503858754,9.240441267486093,27.44733670582828,-0.021737852071203514,-0.8191180491236274,-0.40352498794031744,1
0.06999976666930188,-0.8764932482588377,-0.5678422064323937,-18.717564908495447,8.433861815573959,27.703890262081,-0.017509764284810703,-0.822591010103525,-0.4070045524972715,1
0.07178656907109855,-0.88102909892969,-0.5713984101215245,-19.105089378767182,7.772970243457987,27.81763328836633,-0.014095782457021172,-0.8263830646789408,-0.41231960388770716,1
0.07645070093970621,-0.8833711268798354,-0.5702258386446944,-19.362616909430663,7.4274324236585345,27.83715830643027,-0.009755459886052139,-0.8294580727419991,-0.4158256267092387,1
0.08472334995745878,-0.8818991242945555,-0.5646735458841511,-19.452041152434017,7.480413950810652,27.764560600691993,-0.00335420622474136,-0.8299474613047642,-0.4147121202731748,1
0.09330279917162576,-0.8767561508273704,-0.557287163665404,-19.382576284665124,7.860405887122162,27.57686048203301,0.0034991986007958135,-0.8261339971138777,-0.4099418567180856,1
0.0982051173370071,-0.8703823118789454,-0.5515111379358403,-19.22732322102111,8.391927423680395,27.289976026143353,0.00839634456012372,-0.8187010450508105,-0.4049208004342876,1
0.09918438539558577,-0.8649640451944635,-0.5487759239889427,-19.100916211904636,8.913495660777405,26.96235460906836,0.011117234027941706,-0.8110193237230228,-0.40189001577412004,1
0.09956149084611993,-0.8604538195471113,-0.5474889294937598,-19.12178346393047,9.341724420801924,26.625096312221544,0.013447408618096991,-0.8063810010986356,-0.40031403014681044,1
0.10149484176520951,-0.8561038643026885,-0.5457003544074454,-19.365456566592663,9.64665587628247,26.2469897201711,0.01641793622075855,-0.8052135143092756,-0.39828606390345994,1
0.10295797467045666,-0.8526907057388228,-0.5436217338405441,-19.807234095390413,9.808467636229706,25.7912953247341,0.018764214201778897,-0.8052140784078683,-0.3946792026615026,1
0.1004074854609108,-0.8513651819178847,-0.5421447643348205,-20.307467630551297,9.810001122895972,25.280679691179564,0.01802890148940867,-0.8037648736169939,-0.38985422536954806,1
0.09315675618962459,-0.8507351415628474,-0.5402350694651925,-20.69445933988315,9.63944671352739,24.78292385775899,0.012591393518221103,-0.8000347149715901,-0.3848136573900576,1
0.08365392304544032,-0.8474531525730561,-0.5362939802540001,-20.88864302082591,9.27060769378859,24.348335574695362,0.003036437796388611,-0.7951592065611834,-0.38036661757873563,1
0.07409647832955507,-0.840624578470844,-0.5315057469526082,-20.949469793918624,8.654236496623554,23.98047415188187,-0.007918692793240967,-0.7908513923889517,-0.3772550705951835,1
0.06423209558023861,-0.8338100389466397,-0.528992997559612,-21.017137333027932,7.760042056536016,23.660042197054693,-0.017556835362690273,-0.7880733834093477,-0.37621015700121546,1
0.05259870195611917,-0.8310961568674831,-0.5296560574875435,-21.225751240906124,6.624839655149442,23.382570061326376,-0.025880837268592544,-0.7868494196446207,-0.3772285206574334,1
0.039053840062450614,-0.8323043242536995,-0.5317355355430372,-21.649142628019696,5.340556607836012,23.17993263102593,-0.03542917610578426,-0.7866886230387726,-0.3796047783671899,1
0.025761867953174016,-0.8336768961531195,-0.5347991735642513,-22.27849319198104,4.012521717395058,23.12469033409911,-0.04762255130357987,-0.7868204909339288,-0.38347576268958156,1
0.015863441366722245,-0.8325201934057337,-0.5409818595321111,-23.031052471185134,2.753607755205926,23.31071145948374,-0.06004743322515375,-0.7864040061879058,-0.39026426646959994,1
0.011011205023008926,-0.8294988207600665,-0.5511679496267335,-23.80572339810014,1.679626930507838,23.79358708033424,-0.06838405166462534,-0.7849671611146449,-0.4002599644671214,1
0.010262781113076892,-0.8267228872373867,-0.5626161809749696,-24.557573774034005,0.8423411255450939,24.51446109619115,-0.07055805418183268,-0.7827521199795442,-0.4106790257704974,1
0.012056841079026506,-0.8252882054620861,-0.5716612492684235,-25.32088545439961,0.16432684203176817,25.286477237383778,-0.06783178870848859,-0.7806234787646247,-0.4177456204490238,1
0.017005459759283165,-0.8250502094441706,-0.5767267559143237,-26.155084787755836,-0.5111555824426149,25.893524628607214,-0.06212775585032283,-0.7795025615712049,-0.420151269369422,1
0.027066121404242357,-0.8256575185104529,-0.5778341874433932,-27.071002883007804,-1.2942597154739621,26.232732687601256,-0.05392462852078102,-0.7797231025523891,-0.41922255859533314,1
0.04150007260872245,-0.8271147591263164,-0.5752359795277519,-28.006371417997943,-2.196605328430616,26.370325868650443,-0.04323190823870965,-0.781075889139462,-0.4164866520397585,1
0.05570979466013351,-0.8296912933335678,-0.5697250251692498,-28.85222979915218,-3.187810564268918,26.46556929981852,-0.03125243617363741,-0.7835039528417191,-0.4125554499165264,1
0.06566476092920405,-0.8335670458260042,-0.5630891778456157,-29.494538556373044,-4.246410197005286,26.63934983420935,-0.020099649738872294,-0.7872236941036663,-0.4080567906314035,1
0.07204943865154745,-0.838487985254463,-0.5571892348825074,-29.86544952263762,-5.338913199697708,26.88922909697508,-0.011325981502214904,-0.791954589611178,-0.404069612005786,1
0.07802816774592908,-0.8439885096882089,-0.5525059241447626,-29.98836728572446,-6.396537109325315,27.10287678536176,-0.0052354232279646605,-0.7968043682574756,-0.40088655362331804,1
0.08384039018685202,-0.8500481088916448,-0.5477342762378908,-29.946853355639686,-7.360057145776879,27.165208493730688,-0.0014020178533228418,-0.8014168847594638,-0.3972257286798455,1
0.08611547898809191,-0.8567194775496384,-0.541662079458169,-29.77646254281937,-8.252026497254107,27.091090201972854,0.0005000311168726402,-0.8062750188722911,-0.3920286023041029,1
0.08285151672609851,-0.8624309697421667,-0.53627340854233,-29.427974449903903,-9.178723817794756,27.06707729322258,0.0005719239696576428,-0.8108834274858067,-0.38712470978146096,1
0.0770602590733889,-0.863582016858768,-0.5364900393660146,-28.88953459744048,-10.223438899209635,27.344635791005622,-0.000596431029366058,-0.8125642465677205,-0.3867981319427004,1
0.07407072003543637,-0.8574247960368522,-0.5445354414647104,-28.300279876580476,-11.322801790127869,28.07706447284113,-0.0017787169153443215,-0.80860627177325,-0.3936146138459519,1
0.07595535298606039,-0.8455370795754873,-0.5558182765751464,-27.856885185817852,-12.290136085307292,29.241752838581657,-0.0025880527616069056,-0.799436212378124,-0.4051562305750988,1
0.07983802239966994,-0.8332827275457461,-0.5639433773967253,-27.62070223890072,-13.008106700170991,30.6733221556396,-0.004592338553029655,-0.7885638214004641,-0.4162904185808357,1
0.08129841453271336,-0.8249825745207141,-0.5691230535754649,-27.505548654488813,-13.567314550406087,32.14540269516016,-0.009338118258817467,-0.7794656727256711,-0.4245587391055507,1
0.07874286593120566,-0.8198335028826708,-0.576820510074831,-27.461175854728282,-14.156515298599388,33.46972699142555,-0.014912405163372963,-0.7732391329218373,-0.4313717769319927,1
0.07524141954839672,-0.8137481899404571,-0.5876589897450881,-27.570185621697235,-14.846079089432074,34.582144655768744,-0.01600421285807217,-0.7691337605066129,-0.43777307431931933,1
0.07641135329917992,-0.8059602708721026,-0.5945933942765113,-27.912106385763582,-15.549432081311469,35.53830822678566,-0.00864412020451149,-0.7666451764902042,-0.4419691781824112,1
0.08540240001625783,-0.8020986461347943,-0.5926878169667206,-28.393857182310583,-16.167135479736633,36.40599635235906,0.005653601267240439,-0.7666619828220912,-0.4423129402841723,1
0.09991378888537518,-0.8081351738326052,-0.5867099387781147,-28.78888812116298,-16.668892486453032,37.169678296838626,0.02135689342045328,-0.7703717686811137,-0.44013670290180085,1
0.11480964306543906,-0.8219911082423385,-0.5851711122476062,-28.946506357972275,-17.021370026687272,37.75002975331622,0.03396324603742194,-0.7771755241223766,-0.43792751986713513,1
0.12679641552195392,-0.8342130786918158,-0.5900157813707715,-28.926070980189884,-17.132962901741553,38.10710008082802,0.04270632399828646,-0.7841014909234983,-0.4366895038745732,1
0.13580141220699718,-0.8372193459501032,-0.5963167440022022,-28.914707756703383,-16.946030029655773,38.32031615509696,0.04898356386306445,-0.7873190841797064,-0.43681152743699014,1
0.14306368040251136,-0.8312853389829392,-0.6005343105385604,-29.045753417128363,-16.555233671914785,38.561181646312804,0.053849563551918916,-0.7842737729798811,-0.4397781306133692,1
0.1492681170988663,-0.8211879557577965,-0.6045492250829129,-29.324965076284975,-16.157085843835862,38.95708171849274,0.0577844197761169,-0.7751266689418581,-0.44665489465346003,1
0.15444087024156888,-0.8101308371546505,-0.6109807072542304,-29.702522505038054,-15.855448810521327,39.4691720776844,0.06176884424278344,-0.7626453235055232,-0.45540626830040626,1
0.15843510002644903,-0.7988144439946868,-0.6181925233165627,-30.157643644587214,-15.56245584825903,39.94547813482788,0.06646516374915429,-0.7503413377979362,-0.4618551115824913,1
0.16006954156191652,-0.7886007553534584,-0.6219247115427295,-30.701929390046384,-15.136973968342478,40.32979744749156,0.06972091647785494,-0.7406475193063898,-0.46381385174120815,1
0.15634446311197192,-0.7827325870170986,-0.6201693387939938,-31.33649012885567,-14.598290673254803,40.78235647280338,0.06704067193846323,-0.7350296821797784,-0.46300929000821706,1
0.14510258374649243,-0.7834986016046921,-0.6150441298990016,-32.026256978156354,-14.143796045844022,41.53360766554418,0.05637350046075343,-0.7348298296211793,-0.46245835817464076,1
0.12888186965774234,-0.7891487579832864,-0.6108006440104251,-32.70513060416766,-13.946079978365004,42.621847079348534,0.04116237752402018,-0.7403961291504748,-0.4631605447153709,1
0.113862201367172,-0.7946307177632501,-0.6106541209057865,-33.299039065057094,-13.983766488522917,43.8295791835033,0.027384570645494034,-0.7489005820777311,-0.4641651645427995,1
0.10460040502030346,-0.7953387847247326,-0.6145066613740471,-33.75307391888214,-14.104918766942461,44.903699284500966,0.018881255338355264,-0.7541500735876009,-0.46489570867287305,1
0.10132628607559281,-0.7900743254098069,-0.6192112284636917,-34.05020394587968,-14.226024416979035,45.814392816002524,0.016055084982451638,-0.7506254463042386,-0.4661895699393069,1
0.10214941288888559,-0.7812805542823905,-0.6219226943332322,-34.22742894930616,-14.417261997394105,46.762298833230346,0.01728730877962315,-0.7387704235557029,-0.4691305490774329,1
0.10628008603069627,-0.7729716633075958,-0.6232490371809928,-34.401722381350254,-14.773996584887504,47.91883212956559,0.020954575382911796,-0.7251570170799285,-0.47355920806598106,1
0.11449521345215712,-0.7676303667330049,-0.6261423850409858,-34.769318420532414,-15.225904123004337,49.19313982852105,0.027054778733346555,-0.71635593937579,-0.4779888453682986,1
0.12707522305219718,-0.7649248037295869,-0.6319797351090066,-35.51644454662842,-15.502446174920264,50.29899397299417,0.0369046078076976,-0.7137489130611399,-0.4807977601805162,1
0.1424298880770789,-0.764365704019471,-0.6390405813208058,-36.67459049756346,-15.297942258403468,51.027923266151305,0.05071686280626946,-0.7153526340639741,-0.4814300489047003,1
0.15809127716531232,-0.7681361621698907,-0.64491557560441,-38.05993967998933,-14.480590685090931,51.39788192468739,0.06583465125095236,-0.7208835245649795,-0.4808416223821422,1
0.1717169269893122,-0.7786384289758923,-0.6490942698258051,-39.372223927878665,-13.173159740943992,51.55733913364214,0.07794679174113332,-0.7323209542566392,-0.48117033857823266,1
0.18050253390431278,-0.793795907081203,-0.6524270421093105,-40.35741609739591,-11.664263431546674,51.63532267199203,0.08424636994068221,-0.7494626633217056,-0.4844287548501776,1
0.18191890536728567,-0.8081006315176708,-0.6551344127886244,-40.895082547533924,-10.2377870689505,51.709898118094074,0.08541372957411997,-0.7672626942632348,-0.49056874706566567,1
0.1771879569261779,-0.8186133776178163,-0.6568628293889434,-40.99222667343998,-9.048247332266483,51.848121618587605,0.08444067374089419,-0.7791813707526558,-0.4970570957089109,1
0.17203890417286122,-0.8267118887106149,-0.6582033470815764,-40.754438827009814,-8.113437763807799,52.10450750330932,0.08350597991504446,-0.782739612364422,-0.5013199536786991,1
0.17054921814612017,-0.8331269219787258,-0.6601751375865793,-40.358094023835655,-7.3926909792354705,52.48046391773168,0.08204024940717697,-0.7807967673189301,-0.5031793727661719,1
0.16946621612413962,-0.8351271129964764,-0.661662496838914,-39.9855014507557,-6.8638027471079175,52.92175904832255,0.07798098082456291,-0.7777239391771571,-0.5035010188046926,1
0.16317319905052244,-0.8312440904381947,-0.6590492923757203,-39.72151150896853,-6.545901693326905,53.36585171224979,0.07127889294114169,-0.7756786937203088,-0.5009299280225947,1
0.15369929224505435,-0.8257408608145711,-0.6497845093519751,-39.4861622914974,-6.472983265197128,53.76201839134339,0.06579736091043342,-0.7748017720695566,-0.49230348176859556,1
0.14966712515376987,-0.8248962896737256,-0.6353812466402615,-39.08279605458393,-6.644882404096687,54.02296210715254,0.06602410704945443,-0.7754132392400579,-0.47724484657168187,1
0.1537517840524234,-0.8302197378855575,-0.6196794985120778,-38.349155298061646,-6.994381282074058,53.99716745514327,0.07105940649928198,-0.7784184897076867,-0.46066811777372546,1
0.1570128819223848,-0.8370312423351143,-0.6052341741532317,-37.28168401559302,-7.415598793261066,53.566645739745724,0.07368878794354287,-0.7830837263491273,-0.4486122480549608,1
0.1490470665555801,-0.8376046549082028,-0.5923702540328828,-35.99298391960229,-7.854400799588316,52.794658903578664,0.06710856637792133,-0.7844890837542123,-0.441400142645424,1
0.1301494878442015,-0.8249158414869451,-0.5799336658912366,-34.526246068517516,-8.391166090758523,51.92535570111354,0.051601936603022036,-0.7743027149573133,-0.4327159818036128,1
0.11010266395097203,-0.7968606636435901,-0.5656971479827873,-32.73501015337204,-9.234114247278237,51.19886013560097,0.03348643272995317,-0.7466338863890176,-0.416752326777782,1
0.0963969527625517,-0.7588270708904898,-0.5478973257495926,-30.38925604209555,-10.606679541194845,50.68404116038601,0.018371839554169055,-0.7046761507589714,-0.3949280979408658,1
0.0863950154269116,-0.7201760242481028,-0.5274538511251656,-27.405834295234982,-12.605052646381868,50.304899605979415,0.006319899027378301,-0.6603815506945623,-0.37357624476513274,1
0.07204753687594896,-0.6872750755458449,-0.5073913386575731,-23.957470131996207,-15.144069280825558,49.99860777998823,-0.006726782370738412,-0.6258283203861706,-0.356168367367607,1
0.050915980939749764,-0.6608968072505017,-0.4903514589874161,-20.377531320586645,-18.034516051993624,49.81538790534508,-0.023370318271484426,-0.6045313353014901,-0.3408644197728863,1
0.02993243645685116,-0.639226289755002,-0.47799436961871816,-17.005873440651275,-21.104452564334807,49.867952784753946,-0.04102510297169758,-0.5912613832378384,-0.3256041858263851,1
0.01780076774424727,-0.6213143609931496,-0.4711608283442925,-14.123216437202814,-24.251074329360716,50.20545879417751,-0.053752054363019164,-0.5798420924467245,-0.312187562928261,1
0.016050559612499685,-0.608356241735532,-0.46840435625693455,-11.956775407158053,-27.41168254527851,50.75260800551553,-0.05757896398543036,-0.5702098891630033,-0.3038356429876751,1
0.018880639207131934,-0.6034311770678376,-0.4659201936411467,-10.648309593564324,-30.527578541265704,51.38001583334075,-0.054346074051267984,-0.5673368719037044,-0.3008086129655664,1
0.01998053757402997,-0.6094793802080993,-0.4612391299914984,-10.151328615380004,-33.54674604581869,52.03940436416246,-0.05088399456273079,-0.5743007052220352,-0.30010958323792397,1
0.01737789808459467,-0.6255197853110793,-0.4561156612763507,-10.168828135068651,-36.429827768702545,52.83479727749759,-0.05408832592327046,-0.5880664208400811,-0.2987141972988551,1
0.012014445144112334,-0.6439077465615206,-0.4541197455286292,-10.275937051568352,-39.11613175664175,53.96998059430422,-0.06578747415910564,-0.6014663722316712,-0.2961662485907838,1
0.003943366298751079,-0.6526982775276081,-0.455849451482087,-10.20339151837148,-41.50020365166729,55.632734516289744,-0.0817633098476122,-0.6073867410993116,-0.29418373134311643,1
-0.007895787346169037,-0.6438488925680423,-0.45759570952471335,-10.048046022299939,-43.51488527768247,57.91212259500302,-0.09566733616218628,-0.6017705531363453,-0.2938846909074584,1
-0.022211707639237153,-0.6206372315954853,-0.4547688920766125,-10.191460506583635,-45.2851386968719,60.779706278742054,-0.10409991579995614,-0.5854875234535167,-0.2935828755059674,1
-0.03475657785876382,-0.5946144019516263,-0.4460479832876019,-10.970536523129496,-47.15825703529677,64.10492712810552,-0.10859020401653582,-0.5639948198564984,-0.2897663314180994,1
-0.04363418565842674,-0.5729612401002272,-0.4336633071185364,-12.392004328774565,-49.495633680240324,67.67448544373042,-0.113608895613284,-0.5428917257505482,-0.2801227582305152,1
-0.05278422374166153,-0.5508896982097438,-0.420631848354748,-14.16539769225809,-52.389872467063654,71.20513190143987,-0.12285340949472116,-0.5221160945094274,-0.26561508060415157,1
-0.06677245578231268,-0.518916272460709,-0.4099140691405682,-16.045889585154477,-55.599902225923174,74.3605410505606,-0.13670783750064908,-0.4953949629747858,-0.2508625941047151,1
-0.08372742814733619,-0.47547503943436126,-0.4055936348283621,-18.175249369534708,-58.782669237589076,76.8074435887515,-0.15244181133644008,-0.4570211440152296,-0.24298428012878556,1
-0.0965688340110584,-0.4289649979346566,-0.41109662610155145,-21.08188348181832,-61.777634572791044,78.32435358282139,-0.16626218907475324,-0.40922358118028634,-0.247678726833049,1
-0.10054167357340676,-0.388106475320809,-0.4249165618183843,-25.300461262729705,-64.64747843643154,78.90277040042278,-0.17542115381585302,-0.36175494350309106,-0.2635891966146725,1
-0.09796594724827497,-0.3540723812076348,-0.43993800592380944,-30.92530693332323,-67.45674115603104,78.75492252956151,-0.17997034654406247,-0.3238490545728115,-0.28089786934556926,1
-0.09637001709298924,-0.3231372303028486,-0.4481485303117984,-37.49030308367522,-70.05559815015476,78.20546982673815,-0.183467202503584,-0.29696273006274354,-0.28844205649477517,1
-0.10256444592521433,-0.2929325907737598,-0.4469246967834509,-44.28438084100848,-72.1111039590177,77.52117820495765,-0.19055327722146775,-0.2748465211697059,-0.2840362947449053,1
-0.11737869206438178,-0.26298273156200513,-0.4418178726778331,-50.812262338371305,-73.34774292122022,76.77387347939197,-0.2025212014947864,-0.24958968584886643,-0.2766913971569724,1
-0.13561905720285822,-0.23299870711110232,-0.4420265533944504,-56.99923149816014,-73.75500659353024,75.82627124128054,-0.21635601882879993,-0.21840625969220118,-0.27696909507208867,1
-0.15196500090369847,-0.2062563323283183,-0.45134991587168455,-63.03828297607406,-73.59807494730029,74.4486797751234,-0.2291884912000212,-0.1873161739607066,-0.28592329942968425,1
-0.1668030460440414,-0.19391748290684685,-0.4643675313728363,-69.11490150295279,-73.28525905019427,72.47564349911194,-0.24226269847016985,-0.16984647568965716,-0.2955951398187761,1
-0.18495867588712153,-0.21106904657860256,-0.4727929424007601,-75.23953797495233,-73.2243532068818,69.90727611316248,-0.25883830696807014,-0.18064492588127318,-0.29975695531605234,1
-0.20902660081566543,-0.2653484595265289,-0.4745423840568484,-81.20627765452303,-73.7088826808482,66.9239588562871,-0.27940766335179323,-0.2267137682602956,-0.3008510251437312,1
-0.23650741837391961,-0.34880168060900885,-0.4742717451480619,-86.61235464106608,-74.8317062378307,63.82430047671556,-0.3018361489411768,-0.30153999135809423,-0.30469460782615043,1
-0.26438824649236253,-0.44124916953889765,-0.4747372458551041,-90.91297866520351,-76.49078414213328,60.91691612018639,-0.3262098214769063,-0.3871569902570003,-0.31064012722232176,1
-0.2934863785405499,-0.5222365540273586,-0.47114341576093105,-93.49972718596152,-78.52791868849798,58.40629340941758,-0.355609730023723,-0.46401883120698056,-0.31060598674249623,1
-0.32520014660898894,-0.580338680357883,-0.4573290977441846,-93.82145874494562,-80.87870300938035,56.30577155846676,-0.38959297150615413,-0.5209487790970558,-0.29858199770647853,1
-0.35569545949925746,-0.6136739129303409,-0.43547060748211114,-91.6018759198991,-83.582240838165,54.440106112122635,-0.42022034046410944,-0.556818737448169,-0.27830391620878764,1
-0.37804400071161526,-0.6274308366783609,-0.41558020634298704,-87.06896754753078,-86.69248077904449,52.61751525469677,-0.4391441831448197,-0.5757467769200812,-0.2595676407642136,1
-0.3912003904255167,-0.6342683836693248,-0.4059522290377502,-80.92459890379666,-90.23184908686896,50.876747931453735,-0.4476131828799623,-0.5849630469589944,-0.24903627443772555,1
-0.40276362809520305,-0.652058042593256,-0.4072944738979188,-73.96839747553933,-94.19655790475939,49.48060812759434,-0.4553141949972861,-0.596664567834698,-0.24728745890479184,1
-0.42060990231865036,-0.6922114709137845,-0.4165681871417449,-66.73402946162334,-98.56524840646087,48.52018932787097,-0.469612129990762,-0.6242913109098943,-0.25335437651441234,1
-0.44538777499579696,-0.7469270676648202,-0.43492490173898773,-59.48813736506169,-103.36307898469028,47.59033396787926,-0.48993920347134867,-0.6701611032715232,-0.269041858281646,1
-0.474278211534359,-0.7932618128872386,-0.47071314631391753,-52.42312466607678,-108.77747436360976,46.11286262012323,-0.513578737001958,-0.719084950228977,-0.29929911323427216,1
-0.5104374360982111,-0.8168388798683193,-0.532177087109897,-45.72522469859118,-115.14528683667541,44.05506776835408,-0.5443063908001161,-0.7527694242156847,-0.34974119215112703,1
-0.567357447591852,-0.8303001571212705,-0.6140019050607084,-39.638986174476855,-122.73633300060361,42.07818207808249,-0.5945020664854148,-0.7731391459292123,-0.4205332531730045,1
-0.6628712166890721,-0.8572892417208944,-0.6931567050161849,-34.687338458720774,-131.5446000174464,40.814604081622456,-0.6787888795470157,-0.8010221617706409,-0.4994434404672471,1
-0.8030848458150869,-0.8914238900682465,-0.7454904652637412,-31.565215534615096,-141.2795530675187,40.29894424924975,-0.8022015342608354,-0.840157834080481,-0.5654236605875494,1
-0.9694560643971628,-0.8840877943832559,-0.7701244515513619,-30.24113229015742,-151.4836512869766,40.504625817214865,-0.9522210415528987,-0.8508222198352317,-0.6064089382254617,1
-1.1297509778645687,-0.7936970185583063,-0.7930220510543605,-29.11730404579813,-161.63420841606867,42.21359556415761,-1.106496094529409,-0.7832028136784333,-0.633519443963379,1
-1.2647852523634584,-0.6442570806437097,-0.840922913007541,-25.852550831391078,-171.2413647973653,46.61147414953904,-1.2496060160379872,-0.6421146498412302,-0.6712653293379327,1
-1.3717857725753695,-0.510797586594851,-0.912172022142606,-19.72428589653101,-180.05222869757986,53.736882515223044,-1.372750211266127,-0.4953020100484905,-0.7304305433272446,1
-1.4389809044469462,-0.4416028800143653,-0.9778865209687062,-12.914178010537453,-188.36403514222232,61.833073619561375,-1.454862103341021,-0.40503460256395124,-0.7950231645019978,1
-1.4422145850177512,-0.4152550467694268,-1.0138226354232733,-8.696563044283739,-197.14084530218983,68.65964968588659,-1.465868918317398,-0.3687383888463966,-0.8415616976192045,1
-1.38797877909657,-0.379390061031681,-1.0274305796340821,-8.210874031565336,-207.5349859470237,73.32558910763838,-1.4108059671087836,-0.33802769893262324,-0.8678252547159172,1
-1.3463648686386942,-0.3128170952312542,-1.0486127576085078,-9.468418584843901,-219.98007565910584,76.79356119196684,-1.361807960481791,-0.281053628056952,-0.8932410690489987,1
-1.4128784952548044,-0.24362746610065097,-1.092817395049151,-9.660365184854543,-233.63282737402923,80.86495746788468,-1.4180172420477122,-0.2154531518195091,-0.92966267404755,1
-1.6294439024409746,-0.2185990399398866,-1.1382940916378654,-8.104213464423282,-246.73760871528702,86.66255032432696,-1.6228684766272465,-0.1878205782497889,-0.961370625710815,1
-1.9565049869524727,-0.25525540006880415,-1.1498093782432324,-6.774828965999354,-257.82100098872286,93.88416937802292,-1.9356952968993126,-0.22307057494079702,-0.9636623597971239,1
-2.327315496089298,-0.3151184109670417,-1.129113770392564,-8.08273060728387,-266.93234243477923,101.87551920479015,-2.291706422746117,-0.28799447347924156,-0.9419342174084173,1
-2.711554012081565,-0.3301148575432862,-1.1287000951063384,-12.110552868934768,-275.50120523856015,111.89026932938879,-2.6680284936203162,-0.31104910313660245,-0.9415324607736696,1
-3.1163423007189444,-0.2648185094528838,-1.1971648993371085,-15.879837216195163,-284.19738903620237,127.57813576649087,-3.0762422251407444,-0.2477976999549012,-1.0041775682685044,1
-3.544083425670257,-0.1452164794550821,-1.3131857000070863,-15.395106542101082,-291.0216282636409,151.80285025217066,-3.5122459094849003,-0.11971996388703371,-1.1127949216264035,1
-3.9638811136981147,-0.019180895617801896,-1.3937169304186419,-8.5870768929881,-292.79830629885515,182.70172449925755,-3.934574005209778,0.019197353541420735,-1.1937707695458157,1
-4.311701717751762,0.0974931064893871,-1.3755571963212156,3.5103823100546343,-289.0922324222168,213.9673942356896,-4.279227246733285,0.14092167137219144,-1.1840534255980613,1
-4.505955968443565,0.21898783454430146,-1.2746958752811584,17.749660220800887,-283.3414542178763,239.70881057295054,-4.479064935292463,0.25213747037828765,-1.0890537575688457,1
-4.474114412838494,0.34174159485437644,-1.1535227180821042,30.142431294330205,-278.8093655445443,258.6625113898754,-4.47742341303885,0.3532949843959654,-0.964686213430444,1
-4.189187355021512,0.424783330413978,-1.0423224611949804,36.552041045443325,-274.0621778543552,273.4683875509728,-4.246059729896116,0.41513930194715565,-0.8488194879898875,1
-3.6969958502370117,0.4253422911117435,-0.9164480783731158,34.027519459024894,-264.0961306764084,286.6973423884297,-3.8075273850593456,0.40553938516791865,-0.727908101325727,1
-3.103795826557671,0.3338917176150573,-0.7516640538320278,22.992038257997628,-246.24800722702508,298.4146510740331,-3.2412005250293237,0.32101634981952276,-0.5758369495318907,1
-2.5212981459080153,0.16537614991013797,-0.573761009068491,7.9295421625587315,-223.72159228909544,307.14280843424007,-2.653711738716915,0.1778136220132532,-0.405756730147735,1
-2.0094565300674954,-0.06023079078360249,-0.42906576882931835,-5.128341688863589,-202.44741126387964,312.0349907154993,-2.1268130679165136,-0.011470949162012786,-0.25938571167137475,1
-1.5592123819380974,-0.3123583559867359,-0.3159476706041264,-12.378418571221369,-185.176673362938,313.73043575693805,-1.6796894709244037,-0.23259499587087298,-0.1468462151594488,1
-1.1229291696090726,-0.5433661161414695,-0.17786642823156495,-13.735728263067971,-169.63644815975871,313.5362151020774,-1.2733449722014372,-0.4511752437738264,-0.02404359973810382,1
-0.6727809753102248,-0.7057485589683926,0.02192072336471273,-11.074175934179584,-152.2891405626686,311.9443324555832,-0.8597981901186365,-0.6190024984098682,0.1519115786825658,1
-0.24709561142898848,-0.7692433397923542,0.23833671048615737,-5.682268207260381,-132.90054641266525,307.64394271270044,-0.4459258561548279,-0.697231532433912,0.3565300375379695,1
0.06126135087863305,-0.7178603673816576,0.37698120651241246,2.360207307057149,-114.82448760958984,298.0310978665326,-0.1127206710008701,-0.6657924306718763,0.5074526830517047,1
0.17507146602115176,-0.548743865608012,0.3814999990088514,12.880045038982523,-101.07766956400155,281.3041501412486,0.04344797196410045,-0.5217859786391614,0.5392543140328006,1
0.09739520751467445,-0.28957346596241057,0.27793162592930004,24.445795605033748,-90.81173768204958,258.5273959780771,-0.0016477062189453225,-0.28754183258502014,0.45790135766906104,1
-0.09231919897523526,-0.007805627724397302,0.1469172250170645,34.738186287061026,-80.06679661033387,233.52334850486204,-0.17492899788487745,-0.019855974966646442,0.32985500564287684,1
-0.301929420588968,0.21858185190565407,0.06918566053500717,41.93362066400459,-65.94981093793977,210.40715007019395,-0.3698903964469675,0.20735810200702817,0.2359445005980946,1
-0.483283320493839,0.3495284833018351,0.08330018640413821,45.69538393962669,-49.809969011442234,191.04974456840287,-0.5282132132145668,0.34489468574271465,0.22807466247114733,1
-0.6325424323034398,0.3995489708482986,0.16785956768722918,46.94309000567535,-36.16594434447573,174.76902077906016,-0.655026125446585,0.3950538011653478,0.3022364274366764,1
-0.7525136154183504,0.4071843423123994,0.2611304711278562,46.76557259765525,-28.643212011110442,160.07963172764673,-0.7682451242724232,0.39529855416496656,0.40405142091414586,1
-0.8316969098955304,0.3969670737758839,0.3125111228426794,45.66919447857231,-27.12822315150118,146.3615840329424,-0.8565089224627699,0.37936966266848277,0.47379719820204386,1
-0.8593317872052093,0.37448463232898827,0.31857018184426233,43.90194132024631,-28.63794039906708,133.95599021548222,-0.8943577012361976,0.35939711814757,0.4922083585417419,1
-0.8445786254692944,0.3471733011411924,0.306774942687514,42.14414577318479,-30.32462128753795,123.23360486270957,-0.8817293275956628,0.34037241856017136,0.48004912046458686,1
-0.8119777625857265,0.3339121472722259,0.2941549852789,41.30365040312197,-31.35123718873405,113.99461803065543,-0.8502591690081872,0.3354196481370717,0.46133161123986544,1
-0.7857926451634591,0.3494559302159753,0.27312917832789974,41.46852771925421,-32.38121790494861,105.62475542724343,-0.8334334844134763,0.3557348147708743,0.4386474042792477,1
-0.7840972709464004,0.38832540585648323,0.23128383698273244,41.48310470241012,-34.08374316142371,97.48784923755031,-0.8429576810287128,0.3928467029513775,0.40091073281160367,1
-0.816522185389205,0.43261576757358716,0.16939772956291227,40.02465278575659,-36.437865849327075,89.16204227273582,-0.8725534296438427,0.4254787522952251,0.34229402300587436,1
-0.8753207092077018,0.47280094973412323,0.09751385984256425,37.10983117237721,-39.070057107260055,80.55761094699938,-0.9115222193117598,0.44545406373204594,0.26935593443776806,1
