ADXL345_Acc_X,ADXL345_Acc_Y,ADXL345_Acc_Z,ITG3200_Gyro_X,ITG3200_Gyro_Y,ITG3200_Gyro_Z,MMA8451Q_Acc_X,MMA8451Q_Acc_Y,MMA8451Q_Acc_Z,FallCheck
0.06250349694923732,-0.9257800024010295,0.24609665015513993,-1.4649578477133025,1.1596540696661857,-8.997015494472847e-06,-0.01855473174660092,-0.8906246326790139,0.40918199632830266,0
0.05968746185514055,-0.920671456026074,0.24818762755882476,-1.4735923381199858,1.1569207313627745,-0.02014346819361609,-0.022974018708738067,-0.8913138992840725,0.40756402676942977,0
0.0583012368239009,-0.9194698217763347,0.2511671458353193,-1.49742665431832,1.1648225391336473,-0.03403044083539574,-0.025997614899782417,-0.8913214345666653,0.40734851053057436,0
0.05862589543570245,-0.9211219987949104,0.25385262801058495,-1.5546943711392167,1.1782798966894772,-0.04767669043819862,-0.026592320781020553,-0.8900068552488279,0.40811859044249704,0
0.05953323241301803,-0.9219375937580216,0.25387520220448345,-1.6627408265812484,1.1823003238003933,-0.07233680578454786,-0.025002883754802054,-0.8875960758989032,0.4083387869393823,0
0.05951196233206824,-0.9211788855651561,0.2512186800355514,-1.8309100994017444,1.1741317249953906,-0.1072609964871571,-0.022986227048424703,-0.885880178845104,0.4075454477266868,0
0.058081663392573125,-0.9216940528839869,0.24933503912275423,-2.0513175079546935,1.1719975113527141,-0.13320411857450556,-0.022282226938314574,-0.8872231980932241,0.40696897962170253,0
0.05600371857650981,-0.9257867816657191,0.2510518174728897,-2.281102773229711,1.1928561143499627,-0.12403332921511759,-0.022896775326279876,-0.8923746992050293,0.4078276769690356,0
0.05435340556713546,-0.9325538170612709,0.2548483849658055,-2.4322644376091533,1.2226372377906447,-0.07010920619886028,-0.023433416415838727,-0.8994203585199935,0.40975150318440406,0
0.05401233919433181,-0.9388425463531908,0.2568856547454315,-2.4050888179846797,1.219936851401817,0.003741202299547249,-0.022901655672794403,-0.9050086109193212,0.4113450326590731,0
0.05561178099780342,-0.9415863012386098,0.2551443941029069,-2.1589282471798756,1.158447253424332,0.05139104299320752,-0.021661299416385164,-0.9066675861608002,0.4116900816446017,0
0.05872683043344105,-0.9398410848373033,0.2503692616710971,-1.7558780035997812,1.0615671928176962,0.051584364260548556,-0.02073949495340554,-0.904267244341797,0.4106463403345243,0
0.061179768811857195,-0.9353005658114382,0.24496404755430795,-1.3328916654301333,0.9845303286960971,0.03766786832985691,-0.020731905857115648,-0.8995911794462647,0.40830364239802935,0
0.06060072977379763,-0.9304614737985282,0.2420637257007537,-1.032518318671603,0.962581059241151,0.06316551669673617,-0.021459611683984418,-0.89461620874712,0.4052116456390446,0
0.05727861009934834,-0.9264793491985239,0.24368401842579085,-0.9485950085315352,0.9850045840326719,0.13653600013082934,-0.022367693029160158,-0.8901329522621256,0.4028750162534693,0
0.05426975567510428,-0.9234018669729888,0.2485101986759864,-1.104577040503483,1.0191945638660376,0.20754021191516622,-0.022990285848460152,-0.8859010963675221,0.4027700184620996,0
0.05386056893693997,-0.921789170446879,0.25266177308255966,-1.4524298513338778,1.050442884640178,0.22189130645948124,-0.023114726187442394,-0.882153304301527,0.4045600200032299,0
0.055154601821620096,-0.922946465244386,0.25353563146882696,-1.8877360867949444,1.0936393625467375,0.17157181434183766,-0.022867204789783015,-0.8807192964233717,0.40623486968291456,0
0.056140525923796876,-0.9275417891074613,0.2524033125707346,-2.282218151612603,1.1702333312035818,0.08470905227732062,-0.022849336390069083,-0.8838173091203436,0.4066066347450951,0
0.05652596332158073,-0.934420210825805,0.25272045636159074,-2.5235348763814835,1.2793366081949555,-0.012261107431542947,-0.023799115700902953,-0.8913511882309818,0.40689338756938526,0
0.057012546628361305,-0.9408474345494664,0.25608954505794773,-2.547301108352703,1.392848083679358,-0.1055037728731822,-0.02561398502984917,-0.9003340773879474,0.40891908173384306,0
0.057417202472685024,-0.944406067780716,0.26026587820478997,-2.3527117287795227,1.4767835473932298,-0.18358928625066684,-0.027004948488148495,-0.9075514266887227,0.41234633775371365,0
0.057290007672899115,-0.9453722890594715,0.2612548246429652,-1.997438985011138,1.5157728345278132,-0.23670498163083684,-0.026755945602232545,-0.9118517865073418,0.41498282876493015,0
0.056882114223986834,-0.9466137908630533,0.2574649197172997,-1.5693677626727554,1.5177173529645704,-0.2604243662898679,-0.025153458345639108,-0.9135279653857901,0.4156002932315064,0
0.05606934249338477,-0.949900048182545,0.25179808723594,-1.144999656015376,1.497350391278137,-0.2517995451099548,-0.023631585774267216,-0.9130009935227577,0.4150527038057657,0
0.054213965043546516,-0.952949391489132,0.24910425910945083,-0.7616867259683782,1.4610402002151617,-0.20859567976051124,-0.023228582799885794,-0.9108755614810237,0.4144542372327795,0
0.05232031041762207,-0.9518223757911454,0.2509723882031382,-0.4253662492647682,1.4138282783410863,-0.13516512920055762,-0.023897059259073802,-0.9080136372123669,0.41343416887057083,0
0.052910967674942244,-0.9457780760016321,0.253438163021599,-0.1461505833331573,1.3751380361195482,-0.04306972748654257,-0.02508939518877177,-0.9047876631272915,0.4106027629995375,0
0.0563569330127844,-0.9379190926633919,0.2510827025966966,0.030346921291643916,1.3691056783502729,0.052568483435873385,-0.026396835730982317,-0.9009574816900516,0.4051614927629238,0
0.05964305662499813,-0.9313826771755488,0.24368782169859968,0.03376531844520374,1.3937875060909375,0.13276767943753962,-0.027525871753827032,-0.8964476836953202,0.3979754995422449,0
0.05995536087197328,-0.9268615672952587,0.23721805394268766,-0.16921286126667992,1.4146429258681907,0.17660776269315911,-0.028120419397401415,-0.8916539378519733,0.3914982466202042,0
0.05753164557443079,-0.9238938708068629,0.2371098035797709,-0.5173794227314937,1.3966132759694523,0.17275910754051957,-0.028007890247854505,-0.8871911724735845,0.3885272188416132,0
0.05450793767980106,-0.9225910888972039,0.24222468964992103,-0.8768416093194298,1.3358324367223608,0.12952637231425668,-0.027546792424293347,-0.883938939885788,0.3903836094579841,0
0.05283272676156155,-0.9231520079459203,0.2470658196482957,-1.1328322903431522,1.2607647066842838,0.06764483659638307,-0.02737842196201673,-0.8829468494322024,0.3958784657036746,0
0.05326295672066957,-0.9248367064705113,0.2484594460187085,-1.2554474576486705,1.210409994431514,0.0016740844115544296,-0.027681038188364315,-0.8845367260360759,0.4020891859192313,0
0.05467103444266505,-0.926538074386448,0.2479211353561832,-1.2798947364509776,1.2044771147273523,-0.06647964641385648,-0.02791332392888193,-0.8875751702309347,0.40646027438416626,0
0.05469390399636518,-0.9278397115659708,0.24826710019820783,-1.2481783753682492,1.2229353985198255,-0.1338606746845594,-0.027579336287778526,-0.890099870269376,0.4084902457976184,0
0.05258342789315451,-0.9288000363974968,0.25022399331067724,-1.1884850730278405,1.2220265956384693,-0.18513370501797885,-0.02703063750245223,-0.8907809429184144,0.409538757791969,0
0.050789113177675684,-0.9292498831715584,0.25271202641036544,-1.1357339241006834,1.1821614188187555,-0.20571412142206666,-0.026965916918521696,-0.8898595915983092,0.4111076255172795,0
0.05218814185452146,-0.9289315331118336,0.25473383314667813,-1.1362543999593884,1.1334995156198084,-0.20391221977101595,-0.027199479367284042,-0.8888791987729358,0.41347148254280736,0
0.05624777407889939,-0.9280091924524216,0.25590414624604885,-1.2133099075104992,1.1256981809676307,-0.2071460149090524,-0.02677441671244145,-0.8893187437952466,0.41585232419984086,0
0.059385064993388983,-0.9269941475445923,0.2560475247882507,-1.3376048604910795,1.1796906512119132,-0.23251921468833833,-0.025604758440119953,-0.8910940784279258,0.41741882389507984,0
0.05910833476901213,-0.9262683209053347,0.2555841474873936,-1.4465730809568678,1.2751654720160348,-0.2703923339354673,-0.024989559970307502,-0.8926398451306901,0.4177697978178483,0
0.05671357127481124,-0.9260207222158922,0.25594212381868753,-1.4950023133284087,1.3755161726954674,-0.29946060671908864,-0.02570260150596453,-0.8928908573451323,0.41676943528204663,0
0.055361293596901666,-0.9264412060131797,0.258283670298001,-1.4843193192490816,1.45398116953955,-0.30836808932830145,-0.026512936854476577,-0.8926495643190697,0.41463048489379517,0
0.0561900080102569,-0.9272404420992837,0.2618070362552359,-1.4453973238413949,1.4994119874713285,-0.29866634483716464,-0.025787176524862572,-0.8932556429663687,0.4122728653398173,0
0.057459122906019726,-0.9271064798338098,0.26414727398042936,-1.3997839567622679,1.5107712211408837,-0.2749928181886018,-0.02393647672866335,-0.8944024490009568,0.4109031691685925,0
0.0572628720514093,-0.9247098078600362,0.26337391632236873,-1.3452766560884843,1.4932409653748022,-0.23969010353440426,-0.023024245776856526,-0.8942987636580361,0.4108943055475697,0
0.05558331100384917,-0.9205375623019427,0.2595486517120787,-1.2811748406514252,1.4547105374211873,-0.19433592330205482,-0.024212977419449777,-0.8920360483995333,0.41150194893193626,0
0.05354319496474908,-0.917026194884686,0.2551783577718929,-1.233943147628365,1.4015663470701238,-0.14054995868091466,-0.026607907463384112,-0.8889572417606582,0.4118574350572577,0
0.052072551690623886,-0.9163650332784752,0.25374751007847635,-1.2383660616595602,1.3391373755619647,-0.08020716953827237,-0.028512461641839494,-0.8870305458492409,0.41180387211112834,0
0.051583134154231776,-0.9182181882480902,0.25616429008330444,-1.2938433623519623,1.273873763557771,-0.019212309224921835,-0.028965401920983614,-0.8862183321922943,0.4115433686200041,0
0.05186110648324751,-0.9201038629181045,0.25902385059709127,-1.3596058435370801,1.2099615043958607,0.030127804870842025,-0.027972839377321927,-0.8846629757025968,0.410951917448906,0
0.05209624508532603,-0.920399475860119,0.25827235549287264,-1.4010266020031088,1.1464573460856666,0.05300388928776265,-0.026067561723291704,-0.8818670502613332,0.40987075564173686,0
0.05177729243590891,-0.9203683408172709,0.25429063372921984,-1.4225330752411571,1.0835121731704802,0.03880657108637903,-0.024186114259013992,-0.8801880087976218,0.40895177750679457,0
0.05156911894415141,-0.9222828072965837,0.25135819394668185,-1.4399505384338427,1.028676147570252,-0.009903957648067292,-0.023506227319373327,-0.8819300726797278,0.40940121059569184,0
0.052658290277946176,-0.9258815527385613,0.2521411140722039,-1.4372192209514894,0.9925180103142093,-0.0691908293076387,-0.024557167026289673,-0.8861130682734695,0.411524567961634,0
0.05516502887228518,-0.9279707180448726,0.25491896283857807,-1.3804130335177642,0.9813830208675464,-0.10397495073985914,-0.026358007858126038,-0.8896019955369974,0.4140494766383518,0
0.057757927320549275,-0.9259326512390168,0.2568969168466172,-1.2773116372645281,0.9969195927290698,-0.10030044958493492,-0.027046807083090648,-0.8906389737022398,0.41534627034650357,0
0.05909462345328471,-0.9208282729145547,0.2580496230793325,-1.1963719088832405,1.0385810805488198,-0.0829814261507677,-0.025795375472147945,-0.8899988976529458,0.415143147393974,0
0.05925775592251302,-0.9165845548936726,0.2599902255611025,-1.2060753561353952,1.1041246598157508,-0.08713783974051262,-0.023865847113602873,-0.8893719370549505,0.41470367838752825,0
0.05945307799672377,-0.9167185955426259,0.2623414244361824,-1.3000229683677913,1.1870438492371995,-0.11506546904020334,-0.023253451141188507,-0.8897696836957829,0.4151980675566077,0
0.06054444770204348,-0.9219313170386589,0.26247699945736536,-1.3965052632411266,1.27212273689305,-0.1370324381290584,-0.024210955609216527,-0.8910352915751103,0.41613295480862855,0
0.06219591443413591,-0.9295693687236055,0.2591370149886853,-1.4182576277337196,1.3386770079225436,-0.1329832480093761,-0.02477341616075728,-0.8919415234014205,0.41590792479428984,0
0.06334697338924594,-0.9349327808855361,0.25472783615686273,-1.3677039278909275,1.375640870097853,-0.1126134970718045,-0.02328766435876315,-0.8910706666196055,0.41394989466607285,0
0.06305439507217105,-0.9346783710498772,0.2528643009734519,-1.3168117327870124,1.3889769763577138,-0.0901145640778937,-0.02090450886443426,-0.8883976453444944,0.41154205756809153,0
0.06066584858460101,-0.9297760447611794,0.2543157030471521,-1.3279409875806927,1.3858979229082147,-0.0622356983856155,-0.020623208888525122,-0.8857989356367012,0.41027265413887953,0
0.056141826708347366,-0.9241522779145983,0.2567984957638821,-1.3984806253438242,1.35815316697464,-0.023976960295320156,-0.02380970158080137,-0.8853031718399662,0.41047962543863453,0
0.0511584353485524,-0.9205252829099947,0.25857101766972274,-1.4813008450443155,1.2933411806780069,0.013407932202970013,-0.028361135447227438,-0.8869717141596551,0.41161079442947335,0
0.048744373767030315,-0.9186980788906125,0.260295059905901,-1.5366159371717538,1.1993790184756075,0.038550339406388474,-0.030691697313396174,-0.8890370719356433,0.4131694315184446,0
0.05032961712342471,-0.9173835129406319,0.26254319446346136,-1.5524469528082196,1.1037708695198643,0.06123850984685443,-0.0292875185932659,-0.8899190809374182,0.41458956970971617,0
0.0539112379882732,-0.9164342760712945,0.2635832453336736,-1.5347179593261795,1.0271870050925844,0.09691636491979418,-0.025938518916474362,-0.8896099549075513,0.4149915339090395,0
0.056088204740627014,-0.9170931427010477,0.26165600887249485,-1.5012767287088282,0.9683526276023073,0.13615390471412397,-0.02356004176731748,-0.889227261556361,0.41407847012118304,0
0.05506300107185555,-0.9200464854354001,0.25785514981672786,-1.4806493321479612,0.9158201101091734,0.15005875824723827,-0.023421507068803585,-0.8896389384512218,0.41294143575145037,0
0.05147244321437223,-0.923666519974472,0.25440669513566205,-1.4958071012028127,0.8631716913663706,0.12704151931625818,-0.024765184749452884,-0.8906891215927597,0.41311456054042295,0
0.04768468341025857,-0.9254119060532396,0.2515895767524568,-1.5438373788274944,0.8100037797583022,0.08782394592267329,-0.02632231506520142,-0.8917141260681217,0.414854564064315,0
0.04634494494389283,-0.9248390854343549,0.24896993199688797,-1.6011183473544162,0.7610287111044429,0.05930885753872132,-0.027325671373425026,-0.8924671927128653,0.4168627376507945,0
0.048120083237902934,-0.923861057610652,0.24826117822423982,-1.651228953228441,0.7325173416900691,0.04700293254444963,-0.027455832453875152,-0.8931015468545146,0.41765322157228785,0
0.05087113678419282,-0.9241588705764805,0.2516563280940168,-1.701453221717977,0.7480571070816995,0.04021218165900788,-0.026858810455114353,-0.8934960512493877,0.41684927269117944,0
0.052278819614715914,-0.9255571174992462,0.25754431254973953,-1.7693075758923957,0.8127800267260171,0.030635673084775918,-0.026299114825678652,-0.8933496389432216,0.4152973575462958,0
0.05271609683110777,-0.9269382492049054,0.26092641687677637,-1.8560111400591486,0.8961954535270915,0.012774354444809021,-0.026574398405982164,-0.8928929477988122,0.4142596721683109,0
0.05399804819477892,-0.9277395096014122,0.2591619393166663,-1.9374320325135834,0.9564355823435637,-0.02265831856404539,-0.02762244221588314,-0.8926752204184304,0.4143353002689449,0
0.05607564224223572,-0.9280689514741893,0.2553718211326514,-1.98410846377746,0.9828990690066286,-0.07596731721005326,-0.028533738023179517,-0.8926471000708459,0.41490918689491385,0
0.056675980337403606,-0.9276811880534076,0.25448676671561854,-1.9875503625091036,1.0018394528935286,-0.12336684462738585,-0.028462324794321488,-0.8923293555757918,0.4148595842480904,0
0.05370897960625781,-0.9255625971047311,0.25698555254475836,-1.9621955074880735,1.0370422651129312,-0.1368659737607307,-0.02749046138699531,-0.8918088105773416,0.4139318880628236,0
0.04726689306957041,-0.9212493407817399,0.2588307823716473,-1.9273369673854377,1.0788294574632227,-0.12241030168050612,-0.0266645120127473,-0.8915823643563783,0.4130444024157124,0
0.040298752008545505,-0.9164288491013822,0.25755151764973017,-1.8978440365898417,1.100010978095581,-0.11549874714102154,-0.02698187671202506,-0.8915263244480377,0.41311048302190995,0
0.037398250454909715,-0.9140370914173017,0.25569885935287884,-1.8880935048643495,1.0918732856595808,-0.1285526265538447,-0.028250754669856663,-0.8910550282401583,0.41401893448796384,0
0.041253545852854755,-0.9153136402266082,0.2569220611511999,-1.908515175539083,1.0713253653496084,-0.12504102043336549,-0.029250184018215962,-0.8902176849055249,0.4149636675052012,0
0.049951992617690524,-0.9189143745572419,0.2605614278679578,-1.953366072566607,1.0542420973244901,-0.06553277391891744,-0.029066032137052854,-0.8896814391803047,0.41538072142687515,0
0.05853906692968701,-0.9230892860178126,0.2622777556771504,-2.0028278515396907,1.0329354201797283,0.034858347250165365,-0.027954180982856097,-0.88968880287782,0.41533584498830667,0
0.06287353501009817,-0.9269236966323694,0.2595449086020654,-2.0444632394813773,0.9866612162933717,0.1163435897988435,-0.026887921634419977,-0.8898566874277462,0.4151985313128149,0
0.061951820902007376,-0.9293144716684532,0.25478645041866305,-2.0869987405299524,0.9118774483043108,0.13685798455344267,-0.026568277269076707,-0.8899815047968409,0.41513354450151246,0
0.05794998610676216,-0.9291784394686693,0.25286788971411905,-2.1484226496840897,0.8337287234305071,0.11014022930056391,-0.026956003751602405,-0.8903163901964538,0.4149873667560013,0
0.054503835640566635,-0.9273845321119881,0.2565291638689399,-2.2346990632221595,0.7828397664770088,0.08481004253606719,-0.027627344565137508,-0.8909363941279869,0.41473099689755655,0
0.053765403631928235,-0.9264510763584827,0.26408465049790275,-2.3298695343105464,0.7663297021053289,0.09767901071611247,-0.0284146172800959,-0.8914076696088018,0.41480502919325235,0
0.054722020925132814,-0.9274895216329103,0.2703829927556473,-2.401587844857395,0.7677544647119071,0.1476062985346051,-0.029439857334717948,-0.8913537373792043,0.4155635276970087,0
0.05500130900658591,-0.928872831638482,0.2705500258045016,-2.4219945821228657,0.7717251605847534,0.20281414567802825,-0.030428511163811914,-0.8909982988348335,0.41642319964168645,0
0.05390531405618952,-0.928587365043249,0.2645374692157504,-2.3925936417798725,0.7822561030892555,0.2237293041152779,-0.0304271923870732,-0.8908416668430482,0.41627274686672133,0
0.05265112215541321,-0.9266223982712217,0.25774872818169103,-2.344546973879789,0.8150666340825504,0.1833653870749991,-0.028786584476967657,-0.8909437618296298,0.4149679330330672,0
0.05213461522425017,-0.9242559616706286,0.2556780022399495,-2.309929271690325,0.8723589503090469,0.08331998895797973,-0.026378833781801666,-0.8907972772463014,0.4137755632453933,0
0.05181157952208041,-0.9222301293213986,0.25831145943161615,-2.300342905763114,0.9297798551314497,-0.038641868645649814,-0.025183665927071466,-0.8899056255301835,0.4139037492043142,0
0.05074233552598037,-0.92066517548208,0.26113222231983163,-2.31423545149653,0.9547180758811421,-0.1271608180858533,-0.02631827709914942,-0.8883072659333634,0.41498918770285104,0
0.04893073777075783,-0.9196879489293837,0.2609297150550289,-2.3485647605251665,0.936533828478444,-0.15327590145233225,-0.028801573571769434,-0.8865994842739471,0.4155278294464447,0
0.04769058981214952,-0.9191856486090197,0.25886742713557875,-2.3949260433136055,0.8934114820555582,-0.14156670564392723,-0.030557728648943242,-0.8856326773854007,0.41467982573405604,0
0.048666137276509425,-0.9188944382004217,0.2580899403836503,-2.4380781263943043,0.851452267087293,-0.1429684346023733,-0.03049722691657064,-0.8859267617834788,0.41321224320734606,0
0.05184273282632888,-0.9192690632461087,0.2600288023246832,-2.4681253946039856,0.8243032650449585,-0.1791901401689934,-0.02940436133928006,-0.887067848929027,0.4126268692418021,0
0.054808751197368936,-0.9212489978686372,0.26335152737313966,-2.48292808857656,0.8123741034310682,-0.22314810874548238,-0.02877102568732244,-0.8880352001739229,0.4137115759042434,0
0.05496289318126577,-0.9248027198424035,0.2655401765594146,-2.4729956601664216,0.8113886221334474,-0.23480861951269538,-0.029048701275089198,-0.8884746390521358,0.4159513507534682,0
0.052480612033514,-0.9283240736938541,0.265385315028432,-2.422091817265613,0.8156452396242921,-0.20376499503927278,-0.02948956286944741,-0.8890861002628035,0.4179489545353897,0
0.05038631810732629,-0.9295334907072992,0.2642432016917908,-2.3361791506086145,0.8169355920690414,-0.1524115311000841,-0.029538429300952716,-0.890208909458961,0.41844774662713197,0
0.051158600591864944,-0.9269665083411825,0.2642488490301464,-2.259562191733427,0.8050623936856797,-0.11181732301096758,-0.029522388586744323,-0.8907274790312305,0.4174830092160918,0
0.053493906513443996,-0.9212430441047457,0.2652117019522756,-2.244963507499394,0.7729340782624907,-0.10360051884825724,-0.029711054774981926,-0.8894066817244668,0.416513089898316,0
0.053689560964075976,-0.9152361809291866,0.2646409767902789,-2.3041500202036707,0.7261613555690105,-0.13171163499294372,-0.029508953103852816,-0.8869374472956345,0.4167902683234299,0
0.05077313491183471,-0.9125026995657411,0.26131532095582677,-2.393094467581334,0.6868379343064419,-0.17871021841212484,-0.028202272798981142,-0.8853962858269873,0.4177667301546029,0
0.04844069573903206,-0.9147256744476248,0.2573147606119689,-2.4502590360767074,0.6804195877334341,-0.21789234038839167,-0.026134924554402285,-0.8856461148954448,0.4179906071924566,0
0.05036182259820144,-0.9201106763573061,0.2555975158738494,-2.4507152009539968,0.7166367521562318,-0.23762021296960514,-0.024517755340694364,-0.8865092463100864,0.4172766379349315,0
0.055200592552364744,-0.9245925629471362,0.2567193215944721,-2.422415423628775,0.7854453768807158,-0.24655911169465555,-0.024141878856450503,-0.8867745830488498,0.4167272970961326,0
0.05828544169761679,-0.9255562387127592,0.2590244675722238,-2.411691745678155,0.8669047449413134,-0.2528341082388705,-0.024750201871900454,-0.8868333364749839,0.4168352990029787,0
0.0571261317060516,-0.9243467541811572,0.26123533264851295,-2.437192915249027,0.9395302941487174,-0.25230379680902254,-0.02550920070628964,-0.8877775992130366,0.41706211859007986,0
0.05361269391323643,-0.924163763911608,0.2634474450279695,-2.4788979085840523,0.9869503418092341,-0.24382482543235023,-0.025646552947560547,-0.8897139096973148,0.41726426960967417,0
0.05144466669249474,-0.9258601887381875,0.26572578951195336,-2.5061045765891503,1.0089184905866864,-0.24209759222938063,-0.02504473296279566,-0.8915702531279237,0.417977527017649,0
0.05247163074588116,-0.9273091503948793,0.2671088799840651,-2.5056324048233187,1.0242908723402304,-0.2630763271822359,-0.024657333438098977,-0.8921593823879205,0.4189514376800622,0
0.05519006019236136,-0.9265987478648574,0.2666113052570956,-2.4822610838417085,1.052642299475641,-0.3025377297411524,-0.025658871656356958,-0.8910401090692649,0.4187759751841958,0
0.056361327376382164,-0.9240759176565513,0.2645532181453018,-2.448623074781895,1.0908216158436177,-0.34083397501425977,-0.02772585601396318,-0.8886636591983507,0.41675975588172626,0
0.054395871857102034,-0.9212087082487268,0.26235241365025846,-2.4272414738448456,1.1145985786435857,-0.36818443532104894,-0.028956236128140442,-0.8861908800616963,0.4143827142932834,0
0.05111518880025961,-0.9189931283774339,0.26122672660850593,-2.4483856813494027,1.1071558448132426,-0.3937822098034476,-0.02807291352959346,-0.8851045784468986,0.41399948857245095,0
0.049509699913346035,-0.9179318466183961,0.26141367636307006,-2.524091777268087,1.0800959748987902,-0.4269462987702491,-0.026119081301295827,-0.8863431065338507,0.41630634214249895,0
0.05001961938695984,-0.918654849849495,0.26249803257223225,-2.6243733858681395,1.0591109030671702,-0.4617924697384149,-0.025277743348024653,-0.8893567383029803,0.419617503267799,0
0.05057588931784209,-0.9218175706488804,0.26390909635163307,-2.6911010720014894,1.0528207561006329,-0.48789625346846927,-0.026205904247675556,-0.8923825076594212,0.4215884616915054,0
0.050460494416162446,-0.9273328823853878,0.264809091997229,-2.677088129328745,1.0443234846930731,-0.5042217377932335,-0.027227731957468304,-0.8941796359031231,0.42137847494881536,0
0.051775314894904646,-0.9337213491114847,0.26414072891781065,-2.570534110768163,1.0105551777203443,-0.5113354358352725,-0.02640638169924563,-0.8951793444474003,0.42010928507763395,0
0.05581780496914337,-0.9380576915934531,0.2614414498121747,-2.3911089868844595,0.9437107640102216,-0.49956040945547375,-0.023988587238002335,-0.8962524091502002,0.41932069898334795,0
0.060115073575137706,-0.9370926291370169,0.25739993031629527,-2.175319526630904,0.8602263715123731,-0.4602760406581623,-0.022313425189817424,-0.8965362178567389,0.41921580648096135,0
0.061125862519433825,-0.9297937441197494,0.25360738902068397,-1.9685130918024178,0.7962137416673768,-0.40720895604683266,-0.02326575139640998,-0.8934806377556214,0.4187119222944636,0
0.05876511959943506,-0.919093804028021,0.2521880012590018,-1.8224934661733285,0.7863859106797928,-0.3736652028037621,-0.02615268262988675,-0.8857336208552153,0.417041039361428,0
0.05637803892423398,-0.9099732221313417,0.25471289703047256,-1.7894073662269405,0.8365467717072607,-0.3834556682520346,-0.028359418254997687,-0.8756931265966951,0.4147705167353174,0
0.056651918344522496,-0.9056069654297096,0.25995915755205445,-1.907809058136729,0.9180355829725025,-0.43008012096649156,-0.028027667501500843,-0.8684464720286045,0.4131876627500462,0
0.05883680199544438,-0.9062707769482161,0.26384126945253783,-2.1812535531470387,0.9944213372482937,-0.4896093892623581,-0.025866095110458287,-0.8678843136821011,0.41314748421147274,0
0.05991678646455413,-0.9111514150416112,0.2636837643593464,-2.556666109770458,1.0502934175997876,-0.5479361267961487,-0.024214893166469912,-0.8738991888194306,0.4147226050770438,0
0.05790252069570022,-0.9192013700408335,0.2615058009456415,-2.924701755386774,1.0899793093517252,-0.6047017094719779,-0.024430656258573675,-0.8830855298394207,0.41755086739817643,0
0.05401384554961855,-0.928603010787271,0.2610197734745809,-3.160256502488605,1.1166953566913354,-0.6542544131449015,-0.02552408437016369,-0.8917226904905237,0.42103108795016564,0
0.05159080941975605,-0.9374290138571671,0.26289929631026754,-3.183713393040509,1.125587390504227,-0.678598808657468,-0.02555709272887645,-0.8981350977485817,0.4243373606339473,0
0.052557222527640605,-0.9447377363104104,0.26543555510555267,-2.996495096579503,1.1166187457241425,-0.6631949939928529,-0.023942651588504456,-0.902745691154074,0.4268501700804929,0
0.055373635658673495,-0.9495267283741339,0.2683246425598775,-2.6654587168646633,1.1032986974043293,-0.6085398496715437,-0.021809494734127778,-0.9064708680362764,0.4286809322972689,0
0.05695354140838705,-0.9495681761152152,0.27268639926828686,-2.2723239832708053,1.1042934799321056,-0.5204008077255692,-0.0204002944010777,-0.9092543385998147,0.43019306956314396,0
0.05586454192902448,-0.9438574185250839,0.2775919892971669,-1.868163271359064,1.1315166646833623,-0.39856202341168484,-0.01998957928297026,-0.9098916076651408,0.4307662767223208,0
0.053045828302156726,-0.9356839916562897,0.2791757054642714,-1.4699106551560956,1.1866438244742483,-0.2487390527529369,-0.02045958732661455,-0.907045379758304,0.428683644034779,0
0.05037968681071074,-0.9300535185622895,0.274276937637371,-1.1002472782959412,1.2595351021621073,-0.10440351675269922,-0.021857899904027766,-0.9006010774569996,0.4228743767174405,0
0.049398833262315936,-0.9278234792978266,0.2641428333238213,-0.8227620478474312,1.3257887547679124,-0.017558542257327468,-0.02370399973902796,-0.8923376595883716,0.41464169704567483,0
0.050578143233941074,-0.9253998516729952,0.25368183760951046,-0.7232935305135211,1.3575753656251182,-0.009020718477628562,-0.024711998389702474,-0.8852106232425085,0.40730462263390105,0
0.05303653209474412,-0.9205467636726652,0.2472956509824385,-0.8481713906893082,1.3500185241248295,-0.031050681915982897,-0.02434265693435132,-0.8816209316082311,0.40392486868759325,0
0.055090322612166266,-0.915439778002392,0.24629220449283704,-1.1536454801420837,1.3314529406328932,-0.00301094942175401,-0.02400238173171329,-0.8820748883088069,0.4050853091576209,0
0.05521742013444646,-0.9130915747624315,0.24993743584366498,-1.5060110526988393,1.3299745978943716,0.10020127938987754,-0.025511789095483,-0.8850946046949686,0.4087454298114035,0
0.05257704787328423,-0.9131130883284285,0.2567968650712495,-1.739854169277444,1.3265487316253992,0.20695224591424083,-0.028788534973865514,-0.8879592847797156,0.4123558058275081,0
0.04751396122373358,-0.9124454870390126,0.26399340524619547,-1.752318838098332,1.2587361506901638,0.21179317759319802,-0.032043780554839675,-0.8879128734530787,0.41489567224342444,0
0.04224750171267881,-0.9094317582951915,0.26737952054483444,-1.5717842014388732,1.084893973307953,0.07271197559275691,-0.033846096080855606,-0.8839171401262236,0.4168022042043514,0
0.040186140640148825,-0.9060117564979675,0.26510481696116245,-1.3339055209386748,0.8407279632445498,-0.161950337907277,-0.03409178832589813,-0.8779690767614318,0.41872552007965136,0
0.043334200055886285,-0.905531296160581,0.2605260190226446,-1.1767747912804347,0.6262476639975489,-0.40448190841102155,-0.03336043838263773,-0.874100598689101,0.42088387108913844,0
0.05036548768909654,-0.9088051435126251,0.25924881764304814,-1.155834139360622,0.5393780839616927,-0.5866935030865286,-0.03215561444212073,-0.8750681739189634,0.4230941272544011,0
0.05765576767522848,-0.9132421857655468,0.26299057268221593,-1.2526451507881642,0.6183330675303316,-0.6828164143709646,-0.03056126879638231,-0.8798374492269958,0.42497526765569754,0
0.06210094372911166,-0.9160777681568876,0.2682558957968296,-1.4368741821884514,0.8293608216152095,-0.7028683059390768,-0.02819912923925483,-0.8847484154569621,0.4262184945801431,0
0.0630621659470949,-0.9173936859565222,0.27124271848421594,-1.6937137090314505,1.0929919116057656,-0.6739446780064879,-0.024878835688256204,-0.8870519880600737,0.4266468865866217,0
0.06220516094491873,-0.9190143133536974,0.2715413388787689,-1.9991608721040965,1.3254944167644953,-0.6233288174811442,-0.021544418292491065,-0.8868208429449257,0.42614191307402,0
0.061680592562267,-0.9211790404335695,0.27036412066825805,-2.2986419127369104,1.4743998697404646,-0.5719814673052385,-0.019959208969023496,-0.8857587697428461,0.4249873620718782,0
0.06211521637977283,-0.9219314350784348,0.26803164940320573,-2.5284131900377274,1.5315053365937719,-0.5309584875545869,-0.020914851400886454,-0.8851229720900037,0.4241542916333853,0
0.062214106601521664,-0.9200968224156665,0.26465114033807335,-2.657803330151554,1.5197457048985121,-0.4952040356435489,-0.023177818553117638,-0.884994370457539,0.42449981438975076,0
0.06047644187522355,-0.9173970170976946,0.26140160566725884,-2.7079119178442457,1.4693754111259534,-0.4507340447157063,-0.0248347552437025,-0.8848707265943363,0.42560947679024397,0
0.05710959668144246,-0.916514795898907,0.26008968166834434,-2.730235674294902,1.402340608327258,-0.3956739831893452,-0.025357647395953503,-0.8844223709861974,0.42605988114395005,0
0.05379503045832546,-0.9179009498502437,0.2619341642524073,-2.76462647426436,1.3286945770717549,-0.3418075646404476,-0.025557778536950168,-0.8836744307655965,0.4249973155790073,0
0.05174992481506215,-0.919740537317015,0.2662485655524022,-2.811390766202171,1.2482679565237507,-0.29223507276391447,-0.025787945841222074,-0.882735582079514,0.42304451467989923,0
0.05081920642296093,-0.9205037767691058,0.2698783225538348,-2.8406469427455727,1.1561578865647308,-0.23771515239960184,-0.025429050255560807,-0.8816943922690653,0.4214521537186985,0
0.05065214468926728,-0.920051606106732,0.2692730167875927,-2.828555163676227,1.054840986027539,-0.17986152129943833,-0.024395239297490205,-0.8809213785166509,0.4206766630328749,0
0.05177550647276536,-0.918541564394294,0.2642248605987752,-2.7830130284035115,0.9634007658933802,-0.13535295076504278,-0.023858199013877746,-0.8810598009639727,0.4201670642780918,0
0.05457693027180222,-0.9161101113776757,0.25890116405291785,-2.7340107990916818,0.907931857056082,-0.11019487070848695,-0.02470247184632951,-0.8822256431875632,0.41939867724475277,0
0.05771879037523496,-0.9140695601104301,0.25797641562832174,-2.7044482810060657,0.8998413994088673,-0.09062607553269514,-0.026192290232710184,-0.8836222713387063,0.4185952987121141,0
0.05880973318816534,-0.9147387908642844,0.26147832240819624,-2.6941622449989686,0.9280970016638355,-0.0667336760979419,-0.027011751647496154,-0.8846245503950131,0.4182817811970228,0
0.05707082604402985,-0.9188685837808477,0.2643882606646838,-2.68528470807518,0.9728922364821625,-0.04610223828263248,-0.026900910259180316,-0.8857674777865914,0.41850804272852427,0
0.05454236091572704,-0.9239296355121803,0.2622773038541931,-2.654514782754757,1.021016025200904,-0.036483040141198825,-0.026507772039278274,-0.8878666419869284,0.41887501017013834,0
0.05353147980262689,-0.9259552632417487,0.2567867477702814,-2.586264486762478,1.0662855796984632,-0.03196997272245303,-0.026242592668306336,-0.8905697965340089,0.41921873978439445,0
0.05318328672815042,-0.9231105783300566,0.2541137594262886,-2.4862366094990254,1.1023625952134506,-0.02503072733921652,-0.025975943978822857,-0.8924725226966769,0.4198095184959889,0
0.05075505461056536,-0.9175419370107799,0.25798461462060185,-2.38038606133253,1.125717821283135,-0.01902114276087355,-0.025567211971469342,-0.8925300084549738,0.4206667750629925,0
0.04684141256392652,-0.9140107941372699,0.2654913376695541,-2.2917191312320826,1.1449804101071581,-0.0201794221622515,-0.02529906902718603,-0.891156770303791,0.42109073317542733,0
0.04607114212090812,-0.915815577191896,0.2703872708950349,-2.2210742430997423,1.171530288782638,-0.024762313291939616,-0.02576395437425664,-0.8899732819761922,0.4204181270311993,0
0.05054503069848666,-0.9211455849576109,0.2694410848643488,-2.157957223765122,1.1948131696563382,-0.020741495433479293,-0.027183127682210977,-0.8902217940401106,0.41919713465271313,0
0.05585128571387863,-0.9245947915407106,0.26490575333856564,-2.1072782715254212,1.1864952695997948,-0.0016583524171236911,-0.02882130716469757,-0.8913457115630644,0.41898167318664997,0
0.05661524763368699,-0.9232500807226888,0.2614130303716209,-2.095408762671714,1.1423005575308907,0.023653634881448796,-0.029424749924382914,-0.8915335841976202,0.42053383013118784,0
0.053343088147679754,-0.9196490452822391,0.2611819196217606,-2.139896357877043,1.1001694744345079,0.039356392057159184,-0.02843120825150214,-0.8897842784836826,0.4226069100422052,0
0.05071336905995354,-0.9177354982782405,0.2624349834909037,-2.2132332960047516,1.097569126317474,0.041460870965970426,-0.026575549107902025,-0.887055247790424,0.42311006097939324,0
0.051236928337963526,-0.9182566607657275,0.26224775175896803,-2.2534692549152853,1.1253582238098323,0.04255380950331168,-0.025136930129359497,-0.8852387805454796,0.4213983336748797,0
0.05344162968880957,-0.9196184446960816,0.2600867234300053,-2.223564152717638,1.1436852200650798,0.05599716811127106,-0.024752411782958186,-0.8852924968147441,0.41892408744785214,0
0.05494220593679026,-0.9207850088281123,0.25780847313589234,-2.1510964371021366,1.1321642570403398,0.080781487415755,-0.025251388574145255,-0.8864961031288344,0.41762393373541706,0
0.05503435850063975,-0.921371188974093,0.2570107860946831,-2.101188700901642,1.103990075120026,0.10360801770034703,-0.026378666717721367,-0.8873285503640904,0.4181439217541993,0
0.05464684218771979,-0.9204984226008777,0.2579458683667399,-2.1205066202091656,1.0771017326632888,0.11192055786649628,-0.02800866945233368,-0.8869192232657754,0.4197165901206788,0
0.05466689068224164,-0.9173224993002423,0.26043462263165246,-2.2110644133348987,1.0512181081122969,0.10291166746577052,-0.029674214875452992,-0.8857284356206135,0.42115255853883665,0
0.054256300762030335,-0.9126932618221225,0.26359227181979344,-2.3408603644609203,1.0140904617602247,0.0835399362243609,-0.030590008958648707,-0.8849813912047587,0.42163155253679224,0
0.05155296381408525,-0.910041594828898,0.2652425350978919,-2.4684561453744926,0.9569397641591337,0.0668650281736749,-0.030413846490076557,-0.885523495444438,0.4210252707224452,0
0.04706663439629287,-0.9135009635961417,0.2647278155921474,-2.5673911494003434,0.8812869931924132,0.06484969175467735,-0.029691329193511216,-0.8871582874480076,0.41983875622281036,0
0.04492775473850841,-0.9230980172502251,0.26554777102730764,-2.6382257223489805,0.8006302554805,0.07404933986551648,-0.029369879714364243,-0.8889459079689925,0.4186793149851989,0
0.048279377066926456,-0.9324390695949378,0.27098970937202643,-2.6987919689564617,0.7392328628749063,0.06770065777991169,-0.02983982348556818,-0.8900378728089525,0.41778097889906257,0
0.0541877179149781,-0.9345239286084519,0.2778712905868071,-2.7650814043590275,0.7207265401205012,0.014832242662449622,-0.030429190039386794,-0.8902143995783631,0.4171753456248514,0
0.056215151526509244,-0.930077584178476,0.2795047112788202,-2.8428112531995593,0.7495251200293931,-0.08571760248626971,-0.03012338134329623,-0.8897552970627337,0.41695954992682405,0
0.05231554651333838,-0.9263786606253802,0.2741830933659538,-2.930553709347165,0.8056857614262085,-0.19777777534881394,-0.028997731230605228,-0.889094456749852,0.4170130004219555,0
0.04718887361846275,-0.9273085556788273,0.266090311263713,-3.0246275128581455,0.8660995122234529,-0.2808679656389037,-0.02839913930443281,-0.8887306497918304,0.4167867072206073,0
0.04579194459973943,-0.9288445856957828,0.25904226698522764,-3.121226366706887,0.9299351633955267,-0.3264193027381524,-0.029192477077487466,-0.8890875240777995,0.41585985105740997,0
0.04757782986387542,-0.9259587373374719,0.2540989957269319,-3.214153043052959,1.01027089489493,-0.3560440245655677,-0.030339664277796566,-0.8900386423352868,0.41458747565579,0
0.04950794938157685,-0.9205681827154054,0.25250031324090844,-3.2916284128510513,1.0964762956117318,-0.3878683771397077,-0.029951854129996246,-0.8908146060223582,0.413866590312051,0
0.05218197455971031,-0.9200660180588911,0.25607928865287893,-3.3409435160640926,1.1435893549448082,-0.4134631642602004,-0.02764821771706901,-0.8908324121296846,0.41429241773332615,0
0.05860536125169701,-0.9283245787719187,0.26360632426452046,-3.3598443258592954,1.1166872617075154,-0.4120940731385533,-0.02528419929036773,-0.8904645266854478,0.4156889320181903,0
0.0669990658042508,-0.9397241076255132,0.26975294273615247,-3.3619740638464735,1.0372509292297303,-0.3824110641751443,-0.025046949178237358,-0.8905744964816807,0.41731855398102896,0
0.06974286213142353,-0.9443427288048757,0.2698054586565578,-3.3686937463445656,0.968397362425431,-0.3500325478478135,-0.027069450751450792,-0.8913573819709686,0.4183330427730708,0
0.06236653699791737,-0.9392083265861007,0.26454280058386836,-3.393676327652414,0.9558454278601352,-0.33909518431369223,-0.02929827336699581,-0.8920680768640777,0.4182049170433087,0
0.050604853407865774,-0.9310492548629815,0.25884323508271995,-3.434979962175765,0.9930840514728658,-0.3412996515292075,-0.029633265267779114,-0.8920222382424684,0.41714119690922075,0
0.04492180161242256,-0.9271418402445815,0.25590225673983324,-3.479362467242032,1.040019412291126,-0.3218951426098283,-0.027854296993044987,-0.8914540916035599,0.4160912042884725,0
0.04910304365065345,-0.9277627629212027,0.25502173788739985,-3.507879273599183,1.063835838759732,-0.25921699635974715,-0.025476488251772365,-0.8911183706228034,0.41599385309890546,0
0.05689368483972526,-0.9293154449345488,0.25538173705793643,-3.500038088680397,1.0578542264868718,-0.17226366196099707,-0.02408271192643753,-0.8914447054732039,0.41695395113755,0
0.059785088093657235,-0.9304323846450532,0.2585947844336985,-3.447342892766916,1.0265049119829293,-0.10255257652752706,-0.02404329269196218,-0.8923206226870201,0.4183554562706572,0
0.05656691269796103,-0.9314030671437603,0.26456936114352203,-3.369534773564659,0.9666759648853912,-0.07104265230689803,-0.024768826618598958,-0.8931995553988921,0.4195900725945661,0
0.054302270491859594,-0.9298381085010056,0.2670919141251077,-3.308407373282546,0.8774904193847565,-0.060371206700420094,-0.02578550422402254,-0.8932357418712779,0.4202552633785163,0
0.059462883049356444,-0.9218502629303084,0.25901432714059375,-3.2977025454146918,0.781526881270935,-0.04123092504700034,-0.027126867250990505,-0.8918713120220078,0.4198889293736513,0
0.06902088534433078,-0.9090290947075866,0.2431052340594068,-3.3415040573542103,0.7161516980034577,-0.01043738576671388,-0.028697074929244087,-0.889436553636841,0.41827475708860384,0
0.0729970507849251,-0.9001795526386229,0.23229199916640028,-3.423079076573594,0.699980556812389,0.0034361656223306234,-0.02978438111328295,-0.8868670066143861,0.41606868899108207,0
0.06650182516959767,-0.9023977300096894,0.23548677291673012,-3.5252767103003864,0.7200662249796709,-0.02736496689857929,-0.029736648849063945,-0.8850435015070973,0.4144830563231614,0
0.05574255274207365,-0.9128663324581225,0.2476678613882674,-3.632726632647867,0.7537515868118956,-0.09722298197386574,-0.029007547811571898,-0.8845811041348512,0.41427359271053427,0
0.050094064307969186,-0.9229307108396273,0.2578616403879178,-3.7199896984510303,0.7926126450005292,-0.1708109189107659,-0.028859728847699044,-0.8856195429249776,0.4154474434657893,0
0.05166012640677135,-0.9276750693230673,0.26210306549686463,-3.755977917236709,0.8434845982056243,-0.21532361546855908,-0.029773431356428237,-0.8873553021127469,0.4176692622049948,0
0.05533440687989759,-0.9279404346801116,0.26369493990387244,-3.7305999382967348,0.9141174076812211,-0.22568655121264075,-0.03072090341345307,-0.8882734797306046,0.4202977370724257,0
0.05621633020773549,-0.9257851514958899,0.26499866661288723,-3.6698734270020705,0.9991728037199279,-0.22231146703080773,-0.03049568341019009,-0.8874180460778103,0.4223047443091804,0
0.05372079870641919,-0.9227881657055219,0.26566829035778355,-3.6158293568298037,1.0762764916384409,-0.2277813492541507,-0.029393965001042178,-0.8853696192553857,0.42297855851578503,0
0.049804347110630295,-0.9218318524997754,0.2676610274895787,-3.5963895202548946,1.118480745630683,-0.2444092478340516,-0.028913483951483895,-0.8836919342800269,0.4227003365683881,0
0.04622938979098382,-0.9255895551796486,0.2747357936097568,-3.6211015842372927,1.1159242438716601,-0.2562832526076998,-0.029730004186191487,-0.8833958973553353,0.4223851591689713,0
0.04399500919087286,-0.9318016724703294,0.28472701901916,-3.6938525672478715,1.0832046952431313,-0.25268528641491994,-0.03057634365120632,-0.8840867916123492,0.42216856182180124,0
0.0436644217046232,-0.9337850808271918,0.28829376344308794,-3.809148600663303,1.042254447035679,-0.23845332552375637,-0.029643511762522032,-0.8846603204768672,0.4213375117716751,0
0.04524298715136611,-0.9283408679376592,0.2795667505585842,-3.936691695549023,1.0032388636284761,-0.2191342460693276,-0.02689969431534826,-0.8846593604055188,0.41971586294908225,0
0.04823276499286585,-0.920594487149028,0.2642439794267598,-4.031226037928232,0.9658626990797319,-0.1932109838363247,-0.024376503114753235,-0.884719220441587,0.4184635741783545,0
0.0519162971065409,-0.9179802994844236,0.2538646000802004,-4.068575603672307,0.9300069099023148,-0.16519144540979272,-0.023976295916809495,-0.8857276123105686,0.41901914537285057,0
0.05499931331807648,-0.9213771748551776,0.2550850497653395,-4.062910881282802,0.8974094131839804,-0.14863848081930053,-0.0254953014865495,-0.8877236545326843,0.4213932403096699,0
0.0555688618829585,-0.9253568815290834,0.2657341424040578,-4.044609050283257,0.8694342089696735,-0.14908465881519756,-0.02704656354424655,-0.8895867219773386,0.4238255005504264,0
0.053008764157874665,-0.9258175609377002,0.2772567385818046,-4.033827204412083,0.8486379546392566,-0.15827678988794824,-0.027044181593235034,-0.8898618096974339,0.42429630155405273,0
0.05018114005986434,-0.9237216598756397,0.2801452000350547,-4.04141207104491,0.8395069635394972,-0.16790253810432942,-0.025610903318548674,-0.8881745998094219,0.4223896520443786,0
0.05202368315797302,-0.9211967748548183,0.27106427309628445,-4.07964746208426,0.8478992378185025,-0.17507523882892945,-0.024253088317974174,-0.8857492962317035,0.4195655630412382,0
0.060242089801208785,-0.9175870821450991,0.25617428135522996,-4.157443058873661,0.8810229104497502,-0.17500087080636337,-0.024167118472441098,-0.8841700347045993,0.41760910277193625,0
0.06955631972758401,-0.9115615841340969,0.2458408924310574,-4.268362555243341,0.9424330151363952,-0.16328002333200983,-0.02495121904379795,-0.8837856281994031,0.41706088103412586,0
0.07161504667585075,-0.9051659666088093,0.2456987462074755,-4.387433931911073,1.0232873977776862,-0.14623870994264904,-0.025306892728217633,-0.8837417601161294,0.4172886385556186,0
0.06424964021510593,-0.9029395503189855,0.2529252700397794,-4.477846848414845,1.102748195709614,-0.1372439442138796,-0.024802326999862765,-0.8833820506981421,0.4177072730566961,0
0.05466780819047097,-0.9069760051078829,0.2602964994039583,-4.508864431923465,1.1624200831951579,-0.1417893863903829,-0.024320982195524064,-0.8830533196384392,0.41836003062001725,0
0.05107766494148112,-0.9145721912986724,0.26318022754734943,-4.480466386567018,1.201169130809637,-0.153216268936911,-0.02477738051674991,-0.8834714437297345,0.41929817766683875,0
0.05333442539398366,-0.9212577462175809,0.2624016180148346,-4.431126189411746,1.2319395454076054,-0.1610430904964442,-0.0259722819220807,-0.8847855391181412,0.4200374896739377,0
0.05489293535071695,-0.9250626808807239,0.26126854047106324,-4.412949999615128,1.2611332588957764,-0.1579336650386041,-0.026952456242917092,-0.8865652850504288,0.42009716054766205,0
0.052192582898745656,-0.9268925231889262,0.26182724301067206,-4.452130865970992,1.2759256082354515,-0.14364114735782846,-0.027158552099496594,-0.8883656056426487,0.41976375906630425,0
0.04838250257848757,-0.9271631211370243,0.26383538804502465,-4.529411851294443,1.258760536962155,-0.13002498558868625,-0.02682645800295461,-0.8898115972179341,0.41977247581766647,0
0.04793959351785831,-0.923881599803958,0.2649731125452806,-4.599029560850685,1.2113310286192842,-0.13793318027051954,-0.02639668615298858,-0.8902739320615948,0.42029770406901146,0
0.05084746343663664,-0.9158522541166549,0.26216527284302793,-4.631947873386672,1.1562030780888883,-0.17926805901576498,-0.0260634036104122,-0.8891652047713114,0.4207219041555066,0
0.053428758563341124,-0.9069645699105283,0.2551277426878872,-4.646895792590844,1.1150396698920946,-0.24145268668559333,-0.025977587235893225,-0.8869033258992859,0.420465611858274,0
0.052991085486078594,-0.9039198431471753,0.2481229149257566,-4.698436476658134,1.0914816039266544,-0.2950197607918344,-0.026402298820541136,-0.8851132434575592,0.41977033679923453,0
0.050065448745442574,-0.9086322756645702,0.24592127874963068,-4.823555117229676,1.0770615007564233,-0.31736667200981106,-0.02747009589143755,-0.8853086117877811,0.419536571418866,0
0.04728390283250551,-0.9160159940931226,0.24923361500769559,-4.992612322681533,1.0689316190060227,-0.3080141865405288,-0.028914719200864452,-0.8874913459085063,0.4203351175649576,0
0.04728978150701681,-0.9207865590968619,0.25585955111261655,-5.121628754226169,1.0762696198234314,-0.28323310609762103,-0.029976825505909858,-0.890404045219939,0.421575558324079,0
0.05054134506280197,-0.9232409827978436,0.26327034769025076,-5.138816932764018,1.1089190213284619,-0.25617787508297324,-0.02972353303226439,-0.8929138358090722,0.42192673305627165,0
0.05432757011606868,-0.9261962098304215,0.26767096023994197,-5.030119111007804,1.1630880925574547,-0.21868485750652375,-0.027936319871384136,-0.8946652845349073,0.42074940590781656,0
0.055513967286237656,-0.929134065283253,0.2648746277697416,-4.82692847216232,1.22078946004479,-0.14648782536344634,-0.025610299112265835,-0.8955364139129743,0.41875802685342095,0
0.05495396863227261,-0.9288751836010504,0.2564231329247672,-4.581529519374831,1.2642180408998143,-0.03185750378261609,-0.02408831547683653,-0.8950308438167695,0.41691819596048846,0
0.05707386115687324,-0.9250946460775775,0.2516455545720742,-4.362491194839386,1.2887118694126465,0.09441315793683723,-0.0237757865903647,-0.8924497077238374,0.4151868505013726,0
0.06369266365271908,-0.9215378720203529,0.25815687198047366,-4.242411928281688,1.2976070817253957,0.18926825315714085,-0.024057102399500492,-0.8876783041095309,0.41307891538614017,0
0.07017110062909916,-0.9208964556371306,0.2709613056927443,-4.267217296120336,1.2868194280501286,0.2407938979964567,-0.024282952766402976,-0.8819460639922309,0.41106091374957304,0
0.07013864363389188,-0.9214260520834132,0.2762692724052596,-4.438452070838762,1.2446468855203425,0.2650865711714354,-0.02444320976283282,-0.8777877663993889,0.410284684209405,0
0.06332596261760962,-0.9206011310620874,0.26755746663632823,-4.7174398652173215,1.1696727539207876,0.2631994280332363,-0.02492181815675447,-0.8777704183296118,0.41103291614756304,0
0.055926096662160314,-0.9199082121842579,0.2533826447487177,-5.031235538403648,1.0798965183611735,0.2076511620150195,-0.025878469513945485,-0.8826223751957792,0.4124997882552049,0
0.052933412376556445,-0.9231685302561178,0.24708915061409864,-5.284993141452123,1.0013822321672305,0.0803671459154625,-0.026938357846162476,-0.8903973357338485,0.41413016577178235,0
0.0531054867533808,-0.9309394525954835,0.25268937673501024,-5.398793428920023,0.9554200830006933,-0.09368858976933428,-0.027442319228050367,-0.8978464147105438,0.41614972083773405,0
0.052708856272348885,-0.93931808254613,0.2632772665857413,-5.345918085808915,0.9536399882139293,-0.26208432861846587,-0.02708333824450276,-0.9029935379852801,0.4186359551319972,0
0.05134666642477842,-0.9447154028307048,0.2699886514284349,-5.149460238666951,0.9919315685437524,-0.3836420821262744,-0.026310376299872533,-0.9062859732195494,0.42093862636016666,0
0.051545938486743666,-0.9476645184014864,0.26951180916495154,-4.844289777514764,1.0510521027721886,-0.44246180896999315,-0.02589445182974137,-0.9091926386357134,0.42227886209965315,0
0.05405715380246099,-0.9505186475947195,0.26432579544940144,-4.453795097430914,1.117823596006987,-0.4358150178938229,-0.0260218566024929,-0.912076801893472,0.42236784914170494,0
0.05635082801671159,-0.9528878499474954,0.25863656088613063,-4.001915616536822,1.2033323832460527,-0.36649878309078315,-0.026114959611176495,-0.9136139786365578,0.42120543118683806,0
0.055935835068512574,-0.9515081810528311,0.2550688466175858,-3.538674999863653,1.32320500990242,-0.24888973926745694,-0.025797095443801994,-0.9119904069532013,0.4186277306193089,0
0.0534341402051123,-0.9442979051726952,0.2538955515461916,-3.153229510681101,1.4589218783952012,-0.11368522050833757,-0.025718624371546123,-0.9065867310591329,0.41437506124547585,0
0.05164743842018838,-0.9330282731048086,0.25365657064671127,-2.9534667778419226,1.5575976600941954,-0.000914454467868614,-0.026823156985537687,-0.8986961450545922,0.4086367132662872,0
0.05231581991994424,-0.9220895432446777,0.25231910905345395,-3.007107622069018,1.5808217599485126,0.057095214924201214,-0.028845574945814478,-0.8905687320463859,0.402475936279717,0
0.05447153438720907,-0.9154420565486303,0.2490488995211079,-3.2878754890690445,1.5419680896869203,0.053034232335350665,-0.030342614168158463,-0.8837293112915117,0.3976201929508915,0
0.05571268647283213,-0.9142912700401661,0.24554786458263855,-3.6854048422640213,1.4821817227107086,0.006889396878946642,-0.03048916158967773,-0.878535832484475,0.39559506363265623,0
0.05460482512870747,-0.9166110052106673,0.24497767604281412,-4.074005098648863,1.4190408359572921,-0.05284465620548929,-0.03011109814488799,-0.8752744726058211,0.39685094092908085,0
0.05201939320445556,-0.918750550101426,0.24880716348431667,-4.380291292097859,1.3388688878105717,-0.1110514065545698,-0.03053522312147932,-0.8747405464216575,0.4006868200299422,0
0.050250577773538654,-0.9183038688653324,0.25504199535889144,-4.604286735758228,1.2374475520928663,-0.16640533750523379,-0.031957510000591646,-0.8771457506638489,0.40592129329515725,0
0.05049370406582035,-0.9161015499664331,0.2600682066931875,-4.786730434500264,1.142733884378405,-0.21426268074342106,-0.033285794810019656,-0.8810755683097405,0.41141488641319635,0
0.05151921444186283,-0.9154096422253112,0.2618703620767161,-4.951711169272419,1.0856633603755097,-0.24087616124430725,-0.03325124389150475,-0.8843345297664752,0.41598663309058465,0
0.05137656343319254,-0.9187138152462117,0.26117798968043693,-5.081483833487766,1.066492878095762,-0.23769647131897137,-0.0314961746581612,-0.8858062307635929,0.41843036679611023,0
0.04977095760738977,-0.9247558227006974,0.26018300747604645,-5.150661175806182,1.0646624484249494,-0.21172468094654753,-0.02883319825333406,-0.8861872279841617,0.41831417467349236,0
0.04806166237851395,-0.9289191867607202,0.26042702449131466,-5.174313828123872,1.0697300780687296,-0.17790550913658565,-0.026616103441284455,-0.8869709324425583,0.41665344340943855,0
0.04755780348816112,-0.9275615079889629,0.2611776062615002,-5.207209845474376,1.0874147146314388,-0.14990661080884637,-0.025720007599432767,-0.8888854804170595,0.4150838953514636,0
0.04852826786600609,-0.9221377472256189,0.25996446884407404,-5.293168525363175,1.1217736525326354,-0.13927285298637665,-0.025956947223944253,-0.8912530500282505,0.4142970832296592,0
0.05046042272873596,-0.9179001904662515,0.2556765150720379,-5.421303431885387,1.1670230578573602,-0.14959365791906895,-0.02651287506355448,-0.8927460853778346,0.4137984318934808,0
0.052605478881288706,-0.9184676483596659,0.25058951910233207,-5.537135982301184,1.2178539604762502,-0.16570874119153217,-0.026952601932143955,-0.892803789382986,0.4130809574857774,0
0.05431636768032375,-0.9230163233732177,0.24801380030187137,-5.597102454687884,1.275194374002476,-0.1609535222561979,-0.027556642204013177,-0.8922898657609449,0.41237044485409624,0
0.055325592532363674,-0.9284677886313881,0.24849467216704213,-5.607183676451272,1.3362817098166375,-0.12222402078703914,-0.02864212388806965,-0.892582515426218,0.41209743156384,0
0.05577814868382337,-0.9323809892761877,0.24970848280890742,-5.603974892187945,1.3888806926703032,-0.060448585962785725,-0.029966405584726054,-0.8940385913412806,0.4121097120546305,0
0.05571522282695284,-0.9336390508037484,0.24973779299017432,-5.602693244360644,1.422294422572458,0.003958885789793147,-0.030996064843545112,-0.8955737067975221,0.4116815577255575,0
0.05466659731044134,-0.9323572571541081,0.24905198605756795,-5.575315017808824,1.4336416450034792,0.05516588438835919,-0.031405075271095956,-0.8957805874736007,0.41018727874287475,0
0.052226317280890076,-0.9297050764770016,0.24903526232840187,-5.487893120068176,1.4151390562320627,0.0833266733750477,-0.03115677260316967,-0.8943433471819098,0.4077324817284142,0
0.049035873677743244,-0.9268033362423871,0.24974901741916733,-5.354168195970439,1.3510785190100507,0.08582886154451122,-0.030519877691867064,-0.8923168425368599,0.40526348576312965,0
0.04675414289632817,-0.9239300271308565,0.25009497813712395,-5.2366584189165515,1.2452176996978235,0.06939474840506746,-0.030080509703571314,-0.8910519496742156,0.40390672492153085,0
0.04671386645971437,-0.9214865306635921,0.24959295935796352,-5.188139771827304,1.140211835900225,0.043845482804375856,-0.03015805580294913,-0.8909495513490714,0.4038971946826033,0
0.04860674229944152,-0.9207161621273626,0.24880288446256904,-5.202163737271111,1.0864479545261867,0.014280627312019147,-0.030149475569929775,-0.89132707233195,0.4043784898187287,0
0.050744497777761154,-0.9222050142804827,0.2482111532069872,-5.227775619139031,1.0905176786386759,-0.017293027583525217,-0.02917162217901999,-0.8913447246892165,0.4045404642939361,0
0.05172646443404632,-0.9245702031091363,0.24795601150992488,-5.22363092756726,1.1121256349840247,-0.04691845103520737,-0.027505302866905557,-0.8908468561295295,0.4044836087951873,0
0.05166179991656618,-0.9260763425091331,0.24849379126489787,-5.190279642694319,1.1160848538574173,-0.07105576029383301,-0.026671965950532527,-0.8903226608202511,0.40462398420604934,0
0.051718188106283265,-0.9269343302985633,0.2501008767290357,-5.156977881068349,1.110597671217391,-0.0922187587394907,-0.027702371215487083,-0.8902788435039423,0.4048943615406354,0
0.05271175486330377,-0.9285755908743536,0.251674808961321,-5.147555396363372,1.12517031500841,-0.11549935444623734,-0.029758026541405042,-0.8907891263859107,0.4050553792715213,0
0.05417320386854677,-0.93104189007571,0.25134762859157656,-5.1601782283206035,1.1651052343134163,-0.1372112885452762,-0.03089647467974942,-0.8915720914933034,0.4052964787067899,0
0.05477589450875754,-0.9324060552410056,0.24863736066917466,-5.174184379569834,1.2017386994981583,-0.1420844789093039,-0.030109543140673493,-0.892402580636106,0.4059084783271563,0
0.05393930024189828,-0.9307428366742156,0.24535158500882343,-5.171571457977427,1.202085558347023,-0.11616286826264852,-0.02827871959238776,-0.8933759042560342,0.40657547493462065,0
0.05275380798814935,-0.9262826606400718,0.24411201134275126,-5.151463422756047,1.1593837990429796,-0.0616413542686184,-0.02706029106862922,-0.8946408009140513,0.4066387191260122,0
0.052493212377741794,-0.922132946060401,0.24599646317512702,-5.126872826959702,1.0974774737241346,0.002119681240273924,-0.02714438368422748,-0.8959536087839012,0.4060984635438287,0
0.05245649741858432,-0.922269324355519,0.24953355968674734,-5.1120140972322,1.0499100759210491,0.05204788016101388,-0.027874225652289832,-0.8968459732071219,0.40569312537438423,0
0.05060827181152959,-0.9270797304044099,0.252142917053323,-5.112245124690476,1.0327926760719852,0.07880931112421924,-0.028386811888657052,-0.8972102470479231,0.4057518574057069,0
0.04659840876877383,-0.9316636061663552,0.25251648596158055,-5.117361281855966,1.035426031681239,0.09593723361342459,-0.028630600840203545,-0.8973304771811434,0.4056157861061842,0
0.04285231719085973,-0.930987537124419,0.2511611983150564,-5.101471158119825,1.0371276399403853,0.13140468608565056,-0.02905713432330198,-0.8975110833793418,0.4046683636760037,0
0.04179174628115557,-0.9260715359453644,0.249033666579065,-5.042006475593268,1.0320706302346894,0.20339586774654062,-0.029742777828828545,-0.8981400119978766,0.40348881377070683,0
0.04277312043959787,-0.9225073872685865,0.2468139879786342,-4.947804529528709,1.0347725383987012,0.3008786387612345,-0.03032387949813093,-0.8996561173254454,0.4033242138721874,0
0.04319920996498813,-0.923543703248913,0.245314848811759,-4.858641724736134,1.0596413529436444,0.39321464642177734,-0.03067284229973638,-0.9016604736346253,0.40446403245358487,0
0.042595181752691225,-0.9274493978824855,0.24517355337093433,-4.8081968539872575,1.099299278662125,0.4622551385685666,-0.031119602303387704,-0.9024763970847749,0.40570487822643436,0
0.0437080958267548,-0.9313930616974302,0.24595791282290713,-4.794814865564886,1.131380234403715,0.5192363436056112,-0.03177986250038332,-0.900633371695252,0.4056888776225793,0
0.04841616786253474,-0.9347185758860649,0.246586642330171,-4.794828494287342,1.14689553606173,0.58616179867298,-0.03197888096904951,-0.8967698570665975,0.40444277808146434,0
0.05396910376991652,-0.937341693158252,0.24670165009910122,-4.797804953959085,1.1599853206809605,0.6676971763455785,-0.030911296254433295,-0.8932206056501387,0.40320527273722445,0
0.05535022407690842,-0.9376358092877435,0.24685531599181537,-4.822779532373654,1.1844816314209816,0.7496877654483286,-0.02896550700895475,-0.8916408076855475,0.4029031126846003,0
0.05127961194179433,-0.9343927876560084,0.24739716274556367,-4.901237414922608,1.2130608127563995,0.8197191142024988,-0.027731415754378996,-0.8917940814616848,0.40329400542352434,0
0.04614683381536997,-0.9297135313229621,0.24800345638908222,-5.043264215414764,1.2283894669763304,0.8743780643909828,-0.028270962400819406,-0.8926975758756153,0.40361509470916085,0
0.045318391592669004,-0.9274078142009972,0.24838023831301986,-5.216965603763307,1.2260420110976051,0.9056408411606828,-0.029859103539434537,-0.8939140387275806,0.4035506308420273,0
0.04961132434358492,-0.9285132328922696,0.24852852467648517,-5.365326464910278,1.2177864828514613,0.8986384725494897,-0.03087463219643053,-0.8952289413937919,0.40330645573069573,0
0.05510592945279517,-0.9302042891769844,0.24820365275644946,-5.4552489102967385,1.2167058210591501,0.8536781336643026,-0.030626530897946043,-0.8958840632115379,0.40304775096941015,0
0.05731393996952366,-0.9295739805600658,0.24715339997908128,-5.514987208236532,1.2240534086741928,0.7976050201243218,-0.02990406661892171,-0.8951029451847989,0.4026567589483089,0
0.05448284188993825,-0.9272497402833565,0.2460239649523774,-5.612544828968332,1.2283512848343034,0.757887003476656,-0.029811225219074467,-0.8933410773280408,0.4020276021965568,0
0.04803403103398916,-0.9264410367679171,0.24610439791540628,-5.785978730384387,1.2164071477813883,0.7303028928499101,-0.030433344086188852,-0.8922148147994953,0.40130308115125046,0
0.041643099628385354,-0.9289581969221591,0.24803379729947705,-6.001269265658483,1.1885188780599971,0.6874827923995077,-0.030926103338301016,-0.892780600162725,0.40073353237289666,0
0.03925376309089152,-0.9329511619249189,0.2510573094418879,-6.190182641322137,1.1628268598931197,0.6189867090340048,-0.03076026984798906,-0.8943789619980216,0.40047992946152655,0
0.04188678947221465,-0.9345218675093995,0.25329372644599785,-6.321302627061209,1.1611261514248528,0.547173030832346,-0.03039191392779278,-0.8956361354647816,0.40062836940564006,0
0.046368457017035646,-0.9313922752566566,0.25298288057559715,-6.415219266372947,1.1890722297044571,0.5005308311229174,-0.03050244517374312,-0.8961914614009893,0.40115550238301195,0
0.048709416698211806,-0.925399849285475,0.25034931497649004,-6.494965221833099,1.2303107939143876,0.4865887618800123,-0.03093174382865028,-0.8968438428171109,0.4016161234431116,0
0.04849194332536656,-0.9213934759022334,0.24797165681629307,-6.55104978022684,1.2602501959490038,0.49404597551297913,-0.03080382906015109,-0.8981796159338513,0.40120414269157784,0
0.04856046458376508,-0.9228650302639544,0.2482293543142191,-6.569257166148954,1.2676296812531547,0.5041708615376883,-0.029697554369292573,-0.899660533016543,0.39975071209318463,0
0.05105106923933395,-0.9283826332618407,0.2505785150786762,-6.571568677130891,1.2624919488247266,0.4943892076004485,-0.028283336565247657,-0.9001444835875246,0.3983974747021896,0
0.055375732728501686,-0.9328645448477272,0.2522335091255164,-6.604632169899932,1.2610018165592547,0.4481115450821834,-0.02751783011172618,-0.8989610027334063,0.39848376292063137,0
0.05946845411371776,-0.9325921684247068,0.2510784012398063,-6.69195488236945,1.2653131634365777,0.3718344338045222,-0.02744116504636885,-0.8965107010644664,0.3998733527510795,0
0.061208673391840746,-0.9287345899263547,0.24708093885533305,-6.814028605980846,1.262603344013966,0.29209149526941863,-0.027259025402551037,-0.8940735356872219,0.4010181427460697,0
0.059109112593127906,-0.9258420009591153,0.2416491938815803,-6.93193827618607,1.242938164789689,0.2286981660001606,-0.026610687581952897,-0.8928839493527579,0.4006445802362738,0
0.05373337468439056,-0.9270714786156367,0.23690550849422937,-7.01654929050766,1.2147938858474499,0.18035303268720457,-0.02612218959445041,-0.8931940115187306,0.39900859202924965,0
0.04857770827996695,-0.931254734977716,0.23531682793507946,-7.059495371157082,1.1988739849453298,0.1378926976312324,-0.02641333823778797,-0.894350064453117,0.3974987323158925,0
0.04748091251972488,-0.9346380800209454,0.2385126977804853,-7.071850949058856,1.2033133829600349,0.09770602679090143,-0.027172263991897178,-0.8956354336309363,0.39721316631669606,0
0.05043344499276422,-0.9347882178908713,0.24526034994857962,-7.074485236369857,1.2095308772509112,0.0609077701170674,-0.02775452556489236,-0.8966602233404808,0.39803918003356586,0
0.053384453336008185,-0.9323372816724773,0.25093784941907343,-7.0832932789977825,1.1913489591645692,0.03404666383269563,-0.028262838270683273,-0.897162241492049,0.39902801873427696,0
0.052751481219080285,-0.9296495471212147,0.2508249503103624,-7.103815093093652,1.1480708819438066,0.030695548820988156,-0.02936663752114729,-0.8970766688970322,0.39930735077773377,0
0.0491379821583159,-0.9287915215357815,0.24494875957629203,-7.139393671967889,1.109202718870838,0.05656557322293303,-0.03119368925386371,-0.8968102095460228,0.3984876805936358,0
0.046347438969110484,-0.9304743985766424,0.23850606616678555,-7.196361925652044,1.1017245853081585,0.09212216996842026,-0.03297652848184315,-0.8968949625368865,0.3966807912327323,0
0.04731821418116119,-0.9337235286215914,0.23651761503504362,-7.276863644867329,1.122237335569141,0.10695314563932679,-0.03385911761033021,-0.8973331733547073,0.39460598093048077,0
0.05118666944616245,-0.9362844774529878,0.2390287904555345,-7.371136350013419,1.1512105136668127,0.0964980126008699,-0.03365873155231341,-0.8977102140027526,0.39344050690467125,0
0.0543914375778631,-0.9362290474193933,0.24211658212903897,-7.4620853640155556,1.1839083572910702,0.08938118807947512,-0.032785603289267114,-0.8978174825129517,0.3940079448904686,0
0.054498390048160865,-0.9336263224156417,0.2423204481419699,-7.537691248479868,1.228957553219018,0.11134750722936534,-0.031860092080424604,-0.8977062480337791,0.3958531385095081,0
0.05210678692029637,-0.9303871790124697,0.23935581567300185,-7.595100473267615,1.28146541458579,0.15619697293768997,-0.03153875118693232,-0.8974020029398273,0.3972912929340325,0
0.04903458180666131,-0.9285081439397339,0.23559627764817342,-7.630589305564262,1.3193938421965286,0.2007058488602642,-0.03213489547780869,-0.8970990962220193,0.3968435663152896,0
0.046078504833407016,-0.9284954080704881,0.2338588616087974,-7.633274263586455,1.3309586784381495,0.23385113117339046,-0.03304082617560596,-0.897281900525514,0.39481016781020173,0
0.04306196587372758,-0.9291111776025018,0.23518473261095704,-7.601939082641118,1.3277423044499643,0.257561401149736,-0.0331324268350873,-0.8980002525986408,0.3929354344664955,0
0.04007328456087258,-0.9288021540932989,0.2379680162004313,-7.569089693006062,1.319808143582321,0.26707301144233003,-0.03229811393809773,-0.898387485724437,0.39224536421830286,0
0.03820681815108203,-0.9277488864439906,0.23938080005027684,-7.592067126779616,1.2899947025632272,0.24894436088434935,-0.03192397222984946,-0.8976691054099839,0.39191676892199634,0
0.039157271384320604,-0.9278272192566203,0.23827457099646385,-7.706285254395241,1.209649163506508,0.20236163810012928,-0.03312259589531346,-0.8963221115529741,0.390771031516563,0
0.04330968727938644,-0.9298326204334336,0.23660105913139273,-7.890073758596447,1.079975199015404,0.14894074730576598,-0.03501079200775215,-0.895404256402066,0.3890849371318195,0
0.04811193698024247,-0.9316366062812104,0.23727824614340548,-8.082816150318536,0.9455784279788422,0.11338044670005808,-0.035531041768489265,-0.8950907335702779,0.3881449461867008,0
0.05006368868078177,-0.9305566334645847,0.24075993544586982,-8.235128300903993,0.8604112125901482,0.10375366370943771,-0.03376191553191932,-0.8948708697428671,0.3885228882866188,0
0.04896043476403811,-0.9273736928796547,0.24458762268554057,-8.337086307798348,0.8455730620630616,0.11653484016042445,-0.030931042682488488,-0.8949446904514448,0.389533022012729,0
0.04828483528029577,-0.926211385773878,0.24609497566588498,-8.40201541145882,0.8850121129044305,0.14770828790580565,-0.0291950159345068,-0.8962125506816574,0.39022157954820835,0
0.050570798740157775,-0.9295836407278718,0.2443816983074046,-8.433360704910974,0.9533298563394184,0.18832824219758465,-0.029588063537528145,-0.8987113951769113,0.39042179111369985,0
0.054224849015817964,-0.9350952744805878,0.2399198725281309,-8.417271022228395,1.0356387964723446,0.22109962958766288,-0.031184749238516954,-0.9011365742804263,0.39073145225590417,0
0.05593926905304333,-0.9385917621871473,0.233833141793407,-8.347625384807374,1.123778602532655,0.23701744604528047,-0.03225886881547406,-0.9023784173930042,0.39145512185356013,0
0.05468311791516517,-0.9392290122372468,0.22793205562531157,-8.246054825984968,1.2063052149845048,0.250290950393311,-0.032075833039525735,-0.9027969868352957,0.39178957471400233,0
0.05207503514750473,-0.9391121374286496,0.2243993138960212,-8.148446011024378,1.2688446360927867,0.28284793825865373,-0.031286004535568124,-0.903495506460521,0.3907013497498118,0
0.04993683890858066,-0.9390311005700134,0.2247654628545385,-8.074147196920975,1.30472582477464,0.3371685661327522,-0.030753404166898254,-0.9048057076260221,0.38867552687292617,0
0.04894373295225478,-0.9378271177886732,0.22897092077337328,-8.00964882885541,1.322562814408918,0.39768802426894073,-0.030594358675332153,-0.9059430480014817,0.38766995291564776,0
0.049022979835716136,-0.9357638661717872,0.2349462350410083,-7.921540369446517,1.337041093685593,0.4544927550163561,-0.03050670187535208,-0.9059233695128861,0.3889157201003503,0
0.049460569894055256,-0.9350973531178911,0.23920021505650094,-7.792337921351232,1.3522678398102737,0.5074363121049563,-0.030464069356060216,-0.9044107681706892,0.39132010054898164,0
0.04889089281977267,-0.9366014000103247,0.23902491325467415,-7.649788392818122,1.36316587211536,0.5486279769480092,-0.030667759787180164,-0.9017769497608888,0.3923249382937613,0
0.046859913436414755,-0.9382572817742149,0.23509442774591655,-7.554915004072993,1.3729741229280417,0.5646201465751293,-0.03114092777839675,-0.8989162750905982,0.3903072205118692,0
0.045363610123476304,-0.938320966971558,0.23140823520703818,-7.552264738802875,1.3946960170243963,0.5641376929449174,-0.03180918163600103,-0.8972500181950824,0.3864226160219224,0
0.04686736752937936,-0.9376385496864756,0.23144681669737985,-7.630306776657815,1.4283529269255995,0.5843948689067184,-0.032785783538638535,-0.8982687738071004,0.38392387425499225,0
0.050337511143951144,-0.9381260672334302,0.23423473866226344,-7.730026191887215,1.4499754773614104,0.6568398161626781,-0.034103032133034464,-0.9022308292942779,0.38488090167739186,0
0.05147509734185235,-0.940457453538188,0.23540661918009564,-7.787633339450907,1.4381589560420203,0.7779706757098701,-0.03526267246416324,-0.9073508235648595,0.3876147307872703,0
0.0480564600770227,-0.9437348309534835,0.23255696803014314,-7.770048045372704,1.407057724531639,0.9246517078607713,-0.03557667240622431,-0.910991668387571,0.38822203972757185,0
0.04311251947685036,-0.9464406164682437,0.22809994131263947,-7.682293176152886,1.3962577326537262,1.088650632237925,-0.03495479873986502,-0.9119622035275142,0.3847304941051997,0
0.041436267552243417,-0.9475512471470898,0.22599856475676722,-7.555015772024599,1.4250893564410645,1.281606951541252,-0.033862919720918455,-0.9113110054985238,0.3791579290413512,0
0.04428398782398442,-0.9471853259199414,0.22705618130882035,-7.428958871479435,1.4722892207088545,1.50605248827554,-0.03255514533183209,-0.9106724550677614,0.37535855092456216,0
0.04871964011877217,-0.9460520281995972,0.22867630852459006,-7.348215904461602,1.5086612152325056,1.7353189198234336,-0.03097419152437641,-0.9102419578351555,0.3751961755256873,0
0.05138932432932877,-0.9442185731665744,0.22830240405876204,-7.359652356484085,1.537384132949728,1.93376753754735,-0.029439945174913777,-0.9088932071561046,0.3771762534902558,0
0.05168185331998519,-0.9409324710833272,0.22592478822913967,-7.498120747717979,1.58857768596915,2.090876590079745,-0.02872167512336998,-0.9060891991271673,0.37882400283872125,0
0.051066879748361264,-0.9361112348785413,0.2237495683604504,-7.7502511011251025,1.6774294538744121,2.2181588364551112,-0.029179693312803543,-0.9028944323497594,0.3796179593624168,0
0.050494819403535014,-0.9317862097905011,0.22399025183655566,-8.034589601573245,1.7812552465912161,2.3108373224078496,-0.03035983948321053,-0.9008762162390592,0.380810051779517,0
0.04963928910461186,-0.9311157365229061,0.2264528346674852,-8.2408358182929,1.8645594985629996,2.334089810169507,-0.031676590489867346,-0.9006195381012208,0.3830097391588062,0
0.04829157988605225,-0.9353022320750439,0.22848374351997822,-8.307006791399226,1.9198472821984198,2.2651404124869483,-0.03303758881326044,-0.9016848561812946,0.3852015071948784,0
0.04684863623165012,-0.9419513009164819,0.22830449316148038,-8.262476556534065,1.9724445076661439,2.13946906670776,-0.03449388031888158,-0.903526323854625,0.38610233015136447,0
0.04513532805013535,-0.9470366049528292,0.2275602252869129,-8.195534362333648,2.0430580680290515,2.03099666265251,-0.035690346113657706,-0.9058261161224188,0.38561353297459683,0
0.04246976557934559,-0.9483336090747796,0.22868161281911506,-8.17904665627699,2.1164923702505227,1.981940181029779,-0.03615459928033487,-0.9081397198610828,0.38483363489718725,0
0.039452236329275685,-0.9469852401529462,0.23083235509518427,-8.225273345311543,2.158400264406765,1.9725806944315374,-0.035957233692167946,-0.910023053171401,0.38508989698617524,0
0.03797341337567461,-0.9461513905773314,0.23140985532096892,-8.302541223678402,2.157216546984114,1.9670190641020193,-0.03565657438637124,-0.9116448950885109,0.38688673200400076,0
0.038808421932974686,-0.948076498831907,0.230748096946859,-8.375795394934617,2.1353699645847897,1.9640109551244311,-0.03572726821430513,-0.913516425711049,0.38938152887918875,0
0.040650441755615996,-0.9521157654951603,0.23174879354016578,-8.417174927841641,2.1232939569281553,1.9853010194892222,-0.03639244713170757,-0.9152806371225687,0.39084341421690993,0
0.041943171287228395,-0.9554802589828395,0.23485729095474067,-8.392932048286838,2.138288921903939,2.0321333054102975,-0.037704020091408254,-0.9154187387940168,0.389878938787743,0
0.04221007502238566,-0.9556695633274669,0.2365399796301328,-8.278479234814943,2.1829469643773614,2.0766633406705624,-0.03930437436431937,-0.9127898900633319,0.38634696207960817,0
0.04122420947404008,-0.952177971851559,0.2334444781710313,-8.104737417015754,2.243360328976079,2.091334050279362,-0.040465224323914646,-0.9082789131028015,0.38121302401923407,0
0.03865134311628971,-0.9468186564644258,0.22639863147807635,-7.966123053301318,2.2889110359433635,2.069641948803496,-0.04094354148376747,-0.9043358520742445,0.3757943960242061,0
0.035214130348040225,-0.9429597226543919,0.21982299367305724,-7.949571182738072,2.290776395910494,2.018440488112259,-0.04146837739440325,-0.9027395334109737,0.3711863072922166,0
0.03254934568860891,-0.943104550575775,0.21784806318961553,-8.049738334934345,2.2470462511867026,1.9433889035617282,-0.042753460408842585,-0.9031846487553337,0.3680168771407545,0
0.03138289508261854,-0.9462287990085779,0.22098165595164362,-8.167728303578889,2.186720940876732,1.8474580923354786,-0.0443085867202582,-0.9042187542517871,0.36642252584437995,0
0.03131054763771248,-0.9485974954068821,0.22598942547795114,-8.198064035411184,2.1470545731738984,1.7383040308945352,-0.044921189576127486,-0.9050988289533288,0.3663173218686981,0
0.03220584952725046,-0.9476327970575784,0.22884799892611982,-8.109860396634103,2.142446008020808,1.631460596709113,-0.04421739990541593,-0.9062083094109613,0.3676864512249734,0
0.034113538044082556,-0.9437767617216867,0.2282940538717544,-7.946036633047895,2.1520671114212426,1.5457004213574188,-0.043091663411869145,-0.9078572713040315,0.37036305545005094,0
0.036135318613242796,-0.9390196636701827,0.22689328952268553,-7.764999627073501,2.1429259418707796,1.4971306117438425,-0.04247813859337433,-0.9095126174689917,0.37356635107445335,0
0.03721722482979641,-0.9357211939913209,0.2281670481593839,-7.597662133777534,2.108456717711265,1.4967015163141892,-0.04224146548448252,-0.9105765223784099,0.3761460853537165,0
0.0379193809945711,-0.9365868224497131,0.23222799658577425,-7.4468129202899025,2.077700018686821,1.5471284522818605,-0.041572251750944346,-0.9112300834022962,0.3775098965523289,0
0.03990181150900115,-0.9429714142253787,0.23508901801763232,-7.304171346647911,2.0827468940981744,1.6358402226601962,-0.04009084604072195,-0.9118791518399507,0.3779866047153527,0
0.043270495197336875,-0.9521067684520369,0.2330861048969532,-7.162087811093768,2.1252744391874727,1.732249614469607,-0.03812258407698543,-0.9122087355964956,0.37805981615925266,0
0.045460558386710405,-0.9578679195066623,0.22709951973130757,-7.017750890660573,2.1801873434977637,1.8019672776245697,-0.03604092628270899,-0.9114656251749738,0.3776131467214349,0
0.04390030238557907,-0.9560313003018062,0.22132221861958987,-6.873695100915019,2.223516818692692,1.833825676318726,-0.033979501263185774,-0.9096482266289843,0.376341592270758,0
0.03971783100437432,-0.9485748841263418,0.21853578208767863,-6.734464443171867,2.2491762148013392,1.854141705964831,-0.03252995579000064,-0.9079681157964721,0.3746351989485165,0
0.03732163140023008,-0.941868145579814,0.21791670541101116,-6.599626076795777,2.2662352094760516,1.90788952176841,-0.03304042336191248,-0.907735759432904,0.37332478081140574,0
0.039316508182074765,-0.9405549351161802,0.21729031876991478,-6.462283138214569,2.291226323048802,2.0194842392925714,-0.0361506692923324,-0.9087881173792146,0.3724057344189022,0
0.04305142000893858,-0.9438709436387279,0.21606434832003363,-6.321274460872756,2.338879166708722,2.171335345723747,-0.04012698854656469,-0.909558783941508,0.37087623926492996,0
0.04386594946440048,-0.9479016278126581,0.21519270071771107,-6.192230104292477,2.40596233485761,2.3234712248842024,-0.04193739661014655,-0.9089935114725186,0.3683974874592675,0
0.04082782023215828,-0.9502049903953435,0.2151257271923569,-6.093616540923528,2.4609131016682193,2.4509522849811933,-0.04059947831754091,-0.9078726178150853,0.3662281987484408,0
0.03695382575828694,-0.9512943855839355,0.21529365343992352,-6.017946399298443,2.45889650163318,2.55539027180779,-0.03858133067103515,-0.9077956439765312,0.36564624538261425,0
0.034334165596779945,-0.9523478084102845,0.21582218475226317,-5.928665114969615,2.3730367323471433,2.6451909403912546,-0.0390868761199742,-0.909234766997025,0.3661502039274327,0
0.0320416062357234,-0.9531105015519624,0.2180488949975434,-5.7940252428493055,2.2113925433673116,2.716525999878862,-0.042538377198049246,-0.9111316709634287,0.36618451064347063,0
0.029205597969332097,-0.9524937778441799,0.2220823597914918,-5.617856966209867,2.009522840485796,2.7526759887498025,-0.04649960148317776,-0.9122976710565539,0.36532761684162846,0
0.027185910242563963,-0.9502911291821996,0.22505303339999733,-5.432619464180486,1.8137995862891971,2.7362395964212176,-0.04854385394914227,-0.9126459755010389,0.3648436861070302,0
0.027238537140524807,-0.9478432440627477,0.2234110319264559,-5.270920680150397,1.6653348965532826,2.6670279279994618,-0.04834152306642206,-0.9128564719903798,0.3657055715884601,0
0.028055962238562656,-0.9471655298683485,0.21675933450258608,-5.148818049109299,1.5825029604678382,2.5706489228438887,-0.04728559934363957,-0.9132026274731546,0.3666632734808688,0
0.027718253560668333,-0.9490583163716743,0.20865433689001037,-5.066583312444111,1.5502024953675733,2.4800215783642856,-0.046936920166353306,-0.9130689087756465,0.3652612836385506,0
0.027124221177709077,-0.9519518659968975,0.20350868118783474,-5.0135629003749695,1.5334731463431581,2.4039681310365317,-0.04774307733696914,-0.9117090277807326,0.3608258521375323,0
0.02909050726536421,-0.9532347180400009,0.2025745168522129,-4.97182632016197,1.5113719239239807,2.3212632504568416,-0.048734927536545763,-0.9093637665507641,0.3555298224388685,0
0.03391959654137997,-0.9517672563504234,0.20323130075799298,-4.924620620735,1.4983524062991864,2.207826661560907,-0.048579828981377804,-0.9072358004480465,0.35219985066265047,0
0.03803120175440553,-0.9485022944028089,0.20293805385542404,-4.870641763015036,1.5287363034111832,2.0628851621027446,-0.04710967770789149,-0.90612682969499,0.3517302113047403,0
0.03798337262583786,-0.9449552123828238,0.202714653464723,-4.831450258527058,1.6180356100400004,1.9073421981780245,-0.045507084662136627,-0.9056262622981434,0.35292811493851717,0
0.034401199529755934,-0.9422039897027845,0.20439358731032883,-4.83973783673487,1.73939404118851,1.764712176072914,-0.044993711430817526,-0.9051189369230483,0.35421877484279807,0
0.03062510256748852,-0.9413506465332863,0.20581796338183697,-4.914223730042522,1.8403521972687749,1.6495808632714672,-0.045735074374792115,-0.9049120072806062,0.3548654319221805,0
0.028449087348115677,-0.9433379043372512,0.20297847621583118,-5.044646280997653,1.8854544551977568,1.5710458062352108,-0.046959459455530664,-0.905566989257562,0.35486506293707604,0
0.026847391338698044,-0.9475087088012183,0.19678029362157526,-5.204236446046741,1.8816194678787592,1.5365281255862524,-0.047810341915075216,-0.9067608555303296,0.3544403568646505,0
0.02450983524162081,-0.9515057331743734,0.1931546238421877,-5.373600766158412,1.8598682215949873,1.5433592290453182,-0.04812543339148909,-0.9078771279978717,0.35376574223307,0
0.02188087981111054,-0.9535066095179688,0.19520160935789632,-5.5450314048899,1.8356899766661363,1.5697407756111696,-0.04852844876436058,-0.9093204063904751,0.35277351564870385,0
0.02035184718871867,-0.9539983141157895,0.1986700031939515,-5.708855238917849,1.795737929987508,1.5853306187328575,-0.049697073354490355,-0.9120545243405815,0.3510917209448615,0
0.020559797330459623,-0.9549128879408024,0.1973294262044304,-5.846225364968981,1.7259586939926326,1.5746557408044075,-0.051479025726820504,-0.9158301973346488,0.3484287827434798,0
0.022086987788858665,-0.9573219948284741,0.19094541035596113,-5.931740346394534,1.642701422713259,1.5434996186781846,-0.05283353319136541,-0.9189061659405584,0.345247300789289,0
0.024245986433441006,-0.9600937614091046,0.1854975811227141,-5.941408171821043,1.5841686228478273,1.5020241149549385,-0.052866605110811656,-0.9199226513533597,0.3429127091732686,0
0.026189626734675467,-0.9608617859620756,0.18612773833624074,-5.875494431225509,1.5715066305683076,1.4556274367002795,-0.05195160572669153,-0.9194018806557206,0.342648720638022,0
0.026422392148551677,-0.9585642424172826,0.19214335459945436,-5.781745641255708,1.5880669876154792,1.418731646269098,-0.051455762400476585,-0.918888051173583,0.3440538166856229,0
0.023894472373770424,-0.954865501418241,0.1986230235133482,-5.735242712539134,1.6006238730559277,1.417696388368181,-0.05211769361133348,-0.9190325631452251,0.34510154983761654,0
0.020208634183784158,-0.9526531379324814,0.20079676813111833,-5.777875450157157,1.5916584777562568,1.4593996797818976,-0.053109984986045376,-0.9191683657890936,0.3441508533689543,0
0.018881432734318762,-0.9531374039484153,0.19724865709778341,-5.885205464608726,1.5640327409683759,1.5081210092370243,-0.05310951807506269,-0.9185857114138424,0.34167529526644796,0
0.02131015108707002,-0.9547760224370343,0.19062993037383313,-5.9997392209219,1.5254991627252494,1.5154013108246058,-0.05186488046492629,-0.9174816610876605,0.33940312780312143,0
0.025118746793901383,-0.9553527332491312,0.1851344092253555,-6.089172586690945,1.4824696941431958,1.4666689680092935,-0.0502325540950467,-0.9164670624977698,0.33808634401367443,0
0.027564497916672707,-0.9548585788577137,0.18276779267687226,-6.170222338768475,1.4427765601685445,1.3822090739123545,-0.04915243811340283,-0.9157914095178398,0.33707107207296544,0
0.02893162624730397,-0.9553646308819662,0.18251875162550718,-6.281957459099678,1.4116497942912793,1.2846617549597548,-0.04910818568217968,-0.9155088533432567,0.3359577160531507,0
0.031134004141914928,-0.9578652393039517,0.1826435816413567,-6.435125386586803,1.3870976461853801,1.1884599889770469,-0.05009947839033643,-0.9158625915625987,0.33547468944987735,0
0.034169477908143335,-0.9607070494831723,0.18243991434079088,-6.587970580430569,1.3667124828257686,1.1127108543274575,-0.051558266921412424,-0.9169137443407149,0.3362756064774213,0
0.03587455449648476,-0.9619126506549229,0.1819800233823554,-6.681933122810845,1.3558952676460003,1.0761530063636386,-0.05255089571261859,-0.9182365838635598,0.3377249842746816,0
0.03501568439439717,-0.9616923448983336,0.18157116140987967,-6.703166971460348,1.3622936890045996,1.0743401606273728,-0.052484770510474815,-0.9194920063240376,0.33845640821127493,0
0.032815500579465896,-0.9617685298729549,0.18183204456291327,-6.696874350259907,1.382995582732224,1.081818875536411,-0.05161268286036554,-0.9208452003127767,0.33770291724598833,0
0.03094325023580687,-0.9633785060591105,0.18305439697455717,-6.7144874457376025,1.4034500258753702,1.084633522867305,-0.050789599369627965,-0.9223608864632105,0.33573650652057463,0
0.029648565897873416,-0.9666074692263265,0.18411892424305748,-6.756030956933836,1.4107755676114233,1.0941719769594171,-0.05076602202176527,-0.9233838059005602,0.33346310536206264,0
0.028747718388880853,-0.9702060792527839,0.18363321842886923,-6.777908921083403,1.4050642844237282,1.1185452383745376,-0.051590996758102095,-0.9230651893925029,0.33196856255262575,0
0.028857086174918826,-0.9711450436212419,0.18258765748999928,-6.755938486708553,1.3977145577221146,1.1352187874361184,-0.05253402075680913,-0.9214623550029429,0.3319422847472951,0
0.030237473445436525,-0.9664797882804907,0.18365582545559303,-6.723771125744777,1.4015034460290914,1.110115302948712,-0.05263113914406279,-0.9196842665742633,0.332868775074342,0
0.031471453333761806,-0.9576975872631148,0.18687104858819292,-6.740057278803349,1.4208074445353003,1.0402816962881278,-0.05153521577614495,-0.9188019394036346,0.33309094337634715,0
0.030816916465068254,-0.9511415231523993,0.1883285437112345,-6.825732750285925,1.4477332488565129,0.9609533662300921,-0.049980948806584734,-0.9188963311923621,0.331546519939859,0
0.02852274862281971,-0.951333335638734,0.18487703554979545,-6.942802448184212,1.467744198147088,0.9068871079319569,-0.04924183207775164,-0.9192358692771447,0.32940170749820336,0
0.02670126684316242,-0.9556512325776515,0.17860940781205797,-7.036187084967756,1.47134497501877,0.8810402539447466,-0.04986942214099439,-0.919118496066464,0.328982455719781,0
0.026821963805881734,-0.9584388628203827,0.17488269291289507,-7.09102586778155,1.4622063605477282,0.8678126280713166,-0.05108156435814419,-0.9185283188555543,0.3308876787300853,0
0.027926319916358636,-0.9584626892112046,0.17633348011843117,-7.139993795337551,1.455513299320623,0.8614343172695961,-0.05163461860383065,-0.9180885198768246,0.3331404351040678,0
0.027706501321204533,-0.9590965386600944,0.18031897224182697,-7.216594691365159,1.4669961179806064,0.8673169547434444,-0.05112001377931998,-0.9182626082158404,0.33358466373994067,0
0.025147012511410584,-0.9623824030270315,0.18241795438655573,-7.317056319407174,1.4996872218136723,0.8840800185435451,-0.050147519384615445,-0.9186732309331334,0.3322967163394507,0
0.021596127332534368,-0.9662025836653313,0.18116793432504583,-7.412115073956821,1.5422310220449618,0.899823748979931,-0.049509914239329704,-0.9185950576420909,0.3311356951469599,0
0.01946219525530299,-0.9676624340778827,0.17874687739715991,-7.481142460709653,1.5830900133735806,0.9072191988287102,-0.04953235151695185,-0.918137426668333,0.3314791550904813,0
0.02031793820457036,-0.9669563093433812,0.17797813002838744,-7.525967362632756,1.6207233770867686,0.9120210224206096,-0.05012101833588987,-0.9184270146396195,0.3329736716037949,0
0.023438797377771926,-0.9663847267945734,0.17945075864108243,-7.55887730935186,1.653651603999138,0.9215253428016048,-0.051100598012884406,-0.9203525920393055,0.33436006481676944,0
0.02568129499578341,-0.9666710570845386,0.1812500421795825,-7.585516704272579,1.6696324536900182,0.9327367533831266,-0.052338660289361835,-0.9233927070695245,0.3350088570017889,0
0.02432882826300468,-0.9662507685930009,0.181422450649419,-7.599945969719559,1.6562737829665548,0.9416666344434531,-0.053539308854562505,-0.9259016316549136,0.3352660232710442,0
0.020673785679498326,-0.9642300498679708,0.18089800005516377,-7.591715240444847,1.6168744773704078,0.9583815160098798,-0.05406708247730631,-0.9265221682820217,0.33538950314685023,0
0.019001355519025417,-0.962358935138521,0.1829571255208432,-7.552237416679303,1.566622643631567,0.9980731451017,-0.05330977823766486,-0.9253370754116182,0.33483195819341494,0
0.02151106236218739,-0.963082921238141,0.1885667442729073,-7.474463174935664,1.517621900250411,1.0560936962352394,-0.051462178708746906,-0.923674067193402,0.33313851818645307,0
0.02606556141839471,-0.9662989535388528,0.19341789553370584,-7.354746125709357,1.4723644361466794,1.1050365222692176,-0.04978237346014202,-0.9227442879846455,0.3311088770878375,0
0.029397333238867028,-0.9693076187652274,0.19200168086912356,-7.201852260385388,1.4254501645815367,1.12252852860692,-0.04964150596321793,-0.9225490619621237,0.33015260142555386,0
0.030488340318064282,-0.970038784150857,0.18445431161641795,-7.040575157727408,1.3681480200378044,1.1128715230193775,-0.051180569490181724,-0.9222634604898231,0.33050013600747796,0
0.029769315253908003,-0.9689783760484882,0.17710200512997687,-6.900237906623214,1.2974328780013533,1.0953093337362678,-0.053220692406180034,-0.9215397836506329,0.33094878948968726,0
0.027029296651936735,-0.9674970449471728,0.17579072692068132,-6.799756858272942,1.2244081039844454,1.0794005587966518,-0.05465336439970183,-0.9210282516529388,0.3306546485238925,0
0.022317707176273488,-0.965807193951659,0.1801526551920114,-6.741738665910584,1.1725601923643936,1.0590746086556544,-0.05548920148413025,-0.9214606667417565,0.33031897695354356,0
0.01794416360015616,-0.9636988735997907,0.1849305543913065,-6.709875627772177,1.1662860651494946,1.0251604473190483,-0.056211643543725445,-0.9225742076011533,0.3309982647519686,0
0.01703306246221359,-0.9623367139077068,0.18613367220937324,-6.667966754510863,1.2142336123542377,0.9774658490211411,-0.056650882296222414,-0.9234242334286188,0.3323917087098079,0
0.019826142656242593,-0.963658826846144,0.18500090332811606,-6.576367267920945,1.2944836207472754,0.9271034073030101,-0.05628178621563109,-0.923702790227697,0.33312102203168503,0
0.02326952698269873,-0.9676687610570169,0.1853110570536789,-6.424592238999126,1.3620755517328587,0.8900781252399421,-0.0554187661616114,-0.9241041998240136,0.33239227520740383,0
0.024774626348354693,-0.9715001944996005,0.18757120997868645,-6.24388044944871,1.3863637927702515,0.8752382288459963,-0.05515730520758973,-0.9251025169890327,0.33073080496350454,0
0.024811628000572572,-0.972070395279732,0.18811556964612686,-6.078153508488361,1.3776264996702692,0.8748946156032272,-0.05589706797141521,-0.9259806402254412,0.32933402256928623,0
0.025077565705322963,-0.9691673720331533,0.18453644333573332,-5.946296297398776,1.3620674208611954,0.8710906987147575,-0.056673929725869925,-0.9256821410078402,0.3291699908160405,0
0.025732467710426876,-0.9652810252007921,0.1796591764055845,-5.837494286680727,1.338362834464851,0.8555437061340698,-0.05638538525738856,-0.9243399896713845,0.330384308816959,0
0.025830164629183985,-0.9627879584180635,0.17847492428485287,-5.733563486614034,1.281784866498259,0.838185380083127,-0.055209261262293224,-0.9232599349337152,0.3321565454139891,0
0.025337476357757547,-0.9617601326269497,0.18233251884456508,-5.625620709523118,1.1882912529533176,0.831158296136824,-0.054348907661451396,-0.9232169152698404,0.3333156087321013,0
0.025082559235864717,-0.9603502503897194,0.18758786838460723,-5.513549038769117,1.087537081075059,0.8321501586824616,-0.054568054680416506,-0.9232389617910755,0.33333857588623184,0
0.025239297912737244,-0.957206888336226,0.18946071891931193,-5.404083873942578,1.0064958632293612,0.8304343741107122,-0.055427921401541645,-0.921581962620856,0.3327010284304531,0
0.02512558959630137,-0.9532774587310688,0.18633861384300734,-5.323752298397178,0.9427104273859738,0.8231314310346743,-0.05609482042031723,-0.9179199830242217,0.33230691845576116,0
0.024165978495668008,-0.9507643845977626,0.18093396982180326,-5.328084066834311,0.880212543745523,0.8194907280859905,-0.05649376924020406,-0.9141686675117584,0.3327150744572172,0
0.02231522214145573,-0.9510118572560298,0.17806464632250626,-5.4639508284207885,0.8106243303360515,0.8323810649808345,-0.057126499349864954,-0.9129479692432514,0.33371507280491186,0
0.019992261053739024,-0.9543788906966595,0.1803463832617665,-5.695116830704693,0.7306044157469941,0.8676818812245819,-0.05789765976451711,-0.9154859670870958,0.3343696099171345,0
0.018075382099957595,-0.9606914912394889,0.18491780509961428,-5.879017221661302,0.6389020243437968,0.9180171602685513,-0.05797298050929109,-0.9209149507922165,0.3337392487398162,0
0.01738423146354086,-0.9679182649222845,0.18573893553329238,-5.851934922497726,0.5476678483929516,0.9643077227370874,-0.05714534941352131,-0.9267860388966124,0.3320035334491297,0
0.017724155274404046,-0.9718976005471821,0.18081227850616674,-5.5550388614412665,0.4818773543695652,0.9866119512190222,-0.0565305166589504,-0.9301296090299604,0.33055774234156615,0
0.01809034495106339,-0.9699796185018489,0.17543435693660592,-5.079891825654428,0.45681837378629075,0.9795329623204513,-0.05713301413347789,-0.9291968774392811,0.33041204578437,0
0.018295078221837336,-0.9645590016640988,0.17593945384625875,-4.5985733114610285,0.466977389221561,0.961670770447498,-0.05822020085769713,-0.9248786611861362,0.3308457570514835,0
0.01952777447248783,-0.9609627778209552,0.1818459103728617,-4.256071107677343,0.5040273163077704,0.9672366411505201,-0.05807434357896805,-0.9198440041306839,0.3304060029664601,0
0.022482998265722934,-0.9615735518169795,0.18653857516703604,-4.1130006659484675,0.5737252256952172,1.0168467478298098,-0.0562843333312252,-0.9161139054831411,0.3289065510845739,0
0.02566802229492633,-0.9635055940639627,0.1844431271558304,-4.1506053171366,0.6857543219995331,1.0894570937688868,-0.05445044224837852,-0.9141023348194423,0.32754637776594236,0
0.02652161268561052,-0.9626222335035085,0.17639862636377912,-4.298661570320861,0.8323471391113866,1.1318254331794673,-0.05433644264648617,-0.9137001102558308,0.327295346008181,0
0.023917532548582275,-0.9585592211351361,0.16940776191045867,-4.464958896303207,0.9837793904934539,1.1070097205168394,-0.05589887553791137,-0.9150178392681972,0.32809092155247865,0
0.019242131454819608,-0.9549537343243567,0.1706837734917797,-4.5694559689953484,1.1072640411757633,1.030538011887946,-0.05761220125376669,-0.9178639380405036,0.32947926180999193,0
0.015539585538266868,-0.9555894325291943,0.179880045991067,-4.573852686028752,1.1901296918095774,0.9513443410225848,-0.058365410402474255,-0.921481886705652,0.3311354405207821,0
0.015526188654699067,-0.9609278489429895,0.18866743151599902,-4.487023895063004,1.2406002861334176,0.9028183592253544,-0.05841213927346875,-0.9251268176135661,0.33272299940222805,0
0.019324711142142723,-0.9680037156414331,0.19024153914451591,-4.346498554668783,1.2666840323555895,0.8836912804200426,-0.05859044578471613,-0.9284217961940487,0.33393873769201404,0
0.023725383649210008,-0.973585105275974,0.18657027799280823,-4.194828970807344,1.2646345682064557,0.8829889464875685,-0.0592936297416508,-0.9312505946257145,0.33480590576681113,0
0.02458616452722148,-0.9771609142057909,0.183714030913723,-4.06428338610908,1.2305896359705424,0.9065745543099345,-0.060369908770826736,-0.93374611358799,0.3355388122371949,0
0.020804688007780847,-0.9800445416030278,0.18369959579918446,-3.9709579911704176,1.1704873059103837,0.9709207988870107,-0.06148371743276069,-0.9360961913433871,0.33615059076849263,0
0.015633948894683145,-0.9821993426327699,0.18442069197871408,-3.9146212118090435,1.0911658099275332,1.079700594238669,-0.0622105956080828,-0.937924041088057,0.3364518753227233,0
0.013449832402475059,-0.9817846417371892,0.1843386231510023,-3.8803628132759456,0.9927325515962182,1.2182291324315566,-0.06213373310490772,-0.9381389554646504,0.3362584811384943,0
0.015580043805562119,-0.977968941160016,0.18363162517056006,-3.8436407391939507,0.8826267942125985,1.3701882538785581,-0.06129917255492328,-0.9358000980306507,0.3353974366747772,0
0.01988442136575278,-0.9726371553875678,0.1822943813891659,-3.787575855902897,0.7928012009370713,1.5273283130069055,-0.06034646999342677,-0.9310925776895872,0.33382738095851844,0
0.023493739748757885,-0.9685063484197042,0.17955566215524227,-3.7291375549127492,0.7644287011841138,1.6762202505688095,-0.059728596925437416,-0.9253805439694673,0.33189809961125544,0
0.024764250406812165,-0.9661181884337222,0.1748312795519467,-3.7224064336395357,0.8045252331594367,1.7873349742804188,-0.05906842874138886,-0.9203851890759402,0.33004645131178867,0
0.023485550041307215,-0.9636779718667203,0.16884115065682764,-3.813704596045718,0.8663424944729221,1.8309352761386788,-0.05790067743906554,-0.9172379273573329,0.3281560931449394,0
0.020755506884372787,-0.9601491066018735,0.16428858414121597,-3.9847584489988153,0.8855567276238588,1.7994574530462395,-0.05684338871666748,-0.9160141440624323,0.32574224750739617,0
0.01817088906397493,-0.9571842904048715,0.16451939610218752,-4.156680602361542,0.8361682524975979,1.7050571808851496,-0.057203436066763654,-0.9158796412975634,0.322885715145148,0
0.016197911678738346,-0.9566069740383676,0.1699124516826794,-4.264182688322614,0.7478196689576166,1.5613815868780359,-0.05925692224258569,-0.9157604153670225,0.32053122557301256,0
0.01413790419220354,-0.9574402208160219,0.1760073872261335,-4.315197556743644,0.6738272347776102,1.3785075512142562,-0.06160704741997913,-0.9153193217854154,0.31960207720066564,0
0.011988998928017282,-0.9577071399371214,0.17695316183684345,-4.3621056949865595,0.6469271316749696,1.1720496322563312,-0.06261316802589245,-0.9154170969509094,0.32001098020661967,0
0.010826493943572048,-0.9577224893778769,0.17135403513979047,-4.424304163005416,0.6608452266974942,0.9656676077396875,-0.062004043722257186,-0.917140550800755,0.32083325052830824,0
0.011167054702284513,-0.9590142294717768,0.16392435471759606,-4.465579872054496,0.6885487944685389,0.781688495068055,-0.06081249564024079,-0.920239440926814,0.32138304451057614,0
0.01246026792716853,-0.9614265894816125,0.160953402282017,-4.452734632206901,0.7171960451548353,0.6343458029652557,-0.060181215344168,-0.9231316797894593,0.3217368635072933,0
0.013967940613443133,-0.963721175141344,0.16442506500079304,-4.4077439636063325,0.760715643560526,0.5320448262782391,-0.06043805729770299,-0.9245595994312209,0.32218128210280866,0
0.014902258353968478,-0.9657037643007544,0.17073845040227553,-4.378188678389078,0.8326605400227419,0.47789423008548837,-0.06095790749512795,-0.9245470032201409,0.32265197385723204,0
0.014331914065232551,-0.9676416766226648,0.17485636088625106,-4.372258463548264,0.9163607407808902,0.46353993441103003,-0.060885864181864015,-0.9238186289022089,0.3229657448715677,0
0.012074234254310293,-0.9686753176995887,0.1749542688799845,-4.351760579621764,0.9772341410566312,0.4668550405974627,-0.06020605194731751,-0.9232111659997978,0.3231953636520972,0
0.009444256032184037,-0.9678392919500487,0.1727134634959746,-4.286826549775445,0.9987398266523915,0.46185590592892495,-0.05983169889000105,-0.9234866047923728,0.32336587917792037,0
0.008496047053013087,-0.9661223198242405,0.1703837364001499,-4.19349048670798,0.9893293972953158,0.4364897428083985,-0.060445200043707736,-0.9245930574444841,0.3229746548659003,0
0.009993739033016109,-0.9655305846831813,0.16915796998451751,-4.110127831788294,0.9582047131093784,0.4036686613215124,-0.06168874301076706,-0.9251904430550751,0.3214781005999972,0
0.012078476734422892,-0.966093304786,0.16977666883417475,-4.054935296406994,0.9024139807477654,0.3891641558150692,-0.06275858889571873,-0.9240290375271254,0.3193967294767784,0
0.012074738727355122,-0.9656447311405508,0.17254270793668264,-4.022916663746617,0.8192386092783601,0.4022309468711391,-0.06332974684928458,-0.9217406296897286,0.3181230758950202,0
0.010083566679731377,-0.9629045966978675,0.17587286724867524,-4.013896600149772,0.7183090597436381,0.4247262636099238,-0.06359108293828974,-0.9201444744959794,0.3181728492112562,0
0.00916274661898131,-0.9592463532993869,0.17615246559505654,-4.039400409260299,0.6173831438302348,0.4377621256786292,-0.06383920829776604,-0.9198070725229783,0.31840122768322526,0
0.011126260405698935,-0.9570750160962563,0.17104118861756692,-4.1007737009633285,0.5308747810042465,0.44924982675975683,-0.06433667110490171,-0.9195249070916004,0.3174192053773058,0
0.014086561191256062,-0.9576209463888697,0.16332930644330626,-4.180770541968387,0.46219059580726896,0.47827855665571434,-0.06506931288065891,-0.9184019791490947,0.3150822880249873,0
0.015455826671972085,-0.960475823570821,0.1594445588086461,-4.2608239049368155,0.4040695396354005,0.515631228442084,-0.0654206009461745,-0.9171243855954513,0.31240897189000705,0
0.015423635835304,-0.9641343358876163,0.16256098159403268,-4.330429739647706,0.34782638871308863,0.519581768986313,-0.06470482573321565,-0.916690437489309,0.3108695573302394,0
0.015580243206696757,-0.9665815847562196,0.16892736268739125,-4.377682521405497,0.2937567531354069,0.4595513508753619,-0.0632360883595315,-0.9171203255738986,0.3117485480970255,0
0.015718643203467296,-0.9663190231895193,0.17265889334582205,-4.387814929574964,0.2508396140776821,0.3526021285881716,-0.06223531863097318,-0.9180796995104893,0.3151323939769096,0
0.014372915433114222,-0.9637480314608369,0.17194888961520058,-4.357841467041095,0.22712258021370146,0.24535043903660475,-0.06248584851518653,-0.919621422422354,0.3192014652287307,0
0.011808483721545015,-0.9613439270788883,0.16882242140672138,-4.304168502042509,0.22439411134282536,0.16620465952672084,-0.06353095285651857,-0.9215712360010017,0.32129521876773864,0
0.010246188975562738,-0.9616051424866053,0.1655527125850144,-4.251798088511914,0.2439707369458978,0.1062009863745607,-0.06418671436113872,-0.9231620408864732,0.3202269122937129,0
0.010860420586621518,-0.9645050357045681,0.1634524017701374,-4.218865582236292,0.2941674654175572,0.040493847630484574,-0.0635757262466136,-0.9239241277251888,0.31738927084585117,0
0.012180619082591234,-0.9673955049200282,0.16291207518620301,-4.210226419528868,0.38407200708039047,-0.04508830590967016,-0.061913128655602986,-0.9241991708136429,0.3153180514489003,0
0.012390105697908108,-0.9676952781707019,0.16297865403992365,-4.220499782001489,0.5051788703956884,-0.14811116004427594,-0.06046871715169287,-0.9244669836802246,0.31522144864567875,0
0.012079018561222619,-0.9654131079687498,0.16249375919137865,-4.240584037823699,0.6255241161247982,-0.2586923205630624,-0.06041073502620312,-0.9248229758757998,0.31616782646806196,0
0.013060111842981413,-0.9627951525316638,0.16210493902141257,-4.2620619845215675,0.712256160370421,-0.367857512370358,-0.06152617444559652,-0.9251323403702786,0.3166351474187647,0
0.014906734632607603,-0.9616726574558705,0.16339230065150695,-4.278799927631325,0.7618854910138586,-0.4665005022541729,-0.062350996264607585,-0.925073331101016,0.31626123648264054,0
0.014925300525644154,-0.9615529726940691,0.16602631366746076,-4.291421356224449,0.8029617751297999,-0.5400268820020665,-0.061676582001213585,-0.9241867754407365,0.31576951420282756,0
0.012116756804480435,-0.9606089545854347,0.16771647535692819,-4.31378668159539,0.864031099851074,-0.5736285715695999,-0.059816802443888,-0.922520625342631,0.3157857880442486,0
0.009136123695135523,-0.9584827009571456,0.16719081663272345,-4.364530930732165,0.9389047252527071,-0.5702623442323977,-0.058391534154101546,-0.9211521661461796,0.31631497555911975,0
0.009194747604492655,-0.9574176948589359,0.16578755269570722,-4.438915571494961,0.9900879969294057,-0.555735436065788,-0.05883998849348708,-0.9214951479433608,0.31714669499270387,0
0.012179855394786958,-0.9597606692251847,0.16571930027419668,-4.496953218385963,0.9912327622369713,-0.5534693507523271,-0.06100404927582373,-0.9238517811041779,0.31837273225408474,0
0.014752295158395282,-0.9646443711488212,0.16735660244951683,-4.49996033743217,0.9571549511379087,-0.5602803138292222,-0.06319869613192776,-0.9268664438903644,0.32037704313817683,0
0.013969291450480703,-0.9683919087310568,0.1684474033225789,-4.459190663941932,0.9189317883950214,-0.5608628110228792,-0.06374310867648571,-0.9286470553768865,0.3231203452720027,0
0.010454380290082457,-0.9684192312629959,0.1664433271477097,-4.430234999234304,0.8754612683752827,-0.5586459143376311,-0.06229958514355418,-0.9283752135707977,0.3254816705503732,0
0.007682390597099795,-0.9657227798786341,0.1621126159910973,-4.456784333805655,0.7915464709415226,-0.5755531646315498,-0.05985094162295423,-0.9266653266669839,0.3259927719221574,0
0.007989563285845547,-0.9631398563709036,0.15978989147428013,-4.53748915059675,0.6519069986995019,-0.6251866554234579,-0.057885835076450474,-0.9244788494687519,0.324533303802699,0
0.010108661195313815,-0.9620843980148874,0.1626307666302494,-4.654070614712491,0.5000276205569149,-0.6999695739157522,-0.05760188287992026,-0.9221310272263702,0.3225474294876286,0
0.01131477550674824,-0.9619204270196634,0.16863010727973834,-4.811896722464045,0.4054139819083983,-0.7823783751706884,-0.05916293170835642,-0.9196708260491485,0.32121958618152086,0
0.01090843119358225,-0.9619500970042724,0.17289245235633377,-5.031514787194721,0.3955121800999195,-0.8582414029599081,-0.06142687628416944,-0.9178185194023274,0.3202951133499288,0
0.010354251973437523,-0.962399853833522,0.17287075864678875,-5.302526178028209,0.43418334866910363,-0.9206165335253375,-0.06289712253903298,-0.9176429222061224,0.31907071685125055,0
0.010817732900759528,-0.9633314172443799,0.17011262692406076,-5.5657923554914355,0.46922479787837096,-0.9717884887457952,-0.06315132907021007,-0.9192007123999915,0.31760026570000066,0
0.011831883278472361,-0.9642534346537268,0.16770536666699637,-5.757046642422335,0.488642674757995,-1.0267228350662898,-0.06298512174682878,-0.9212738256006158,0.31644609577004745,0
0.012156676605632572,-0.9653201162703019,0.16713292065794286,-5.867162443441412,0.5224961048215163,-1.1079129051701686,-0.06311452384541272,-0.9226768685026003,0.3160203592533665,0
0.011605802803810378,-0.9675357791389303,0.1678766964454075,-5.9469702781104985,0.5981605173517787,-1.225755223142231,-0.06314935812999023,-0.9232569408066005,0.31654408094889097,0
0.012051351161678292,-0.971057145519509,0.16962213726169686,-6.047059852851307,0.7075413708641812,-1.3614400505889612,-0.06211735829645437,-0.9235376019277884,0.31787348205573973,0
0.015601605091178453,-0.9740921422421719,0.17314925669361633,-6.1632759426708,0.818496614387861,-1.477501390059629,-0.05989605834761058,-0.9239966645798762,0.3190456441104575,0
0.021234114952584728,-0.9742940588825179,0.17792530570931575,-6.251335169361608,0.9069889787318957,-1.550532083693414,-0.05771662673062196,-0.9249697820272882,0.3189240572111859,0
0.025000188597868876,-0.9713633171004428,0.1806080223340511,-6.283922182428895,0.9737596753233517,-1.58761725731571,-0.05689623592167603,-0.9267973797478848,0.3177182229144556,0
0.024708123928793103,-0.9679812670308703,0.17822106404448282,-6.2714424944142575,1.0359756700465939,-1.6063717040908556,-0.05727956628477725,-0.9293667025856064,0.31699411917897335,0
0.0225741947339664,-0.9676322999596485,0.17231927174683787,-6.2260253773267245,1.105321615825967,-1.6067255208318572,-0.057428908615818355,-0.9314322470388905,0.31787877791340297,0
0.021825048484040464,-0.9710937068956791,0.16810543186664506,-6.132861975202022,1.1712093448693603,-1.5712428590587968,-0.0563347589774948,-0.9312872523304455,0.32000761508578635,0
0.022518622472335072,-0.975351736778678,0.16900046201027744,-5.978493652144836,1.2083982843611445,-1.4923741681528546,-0.054490783680246145,-0.9288396689684387,0.3222696108092146,0
0.022640617969705335,-0.9765058780969147,0.17319818288180028,-5.794437885920285,1.2086676383167212,-1.3934707950103467,-0.05317357139623815,-0.9263661778882865,0.32389660788509717,0
0.02183448217509234,-0.9735419825746396,0.17618180983185314,-5.6449663047006045,1.201842667661819,-1.316103733467614,-0.05301730967919204,-0.9262050181263162,0.32483498536181865,0
0.021538503021465656,-0.9688500200270458,0.175656445832,-5.564906604524083,1.2314086817771936,-1.2811182350220747,-0.053559662827130865,-0.9279784479141562,0.3254686072977237,0
0.021960693435030022,-0.9656298268265164,0.17300484387785584,-5.525815312833712,1.305025770002099,-1.265105308247468,-0.05400817143923156,-0.9289699606238452,0.3260295306259019,0
0.02135778244784947,-0.9653332375960046,0.17057636172235474,-5.474496053185621,1.3812869519558255,-1.2233618356918265,-0.054092314688916614,-0.9272572531022758,0.3263196195864083,0
0.01869973210334128,-0.9666448689788449,0.16901580741194622,-5.394229612474535,1.4114906509010203,-1.1355267486727127,-0.05412963253294385,-0.9238620688116459,0.32609722005273306,0
0.015306042452934697,-0.9662789686277156,0.16788358628053504,-5.31373205911577,1.3852280715444931,-1.0218156331097126,-0.05454770339305417,-0.9215167263625322,0.3254845405263705,0
0.013192554929356918,-0.9622780746411412,0.16796159996664164,-5.262151478592139,1.3317012308076084,-0.9178195575462557,-0.055505140565312035,-0.9215882153680782,0.32483941163303565,0
0.012852631191272255,-0.9573193142006038,0.17081727656356718,-5.236110391234289,1.2859294853236896,-0.8451346822070528,-0.05689310950110716,-0.9227520949082704,0.3245638657576731,0
0.013170897251390068,-0.9565017983029028,0.17556594659885671,-5.2188269222179,1.2576632494550544,-0.8049617604757171,-0.058551065469726916,-0.922787970703545,0.3250934865676535,0
0.012983431157261638,-0.9605249968638688,0.1785236484511339,-5.215765334322445,1.2295108905437777,-0.7841617705448439,-0.060321912124747475,-0.9210546237018727,0.3264939214038268,0
0.012383482033970265,-0.9636882688370768,0.17746164379871013,-5.2517721514478115,1.1843983866639085,-0.7626865096773935,-0.061889333101901256,-0.9187635208689456,0.3279036794401775,0
0.0123756441875634,-0.9608223498308537,0.17435193836361418,-5.334174026073775,1.1316940440483336,-0.7248349803803881,-0.06285134920362177,-0.9173078568355071,0.3280012705211033,0
0.01312616753550455,-0.954081552005472,0.17271650236803152,-5.436618425405706,1.09847559423448,-0.6651509015223865,-0.06315892468771096,-0.9170286049110251,0.3263219617109779,0
0.013168773161101483,-0.950216239070402,0.17345350847602248,-5.526551002235429,1.0952523025876437,-0.5814770365025705,-0.06318582162929663,-0.9175498152833328,0.3237320200977852,0
0.01145279473695285,-0.9524154195471491,0.17420099891134752,-5.595064641004599,1.1004470719695234,-0.4740715627481777,-0.06305696512130321,-0.9185904857857042,0.3215345415233963,0
0.010104052835303818,-0.9577828566737325,0.17252720529105714,-5.647507751523962,1.0848287153522775,-0.35920841272531406,-0.06227251999337116,-0.9199864085818378,0.32049733503208055,0
0.013242766784694455,-0.962310795320863,0.1689640151256463,-5.673663089984785,1.0480334869977617,-0.26689579030728544,-0.060486294940872806,-0.9212896069736782,0.3207209707217347,0
0.02151066388564052,-0.964809903188847,0.16624396270016875,-5.645929276039452,1.0249825434046702,-0.20826050681907365,-0.05829538203378869,-0.9220226989541106,0.3219681929943887,0
0.02925508452507547,-0.965323600923412,0.16615569834539565,-5.550599162677063,1.051549126383767,-0.1563200691151148,-0.056585948379646166,-0.9223324995496307,0.32376098009924625,0
0.030005069302939478,-0.9634294309021315,0.16817747277287784,-5.407028833059295,1.1223849451652084,-0.0793584221719899,-0.055384276478217476,-0.9227838375383965,0.325117273286658,0
0.024533462483299778,-0.9601774646254195,0.1705112888272758,-5.248313365116285,1.1876193425103172,0.011026725400612263,-0.05412295834991899,-0.9234158973179806,0.3247257835790556,0
0.020480523365298486,-0.9589407249480736,0.17146846418424672,-5.093646816320149,1.1975305914694745,0.06587000774874356,-0.052793724143018694,-0.923607112769991,0.32223942424194474,0
0.02311511213490929,-0.961753387388179,0.17069462924136483,-4.946959836583709,1.148251392576638,0.05567736268410109,-0.05198522543988849,-0.922985393467934,0.3193601048059428,0
0.02915115620272133,-0.9661742348611606,0.16967781278359492,-4.811471844958204,1.0787784898889883,0.004629155656752438,-0.05186442767858425,-0.9219463793383004,0.3185617377280197,0
0.03158755397760949,-0.967851266207862,0.17006470092652676,-4.695860353951956,1.028692790269577,-0.04001870044175791,-0.051878633432219205,-0.9211533196338332,0.3202894232835949,0
0.028513596664931216,-0.9655525631756674,0.17134545131179973,-4.612130134956972,1.007048496373508,-0.06165907891864346,-0.05158886681341069,-0.9208174243901668,0.32228399647118033,0
0.024113065618151085,-0.9620495346591662,0.17142848111821538,-4.572149495273271,0.9997437991317387,-0.08487992406565247,-0.05123840430328749,-0.9205996122388329,0.32220267845439154,0
0.02200728992950716,-0.9604114830521062,0.16945108429351638,-4.580904763223016,0.9982100211657622,-0.13533784091796291,-0.051210521687225306,-0.920205504901723,0.3201050811768762,0
0.021379606430166436,-0.9611418547992655,0.1667310791075585,-4.631073229710858,1.01418534142448,-0.20363922809859203,-0.05136889995011346,-0.9198364174119222,0.3177616321333389,0
0.020329562225465597,-0.9629707125209757,0.16503262180805023,-4.70924846764705,1.0626333359917397,-0.25481689995875856,-0.05144012095247447,-0.9197468437963519,0.31633329173611574,0
0.019589389434609493,-0.9644840117961568,0.16517714189887833,-4.810553969774586,1.1343388889936281,-0.263091938995946,-0.051740369523408325,-0.9196688604501541,0.31562916539417185,0
0.020864768569559985,-0.9644488512004172,0.16709930482202978,-4.945027055492457,1.1990543381101295,-0.23009153022371984,-0.052808272862790155,-0.919288975742573,0.31518533718491465,0
0.023592329178570424,-0.9624931752740142,0.1697499419256318,-5.124181584607748,1.2405772627514717,-0.17803563417064458,-0.05438861783002498,-0.9191506529574086,0.31500610659873324,0
0.025295390338934874,-0.9602584706912344,0.17123498957648775,-5.336841297571069,1.273050449008615,-0.13413114005140023,-0.05554926367741162,-0.9203250111038387,0.31505045395085673,0
0.024281494513573358,-0.9603190140855795,0.17061043486490968,-5.542902018630479,1.3114664433453627,-0.1160336230330622,-0.05594109708525633,-0.9229095068641296,0.3147982461874099,0
0.021417518171461074,-0.963371355688346,0.1691565031946288,-5.703277679313199,1.3412748225576867,-0.1226391974496702,-0.05624870741491836,-0.9253786897739684,0.3139380667369655,0
0.019828854250618824,-0.967432665924205,0.16851541619177812,-5.82078646479277,1.334179494961809,-0.1375499198775462,-0.057168216487512705,-0.9259537617492425,0.3130481198890543,0
0.021905178408580077,-0.9696903050732719,0.1682505002891216,-5.944193026129305,1.2862927624895832,-0.14532118310132364,-0.05851052783642832,-0.9244927406067212,0.3129129782655593,0
0.0256581659028026,-0.9686763216658812,0.16670781195077028,-6.126098268743207,1.224793605238673,-0.14482254375028447,-0.05955454317174163,-0.9227285959448032,0.3134268119041594,0
0.02600514305086014,-0.9656883369237946,0.16384161273575454,-6.375266943829125,1.1773290222076953,-0.14420540800557485,-0.05986637915027841,-0.9228089377098005,0.31382956076194185,0
0.02112794719972718,-0.9645409233586456,0.16167976817553867,-6.641956835342952,1.1469452039387957,-0.1453927995948276,-0.05955597768310231,-0.9257118035663514,0.31378070378910394,0
0.015275313412397622,-0.9683535664628653,0.16160023691639644,-6.840440294248013,1.1212901818460128,-0.14057454011613407,-0.05899759868503375,-0.9305848419745428,0.31345293174050337,0
0.013604625270545206,-0.9758745306417814,0.1622265114932696,-6.8928215953981,1.0950849543879728,-0.12435491669328463,-0.058490541034851136,-0.9352501929608279,0.31272612268463623,0
0.016367881221326257,-0.9820939089069464,0.16111731477559982,-6.772627878219797,1.0717700051507795,-0.1023147853297479,-0.0580901488480027,-0.9377023867858527,0.3111900541781041,0
0.019645496589594604,-0.9827327097133078,0.15803380843812398,-6.524158965220183,1.0492097573542638,-0.08339113698218092,-0.05765219202734996,-0.9374956879840799,0.3091108775834034,0
0.020145742229261365,-0.9775333840935405,0.15526473946398264,-6.2440659009612,1.0195801949347019,-0.06628170790619405,-0.05700465291565129,-0.9355708598405686,0.3075834711840115,0
0.018123831612637482,-0.9699040369217051,0.1547065824678118,-6.03725869451809,0.9863470138907274,-0.03939680129722539,-0.05606423806592242,-0.9327022057193758,0.30719740498457937,0
0.01638017073777728,-0.9642191195718404,0.15549835212771432,-5.976626872891034,0.9703381412364251,0.0022014335862405726,-0.05489087286375217,-0.9286640784133188,0.3069823558098179,0
0.01707425903248707,-0.9625714955108939,0.1551264761973561,-6.0843837097706235,0.9903169709575486,0.04427545581105988,-0.053747921926075165,-0.9234493965881351,0.3053910840230143,0
0.019615281442932106,-0.9633686113381952,0.15275826791965452,-6.329985608658732,1.0389119121310866,0.06366999482614748,-0.053037122616486826,-0.9187635727541437,0.3023765672966535,0
0.02157951562786046,-0.9637314612329438,0.15023213355741796,-6.640279434232021,1.084350006303424,0.04769602693925666,-0.053133183617304264,-0.9171930198450471,0.29979049787911477,0
0.021211359067962243,-0.9632490050385426,0.149174724637673,-6.929450468070509,1.099885242689668,-0.0024255295725743057,-0.05433686538795923,-0.9198573289078603,0.29931524049462555,0
0.0188095092189817,-0.9643216709533546,0.14909874033182588,-7.1383555832707275,1.0894137552814591,-0.0821420396664174,-0.05672453863286778,-0.9255973761447046,0.3006181199602201,0
0.016112258503176397,-0.9689580200442495,0.14918813121269095,-7.24746697196828,1.0813795188501218,-0.18825564391647212,-0.059678440081599636,-0.9322202854293361,0.3020992527680094,0
0.014577214363993366,-0.9763144986284104,0.14943640559049867,-7.2549677293116215,1.100208476786154,-0.31368371225698394,-0.06182383089961966,-0.9378256266532753,0.3028031691546313,0
0.014104084866022989,-0.9833498364562466,0.14936354393764495,-7.161070850833878,1.146968256777029,-0.4421878155119818,-0.062036640929025354,-0.9413576898366633,0.3028459950390452,0
0.013395328617195819,-0.9873074225168489,0.14840468785945451,-6.984873719281848,1.204884087396653,-0.5480070407537491,-0.06059819067898822,-0.9428440770417508,0.30252486194138933,0
0.01159564990568988,-0.9877890082149671,0.1478940291492421,-6.780187239767779,1.258590938704266,-0.6031461882271972,-0.05897903956079966,-0.9432105913817218,0.30192852782032975,0
0.00951718689926255,-0.9867396027276485,0.14982033115741203,-6.609384841348201,1.3059038645095284,-0.5923615483544027,-0.058364418636714634,-0.9434628010632148,0.3011979959875741,0
0.009023222833717601,-0.9862071677554415,0.15313880623649173,-6.490996028074592,1.3506443944065665,-0.522578298828474,-0.05865516010044545,-0.9438739553082631,0.3003886714810684,0
0.010883143511725455,-0.9860345176565286,0.15368678691746027,-6.381729032845771,1.3880994052504212,-0.4155090557829778,-0.058986832275044095,-0.9437981679538436,0.29911386278315893,0
0.013597175505052203,-0.9840185477373797,0.14888174771969526,-6.230074747014473,1.4051944324748398,-0.2953777860345156,-0.05884358495824617,-0.9420743340484757,0.29688286559287613,0
0.015225446629747291,-0.9786067721179258,0.14139333985239275,-6.054496015689127,1.3954683388713007,-0.1877787529944538,-0.05843986690781228,-0.9379086558907441,0.2938147106474077,0
0.015992496027274136,-0.971453210330836,0.13677789005707744,-5.946479862162216,1.366138726718576,-0.12225132194118987,-0.05837296052210261,-0.9319520661112322,0.29077585518490034,0
0.01758847439267599,-0.9667707065010794,0.1375078475742085,-5.975745733184283,1.3275486666583873,-0.1218528973032669,-0.05915497508542865,-0.9264232618858241,0.2889225785824987,0
0.019982308136138646,-0.96729489572549,0.14077241726640943,-6.108192328483398,1.28073360172629,-0.18383393907939272,-0.06074950744855346,-0.9234513271477798,0.28902793364246104,0
0.02072682102102854,-0.9709441685110521,0.14255866004023557,-6.243310158322129,1.2178865829742036,-0.2751555987884924,-0.06240301121162803,-0.9231620785106525,0.2907335335764111,0
0.01798848675336075,-0.9726405470460066,0.14205791846676646,-6.323139191464815,1.1333432433217874,-0.35678368494019774,-0.06330235412691748,-0.9238923523818291,0.2924269299987557,0
0.012949608028113225,-0.96977274960244,0.14111468805878463,-6.376157364993399,1.036136824154722,-0.4171444939408256,-0.06345328970746765,-0.9242074817684152,0.2925305674245263,0
0.008361746330393367,-0.9647947713494686,0.14097188008478398,-6.45760671755207,0.9537455166183315,-0.47713936950185376,-0.06351743716569336,-0.9241348926181044,0.2912095591752188,0
0.005530219441704088,-0.9621961533475739,0.14082507498414698,-6.578587594428606,0.9166805072185623,-0.5591738886175286,-0.06387127915882707,-0.9244845248695326,0.2902992790613058,0
0.003905004539362555,-0.9640360753140782,0.1391709204751996,-6.703643996220029,0.9335175845338769,-0.6570566733167891,-0.06428559280783931,-0.9256320047028465,0.29119817204567944,0
0.003413049035166522,-0.9688308592837367,0.13621104026330988,-6.794029272700746,0.9867429830182866,-0.7405890496411549,-0.06440770784731081,-0.9272861370237133,0.29331885011497405,0
0.005521341983039923,-0.9738758502476708,0.1345547146352367,-6.835492005851277,1.0561884823934964,-0.7854694707190557,-0.06408447134405972,-0.9291065894345396,0.2950781641139892,0
0.010987724046251772,-0.9776015436395503,0.13651623027876486,-6.8357854619363465,1.1367464479177416,-0.794099567297782,-0.06329695505092524,-0.9310807269956164,0.29582843206181353,0
0.0174717249133332,-0.9794498888673154,0.14070560256159764,-6.815403137124125,1.2284638767732987,-0.7878484734838741,-0.062200064400426656,-0.9331373546935064,0.29595914476197704,0
0.020716349364698503,-0.9785738088808941,0.14285935077606735,-6.802454209727341,1.3202983760901887,-0.7836265246131651,-0.06117894681177041,-0.9345439786337795,0.2954919427832284,0
0.01839485570264052,-0.9742098359316965,0.1406211903275288,-6.822457529536044,1.3930814445736164,-0.7844483871920461,-0.06055158922340516,-0.9341476777078443,0.29383269455049504,0
0.012452671718250792,-0.9675312392727534,0.1362715902588191,-6.88136042536228,1.43531235195306,-0.7919737472387178,-0.060274974738164115,-0.9316286771884814,0.29116110878853607,0
0.007461729932438243,-0.9620313006801448,0.13412223175348034,-6.956797529357079,1.449468986609903,-0.814308895957701,-0.060104104970577645,-0.928231179892165,0.28902050565840876,0
0.006853971476104975,-0.9609477833886377,0.13584805806573486,-7.011947961139957,1.442353908855172,-0.8531278250796543,-0.059819641519415594,-0.9257309654066445,0.28887215352311923,0
0.010842158574020974,-0.9638920772148319,0.138761411491909,-7.024320267227055,1.4164608666715366,-0.8935285615386056,-0.059108281829414765,-0.9248187217746622,0.2904884389362643,0
0.017209330608408277,-0.9668630907296898,0.13889751255104368,-6.999615336470781,1.3773509101004975,-0.9134650346519537,-0.05757520781892542,-0.9247634485166716,0.29215587732127274,0
0.023079593310332817,-0.9667695808291183,0.13591437803512438,-6.956376538188897,1.34250678472831,-0.8959243633058417,-0.055362357888380384,-0.9244081549495504,0.2922754715086175,0
0.02615204798453268,-0.965019692332525,0.13376812652046577,-6.908904083178191,1.3278019390353655,-0.8340771148548602,-0.05355419270863086,-0.9233423177268365,0.2907153889395229,0
0.025549145964420067,-0.9647584323855138,0.13546214956298117,-6.874301855545763,1.3250334648908966,-0.7373429193747262,-0.05321789200194757,-0.9222821425866332,0.2888051339023778,0
0.02248225068418659,-0.9658851197553632,0.1386898825969081,-6.883659356289571,1.3101464386146124,-0.6312895145104153,-0.05395993594390723,-0.9222565992957389,0.2879774930032511,0
0.019975080497600883,-0.9658523431579997,0.13880348702494533,-6.969040607362609,1.2798763380347313,-0.5403919458123353,-0.054332282507664004,-0.9233241690945829,0.2883700703679571,0
0.020741999193682262,-0.9643965989376098,0.13518019992324676,-7.138930694574628,1.2627072316061612,-0.4692732075838957,-0.0539263177021385,-0.9243761760629566,0.2889803448978085,0
0.02431875306131378,-0.9637814481178609,0.13240367702605293,-7.373262886517877,1.2820046050521308,-0.4049250243150559,-0.053937707245421185,-0.9243617046647992,0.2891061455606294,0
0.026959564195854994,-0.9645744308611073,0.1350582013420848,-7.642443229070193,1.323804251299857,-0.33750261350507416,-0.05513213912794675,-0.9233594407912775,0.28908485533286293,0
0.025599374007397892,-0.9646747610474667,0.14238719156023202,-7.927906920846426,1.3559793028098035,-0.276777885692364,-0.056505874788422214,-0.922274876460049,0.28949939253326684,0
0.021411468588721963,-0.9629995476343112,0.14818861220783358,-8.223711387480652,1.3668671312538396,-0.24349075282924695,-0.05681050766406453,-0.921938104694055,0.29023293529527294,0
0.01835340671828624,-0.9615900563484268,0.14616129606821962,-8.519576153071693,1.3693088421208237,-0.2422845630498858,-0.05628762564899861,-0.9228426071677087,0.290716267148208,0
0.018779315604346748,-0.9634172931575156,0.13612633661396265,-8.78769196116314,1.3767838477623089,-0.25323497224483704,-0.055962584055110974,-0.9252419946341999,0.29082162516752486,0
0.02135610678504829,-0.9691531598957384,0.12499301474559164,-8.997427955078237,1.3920487931002932,-0.25906730408054984,-0.05621597509789873,-0.9287145392231945,0.29092298043109793,0
0.022778573551713845,-0.9758455637373699,0.12096573363967544,-9.148023809780984,1.4138953504710259,-0.26999071349993653,-0.05692698637944565,-0.931808529752741,0.29098154155083317,0
0.02109787443338957,-0.9786954948886408,0.12636883010429417,-9.276015252918471,1.4399685684294001,-0.3091926014418361,-0.058056605697334715,-0.9329821104242806,0.2902887706684402,0
0.017683394591636422,-0.9756385357072608,0.13577167870750656,-9.421635407469228,1.4609381758944189,-0.3809909975788845,-0.059200583692867674,-0.9320871112576279,0.2887047667726501,0
0.015772232716145116,-0.9701537372749777,0.14118685919855026,-9.596463530170764,1.4623749849749095,-0.46199087854787657,-0.05939976972040213,-0.9305375566265756,0.28754522230878954,0
0.016932357945818786,-0.9676836215888863,0.1396342108808751,-9.790522584227775,1.441522849451819,-0.5187268736795311,-0.05827619804790324,-0.9300592586720692,0.28818224277772986,0
0.019467075486013258,-0.9695648120707343,0.13535500130330821,-9.997043699737425,1.419135979193736,-0.5336317004198148,-0.05681040047388548,-0.931414193611908,0.2899096721273571,0
0.020438064300133972,-0.9724794007743273,0.13409877810600015,-10.213607349839279,1.4232144104202118,-0.521481256764869,-0.0563103528759802,-0.933952112402972,0.2903130655143947,0
0.018898353467458405,-0.9734805116964371,0.13642298802220007,-10.422349093952855,1.4576587004552695,-0.5164043982518465,-0.05697494402738018,-0.9361055225083692,0.2880812625760714,0
0.017024332391286603,-0.9734061801595428,0.1382390489436339,-10.586874582430312,1.4944081191657952,-0.5341677163468562,-0.05790592750867595,-0.9366167229606133,0.28473759767649376,0
0.017905096365244736,-0.9749738003328203,0.13703902015795993,-10.682204257016231,1.4988585261317968,-0.5553694274822529,-0.058214799932506014,-0.9356115616464029,0.28319356328197287,0
0.022137026482584216,-0.9788162511751533,0.1349108426496633,-10.727103143410188,1.4578524740037366,-0.5553023187878597,-0.05782899516550537,-0.9344172926844123,0.28485462260205985,0
0.02701787349482531,-0.9823264249628243,0.13479545118103176,-10.776615787622054,1.3843073186162087,-0.5373183614219534,-0.05741060400721258,-0.9341910949675206,0.28827104547611876,0
0.029142742991158873,-0.9825102258423841,0.13622195319482597,-10.87785600640508,1.3027193209787675,-0.520122031088081,-0.057555188368113464,-0.9347931537011512,0.2904776216761359,0
0.027287549507655575,-0.9793315589280476,0.13647918097916367,-11.039064274695338,1.232934398474139,-0.5031358935467095,-0.058002542719851016,-0.9350798779149427,0.28962848555281384,0
0.022969595121337352,-0.9753488644637224,0.13421963194091688,-11.243972587625844,1.1853756784366822,-0.46769032697524404,-0.05796855333310652,-0.9341444279837168,0.28638436799864336,0
0.019140101679941506,-0.9724372206260015,0.12998416844435834,-11.485917575844148,1.1670197547668353,-0.4100351922846335,-0.05739380798703997,-0.9320777850974736,0.2828487384159917,0
0.01836911425449779,-0.9702588209277258,0.12468950461902835,-11.777728297740856,1.1820073767800934,-0.352406452628017,-0.05717137753344521,-0.9296558194144444,0.2805103514791639,0
0.021016912565638785,-0.9680074090080233,0.1195340311947715,-12.127543333272696,1.2208986212196244,-0.3197425997793587,-0.05779851782409618,-0.9276462659201893,0.279417489344087,0
0.024470293546459427,-0.966257441865686,0.11633913570388787,-12.511564458885305,1.259520201186251,-0.32087687775784535,-0.05855918764462821,-0.9265054069893068,0.2788900433429011,0
0.025123658091951058,-0.9664197098101902,0.1162363054628218,-12.881783241395807,1.280250108394755,-0.3539159968516236,-0.058458727450672855,-0.9264576197155261,0.278419248863831,0
0.02195412404048121,-0.9689002694869041,0.11818211638369164,-13.20451814441017,1.2904789707509767,-0.4167350653192222,-0.057438809866080846,-0.9275666269975706,0.2778211815633202,0
0.017641397493262833,-0.9723432338974073,0.11973706002701397,-13.481310699495445,1.3118746217087802,-0.5064774330966421,-0.05641897471357862,-0.9295696316596778,0.2768741139820348,0
0.01554731997178575,-0.9747295498041956,0.11948632693728721,-13.728691365750139,1.3560484693504193,-0.6120565046217381,-0.05639827969188762,-0.9316889302681245,0.27518492052910926,0
0.0159350601989971,-0.9749891331175027,0.11813420679602693,-13.952372985741285,1.4171514090786161,-0.7109034950070482,-0.05753281848653341,-0.9329813564751233,0.2726351292351003,0
0.016070157548170573,-0.9735797058731697,0.11690302428081974,-14.150629994181553,1.4806237825437696,-0.78117644614826,-0.058986479097835484,-0.9331824860480011,0.26982037862492664,0
0.014259653988763289,-0.9720822075101719,0.11558539696466724,-14.333297707636559,1.5310037420829299,-0.8242109111236214,-0.059746085977883764,-0.9330577810789856,0.26766940195865435,0
0.012533197632362027,-0.9724205988707442,0.11322150896454101,-14.523920732789644,1.5604403506702358,-0.8667401067405033,-0.05949652818769733,-0.9337267979229008,0.266538030456308,0
0.014134468051166901,-0.975589679251609,0.11026847575591561,-14.73623037709721,1.581019129431915,-0.9297867271245893,-0.05850261236342853,-0.9356364293509358,0.26596380262042685,0
0.019056135925544254,-0.9805730482549246,0.10850841308798129,-14.94915048812393,1.6209521564451654,-1.00189532865067,-0.05696705099565899,-0.9380819960017873,0.26540118558373194,0
0.02342635309843677,-0.98507890738627,0.10860127111215752,-15.114406991259647,1.6944476086405587,-1.0542517413726584,-0.05518133970167052,-0.9397233861335502,0.2647914329960863,0
0.023393121244404347,-0.9874454418722138,0.10901858017913181,-15.19784233214469,1.7778431393381908,-1.0766427762601678,-0.05406844873864741,-0.9398260632484284,0.2641361845185867,0
0.01898269921753206,-0.9872120784658805,0.10789479766535054,-15.212233202387154,1.828684727693704,-1.0869257331439706,-0.05450138622216807,-0.9389450791389938,0.26297548679981586,0
0.013941652673463015,-0.9845098891445638,0.10544685037332967,-15.206700655404308,1.8306533123015312,-1.1074872923274468,-0.05603204844361881,-0.9381106662909153,0.26085790529370423,0
0.011921384600829124,-0.9802218004302311,0.10388086862037757,-15.227593245546176,1.8086702318983194,-1.143216923615391,-0.05733510399523438,-0.9375648019390189,0.2581710600360794,0
0.01311347847801441,-0.9761809428792035,0.10408856151522249,-15.290067974301323,1.7956143311776909,-1.1845121303987147,-0.05791519352459393,-0.9367132128201892,0.2560002858110222,0
0.014816765944154693,-0.973896582723676,0.10323410010902986,-15.379324947454116,1.7969350699542626,-1.2234350155516343,-0.058343553472071756,-0.9351665099823621,0.2550083918744102,0
0.014709871141008371,-0.9733287309966434,0.09825840547439758,-15.47374230090508,1.7958380489315677,-1.2605352148733062,-0.05894300963892452,-0.9333819176620144,0.2546905402080227,0
0.012846470225313135,-0.9734411943016378,0.09165796362359625,-15.568146601811563,1.7799395490227283,-1.2995788720891668,-0.05937592263743737,-0.9321599997080136,0.25401426058676146,0
0.01092099750702668,-0.973358984973128,0.08976892466988698,-15.67619435065519,1.7514052947902388,-1.3431083404524689,-0.05949864419465892,-0.9317287084524332,0.2527037578337136,0
0.010564099462670081,-0.9727386642107994,0.09411693237311235,-15.814570284341329,1.7205863648949156,-1.392565088270708,-0.05958835743924594,-0.9315749541819651,0.25149163976821926,0
0.012353726121123244,-0.9718191089057876,0.09879185760841215,-15.992047013244168,1.7017793813404194,-1.4457556854271532,-0.05961819773891699,-0.9312039092139717,0.2509907075105005,0
0.015763754792524575,-0.971496811572815,0.09861190827939847,-16.209732958759048,1.7119696354584526,-1.492287092078637,-0.05912079719838634,-0.930826944200456,0.2506974749950369,0
0.019572493290885395,-0.972869169054308,0.09559002991775782,-16.459405521019562,1.7631638714273823,-1.5163220556472965,-0.057962406509756675,-0.9310866617010748,0.24957255227297218,0
0.02232279966823788,-0.9763159925074822,0.09419364799182789,-16.721956263027767,1.8495061277100533,-1.5093026171445731,-0.056685727735535624,-0.932231280864307,0.24763378472377465,0
0.023009368709076407,-0.9809423038085627,0.0941342155983351,-16.978927152191364,1.942660162206248,-1.4818413864584101,-0.05591899210098107,-0.9339009501985674,0.2463751049532837,0
0.02206535312511554,-0.9849464572680027,0.09207279115841173,-17.228045619650445,2.0064104848321653,-1.4596709290525602,-0.05582022456006187,-0.9357135895852683,0.24705481352486416,0
0.021406780315102226,-0.9868114812129746,0.08821830351046915,-17.481192228228906,2.0223213180852753,-1.463326988031905,-0.05614057098268306,-0.9375659829647637,0.24886607636607408,0
0.02252113487262297,-0.9863075364727935,0.0868248670095073,-17.747786264464743,2.00304530466545,-1.4921179826366033,-0.056475892881752546,-0.939155082360866,0.24943171988222854,0
0.024538135466578397,-0.984157296548598,0.08995675332013137,-18.027308354421212,1.9808377466617053,-1.5310243503696659,-0.05641522627206305,-0.9397268539599039,0.2471833457371287,0
0.025296662876745025,-0.9810687457537688,0.09390551796157005,-18.316738460973646,1.98415979467514,-1.571682786079836,-0.055797740526050965,-0.938763910746305,0.2429988130190133,0
0.024359849924993952,-0.9778974038752479,0.09347637060269709,-18.616195419779324,2.0224834426534866,-1.6200618009198569,-0.05501218142291765,-0.9366821799726722,0.23934654495822943,0
0.023452696513670802,-0.9761602706514051,0.08807875305004872,-18.92736347735604,2.085042666428556,-1.6818865834023058,-0.05482983417699918,-0.9344946405043966,0.23778980211985543,0
0.023603279087648813,-0.976630523881874,0.08164169320097632,-19.254176663781898,2.150026684693994,-1.7492386524536812,-0.05566104119370472,-0.9329293909815833,0.23756383134138317,0
0.023794767365670565,-0.9776002146603539,0.07790350950201055,-19.601691772035696,2.201228436900605,-1.8098952431367297,-0.056959465242468796,-0.9320665639283279,0.23682659818250704,0
0.023275481505418062,-0.9766956765566193,0.07780930331121258,-19.96395081448834,2.2397324758444945,-1.8661074831043063,-0.05755596870274167,-0.9316177590746975,0.23490927327165845,0
0.023189055245238885,-0.9745359006278369,0.0800774318409236,-20.31970506179865,2.273887906478714,-1.935308406975782,-0.056775630801108465,-0.9313298627692752,0.2328019010251044,0
0.024516037185766105,-0.9741964635408663,0.08214683297031268,-20.65735084577148,2.2991161162935922,-2.0325747459863024,-0.055256133518338156,-0.9312211248889973,0.2316900916409916,0
0.025987242796651593,-0.9767610814811526,0.08177579176434041,-20.998088841556818,2.300542174171281,-2.1579469050624382,-0.054437213626961925,-0.9315746804243286,0.2316480545518175,0
0.02573438239090935,-0.9800499986345271,0.07946317731047942,-21.371805705868557,2.2783306724277796,-2.298220496325066,-0.05500784189026119,-0.9326928610387,0.23174736406315796,0
0.02414911286070955,-0.9823958527849983,0.07816293342860153,-21.773740627200826,2.2573900450675604,-2.434660670783641,-0.05604763569867129,-0.9346533890751765,0.23090300209106446,0
0.023631481811513918,-0.9849703972607929,0.07932258068068558,-22.170438989013206,2.265466242032734,-2.5531865792010047,-0.05601595029332523,-0.9372286224438139,0.22848846858870633,0
0.02571814856646902,-0.988940721431642,0.08038514802400931,-22.548229767636993,2.3091055310184703,-2.655616587817465,-0.054369818373750746,-0.9397247174238418,0.2246647513181635,0
0.029223385084975996,-0.9923601235500801,0.07748176405975617,-22.93052999736414,2.375883045832036,-2.757570231199986,-0.051938038650750536,-0.940967352446744,0.22049535003333057,0
0.031186772990401554,-0.9919575468197999,0.06985322640730497,-23.344504717163215,2.454238394219067,-2.8670721968535915,-0.050122991625986144,-0.940259325735833,0.21741765362361334,0
0.029613128081441596,-0.9873813080032179,0.06057923827673837,-23.795378142755226,2.5447003902654908,-2.968781636814417,-0.050009896512135,-0.9386012057059923,0.2161583076820675,0
0.025538512930899388,-0.9821827907302692,0.05339827985500957,-24.280548736376257,2.65280954098729,-3.0387954289296797,-0.05164441536231205,-0.9380012184201858,0.2161270396826633,0
0.022209930487210792,-0.9805456060677143,0.04976064211547835,-24.803585278763485,2.776238012502182,-3.0753457575483187,-0.0537748332398173,-0.9391502142162443,0.21592327771469716,0
0.022057468664475978,-0.9835782560934402,0.048790903645378775,-25.355331802440286,2.9031691319606416,-3.107021606250621,-0.0547056389926439,-0.9407242835611161,0.21445173255756417,0
0.02491925428294117,-0.9887098613929514,0.048903871246181896,-25.895374520273087,3.0265083835312865,-3.166724333173903,-0.05367154360239503,-0.9414512476020038,0.21173093665308568,0
0.029111147367352264,-0.9923898390595807,0.048877847596819485,-26.376338233676627,3.1601650031918527,-3.263363711988941,-0.051355038574265065,-0.9418486397434099,0.20874832157791798,0
0.03309091360442153,-0.9931438544186199,0.048077291607780306,-26.790779459000067,3.334639733059928,-3.384706151131712,-0.049247704208253036,-0.9430524899315254,0.2064526587708657,0
0.035713220786873286,-0.9918346607870865,0.04637078301704356,-27.185904157360955,3.5653375696041225,-3.5217924471592523,-0.0485372132979677,-0.9445582094939408,0.20489886999670032,0
0.03588791564658102,-0.9894851450716139,0.04400524741299428,-27.632452635745864,3.820811203593951,-3.6810390920515124,-0.04939456066401236,-0.9443569384847227,0.20348589379924806,0
0.03295039699911182,-0.9861291244560599,0.04177929902759388,-28.18111646065404,4.030741323766774,-3.8718026292856176,-0.05118918020822044,-0.9416195513621077,0.20194495729968467,0
0.027657979855820407,-0.9822962137401804,0.04102994016648049,-28.83368718438078,4.138131156496274,-4.086768932863213,-0.05300409799437142,-0.9384535455425844,0.20077785409731638,0
0.022567390384523153,-0.9801836275096946,0.042226543288922086,-29.53431936127006,4.145326530432499,-4.300625810411374,-0.053692559487856936,-0.9381324023379939,0.20043747375361093,0
0.020436369496493197,-0.9816132131122333,0.04332930546846326,-30.192582132491964,4.099267489472641,-4.494181644841476,-0.05236954592606551,-0.9414491451598479,0.20021700524764174,0
0.021477499405569186,-0.9853542988590073,0.041171576710478386,-30.747050979595297,4.034035128556844,-4.674185403093424,-0.049894270310551915,-0.9454882203239988,0.19858279455498076,0
0.02280860327841876,-0.988170131804956,0.035413643992599414,-31.22514538125989,3.9490899860173263,-4.854714821381029,-0.048988436209928134,-0.9467519288573967,0.19499162297474476,0
0.02164792952265781,-0.9884050868250815,0.029536237002040753,-31.720431259530695,3.850916741413828,-5.024442441877206,-0.051338659697478375,-0.9450751038687836,0.1908442274559058,0
0.018880124601102735,-0.9873850286942164,0.02663497130313902,-32.289395188884136,3.787625161379855,-5.155101103105251,-0.05509847589567896,-0.9432639996307295,0.18798010099072504,0
0.01834131232230674,-0.9874373176201551,0.025974141724782303,-32.888116123760646,3.8126980850001724,-5.2405071384675,-0.056719189485921674,-0.9431601516346564,0.18662965987107788,0
0.02222209065016755,-0.9892757397895763,0.025221356939477056,-33.43409637564075,3.9235801901206457,-5.306202916385422,-0.0548340570888318,-0.9436126521091833,0.18556205472750648,0
0.0283265242523694,-0.9912483459950512,0.02404186140641619,-33.91122793143838,4.06444281490825,-5.386047927948434,-0.05110993076188373,-0.9424651436333664,0.1837991951679729,0
0.032795097190706314,-0.9908304120769542,0.023406456278560788,-34.383184329170064,4.191161966756178,-5.508284769074875,-0.047779520712502306,-0.9393058557893129,0.1812492691598908,0
0.03451607193844089,-0.9871113613405416,0.022916903501428262,-34.91701085492053,4.3128128892462705,-5.693261541272315,-0.04562087091656285,-0.9359203714379953,0.17792546248232088,0
0.035449288932756916,-0.9822953762750974,0.021011790930210113,-35.52890028993879,4.46492725102164,-5.941266754431307,-0.04423049031568592,-0.9346356864473362,0.17376082316106464,0
0.03728187422100147,-0.9804001986533681,0.017169601423059514,-36.20076684617759,4.657821598479177,-6.226232865803713,-0.04320349871049709,-0.936456201687329,0.16950904319243723,0
0.039435201243223306,-0.9833671848154095,0.012378058566132194,-36.90803355371482,4.8616553546637435,-6.517402970355693,-0.04262338815937548,-0.9406170249154161,0.16672644836109277,0
0.04027596796079954,-0.9886209088832145,0.007919252820777685,-37.61223224698824,5.037153101105574,-6.804856303878252,-0.04272837012900179,-0.945573920916822,0.1661467260887548,0
0.03899769505194876,-0.9921064986823225,0.004976116431289209,-38.254963305700045,5.1676523973099355,-7.0909804673017245,-0.04349822093070345,-0.950059220669775,0.16677951324837306,0
0.03615921307340161,-0.9936320023444536,0.004861590440284008,-38.789728568760616,5.253807823351155,-7.355797270389354,-0.044793518386264275,-0.9535829919981904,0.16708544098118652,0
0.0330550088859313,-0.9968688639062517,0.00794711227193244,-39.21681057166863,5.288619671458436,-7.544129725228686,-0.046785365844038584,-0.9567512598838513,0.16631930812207946,0
0.03053651309849217,-1.003557516263669,0.012126619480228132,-39.57827932586902,5.258186660455559,-7.602333471235348,-0.04975803968107506,-0.9606922941779241,0.16441416410592677,0
0.028090949936625902,-1.0100639162690994,0.013495745037185638,-39.93075284680188,5.172168825435317,-7.530804027440085,-0.053366631420075326,-0.9650656886832985,0.16126071260750563,0
0.024411517420768164,-1.0110569536285319,0.00924835395739442,-40.33046026369883,5.081115895175995,-7.391218653378189,-0.05668803703950672,-0.9672257014443026,0.15650526664923556,0
0.01949381874558423,-1.0054802620564969,-0.00013558696322709264,-40.825005510177995,5.050843803936212,-7.257138085706576,-0.05915355700402115,-0.9649898001815521,0.14997935683697208,0
0.015828630371014188,-0.9977708820850756,-0.011390191499066107,-41.43413063570176,5.115280109661154,-7.16300612998068,-0.06068685885411364,-0.9600805809223446,0.14236225672831535,0
0.016426535944093493,-0.9935215690805491,-0.02085130697949729,-42.13528688843787,5.256035930051115,-7.105242584454212,-0.06082900556733415,-0.9570913233786837,0.13514305501908674,0
0.021623875472161852,-0.994603033729447,-0.02686354609992303,-42.88113677317365,5.42825518887886,-7.086518806187612,-0.058681840153278854,-0.9584821869091277,0.12939494384954925,0
0.028754275118145302,-0.998318493397088,-0.030683862402850218,-43.636887413113044,5.600161616815996,-7.147194274523339,-0.054081818908943056,-0.9617667934981649,0.12468351567060999,0
0.03461989030346301,-1.0004588078355607,-0.034882650240633147,-44.39652751099072,5.764451808328101,-7.346218099984689,-0.048235596195870985,-0.9623849530424611,0.11978058287650134,0
0.03742318178897529,-0.9988862056306631,-0.040267063992380996,-45.164032669927025,5.921140648270808,-7.709545627692672,-0.042877049393913,-0.9586604220027919,0.11460658617948173,0
0.03747782413338484,-0.99485905245401,-0.04485441592153944,-45.924580295557384,6.060271633563775,-8.191551210654653,-0.03907662963049527,-0.9532665812120625,0.11085703342709408,0
0.03743450278049586,-0.99149815713632,-0.046519661529140374,-46.636206050202674,6.1627435001508015,-8.680438676572141,-0.03699772222647432,-0.9501476200600492,0.11002165406970262,0
0.040490455825282726,-0.9909075648805515,-0.04580302083507641,-47.253367888310386,6.219711243078596,-9.05508893091734,-0.03636006299266806,-0.9505455999797877,0.11105932238298423,0
0.0468511054031778,-0.9927559411446512,-0.045120789689119145,-47.76233253666699,6.253840679323502,-9.264036926747709,-0.03660820049138275,-0.9522231975999083,0.11104931124209404,0
0.05293384658075943,-0.9955088512155881,-0.046013279781098766,-48.18662207556138,6.310394292709678,-9.35392032660313,-0.03680015626256813,-0.9523703822853625,0.10831123297981907,0
0.05495409768117039,-0.9980169833461562,-0.04840541418930446,-48.55418936857415,6.4115637634961935,-9.407442364607954,-0.03608212341821485,-0.9505488368355988,0.10395409171525032,0
0.052338175074598675,-0.9992078686705675,-0.05199495653614084,-48.88068419512361,6.526935841850347,-9.459190264506049,-0.03467343007735198,-0.9482679335663526,0.10006035102129708,0
0.04737908023958532,-0.9975040935258933,-0.05671667158126182,-49.21096322394793,6.610758356580448,-9.485287109398739,-0.034025161546373514,-0.9464740657326923,0.09729541054713967,0
0.04279853676189413,-0.9923242698009572,-0.061639964732163904,-49.66272169910335,6.666019536763295,-9.46017659668375,-0.03549501678708184,-0.9446717227397191,0.0948740894587643,0
0.03986050003706845,-0.9858478667720194,-0.06498446990319541,-50.37982458805078,6.749091113514752,-9.399637732740041,-0.03889066423977999,-0.9422533617345752,0.09210550051219389,0
0.037917451542939955,-0.9815528721456043,-0.06623494122386263,-51.41630254110329,6.909132216573326,-9.353627808384545,-0.04255485725196263,-0.9395287551255309,0.08909192617474579,0
0.03573980528122164,-0.9804666057849011,-0.06742230810257291,-52.68522283663337,7.141768172062714,-9.377364860918238,-0.04465111851345529,-0.9372574633685145,0.08613476158924595,0
0.03362352295440662,-0.9801405986599241,-0.07124410562996333,-54.0398191560233,7.4042142079221875,-9.507685898012392,-0.04416170715291065,-0.9358669181619169,0.0831294678326351,0
0.03347326197060392,-0.9784288400888858,-0.07813948366567859,-55.38799651920809,7.653355358273981,-9.742982981366517,-0.04123398698643423,-0.9355491678513298,0.07959288061739013,0
0.036370870733289484,-0.9772283091699907,-0.08591491029892669,-56.70977098883965,7.8547070750239545,-10.03150272815126,-0.03719478271000728,-0.9369232382518318,0.07497016319163048,0
0.04121961795555299,-0.9805069456884346,-0.09208771029463175,-57.9890735620503,7.973386635475039,-10.29351382940591,-0.03382769120814134,-0.940934736253384,0.06904772054441073,0
0.04648380316988935,-0.9889257758897467,-0.09604264521626894,-59.174780580307676,7.990857345550313,-10.474559790343692,-0.031901721722991334,-0.947607072327254,0.062417564447430934,0
0.05181246489575398,-0.9984947141378219,-0.09901075102776422,-60.21471493341437,7.93762325126698,-10.576849379547399,-0.03052201476823223,-0.9552715647564286,0.05627289156811225,0
0.05684013117468493,-1.0046697801272533,-0.10256341437670206,-61.09699100520475,7.887337008754812,-10.637782521943551,-0.0283590458900358,-0.9616657659141992,0.05113123063461608,0
0.06004446286080256,-1.0061642426698778,-0.1077210907282255,-61.84845322166068,7.909119169182832,-10.695836261287331,-0.025158816388746223,-0.9657432470703827,0.045879095847597806,0
0.060691352739898306,-1.0050458272274367,-0.11552087916625065,-62.5159035363838,8.034516761439498,-10.783167889126034,-0.02159045754944243,-0.9682019998034749,0.03884846858654474,0
0.060686624690410605,-1.0048235855432213,-0.12692820445438593,-63.15599675135414,8.260884878051609,-10.919395484135467,-0.018349542811760464,-0.9704796125903825,0.030068153589714732,0
0.062148818174995984,-1.008088585560524,-0.1403987243572339,-63.81419873836872,8.557497618532604,-11.083719479421374,-0.01622376787379691,-0.9733030405701452,0.02182632750924517,0
0.06388490828353187,-1.0143335183182811,-0.1506377805902111,-64.4887105255793,8.863644666098693,-11.21295570059325,-0.016147247035880993,-0.9759606004677418,0.01645055079020913,0
0.0629063656224986,-1.0200995865303453,-0.15311083991054378,-65.12618073382193,9.11001596912145,-11.263420758460079,-0.018022302868662604,-0.9770532740983141,0.013677425446316982,0
0.05908664265598614,-1.0221791530160393,-0.1504242248191254,-65.67670037361701,9.262869735688598,-11.272669231896058,-0.02020098160076755,-0.9761242928666005,0.010652762720193418,0
0.05552370413806944,-1.0202778432369322,-0.1511413221245605,-66.15636446944355,9.336907503576304,-11.33530012810596,-0.02126926424860316,-0.9742367039450894,0.004693453212018402,0
0.05431986067915464,-1.0161203848486753,-0.1606743645864554,-66.64241894807752,9.354250302484456,-11.515204697184547,-0.021778697393784824,-0.9727379194204174,-0.004030067041497634,0
0.05455318942690794,-1.0114223605345947,-0.17541093492223817,-67.20320200592633,9.306058737057253,-11.794032794990633,-0.02320664566554227,-0.972026182109317,-0.012663812747712378,0
0.054532241800076785,-1.0081017144196576,-0.1869919262300588,-67.84887602297067,9.168607067445377,-12.106847934661445,-0.025626810207071218,-0.972005901224451,-0.018583753248811327,0
0.054057505795219604,-1.008751267379363,-0.19078214014167794,-68.56191626099955,8.943782489183612,-12.418857607111681,-0.027401562054827685,-0.9729924346836036,-0.02203057272695944,0
0.05404294849211219,-1.0139634416146805,-0.1896219239842721,-69.35461204450198,8.668972277826976,-12.754546995059457,-0.027106409395078492,-0.9750848436463707,-0.02572750220848962,0
0.054963739950257676,-1.0197019026577074,-0.19066972752910732,-70.26455521358712,8.397076796932502,-13.14662789614769,-0.024947000609984626,-0.9770231204381421,-0.032154118240340146,0
0.056541191035640724,-1.0206798185291248,-0.1986204763686875,-71.29581679133771,8.180532846845944,-13.57494580100573,-0.022170083703192723,-0.9770424808923902,-0.04133396044693135,0
0.059062364928856845,-1.0171528837364288,-0.2108518853586817,-72.39187815858367,8.063597885170484,-13.978280067452433,-0.019648777478607982,-0.9753423957044172,-0.05085306871730041,0
0.0638537600547697,-1.0158221047624114,-0.22001693369968606,-73.47054300268972,8.060907410595007,-14.316753241286433,-0.017111315473646783,-0.9749687301748043,-0.05799762099746045,0
0.0711102293140881,-1.0227788009017476,-0.22290420448163406,-74.46882565657582,8.128502650588265,-14.598282739726134,-0.013663180876787804,-0.9793278255700438,-0.06243158500311354,0
0.07777097410267793,-1.0368801734563435,-0.2248508972684129,-75.35747639310728,8.169290316463716,-14.849329228707354,-0.009520449702949702,-0.9886524297104005,-0.06672671642936491,0
0.07929568075506147,-1.05086349125765,-0.23269345860772703,-76.12950777217564,8.087534282092385,-15.086352553509409,-0.006888089806769391,-0.9997000367961686,-0.07389285731132675,0
0.07434331668446485,-1.05851316531329,-0.2456341648441029,-76.77635743555024,7.8499189866043535,-15.32095773589817,-0.0077011043954526275,-1.0093160875732297,-0.08472468020444149,0
0.0672000973365247,-1.0604385108021377,-0.2570838453266037,-77.2748287651255,7.507077011356485,-15.570667304074416,-0.010396320873785028,-1.0171977519706643,-0.0977296920015463,0
0.06488311954024847,-1.0626280577033398,-0.2640599719762197,-77.60629807083156,7.172055358899716,-15.844518849913788,-0.01053913718731342,-1.024564223288166,-0.11087331541064109,0
0.07155158314206797,-1.0694183993399118,-0.2704395339427907,-77.77827342419981,6.980307368413254,-16.119675169231844,-0.005335993371960448,-1.0316055562032778,-0.12293880169662946,0
0.08548336435338467,-1.0790192693681202,-0.2808830253770763,-77.80146770018217,7.05174996337954,-16.345440091786504,0.0034666015650552558,-1.0373485538480556,-0.13376631938895536,0
0.10061285786829471,-1.086616782657054,-0.29478751496165934,-77.65423451003967,7.4554288945413765,-16.4740450709045,0.01155285553322945,-1.0410284843416153,-0.14364725628637603,0
0.11035004207354758,-1.0904020982419944,-0.30745624531735977,-77.3050521844901,8.168712359107491,-16.480629892693948,0.01579399233727078,-1.0427573063046192,-0.15241675129807322,0
0.11117224799864238,-1.092982707931115,-0.3158040733687035,-76.76695234615033,9.049385176293987,-16.35494762145856,0.015688461744132444,-1.043542992458937,-0.15938160160198298,0
0.10463061513218054,-1.0975978719943726,-0.32120720096313854,-76.08732509212193,9.870374541037636,-16.091975870143152,0.012556280665157436,-1.0451064917333255,-0.1643951605720891,0
0.09605757466900124,-1.1044881411559662,-0.3262939509093609,-75.2707863954159,10.430600104086722,-15.70394865187119,0.008386483727115819,-1.048911005697499,-0.16836714981088885,0
0.08999823415654835,-1.1111372184845831,-0.3306060784453769,-74.24270162524545,10.660322230534051,-15.228671838770012,0.004742857196505893,-1.0546965443783083,-0.17223293300295794,0
0.08669501097940155,-1.1152592365330292,-0.33183378075204933,-72.91387995674555,10.617453516127386,-14.704780678975043,0.0019262855059160213,-1.060290940255194,-0.1760792625085263,0
0.08369974165753838,-1.1169368225324054,-0.33091966042519877,-71.28385100694352,10.387273000998688,-14.138803374589584,-0.0007008322393096711,-1.0633159205037925,-0.17968390579250196,0
0.08015086050111322,-1.1176907606729307,-0.33269126409706484,-69.48279637771842,10.006452604437493,-13.509387304581555,-0.0035391209744591668,-1.0629362562997078,-0.18331046231510323,0
0.07800506161686824,-1.1177756511117798,-0.3401335973648468,-67.7157845811522,9.485163945413577,-12.805594939310726,-0.00614880713486831,-1.0599612133752871,-0.1876322635779545,0
0.07948180625149853,-1.1153856507414597,-0.3505114125528367,-66.154262502791,8.875954885904273,-12.052744584222188,-0.007484153648838875,-1.05592633220233,-0.19304841984639262,0
0.08453426910910145,-1.1095560130828876,-0.35888959831907913,-64.8559546632817,8.293538421046502,-11.2947738295243,-0.0063739687472176955,-1.0523931729951306,-0.19899832259297984,0
0.0906728746457462,-1.1030200683197775,-0.36345152492775384,-63.76652366654454,7.848026675583073,-10.554218739329965,-0.002268832384277055,-1.050370257760099,-0.20395058567185223,0
0.0950791454539271,-1.099638027272639,-0.3656992884080037,-62.78582933155587,7.546559775337162,-9.820752772895645,0.0040655254275267895,-1.0494639492150264,-0.20658364435053317,0
0.09765130270827675,-1.098290698244972,-0.3679790413962496,-61.834288926174835,7.269694767954378,-9.083068061343464,0.01100917935074043,-1.047600311991472,-0.2075145884862284,0
0.10166635007666798,-1.09222645090913,-0.3731130462093241,-60.88268517620843,6.869650344775227,-8.359802032448655,0.017478305967796166,-1.0425829485232145,-0.20992671421385667,0
0.1099225964441388,-1.0774518454981277,-0.38363919483932446,-59.961484481393725,6.301081511508668,-7.691623484394691,0.023410617965067906,-1.0348610545243218,-0.21786906653023871,0
0.12001529126405022,-1.0605727228882378,-0.39853639908785304,-59.15701087097566,5.647967551818425,-7.111796977284431,0.028683044971966547,-1.0283132155164763,-0.23285940478411088,1
0.12523436745638653,-1.0542451368142238,-0.41329451743591566,-58.56678151916485,5.030935441357983,-6.627338929772169,0.032097312713575285,-1.026910084273955,-0.25179330350862694,1
0.12168715133300163,-1.0638606564175146,-0.42554297235367744,-58.220782835618415,4.5129084276241045,-6.217657881569662,0.03212201409767399,-1.030572516924866,-0.2690700368998239,1
0.11354397034666541,-1.0821072433107939,-0.43757168962881193,-58.041603236789605,4.093502484752047,-5.849299557444661,0.028824810505559496,-1.0357751439890104,-0.2813876977231461,1
0.10901483891988992,-1.0979362020199877,-0.4512377928428006,-57.894078207932765,3.7544722659070735,-5.506115854423447,0.024688187947529312,-1.0401530932487746,-0.28987382120386396,1
0.11119215600244801,-1.1071425160991248,-0.46354406990484975,-57.6748150343293,3.4774422869763293,-5.214285390470263,0.023024746496171873,-1.044457090444539,-0.2973827913295656,1
0.1152288968570473,-1.1118801584842788,-0.46974033263047454,-57.348127074326,3.230803187065708,-5.028693677822421,0.025322969380414864,-1.0495790078969423,-0.3049582623151837,1
0.11565340110688412,-1.1134869453042877,-0.4693952546096676,-56.906049151838225,2.974426893400981,-4.978950427774003,0.029960237912142477,-1.0538585040116595,-0.3116165811074681,1
0.11430713630273388,-1.110535978529873,-0.46770935869379804,-56.31777638683889,2.6899503623583665,-5.024832436548762,0.03343421062074145,-1.0545455025244643,-0.3163347394764728,1
0.11766128858977067,-1.1035661273385728,-0.4702368630955041,-55.525229242869734,2.3950276829461816,-5.072650415788398,0.033099974775628656,-1.0508365732701226,-0.318848619716489,1
0.1263023587245706,-1.097135284075611,-0.4763268146987178,-54.47255742592928,2.1168327110318006,-5.038987941003395,0.029041229552445327,-1.0446603802111922,-0.3190199168298279,1
0.1317272232492672,-1.0945883811761095,-0.47944705096014756,-53.13944729831776,1.8495319976086577,-4.897090357271896,0.023474446741923505,-1.038876015439762,-0.3169949919684115,1
0.1261329521414103,-1.093136353804539,-0.4753431836100888,-51.57189044794862,1.5405594337369586,-4.670184676540655,0.018611343661255067,-1.034827738584679,-0.3142147967144987,1
0.11164411896729985,-1.0870960638820446,-0.4678774263502194,-49.891415632901555,1.1273521170274727,-4.394524552529899,0.015311950277513694,-1.0313653757822285,-0.3128664058407913,1
0.09725582810071604,-1.075300183767835,-0.46452926424307983,-48.25118614652573,0.5975818618152633,-4.089227003836341,0.013443061768252492,-1.0264359436512036,-0.3134660854852054,1
0.08995485226346653,-1.0631549516620997,-0.4674057005925605,-46.757774868433096,0.010075044474148497,-3.749715731576129,0.012801315618398658,-1.0198801436108358,-0.31377613509235985,1
0.09060740337474264,-1.0573813173049733,-0.4708796692040798,-45.41993634411894,-0.5559980216489375,-3.359959346592088,0.013362964697520425,-1.0140644604413258,-0.3110990850973079,1
0.09550234531210848,-1.059548622104384,-0.4680311067519071,-44.1533215900701,-1.0710807950243226,-2.9040752694042733,0.014958802841359397,-1.0109245111442862,-0.30539599996092515,1
0.10022335470330396,-1.0638507629177891,-0.4584096907566244,-42.83158937991437,-1.562088264974452,-2.3676549629727814,0.017250537030109588,-1.0088374824624413,-0.2993646000895993,1
0.10320741556458528,-1.0605606506460024,-0.44887930557565675,-41.37188344121847,-2.055986233868668,-1.7444775894734872,0.02025937284710458,-1.003844618034503,-0.29548155100423884,1
0.10621739043998166,-1.0440774846314755,-0.4463739670254845,-39.813114078870946,-2.541749358448306,-1.0552104789612087,0.024532939615983226,-0.994129798570823,-0.2937572544065808,1
0.11151018705391375,-1.0197147016433077,-0.45021949175362536,-38.30685772099224,-2.9956056914292217,-0.35038860622732493,0.03023367792776841,-0.9818388144716412,-0.2926423688508798,1
0.11896981585853418,-1.0002223953535316,-0.45301252873953785,-37.003928964166825,-3.4228693159660564,0.3210176086238812,0.03624793451430659,-0.9699821819020781,-0.29116270663172733,1
0.1260532350006216,-0.9930391271612439,-0.4491366596408245,-35.94450495387775,-3.85818079000256,0.9461201769650955,0.04091537256615006,-0.959064257258689,-0.289274480877712,1
0.13033636709546065,-0.9930429603546185,-0.44051665505825005,-35.062794826670796,-4.332428641857336,1.542792588723851,0.043629082059984566,-0.9477748200761514,-0.28682051724132757,1
0.13165017567262827,-0.989604375829209,-0.4333738223726486,-34.279019658741746,-4.8527275112971076,2.1220785513625606,0.045058949977639956,-0.9357322299741406,-0.28341292321507355,1
0.13124835170934876,-0.9778444770428378,-0.4312705017257062,-33.56670938048341,-5.411790522912435,2.6647805110671956,0.045923671761511846,-0.9239933882871685,-0.27935235995437857,1
0.12973534851566307,-0.9609915100382398,-0.4327992411895957,-32.94886556292746,-6.003428195527221,3.132092560556387,0.046256317953203514,-0.9131796049581676,-0.27589515103935763,1
0.1271681858554083,-0.944426849711261,-0.4349027925406459,-32.46013425019014,-6.622536920170922,3.488911518300768,0.045670587173413865,-0.902275711016445,-0.27442538412316053,1
0.12471017510615033,-0.9300133206825199,-0.43611789313403365,-32.11091650440446,-7.254046902306192,3.7242629300612875,0.04374324220724762,-0.8895819331570851,-0.2753675537641436,1
0.12452065346679422,-0.9155533970730331,-0.4360292636609645,-31.871633388727627,-7.867891870652652,3.871928347898661,0.040556095781574084,-0.8745386204720189,-0.27753320433585293,1
0.12731910599265917,-0.8986034448202976,-0.4339034952935652,-31.698682020305856,-8.42682594908123,4.014524919726774,0.03729651499034115,-0.8585857008383514,-0.27859268989077723,1
0.13066432694701935,-0.8807772987499508,-0.43004663116474046,-31.5845740616545,-8.897519080222898,4.240476327983464,0.03560655506522095,-0.8443993359501213,-0.2768624250663357,1
0.130928276268937,-0.8677526239097033,-0.4268665500065267,-31.560544453246745,-9.254692178743069,4.5744482708360215,0.03592173448392155,-0.8342111910118829,-0.27276519705667307,1
0.12748027152769612,-0.8639546120943844,-0.42565191298041616,-31.624426106360566,-9.484095570593484,4.954761557159623,0.037102458079027636,-0.8285418939579355,-0.2681210405008491,1
0.12345901534967392,-0.8674984268592023,-0.42353363440209835,-31.680780595345762,-9.594882193466663,5.288264334707731,0.03782505126107904,-0.8260982573557751,-0.264197826617711,1
0.12145847270632944,-0.8713744502023393,-0.417309319116751,-31.58996102009097,-9.631818295623916,5.523374716046236,0.03761936885788207,-0.8244444438992502,-0.2610427450103283,1
0.12031897117925851,-0.8694840881837025,-0.40987365413661847,-31.286036917426912,-9.665224414062765,5.672078376997106,0.036517961886865284,-0.820957185822416,-0.25849863512374527,1
0.11749309545042488,-0.8610105065338922,-0.40886665020141416,-30.82939142616852,-9.759220156935449,5.7800825583774555,0.034445457069098614,-0.8141942732594645,-0.2569929669559732,1
0.11272464703412047,-0.8497838677875645,-0.41740330592290015,-30.346197822594963,-9.946958258578801,5.887012107267076,0.03130590008858803,-0.8051656325307902,-0.2569314505815675,1
0.10804586352688525,-0.8412692250117119,-0.42812289986983443,-29.93848670100651,-10.23253123421644,6.002150173358831,0.027550195137137308,-0.7970081670720885,-0.2577401964119128,1
0.1055895010150351,-0.8402165926854234,-0.42864997329331783,-29.642537670522263,-10.60710620169151,6.098257777477727,0.024496392445139743,-0.792817248041642,-0.25822018663718393,1
0.10639834925242753,-0.8478892899470785,-0.41411156647492486,-29.42897110961872,-11.056544112997644,6.126305650162056,0.02362930685327446,-0.793492475577718,-0.2580525589062024,1
0.11033177445302718,-0.8589493220974126,-0.394006761987015,-29.223450539478875,-11.553793330366066,6.05225817107607,0.0251151916109067,-0.7972538283424675,-0.2582827541206235,1
0.11625459238146654,-0.8636069019301699,-0.3844581280396142,-28.953252582715212,-12.045569853628871,5.89272905987173,0.027480348508800944,-0.8007795504350279,-0.25983178412259256,1
0.12226347602440792,-0.8562548467772599,-0.39235206792751837,-28.601121257443694,-12.453309109609478,5.709745962900573,0.029469105120168447,-0.8010679839874681,-0.2623266504564043,1
0.1258732274426364,-0.8407146017905683,-0.4094217207393214,-28.22036034156809,-12.706071666651097,5.558657105940162,0.03153709768383137,-0.7969424007093103,-0.26517509815462,1
0.1252003529150358,-0.8254783442764697,-0.4230200520159143,-27.900998741502573,-12.788868901726303,5.442045318156644,0.03445336239195765,-0.7893179686381009,-0.26883016935864956,1
0.1212565187244579,-0.8161160840588995,-0.4289641837350654,-27.719761814691925,-12.757599901711993,5.324304922950176,0.03719897320872379,-0.7804732300296866,-0.27370846046116326,1
0.11787248697134148,-0.8128406627100512,-0.43173033221829654,-27.70115280958288,-12.701714330829896,5.186367726840333,0.037742816000435775,-0.7731039444295802,-0.27856273276935073,1
0.11774103213051634,-0.8121316391867236,-0.4356932648180356,-27.806898647728893,-12.697128165213275,5.04393364326586,0.03570141791448597,-0.7690277095841048,-0.28144704877938675,1
0.11977946233073893,-0.8097783495253306,-0.43995784351896966,-27.971433071434998,-12.795477265813314,4.9039981639685255,0.032978853837579855,-0.7677338121099726,-0.2821355358918275,1
0.12166364826293122,-0.8046852505096772,-0.4418597592220723,-28.163498715765463,-13.03756353712327,4.728782659744077,0.03149530046404237,-0.7667110993442189,-0.2825435148687878,1
0.12309760335768631,-0.8003408024955814,-0.4431502015785593,-28.41192600847019,-13.447322918224506,4.46917582446301,0.031227151800258816,-0.7642861631312071,-0.28483089356515995,1
0.12482398152403298,-0.8011079414744489,-0.4492552762246132,-28.769987590532796,-14.005691219443246,4.123952653482971,0.03121618257731963,-0.7618449308677764,-0.2895732867517788,1
0.1259354322589885,-0.8068198195119067,-0.46117928374076,-29.264950508814234,-14.65122968687271,3.7422672236549555,0.03166213885096596,-0.7622999755777953,-0.29548869979298603,1
0.12446469137971934,-0.8126920644784631,-0.47176995541889527,-29.882802903481323,-15.322893775565081,3.37733749649454,0.033539373938033565,-0.7666356231950204,-0.30062423646447745,1
0.12049907565992696,-0.8157708445445686,-0.47355528963169063,-30.583551732435474,-15.999339275793474,3.0633286306791185,0.036421047283871945,-0.7730124801488404,-0.3040216450932459,1
0.11699663449960385,-0.8199166125928199,-0.4682829504831001,-31.314486580359063,-16.695944194703635,2.823016962281834,0.03838198401343611,-0.7794163214639037,-0.30636741088917685,1
0.11681412059081364,-0.8318178822893877,-0.4650342059660593,-32.01019015441268,-17.43064063145465,2.6540721999923247,0.03843507402549742,-0.7864649661128152,-0.30895698580317293,1
0.11967790180714924,-0.8525630268933312,-0.4693664575834228,-32.5954470627852,-18.193783170284267,2.5005463463982354,0.03768743472812763,-0.7970978320678175,-0.31211355166278293,1
0.12264351472772843,-0.875885789467993,-0.4772318716717193,-33.00238169432133,-18.954101707731937,2.276522075974898,0.03734208499957244,-0.813297641355681,-0.3148563800656831,1
0.12296749925233341,-0.8946241240904561,-0.4806736513730247,-33.191060717779436,-19.698853933693048,1.9461412378652068,0.03661958627954736,-0.8329529594233881,-0.3163342480735896,1
0.11994702259356431,-0.906095893587084,-0.47809115481428643,-33.16422742085857,-20.454975801856246,1.5705730662865234,0.03376318710157628,-0.8501873377417826,-0.317527657053713,1
0.11464780929355614,-0.9110221064497639,-0.47663131456867264,-32.98140249601905,-21.2530970987157,1.256977456488108,0.028603091791231335,-0.859520175439766,-0.32106427070589494,1
0.10898938434746934,-0.9106825603218746,-0.48357393325718234,-32.76197685477338,-22.078055480597026,1.0577366051337038,0.023213088822661095,-0.8603124500961323,-0.3288732298626988,1
0.1049679589548573,-0.9071968424329285,-0.4972220721425643,-32.64541001136764,-22.871792516350226,0.9232889808322011,0.02022064141779647,-0.8571366722935972,-0.3400022790088149,1
0.10365591802244598,-0.9043754813831324,-0.508654566857619,-32.71403144382105,-23.58304882928241,0.7534745402079979,0.020722002064287807,-0.8554860476513096,-0.3510463780430699,1
0.10446478669271692,-0.905003831568767,-0.5118927984023434,-32.94869092592372,-24.204137212626637,0.49439362063355047,0.02320391335878139,-0.8570818747057333,-0.3589223570614678,1
0.10561279938922241,-0.907386783058028,-0.5099370346957441,-33.27050784123571,-24.76395833787739,0.18566411984007145,0.024405960521689134,-0.8594975560630951,-0.3632050211364173,1
0.10537067418979891,-0.9072556721001837,-0.5102800512867007,-33.6231766247769,-25.30198916913635,-0.08415539869701483,0.02229277610066394,-0.8598239011159805,-0.36575061742963466,1
0.10308186680998904,-0.903516585040731,-0.5162460480376654,-34.007671468508676,-25.857454102256515,-0.25905840540975084,0.018409831354363627,-0.8576657190623147,-0.36828553873173886,1
0.09985514500425034,-0.899619084471555,-0.5240711508265176,-34.454101389288034,-26.472045095303994,-0.3469606117423089,0.016292474960624848,-0.8546316595381118,-0.37065645038977474,1
0.09844520390028656,-0.8985658514271138,-0.5277737786605866,-34.98739105792571,-27.181123716263937,-0.38370223167293815,0.017512029833420668,-0.8523267969610443,-0.371401882620224,1
0.1011335555724737,-0.8991330086358855,-0.5254393568217806,-35.61919380047036,-27.98935732830667,-0.38831148237099566,0.020398475965866594,-0.8515028258870415,-0.3697878004078097,1
0.1068519568443231,-0.8984906682951287,-0.5205916510184448,-36.34563345830168,-28.857617869031557,-0.35807736295169573,0.022564039404967505,-0.8520001833153912,-0.36709590087388794,1
0.11119975530303326,-0.8967934134658732,-0.5181818711641121,-37.1395064788873,-29.724501796937343,-0.2918762567291302,0.02333104560599295,-0.8524972170772641,-0.365620292844143,1
0.11024272372444564,-0.897001248269579,-0.5194701533048081,-37.960446611509795,-30.55076685007095,-0.2046717664989937,0.023397785491559138,-0.8512048537409715,-0.3661604998019202,1
0.10446178788052135,-0.9001920259710888,-0.5209106822801317,-38.78597043476804,-31.345889076698143,-0.11925690616267962,0.02328213755163798,-0.8480128277617714,-0.36690963478730665,1
0.09896596222757412,-0.9031475288459772,-0.5185061977472467,-39.621281857602895,-32.14905773731956,-0.05047972549405129,0.022881829848710306,-0.8451822740533607,-0.3653866030187696,1
0.09942305747419591,-0.9021353885072081,-0.5131270787603376,-40.47444040220142,-32.98568250219269,0.00046428594456020527,0.022232941121112064,-0.8445823284213154,-0.36124407291367844,1
0.10684070902178402,-0.8974762017493902,-0.510368069976637,-41.347932145553216,-33.84732611438639,0.04213855329143301,0.022039347022847145,-0.8449735409955483,-0.35668506357769536,1
0.11609862823811119,-0.8920369341760682,-0.5142375322316299,-42.266924879834946,-34.710415022975496,0.08874733365923987,0.02307361578096605,-0.8434414560814613,-0.3543096179814883,1
0.12037480784571641,-0.8868161283309414,-0.5219328572729103,-43.28794152465625,-35.55993824294138,0.15740613982631432,0.025145065917970465,-0.8389194581536048,-0.35496937608543533,1
0.11755809306348845,-0.8812894739112435,-0.526823487541521,-44.46276254319249,-36.386908308427195,0.26268170260645357,0.027157687740424423,-0.8330250845406602,-0.35757835470164734,1
0.11197270819525613,-0.8770498218941953,-0.5263169663347823,-45.810540068512694,-37.17397241271297,0.4073519425642488,0.02840692274060876,-0.8279934284588765,-0.36047596211510474,1
0.10931977381707804,-0.8771072736066825,-0.5240427825368097,-47.32496487778776,-37.8989448944483,0.573973786961932,0.02923791861519605,-0.8250351263922795,-0.3626889507659809,1
0.11050384524208659,-0.8809282797007564,-0.5237957265031209,-48.978432695963626,-38.554648726926644,0.7286160585956784,0.029875536844668885,-0.8242929723260827,-0.3641477662418505,1
0.11166978255733,-0.8831983290738924,-0.5246824912081011,-50.71179964202694,-39.161241520852755,0.8464247647380793,0.029307950290378727,-0.8250265089868553,-0.3652411106585953,1
0.10990032437048927,-0.8791946040747701,-0.524141984153322,-52.45095825174473,-39.755352336481046,0.9448574931772398,0.026519453023442115,-0.825724191550533,-0.36650512807208596,1
0.1066920996999419,-0.869993933863628,-0.52297095614694,-54.156719672498774,-40.357605865413014,1.0864043686141478,0.022514573957180154,-0.8250427276287106,-0.3685903838892729,1
0.10534066189026263,-0.8610962423106908,-0.5242325337235854,-55.849614176325304,-40.94133901843598,1.3341710939599496,0.01986314224428728,-0.8229216681713578,-0.3719186836024092,1
0.10721789729379899,-0.8568554544316528,-0.5281916815196049,-57.57169944602704,-41.434379587972444,1.6992510162699566,0.020387789826136808,-0.8202530947783597,-0.3758869309365652,1
0.11169714784848084,-0.8573763730821935,-0.531255154492171,-59.328364503159946,-41.75727867149209,2.1334601199371117,0.024184204390810152,-0.817558801526747,-0.37870693705730274,1
0.11757930036620219,-0.8598318896457039,-0.5302847340846772,-61.077769523866685,-41.86460834991709,2.5712665667081964,0.03026274281078381,-0.8146051846643027,-0.3786688489513829,1
0.12324502848033647,-0.8608984521338909,-0.5260310928651538,-62.77176571878849,-41.75862717667245,2.9780145444372135,0.037032010610491176,-0.8110980452258916,-0.3756574414594933,1
0.12729747460703325,-0.8580017379052889,-0.5215599082038698,-64.38856182828357,-41.47528473457571,3.3681893351711056,0.042749659651620586,-0.806902496450059,-0.3712338970819035,1
0.1303883725377595,-0.8502362800114427,-0.5185680339953601,-65.92089008835636,-41.063157916318524,3.791862720889751,0.04667794876622963,-0.8015406402856877,-0.3673705312506754,1
0.13475309922116444,-0.839261675787103,-0.5165075476009743,-67.3576399429117,-40.57880417048315,4.307879699644425,0.04964301952036578,-0.7944373378885721,-0.3651884036727996,1
0.14073252906703426,-0.8285019173461184,-0.5150514368209994,-68.70484963774571,-40.10603434137186,4.959346841350703,0.05276500270113185,-0.7862191989194177,-0.3645113162465293,1
0.14543339227514135,-0.8203780239355254,-0.5158141410299572,-70.01634671543805,-39.76872625476454,5.757678937926038,0.055921848940101396,-0.7790075761518246,-0.3643264164429726,1
0.14647971230809712,-0.8143784126602254,-0.5202839702405412,-71.36972001203029,-39.69097647551656,6.681323501650374,0.058256984742264685,-0.774405207286693,-0.3639577117809124,1
0.14582336418143071,-0.8082886090234368,-0.5266532782061939,-72.79940233186429,-39.912730342437335,7.692305332004844,0.05993612208605442,-0.7714020937684132,-0.3639904901815656,1
0.14767838527094493,-0.8008732661452479,-0.5307064334048589,-74.27618564114267,-40.33613036836718,8.756922439432262,0.062147370000743,-0.7671865875897026,-0.3656671814353514,1
0.15311174620130774,-0.7927247586879025,-0.5305882591001819,-75.77069767636591,-40.75808651658644,9.851155501228911,0.06516130421435314,-0.7601243877194287,-0.36925203605581086,1
0.15888678931619482,-0.7851598221592081,-0.5292162934757607,-77.31402416617776,-40.960633790975926,10.950987968881208,0.06775227799635769,-0.7513310580376298,-0.3735307841573893,1
0.16186785821944186,-0.7792817975651225,-0.53082519889834,-78.95822281338063,-40.79316838739659,12.024967844827136,0.06906669553238248,-0.7432123758598913,-0.3771127008364089,1
0.16219686617604384,-0.7755074496250352,-0.5362188710853418,-80.67970061879524,-40.21842010188571,13.041922181633046,0.06966275256317937,-0.7370926320206145,-0.37975000581572366,1
0.16093592644936713,-0.7730374572739668,-0.5425609707158016,-82.3603708739527,-39.329279285314186,13.991327891959404,0.06979929080914138,-0.7326749156480593,-0.382238253707751,1
0.15699385555955417,-0.7705273307761662,-0.5469636457830123,-83.88032004805747,-38.32590801833589,14.900229487028191,0.06798170157098447,-0.7291586462934998,-0.38548130581601114,1
0.14926656287925427,-0.7678339959275919,-0.549674369496698,-85.20388207496765,-37.42939625854641,15.827241337349582,0.06271021389057281,-0.72583747073312,-0.39000214198587485,1
0.14092346923682494,-0.7655763437849995,-0.5546634982578504,-86.36111271839151,-36.76225902547836,16.824952378308275,0.05535871906882383,-0.7217201404625068,-0.3964024178593357,1
0.138308802839284,-0.7624213213159647,-0.566658875231348,-87.38316187685386,-36.282970784273566,17.886817450338192,0.050197293859354813,-0.7156238718689842,-0.4059766729864973,1
0.14462397849714145,-0.7551623422353615,-0.5859628536352548,-88.3021919330886,-35.82289935767784,18.923166720062344,0.051140764177052773,-0.7069625285455504,-0.41999457382132477,1
0.15654327838794804,-0.742776397246346,-0.6070842756378749,-89.20345010791192,-35.18533775556952,19.804725665709263,0.058540896802528795,-0.6960598554359748,-0.437944940026454,1
0.1680437472073939,-0.7282575093687804,-0.6245573568955128,-90.2246141850995,-34.23843973360861,20.450473614597495,0.06927916608707226,-0.6837531283180894,-0.4574908178852606,1
0.17628239653598873,-0.7146577391557362,-0.639303580286892,-91.4761332549006,-32.96176765666796,20.88363968144439,0.07989246547201513,-0.6707628858462428,-0.47711229940678707,1
0.18310216673786983,-0.7006841000324119,-0.6575932423630353,-92.97302855363245,-31.430174524115284,21.211206666826083,0.08906105660623342,-0.6568763833409614,-0.4981581752346677,1
0.19221596927365453,-0.6819267511654159,-0.6846712977505589,-94.66208245219228,-29.74356514782727,21.561904259379336,0.09720263010222367,-0.6404622100194741,-0.5234126949688803,1
0.20560586559275604,-0.6557445062601558,-0.7207742917099058,-96.52918509317666,-27.946507494013403,22.04088394147392,0.10523312002706263,-0.6193062536087756,-0.5541947022957634,1
0.22166210137394485,-0.6236999364263395,-0.7627010853546105,-98.69431751457876,-25.98958092560745,22.710911247012206,0.11450192193356018,-0.5925134938311728,-0.5900757285865081,1
0.23654136713593063,-0.5899512088053337,-0.8080074719190175,-101.4043442707961,-23.747299139372846,23.578549668488193,0.12640421182378944,-0.5619698735040882,-0.6315534550835027,1
0.24791103103738174,-0.55881920050194,-0.8573920797331407,-104.91091981399764,-21.066549701853802,24.59073762218459,0.14071573637741489,-0.5320864614709304,-0.6815739636758843,1
0.25709170239774454,-0.5338788198108168,-0.9132257074297452,-109.3121534876807,-17.81523482363176,25.665603389372595,0.15504333622482333,-0.507744123757501,-0.742663286336823,1
0.26693897461782273,-0.5180085951913339,-0.9757489833568392,-114.46545177916522,-13.91866321963847,26.743984629458662,0.166698930007411,-0.4920216739656687,-0.8121486353359973,1
0.27806812639912326,-0.513234865360505,-1.0406041834174442,-120.03160687335816,-9.374904413974768,27.81292667948658,0.17463438628108752,-0.48573122353089504,-0.8816929796074773,1
0.28839633716872637,-0.5201654390418219,-1.1008593504801918,-125.63293248140153,-4.235187185648048,28.877533486227367,0.17977789691690857,-0.4886530967569395,-0.943232850193091,1
0.2967614701859206,-0.5373481867131409,-1.1530343359775301,-131.040354461118,1.4442919106003846,29.900519491431233,0.18476821804484517,-0.5002697133071595,-0.9953331830737756,1
0.3053225701465987,-0.5610977506391867,-1.2011116452745918,-136.27526133849722,7.636384876553279,30.738715414606308,0.19293435559042432,-0.5188930345112008,-1.0431229328182312,1
0.31668020943068936,-0.5866978060792125,-1.25247404656506,-141.55604242017276,14.329293448814724,31.11802824852346,0.20543550387456574,-0.5411142833376547,-1.0928816347514412,1
0.3296238793263213,-0.6115488326114004,-1.3093612786023825,-147.12192024525467,21.500020854857524,30.709798472367645,0.21897627962454372,-0.5640695123130502,-1.1472760670191198,1
0.33948779225033543,-0.6383982571547949,-1.366213958124738,-153.04059986877854,29.137840718031285,29.307919302886365,0.22774177089090203,-0.5889726090057336,-1.203982504675048,1
0.34174856990104596,-0.6740498091336138,-1.4153748166096158,-159.0939025211896,37.29098481590113,26.96795962296208,0.22783454386183477,-0.6206949565026256,-1.2569200187627354,1
0.33376701939730236,-0.7221492418228366,-1.4529863283929756,-164.78486333032959,46.02217034167258,23.964802767786022,0.2189406118293176,-0.6620851964779795,-1.2995464679249633,1
0.3148407803213882,-0.7774085703149459,-1.4790955763813163,-169.4789855305771,55.25274758089796,20.625094448406603,0.2023416663944579,-0.709502160061302,-1.3288201260274497,1
0.28732944917036063,-0.8294172580295265,-1.4942057002842124,-172.65221395387056,64.66444871954086,17.223321040236875,0.1792426240957527,-0.7553801041719976,-1.346012681114572,1
0.25666464817013646,-0.8717986575782389,-1.496339528584057,-174.1299054747202,73.81911228237233,13.98845410487238,0.15115490770724904,-0.7943523700045683,-1.352207461128907,1
0.2268845903806144,-0.9048696490147944,-1.4805968139846497,-174.13899725556075,82.41125990192724,11.083346651649952,0.11990515006874664,-0.8255173406532627,-1.3427964572854267,1
0.19594847791896072,-0.9298847254550788,-1.442503520146737,-173.09713290681344,90.40675907211578,8.498814473494829,0.08626825586679275,-0.8496738949827746,-1.3090669501720573,1
0.15829137574832672,-0.9445448836491876,-1.3837653338928675,-171.30897721061808,97.94352425052148,6.01303343815264,0.049736362426679906,-0.8660812994757949,-1.2484377294726636,1
0.11250695482838637,-0.9454403229930362,-1.3142891055535397,-168.86030369521225,105.08196487889839,3.338425665414511,0.010551755065347345,-0.872000651660553,-1.172429302283428,1
0.06423859250285582,-0.9324986035051455,-1.24596497874066,-165.78493282968674,111.56513526271468,0.3222324203151243,-0.028571410699902697,-0.8648678001847746,-1.0999953452461002,1
0.020891932429979672,-0.9093220285329963,-1.1830650642383782,-162.27149963613456,116.72655511115764,-3.018583098633763,-0.06371325076984861,-0.8451038252326201,-1.0404568965518464,1
-0.015341374789597146,-0.879548603148509,-1.1195744813377906,-158.70235068929733,119.64947638373977,-6.610512166861822,-0.0934942439228858,-0.816565805813326,-0.9851787694812908,1
-0.04877540404818054,-0.8431511154239032,-1.046754713741699,-155.6010119370177,119.56230880839666,-10.381552734510086,-0.12128123956478112,-0.7831194857719579,-0.9181472530901879,1
-0.08483370664496581,-0.7959976126761259,-0.9620980876021781,-153.62291367967427,116.25465961355383,-14.220845492453472,-0.15214022628332644,-0.7443208353200435,-0.8326594536511746,1
-0.12452192975646999,-0.7336664024138736,-0.8693113246690404,-153.47909497605963,110.20860092946629,-17.991527727518243,-0.18741873363551026,-0.6954389164771568,-0.7349921859492181,1
-0.16541389523385241,-0.6575449038407314,-0.7715123800997792,-155.6125108451838,102.30650214382204,-21.61836757904969,-0.22417222111329202,-0.6331401970381301,-0.6340998301540045,1
-0.20661146298739191,-0.5784050300709107,-0.6690267327227676,-159.78617481730186,93.31913035467704,-25.085459242240354,-0.2604377460096484,-0.5617286382821509,-0.5330903963465994,1
-0.250779576514759,-0.5125797016787114,-0.5651165359105015,-165.01959883273497,83.5990261450165,-28.319379220917604,-0.29947299016711987,-0.49318604478208844,-0.43208994951865043,1
-0.3022312021292829,-0.47173899368414207,-0.47099439838619195,-170.01868938601254,73.22010601163093,-31.166686631285515,-0.3474931264802979,-0.4402921217004299,-0.33604844880843077,1
-0.36370121199266764,-0.45528468553329315,-0.4031821010531359,-173.71425442554863,62.343735453399105,-33.576864301763514,-0.40709556631042704,-0.4093218482560658,-0.2574801023069069,1
-0.43267572833044726,-0.45351939741570124,-0.37499560937538456,-175.49366571130392,51.368880069483545,-35.77178371947141,-0.47353405081234545,-0.3985092027814138,-0.21179897539122197,1
-0.49847595837330977,-0.4580832284867206,-0.3880559240274372,-175.14644354438227,40.69043134844792,-38.09101571499521,-0.5368927805717478,-0.40199311968759566,-0.20881910964774908,1
-0.5433539454721336,-0.467645766343787,-0.4306680294720353,-172.77404815739553,30.31668784673734,-40.55164315394004,-0.5846822091850632,-0.41428629434207737,-0.24583221440045827,1
-0.5497010234681975,-0.4828548062124048,-0.48524538428224445,-168.7795897904298,19.750115353769807,-42.56578616175642,-0.6015303645244623,-0.4309776162577621,-0.30694472948461216,1
-0.5098094851850752,-0.4979436527486413,-0.536077470247004,-163.93608399083993,8.29858863943372,-43.16998591570827,-0.5727628594275421,-0.4462626787046985,-0.36883426560087273,1
-0.42960680611963004,-0.5004887422118426,-0.5690322319620725,-159.49106565364923,-4.452375048658044,-41.59725327572836,-0.4949230715235036,-0.45231503616534907,-0.4086807061862856,1
-0.32320776714717236,-0.4802771874171426,-0.569564667790137,-157.11235509958735,-18.485897496765567,-37.700169729457315,-0.38199092117493694,-0.4427805286912346,-0.4104281647593135,1
-0.20655579326476506,-0.4369272627564425,-0.5283731115898109,-158.4117907871473,-33.65248687832491,-31.94850034957046,-0.2582411042667248,-0.4158289213973334,-0.36817673400419754,1
-0.0965887181822577,-0.3788910740662477,-0.4488639466974569,-164.11544377794345,-49.97664117827408,-25.13685928619514,-0.1456009976698615,-0.3730228277072444,-0.28682922339182265,1
-0.009565807801331467,-0.31745499238924924,-0.3456507535961464,-173.40170214803186,-67.4583974810938,-18.095265616987454,-0.057465998209421984,-0.3173799073218298,-0.18038722953465355,1
0.04662820037954968,-0.2611375364082185,-0.2376228872065523,-183.9239638062468,-85.47181914386282,-11.563606856004085,0.0005305422645102472,-0.2535973873519025,-0.06873604537228219,1
0.07691934445199071,-0.2104614786543171,-0.14574286957938556,-192.60370989063617,-102.45691510151818,-6.19519479532557,0.02862196648416893,-0.18676877200173903,0.02583452252194446,1
0.09157048149927802,-0.15513137386528408,-0.09258033324652754,-196.90178938231577,-116.44797001363936,-2.5305287507129046,0.03210689412391471,-0.11768133070442939,0.08262187278619937,1
0.0959484578513645,-0.0805632703311896,-0.09296443196124461,-196.01286496665577,-126.18924198056628,-0.8004756549665024,0.020718909942063185,-0.04112557974738102,0.08922263069782571,1
0.0911548691925086,0.017465709309589107,-0.13998599450471338,-191.20301714405295,-131.96671905445592,-0.6505365179017797,0.006725846331489848,0.04772726791189768,0.04984654896182821,1
0.08164464151025054,0.1252563137040855,-0.20478851531848308,-184.81433506750164,-135.46584777589584,-1.1379183431275095,0.0001910793992425889,0.14521180483829074,-0.013049555343550505,1
0.07534650426609063,0.2218443375482822,-0.2568189714663737,-178.55215519485205,-138.77470217060332,-1.208126746703126,0.0031069512037275025,0.2394184550799173,-0.07099254127659109,1
0.07567134153606174,0.2967992514804302,-0.2866191094900696,-172.53968797208714,-143.3124528108637,-0.30674260938849385,0.00901819163311304,0.31857796028582863,-0.10878764600298468,1
0.0800028027591727,0.35393385789388165,-0.3081362683319444,-166.0174518270044,-149.3963834063744,1.4748155918087194,0.011740392056299793,0.37764164483285223,-0.13296221363281283,1
0.08921978720233516,0.3983274557164209,-0.3396176156992279,-158.85962414411506,-156.54429428847507,3.8212468260931787,0.015303320569449603,0.4168928984249123,-0.16045163241159552,1
0.11225217600202719,0.4258086884333532,-0.3845268401157321,-152.16394977511024,-164.08007426538876,6.616724660252127,0.032226625851619,0.4369303272175808,-0.19949727037444082,1
0.1535182042274605,0.4280316235273789,-0.4303196637545757,-147.220291418111,-171.55244952506723,9.841261712680522,0.06884391086513349,0.43724638787676184,-0.2423923998516634,1
0.19726919259801606,0.40378079115251414,-0.462127227120107,-144.03498705217152,-178.78678302864282,13.0859262074447,0.11233045566509153,0.41896402852354475,-0.275663310813332,1
0.21216345962072639,0.3614169034525018,-0.4766211778937952,-141.0688084705335,-185.7519417653068,15.300043723398996,0.13438425950332702,0.38676589444994114,-0.2947881218652591,1
0.1755384019338152,0.3127353184343679,-0.4853098435854887,-136.42297210287063,-192.52360233114024,15.153901641905458,0.11031478957987273,0.3478030547507576,-0.30819445457391,1
0.0920010710520725,0.26957904143355244,-0.5065843330337763,-129.20215951789623,-199.33206495143247,11.786421147964612,0.037327611963193674,0.3108934741928678,-0.3298322988131244,1
-0.012036244650825784,0.24672052129059135,-0.554318326042063,-119.90455258266732,-206.3736472393288,5.333690076061324,-0.06372409410148232,0.28830922747493715,-0.3713702071984131,1
-0.10884408489829613,0.2619662901746518,-0.6315498610461667,-109.93016361842741,-213.34726980964805,-3.1900285966601865,-0.1637712136281328,0.29588646619085796,-0.4392533323059882,1
-0.18290763951192635,0.3269299666687499,-0.7299254050882534,-100.95466664749489,-219.32256835574253,-12.574729141048417,-0.24282249204191403,0.3461504011525529,-0.5312693656656914,1
-0.22924474806327239,0.43635407464509673,-0.8308397178008544,-94.47344370306844,-223.43319722493288,-22.175859678122578,-0.2945319573542368,0.43828847781663566,-0.6317223270068225,1
-0.24826577734163582,0.5691696045053883,-0.9101310238488324,-91.32491259465249,-225.79707577561035,-32.238803541318255,-0.3210815648615988,0.5563987744399757,-0.7153012783222956,1
-0.2491217822020026,0.7026650685432374,-0.9514100201169743,-91.25208107296336,-227.4707274796463,-43.547897178536466,-0.3311710550455386,0.6807320966310245,-0.7637589368841289,1
-0.2545611650693714,0.8266280001835281,-0.9594295631210733,-92.98776982252548,-229.24112239134578,-56.56276913601636,-0.34186134364977355,0.8016001968547162,-0.7796421321347758,1
-0.29170681360635536,0.9419571235936249,-0.9527976658950231,-94.96192798090415,-230.54955996594623,-70.58917467353893,-0.3737505869828992,0.9200898732460845,-0.7776658570754718,1
-0.37191427769745283,1.0422511170430278,-0.9378082789742156,-95.71781909676912,-229.89841745687966,-83.68806908033186,-0.4393480366149016,1.0322613711068056,-0.761624501456859,1
-0.4824016586282628,1.099823790049006,-0.9014470982216563,-93.1161211428411,-226.42357287209393,-93.655913732062,-0.5372964065339235,1.1141888640419626,-0.7211292113397758,1
-0.5986808109571823,1.0807497837842683,-0.8428047338696948,-83.3246722333408,-220.85034570692994,-99.57790814031972,-0.6547698798756708,1.1299950775081173,-0.6598720879269806,1
-0.7002530272547204,0.9784863165314455,-0.7949717919491819,-62.15000018484989,-214.8965459736172,-102.86936113801373,-0.7680839118923626,1.0603510118978512,-0.6120536662251002,1
-0.7833242030570442,0.828616291123006,-0.7874962498360809,-29.045391294430264,-210.4760235892304,-106.97345328756363,-0.8531282468361876,0.9246194794601146,-0.6059233147518122,1
-0.8910078258586394,0.703686033156316,-0.8001957421646387,10.415168803151484,-210.061396229213,-115.55391918782351,-0.934760427918335,0.789081662095071,-0.6207174190828864,1
-1.1394171812418268,0.7271132720209181,-0.8089356161928738,47.944170042298914,-216.30851471166284,-129.36089047304205,-1.138997501767574,0.7816394940947011,-0.6282961035171514,1
-1.643394949759378,1.077974084957265,-0.8901193954628808,79.19518815661453,-228.0126825215038,-142.7048990876933,-1.6217546645882788,1.0847983086593624,-0.6946881193445202,1
-2.320237823189787,1.8710910855554275,-1.200100003834099,105.22282551012161,-235.3769014036948,-142.91882944297265,-2.3367627497565926,1.8146421013032608,-0.9733072176811205,1
-2.7851269603465814,2.930633080337589,-1.7741568747723542,125.86030401639624,-223.52085634999065,-117.39039725983217,-2.8853086678126876,2.8110565867569157,-1.5204448309748273,1
-2.605584413773414,3.7437790688106865,-2.3900102217954537,134.03956585215008,-186.55038890091822,-66.69353775810347,-2.7714401396949135,3.5955333574705133,-2.1452815612625558,1
-1.7927171746182724,3.798188828757101,-2.726452461618764,120.53054667666842,-139.00007636653197,-11.95508036987183,-1.952593991527519,3.679327048643899,-2.5329442059492178,1
-0.9617509007192458,3.003127306924873,-2.6519036229186574,83.96772390486888,-108.91093360681562,15.343892778892203,-1.0535149668200678,2.9554854763675076,-2.52349145562209,1
-0.8072423954263681,1.690157622771653,-2.2876635892492603,32.548107302529175,-115.38297315487911,-3.3630344782062593,-0.8220056380114463,1.7156842457667139,-2.2060007911862898,1
-1.3633071734069664,0.21867841636665614,-1.8163444554918602,-24.22796253794244,-151.23891714224504,-57.1211920851907,-1.3213258864843933,0.30073363952093823,-1.7587248566910871,1
