ADXL345_Acc_X,ADXL345_Acc_Y,ADXL345_Acc_Z,ITG3200_Gyro_X,ITG3200_Gyro_Y,ITG3200_Gyro_Z,MMA8451Q_Acc_X,MMA8451Q_Acc_Y,MMA8451Q_Acc_Z,FallCheck
0.14062244298487273,-0.9218717222652969,0.2656069867887009,-3.1736598516512444,1.8309914812847723,0.12203595272152273,0.05956955350411714,-0.8798829543896503,0.4179662391119916,0
0.13472523106551437,-0.9181710316033908,0.27078744550125805,-3.2479941279177047,1.951124974567294,0.08159354283873321,0.05837439356729759,-0.878329585917491,0.41742504004131575,0
0.1307408052691508,-0.9145525146607484,0.2713985964039975,-3.3119388502504155,2.067867011794135,0.014979768125665139,0.05696857390915766,-0.8791273735193724,0.4169577853282171,0
0.13047144615704512,-0.912210355652757,0.2669329957884065,-3.3722546098163244,2.1987114881150602,-0.09801663806300184,0.055416177632240056,-0.8824988802349554,0.41666264923229934,0
0.13387580518451841,-0.9127814541004834,0.26053162710342803,-3.4382549450459168,2.359812413908465,-0.25112847133268534,0.054292736389918966,-0.8867642329790053,0.41654230027317346,0
0.1379654546402642,-0.9167458649137274,0.2560234547833188,-3.4988957065896713,2.5452022148762885,-0.40480958060443284,0.05421151796865176,-0.8903746489849346,0.41668220196011563,0
0.13942604236785203,-0.9229197691790378,0.2561516899048424,-3.5247437350229966,2.749210934265865,-0.5183695263448798,0.054807029540080446,-0.8932125554515067,0.4175132816970441,0
0.13838341528113934,-0.9294907920088507,0.26158034983657125,-3.481219508422165,2.983634030495264,-0.5881188755417638,0.054799073272812,-0.8958166602447694,0.41938103798897136,0
0.13756168771278807,-0.9351160982949585,0.2694906676141042,-3.3323020736076794,3.2467500926997688,-0.6433297907616194,0.0536198170047664,-0.8979391251127913,0.42184733061162494,0
0.13781277910575798,-0.9387533876992519,0.2742843622031038,-3.0538736251529155,3.4967407424986185,-0.7100679806916385,0.052390629517244616,-0.8986556550642226,0.4239145122483677,0
0.13708518193429697,-0.9391900158449369,0.27275245120396435,-2.6664785177171777,3.6843192195569547,-0.7887195519926712,0.05256217217079839,-0.8978469537686894,0.42506436131377373,0
0.13437001974247897,-0.936001096833942,0.26887789214372587,-2.2398717106036163,3.802326963358299,-0.858858610997047,0.053980969646255775,-0.8966414969624513,0.42570451790769237,0
0.13211815686285328,-0.9308112736227644,0.26997620092101476,-1.8378628929669034,3.8814470605232962,-0.8967545966091922,0.0549900964803867,-0.8959635459995431,0.4264211420021594,0
0.13317750533146044,-0.9263312662143547,0.2765122565012486,-1.4661302175255693,3.9414143921434346,-0.8961466439344211,0.05430690716216019,-0.8953574791716895,0.4271511608864146,0
0.1366473212143605,-0.9239027504181025,0.27987114756958525,-1.0989440955356242,3.9677531304321114,-0.8781448643116477,0.05237061702619246,-0.8937925603396975,0.4274092222264685,0
0.1385214875422182,-0.922756611805274,0.27355153822661743,-0.7502478914840018,3.9423833408655318,-0.8730226752355432,0.05080224557831091,-0.8910374713198572,0.4270588785901011,0
0.13652326532015785,-0.9217866150207885,0.26288494804229345,-0.489589388260144,3.8819068130645897,-0.8898804013952,0.05072792148577953,-0.8876936346620606,0.4263675025210664,0
0.1329773917035105,-0.9210042002151821,0.2588926194675046,-0.3807531229690675,3.8339263340319527,-0.9121929543066062,0.05182184663211814,-0.8844497716748501,0.42542429896824974,0
0.13175818090049232,-0.9205883533724835,0.2646378365494884,-0.4174546944732308,3.8405461159797496,-0.9233488209227155,0.05292388977936025,-0.8819318325614135,0.4242295488970276,0
0.13318046249645443,-0.9199647675150489,0.2726526656447808,-0.5208295212518175,3.9113443003873742,-0.9290430735846934,0.05317107296163275,-0.8808249313486666,0.4234963540061246,0
0.13395971596822487,-0.9194220905256761,0.2752395225127705,-0.5875255525213455,4.025488142186403,-0.9550511980577364,0.052394279087334884,-0.8814476443086742,0.4244753733074361,0
0.13245238330580134,-0.9209097885038184,0.27231812697776386,-0.5396951356511384,4.151251321762356,-1.0259479570505883,0.0508621939024061,-0.883342194722968,0.42741102045106677,0
0.1314546082720098,-0.9246847192839484,0.26786325981063924,-0.35209338779768495,4.265338412216232,-1.1369905155381426,0.04894009771013093,-0.8856367164091364,0.43072498557751415,0
0.13384872412173507,-0.9269373065613856,0.2636222271972487,-0.058803093049606917,4.3632723906683895,-1.2392514847152876,0.04683071554661279,-0.8876193932476528,0.4323986263843109,0
0.1370405212852096,-0.9241688352613882,0.26031409504909175,0.2592053926095985,4.457492584551052,-1.2650686882386524,0.04451572484458064,-0.8887967806219981,0.4320400704111015,0
0.13495619475942855,-0.9184524901806912,0.26102099026332537,0.507515396251382,4.559748392103276,-1.1830882066602881,0.041996280942876975,-0.8887647778603629,0.431112920303524,0
0.1257654311056356,-0.9147194132423356,0.2674265667677439,0.6246011474483752,4.6537614280828565,-1.022303701311773,0.03947877638760535,-0.887361409162243,0.4311416575948118,0
0.1147370660024676,-0.9144460672947452,0.27484938382240115,0.6185810212341137,4.687532239139049,-0.8346189605742657,0.037116201218750415,-0.8848390961496444,0.43215532208240776,0
0.10848307667858394,-0.9155694644990573,0.2765870304387881,0.5584063305401997,4.6109361197519485,-0.6457165514891919,0.03477182879339359,-0.8817357018818456,0.43295931887558325,0
0.10839750625146836,-0.9165564390153291,0.2719189064393306,0.5060383990503275,4.426707878901184,-0.4498525695726615,0.03250430521270264,-0.8787104011655442,0.43241968327093594,0
0.11069004078527618,-0.9169757619024524,0.26562802805026414,0.4481255095812329,4.187408616068394,-0.2369294218625311,0.03113097431097015,-0.8766365732757464,0.43026226679613133,0
0.11166770977530088,-0.9161047692794021,0.26119427698044606,0.31097304020023153,3.9369147148437866,-0.011306437416696163,0.03165996255617595,-0.8765354387926685,0.42708720591129046,0
0.11188448549960994,-0.9145214699446714,0.2588358877194271,0.053564199492883005,3.6782874639400602,0.2079331571147196,0.034040555940821574,-0.8788185287862719,0.4240638926386016,0
0.11459501229890184,-0.9156664756238447,0.2597367534622372,-0.26234649911906305,3.4092956040302935,0.3941900625930525,0.03689146112736945,-0.8824826470734678,0.4224307844517813,0
0.12040643131182509,-0.9223318983455339,0.2667970513816022,-0.5023309731977205,3.157591572664307,0.5243778337656207,0.03871174890466549,-0.8856443670696168,0.4227368949898583,0
0.12531650869461558,-0.9318340223237895,0.2783994530434364,-0.5582446194241095,2.951551949507234,0.594589565262617,0.03922552356994447,-0.8872961581694053,0.4243468112400727,0
0.1254713877227341,-0.9376925659750496,0.2859691269259635,-0.41674718930855753,2.7748324780416525,0.6300652474509513,0.03928289524722363,-0.8881597837378762,0.4259575288209921,0
0.12224930409573155,-0.9366387832253134,0.2829284846981481,-0.14090063119242527,2.5834589668964183,0.6709667643441318,0.03953557098211514,-0.8894171293115388,0.42680638478085364,0
0.12018824220951006,-0.9315084510241837,0.2734628823717985,0.19141691138474795,2.36540903088546,0.7359394252518597,0.03964113283541609,-0.8910706543595731,0.4272346982260634,0
0.12058193343801828,-0.9267785660005362,0.2674850260661845,0.519059278866795,2.1594739839280024,0.8013091653222103,0.03881778778687569,-0.8921138026995987,0.42799344966435626,0
0.11990315240872407,-0.924058278763293,0.2690413862497197,0.7990796851687616,2.0134736369857054,0.8262936619326082,0.036715836403016115,-0.8918997719677803,0.4291964753731661,0
0.11521658057738009,-0.9230024137672064,0.27389508148189123,1.0250910501796502,1.9368809214365332,0.7987591289142596,0.03361119185377111,-0.8906431855821,0.430179395448188,0
0.10870177156866119,-0.9237407601722819,0.27663810631082353,1.2509852103671013,1.8906302420378163,0.7501270888480029,0.030224617129214818,-0.8888200890359733,0.4304079658493764,0
0.10451173411535741,-0.9260044266301939,0.27639424555484293,1.5589638377125914,1.8115561614971532,0.7253280943093765,0.027537950481316194,-0.8868956283216926,0.4302377652571614,0
0.10255458865450535,-0.927642879411008,0.2759613003010032,1.9756295035959752,1.6514475836540714,0.7413299078602447,0.026228051010265662,-0.8856871401119975,0.43047216284012,0
0.09915689109828432,-0.9268638139606594,0.27763811360143426,2.4279926508264995,1.4060558363884201,0.7765537087056685,0.02593953132469918,-0.8860803506200615,0.43135527913239474,0
0.09412593594061973,-0.925142284376011,0.2807492906754382,2.803487906844956,1.1133778376931243,0.796819759310644,0.02559836542648386,-0.887850328588635,0.4324040557193924,0
0.09280721503478154,-0.9254385498563772,0.2830456940533978,3.058241161959084,0.8250443542495886,0.7824585035378129,0.024814622310133646,-0.8893010745509398,0.43314088354434493,0
0.09914831409899214,-0.9280606095783597,0.28353057298850853,3.2583845847597437,0.5750212986979862,0.7323403665254674,0.024559915804044246,-0.8886864967037282,0.4335905660682275,0
0.10997093876673687,-0.9301562766285064,0.28272541564594944,3.5147509938439696,0.3661710821342139,0.6595520191392454,0.026046888435262937,-0.8859739808916114,0.4340878886838091,0
0.11825611569156892,-0.9288961556419065,0.2808699454331815,3.8841737838752515,0.18218354329042485,0.5897623272942102,0.029142440573482444,-0.8830445441106167,0.4349659585686503,0
0.12002029669929622,-0.9240699678483146,0.27798049291852445,4.333938859338316,0.01523036747576873,0.5471175983745623,0.03215699880216086,-0.8819464398202544,0.43637680139951046,0
0.11660065065748029,-0.9177775410091019,0.2755811944405734,4.790770689028362,-0.11996602514293729,0.529684840883597,0.03322976429098954,-0.8826416063931234,0.4379570507758759,0
0.11189149036603865,-0.9121986815460895,0.2759201218052393,5.205847331629541,-0.2056967610737184,0.5081042715490002,0.03206249743037802,-0.8828080069958677,0.4386842924500067,0
0.1089271999504125,-0.9083013370207867,0.278961787775977,5.559468473095248,-0.25156219922524664,0.45665541417069483,0.030320837510365028,-0.8804673106875617,0.43763281007005705,0
0.10877439251448995,-0.9067807881658991,0.2820810374454305,5.8207309360714925,-0.2948428387646712,0.3780860694344008,0.029971309328450182,-0.876208966007191,0.4350064512144246,0
0.1112187487195932,-0.9084168078751289,0.28291259322076545,5.9442983999011725,-0.3663078732491235,0.29520135041065526,0.031213801704239968,-0.8719390814891831,0.4319645578865874,0
0.11525064454358454,-0.9118891719923985,0.2809953032236682,5.919306564380914,-0.45629319292829346,0.2308882507169764,0.03255806060289942,-0.8682828957650326,0.4294145760572258,0
0.1191542911121642,-0.9130391433122356,0.2773471969456697,5.7900828518710945,-0.5153699101641053,0.20213880605860196,0.03279074259193426,-0.8646062468865516,0.42756531161880557,0
0.12150320868363436,-0.909010750038816,0.27424347186662434,5.607006103731846,-0.49162116420563146,0.22062657343380626,0.032119523364337856,-0.8611260472489982,0.42669086629870195,0
0.12261137681618199,-0.9023812039285193,0.2743752056316871,5.377580778520494,-0.3707575592868794,0.28577234968543486,0.03154487379316628,-0.8594208166863354,0.42751311502416345,0
0.1241213068183335,-0.8988867503948692,0.2782184481507898,5.088832176954743,-0.18080228796893655,0.3771395612102422,0.03203168271265595,-0.8605906448589432,0.4303625383073076,0
0.1263388660705682,-0.9013963876160526,0.28300456822700454,4.763283084212329,0.0378651926847509,0.4595466617590896,0.034307125207979565,-0.8640324351599774,0.43437203204510877,0
0.12688128300567272,-0.9076470649600482,0.28584366043967585,4.468204023077275,0.25740241083690524,0.5003286116344092,0.03849166839388571,-0.8684332199835624,0.437937682188197,0
0.1238336971907557,-0.9133839732750171,0.28680953283189287,4.277103663864429,0.4559995161727253,0.48679137362701735,0.04351222464644331,-0.8730241563385107,0.4398905614258264,0
0.12008596430236877,-0.9163748540423635,0.2869564528137259,4.241267973296416,0.6038773822994181,0.4307369037822274,0.04747196933395633,-0.8773669620937244,0.4401002689155766,0
0.12177963595276155,-0.9174097684220497,0.28426888349368895,4.385605674787831,0.678928198967853,0.3561172202879078,0.04901089709767591,-0.8807758726569866,0.4392073894087512,0
0.13055692556616255,-0.9182684987350073,0.2753534111427031,4.69669703897757,0.6962346257339501,0.28432155811514637,0.048089040734694645,-0.8826942731423081,0.43797167318869196,0
0.13909536990052287,-0.9193326519321645,0.26230798500310154,5.100983494928066,0.6980056536215332,0.2319931584970682,0.04563070680368246,-0.8832828664581989,0.43663800891039994,0
0.137879743220624,-0.9194564070286351,0.25335138761057663,5.475012760101832,0.7054101663497109,0.20976908149417817,0.043086796307300806,-0.8832066515189817,0.4348901151467667,0
0.12683952001890333,-0.9179771285712378,0.2533688299372662,5.708582263273376,0.703657148891732,0.20907944745859652,0.04210809146641472,-0.8831016471698288,0.43277011334446297,0
0.11659657378792354,-0.9161202464835551,0.2582534760245616,5.772784021316051,0.6890974537731808,0.20105587500839245,0.04346282898295277,-0.8834320986779284,0.43134997228036537,0
0.11643174188036412,-0.9158553275427437,0.2620819745953605,5.721680966498855,0.7060921082151966,0.17036338237580598,0.04590437558227725,-0.8843529304391643,0.43161621446748155,0
0.12420343874119893,-0.9175249217922851,0.2646778588805549,5.6302023530104,0.8095835088743649,0.14790886019130264,0.04691348659410221,-0.8851937980179824,0.4328258252357402,0
0.13011837674689042,-0.9189570143689904,0.2683260673015169,5.5459013583250485,1.0006747771582727,0.18802589110112658,0.04507788565727901,-0.884423396759613,0.43310475415956395,0
0.12774374937885574,-0.9170048948441938,0.27196631790002235,5.4898208207957016,1.221219325826025,0.304396010909263,0.041539995059578776,-0.8807465338679058,0.4317813850753223,0
0.11968054295437003,-0.9103700943447075,0.2725471667175612,5.458441733655482,1.4092307189182052,0.4399214074145177,0.03902686420359405,-0.8740322146172991,0.42998247746863827,0
0.11465243173946665,-0.9015368981855367,0.26942920119001007,5.40299765990701,1.5473924858294712,0.5115573937689161,0.039587427069627715,-0.8650312759665997,0.4288012618657727,0
0.11979329305800479,-0.8954323304602471,0.26517883106046114,5.237213136976033,1.6641151799160294,0.48408720837014596,0.04305940574234605,-0.8555165049629536,0.4281615188470564,0
0.13337634772931856,-0.8950988051694494,0.26324882505936115,4.903126709583995,1.801416836615206,0.39230832528177034,0.047275853662538246,-0.849508785515243,0.4277884750331985,0
0.14490805291991601,-0.8992435561803305,0.2654958283256199,4.442612520814284,1.9820074689092988,0.2931214112202838,0.049716896233575086,-0.8521627156328407,0.42819299892462914,0
0.14509079617956475,-0.9050326764067397,0.27101762339039026,4.004443524755232,2.201333288074056,0.2139130217695002,0.04950818505186855,-0.8647348238977902,0.430326931716947,0
0.13577217731973526,-0.9115598515101295,0.2772281770316429,3.7708927412090736,2.447058650575663,0.15714829485580156,0.04811109659006932,-0.881154039251654,0.4347241185151321,0
0.12750761051546133,-0.9184145735437431,0.2822919501487012,3.8495547090906723,2.715187181071502,0.13445141433392863,0.04768314976315261,-0.8918346595938486,0.4406645080994471,0
0.12753290628886568,-0.9228111212849124,0.2859739510973043,4.202613103042761,2.998671553907804,0.1692911712547263,0.04870380969083549,-0.891601036208004,0.4457673346209285,0
0.13284480802161971,-0.9215875561425068,0.2883529302509467,4.657453959006731,3.274081207235272,0.2666316862398239,0.04978742253567299,-0.8833581374577967,0.4472152368321949,0
0.13538088349334762,-0.9153705714938233,0.2889822762610309,4.98800319811023,3.5190836802413474,0.39632929161167835,0.049722837788036045,-0.8741563990165576,0.44431063744879284,0
0.1317832087657416,-0.9077711582147312,0.28703610834104404,5.027028573933111,3.7361686269337424,0.5117522739726615,0.04877297060371239,-0.8684786522761018,0.43960996940943525,0
0.12688110152111415,-0.9006979434435067,0.28119994050299896,4.7565631395814245,3.936778207988544,0.5801610962493965,0.04788977319481027,-0.8655975313657527,0.4368523927388865,0
0.12760094725131688,-0.8932485453009545,0.2710297586291511,4.313599621886143,4.103252835583936,0.5961129021984268,0.04757940782195472,-0.862506898694256,0.43754616687107944,0
0.13404728865858423,-0.8854631928636285,0.26038881227050564,3.892069652033518,4.193151469577908,0.5761811100874629,0.047837482949085935,-0.8580355306456788,0.4398479575947724,0
0.1389999875572426,-0.8803424811088146,0.2567702100711447,3.613017056887757,4.193957639635713,0.5496006558077061,0.04862334653112658,-0.8537552254861251,0.44099601240048236,0
0.13763335460848294,-0.8807556810392144,0.2634967146071961,3.4648565843740764,4.156577939994191,0.5466448225045824,0.05007340773455398,-0.8517184761692945,0.44042557662363285,0
0.1341769113962212,-0.8858178393800403,0.2746262131324084,3.344473659636637,4.159721255122129,0.5773393607641005,0.052369054386371135,-0.8521029566115429,0.4398838402294887,0
0.1357962621001053,-0.8913301005554819,0.2810827996155483,3.146616269260255,4.248238731807995,0.6155797650551621,0.0555678646753706,-0.8532293908812679,0.4408811236138151,0
0.1432355224170879,-0.8934813759095991,0.2807855786371296,2.8323659073562686,4.412807342200895,0.6175655472960078,0.05968892872525813,-0.8537086277394144,0.44329091318431024,0
0.1511753417436232,-0.8925344353108132,0.2809222750846389,2.4412327467797046,4.618967796024997,0.5634382868814991,0.06477313108291378,-0.854085901504871,0.44666107434780045,0
0.15548741938474048,-0.8926786348536968,0.28997254585235754,2.0494892295309484,4.845376089683494,0.46951737806867233,0.07044234430890657,-0.8558105066596063,0.45130501795139094,0
0.15719577335315307,-0.8960997590868167,0.30630978188962593,1.708392713629365,5.098754551698915,0.3545167220598371,0.07550320773925433,-0.8587613568363458,0.45694474153358755,0
0.16036516028117245,-0.8974891749337474,0.31563145069103576,1.4096504555998517,5.401062465706089,0.21022245182168553,0.07855519584938431,-0.8605938089503495,0.46139483704205425,0
0.16720796539440574,-0.8890967565610761,0.30455074367026863,1.0968605180211235,5.761368162122197,0.017171627586658862,0.07911623246801656,-0.8587701000814583,0.4621305990332894,0
0.17462343796979332,-0.8728253274291522,0.27801788244876446,0.6976975955786882,6.153450173950152,-0.22152584903255693,0.07788717710477001,-0.8528692951164605,0.4588913312429629,0
0.17636190912628377,-0.8613751727115518,0.25761908077439877,0.15190314648872635,6.523770885628089,-0.47331781668947576,0.07602348111752087,-0.8450153199368602,0.45384644460428597,0
0.16996994800928283,-0.8633457250817578,0.2593424678279965,-0.561001352255351,6.835055388098681,-0.7003858270047828,0.07442168775083824,-0.8384904506150748,0.44952267623075515,0
0.16011131216425512,-0.8727744125409468,0.27779458679755326,-1.3956303473628016,7.104192015737173,-0.8870229428520305,0.07349969651014217,-0.8357214943369445,0.4472981611899644,0
0.1533693455556904,-0.8785719654425516,0.2956825846513526,-2.246127130760481,7.378845861540466,-1.04401786223304,0.07318090487401774,-0.8370264688485185,0.44767259903142537,0
0.1516710722084505,-0.8791318425097088,0.3035663843568457,-2.997760491371174,7.666708443937,-1.1889599694434934,0.07293000545510563,-0.8411242250431304,0.4511061961935166,0
0.1524614169190322,-0.8814247119653675,0.3055335653606831,-3.5842255924782247,7.903816666709709,-1.3303434686970415,0.07206535348378754,-0.8466918473242788,0.4579425586021304,0
0.15263269995358916,-0.8890286864270377,0.3092724477789876,-3.997884302307284,8.00593653380853,-1.4753984795526738,0.07028657406672446,-0.8531082352638601,0.46748293776779243,0
0.1498411762750574,-0.8975302987847658,0.31653257888019737,-4.252472937966913,7.9432458040481215,-1.6407273050632167,0.06787246461376562,-0.8601307847393871,0.47766813607512715,0
0.14279961986816447,-0.9016109068830327,0.3238114917178442,-4.339284620566934,7.761615492622598,-1.8374329676285996,0.0654017523636377,-0.8676946706444815,0.48617106856448433,0
0.1336206554525603,-0.9019280552608381,0.328614656511324,-4.211511271070922,7.546737646317497,-2.04499889892524,0.06341322905212612,-0.8756239050579026,0.4917955367411726,0
0.12764999215136238,-0.9029615775997961,0.3318506312526538,-3.808407072245336,7.3751086925955915,-2.2158564781783276,0.06205966735088216,-0.8825411456555817,0.4946852065575227,0
0.1277105821472077,-0.906594999255843,0.33467665935349933,-3.104693121315177,7.283977370181232,-2.3190496428568115,0.06070483810336067,-0.8856570172952465,0.49542864371982154,0
0.13037256308459977,-0.9104809511813805,0.3362820302948979,-2.1489058847706306,7.27199478582873,-2.374224058391871,0.05810242538698812,-0.8831170599166074,0.49435054582125404,0
0.1303101003396306,-0.9116573699524025,0.33590633061252556,-1.0613240839094293,7.324591468852417,-2.4272826217371275,0.05345646287738999,-0.8764782760528884,0.4917077016811228,0
0.1260323350587416,-0.9092941279272458,0.3344312530848042,0.008312773601507492,7.432370005903645,-2.491744966311284,0.047276434730545894,-0.8695934157339471,0.48824031664706097,0
0.11938676953976542,-0.9042515525364798,0.33233064564118825,0.9369395083229859,7.577115628961592,-2.5295279794341985,0.04092122202266127,-0.8647870427952095,0.4851572532055338,0
0.1121284045993833,-0.8979043770413768,0.3283094092281664,1.6633749874207335,7.710737415310967,-2.493228270132298,0.03539026200458482,-0.8609599442950339,0.483471864312438,0
0.1054445669500109,-0.8915763782034718,0.3222000757111826,2.1867923343113604,7.773159736614667,-2.3704142746925094,0.030742749554323538,-0.8557691105349711,0.48348413171347515,0
0.10120170128178516,-0.8862281234807763,0.31745182813517575,2.542840605139318,7.742899180722204,-2.1787822016534064,0.026381320550524997,-0.848981431153486,0.4848393208292682,0
0.10084555493477271,-0.882232777227618,0.3180417921895508,2.776962474276111,7.657830052958063,-1.9357458015424043,0.0215177928061827,-0.8429449967295087,0.4867650100860698,0
0.10262054305225089,-0.8791445775435774,0.323847929722656,2.922064020664373,7.568134973607513,-1.6472475097862371,0.015815682785281265,-0.8399089222013506,0.4883810380667659,0
0.10194970244084214,-0.8761830036051929,0.3311745992861068,2.9893639046950025,7.467694676230755,-1.315775159402997,0.01026328105217082,-0.8397048679635358,0.4894245672471909,0
0.09634247922475907,-0.8737852748876551,0.3367542036469344,2.9821873383424378,7.2858054764541755,-0.9461912980502106,0.00697569120132738,-0.8404929788887949,0.49085424403455263,0
0.08863039821773674,-0.8735946964200993,0.3394824262540525,2.9207032051749904,6.954607265626793,-0.5481295016685,0.007143923769700896,-0.8412602167159924,0.49416030791160453,0
0.08360367269895705,-0.875817695428536,0.33960888156246166,2.851731810171023,6.478537456179896,-0.13966738844351778,0.009329293326171443,-0.8426570282648529,0.49961770907205366,0
0.08307592047163175,-0.8784141211131484,0.33845263548046317,2.837524596182763,5.931405824216991,0.2551006559649218,0.010724937292189506,-0.8452392788194979,0.5054866900627788,0
0.0856269742472862,-0.8799860926221766,0.33859394409531846,2.9357783313521444,5.392979073877252,0.6169154592263544,0.010019613169732168,-0.8480003794031274,0.5093608105361359,0
0.08869629905411917,-0.8811904769248478,0.3422296319036951,3.1748504538746873,4.901351878224954,0.9382437778849274,0.008158005552918636,-0.8494583985958082,0.510171208343987,0
0.08955984214115184,-0.8823710872516717,0.3479074090673722,3.5311945287879185,4.4648033542620436,1.21680259900552,0.006517112091688164,-0.8493762800579383,0.5087302590589272,0
0.08689108336809208,-0.8822487015100046,0.34984925568416103,3.935509092030962,4.099094776077511,1.445250726791491,0.005384670800732547,-0.8485646572351425,0.5068141021886421,0
0.08264010258658037,-0.8804475906471266,0.3435042295354011,4.311792996667926,3.834798694256812,1.6155013194482823,0.004224377249198177,-0.8477643584471175,0.505927681670203,0
0.08033655971506812,-0.879610528923401,0.33269746878784145,4.610309344701024,3.688989287117711,1.7351409180759563,0.0025652536496658597,-0.84747825491904,0.5063552970289813,0
0.0807690493326943,-0.8825173576877867,0.3274615157138336,4.8131743804051945,3.6403870796762083,1.829424757985778,0.0004278886864272039,-0.8479940652759083,0.5071678800920378,0
0.08109427842468568,-0.8872908574623717,0.3322411261790472,4.934002542680646,3.6343915664729076,1.9216940918490784,-0.0016804614152897677,-0.8486400162420649,0.5074433823010598,0
0.07886659575311136,-0.8883533236446067,0.34031361121405523,5.018385213673642,3.605780105444774,2.0212971815363887,-0.0030917534662864977,-0.8476783127734019,0.5071998488850626,0
0.07512121939516249,-0.8830245823889604,0.3429823947876068,5.1229176423295275,3.499460645979807,2.1335167877968044,-0.0035617166197400734,-0.8438414164574819,0.506758678170106,0
0.07229162633610783,-0.8746024575964015,0.33988016035201074,5.274670243800952,3.2899898376081063,2.2643464734883674,-0.003512008146908547,-0.8377866992308571,0.505794131100706,0
0.07071354768306233,-0.8680888238605139,0.3368330927498111,5.448072578299421,2.998389957788304,2.405339380602018,-0.003480725580312183,-0.8316506031443074,0.5038277749357999,0
0.0689562306939796,-0.8654016978340174,0.3376051849789974,5.581783624410276,2.6839886804978645,2.5288418450823653,-0.003513066707502359,-0.8274052306319628,0.5014889611833068,0
0.06695038360997403,-0.865803678170462,0.34129320400724245,5.619359101335647,2.4035602997048864,2.6121223688559496,-0.0033702901497293684,-0.8258915166129356,0.5004491349281874,0
0.06728962550350234,-0.8686655427672813,0.34547294679465995,5.547183692004785,2.1721709142312355,2.6589954368035498,-0.0031380678352270173,-0.8271118238482302,0.5017354140836989,0
0.07247037712923882,-0.8736720129937096,0.3487690564616423,5.414656309920105,1.9647316595114446,2.689960258710367,-0.00340997486471079,-0.8307259046202414,0.504473306881324,0
0.0804406563516716,-0.8790378743292692,0.3505589102438001,5.3207922288483145,1.7531707640551304,2.7179238569745063,-0.00485835837999583,-0.8358136667437496,0.5066486396102712,0
0.08447768597626004,-0.8816554280217395,0.35023378520245757,5.354567738263115,1.5384020658440543,2.740670710716963,-0.007290100981939025,-0.8406201675327576,0.5070401876035845,0
0.07999893970697684,-0.8799423512519693,0.34796458699110666,5.518750624328327,1.348828755022953,2.753275084615535,-0.009052805864426274,-0.8434469253623859,0.506235797520255,0
0.07082385661448076,-0.8759145888652269,0.3453398315528807,5.711983682656257,1.2157641132247747,2.760059409861803,-0.008221668612006497,-0.843965198133452,0.5056922251856857,0
0.06590112394917548,-0.8736206187265692,0.34388941765468095,5.808463993860725,1.1534653271782878,2.7721376831897167,-0.0048096578298083646,-0.8431524569784886,0.5059744086504605,0
0.0697099450588948,-0.8753272461171283,0.34325248275237386,5.766988526208504,1.1539329975723724,2.7966666389680768,-0.0010161478317266617,-0.8419776661085608,0.5063647013267549,0
0.0776556027246467,-0.8793944730302454,0.34187140525626125,5.655353284323105,1.1870333384623626,2.8319742302881616,0.0011864242720157443,-0.8407690633337092,0.506215598747385,0
0.08136045876601802,-0.8818924111759571,0.3394262191507056,5.569053361586327,1.2031554014763557,2.8737242013934123,0.002100673544930902,-0.8398021306143526,0.5058773251190893,0
0.07815328365979762,-0.8800456147025955,0.3376440352864685,5.539464846184854,1.1483856797887915,2.9222510184609347,0.0035573105718616363,-0.8395731044552236,0.5058460192716908,0
0.07459910995384422,-0.8740818931250638,0.33826054519764376,5.522110743566257,0.9913492418038411,2.9794611003886935,0.006572315539416451,-0.8401245591235295,0.5058039380006393,0
0.07893732060768198,-0.8665990472556302,0.34062815956664116,5.4558891756361785,0.7439032263225432,3.04219424339714,0.010200418543550832,-0.840753438964101,0.5051972968090419,0
0.09035115773181038,-0.8612067639180513,0.3420702144991709,5.316143484034325,0.46272164355653644,3.106671522051975,0.012662314720314281,-0.8407144923404968,0.5040169915621165,0
0.09938513351832742,-0.8610361799401628,0.34078322396818367,5.111931276383145,0.22879297072335747,3.1759367144833694,0.01325507059332271,-0.8397969911887868,0.5022508384751417,0
0.0999632675154802,-0.8664151196046903,0.3378319308658624,4.851982166497102,0.10398189105483657,3.250138129449371,0.012889879118098165,-0.8382376588848596,0.4994837852048827,0
0.09653119655956349,-0.8737470320045537,0.3357689146000351,4.529799852732623,0.08627757696658424,3.3083629473247997,0.012959726822855731,-0.8366940366352642,0.49610993754512006,0
0.0970585934801147,-0.8783937982240049,0.33570893751478226,4.140404205267992,0.11364867078827888,3.314314436381139,0.014161842436150391,-0.8363039624885398,0.4940841763302891,0
0.10295631638295677,-0.8788703989876049,0.3367332952512814,3.7079549861395305,0.12872153177016768,3.2487827928860438,0.0163905122940316,-0.837852881174265,0.4950944247778997,0
0.10883441938903325,-0.8770851396516666,0.3379602980974974,3.29514150912306,0.1333423616122473,3.128398192915322,0.01911398971947654,-0.8402886767014831,0.49827257744953857,0
0.10986499439886659,-0.8749301083842771,0.3393490269104467,2.9630342999687262,0.16380572852730033,2.981987613957905,0.02156966360750272,-0.8407666324987001,0.5006291066156376,0
0.10669153550158479,-0.8718704846849488,0.3396098306167364,2.693409905699457,0.2255208867127917,2.8100424160404733,0.023188928504111146,-0.8371553593483134,0.49963706021486737,0
0.10350511388700469,-0.865898913072135,0.33543594751967315,2.363547052906888,0.2847784011358651,2.5744863619029257,0.02427947757000518,-0.8302269509225906,0.49513919028864495,0
0.10324893436745429,-0.8566869430842313,0.32545800821926096,1.8398861411396608,0.33146560187420354,2.2322181611968412,0.02581749271970947,-0.8228004830610758,0.48928814525373987,0
0.10587729711770133,-0.8478105994569313,0.31460332876295827,1.1085895392365643,0.4201584231360818,1.7815934026883853,0.028211246883218386,-0.8175075500305655,0.48500038838968207,0
0.11021111844032624,-0.8447765593846579,0.311359012458092,0.2953096116825057,0.6232209634687448,1.2784468165195046,0.030860518612674203,-0.8160208808411447,0.4839991823249305,0
0.11525371971106871,-0.8498126386757404,0.3187578798596277,-0.44094625977590357,0.9508978610206494,0.8054471460309718,0.03326460949412361,-0.8190697726780604,0.48591637358659384,0
0.11950455791563781,-0.8594449177314144,0.3301695262004494,-1.012263409140882,1.338336537948113,0.42125566460983654,0.035655355992653605,-0.8257123450339585,0.48930291591089137,0
0.12107907705084152,-0.86811751559693,0.3366914995134148,-1.415703623880156,1.7123495489793528,0.13282895747880072,0.03787785005636784,-0.833179265187287,0.493275393921311,0
0.11970772599038093,-0.8732914777577292,0.33724105249919206,-1.6935231379446543,2.056472141359147,-0.09194277017978997,0.038694151076302086,-0.8386016656392449,0.49770359312278734,0
0.11756747808686961,-0.8762125520466234,0.33841735188923067,-1.9019178962994632,2.404051542877641,-0.2937701997274138,0.03729609277354249,-0.8409448367808647,0.5020995855206695,0
0.11692254776143557,-0.8787031935495343,0.3450456421119923,-2.0892174474039895,2.7751613144218066,-0.5039554976760726,0.034629887191048,-0.8411722568586997,0.5052550035855108,0
0.11760718963499599,-0.8807270215280277,0.35339498175246076,-2.269488319098241,3.1330853719514815,-0.7397479640714811,0.03206549772669695,-0.8410357584091774,0.5061433715110333,0
0.11815112572660008,-0.8815821196513092,0.35431646795924815,-2.4153859593651945,3.4087617546212097,-0.9959188143450292,0.029663545026795198,-0.8418646217609104,0.5046714477861144,0
0.11840966741241843,-0.8823905269438159,0.34280412059831955,-2.490150079824786,3.5601833508851946,-1.2368570475622125,0.026955833957478314,-0.8440585010129197,0.5016662131615341,0
0.11878174138476928,-0.8855664925338531,0.324892108479291,-2.4882446933309,3.599218370433002,-1.41139257768671,0.02442912788353293,-0.8472957741996966,0.4986456424806451,0
0.117604280972419,-0.8913975586306353,0.3141506681289093,-2.44003453563277,3.5704063694183827,-1.488931358849106,0.022712957727745803,-0.8509146848102281,0.4972437983422833,0
0.11243757014219347,-0.8965900892085644,0.3192348601303555,-2.3790221136802248,3.5218248386159074,-1.4829002979612742,0.020959220196304612,-0.8540289951948901,0.4979562077956239,0
0.10397710229304204,-0.8972988281193415,0.3351522349782402,-2.3118407013957984,3.4930966809726973,-1.4350720951298988,0.01769176539607563,-0.8557416172897269,0.4994163418714698,0
0.09609253466659867,-0.8930119296862264,0.3485241185686578,-2.2272579945924575,3.5073382462543172,-1.378491824292545,0.013208197848129998,-0.8556729710947847,0.49968969907282335,0
0.0919497835079202,-0.8866129534672245,0.35100504228433954,-2.13420757692317,3.5618271925212133,-1.3209650844346743,0.009878514144071962,-0.8541067933222857,0.4984880177819424,0
0.09213481233156756,-0.8811925504474288,0.3461160450256566,-2.0749940092258075,3.636016737876781,-1.259901283880546,0.00989136232832244,-0.8514263321701538,0.49748341735800217,0
0.09594444601463051,-0.8778090734383908,0.3430681770783199,-2.082743141226533,3.7168605126861403,-1.1999881904532814,0.013382952941152375,-0.8476985477719201,0.4983231312835463,0
0.1015747259570508,-0.8761489885472924,0.34509193807856986,-2.13064853563837,3.8099487716519005,-1.1529379069142103,0.01866113500986921,-0.8431109990153427,0.5011099400916142,0
0.10503248778437421,-0.876342721199446,0.34547181880911876,-2.1432116568707618,3.922132892945718,-1.1273841038552024,0.023607003496675487,-0.8385767659648447,0.504953195625611,0
0.10254719157785502,-0.8789689870272744,0.33680102911170934,-2.060504942723915,4.043934062481654,-1.1227183902449516,0.026812224708454836,-0.8353046853302467,0.5088978125196245,0
0.09572476114026862,-0.8826642682615928,0.3230966964641969,-1.8787713607776957,4.15595564005723,-1.1307311421766637,0.027831808988810394,-0.8336043954307532,0.5118641662311962,0
0.09133259779471324,-0.8835385196936607,0.3176784677300075,-1.6318370355762484,4.240492605155636,-1.142571254653835,0.026765800099738245,-0.8326729763646482,0.5128797266125581,0
0.09349640798437386,-0.8794496451002078,0.32684214604080464,-1.3546636410150126,4.276376370085812,-1.1557193628480604,0.02381678308805523,-0.8318138980211457,0.5122107106508352,0
0.09817375682467344,-0.8734704702291817,0.34155119622710073,-1.0727129195845087,4.235829864838589,-1.174815361093251,0.019266425461620062,-0.831199935107975,0.5114454995352306,0
0.09805502365074376,-0.8703031621423258,0.3495958067338779,-0.8114611903592097,4.105881609966213,-1.2044413513714047,0.013810385293182289,-0.8310704036803808,0.5118247424497988,0
0.09163426450991798,-0.8704868370566171,0.3499808003164983,-0.5987276366421361,3.9133862267501787,-1.2410680472206703,0.008732168772075617,-0.8309272136974304,0.5132095871179481,0
0.0845938222644636,-0.8704150525160985,0.34975825526259774,-0.4501898869514022,3.7191403202251747,-1.2754384333621744,0.005276683740742739,-0.8301675941554197,0.515022755833415,0
0.08241200837979794,-0.8670261743420704,0.3519896180609186,-0.3575727977685738,3.5821152694154,-1.3048919611949565,0.003580913090297246,-0.8290503574631718,0.5171837824767448,0
0.08412591325659619,-0.8612292401564207,0.35405727022427075,-0.3050707024617991,3.523295192132736,-1.338628389471376,0.0026938792393475354,-0.8282795008400957,0.5195379426100742,0
0.08452221877390123,-0.8573099974285431,0.3556077900281305,-0.29897895889750037,3.515904205857372,-1.3856052167775261,0.0020636015433784798,-0.8276676713552346,0.5212858106665964,0
0.08117193268092562,-0.8585872346777111,0.360364030522109,-0.36297110857307335,3.509565092207402,-1.4409012576182874,0.0024319714017355613,-0.8259324993723591,0.5217779340486417,0
0.07747740816817245,-0.8628991089505013,0.36820264597034913,-0.49640097421268303,3.468356505331076,-1.489482476809861,0.004553901073604489,-0.8222494092073683,0.5213483622261192,0
0.07824172372871242,-0.8642809789714339,0.37193007452547266,-0.6551919130333521,3.3895345279174762,-1.520443935615262,0.007461328004309187,-0.8176992490268712,0.5207764699694759,0
0.08344682471973666,-0.8607534410032976,0.36645729066323124,-0.7901125628938979,3.2923250005421947,-1.534323058559779,0.008937345413658735,-0.8148253334405048,0.5203608176200186,0
0.08811888316438926,-0.857776689002051,0.35672659312051047,-0.8963820686974778,3.1957982274074697,-1.5388665829158688,0.007696285705785539,-0.8158398677005523,0.5200279142484002,0
0.08793501444631294,-0.8613948645805732,0.35167037176454585,-1.0052815418211392,3.1080344675875597,-1.5356246807733223,0.004452545800568433,-0.8211391422131737,0.5200183231572274,0
0.0827944205225164,-0.8704656237190109,0.3536640204478958,-1.1158749387823579,3.0341434455681426,-1.5063847477543073,0.0008871151567041173,-0.828951107248496,0.5208293005392568,0
0.07522137032194982,-0.8784851933509921,0.35836600460220575,-1.1448813421890924,2.990771200758837,-1.4195712213392315,-0.0019306009972830398,-0.8361687107853358,0.5222997900612253,0
0.06854052312967557,-0.8811249474146691,0.36177531531249785,-0.9691573877806956,3.001832702928327,-1.2592817835444208,-0.004082741209822548,-0.8400694474883932,0.5231213155224896,0
0.06705030969657745,-0.8793065637887865,0.3624497576779859,-0.5414913665624372,3.070210689902547,-1.045555087033278,-0.006112637229431659,-0.8398005111217139,0.5218434703818875,0
0.07353733367370373,-0.8757686840833,0.3589959085100511,0.02594563894022596,3.158604231320798,-0.8227863216137281,-0.008074153758411825,-0.8362477111618792,0.5186236051815164,0
0.08391594064254947,-0.8708999388406132,0.3511943085290122,0.49957110493834833,3.2090475074720155,-0.6322849618700392,-0.009382821271584772,-0.8305644961940196,0.5155719631393422,0
0.08831341261412794,-0.863082763362885,0.34350879611920454,0.663265621933975,3.1781347686449424,-0.49450695471247114,-0.009388210212763788,-0.8233914180127004,0.5148230825240738,0
0.08186650564535072,-0.8528068087291687,0.34253198572255766,0.44286738472802645,3.0431653385413813,-0.4083175253795627,-0.007845988981762834,-0.8157802419824266,0.5164355017338697,0
0.07162702596722112,-0.8443811054283764,0.3496337135792099,-0.07721745174434037,2.78609493590978,-0.36136076561305935,-0.005078620305018306,-0.8102087786199006,0.5187325849062384,0
0.06830696927062384,-0.8418824143680759,0.35876251905183,-0.7262516291122633,2.4051101061509454,-0.34083915463249376,-0.0020482285711000883,-0.8096608525760227,0.5204841678004226,0
0.07390074155354855,-0.8452335416287666,0.3627067889105906,-1.3234771983435143,1.9544662258993972,-0.3386286021613401,-2.725334883540691e-05,-0.815225224552761,0.5219106435709095,0
0.08192982462441592,-0.8526911917418718,0.3610254340868296,-1.7188560508562283,1.5438829435139931,-0.3535282286005986,0.0004408336538823268,-0.8248433237312718,0.5234931130193662,0
0.08705154475842121,-0.8644958263327996,0.3606717696883778,-1.8217409901584734,1.2658115021692171,-0.38845959974546496,0.0003498632377036233,-0.834865411084591,0.5248599864783796,0
0.08927229111366868,-0.8793984745909988,0.36693372786185713,-1.6323006027082325,1.1247707911985492,-0.4362505323946412,0.0014922298629880537,-0.8427922450527667,0.5255660521875781,0
0.0902270617695267,-0.8895901083250692,0.37477206181763445,-1.248328563900007,1.0559947508656424,-0.46712712822968666,0.004647491777882349,-0.84816747204052,0.5262858681498198,0
0.0903069152106489,-0.8863961696903286,0.37376883113917747,-0.8201362960424495,1.0088691521887867,-0.4424893734597164,0.008654755772909367,-0.8512995861462951,0.5281263106142136,0
0.08995905765635727,-0.8726339067101628,0.36231074768163385,-0.47118858429716637,0.9916801508226036,-0.3505439282055473,0.011414820329704803,-0.8523091659360831,0.530722966250266,0
0.09057549253146216,-0.862463116467087,0.3507824164757234,-0.24144092523618307,1.0364303682674614,-0.22563567875484916,0.01191838770127443,-0.8514802618706157,0.5318138439123662,0
0.09278486984158385,-0.8650013913178594,0.34790074281700517,-0.1010086858880602,1.145113138090849,-0.12490857285547502,0.011254674210034189,-0.849228968110618,0.5290828827324577,0
0.09533574369382408,-0.8737239211456762,0.35022727773653645,-0.018629654696547832,1.2809935499697251,-0.08425652543003284,0.011308762888063829,-0.8453061626395068,0.5223197128315655,0
0.0965169477608797,-0.8766087902291526,0.34987877940800083,-0.008767330388812123,1.3945791043333768,-0.0998751822134749,0.012513882248571502,-0.8392281319396513,0.5138733979364568,0
0.09568808051436131,-0.8713604068178398,0.34665059630023015,-0.10527043788742821,1.4412637825679668,-0.1461267533903346,0.01342555964872537,-0.8320787221255748,0.5072084238744795,0
0.09297646173710535,-0.8650551187442101,0.34593023424504893,-0.30263453900327164,1.3837798986858139,-0.19664598441383893,0.012517796063698242,-0.8266949002223648,0.5047506639026536,0
0.08886522686195777,-0.8628759902463901,0.34863191969031415,-0.5441998255153,1.2030739719544252,-0.22914810173834196,0.009851798880815287,-0.8249664231719318,0.5064383175595732,0
0.08482752882701697,-0.863817868792353,0.3507293430741834,-0.7693010675812252,0.9173159974913211,-0.22969298661765458,0.0069423526844518664,-0.8256366044089039,0.5099533376160907,0
0.0828816010021545,-0.8662628492413471,0.35171993198162393,-0.9585148592965338,0.5781262532227298,-0.20303356724090696,0.005329895746941522,-0.8260349128390175,0.5126572066189002,0
0.08349193916005518,-0.8711255628737489,0.35634912187025614,-1.1296242072302876,0.23624266295046475,-0.16953952707865627,0.005264036046211823,-0.825582478544818,0.5137647858731853,0
0.08509399264179573,-0.8773130445743186,0.36593101084680113,-1.3009775443729974,-0.08734819861388299,-0.14255164243915533,0.005755155001940773,-0.8260372626475813,0.5146429088147109,0
0.08632221061131956,-0.8790373639329461,0.3735508395941453,-1.4691163605332698,-0.39511465619196984,-0.11198168660286892,0.0060958163806386825,-0.8282571956287691,0.5168765506383465,0
0.08738802216826783,-0.8719579208963432,0.3719895155291505,-1.6211747934160794,-0.6856231248841307,-0.05777525058351204,0.006991286564738227,-0.8304133710722904,0.5202414018432112,0
0.08898790384308612,-0.8600208280299083,0.36346699155980905,-1.7593431786637574,-0.9378194512277056,0.019937472071786547,0.009489171609480596,-0.8301512560838444,0.5227838586007305,0
0.09138277101104668,-0.8524664758589926,0.35747575943856313,-1.90334824469034,-1.1224696908659404,0.09171454433504812,0.012990217116425317,-0.8275697294648229,0.5228482353892715,0
0.09454752505085846,-0.8542630764857583,0.3599959516787509,-2.070352847734947,-1.229435888847962,0.12546952637264763,0.015379820161602135,-0.8252778421653808,0.5208131190679082,0
0.09754808325862763,-0.8618165842673426,0.3678177520645529,-2.2620030928552413,-1.2805343443439314,0.11733146057188283,0.015460443948482429,-0.8256417255502108,0.5185733626523148,0
0.09816873044995093,-0.8681605120819315,0.37334859504262347,-2.4683779082365493,-1.308950440049313,0.08776307721232939,0.014401037179952413,-0.8282979542689275,0.5174018609089015,0
0.09550046378872737,-0.8701579785794312,0.37277869694885346,-2.6690749843577923,-1.3273378010062893,0.05028850529350734,0.014186332264060405,-0.8306682930241197,0.5169593767902175,0
0.09281531271616722,-0.8695079783169597,0.36845604205023796,-2.828745267441443,-1.3233637219128935,-0.0030494315690335946,0.015205408594495168,-0.8309266250317847,0.5166687420154312,0
0.09489212568591573,-0.8685003029782424,0.36436765811973415,-2.909246153223778,-1.2831403736878029,-0.08049410092240765,0.016167034825839383,-0.8297448911960229,0.5171384065087433,0
0.10153831937699383,-0.8673019766774395,0.36177092127736765,-2.897890971086438,-1.2074394609187746,-0.16531529687356059,0.01616323705859644,-0.8287401589893159,0.5192274413099829,0
0.10663328896133993,-0.8653474380632153,0.3602231835241183,-2.817594044050806,-1.1070041572177056,-0.22257687150457361,0.01579636075815119,-0.8282885235394926,0.5221776447913642,0
0.10519071439005398,-0.863136047726272,0.3603883954349218,-2.702960523138091,-0.9978917571688245,-0.22997536843065117,0.015953898587503793,-0.8278316525070314,0.5239782835024136,0
0.09898522197216524,-0.8615268957670102,0.3631829724153454,-2.574483510772313,-0.9056044419352438,-0.1973943796336452,0.016407667992739676,-0.8273064907883698,0.5237635037485473,0
0.0938920961623614,-0.8604436050511064,0.3671495172044077,-2.445803437835414,-0.8591203105273724,-0.15872554563081745,0.01633863823985968,-0.8268655342270183,0.5227860657324096,0
0.09388402763419365,-0.8594644879856702,0.36910122398473594,-2.3493003900106677,-0.8694564917137804,-0.14690338643958736,0.01563339528291257,-0.8258421337270979,0.5225791782728643,0
0.09839597966936489,-0.8589220981618426,0.3675102814812483,-2.334500140699381,-0.9206261647169202,-0.17074603728403087,0.014923406797629948,-0.8235322046992417,0.5230249226481883,0
0.10328695144449207,-0.8589852670950187,0.3638631610353278,-2.42603828677917,-0.9942920205844803,-0.2105856225745053,0.014667805768387863,-0.8207936482009558,0.5228667636478808,0
0.103437750052034,-0.8580997041912786,0.36060815495788195,-2.586106036214906,-1.1006376304143335,-0.23938166379318088,0.014716669291087307,-0.8195037851129979,0.521548039790478,0
0.09619861088051727,-0.8544611123425159,0.3592828580847004,-2.733370550470303,-1.2661411784958059,-0.2512882900661169,0.014603560294796755,-0.8203795620931774,0.5198600325166558,0
0.08412395130173705,-0.8496698248020103,0.3607840432281732,-2.8034927253231117,-1.484767354441131,-0.2681483484214996,0.013952656793697296,-0.8224055379308364,0.5189354064987716,0
0.074269105103545,-0.8486294327477064,0.36489395179586814,-2.781735732805569,-1.7029813867671806,-0.31861691432933764,0.012621238113352435,-0.8244291692205901,0.519054248986293,0
0.07289842339154977,-0.8538925095133552,0.3682914523113028,-2.679375105257546,-1.8682599222158063,-0.41286691791076385,0.010620562955995965,-0.8263225545692121,0.5195629852914202,0
0.07940988164779292,-0.8617027481097551,0.36601746162184123,-2.5033926029319584,-1.9725860731995701,-0.5344564422179627,0.008171966599424117,-0.8283398811030246,0.5197482203882507,0
0.08666511510263017,-0.8658711080902783,0.357370910092898,-2.266803894621558,-2.030714035430236,-0.6529567109836324,0.006004212142785938,-0.8299574191061508,0.5194377597109573,0
0.08877664171505478,-0.8643877367201369,0.34823527803091714,-2.015435388877803,-2.039858639913436,-0.7451548742677284,0.005242178168209121,-0.8298276766730599,0.5187473091928942,0
0.08700719493681308,-0.8602803982641499,0.3453011988674913,-1.8200370180095726,-1.9879407029699152,-0.8055745704004974,0.006526584620833112,-0.8270881876191596,0.5176774810270993,0
0.08641766948728674,-0.8575121994149617,0.3493817481597018,-1.734029295911383,-1.8851828152937347,-0.8390845017533327,0.009327607353323846,-0.8227356210965212,0.5161402835909004,0
0.08901015227757285,-0.8581085714277533,0.35565650353088923,-1.7617450875614744,-1.7609407773546812,-0.8477951833356967,0.012341262895460819,-0.8193489124181608,0.5142483003107836,0
0.09285275050021442,-0.8614765850849462,0.3587443308956256,-1.8662013017566388,-1.6352138696972276,-0.8249208076552887,0.01435610223902337,-0.8189980697731738,0.5126549558413943,0
0.09632773767915466,-0.8642180205157163,0.35636788346950865,-2.006912354045896,-1.5083763211416439,-0.7575336796220017,0.01476108857792381,-0.8214151999543129,0.5124470743348495,0
0.09980344464499848,-0.8626513259261755,0.3500633416396472,-2.172190031617561,-1.3731890548375152,-0.6370679021594813,0.013841093225406708,-0.8245980752183243,0.5140272512201386,0
0.1030908290652359,-0.8580628666612838,0.34430960576995223,-2.36943851055389,-1.2238375823626688,-0.47289146276303035,0.012872931990203052,-0.8271835881044137,0.516151076596454,0
0.10446155139911796,-0.8571423778137229,0.34353485673182405,-2.581971822364526,-1.0535775807396943,-0.2957635013338155,0.013390653319274488,-0.8295683966939688,0.5170661937585018,0
0.1034358992865895,-0.8641606489266691,0.3478317900455099,-2.754114924429019,-0.8553400542608393,-0.14127146755890319,0.01582633751669139,-0.8325057203165405,0.5166618375087928,0
0.10195354979210182,-0.8747726505926658,0.35290908970112345,-2.83801078276836,-0.633154395656438,-0.024811490515662466,0.019013992821378705,-0.835461450871908,0.5163355375850224,0
0.10146351998578729,-0.8808784737222833,0.35564714621005117,-2.847142019273143,-0.4112487367801155,0.0649572269406066,0.02134827890937394,-0.8371035690939932,0.5166590867510908,0
0.10143776094049288,-0.8800712909287369,0.35691894403799423,-2.847403909815298,-0.22537488760791288,0.14725535034645534,0.0223439350926782,-0.8370891921400603,0.5165758548190136,0
0.1018246662180511,-0.8768244173858669,0.35749091206376593,-2.8976186703189137,-0.0975245655580128,0.23167504784728887,0.022899972170692576,-0.8366230590675297,0.515386396434233,0
0.10401954622891751,-0.8752734063480822,0.35556096132493487,-3.0038033394291648,-0.014606096655120217,0.32116717713758175,0.024220076000674187,-0.8370935074379394,0.5143312492568255,0
0.1081447023677422,-0.875027100204364,0.3512021536026513,-3.124860302796384,0.06142794376057451,0.41797522091047795,0.02657389277030268,-0.8385491275214294,0.5151456761809052,0
0.11194232212585681,-0.8750895349349593,0.3490952786977014,-3.219780215055384,0.1540725590394778,0.515587962964532,0.028912980560090402,-0.8397847574254297,0.5172975121435888,0
0.11349063987871577,-0.8775562615212519,0.3527252917037966,-3.2911550919021786,0.24923000354054659,0.5940244851024047,0.02982268240928225,-0.839842537273837,0.5177498731585454,0
0.11328555027947813,-0.8836955595039283,0.35809278541231904,-3.3779750745450245,0.3200175247025468,0.6363739167809963,0.029204589141325035,-0.8390991276012636,0.5142466968648675,0
0.11332220806795051,-0.8891542667735901,0.35763945937903163,-3.5066550998885693,0.36602080191901437,0.6454807996479339,0.028726698699763086,-0.8384983017849968,0.5083744058780174,0
0.11532247665163026,-0.8879776907882299,0.3504009101712072,-3.6607683742066945,0.4184439347819672,0.6310098017544874,0.030073117184205092,-0.837980797333102,0.5042996643070042,0
0.11936518753390594,-0.8804527742655424,0.3439544137207073,-3.799132489727383,0.5161548331047535,0.5834422840784595,0.033055647780818515,-0.8366230726995697,0.5045014000430572,0
0.12331541507222081,-0.8728689355504383,0.34444085357462834,-3.8898062422102435,0.6866475598212285,0.47786368018969655,0.03608007815092412,-0.8344935911487623,0.5076822194015103,0
0.12450011075536108,-0.869940464296785,0.3487672321837282,-3.9236592535867363,0.9374814528268193,0.3060457668636017,0.03820324846215341,-0.833257773745241,0.5107858438861198,0
0.12270689997626633,-0.8707885355180922,0.3501656704224516,-3.90855882660792,1.2466570239262798,0.09121463021137666,0.039890012578728685,-0.8342938773037339,0.5119652559647501,0
0.12052910101207001,-0.8722434009596787,0.3478725801745805,-3.860671006621439,1.5599742943033412,-0.1316304042996757,0.04161792958195218,-0.8369789341239506,0.5114422856879796,0
0.11990538595921282,-0.8728256276338473,0.34620591271300194,-3.797565995841336,1.8107968404871748,-0.33826072816773267,0.04256859013831067,-0.8395707550450969,0.510440059279747,0
0.1192058784760548,-0.8723420070658802,0.34603181115154374,-3.7324537250717307,1.955607456068322,-0.517858825329785,0.041361677728804905,-0.8412492066787655,0.5097891865512275,0
0.11502943006233615,-0.8703781476172293,0.3433645440848255,-3.67473077489744,1.9975946218955987,-0.6692489775019761,0.03770725187254219,-0.842446990651862,0.5093556899570023,0
0.10656148292705239,-0.8677450138809185,0.3372869344505859,-3.6341103060707853,1.974421404214168,-0.802004399682664,0.03265960284960939,-0.8434017127520446,0.5086105695036858,0
0.09693388535279522,-0.8675314703994849,0.3334199798450102,-3.613871924537018,1.9194912822561394,-0.932475284997871,0.02742281538201033,-0.8433222962146577,0.5075502290972046,0
0.09033402872354027,-0.871486894298614,0.3361130332028489,-3.597745587115325,1.8393770112480075,-1.0721707106905622,0.022520619565312497,-0.8413445696374475,0.5066790936715299,0
0.08842397113307225,-0.8764372114351239,0.3414606592013597,-3.5574446801445427,1.7335710747561603,-1.2211914879050079,0.01807376069537659,-0.8378548597268698,0.5060229129235634,0
0.08914355179767877,-0.8773162294175344,0.3425632928162002,-3.4827271556556814,1.6254678097896833,-1.3707135505190378,0.01436606794906353,-0.8343770202664472,0.5047147808828919,0
0.08877987863075577,-0.8730212634503307,0.33897103753138474,-3.3965958610554203,1.555422842957634,-1.5088285961099281,0.01198222888302215,-0.8321432057056188,0.5020504423497324,0
0.08610764456199137,-0.8670709833621946,0.336333037673795,-3.3308732558436764,1.5403797904358105,-1.6285967971161992,0.011431827737566522,-0.831063616064178,0.49875969298454664,0
0.08426564690476109,-0.8633486313323645,0.33827289026698265,-3.2877235518079333,1.5555550018536901,-1.7332980975885668,0.012465881161500297,-0.830205525010135,0.49678369898443575,0
0.08688422959699102,-0.8627978649304199,0.34303850502467587,-3.234981831607693,1.565999774309424,-1.827601493427794,0.013812914571774108,-0.8290050413023701,0.49761236013835153,0
0.09266477516025687,-0.8636455666801901,0.34759082583370804,-3.14722411976581,1.5652604802410106,-1.9013289998214882,0.014061785324707296,-0.8277269886218342,0.5007983794980411,0
0.09646777151186696,-0.86390503987721,0.3507375563491595,-3.045726841222998,1.5676356471225736,-1.9306151362929287,0.012982193405213395,-0.8269305161617196,0.5041908228692003,0
0.09616079702255198,-0.8638317638612957,0.3517864931248651,-2.982585497724861,1.5696371630592847,-1.9011446358312925,0.011705395218385279,-0.826907026934948,0.5058952128132672,0
0.09505932328304267,-0.8655739527095015,0.34979722136466157,-2.9826655832782802,1.5449105837691692,-1.825285805129657,0.011559405760162232,-0.8276458985383085,0.5060059659872068,0
0.09623002826304086,-0.8698101253757354,0.34560082320194524,-3.0177119525755063,1.4883380977462752,-1.7303361506234627,0.012846979754049777,-0.8290227163182715,0.5060947853777175,0
0.09806440656033091,-0.8741618061563303,0.3423706358618871,-3.0465670731600896,1.4436935908066388,-1.6322966612563103,0.014649757194647523,-0.8309426280112083,0.5071237816233803,0
0.09799349580800024,-0.8764222031682097,0.3427309994847402,-3.0639008332521542,1.460123483682002,-1.5267417466092805,0.015759805331490392,-0.8334076590406356,0.5084892289552224,0
0.09709618302471108,-0.877396346070876,0.34600626679974167,-3.0919262532619567,1.5260861360506557,-1.404410386760815,0.01582242970357014,-0.8363149714173054,0.5091937699799793,0
0.09748630881569341,-0.8784087272480173,0.3490154841437843,-3.13471281705493,1.5728587972685821,-1.268589185347901,0.015435603763420545,-0.8390874979824456,0.5092519204647518,0
0.09788509787345219,-0.8783310549516481,0.3495024066814291,-3.161228351363194,1.5463335981127084,-1.1327181246497726,0.01525066404431604,-0.8409089542982608,0.5095194167736332,0
0.09617817833619374,-0.876190001979994,0.34862426586628703,-3.1314862679829236,1.4538278312636075,-1.0038929009373236,0.015381821816349905,-0.8416990328737839,0.5104731751175132,0
0.09483842099271514,-0.874965532857195,0.34968225349993304,-3.025290978081185,1.3374084044398886,-0.8745758253334636,0.01564123313576656,-0.8424005431352971,0.511654419375046,0
0.09872608921279398,-0.8786326273026578,0.35385838957276494,-2.8493891061150607,1.2265285396502712,-0.7324587658908936,0.015920381719214696,-0.8436770948054612,0.512443418638704,0
0.1070168466096545,-0.8853176711531676,0.3576755855169123,-2.6311156478723317,1.1303212108715923,-0.5752972222047297,0.01628920889411804,-0.8446948720986162,0.512991436436456,0
0.11203590955334952,-0.8877159240710595,0.35624945024269006,-2.4041020626593226,1.0549144765683451,-0.41151492048273924,0.016943983974260706,-0.8440092694336944,0.5138633945078104,0
0.10834915467134912,-0.8822574243331436,0.3495481017060905,-2.191959599990606,1.003296743472511,-0.24651393247272432,0.018029773298263118,-0.8415324263355612,0.5149162159832217,0
0.09960896686736445,-0.874096402948904,0.3436205365979942,-2.0096698895699845,0.9650652975240014,-0.07623385297422874,0.019341891385047636,-0.8387481884876985,0.5152790279897902,0
0.09377308907930941,-0.8703693574817074,0.34420076260815563,-1.8807728191517796,0.927293394257388,0.10082858675481604,0.020258168076124544,-0.8368161503863994,0.5146831743725647,0
0.09405245290903672,-0.8719521138625228,0.3506029185132047,-1.8311657416597673,0.8942874331811271,0.2721083978812596,0.020243226034627044,-0.8353498469353114,0.5141956606144333,0
0.09719281253764105,-0.8744870785714636,0.3575001472810065,-1.8498511606264307,0.8792122833930609,0.41762376318120403,0.019558228661070202,-0.8335801617899207,0.5150611114774926,0
0.09896158906550642,-0.8741207442710248,0.3607742997157447,-1.8766460174789106,0.8726216341971318,0.5245951110286351,0.019282446612984627,-0.8318649499497611,0.5170092738316421,0
0.0985762457132377,-0.869680522252249,0.35948530871413065,-1.8586757688893012,0.8359403543889985,0.595111277367952,0.020423378750970455,-0.831050042907528,0.5183552738952114,0
0.09804867276576448,-0.8624587855170787,0.3546295422554598,-1.8138098256776092,0.741133491598435,0.6462272783449282,0.022984167534038147,-0.8308451877928474,0.5180082880050185,0
0.09925766302380985,-0.8563674365635923,0.3493978372499501,-1.8120784199980635,0.6093642224124542,0.7046148453137054,0.02581550282089703,-0.8300566194160833,0.5168158369807053,0
0.10219635831866943,-0.8554605024683829,0.34849922568299047,-1.8906131527594527,0.492013374182523,0.795604348224298,0.02728545438797441,-0.8284114841927868,0.5164069865936739,0
0.10516417824125165,-0.8592865957965211,0.3531084586484781,-2.0071050667365538,0.4136661834115028,0.9292581261706225,0.026435982982744764,-0.8271084804039974,0.517181316565304,0
0.10650534122539569,-0.8633482397650657,0.3579158185552764,-2.088661265181361,0.3491512544160019,1.0901395593469947,0.0239702462527262,-0.827218554521021,0.5180780461594532,0
0.10636526992759322,-0.864950108831394,0.35707776658593793,-2.113651858444776,0.25784064580035926,1.241551243763314,0.021994459742414672,-0.8281374281887375,0.5179531411377128,0
0.1061978397285635,-0.8650708713161631,0.35199153523190246,-2.1265233281673535,0.12807458223813836,1.3478037710823503,0.022311058204053966,-0.8280751332499646,0.5166373101899772,0
0.10671461136044762,-0.864310271815605,0.34941176912312427,-2.173787551234956,-0.012793894119002676,1.3957447967431862,0.02485187033837766,-0.8259892168513905,0.5149683077531184,0
0.10760286894855434,-0.8615982366013079,0.3522784191299243,-2.2483686663368414,-0.12154023253241154,1.3921641748214262,0.02787345026060951,-0.8227853786858996,0.5141285943467575,0
0.10925387147100779,-0.857793899687698,0.3560806320107042,-2.3123107012167625,-0.17146943438519346,1.343787051143449,0.02959244997678457,-0.8204865374812303,0.5146384200492775,0
0.11289197073935966,-0.8563072706004385,0.35533357711955815,-2.358817727986755,-0.17082422351999674,1.2471268335719783,0.02969486179207125,-0.8202754029618473,0.5158448145553512,0
0.11809982106944944,-0.8585708761763012,0.35087118246497373,-2.422525615286807,-0.15159009788643743,1.0954026604131926,0.029447757653622057,-0.8214813662379082,0.5166574569413731,0
0.12189712542274701,-0.8618382570118169,0.3484784740193025,-2.5253630725836214,-0.1382764058140313,0.8891405038462358,0.030201781608972154,-0.822501423385067,0.5166925545597221,0
0.12175592418914485,-0.8627880286797875,0.3515517678831585,-2.6390767503077126,-0.13190929688105804,0.6435779863717589,0.03177778574049278,-0.8225762306112946,0.5163057205316551,0
0.1183216572115866,-0.8611796816941109,0.3575476281094592,-2.718556696307059,-0.12358526099358626,0.38806474634029187,0.032721845333214795,-0.8224902653578012,0.5157076932185425,0
0.11381753924650684,-0.8591674803467,0.36174872146094544,-2.760891158022508,-0.10593598192088123,0.14937860192529384,0.0320052637087822,-0.823532583128059,0.514800242483841,0
0.10918938840701119,-0.8590620134724349,0.36255931840537137,-2.8143408477299974,-0.059897033918820536,-0.06479509314470014,0.029913202063850355,-0.826145216059346,0.5140465966172865,0
0.10468086784534593,-0.8624632143514659,0.3620732814973347,-2.924097796466688,0.05306039576979263,-0.25112364327292463,0.02753985144286016,-0.8299844216070587,0.5146742239421228,0
0.10209216094148577,-0.8693928821560285,0.36241960204346896,-3.0695475098342935,0.264293473694133,-0.3792814790351782,0.026008243358543563,-0.8349006754093666,0.5172241233432773,0
0.10369449157276292,-0.8772106853502716,0.3629652643647299,-3.153982051279092,0.563663179979377,-0.39760954718062747,0.025798723229024764,-0.840824827034965,0.5201237749103944,0
0.10833647774379518,-0.8825789460244032,0.3617423524108717,-3.061029841112299,0.8967495318775969,-0.2800348385491713,0.026257460992377774,-0.8464671257352501,0.520648409535515,0
0.1108348273127333,-0.8856061030202804,0.35917330655726715,-2.7390084953981906,1.189962639774513,-0.05445880799971134,0.02614187373219848,-0.8491822400672681,0.5178184872446219,0
0.1071636378435775,-0.8889601430687654,0.3584528172045677,-2.2520206458616565,1.378517753842243,0.21880436780262952,0.025076428485623956,-0.8470496042959212,0.5137320808922152,0
0.09962842952198034,-0.8913752461466308,0.3607618378766481,-1.755192728228927,1.4289889607905886,0.481703024080804,0.024019323567940162,-0.8408880692898139,0.5111922286736359,0
0.09485016888270492,-0.8870187191189131,0.36224463886928565,-1.4027621929444476,1.3550699575656266,0.6898575976104674,0.023916413917917285,-0.8337053452114223,0.5104623657082531,0
0.09625104891155943,-0.8749156950540684,0.3586496006351296,-1.2554153483722046,1.2135608863581273,0.8124448661690037,0.024297604570218678,-0.8283552377549811,0.5094854347820932,0
0.1005071197880229,-0.8639647736012438,0.3512316330566015,-1.2629862812148427,1.0733794155349294,0.8422213946733088,0.02359446197499274,-0.8261717532322671,0.5070265770512037,0
0.102208562456923,-0.8636625934182122,0.3449308633394834,-1.3279585537593528,0.9784812195189471,0.8075549073289063,0.020800258865032322,-0.8275241245704437,0.5042423837529003,0
0.10002569691307933,-0.8734236648789969,0.3422321817636597,-1.3733280445042177,0.9363720990378946,0.7642986859257151,0.01672367156129924,-0.8326100956230428,0.5030696388914448,0
0.09713517480891427,-0.8850921191463553,0.3417958985843587,-1.351431534329625,0.9372523702912445,0.7625300667311643,0.013454605982667605,-0.8409786428521365,0.5042554414085588,0
0.0967723416643093,-0.8927179876785571,0.34229977812394213,-1.218756435537497,0.9749269362456785,0.8100826577254194,0.012408562853329232,-0.8505813060183576,0.5071814415048022,0
0.09812030730276677,-0.8960148539356194,0.34495081414283096,-0.9374834756668236,1.0419125041960138,0.8672133481644833,0.013064034932034271,-0.8582260080553532,0.5106101616037608,0
0.09669688247784453,-0.8968541207939466,0.35128362429919513,-0.5048965313416185,1.1123097197474368,0.8828638160504613,0.013821082348166865,-0.8616051030413935,0.513281215922058,0
0.08992739207656189,-0.8965581903191991,0.3595033501434748,0.040691749909875695,1.1514498808717055,0.8380213416624498,0.01379655376737941,-0.8607903859701499,0.5145236314328927,0
0.08230021530361334,-0.8956299039989224,0.36466731521732965,0.6520289433250797,1.1511688167217922,0.7530202516275956,0.013512765401185338,-0.8574587301761646,0.5145320268828288,0
0.08198124312653518,-0.8931497883464625,0.36296664999980455,1.295998813762091,1.1397280860401817,0.6581639551229714,0.014081470615908703,-0.8529036524067447,0.5135176971593854,0
0.09079244026471883,-0.8872003731465407,0.3547918863743196,1.9345142956459729,1.144841994958945,0.5642242950015859,0.015910530503055846,-0.8472868451760764,0.5107932866419889,0
0.10086612584762512,-0.8777760363793125,0.34350875560981786,2.4932884841956025,1.1578094913444643,0.46002313654217575,0.01811236289934243,-0.8406232075343835,0.505669890600228,0
0.10368429813945959,-0.8680209398578803,0.332895828490251,2.8675289118298046,1.1468651097540468,0.33158866180543384,0.019225529999157286,-0.8337352934901783,0.49932001115560226,0
0.0992924051231726,-0.8609778145540115,0.32627070369267613,2.975442346079914,1.100023215267076,0.18191890143593226,0.018598975236452094,-0.8280239748042,0.4947920129850928,0
0.09385857059712743,-0.856389051767976,0.32611183136167937,2.8219167651263954,1.0415872726500663,0.03806518374930417,0.016943086159092468,-0.8246087927349867,0.4946685158610489,0
0.09131534498103633,-0.8523799883636018,0.332472668085821,2.5107298562121305,1.0055502603243085,-0.05984638786814822,0.015559768772839273,-0.8235278742342889,0.4989136083090063,0
0.09107779705893543,-0.849469375206002,0.3420207498273243,2.1784786829382314,1.0040228188077938,-0.0878226159025244,0.015241802022736527,-0.823443695443684,0.5051266499729672,0
0.09204265552560559,-0.8507827290971501,0.3506002851907446,1.9053274984358857,1.0282116413821598,-0.06451564226245948,0.01579613520361706,-0.8226235155406377,0.5107194911762354,0
0.09455711975381069,-0.8575306135964477,0.357274749230849,1.687394062698677,1.071994265664703,-0.03953380491689554,0.016431313429777793,-0.8207803882071422,0.5147303823367285,0
0.09809890503219051,-0.865784422900007,0.3639683273490033,1.4816687198454543,1.1445156306899416,-0.04434562645086223,0.016797363638320486,-0.8194308256524709,0.5177118576502348,0
0.10035804056596534,-0.8697662122434471,0.3709358654175273,1.2556231266013151,1.2630253153326634,-0.05871886081277675,0.017616580017272565,-0.8199231124184544,0.5204049556329446,0
0.10030516782289745,-0.8680221032298993,0.37552157342681275,0.9964878075865985,1.440707768971972,-0.03194179894931156,0.01979074997765296,-0.8218938394165435,0.5230148570104894,0
0.10005891801500727,-0.8642951141810622,0.3760224093578809,0.7074653394718129,1.6787884179540227,0.06710849666835986,0.02303274279127522,-0.8243109432361514,0.5254951178057699,0
0.10191185277786718,-0.8626149682374785,0.3739279093938611,0.4181767639610182,1.9631290123871206,0.22215923121426842,0.02612751815502631,-0.827053056891885,0.5276780775278431,0
0.10529512958995545,-0.8640651122493451,0.3719391212837201,0.18154067644676228,2.2652282068097875,0.38283952631754464,0.02824733822594788,-0.830444185663762,0.5288649872508565,0
0.10847616739271655,-0.8682792565416019,0.37202283861544355,0.03714226406148459,2.547171424637283,0.5054267721694513,0.02905704982315299,-0.8339213394196066,0.5280053281485417,0
0.1110316207757535,-0.8749660108662674,0.37470790218802497,-0.01758603439512193,2.7708597110214384,0.5901472986220304,0.028050360394015685,-0.8362831737468978,0.5249684874564027,0
0.1120788540316401,-0.8824579066199181,0.37753479267332796,-0.010907726088533921,2.912899067605614,0.6754785381621284,0.025146923767880802,-0.8371646220738747,0.5213811104598606,0
0.10848846438047642,-0.8867075158268732,0.374954818736646,0.03699106750224019,2.9790153350124076,0.7858465762016746,0.021676611218816713,-0.8374937082458183,0.5193907360632347,0
0.099064799189853,-0.8842639425658314,0.36342002835358655,0.1238831526050964,3.001847173529744,0.8949169369586577,0.019456916590228367,-0.8381195865722088,0.519427689323087,0
0.08943706923219209,-0.8764723913081758,0.347385954168805,0.25760484986590815,3.015592265100593,0.9587369451565888,0.01887772686587782,-0.8384255433817611,0.5198093324912955,0
0.08770289974743424,-0.8690592443596268,0.33697215539277087,0.450887777147728,3.029995320480522,0.9778022505625694,0.018794414879613894,-0.8371709565889587,0.5186420686700961,0
0.09424538852732425,-0.866728431134379,0.337678623200265,0.7119604931909621,3.0322020195172805,1.0009130460222164,0.01817904212135998,-0.834628026288114,0.5154827118002,0
0.10047647613196803,-0.8689030771309585,0.3446887200198883,1.0256690137916948,3.0081057986323247,1.0610282925357266,0.016980446364112008,-0.8326140046234253,0.5113092836770848,0
0.09954336569658882,-0.8710980681424537,0.34897807004385545,1.3474683128162017,2.9500345599964914,1.1271245188657826,0.015460387713324633,-0.8320890395369717,0.5077615002740756,0
0.09384241636887605,-0.869928995055588,0.3468572604572286,1.6278530896431038,2.84833681108878,1.1365092479475478,0.013705960200107366,-0.8320274935050627,0.5062990856725794,0
0.08935569053428097,-0.8666587555076715,0.3420781057158799,1.8509332775974485,2.6971675217084488,1.0673965431339982,0.012013208545284329,-0.8312310988863366,0.5071824942497468,0
0.08718802592388918,-0.8656390622158027,0.34036552055409175,2.0497129491063175,2.518311917752502,0.9627205578031859,0.010926242537434924,-0.8301719058710579,0.5090906142355047,0
0.08525352664972291,-0.8687554118366099,0.34316550432628207,2.2749150139130885,2.3625840074339273,0.8812645924777186,0.01053892052741401,-0.830223886362734,0.5102012168703695,0
0.0852340592036996,-0.8724704655632879,0.34635837726441887,2.5421959666858758,2.266489982458458,0.8385245858525358,0.010326140066664404,-0.831596623796881,0.5098219048550096,0
0.09144005508235704,-0.8721264023350576,0.34530155155798486,2.814882743102031,2.209799482589215,0.8038600481883657,0.009969044846606134,-0.8329202298776618,0.5088693819130666,0
0.10237023673807853,-0.8680232875027383,0.3410723105780628,3.0437450272729945,2.135920142135701,0.7501062170178538,0.009872861171897769,-0.8329356431922743,0.5088187641730196,0
0.10945209364697986,-0.8644895961741341,0.3398240227676572,3.220142656646651,2.0189488278086962,0.69085510993198,0.010589082071886734,-0.8318129805758236,0.5103818995877901,0
0.10717966323070119,-0.8637578065613913,0.3451060266032302,3.3849404431681878,1.8924016292812773,0.6576208358404124,0.012089209325039213,-0.8303954945519028,0.513177611383498,0
0.09997529251170728,-0.8640435837310285,0.3532122628062982,3.5843576860203563,1.8043155970281846,0.6486399978571465,0.013790249127990213,-0.8288600411928798,0.5162704684338294,0
0.0954144678687184,-0.8634036423146886,0.35788523481051887,3.819796907337734,1.764050653154531,0.6212079841496975,0.015009362201436024,-0.8268933138888497,0.5187086733429079,0
0.09451772368280617,-0.8622882926678217,0.3578440323249122,4.045523160500677,1.7479462403046877,0.5385457935068406,0.015322239900093463,-0.8247517480371857,0.5198836094850299,0
0.09280102619003223,-0.8620201840895066,0.35784128973949997,4.216497963349827,1.7420717090951077,0.4079295525745203,0.01476490541174286,-0.8231964297455477,0.5199701047074895,0
0.08827080086167961,-0.8630638101858232,0.362702128592245,4.33159466779119,1.7598029961604436,0.26777614217698764,0.013850571959144927,-0.8224608983249639,0.5199570811074559,0
0.08456363200771727,-0.8648547061017999,0.3708471174087256,4.423864151210187,1.8203029605245722,0.15263860758123193,0.013283663854987821,-0.8220946614295771,0.5207421842839359,0
0.08702887179631223,-0.8659322035379643,0.37440495810480157,4.516814436933113,1.9222404584326052,0.07878370525306362,0.013431790780235412,-0.8218442985028804,0.5222602481495348,0
0.0971843894104556,-0.8650118730953242,0.36772414090536704,4.606335320154104,2.0398617566967863,0.05214161922236077,0.013913563649088514,-0.821998722479824,0.5238591450884938,0
0.1097699212932263,-0.862917030104629,0.3556657270696254,4.68395332702497,2.1370477425421925,0.07772026410841852,0.01382143444786932,-0.8227796212358606,0.5251917213886469,0
0.11550958389709698,-0.86185106277149,0.34971871083287226,4.75430161506714,2.1817671957465015,0.16061164494116606,0.012644961977733665,-0.8239602703706829,0.5263060630035991,0
0.1095094254844942,-0.861950814795616,0.354760006051141,4.816709254067299,2.156335220083437,0.29833474507876206,0.011025626810888731,-0.8252769408593675,0.5272749602931274,0
0.09685092690554198,-0.8609079807488386,0.36382790874429,4.848290279456567,2.0702379576374117,0.46606846144359354,0.010320267076527695,-0.8268487205507856,0.5281260943213447,0
0.08766305699897974,-0.8581288411618735,0.36765370568715544,4.828184984870502,1.9664327560485113,0.6113043343035098,0.011169443821738546,-0.8289599388999394,0.5288490828247318,0
0.08726286962229,-0.8566947129977058,0.3652081110634239,4.774326097947424,1.899788727979301,0.6833913876485669,0.012623100445041367,-0.8314678756570841,0.5294191722965894,0
0.09249982632222203,-0.8591836429066699,0.3626733176079376,4.738082919585724,1.8961503894139222,0.684842630871428,0.013051325952290431,-0.833423608912264,0.5300146658350335,0
0.09648206808968543,-0.8633067196148925,0.3647539069112996,4.757594753547581,1.9330876863643232,0.6824781788363189,0.011901593824869548,-0.8334690222672564,0.5308132456987253,0
0.0956369832190997,-0.8643394106008777,0.3688815042440556,4.823089522572579,1.9626609656055871,0.7460349581529554,0.010062243142484592,-0.8309865333895561,0.5312734015161029,0
0.09252091555429721,-0.8612901027814854,0.36781014523954286,4.889042834249046,1.9497363943112762,0.8732712858355063,0.008468047429247581,-0.8267352227486626,0.5302690792915215,0
0.09173237370617111,-0.8578366959897792,0.3584273419502497,4.912034395383225,1.8898404355939693,0.9892591352062269,0.007080313940800496,-0.8220164570856402,0.5274830204319971,0
0.09358282062377697,-0.8568161777085702,0.34724135636365455,4.8748304174743184,1.8019895047405146,1.0229075389223292,0.005539997795116555,-0.817630658689013,0.5242162431094226,0
0.09388348155406087,-0.856569962181898,0.3443365003896112,4.787449896735552,1.7165026221764181,0.9709373266214536,0.004137166060060593,-0.814144745520795,0.5223218584036532,0
0.0901350555191966,-0.8540818160968149,0.35213512537715264,4.677557017852383,1.6672238815916132,0.8800573563501125,0.0036232229158041783,-0.8124310597792606,0.5226353048761176,0
0.08502141964548253,-0.8497229852682735,0.36365390809268405,4.577447551379991,1.678905355612134,0.7831343671820583,0.004509152650332562,-0.8128432912302795,0.5247294487746462,0
0.08290554182636044,-0.8469367532380697,0.37140233393738925,4.515224004726404,1.7524482132837342,0.6742288810949176,0.006968088847986162,-0.8141695564547993,0.5276016040444881,0
0.085409073236293,-0.8478596266514222,0.3736234275633234,4.51344709581688,1.870313042436053,0.5430635871410293,0.010855148031149113,-0.8145509719977745,0.5300226095919942,0
0.09099401729069191,-0.8508398213748226,0.37218082516701645,4.574386800275016,2.021093342719174,0.40846971041107616,0.015112365686467798,-0.8136324567820421,0.5308687190961981,0
0.09630332993419254,-0.8526719804424285,0.3698996206162144,4.6447058750825185,2.205642844500453,0.3019895447580441,0.017651333480951128,-0.8130182843936148,0.5301030356866638,0
0.09741461253614071,-0.8524165429444732,0.37130521443341613,4.616401936798443,2.4090856185757104,0.2307613839460077,0.016940964302326285,-0.8142133749912264,0.5292204447951658,0
0.09246744201074128,-0.8518520945414255,0.380508661718549,4.412636918068958,2.579944406468139,0.17539508039354507,0.013763663939245314,-0.8166577790783707,0.5298680479007091,0
0.08429580907361928,-0.8523107098696698,0.39494509166575154,4.084040950275646,2.6583104743071337,0.12159152711738126,0.010496230738548516,-0.818433070192817,0.5320115553795222,0
0.0786269960370058,-0.8530261389506387,0.40515681685003874,3.7864772773577084,2.630478503278913,0.07758675916380381,0.008489443451506288,-0.8187053823732187,0.5341291904330685,0
0.07838189641376422,-0.8533265812557332,0.4047365770504916,3.64725774604004,2.5459306204083147,0.05718567646899867,0.007014479559109701,-0.8186789330258145,0.5353095238042356,0
0.08115087966344744,-0.854191607829,0.3976090552713856,3.673507977794715,2.4724366379689804,0.05810830448651252,0.00504608831313586,-0.8198921775169579,0.5364673085450289,0
0.08312779606276394,-0.8562176028180337,0.39227272579214734,3.79917137761361,2.4376023773240036,0.06703728214370393,0.00306892985196584,-0.8221971325003414,0.5390590628789602,0
0.0832731724653143,-0.8579036508698675,0.3920181660796504,3.986465741131359,2.416832462834786,0.08263470387716791,0.002367153435231963,-0.8239698785412102,0.5430846831754272,0
0.08232622286720138,-0.8574643102823908,0.3940303412720673,4.245246600968475,2.367143162899565,0.12298425476614433,0.0031515852575643983,-0.824038230986587,0.5469473526537754,0
0.08077246340959772,-0.8551027674250065,0.3952273832299881,4.5712386942628225,2.2613396450494045,0.20561920514199133,0.004352767743574378,-0.8227690855628715,0.5490107926606527,0
0.08036155437687266,-0.8524833254025809,0.3949305903070649,4.918261182106281,2.098141242778418,0.32565133796687923,0.005331811608312678,-0.8212235641716508,0.5488055943483232,0
0.08501439589380615,-0.8510151324987597,0.39253235265432684,5.2449453759158855,1.8983046882726542,0.45729835809265923,0.00710851436993677,-0.8198488502172984,0.5470292292138464,0
0.09635920997978215,-0.8511650271887925,0.38668061623132843,5.551667328607958,1.6957097374466727,0.5686688372837289,0.011210291952715858,-0.8183363491301574,0.5448736849279425,0
0.1090532604874688,-0.8521867656720878,0.37864829786668347,5.852544379034091,1.522013231832044,0.6269269577916821,0.0173486454607372,-0.8164264226056953,0.5431535931465474,0
0.11436498154332722,-0.8521202956992882,0.3734666385436276,6.1416162060908155,1.394359434372732,0.5996902291109847,0.023065074240841168,-0.8143973204222851,0.541808613255872,0
0.1096322269316322,-0.8494727201227585,0.3746461484761685,6.411203722025526,1.3209015038464524,0.47377467014087155,0.026116254639889796,-0.8126812453193328,0.5404898434512992,0
0.10158582145040135,-0.8454186047195227,0.37965233453683545,6.679458180977767,1.3152584389813624,0.27871289504580476,0.026558605919839627,-0.8112918357629891,0.5396548717389313,0
0.09880531070337119,-0.8430486694029714,0.38340647556151675,6.968540080334213,1.397382793439896,0.07442098067009052,0.025952099158757045,-0.8099519947331582,0.5404875380803199,0
0.1029055337360985,-0.8438922073951595,0.38478203383944704,7.268233558085115,1.5815503216727809,-0.09883970277728685,0.025144006049729342,-0.8086319825233891,0.5433816012799899,0
0.10835382827462484,-0.8462192276168774,0.3870320506481861,7.548674484716481,1.868521043225928,-0.25306786280131977,0.023650349343248386,-0.8075542689675053,0.5469889015263691,0
0.10904802073167967,-0.8471955474175645,0.39233875851704686,7.797984167861965,2.2418521092532924,-0.4299193202274877,0.021025439611092624,-0.8067868147698538,0.5494084507071778,0
0.10407908324998383,-0.8458089772409412,0.3981061502377762,8.019667428756156,2.6600832945728956,-0.6536014033344416,0.01800324406651488,-0.8062286624300944,0.5502231567183774,0
0.09819011779984875,-0.8433262990726296,0.3997437070512131,8.203034118686322,3.0560801392751724,-0.9077404158679937,0.015781156761347333,-0.8058926596057163,0.550772397175026,0
0.09654814590194882,-0.841708586765165,0.3965241301046367,8.328335420984176,3.359682267997165,-1.144361440186515,0.014435747653164903,-0.8058904684605256,0.5523377003797693,0
0.09849853134369135,-0.8419325997708483,0.3928544057993061,8.402274759312956,3.5331507562039794,-1.3101485520393623,0.012734831001998148,-0.8061934344251585,0.5546694265217018,0
0.09810056151798918,-0.8431019433591544,0.3927066137332865,8.467108617573707,3.5889607365427922,-1.3796646507770332,0.009789198400922898,-0.8065747539689768,0.5565781187270424,0
0.0919195277524692,-0.8429606373887966,0.39467867409175905,8.57423140350766,3.5728355949826835,-1.3751522622654662,0.0064378190051335975,-0.8067437564686225,0.5574054720137248,0
0.0839631417512304,-0.8402464367745914,0.3951562175850986,8.758199756165451,3.5275613317621475,-1.347995562113373,0.0045136246619826206,-0.8064709972740732,0.5574193629221915,0
0.08097421258261936,-0.8367966566027328,0.3946562542467,9.02080525108021,3.4712834325410884,-1.3351164562043678,0.004864995207231441,-0.80565183159718,0.5571507527985317,0
0.08465289228667415,-0.8359001245183092,0.3968016511086872,9.32094931481108,3.40353636459642,-1.3365581686712875,0.006546128088313207,-0.8043204818695039,0.5569666554447934,0
0.09066613036788634,-0.83776515016493,0.40174003100115735,9.591434908014564,3.3179029462484504,-1.331326534245181,0.008032505054402478,-0.8025782520297043,0.557189348853766,0
0.0941625851853902,-0.8383084869553232,0.4052571751477547,9.781907935655788,3.204697646456178,-1.3010163128459635,0.008886851242777875,-0.8005022288800194,0.5580223734709473,0
0.09389320308780832,-0.8345064020842269,0.40485099522293494,9.877695927023533,3.0598877328775163,-1.2355781599478903,0.009920392141464555,-0.798255426432539,0.5591546992038771,0
0.09115760826510344,-0.8299968326430869,0.4030146675219735,9.876517200663473,2.907935512255084,-1.1337004642075803,0.01170935298139413,-0.7963380060336253,0.5598178827139025,0
0.08731295973393677,-0.8317437488350516,0.40334201857840773,9.775941035946527,2.8014392449282837,-1.012338251834802,0.013382876419582936,-0.7954034965941977,0.5595309123656921,0
0.08358489630138828,-0.8399133589497325,0.40571236323237225,9.600447251081356,2.775166022778725,-0.906229402854307,0.01346098401075861,-0.7954788122870452,0.5586432143452494,0
0.08168482045080737,-0.845274703612012,0.4071306691446827,9.41559087606386,2.8092857540918406,-0.8397420276042847,0.011781882794518186,-0.7955860511073822,0.5579962838564718,0
0.08275484188903362,-0.8401474286647214,0.40617456516341943,9.28487397174506,2.861946570382363,-0.8014286251408179,0.009852141392835042,-0.7946318894215075,0.5582896683121614,0
0.08585666650636192,-0.8282003306448348,0.40437131653860625,9.214509903286478,2.930758662457371,-0.7629597411045687,0.009081223921592135,-0.7927442787165958,0.5598972495901973,0
0.0884140417198273,-0.8189896920828507,0.40361203662060685,9.159752532877784,3.0537787002705947,-0.72480297660083,0.009217117909182436,-0.7913673389569348,0.5627184259302126,0
0.08853656907043729,-0.816217490861461,0.404517769577629,9.087488316400055,3.2486476322320974,-0.7280873853725116,0.008906136734128647,-0.7916509447922107,0.5656886641121875,0
0.08717445317123039,-0.8163092382327981,0.4071883294030998,9.009234495818994,3.4763882579276104,-0.8151317979498492,0.007631209500672508,-0.7927309661637669,0.5670112319949777,0
0.08772039175387075,-0.8159931486155146,0.411306132367449,8.93187098321072,3.6758662265139055,-0.9875525793235946,0.0066232427634814565,-0.7921779999345367,0.5656865373511379,0
0.0923390353987742,-0.815938922948369,0.4151606572555641,8.796603444784772,3.821237690157124,-1.2060392165713008,0.007502174138335175,-0.7887081174966781,0.5626206540809752,0
0.09862222809660483,-0.8171899050983269,0.4161262653700969,8.51980502441253,3.9377097864388526,-1.4185517942015566,0.010385125975808355,-0.7841175756287165,0.5597754563378428,0
0.10178221850124451,-0.8183059800409017,0.4128574804214138,8.114768224178885,4.067815372460506,-1.581341538980051,0.014045465189438019,-0.7818622691475915,0.5585050649198183,0
0.1008252749368328,-0.8179875042007746,0.4067502040884799,7.7315078777488795,4.228400219720482,-1.6661878873195062,0.017698646957667045,-0.7837919534214511,0.5589728058880031,0
0.09998800992788838,-0.8182894893860968,0.4010348125081009,7.531067273448404,4.398362025601209,-1.6698231476823053,0.021630304414291437,-0.7886428833664064,0.5606827061736388,0
0.1024987720127191,-0.822300828749303,0.3982823246007139,7.5286999379506,4.54290728851495,-1.627083548314712,0.02587484959095401,-0.7935140119762369,0.5630476145589443,0
0.10591348017376881,-0.8290963597176713,0.39862781933266284,7.591621077031749,4.643244846718362,-1.6076324284893078,0.029155702230298938,-0.7964289748537096,0.5656068801459566,0
0.10624944157283721,-0.8339676710309519,0.40039685247734436,7.586580575321321,4.698803084121709,-1.6826958738171336,0.02979271785662209,-0.7975245550486079,0.5681195502227177,0
0.10382662618811274,-0.834202396073759,0.4021832187992889,7.5019095229415695,4.71114307536293,-1.8783604337086586,0.027423666578145937,-0.7980462847442881,0.5705683951702143,0
0.10153594554804872,-0.8320920239907259,0.4039253328066216,7.425539535951446,4.686125857819645,-2.1535415483581652,0.0234033036031879,-0.7985873102381912,0.5730650637432618,0
0.09973461051471103,-0.8315605193611013,0.40642638037436785,7.436434821085659,4.653505488943132,-2.428458778464565,0.01958580701654104,-0.7988697280291156,0.5758149511477089,0
0.09710980294294451,-0.8341249618899823,0.410672876992589,7.539916318924954,4.662358296352825,-2.6447553605887464,0.016937060041000766,-0.7992578965184652,0.5790155811454519,0
0.09525142789360083,-0.8387782985584515,0.4171787923589276,7.695971158121983,4.743629930622848,-2.801622968330694,0.01518575143448756,-0.8014596336239718,0.5824395702986722,0
0.09750402283614962,-0.8438075263145922,0.4247385790366804,7.881764196124876,4.884211323956608,-2.9346859974994666,0.013532308266587651,-0.8068625124329354,0.5852267413023329,0
0.10275864177349534,-0.8480144674785508,0.4299665060101857,8.117849438945344,5.040803328030783,-3.0688997984125965,0.011562736958329389,-0.8145443364203656,0.586603392166164,0
0.10474831615948113,-0.8512505817216652,0.4298741695507467,8.454805805952878,5.168036990666742,-3.198104257606558,0.009540218469190401,-0.8216822650846429,0.5867694093548844,0
0.09955648696757306,-0.8539938728102414,0.42603439220092726,8.957282544227963,5.229857994134918,-3.2989268516194707,0.008146651181996943,-0.8259024669715257,0.586535959792495,0
0.0909214879287924,-0.856046900949455,0.4246274651532817,9.691649322495362,5.2010991650789276,-3.352183352743763,0.008161502212309952,-0.8266826423466191,0.5861851485465986,0
0.08597223183625607,-0.8559405694553701,0.42980452746929904,10.688758627546067,5.076708716159441,-3.3590809447915526,0.009977359497107973,-0.8243302114077802,0.5852512515515326,0
0.08751890101738678,-0.8516288137961971,0.4375118985818332,11.882129219735612,4.879328200607143,-3.3527012602717416,0.012942851492827399,-0.8182599921888148,0.5832027053016571,0
0.09209047560961663,-0.8413311354803863,0.4388764675755819,13.075171504846255,4.65195165970146,-3.391912321338964,0.015371842155318295,-0.8071618908948756,0.5797122322325993,0
0.09458575904257219,-0.8242805306744924,0.430039663666484,13.9899059715916,4.450848833875061,-3.524151694821494,0.015642507111385383,-0.7911218450268752,0.5746907747425244,0
0.09401176046480128,-0.8024138885848405,0.41647172034700913,14.393327270878704,4.348666955012298,-3.739951247368979,0.013472395820963847,-0.7731304389521143,0.5690969178148393,0
0.09442601811547649,-0.7821224192495885,0.4077550236666735,14.235017389938262,4.417510655265379,-3.971420663069511,0.010212447474025037,-0.7579679382127115,0.5654775377729588,0
0.09956497493855995,-0.7721924711812852,0.40955437257256844,13.69608715850232,4.6775845897351065,-4.1476864404167495,0.007886880178666353,-0.7493603329823961,0.5662576184038979,0
0.107271926186361,-0.7767997357531352,0.41961656983102885,13.08797599107159,5.066300987435309,-4.246052005359104,0.007706670811531095,-0.7480660840118898,0.571037511813539,0
0.11146786246983746,-0.7903481529892732,0.4304069096024897,12.659585354578006,5.479686609117273,-4.280270619027769,0.009306765953735403,-0.7523082421258889,0.5767102642608237,0
0.10927495582760413,-0.8016563196631172,0.43637326784458164,12.465711158709194,5.844734310867043,-4.254852780482491,0.011324858301507269,-0.7593788173803588,0.5808085978136409,0
0.10327647117937058,-0.8039470220746954,0.43841776338511135,12.396563855318913,6.142666849577657,-4.1567758661670995,0.012536540146881152,-0.7665785999891348,0.583823597645355,0
0.09710736996026058,-0.7995477554113946,0.4404082043700052,12.315667566893866,6.3782137707212225,-3.992429186478535,0.012407371473061101,-0.7715582297730268,0.5877744627995454,0
0.09232068083882704,-0.7952422329777249,0.4429696993948177,12.17285581132608,6.556528300062594,-3.8076927550602444,0.011027647758451479,-0.7732099962892938,0.593317658606098,0
0.08937707233491747,-0.7949512862934242,0.44320788234381736,12.017907691625192,6.693898050924955,-3.653221720231962,0.009094962317408568,-0.7725088888856126,0.5986836762629364,0
0.08832486626289715,-0.7973740863990982,0.4399510069614663,11.939815346480373,6.82212100420031,-3.5380275901904663,0.007900453004646545,-0.7715610213474043,0.6009739573872843,0
0.08853353681704373,-0.7991103300112591,0.4359007777939013,11.993317125332167,6.955346017200165,-3.434747464888894,0.008609551507223099,-0.771414852214043,0.5985807040644004,0
0.08990980362506348,-0.7983758218081113,0.4331827705577033,12.156333429313735,7.054603894524186,-3.326938091145111,0.010995919358561722,-0.771337024999298,0.5930261457535707,0
0.09330858572588513,-0.795940953012769,0.4302758592710325,12.338463722277478,7.044982406794045,-3.2303944820983177,0.01316755264132771,-0.7703614502597237,0.5882769948535116,0
0.09785200087140178,-0.7941271896632237,0.4265761721052825,12.43554040529377,6.881990827828935,-3.1649062264254173,0.013224949009476447,-0.7688007074193881,0.5876102041681542,0
0.09982329981172929,-0.7951473917772889,0.4264553800152777,12.396347988489637,6.603290672404676,-3.12721589409882,0.0112202240064091,-0.7678173079172347,0.5913562690226295,0
0.09674948689643978,-0.7988502658842521,0.43378456605338234,12.258543526703665,6.308596609616467,-3.1069740197722586,0.008912459236710512,-0.7681112745476122,0.5977944456305863,0
0.09083840081510577,-0.801791973861314,0.44482891874336355,12.125150595965888,6.081342183878066,-3.1191781046087583,0.00760738240969363,-0.7696031791472895,0.6050808677039542,0
0.08616543104185737,-0.800407605962763,0.45173371921514677,12.087786931368697,5.935272139996357,-3.203109108103981,0.0069949943260650595,-0.771832851690532,0.6116985808601666,0
0.08418783591508872,-0.7958581429861775,0.4519696167561097,12.158666689809381,5.846909602331076,-3.382794403883691,0.006304568176946613,-0.773762759124439,0.616232496435175,0
0.08366251874555661,-0.7937791068849865,0.4503411264752069,12.28255681794885,5.825197973541613,-3.63331757734484,0.00576627160473193,-0.7736020308794169,0.6177179259911021,0
0.08343880872043129,-0.7975082895627557,0.4518604438596881,12.405710025535084,5.918122248625095,-3.8921654487924786,0.006259874700597588,-0.7701227747650164,0.6159516293825323,0
0.0840666287649685,-0.8025610269188567,0.4551615820169376,12.500920558465767,6.1491159537246824,-4.1008895723663885,0.00785041851298405,-0.7643959618372389,0.6115398920864948,0
0.08699451935999643,-0.8001490413841532,0.45376203259678044,12.525591671028959,6.480403951600944,-4.22983704996872,0.009373671882766634,-0.7593660758022798,0.6062986371333426,0
0.09221605337341174,-0.7872517387699419,0.44396749304877225,12.413393477909159,6.856835920472609,-4.273401930397184,0.009601302849425411,-0.7573730657688698,0.6030744684710406,0
0.09697349725278877,-0.7719352215772792,0.4313578650307781,12.161759222201606,7.263557403323282,-4.246103165072765,0.00843416662403792,-0.7585146679835076,0.6037064057177373,0
0.0979302324126132,-0.7663537849102157,0.4269155003493917,11.916559793506353,7.716683633758154,-4.18864681199959,0.006891564792886729,-0.7614158644866729,0.6070903473501849,0
0.09466959735492314,-0.7741046656462645,0.4348122849630266,11.91299878070099,8.203109183573787,-4.151913777639944,0.00629037703244491,-0.7647794330929208,0.6104375102452673,0
0.08977089955776915,-0.7864512852186439,0.4471081529322287,12.28792152959949,8.646819488008248,-4.152648113089444,0.007291600964026253,-0.7674903666268516,0.612299831990025,0
0.08552223566048275,-0.7913562378973034,0.45339374347920225,12.933057402091507,8.94305277332815,-4.153798592886729,0.009096363031527626,-0.7675593983212495,0.6130666488480454,0
0.08199606995026146,-0.7841069572497243,0.4521503244417303,13.522631093391427,9.032958104515725,-4.104225706056774,0.009612300193624756,-0.7623226639281564,0.6128712373020174,0
0.07830358849266215,-0.7690734310144584,0.44905088423655215,13.688757636017074,8.953695164843637,-3.99118849320696,0.007169561034309447,-0.750774203196357,0.6108227786748118,0
0.07451114034930005,-0.753995085677944,0.4477464385725393,13.211312264095724,8.813873290595637,-3.844051556119766,0.002302357279395307,-0.7353855388628235,0.606588208321513,0
0.07220234843959766,-0.743992909055605,0.44764399907030433,12.103515322184458,8.710541454167252,-3.6973370712216376,-0.002542885437907618,-0.7207812732922191,0.6015962770545629,0
0.0734364417415276,-0.7397540892059539,0.449551938266894,10.575486303843965,8.667757175143707,-3.5619203493777984,-0.005112881485101146,-0.7107857996291981,0.598586076870465,0
0.07845224813847293,-0.7396086644329068,0.45752792535217335,8.952542385336724,8.654816004627001,-3.4246715624960062,-0.004977626345253115,-0.7071689973833427,0.6005075420365891,0
0.08417116218093713,-0.7422709830808418,0.4722523401520793,7.602124530197695,8.649037265187076,-3.2653768149573774,-0.003248331865225789,-0.7102030963102308,0.6089993207463086,0
0.08651657433026727,-0.7476321863741721,0.48653401085134534,6.827839110320217,8.6677183767952,-3.0757491085398048,-0.001052253618955299,-0.7187957073657284,0.6225881036259533,0
0.08515664163645988,-0.7560151809307251,0.49236039795563696,6.718402416411353,8.75139804633973,-2.867546754711313,0.0014609180539156867,-0.7302018270275222,0.6366470656369455,0
0.08423275330762897,-0.767534856562136,0.4904283302383302,7.090912976068195,8.93295542872636,-2.6631923695408917,0.004669960929036421,-0.7412483968822732,0.6462560651213214,0
0.08721094188096135,-0.7814086815172442,0.48760681231817987,7.655429802386496,9.213326067351296,-2.4768032693990327,0.008628438821791646,-0.7506174543551329,0.649362754613978,0
0.0930053930099898,-0.7946283869474947,0.48664541311797593,8.266600205076129,9.549854782898542,-2.302431297035112,0.01308349365895427,-0.7592157384196692,0.6471451708250646,0
0.09854889498976632,-0.802469824849321,0.48403726483505805,8.983334962799212,9.878158034056394,-2.1204652099337813,0.01783497083763614,-0.7678547920221624,0.6421531427207924,0
0.10298162812149561,-0.8032405959372438,0.4777102554510124,9.895533571534838,10.169874847513785,-1.9164773056568825,0.02247245083799466,-0.7753562553418305,0.6368619875275738,0
0.10723469761367406,-0.8024267557720133,0.4718098352110708,10.975482730782259,10.470346896457814,-1.6951809074337871,0.026071649460314754,-0.7796048741093486,0.6333419528340445,0
0.11090668701753169,-0.8079262668476886,0.4719663884554436,12.129705860313322,10.860746899519217,-1.4804494875858871,0.02770399752602181,-0.779834920745948,0.6327152491753882,0
0.11209397716740474,-0.8192611931749517,0.47795606600242163,13.313812716873775,11.378608821954039,-1.3057079533327483,0.027258457659331024,-0.7771395953684309,0.6341364038617815,0
0.11032509210258162,-0.8260609592411251,0.48348010019494675,14.522102891196706,11.984706584792018,-1.1976708148757034,0.025544600974312517,-0.7732306385143028,0.6351542506329163,0
0.1075576221855291,-0.8207748306243416,0.48328566067988615,15.712514670893428,12.600399040104108,-1.1567598630355973,0.023453733562943446,-0.7694899495798193,0.6342255806894417,0
0.10562861080544803,-0.808381659980149,0.478326890594484,16.833398608431814,13.157647120366452,-1.1517817036643385,0.021094843681469688,-0.7668939501264013,0.632580030865798,0
0.10456488277094081,-0.7992740744584039,0.47318552088877075,17.920222632232228,13.613759976853071,-1.1433766942805288,0.018048565876691416,-0.7658287605507609,0.6326389351100201,0
0.10380089791951733,-0.7969134238705875,0.4708270716542343,19.087933695394224,13.94371913630239,-1.1166315772705788,0.014408678873442849,-0.7655717400861333,0.6348534898864827,0
0.10236653132467957,-0.796871961618761,0.4710035609454505,20.39811252593349,14.141565240610712,-1.0853358587277513,0.011017111659641313,-0.7644285090633328,0.6372369642658892,0
0.09765134569422883,-0.7942562315812429,0.4718929318022301,21.770372710136147,14.230881754577101,-1.0630487429440754,0.008499963395288572,-0.7609035785610824,0.638253578421,0
0.08864634158067161,-0.7875448591075117,0.4730596465901996,23.046829156839152,14.260298806657289,-1.0392792034602307,0.0065685034745910096,-0.754827699408005,0.6391583542453875,0
0.08174345629150023,-0.7771809654589484,0.4781080342269566,24.125059647522242,14.274827265378688,-0.9929965405412216,0.00460102406213709,-0.7473252128494171,0.6425401231284987,0
0.0866152171249156,-0.7647227722584156,0.4916779191866727,25.016351957401373,14.285157499139496,-0.9230451601421358,0.002597300383819452,-0.7397452324186743,0.6489087370741906,0
0.10213774574688878,-0.7537038337853375,0.5104244123989226,25.789891057484102,14.265053628044127,-0.8469568114736051,0.0010964005488304643,-0.7326105976293347,0.6558338678236026,0
0.11310905054079766,-0.7481265546635879,0.5215170104232786,26.478145413251777,14.180745325230822,-0.7653755139397834,0.00015697618852245413,-0.7255707816504579,0.6605341289538204,0
0.10706378314546805,-0.7481905671600195,0.5164745095617397,27.04223031942497,14.026913004000665,-0.6463278296959164,-0.0011136511125931167,-0.7183086449802586,0.6622757362386916,0
0.08875270083316855,-0.74893900558584,0.5026670110365032,27.42010592326402,13.841570716051242,-0.4596848386185892,-0.00358936695202538,-0.7112047010763167,0.6620805282225077,0
0.07235400672837355,-0.7447325312255841,0.49428117413746936,27.581883228883445,13.690198419447626,-0.22088111653352827,-0.0068406257859548545,-0.7048694712574595,0.6612619376609467,0
0.06514042479123673,-0.7345600365553618,0.4954596614886928,27.520775884223173,13.63212708999786,0.011995123501351856,-0.0094588306072451,-0.6992879552147966,0.6607404017220359,0
0.06438293250879235,-0.7223714494964626,0.4990990198632257,27.21810320532922,13.697470887700696,0.19007454627835715,-0.010797359046158942,-0.6939516158323354,0.6609563485514605,0
0.0652558601612121,-0.7130641498818029,0.4993501534631456,26.671702382348254,13.888260703639101,0.3220539209425164,-0.011671288484046992,-0.6889287283161998,0.6618344672206744,0
0.06568610157175143,-0.7092794793020771,0.4982028744528399,25.976533707302256,14.184115394170453,0.46533536398101316,-0.012956439979933626,-0.6854349514399372,0.6630006013827351,0
0.06531692222349952,-0.7117447602953617,0.499955993543914,25.336484659631246,14.537430171129943,0.667734478141095,-0.014096709872452845,-0.6850339154044381,0.664248686170837,0
0.06425852011720205,-0.7201996563540937,0.5048427003250402,24.950339349265445,14.880366510636456,0.9268038314821674,-0.013589181341930977,-0.6881617886888464,0.6659002319187167,0
0.063384383602094,-0.7320420468210981,0.5102522181739851,24.88377788642051,15.159173327005446,1.2085955562138737,-0.010913420801234731,-0.6934781459073777,0.6687551686992955,0
0.06364896422283334,-0.7419291479491218,0.5151830535908805,25.065748523678618,15.363715501684485,1.4918752549879561,-0.007748963767432244,-0.6988343147382554,0.6733835149719608,0
0.06438136714345034,-0.7456256095493242,0.5205174696809458,25.388732860214873,15.516689070617607,1.7840128874440264,-0.007005557292570866,-0.702788167102913,0.6790840528655931,0
0.06357233311457626,-0.7437779612085773,0.5255678937620676,25.78286676169328,15.636094138602434,2.1023850324133218,-0.010205550953512978,-0.70491318931666,0.6836695751310404,0
0.06041207457486838,-0.7399212913672235,0.5271031005680809,26.207150406534303,15.713904730878353,2.4529053899565954,-0.015677533464974986,-0.7050301250572717,0.6847726008339275,1
0.05659753375487371,-0.7352668691969773,0.5228229223064738,26.61393178600626,15.733388065896127,2.8262301795093827,-0.019674644988164954,-0.7029107095665013,0.6817226354305188,1
0.054977745272033265,-0.7276642475593191,0.514290533644642,26.947772484745695,15.70746217901943,3.2043420398059084,-0.01935348603934198,-0.6987136610927667,0.6761906464827219,1
0.05751446113632426,-0.7163457706664549,0.5057655118002717,27.173014878632195,15.694568055262176,3.567559806684754,-0.014553390461256867,-0.6931793753237727,0.6710217744282595,1
0.06374836302630411,-0.7055431635648302,0.5014973030265164,27.286451664521756,15.761753229047663,3.9036795065041554,-0.007334990597874313,-0.6872950842441856,0.6687290749534031,1
0.07032056456634185,-0.700741356376145,0.5040356903617659,27.29703725420187,15.926598210314964,4.211766968451826,-0.0005170925111244511,-0.6818675394660275,0.6709294905696869,1
0.07343747993454902,-0.7019197336129538,0.5127534646099747,27.20270649726952,16.155695845610943,4.484886873432644,0.0039870807684645685,-0.6773843371627933,0.6778009000060213,1
0.07325071842661698,-0.7038430315940394,0.5232058000517911,27.00180342485382,16.43281108501029,4.686935817786641,0.0065416972588394845,-0.6743304421263826,0.6869516777484698,1
0.07429869968846439,-0.7038063914836498,0.5297650313065804,26.7325401744175,16.798730328674736,4.766634067422986,0.009360591405823248,-0.6735565960353834,0.6939038346329309,1
0.08012240563156516,-0.7056778438654917,0.5300155107846298,26.494272529504077,17.290852070109075,4.713781350121949,0.013805890564460722,-0.6759705807153289,0.6954439481171648,1
0.08882555694863008,-0.7141888566188885,0.5261209859548296,26.4203655216486,17.861379283939847,4.596504834040664,0.018196259877578686,-0.6816815918811181,0.6923926599044762,1
0.09498891090843721,-0.7277198453134877,0.5219751006837875,26.622864904495508,18.398099465545712,4.5231205759628645,0.01920572791063441,-0.6895703342870082,0.6882245351929935,1
0.09473039636798546,-0.7393023583581194,0.5198702388325366,27.14895138248848,18.83011945296251,4.559343811833708,0.015443885344847525,-0.6976972694251076,0.6856290480211976,1
0.08847545749586933,-0.7434565142308337,0.5201411478222363,27.967307482208962,19.178235185655748,4.687317685941521,0.008656406949128273,-0.7039838668704788,0.6853543107816994,1
0.07959810014223868,-0.7401451133278414,0.52295527464331,28.984081076385603,19.485543152049352,4.839311645286189,0.001288708642338666,-0.7067101957286704,0.6874514017881784,1
0.07011077211874742,-0.7333383374112014,0.5287192138498267,30.07976119410074,19.727050726560105,4.954526128940242,-0.005961529529802206,-0.7050410199875147,0.6919640529455546,1
0.05777674479580735,-0.7276552711422521,0.5363471381242043,31.145324647555455,19.815090316047765,5.0042886208946475,-0.013819749839384759,-0.6995506499442247,0.6981275011545831,1
0.03962946233082345,-0.7249973767518032,0.5429253952649957,32.10012835375103,19.680109296821765,4.990737814272578,-0.022757255351923425,-0.6919574675303539,0.7038045632327411,1
0.019177352511249617,-0.7219656504120014,0.5464058935864812,32.89286175973642,19.325122727313666,4.9466889097578335,-0.032216729948217525,-0.6836872804638076,0.7066834305488499,1
0.00658618417332261,-0.7116319456628374,0.5473925230504889,33.488889527975246,18.82183800766847,4.929041494857908,-0.04088759299307937,-0.6744432105910789,0.706515785966151,1
0.00849207124102167,-0.6908585522892837,0.5472634575479283,33.847455053648524,18.29145767287403,4.987055074280253,-0.047279363320752145,-0.6627258973433507,0.7058226720648945,1
0.020070870668733008,-0.6659390700498493,0.5465390829937469,33.912027494961094,17.87966652194938,5.130586895088274,-0.050309603973440815,-0.6485146850076549,0.7076664006036978,1
0.03044774501376548,-0.6486367350732775,0.5466022735224517,33.64395259890905,17.69240573501097,5.33822234779513,-0.04981674199486809,-0.635124960786345,0.7126493391438259,1
0.034039064952594136,-0.6457320065174209,0.5501528552887415,33.08939498911659,17.715802419931535,5.593660636853415,-0.04677661256625826,-0.6271329983723556,0.7184495249705154,1
0.03421116495164636,-0.6532898063809127,0.5570570615755519,32.415628507650844,17.811042394672736,5.9029451594300575,-0.04289836011053525,-0.6261584664904496,0.7221116882106128,1
0.03741510599219852,-0.6614940417068244,0.562074076685092,31.863716545843566,17.814729424284835,6.275324235186291,-0.03945518119171633,-0.6297119214513376,0.72242073940837,1
0.04533692943862446,-0.6644829324114621,0.5604558875750374,31.644041790525808,17.652030361800996,6.693458333194417,-0.03605250522734643,-0.6342507721770475,0.7203827787236103,1
0.05277628992458213,-0.6647452347234244,0.555219683231502,31.849240084190743,17.363392794563847,7.104807532172791,-0.03083695772764643,-0.6379768845227444,0.7180322535261615,1
0.05414936567211527,-0.6674720645779815,0.5552274365735074,32.43094534968078,17.05306433484783,7.443529645999114,-0.022575980208605757,-0.640392983190553,0.7168269065102699,1
0.05185522331219823,-0.6718085675001204,0.5643447833054109,33.242138763128196,16.823319220917806,7.6651281480967075,-0.012448856666035424,-0.6408484957163963,0.716867936884453,1
0.05473792833177052,-0.6708525968262468,0.575170481008658,34.11963727271902,16.725936659725072,7.7657078517381475,-0.0031777725396445046,-0.6387063430814331,0.7174852559459274,1
0.06703274163435964,-0.6611307036763692,0.5770350655446537,34.95955672000241,16.74581696514212,7.772465304485567,0.0034175372151404575,-0.6341817916153418,0.7183866416704798,1
0.08287183059449109,-0.6481702667165866,0.5688458230527518,35.74069089140534,16.83720659906173,7.71625341093912,0.007303834426433684,-0.6280911543539419,0.7199348840813898,1
0.0934998996828055,-0.6401134916545068,0.5599284982893767,36.49316112861087,16.98954126915395,7.612486010220691,0.008928698673168653,-0.6211013532031496,0.7224849252614741,1
0.09580288984817978,-0.6385606637263024,0.558539076265725,37.24835623859496,17.25132952371911,7.467159964866551,0.007962312320480575,-0.6136756284987978,0.7261968118544402,1
0.09194857743301055,-0.6379313254374452,0.5634164121606109,37.99619202820207,17.68303339116072,7.2884033499256695,0.0037765511771266375,-0.6062831914159397,0.7314497952140655,1
0.08462523661721223,-0.6319765412869197,0.5677437631194221,38.65368950138297,18.296594671932258,7.073020701886443,-0.002962016614186093,-0.5991648898584658,0.7382298711157188,1
0.07523708184177023,-0.6197326549120709,0.5689141225256186,39.068323161905134,19.04504707980601,6.7877742456315655,-0.009703698826763781,-0.5921408609646882,0.7449464555564997,1
0.06512161742391763,-0.6064385470978357,0.5714847849934244,39.0948783670845,19.856122335055964,6.395347327273511,-0.013857066666374339,-0.5850623051665396,0.7493772850861753,1
0.056641072617329744,-0.5989571362868018,0.5798318148336974,38.720545630527894,20.66567123117059,5.910649552607492,-0.015467453727959187,-0.5785554847259353,0.7511775597081203,1
0.05225961124139914,-0.5994704063881463,0.590625360622931,38.12580674064107,21.42690682813443,5.407569791508712,-0.01724696571478338,-0.5742110552564017,0.7520530073928596,1
0.05196783277343698,-0.6040842917292059,0.5958269417341383,37.59448633569865,22.098703246992017,4.950827325698167,-0.021420744065993078,-0.573724757394948,0.7531909175118102,1
0.052317072262530885,-0.608035072970976,0.592245984116822,37.33216278805734,22.633643991898776,4.536845801709202,-0.02722265209358858,-0.5774753930084287,0.7539177441858893,1
0.049630787478918914,-0.610771544854564,0.5848727557767563,37.358504108357934,22.993966136861612,4.127996003819515,-0.03204298276358292,-0.5838831447377709,0.7533437662223085,1
0.044192830404211285,-0.6145392814637853,0.5809427249747187,37.57081028937425,23.191690461437094,3.7396649169938048,-0.034403425365174024,-0.5902796237091351,0.7522524449268285,1
0.03991178752489702,-0.6188958930096714,0.5833301542195513,37.889471103674644,23.30002494180563,3.456432811865419,-0.0351170765599564,-0.5942326988414375,0.752529055341007,1
0.039725395840738684,-0.6187441093975782,0.589523522136196,38.30285320337681,23.406204200490322,3.3405417337524135,-0.035846074359173176,-0.5939387114683852,0.7549284810389584,1
0.04238369608727091,-0.6094004188672055,0.5946800694825257,38.76602336677357,23.561296668626834,3.346544508339184,-0.03717888835811333,-0.5883031838233119,0.7580202431051013,1
0.044046368829200225,-0.5939265043891381,0.5952781384383817,39.1228086272077,23.78981527470216,3.357809619582427,-0.03831065454070822,-0.5782165411113612,0.759514708340825,1
0.04227363824792398,-0.5834658090193987,0.5910941524443998,39.2163339016708,24.124605881283795,3.3076497036991594,-0.038547399260626565,-0.567964062879027,0.7580333986004024,1
0.03773398605005067,-0.5871509498296146,0.5841683699102133,39.10217530278301,24.594006225006016,3.252296278199795,-0.03888268589413527,-0.5636309021571428,0.7531554492870443,1
0.032476502328662664,-0.6014270915882494,0.5759766297402045,39.10645269696241,25.181461993220598,3.3314150240851435,-0.04128967517735201,-0.5681905881922567,0.7448042766421629,1
0.027894172708602265,-0.6124910528941583,0.5665472024542456,39.61951372253865,25.843116079229446,3.662260221400839,-0.045992804903632376,-0.5778116194182181,0.7341312199086162,1
0.02444168674963816,-0.6100693762721942,0.5566287839097436,40.800142447695855,26.580440969307467,4.2472521423576115,-0.050712415971098816,-0.5839760656115844,0.7245442208931812,1
0.021526012321288993,-0.5957870735589553,0.548945791919747,42.44115566019243,27.45335805167075,4.955390210325277,-0.05409098026300863,-0.580099089565612,0.7198562418531551,1
0.016754873018274732,-0.578046230852224,0.545967935299872,44.08264251935125,28.47815387386051,5.600440441201333,-0.058747556577002216,-0.5663707869562054,0.7207533295381614,1
0.006897450603613301,-0.5634635358181662,0.5476806264654366,45.285106615634774,29.530381688719608,6.067961875889826,-0.06873050960328085,-0.5487487820339291,0.7242239967900489,1
-0.008716709343932089,-0.5547279690808178,0.5527109226568858,45.892958626328536,30.40881952194191,6.387358100575076,-0.08447289069183722,-0.534172837190051,0.7270526580046829,1
-0.026280464788400577,-0.5520017493265694,0.5603218858048531,46.10264666826352,31.015943937372988,6.692135972091294,-0.1023484637531773,-0.5264577220213359,0.7291193031691173,1
-0.04030874606383133,-0.5525121431335148,0.5696263695173387,46.26429366849812,31.43061480138531,7.115850397805404,-0.1187094154686127,-0.5250231411867964,0.7329110036983884,1
-0.048333573659918826,-0.5506266530351231,0.5775886301541078,46.58155404693937,31.774794423643726,7.70430267496824,-0.132202641619675,-0.5262983927201853,0.7404408619759469,1
-0.052265623237323255,-0.5425808928196922,0.5807781996175551,46.97981791245145,32.056252394853935,8.386987918646074,-0.14238721254158346,-0.5266896012822847,0.7509128350895689,1
-0.05566553155870792,-0.5319014737407352,0.5805475511706764,47.233597074346896,32.188608283530016,9.023452786161169,-0.14837713726924157,-0.5250285552481693,0.760986948151785,1
-0.0603649251953424,-0.526732160618728,0.5830329601125931,47.1955943299971,32.12723210533697,9.506347718625175,-0.14966534284412655,-0.5225445165918848,0.7672048682598787,1
-0.06524373578237065,-0.5303557895783241,0.5908921410828591,46.924680562635714,31.926018234162356,9.840198655305787,-0.14736084802653793,-0.5207863490691222,0.7684680591302979,1
-0.06779053746851921,-0.5375791215601803,0.5990434806840184,46.645846006391096,31.68181323564669,10.117484997236609,-0.14404500458583083,-0.5199885977907631,0.7665856902914436,1
-0.06706947507207264,-0.5416670268118966,0.602544396236527,46.605044511515594,31.488277738063246,10.419018045987906,-0.14228959786577197,-0.5194580457891407,0.7648346852867589,1
-0.06491578836333747,-0.5412938790060741,0.6038235990470938,46.92362294110036,31.44670220822414,10.745333932678566,-0.14280277409930633,-0.5189474614793466,0.7657709631370095,1
-0.063744314703821,-0.5393766762842085,0.6071505337406886,47.543759390411374,31.65365270895494,11.0448604316111,-0.14382977212025014,-0.5188747258639494,0.7694099866119962,1
-0.06335532280530731,-0.5383207060470909,0.6101703255643666,48.307483010610554,32.126631357063395,11.305180655633642,-0.1428762064176294,-0.5190142961829106,0.7729335312141722,1
-0.060328275953227976,-0.5382058374619845,0.6065637473189994,49.11825963966034,32.760437133183345,11.611902884930009,-0.13907776578517494,-0.5177928289581357,0.7727596417076925,1
-0.05161397976404358,-0.5378240651769151,0.5955557197606258,50.046668440264106,33.40641288133686,12.097550069612826,-0.1335222110273912,-0.5138008267600536,0.7676367353619673,1
-0.03975060942495029,-0.5357881966082381,0.5842267327161761,51.26718296673458,34.01257607548853,12.806622017961272,-0.1279526005907732,-0.5077293714243127,0.759689096694261,1
-0.032641840977184394,-0.5309853497233988,0.5796614613678654,52.870516618253475,34.665774151757496,13.618176610428577,-0.1241980814885534,-0.5017612991673104,0.7523709837243892,1
-0.035339389179884995,-0.5229776838823157,0.5817219080274121,54.73631445616552,35.48408396918566,14.33673121839261,-0.1239962683010443,-0.49690827608388377,0.747933905219976,1
-0.04384985809054055,-0.5124010646101135,0.5852718935416367,56.59733430496982,36.4845893828471,14.869589872692103,-0.12758786467823313,-0.4919035890218506,0.7471070879948899,1
-0.05045240749999151,-0.5009452084633692,0.5873515381930324,58.219467093896064,37.56474155545062,15.293827833760657,-0.13265082597450054,-0.4850323836923382,0.7502442514353062,1
-0.05292004942241316,-0.49069641717757023,0.5893528389478616,59.519897006271336,38.589290078895615,15.750521994331939,-0.13601991532687635,-0.47618829140281854,0.7573490520438514,1
-0.054594093540935085,-0.4829630894691379,0.5928720631745589,60.56179332013609,39.47922727642452,16.308362535219388,-0.13662675328484067,-0.4668379555746094,0.7666072637240415,1
-0.057385929332221766,-0.47734517938920995,0.5963378119105854,61.49559254074629,40.23606221196319,16.944799445815782,-0.1361106516664348,-0.45873253965537125,0.7739457613048766,1
-0.058971771743438,-0.47210910235161835,0.5967743225018413,62.49741509186848,40.90405957166827,17.62115510146682,-0.13667812840148214,-0.45268003004343843,0.7754179537462759,1
-0.05666760883317075,-0.4656647768951821,0.5936039631612979,63.69499621495457,41.517084714669046,18.32329913190316,-0.13889908924833508,-0.44769585659619654,0.7704677967627487,1
-0.051631068209310675,-0.4575775710043565,0.5894797350301036,65.10095502313541,42.09506445739763,19.02526116052791,-0.14154842321928138,-0.4412998151140612,0.7625001934239675,1
-0.04892409209654056,-0.4481279013972588,0.5874045348322077,66.62009894314349,42.69652364696631,19.6673670955632,-0.14333124662448618,-0.43132584913894967,0.7562396190259225,1
-0.053671178671347394,-0.4370056033922832,0.5878943829812471,68.14216370886479,43.42694628832379,20.223641999331697,-0.14476761491907097,-0.41762914735642176,0.7546417931717181,1
-0.06617675828656304,-0.42280462068757807,0.5894655963965655,69.62585157122302,44.33607493117882,20.787612796309794,-0.14811766585788863,-0.4020138367641472,0.7574266051108268,1
-0.0809371753222365,-0.40462410367900836,0.5906808071216213,71.08468290518073,45.331963399628876,21.541873523339238,-0.15511167949677387,-0.3866949827644719,0.7614694305940813,1
-0.09186737330319272,-0.3843836321671216,0.5901630961352002,72.5085920120386,46.27992240557202,22.593727507363468,-0.16515547362093538,-0.3727227247221595,0.7630527666946476,1
-0.09802160599905882,-0.36615940983651724,0.5860729213544426,73.82396160991671,47.19516934824693,23.820320051442124,-0.17581454135560104,-0.35966973554478204,0.7607451265675549,1
-0.1031114665408002,-0.3518782844445736,0.5784642727952257,74.93449929147877,48.2611817934978,24.898480837616365,-0.1844793772929922,-0.3467989075480713,0.756012603300641,1
-0.1116428627667218,-0.33874967226186387,0.5715444468146043,75.80827460763851,49.62519781084053,25.559160684020483,-0.19085185650267505,-0.33383270550204475,0.7511677320045078,1
-0.1272424625791036,-0.32314044671442455,0.5709074647293434,76.53988816327742,51.22093243821431,25.879111839750003,-0.19939609510187742,-0.31965474552069956,0.7479944405968941,1
-0.15039165586189696,-0.3064533537057534,0.578474014396668,77.29597190404155,52.81854313512615,26.290609311950906,-0.21635298170908984,-0.3015438423253029,0.7482498664883027,1
-0.17390546627806613,-0.2941435749590537,0.5909487294478192,78.12939875329481,54.22169909109639,27.1934312573951,-0.24039847992699864,-0.27877112974275275,0.7529165864810078,1
-0.1853815161347,-0.28846855938032434,0.6015209077560536,78.8386099606772,55.39365213240104,28.511991284125987,-0.25914716565400003,-0.2573331005188111,0.7593864328657526,1
-0.1794069652127276,-0.28580551521875486,0.6023638996035379,79.08763011789254,56.39918044555156,29.70610271577528,-0.26040118136126983,-0.24745445280363423,0.7611717618208667,1
-0.16381871208753404,-0.2826952856764918,0.5890307903798017,78.74132889100518,57.264051667658684,30.287383826786463,-0.24557969071876506,-0.25354966618584446,0.7528380824779337,1
-0.15005928282483733,-0.2806885430055801,0.5654432191824385,78.10902855182059,57.96965741961743,30.317048610104433,-0.227511302564909,-0.2680010182642001,0.7352938589607713,1
-0.1415920472226569,-0.2824388138533301,0.5427801483279545,77.83444780614904,58.625205207850094,30.37583889497972,-0.2162901065674581,-0.2774433592221329,0.7152393077226887,1
-0.13539922419765743,-0.2856957958648301,0.5305954685973692,78.45599074557641,59.547209665826585,31.050514636342708,-0.2117036773186452,-0.2751014345284682,0.6998361410026163,1
-0.13065647813016765,-0.28367056471200924,0.5291284546084902,79.97339926085785,61.01749574226099,32.433089722078286,-0.20906555860828097,-0.2647606393764079,0.6924058788524378,1
-0.1318591004861894,-0.2703922277297856,0.5310891669969533,81.84729339192096,62.947386301640954,34.09432147971914,-0.2086013718777475,-0.2522587191516875,0.6916557624205922,1
-0.14616696945969496,-0.24529713044252602,0.5295932043626216,83.49671393192979,64.89395526320129,35.562599246317944,-0.21812782526429753,-0.2363829329701256,0.6932504723936519,1
-0.18047359050412698,-0.21322093209353726,0.5231093710063373,84.80399028244982,66.45514803053334,36.83779208998846,-0.2476589671577653,-0.21110307817258545,0.6928485643863287,1
-0.23534784728193225,-0.17984509741151383,0.5141001155989255,86.08577797336254,67.5702375778473,38.35733297991108,-0.29899708106600886,-0.17520340325564018,0.688940932454564,1
-0.29383359557078564,-0.14853786366009347,0.504887771265836,87.58421215820746,68.40204400204202,40.37435800209874,-0.3558689554090498,-0.13662961023720585,0.6821931599566632,1
-0.3212895131653765,-0.12318517287835937,0.49531534691389684,89.05593239815002,69.08060115529554,42.43945431159695,-0.386381184317099,-0.10746215294224656,0.6720602974599705,1
-0.2918989960153294,-0.11086785495687966,0.4842668032658834,89.91248846762231,69.73619381982492,43.68612264379267,-0.36557035616138595,-0.09601509917892774,0.6569177616522013,1
-0.22003561591748794,-0.11683714173058514,0.47299379171982114,89.79605754330771,70.69460406678118,43.716002457859645,-0.30171646883337744,-0.10249757132315072,0.6392511462591487,1
-0.15444247576877135,-0.1372467513801564,0.4657877622553188,89.02982773941834,72.35513278750078,43.10086347215665,-0.23546808949003878,-0.11963956362951252,0.6276527843747663,1
-0.13288238365508867,-0.1609545955915806,0.46647376628942766,88.4555841723579,74.75543830506169,42.89613176960823,-0.20559487118262557,-0.13768267579375754,0.629550664229344,1
-0.1449699324477273,-0.17993333001768555,0.47376423496073605,88.7391618102361,77.40574618078692,43.655400664530724,-0.2134031249933419,-0.15157530975368627,0.641762606237204,1
-0.1455938376559695,-0.19534461631898328,0.4800523860492887,89.80182216568011,79.71396257719542,44.94234718255596,-0.22306713198007444,-0.1640641663662006,0.6511386634251904,1
-0.1072411618304431,-0.21124501543599417,0.4761085231610295,90.9886654039778,81.55107147393583,45.80626394635608,-0.20074314604439997,-0.17967695412737297,0.6464638822978827,1
-0.053484047582800405,-0.22461933413542817,0.4583640593318902,91.82149535525505,83.28430457563283,45.74492065773294,-0.15279292954643456,-0.19577605856604216,0.628699613784813,1
-0.03142276044891537,-0.22594861840067268,0.4316294692803889,92.49440345572103,85.26415413130022,45.17296440396463,-0.11830260679368272,-0.20279714010820987,0.6077811646754362,1
-0.054135615997857794,-0.21002233534414466,0.4047155524990049,93.5452233487737,87.4461630899176,44.905147782927216,-0.12259980554152194,-0.1942153429485024,0.5906203672587188,1
-0.08696782620338721,-0.1824277997744497,0.38355670510448575,95.12691316581858,89.59404284960102,45.28746683682956,-0.1499193268138142,-0.1733312273510022,0.5752779438907472,1
-0.09441984668001821,-0.15349703570767378,0.3674901891893494,96.77217808905877,91.6652003585501,46.016264734223604,-0.16850340752165743,-0.14879105318473101,0.5564310729064633,1
-0.0820016056787436,-0.1284049833545567,0.35103770543595403,97.89529945498279,93.79597510522241,46.75374849432498,-0.17016856068230274,-0.12580186916483643,0.5325431599809229,1
-0.08131240284851349,-0.10544088698188576,0.32959300066061786,98.3762449793805,96.01465123112348,47.63403485216783,-0.1728724469870042,-0.1035637265979678,0.5062309484978612,1
-0.1092043553883062,-0.0821608751730322,0.30427982055974756,98.56267758115274,98.19318902889391,49.029767356727056,-0.19238501778561212,-0.07958411621724866,0.48081092304709816,1
-0.15561197908517027,-0.06006366188140097,0.28164544961827587,98.80921833080939,100.23680040022374,50.99131868199194,-0.22571601878594016,-0.05411616162221227,0.4590830522068433,1
-0.20179961771137006,-0.04278214275439606,0.2680473332897718,99.16371419360307,102.10596911252642,53.11036817566635,-0.2608414193704356,-0.030584467174007035,0.44359061158971114,1
-0.23614849592214668,-0.03184460429212819,0.2633087076958631,99.47130314115874,103.63199459662461,54.91797863244689,-0.29100529893158156,-0.013331976355304462,0.4346612104256534,1
-0.25512053753264613,-0.025886948157167595,0.2598567825561238,99.62199662944815,104.46983527080424,56.2869533491404,-0.3159612063497509,-0.005272535015474938,0.42788220346514744,1
-0.26040675925650203,-0.023471315417571102,0.24905748430066527,99.63458597105688,104.31325669478473,57.40733829933247,-0.3353564118878113,-0.006518512967089978,0.41608502125088553,1
-0.25785384126530764,-0.025102167924053165,0.2288401376984181,99.59203200761209,103.16032324314672,58.465156803258004,-0.34589629447137754,-0.014343665056899433,0.3957791392293742,1
-0.2538321072404792,-0.0316548631352821,0.20509393644773183,99.57349370018152,101.41784905267212,59.44420962637516,-0.34467115584901975,-0.02454023520315805,0.3712553872628321,1
-0.2494037785843232,-0.04130135144094072,0.1857212134615077,99.610578240271,99.77081541750202,60.22950517765023,-0.33297910627710064,-0.033221825553404034,0.3507990988226775,1
-0.23936802368172844,-0.04916610188175789,0.1733938380836869,99.64779633190743,98.86241588849626,60.82850519266833,-0.3153819208960496,-0.03783191455416796,0.3383642427725744,1
-0.21988988651229782,-0.05045626057099952,0.16470174382606678,99.56065549163311,98.98025480425343,61.461415263162,-0.2961852200182551,-0.03707935907976508,0.33048015834169275,1
-0.1986451304846911,-0.04341308612612423,0.15626381237900555,99.2631865141639,99.95968924700674,62.44904055233225,-0.28015903791563945,-0.030360574035843982,0.3222120499166156,1
-0.19428977803128236,-0.029203614869061555,0.14846561379003267,98.80249600245399,101.31383580795301,63.989322750495866,-0.2760285958361437,-0.01746982836225014,0.3136052470242829,1
-0.2197833217082006,-0.009442681003212917,0.1412114654176904,98.3170836210005,102.46574085947582,65.99054226546063,-0.2927365845710941,0.0012295213787998094,0.3076134007022766,1
-0.2647399308776954,0.01592870479649312,0.13031564524822822,97.8980479904697,102.98893626539555,68.13686391185202,-0.32799843113245974,0.025040133922538236,0.30333285277605754,1
-0.298091324494945,0.04710126216170873,0.11213840071261677,97.50368557402811,102.75156075314737,70.1878500663466,-0.3628482020015471,0.05332675607218883,0.29454533287184487,1
-0.2933161743052625,0.07896262612341867,0.08978934599440032,96.97924620920647,101.88043161868981,72.19777400505407,-0.3731024087733225,0.0836548646828362,0.2764641360130977,1
-0.2564288810331049,0.09853613475418865,0.07376723809834519,96.12882883062821,100.62571593097289,74.33368842512841,-0.352468299839332,0.10797519196928763,0.25495498580108106,1
-0.22834109029265318,0.09275444406474154,0.07771359859064918,94.85006402681962,99.21718138780042,76.48477007007644,-0.32558232801428,0.1135890107495817,0.2475998412525909,1
-0.2501851388073725,0.06248245389769033,0.10762728360199945,93.33673083195417,97.65379493661437,78.23529058745837,-0.33034472775330664,0.09374143941389179,0.2688185108652923,1
-0.32263030992073854,0.027737624873111107,0.14808516769525268,92.12530510133729,95.51766110007135,79.33771240641373,-0.3807332780140108,0.05901225695996874,0.3093905068575552,1
-0.40603208762288806,0.014873225870402705,0.16618877095296433,91.7227363561699,92.17134726236476,80.07822502346147,-0.4514196773305212,0.03380535797001117,0.3365706360167212,1
-0.4607694063253475,0.035747789626300826,0.14214441840504471,92.03035498946848,87.38824547031177,80.99455001118494,-0.5043745766888519,0.037502209688066786,0.32327994379105834,1
-0.4783845536485123,0.07942894123474974,0.09482925489506315,92.22720844788368,81.78999759556787,82.27674289767083,-0.5250540889594545,0.06931054563660656,0.2774008514042774,1
-0.47191112501909355,0.12378423198117781,0.06719859536807725,91.39791559248233,76.41734594116738,83.60363787660927,-0.5243398527272755,0.11156621324092861,0.23735142094103273,1
-0.44672142402288273,0.15286750758937806,0.08619718283254514,89.24952833214078,71.60797447157049,84.52028709755037,-0.5093776186054768,0.14464653643662267,0.23872974994624507,1
-0.3939034662286687,0.16406599766946203,0.14397263475897693,86.04416349916939,66.24574221838371,84.72710539198408,-0.468615526272272,0.15814687651272055,0.28828136806149685,1
-0.31785660258489906,0.1650910272404454,0.21551365141820072,81.91898166194402,58.349511971472275,83.92583181811011,-0.39756244643378214,0.15441973157373423,0.3667414554527034,1
-0.26232084549638535,0.1694684318152711,0.28031758874416157,76.71757046902675,46.76205297017416,81.69164811013363,-0.33327503218893767,0.14900534737178,0.4455138218293706,1
-0.29527994698158255,0.19276600311926753,0.3224165802040433,70.73170162277742,32.522738906141456,77.87829825231633,-0.3448885446146811,0.16596802301901703,0.49590849437417756,1
-0.4661126684846746,0.24464194962924246,0.32933303096895644,65.15052610265839,18.57625058633098,73.11911565067751,-0.4825770942663998,0.22199298710509793,0.49870488238913535,1
-0.7786463218457904,0.314564050321492,0.31238070937156176,61.05684498967563,7.66905698603788,68.42983211913443,-0.7442802371335575,0.30536157044675666,0.4677844674753326,1
-1.190006723672862,0.36338073286084344,0.31863148350484516,57.95100862826324,-0.22078399133616256,63.865231882671004,-1.0907458533013683,0.37079867590270743,0.4606899858202561,1
-1.6253622130302086,0.3450846986896201,0.3962195970406429,54.095341174007565,-8.61790097049127,57.779812963450254,-1.4763965308673623,0.36835104750285214,0.5375910556300778,1
-2.015534576005183,0.2626081759014909,0.5403509657537173,49.03108746867996,-22.09128006075516,48.27835040017695,-1.864825972963113,0.29870904184981073,0.6965822879231149,1
-2.333674775564313,0.20998329284358072,0.6859702464256278,45.424927386764566,-42.297218259103424,36.04467446803319,-2.2276377458048104,0.2502043424575371,0.8635332457873358,1
-2.5683830285506457,0.3374098668089019,0.7648176420173821,47.35396821807788,-66.1502841632852,25.327508436045406,-2.5211701118019016,0.36396907771534764,0.9593657866596429,1
-2.65154368177133,0.7454448625985722,0.7752663624308386,56.05012565624594,-87.71713984106661,20.96348064737507,-2.654083415174226,0.7342566017629242,0.9777677901104446,1
-2.4614273042178567,1.401010346687219,0.7962910273308479,67.39479311383352,-101.80561869895192,23.553841638510008,-2.5083838388979074,1.3317667983714656,0.9964970607651154,1
-1.946087337634885,2.151969894041278,0.923208202164692,73.92441741511655,-106.12393028510982,27.357570453687504,-2.041471064694004,2.022687478526599,1.1127672060022937,1
-1.2483296113477385,2.810368405186615,1.1771418941161302,69.77553395311077,-100.7393727958828,23.042024638584262,-1.386646098526538,2.647485980621991,1.3582461612873897,1
-0.6891864103874282,3.2238015628568295,1.471980395762628,54.74486700817372,-86.2538616920914,3.2421221986989,-0.8399227477170118,3.0740925710381055,1.6612780000983811,1
-0.5828006698215414,3.3122271950927056,1.670911798676016,34.57570210800861,-63.262141455521736,-32.75376397605897,-0.7034696862435474,3.2121159207021996,1.8858900225419424,1
-0.9934156484303239,3.089868135802331,1.6841311186193344,16.951844098677793,-33.67809439773596,-77.94094485028408,-1.0641722107624003,3.034175181244503,1.9227277668055767,1
-1.636258896995636,2.657082004712392,1.5315797254554513,5.84133847963722,-1.7142196024433876,-121.05430927953142,-1.6743700807566069,2.6029768416334984,1.770445090114117,1
-2.0584538886022856,2.141724047791631,1.3282500364182985,-0.9637452538612523,26.99792150434151,-152.67589783703076,-2.0887103073444573,2.050568455759823,1.5445236014240002,1
-1.9810676864339551,1.631864260236865,1.2041857191662457,-8.715572231413832,46.89037487953467,-169.62767431499722,-2.001194069791491,1.5043799809878684,1.3953486331520484,1
-1.4932988737043538,1.1618654195595095,1.217813019328027,-20.39591443876181,53.52319120624541,-174.30939128067263,-1.4838977504453823,1.0306833020740351,1.397249475592407,1
-0.9263996155155537,0.751377897008081,1.3301359525814658,-34.591849019671784,45.1718021828991,-170.35979850792327,-0.8882117000931794,0.6481784523042249,1.5085540443840224,1
-0.5597912445426023,0.43905889353830413,1.4546556149234784,-47.614675495473655,24.760229433495333,-159.3976589721872,-0.5233271689568748,0.3742438673204067,1.6322006839629233,1
-0.44923081016211724,0.26717615793636246,1.5277435555537162,-56.45941020067047,-0.3461803235711183,-141.600371244081,-0.4470732463331703,0.23330987212370946,1.701403785080878,1
-0.49012710840116264,0.23880737433064325,1.537146699446908,-59.70488900447159,-21.69160594209965,-118.17243863367537,-0.5309207960262244,0.2241232184612034,1.7082166685241842,1
-0.5785768593992227,0.30639458942470493,1.5018319866800052,-56.75300947277772,-33.68178541926839,-92.19331275207074,-0.648816022827646,0.3037529387041882,1.6744874848156388,1
-0.6830527166825234,0.40845422696796974,1.4394465933753091,-47.40196047586594,-35.189949865700534,-67.16514033723456,-0.7646504808666406,0.4148374035076341,1.6163581307048545,1
-0.7954209828703976,0.5096627077594053,1.3528595407442947,-32.50793651816963,-28.516151994173246,-45.41967716661351,-0.8774560836275649,0.521013614705868,1.5346893867381124,1
-0.87606458899175,0.6041411474523551,1.2400811364331386,-14.587956386555756,-17.253374116835193,-27.956250634957165,-0.9552248179149654,0.6138724606264788,1.4270883387146698,1
-0.8798344103867468,0.6934809166334189,1.1094758675836625,2.9241891622646685,-4.502841956747915,-15.09872041811616,-0.9560939539680359,0.6964065816052093,1.300945515796015,1
-0.813305591724959,0.7733283094315762,0.9791543961388797,17.370381522002177,7.843959578566117,-6.86835666215491,-0.8867183975104156,0.7686519826163555,1.1718446445360766,1
-0.7285409995098665,0.8381877321588257,0.8610476100553613,27.829706870283648,18.826188858169527,-2.9800405614590675,-0.798917630917338,0.8271313832487537,1.0505137224733254,1
-0.6599141764100712,0.8871575659474378,0.7522762544148984,34.48101812416445,27.916929932337435,-2.831501374428603,-0.7282067369828368,0.8693107320840456,0.936351704531552,1
-0.5940130902847042,0.9182012939208255,0.6462367464767105,37.35581304351461,34.92970067546419,-5.566691980305825,-0.6626900949233272,0.8923492343601179,0.8264168516500936,1
-0.5059480693160571,0.9214835480240201,0.5465132612618837,36.022644303080995,40.05755301012943,-10.173733005950622,-0.577146579348494,0.8893500037874502,0.7262114724900364,1
-0.40114086136309673,0.8858440317992559,0.46349806719006686,30.42634595733549,43.56087152909818,-15.640019061938643,-0.4745503138752676,0.8526883477457219,0.6457491990978445,1
-0.3095108996572061,0.8124720929999018,0.40068764436667037,21.695589003910936,45.3661451307886,-21.128601079580353,-0.3824393622845503,0.7830776140015118,0.5862681106832742,1
-0.2528062718211245,0.7180818298099207,0.3509265668835154,11.85674954186306,45.16590066489265,-26.1182197399538,-0.3223783875243328,0.6926321709657569,0.5364642466858619,1
-0.23097218442403017,0.6222515959752314,0.30470104988523217,2.6480960777078733,42.932921193377666,-30.482702595905025,-0.29657276426006185,0.5965421034998035,0.4832013016104788,1
-0.236607343161248,0.5328653839011017,0.25723939677991714,-5.450860344058546,39.17247743307568,-34.37923118270943,-0.3007954037088447,0.5029667216417663,0.4233862686962555,1
-0.27216943072370425,0.4463146197152231,0.20910696214565722,-13.060136370724729,34.58906721830782,-37.82251999600594,-0.3389519370594748,0.41331668597475407,0.36500453659699195,1
-0.3471518262666525,0.3605728017796343,0.1640101760455368,-20.76551219424215,29.580030677415532,-40.27890398763967,-0.4182755031919544,0.33019852062801575,0.31812782943668494,1
-0.45990070458717064,0.2827967097055494,0.12538295874426966,-28.16109140242159,24.126507183915354,-40.92163549739605,-0.5325238856533177,0.2602858344737853,0.28518673967245095,1
-0.5888397930501258,0.22291540139455263,0.0931350852730761,-34.0428404531793,18.11329728174466,-39.50389947268226,-0.6573100159646428,0.20957283868008164,0.25952186854799103,1
-0.7049452178000426,0.184935778469675,0.06364633672150277,-37.425240597024064,11.613763746995385,-36.83546449695899,-0.7648799255147217,0.17966802115370947,0.2320665768417901,1
-0.7887664272387167,0.16704071102631637,0.03208101191949926,-38.21811065738539,4.849009314618124,-34.15138818924444,-0.8396436296905069,0.16889224924360263,0.19742460153401423,1
-0.8334084585934423,0.1664739836796346,-0.005007341820329632,-37.05884070280118,-1.948811694300312,-32.033297052535524,-0.8785994997429846,0.17448514225165293,0.1554707890726246,1
-0.8385566745999017,0.1813202973141355,-0.04538890065164598,-34.81620415021995,-8.473802482609292,-30.12340719396797,-0.883728661104576,0.1934919054897092,0.11281989605676741,1
-0.808396136887209,0.20848879277187005,-0.07803697965539336,-32.26944122768202,-14.228251549053386,-27.91904224780654,-0.8585963098224656,0.22232680074697586,0.08323687271347488,1
-0.751187231911883,0.24173227752804655,-0.08887070155340487,-29.897344026688977,-18.66921606794813,-25.708978490014804,-0.8076431129055799,0.25562552486934037,0.08007189957153396,1
-0.6744995995563503,0.27285785002472546,-0.07261745857172447,-27.720482639876614,-21.55610296496863,-24.581340406982477,-0.7339119867269972,0.2866927163516315,0.10483383139396264,1
-0.5824817578641497,0.29617325790481996,-0.036571366498629944,-25.46286496284474,-23.130564997380223,-25.413082781981178,-0.6397700389982367,0.3109064315479094,0.1465215402021769,1
-0.48048285753074316,0.3125299803666133,0.007811814626926262,-23.00705369084887,-23.98844551327614,-27.83134345039582,-0.532247333704684,0.3291213399189834,0.19334538849087513,1
