ADXL345_Acc_X,ADXL345_Acc_Y,ADXL345_Acc_Z,ITG3200_Gyro_X,ITG3200_Gyro_Y,ITG3200_Gyro_Z,MMA8451Q_Acc_X,MMA8451Q_Acc_Y,MMA8451Q_Acc_Z,FallCheck
0.14453637200168362,-0.937497379193901,0.23045857780508458,-1.159668520968259,0.9765454745672926,-0.24413185028561213,0.05771615142061627,-0.894530044439698,0.4042973261132735,0
0.14383376905159362,-0.9337118966778863,0.24506423504990724,-1.1095433053755688,0.9941437450573462,-0.2631656634816385,0.05858196946655991,-0.8961136894571895,0.4032971121434888,0
0.14198880955724819,-0.931199447898996,0.25161663643110965,-1.0425670076369111,0.9767141371743364,-0.26424638468685363,0.058699266213051667,-0.897231388958216,0.4026661674773966,0
0.13861660012060825,-0.9294651852574201,0.2497790968291377,-0.9542470697973379,0.9316005035820638,-0.25274900953043045,0.05823354227265881,-0.8976841408306361,0.4027044916695404,0
0.13527856620682152,-0.9282107352934487,0.2460995485252882,-0.862335562244916,0.8920300296430244,-0.2499957198239509,0.05795010143822832,-0.8971390171946055,0.40329128322596436,0
0.13489001790159894,-0.9289108781288822,0.24596984973747865,-0.7993049667276412,0.8707242686915981,-0.2683582717486321,0.05808892611042165,-0.8952140035258085,0.4038537747608633,0
0.13883113876003633,-0.9320624208760822,0.24827156234139344,-0.7823346086585703,0.8504066259624468,-0.2991678428530408,0.05805303778418795,-0.8924100894736495,0.40399147360921356,0
0.14505961053698938,-0.934686025228587,0.24881988179926806,-0.7882980471014124,0.8160606997404103,-0.321529571344225,0.057405608498056246,-0.8902120263525255,0.4039188711544797,0
0.1495974448821789,-0.9334170083847078,0.24687946243286812,-0.7687624069869716,0.7774431170209896,-0.320305154579039,0.05676918631494197,-0.8898004707451419,0.40410208621355115,0
0.14993408132790878,-0.9294531128243818,0.24552246373461675,-0.696863237793842,0.7557405962438737,-0.29732205230649855,0.05736089207422469,-0.8910318466170137,0.40474993736266374,0
0.14702491322319639,-0.9279180253210896,0.24662760844312479,-0.593536153409536,0.7584340029750212,-0.265818647016531,0.059604587044605785,-0.8927608710748265,0.4058085002584742,0
0.14393233418472512,-0.9318742062879924,0.24886689263518413,-0.5029099752229812,0.7718121689910659,-0.23591972833976732,0.06226380809892322,-0.8939002194797423,0.40705810756832655,0
0.14278251998405816,-0.9387122770343381,0.250656352560422,-0.4497656152900974,0.7748578333303718,-0.2086499100734291,0.06317343170135066,-0.8942498316970975,0.4080110532411072,0
0.14361201370305424,-0.9432976269645881,0.252042370686158,-0.4259642846835236,0.7588790046624242,-0.17988390358303605,0.06125143296644886,-0.8944075903430931,0.40816137372944905,0
0.14554391220486287,-0.9431933536643958,0.2529669218720117,-0.4091923880953069,0.733158313605263,-0.14268021747724144,0.057882392951090524,-0.8948121020213196,0.40766219101966156,0
0.1475651611764144,-0.939696977126176,0.2522512395123027,-0.38544160898677443,0.7118533222862623,-0.08953835117004288,0.05586172050923238,-0.8951098123318428,0.4073604695807681,0
0.14841992314475727,-0.935473874534758,0.24968100634225562,-0.35450776569789577,0.7013399568856155,-0.023084459651809892,0.05663966877368578,-0.8947156687953756,0.4077164660565237,0
0.14737488642358385,-0.9328205166010186,0.247450340023386,-0.3210153429578779,0.703265777104351,0.035780321114567686,0.0589122338971709,-0.8936810616880305,0.40798373473854427,0
0.14512836458820852,-0.9326474694124506,0.24806001288544932,-0.28700366474289907,0.7200477211081427,0.06140212716354129,0.06021141115185088,-0.8926377653155984,0.40708080342275027,0
0.14306163221147444,-0.9333613286084358,0.2514886632027783,-0.25535832299128297,0.7486856523051325,0.0503470820842328,0.05942931351606289,-0.8920833054086393,0.4052207275197296,0
0.14191948315474534,-0.9320283954370908,0.2553262818900987,-0.23596314387699893,0.7753500730076222,0.029874820474356113,0.05740656028141419,-0.8919968404337365,0.40398230140044294,0
0.14155112708482773,-0.9280405284341369,0.2572816327764042,-0.24072144048550467,0.7845031924689385,0.03468736834573039,0.05564851403418691,-0.8919958948720119,0.4045856062000919,0
0.14119909856382387,-0.9243199844096263,0.2570476983680889,-0.26768815225389797,0.7716723586803853,0.07537741582589909,0.055108758129094625,-0.891703675725984,0.40668731694083654,0
0.139960234355299,-0.9237168109014244,0.2560141707302906,-0.29322926699594964,0.74368169733346,0.12990557525155003,0.0558354551125903,-0.891146692699199,0.4089982491836196,0
0.1377909099856071,-0.9254314346039713,0.25566524847755473,-0.2896699425389345,0.7089580796127515,0.1653717028414111,0.05707507046520652,-0.8907847671426163,0.410387080055704,0
0.13590524065429554,-0.9260384412190847,0.25633251257741246,-0.25785640964413564,0.6719438774878854,0.16838376948817593,0.05772495929224309,-0.8907305159560913,0.4102417567415475,0
0.1353749694467808,-0.9233024293504442,0.2570572056190088,-0.24057477852545425,0.6384328313667018,0.15191322582370037,0.057214236068535575,-0.8900748054273144,0.4086301374933469,0
0.1358356365102128,-0.9185824641785213,0.25612623597948125,-0.2973774565210358,0.6228877439267019,0.13101394462787577,0.05611235269032675,-0.8879033270873744,0.40655722226748453,0
0.13654385150399212,-0.91588708620049,0.2521494060661278,-0.4595986495783683,0.6416602436358886,0.10023363609332381,0.0555462180059865,-0.8851408318536418,0.4054369935943445,0
0.13785199980752652,-0.9180662293480297,0.24598171283565506,-0.7034374867696089,0.6937553671344638,0.044421930023194035,0.0559431863062448,-0.8843161417314352,0.40586140365353074,0
0.1402454879340126,-0.9234649513618525,0.24171411246099853,-0.96083140279152,0.7534659232852124,-0.034154548165418165,0.05673207447654966,-0.886934370694297,0.4072475416709422,0
0.14278938222102464,-0.9273991611065187,0.24376347661341946,-1.1542672071696196,0.788882209331382,-0.11185938555995567,0.05730549752185708,-0.8917253279104548,0.4087580042786695,0
0.14404002444810532,-0.9274461118787439,0.25192402444505985,-1.2298783777991702,0.7895122317040394,-0.1660592936662268,0.057711543469008066,-0.8959069143817698,0.409908244137376,0
0.1438088723472745,-0.9257540230107244,0.26078992493623676,-1.1764968755891252,0.7757162520649924,-0.19421396512225922,0.058181887271780246,-0.8976421920902109,0.4101825157428012,0
0.14304750837304367,-0.9253503500693515,0.2648190537942822,-1.0259339867138888,0.7789849472359204,-0.21187767976282226,0.058512831603949884,-0.8968822527449207,0.4090531739348493,0
0.1427137220046271,-0.9258626068408938,0.2626823387645397,-0.8324319746988021,0.8093944011730057,-0.23528590444464537,0.05838238289504209,-0.8944488367869143,0.4069840601219417,0
0.14288880070295118,-0.9242512167070642,0.2567824628781336,-0.6486221020662797,0.8437544285963643,-0.26439813804481677,0.058059275808837955,-0.8910914998343544,0.4056550501055639,0
0.14226460216575865,-0.9189419961492877,0.25060835901866607,-0.5226140604551586,0.8507878916869942,-0.2832305542785948,0.058306751917327024,-0.8872986696563224,0.40630316604753,0
0.13959454721721992,-0.9123221350209159,0.24688918295987536,-0.5057292805036209,0.8278137704455985,-0.2780146100081128,0.05950010159163788,-0.8835256978241673,0.4081599831901842,0
0.13669519698151195,-0.9092464743895191,0.2465570894330126,-0.6348727733573989,0.807083460717788,-0.2500543798995528,0.06111555271625031,-0.8806185626160653,0.40935297212857663,0
0.13756342524071694,-0.9127470424932365,0.24876334094056599,-0.8915315606963246,0.8234751769750848,-0.20919582592295538,0.06215618422593441,-0.8799246619822239,0.40929254729222597,0
0.14246746982059494,-0.920931166872789,0.25221847526059976,-1.1882158272087175,0.8773944465516211,-0.1658622054075412,0.06190619228367536,-0.882406123472273,0.4094843541872656,0
0.1458785884615294,-0.9289726745589535,0.25594292600539725,-1.4124987077004043,0.9294164941555357,-0.13635271967591317,0.06039686607415962,-0.8874864387663564,0.4118177991403899,0
0.14332066331668752,-0.9341375522377071,0.25850728413870616,-1.4915514085126806,0.932624494568615,-0.14492633088993412,0.05850927990571698,-0.8932184875166606,0.4163740889566324,0
0.13760614689744954,-0.9372636150232416,0.2584350958648939,-1.4163967798733301,0.8754357067465715,-0.20861554641901112,0.057566115865618106,-0.8978304376181091,0.4211094784772612,0
0.13485259605438055,-0.9395479265979952,0.25682388696893854,-1.214408864458656,0.7942212920117382,-0.318631674511241,0.05830885458179117,-0.9010467352848349,0.4237815055024001,0
0.13660956865390989,-0.9404774433872183,0.2577866560920221,-0.9149938361444162,0.7406550284982036,-0.43496224124275,0.060010778534011364,-0.9038881862006675,0.42415513870565485,0
0.13946698424907633,-0.9397736345721127,0.26370201387802494,-0.5462831322226154,0.7373366910179237,-0.49808931292064884,0.06093201317210144,-0.9072444055926397,0.42403533242689534,0
0.14068631960717162,-0.9392544256936003,0.2707644457941335,-0.14725347578355258,0.768129382975436,-0.4587516128135514,0.06011130819561666,-0.9107555559760075,0.4250540100107956,0
0.14077400940286564,-0.9408405091462247,0.2721545128234167,0.2422989140728578,0.8076951222967004,-0.31359805273192604,0.05858503241379667,-0.9130546532494545,0.42674161388191706,0
0.14124977278049472,-0.9431758200713378,0.26598645489943673,0.6091467747812146,0.8523419944006327,-0.11308165347575293,0.05826669293855446,-0.9127138828284479,0.4269190815557889,0
0.14238575725658223,-0.9421597897552331,0.2576910830543726,0.9619577815418123,0.9206371130551213,0.07580031542938181,0.05964953725146473,-0.9088992658795426,0.42375851127842934,0
0.14326135800516174,-0.9357798086704953,0.2536594708531617,1.2802768623052954,1.0288013375106884,0.21702745117451455,0.061338094886771236,-0.901961280705111,0.4173831151983455,0
0.1430949182415773,-0.9271059898485448,0.2543413817263395,1.4849623693293688,1.1659963763291534,0.3128305791929086,0.06190159389989092,-0.8939708873617013,0.4098020793719597,0
0.1422139573290281,-0.9209641588443761,0.25481262527601356,1.493960835106891,1.2882350849644522,0.3726511157661653,0.061334407993565564,-0.887848098195416,0.4036117412553807,0
0.14151451284060437,-0.9185636821885989,0.25124228549318584,1.3123629245407458,1.3365561991560158,0.3933380436920034,0.06046402595446555,-0.8850116401967704,0.4005847081610574,0
0.14135524754800466,-0.9172532507490733,0.24554761961453245,1.041202910176735,1.271509067650251,0.37355661121051204,0.05967553853800755,-0.884215870849886,0.40096519230378846,0
0.14176114901861003,-0.9147312488682151,0.2432949872603803,0.7889432372766533,1.1004483814886536,0.331089078128689,0.05864320773195943,-0.8831466787353233,0.4036335193662157,0
0.1429446006721856,-0.9111648174008125,0.24746618070903637,0.5966592219098905,0.8740534457210771,0.2939562796265588,0.057072737869522126,-0.8805607994712641,0.4069065864456478,0
0.1443647600065003,-0.9076095229407737,0.2552294449399692,0.4524375758645687,0.6549897440352526,0.2791700187871345,0.05544247096067654,-0.876590151668321,0.4096367865709776,0
0.14434140601671525,-0.9046863119726118,0.26103408705475095,0.33949824950467494,0.4867682545345238,0.28383634842061756,0.05475033301710029,-0.8720401906613547,0.41192952193698645,0
0.14218988106488037,-0.9028643422390904,0.2618615182375624,0.24443003933208035,0.3845659680552903,0.2914055646931014,0.055289419918731715,-0.8682348065787244,0.4146568389379236,0
0.13953726668518385,-0.9023988244432163,0.25923692093003153,0.14406592001547197,0.34591589264101014,0.2856111179059604,0.05596932340693219,-0.8668574716351306,0.41805198980423486,0
0.1378739041400708,-0.902836518828857,0.2573008307964907,0.017809968505185632,0.365468375450367,0.26441555508514997,0.05545476386108874,-0.8687537145661793,0.421045008842345,0
0.1362951419193954,-0.9035031884785717,0.2589212536244888,-0.1304049142554384,0.43857819070310616,0.24136213642952917,0.053930542128407574,-0.8725159881679339,0.4222873435981503,0
0.13363155016677783,-0.9045227683527327,0.26256618429392276,-0.2808422234941869,0.5513096590594442,0.229333111159784,0.053042855216022616,-0.8749310423363619,0.4216020154904607,0
0.13138092682954827,-0.9066377850780314,0.2636938206915068,-0.42577352190992374,0.6740504549462043,0.22265930148730478,0.05392735862611624,-0.8739161215648902,0.4201743354889045,0
0.13215964944177805,-0.9097874651955209,0.2605011544540259,-0.5715864547022182,0.7765642319167325,0.19891273393812034,0.05592407464068417,-0.8711922996842595,0.419484891667831,0
0.13589390278867042,-0.9125874651438565,0.25705403756325523,-0.7124890828007134,0.8529449527749327,0.14163228819740195,0.05741855917142382,-0.87099405506779,0.4201066244719026,0
0.13963716600941073,-0.9138572422981786,0.2590318645400508,-0.8232380522260845,0.923139542947003,0.06112434721000423,0.05738136410870212,-0.8754929144259715,0.42137271453731595,0
0.14114487126025424,-0.9142226265272254,0.2670898153523479,-0.8903877600991033,1.0020667908862173,-0.0102798046423353,0.05604370327575323,-0.8822474416593437,0.4222362137125967,0
0.14107485990535304,-0.9154746201756295,0.27581805527473646,-0.9342088231736825,1.072630497896233,-0.04598487966949728,0.054705054210202206,-0.886859829150282,0.4223887997929109,0
0.14145275589711584,-0.9183907548156183,0.2791647631543484,-0.9820761397939273,1.1003487837284993,-0.04802946213012861,0.05487134744434541,-0.887545309546602,0.42226822071974046,0
0.14316837671354607,-0.921803474517017,0.2759285288376046,-1.0317355284578698,1.074071305348007,-0.04080592064895973,0.05690002417101993,-0.8862418838671414,0.4221885634015881,0
0.14546101352234847,-0.9240678046331445,0.269648130816869,-1.0594346869889617,1.0203753081173077,-0.04307082113635342,0.059420400276162244,-0.8855657563018232,0.42207293123929934,0
0.14723626169543336,-0.9248072629780085,0.2643707780492192,-1.0554114760389883,0.9742826969745629,-0.051392068539615025,0.06059269134099599,-0.885880438088406,0.42194577387269017,0
0.1481276819131778,-0.9246460436687081,0.26185074310481316,-1.0296546824633965,0.9478088183030051,-0.05186226961479765,0.0599718485149259,-0.8859151268264561,0.42194770232191475,0
0.14798995612651641,-0.9240189180933684,0.26176103763709674,-0.985748028788174,0.9348024472027021,-0.03970628213811289,0.05877909827922662,-0.8853628681615574,0.42176787429564183,0
0.14618626706265436,-0.923391809891429,0.26245217807988125,-0.9123363071723233,0.9334474998339278,-0.023563733844733883,0.05833096598580653,-0.8854784283891679,0.4208143625667143,0
0.14261111092031037,-0.9240557062401976,0.26187505559879576,-0.8061136369575141,0.9467726077331473,-0.017740413086679528,0.058587276511044305,-0.8870152730275653,0.41930990907192545,0
0.13893407008472022,-0.9269163380377343,0.2596653791975978,-0.6860354064002002,0.9657584559716915,-0.03225794805717979,0.05859277222422286,-0.888893847608686,0.41853452998997825,0
0.1372971887844496,-0.9301995978121371,0.2580433209442992,-0.5754578860507696,0.9714107384572452,-0.06105788477303601,0.058093424431851025,-0.8896333188831745,0.41926607634325286,0
0.1380431243509401,-0.9300592299611986,0.2590406526657701,-0.47902601511394965,0.9580554605931417,-0.07798057075910174,0.05791512636574102,-0.8891800264096936,0.42042885336917873,0
0.13998583460856673,-0.9247220229941168,0.2612734964133005,-0.3876534962411697,0.9419923542268068,-0.05686393285418889,0.05857735899148164,-0.8883883117936991,0.4201895388707956,0
0.14221023549270906,-0.9172753084990153,0.2613224357415787,-0.30877626677063486,0.9421907188923831,-0.0017177486136708475,0.05938340665177768,-0.8872500307238472,0.4182053483418388,0
0.14420272847942175,-0.912883763535352,0.2583875392990011,-0.2838621469474349,0.9597227857156171,0.05308571109502695,0.05933584363750073,-0.8848603127938574,0.4160034067169448,0
0.14504095183028032,-0.913141033520793,0.2558630141943417,-0.3593470808238239,0.9787322509647923,0.0780208446597734,0.05835601837623747,-0.8813523042222411,0.4152663927395279,0
0.14389477940733597,-0.914581435775699,0.2575697089549808,-0.531413486183099,0.9822576984395482,0.07276716304043407,0.0572283473197711,-0.8787321884978466,0.41631316257031475,0
0.14099010867478018,-0.9135768255737401,0.2632303265515681,-0.73165492801675,0.9638961664602731,0.05045600637153018,0.05682480627441402,-0.8788657884139767,0.4181183747640403,0
0.13762800774422893,-0.9113358173779591,0.2683454436203061,-0.8838017510473227,0.9262429382056818,0.014981269757746184,0.05757320849077333,-0.8812916659496404,0.4194586594952041,0
0.13569853976796864,-0.9122792669201177,0.2686061539970965,-0.97223213943246,0.8733298031013542,-0.030884505889563048,0.05911091852831627,-0.8840046760603874,0.42003279289176537,0
0.13673544684798578,-0.9179282343074862,0.2641858589424213,-1.0418588798882784,0.8101479553652438,-0.06691485972520472,0.0603281261515621,-0.8858418811391165,0.42040854936808303,0
0.14040474268647643,-0.9244336365100077,0.2593944726310257,-1.1349021908698667,0.7488200371320926,-0.06606257545146318,0.06036114650756032,-0.8870763782408395,0.42093137805564207,0
0.1441770170074869,-0.9269090240270546,0.25843822090084495,-1.247651360669125,0.7069501770384051,-0.02581159841664513,0.05958362249225459,-0.8881297808302536,0.421197341188105,0
0.14551362516163938,-0.9248898586425017,0.2618821531890826,-1.3508565163420316,0.6964029927873567,0.023374595067224113,0.05903029299358041,-0.8888273779004168,0.42081591067270546,0
0.14453308228017148,-0.9222317896948385,0.26652838511559795,-1.4271300970813823,0.7188120462482984,0.047742809400659364,0.058996994807896774,-0.888957514975888,0.4201057463283919,0
0.14370162407539663,-0.9222277375996888,0.2681807545196757,-1.4740476807523823,0.7703610051741936,0.04367090380435534,0.058944874101222074,-0.8888546277486258,0.4196114537270952,0
0.14439183078317,-0.9243680221647058,0.2654374820252237,-1.489073068716331,0.8413210891886188,0.03593097057694205,0.05865627701344973,-0.8891209958300206,0.4194369413930981,0
0.14482687920614917,-0.9261815260197261,0.26147711413659214,-1.4712797347563245,0.91250419771037,0.045345015908987894,0.058604682926157385,-0.8898983125033536,0.41950377971518044,0
0.142889965930608,-0.9269328462144831,0.2612382035528637,-1.431232952455457,0.9638520076719989,0.06293249625141159,0.05901570638589743,-0.8905401020634934,0.4198290887616515,0
0.13999455466394348,-0.9282488154575824,0.2658623380274213,-1.3849639050033498,0.9890647746850029,0.05765347186052952,0.0593089688074432,-0.8901141763475919,0.4199281205038381,0
0.13964140943239078,-0.9312376337482444,0.2704939133742873,-1.3392840315574577,0.9973931320733777,0.01149281303102035,0.058879334040445666,-0.8884047609621121,0.41875458224584927,0
0.1421903301532881,-0.934079738400457,0.2691410795546538,-1.2889513593823694,1.0039443093621545,-0.05490241593134161,0.05800543834274038,-0.8864453845426566,0.41626598346997457,0
0.14373105814320486,-0.9333203182305909,0.26193051085618335,-1.2262648097867448,1.0207695157513874,-0.09868134366628947,0.057504950944909185,-0.885783347770491,0.41440981380664266,0
0.1410584247540474,-0.9277155681706729,0.25560752447661417,-1.1516560104924283,1.047647010460545,-0.09815502503346502,0.057561957749519964,-0.8869668719250604,0.41523986871536506,0
0.1358097288405499,-0.9203195657031604,0.255845263540908,-1.0771779811637454,1.065743080757493,-0.07360076582364299,0.05735998289487466,-0.8888561306667863,0.4182434388204715,0
0.13239572290155774,-0.915919469258663,0.2610018866982303,-1.017571299065698,1.05320428278689,-0.0633516338232124,0.05619868718932925,-0.8896055731481544,0.42079371473088567,0
0.13307568661782151,-0.9162434727990165,0.26509941618368515,-0.9752667634491786,1.0151078514757879,-0.0842236819181807,0.054684688393972974,-0.8883332953369342,0.42141114252613054,0
0.13632938416992982,-0.918505229240384,0.2652861664264878,-0.9407158065166906,0.9835565717845485,-0.1176240554827644,0.0542166902261419,-0.8858650012840843,0.421393669855439,0
0.13924872037003472,-0.9189388436988764,0.26391161513249545,-0.9116597923829036,0.9784861311427382,-0.12929473448613046,0.05526272710636289,-0.8839199078692588,0.42261072288094353,0
0.14029062232588776,-0.916846411109089,0.2639613954619171,-0.9011042883833227,0.9836426672541129,-0.09823052336532073,0.05670282698034779,-0.8835047350014564,0.4246698780169246,0
0.14005766754241641,-0.9146939129208356,0.26535676435035965,-0.9187537553725889,0.9747619893088058,-0.03218700953179822,0.057072763618257846,-0.8840856914521273,0.4255187738040552,0
0.14029510750320942,-0.9152616098993648,0.2663448320725134,-0.9557491308983355,0.9570943602513681,0.037589222262515834,0.056045778139305655,-0.8844009727032307,0.42459301573450914,0
0.14208362988205814,-0.9194667819426824,0.26615735604011675,-0.9935417709507611,0.952646799570193,0.08031415807413787,0.05447853180774548,-0.8838907193370399,0.42388112394647226,0
0.14467851365544523,-0.9256658289095245,0.26505659959043354,-1.014049865857198,0.9563995440007022,0.09013796309654513,0.0533835089929389,-0.8830076409827082,0.42526468493078473,0
0.1461749819840533,-0.929856456425808,0.26317090034674634,-0.9980453416121713,0.9343318002998177,0.08629623817776674,0.053186804813727326,-0.8822349270825448,0.42791555063420444,0
0.14530781553227548,-0.9282492209091209,0.26050680677145754,-0.935238080477182,0.8734542953821045,0.09030257055062402,0.053755532268811086,-0.881371731825151,0.42939135707116455,0
0.14240577193206674,-0.9215435384539982,0.25783313098942007,-0.8476118997492204,0.8100409133159923,0.10659970094161408,0.0546957692492173,-0.8802036076190937,0.4287642750383303,0
0.13866927366833062,-0.9151705821471718,0.25703873738501803,-0.7852619387424509,0.7908514263734556,0.12324417989469902,0.05548263081824238,-0.8795269445854512,0.4274843654207153,0
0.13515578901952868,-0.9134515374443208,0.25992243694050104,-0.783205566307865,0.8188361099645282,0.12601930094886715,0.05562826434817139,-0.880558141583347,0.4271807808012458,0
0.1329248643585623,-0.9149142542517771,0.26576633103677627,-0.8311395464670364,0.8553861952412565,0.1103359246317201,0.05517613727260398,-0.8829195802611822,0.4277767094127315,0
0.13319023713921468,-0.9150126386110816,0.2707691828024901,-0.8956424344740336,0.8722035596016711,0.08225935916799572,0.054969369567378246,-0.8840751903137289,0.4281968580566624,0
0.13589727043041133,-0.9122032097758588,0.27154220122004114,-0.9596448505169112,0.8817721635721574,0.05300103355893129,0.055938687055756116,-0.8817889875739165,0.4279940932685191,0
0.13881294275428335,-0.9094816781460886,0.2689202334157024,-1.0270961954688886,0.9106750950299274,0.03478639608432159,0.05803016712279781,-0.8768816270747433,0.4276178092658314,0
0.13980969824032355,-0.9100667571714006,0.26677324553972287,-1.1016909747582841,0.9585089169341423,0.03608766422492244,0.06015822144777785,-0.8726909454549464,0.42754327055219077,0
0.13958771338439815,-0.9131557241260673,0.2674700854613526,-1.1803678066088867,0.9970911761165879,0.052044287517363494,0.06121861617645173,-0.8718474830539477,0.427648094852549,0
0.14032834245419282,-0.9152022013718343,0.2701002725497928,-1.2628067908239449,1.0047160153596655,0.06146864892363999,0.06092213283822617,-0.8739993205206025,0.4275051723049106,0
0.14215570696523644,-0.9147701594872671,0.27263727552183453,-1.3496417941307872,0.988239181368517,0.04396281502047867,0.05976697025751154,-0.876350787628329,0.4272194861546349,0
0.14290807815827672,-0.914107161356923,0.2741113983519652,-1.4315583655994029,0.9700900655712066,0.002426050445729892,0.058506146912492694,-0.8761311727449959,0.4276006285512714,0
0.14134404052121094,-0.9154546005064553,0.2747643832425092,-1.4947018432263905,0.965732290833328,-0.03936248093914114,0.05764010037631771,-0.8731824427434618,0.429105897142659,0
0.13893541075766505,-0.917928090264617,0.27528443127614194,-1.5385244717832012,0.9815531894323019,-0.06350629412076664,0.05720178020564095,-0.8704741352771985,0.4309156630253184,0
0.1380177246994315,-0.9192744042626537,0.2759655681958894,-1.5745045006522114,1.0220003662871406,-0.07360315374119802,0.05697370287383443,-0.8713398171576082,0.4316177181645937,0
0.13897260835690486,-0.9186953794643123,0.27635024849758777,-1.6024604745505449,1.082268511198571,-0.08037597824504407,0.056949618621941735,-0.8758284735390905,0.4307640791293081,0
0.13995130118628601,-0.9164340894258075,0.2760439549265641,-1.6041094897192036,1.14078264506401,-0.08229498311790294,0.057324239716192826,-0.8804745471836559,0.4293395016078615,0
0.13944847482010675,-0.9128649289562677,0.2754409293992365,-1.5744934686416951,1.1762089981504602,-0.06905912520082552,0.05783973764400003,-0.8820898436110329,0.4285506612921883,0
0.13845815384480992,-0.9098445033119646,0.2746960698662696,-1.547031873149748,1.1907677515397137,-0.03845975992173181,0.05772441549460024,-0.8811395858199171,0.42841988909672096,0
0.13922562561147275,-0.9103654968777336,0.272709518038886,-1.5628831782993482,1.2038666608692359,-0.001868678580757776,0.05684440662924497,-0.8806942324243452,0.42800759348654727,0
0.1420454763078931,-0.9144729009562695,0.26858282403276273,-1.615543950366204,1.2230854089305225,0.025969436876042674,0.056262287119562764,-0.8824873732656949,0.4270690970957524,0
0.14445611967590993,-0.9178199756455263,0.26370297405991966,-1.6472518790059218,1.2349421398400067,0.03989074951320164,0.05682154918054093,-0.8850782253262626,0.4268103499338696,0
0.14406632281221823,-0.9167000786482092,0.2610267689750198,-1.6077814480721084,1.227528400807897,0.04603402073364034,0.05775856576909442,-0.8860302547394039,0.4283601537174365,0
0.1412013813189473,-0.9125986309003201,0.26215292257982425,-1.5056174149852233,1.2075032907400358,0.04901778609052369,0.05766566116959466,-0.8847924175546131,0.4308923710673742,0
0.1380449347051429,-0.9096380307286625,0.2658640531803404,-1.3988341205400725,1.1866481063361913,0.04097344999793542,0.056430765419872936,-0.8826521543048019,0.4322128336682527,0
0.13603110261230336,-0.9092664156678922,0.2698224253308334,-1.347460828610327,1.1654182192314648,0.00977640992791479,0.055291614008474564,-0.8805819886298895,0.4313134513618961,0
0.13497991155341518,-0.9096440782429988,0.27300814190586836,-1.3778299917871868,1.140925750348572,-0.04353810033038146,0.05512945763425632,-0.878427776119516,0.4294884264597302,0
0.13426347422316637,-0.9092028904006586,0.27553998849706557,-1.4792452588813494,1.1195387060282755,-0.1016168671954863,0.055576529603008476,-0.8762494895438058,0.4285610954331178,0
0.13391361845585856,-0.9087882265982068,0.27658967526936096,-1.6180659809352043,1.107497159015611,-0.14645132993163384,0.055937318073010625,-0.8753289233923346,0.4288459706377927,0
0.1344894994729625,-0.910266675469871,0.27458420737928485,-1.7506225676936162,1.095911319815218,-0.17630544400131232,0.0562210771216789,-0.8772843441829847,0.42945231346165813,0
0.13617969141589376,-0.9140960066088005,0.27020254255902354,-1.835584567762,1.070839368607917,-0.20241462573060265,0.05678240740831136,-0.8823807998378914,0.42979397026319577,0
0.13819318521625473,-0.9186055550878909,0.2671010627992514,-1.849144984393534,1.0366605619944056,-0.22615540633145323,0.05739481860135298,-0.8886772343858984,0.42991959957279785,0
0.139238194570058,-0.9212599905878884,0.2680042665599615,-1.7896552137479225,1.0118033189645175,-0.22943303658947128,0.057349199993642096,-0.8928894746167559,0.4297903207580577,0
0.13895535770259215,-0.9204571264426936,0.27122316792922635,-1.6679593126505892,0.9972675406541542,-0.19903133433977976,0.05651921265888685,-0.8926186764724172,0.42917121311746353,0
0.13863466130147972,-0.91649146988476,0.27273651135476884,-1.5077182003218867,0.9702936561547978,-0.15144050654253,0.05586115646411874,-0.8879950464675652,0.42834442160961256,0
0.13978761930268263,-0.9112516006932003,0.2712289113703093,-1.3635260986553681,0.9232259896550198,-0.11793101059296413,0.056432765830787254,-0.8811034650436721,0.4282185735011054,0
0.142286436099595,-0.9071920786163692,0.2694040722777247,-1.3194607688222473,0.8903161042812486,-0.10965090852958541,0.057894444876290134,-0.8741122526721627,0.429219248070268,0
0.14469153541259988,-0.9061189274374799,0.2701404457895319,-1.4404589903085063,0.9128238869584203,-0.1101744577646989,0.058460118083389946,-0.8683303287359039,0.4304679540527656,0
0.14578243096587387,-0.9078143809150266,0.27288783230403046,-1.714210219886252,0.9843864262657066,-0.09985600157072594,0.05689965759504294,-0.8648379884682936,0.4306930769187592,0
0.14489575929719706,-0.9097808286854182,0.27464838251379725,-2.050225508656708,1.0515041587617167,-0.07929094084082536,0.0543625320658353,-0.8650731942182801,0.42975366366826456,0
0.1417023696701631,-0.9098616470928867,0.27340347735851855,-2.3454192303290564,1.068185392366784,-0.07002128007003007,0.05326311777040832,-0.8698195459421985,0.42876578078483607,0
0.13696410208186824,-0.909385551651444,0.2699953265296323,-2.5468834251053902,1.0357663201362282,-0.09480122944186901,0.05423944130403797,-0.8777326243134456,0.4289658183677326,0
0.13310294948576046,-0.9120023664027249,0.26783812658215206,-2.649023453441498,0.9892842447811794,-0.15540621635444712,0.05538733505729192,-0.8858533171601853,0.43083778499352476,0
0.13263879191536354,-0.9190552990975615,0.27073181838447685,-2.6511966193577035,0.9612091349792129,-0.22944564657289493,0.054991821655458135,-0.8919057006316498,0.43406126502900955,0
0.13552636121767006,-0.9279488042925175,0.27892843573109494,-2.544497737911086,0.9646639258938523,-0.2878959462084986,0.05383156876921193,-0.8956708311284501,0.43783293270129475,0
0.1388258327277389,-0.9355326419426867,0.28733882760657176,-2.3337299683075123,0.9969061339916889,-0.31172863070049667,0.05389750293153099,-0.8982203944070846,0.44117475130045664,0
0.13983993546150073,-0.9407945853280523,0.2898721418261305,-2.0445497668928705,1.0442996023875897,-0.29260841933623843,0.05562611926189706,-0.900391614919544,0.4431838356763064,0
0.13897130907496058,-0.9430207231638362,0.2854383945766781,-1.7055405106133887,1.0907353834045297,-0.22671554973701563,0.057426846943067794,-0.9019846541179262,0.4432401827691706,0
0.13836663758212128,-0.9399685578222652,0.27746947954488643,-1.3471769069506303,1.1375869991582914,-0.11803369295623366,0.05777622717584976,-0.9019064629148031,0.44102725880380156,0
0.1385375328736805,-0.9307997838662476,0.26859935080489294,-1.0265791125084893,1.2124566560646026,0.009752363236488672,0.05694648538221004,-0.8989597560239387,0.4364534573446245,0
0.13831767027214817,-0.9195451653747965,0.25952637772365433,-0.8289078713918245,1.3367030551650705,0.1140118403518838,0.05624067696980206,-0.8928733170429355,0.4299639644640259,0
0.13777332259060357,-0.9124603248237261,0.2525450510360598,-0.8175194073458116,1.478604399008915,0.1595460528245251,0.05603218522836709,-0.8848553932293348,0.4230721597857451,0
0.13842624848947432,-0.911760714388392,0.2513030664689427,-0.9773688461359243,1.5615942464537804,0.14848136200579476,0.05557125272621944,-0.8770485959055199,0.4180161899215569,0
0.13996861685943196,-0.9138403160501337,0.2558262375958621,-1.2167711187277999,1.5334151679579169,0.11908990447487097,0.054690828242987,-0.8711594095801146,0.4163509714472299,0
0.13942576313798827,-0.9137022953608605,0.2616272193716296,-1.4354535127270418,1.4095850319344967,0.11214892096091884,0.05429108869155224,-0.8674230389347959,0.41791710293942347,0
0.13516545857506027,-0.9097767449098297,0.26534185349176015,-1.5965546135016635,1.2392019188594212,0.1380372812275759,0.054621059667439596,-0.8648885040817966,0.4212698758916322,0
0.12984888909082878,-0.9042312282708888,0.26834847694088537,-1.733284612018818,1.0564676768095742,0.17318845469620417,0.05449004817821674,-0.8626920994736901,0.42491378644906275,0
0.12754902584118286,-0.8998283293513223,0.2732273350805639,-1.8903891117662122,0.88353919448768,0.18573174716046031,0.0530567334458145,-0.8609216420944092,0.4280663663464723,0
0.12915406031454557,-0.8977946159046095,0.27903518021223805,-2.069433944688959,0.7491928614104442,0.1666586321691941,0.05126522954052481,-0.860259731747524,0.43058183227335234,0
0.1322416075049765,-0.898427474127486,0.28229080877512747,-2.232149424792858,0.6746596239860421,0.13753709288326232,0.05053919488916473,-0.8611066206220034,0.43257836948504613,0
0.13442643857753073,-0.9016505276696152,0.2815661750508198,-2.342708879995231,0.6567870590177589,0.1260601065305637,0.05088742612606,-0.8632941328724584,0.4341346291509009,0
0.1352919580152668,-0.9060313403870308,0.27893285333013834,-2.397092830639856,0.6826927580725094,0.13559802045117963,0.05127049190350472,-0.8663784719053661,0.43499203830045463,0
0.1358119926426288,-0.9089571025402375,0.2768142860228142,-2.4237403381676677,0.7435828525555322,0.1440150180222151,0.05133934011823994,-0.8697219064013417,0.43464850019630047,0
0.1371168938173712,-0.9091131488449654,0.2753942064149847,-2.4702221621039864,0.8204363895856259,0.1305370194593884,0.05185617288334342,-0.8724305208114697,0.4332522788874678,0
0.13939019936808422,-0.9079435457240472,0.27416723255656233,-2.573939833534959,0.8782845877980315,0.09378203747372461,0.053342288691855165,-0.8738447718039545,0.4321738954937645,0
0.1413349300454946,-0.9076044824958135,0.2742376315244541,-2.716151882230656,0.8999943308950209,0.04225610759686896,0.054954994438258076,-0.8740334296522235,0.43275467675676227,0
0.1411900441893171,-0.9078942032382785,0.27678856214832087,-2.8125867945958154,0.9155333899267453,-0.019570150940594302,0.0552574270038167,-0.8732447310064559,0.4344168090212018,0
0.13872340121904114,-0.9065933740029516,0.27996515769101193,-2.79296596277298,0.9681214930345016,-0.08769945758491901,0.05402602632769206,-0.8712647756808924,0.4350453775270698,0
0.1359002621531322,-0.9033048102999452,0.2799917313581399,-2.7004772185152213,1.0476955984183514,-0.14922103062715433,0.052682861345139026,-0.8682661055510027,0.43364716690450955,0
0.1351280336116405,-0.9013303061436257,0.27624136711756925,-2.669232657254754,1.0870088891393361,-0.18673958841006078,0.052671950651084376,-0.8660278975956786,0.43179342932755377,0
0.13680700793483952,-0.9040199124358388,0.273333874895371,-2.77603094399433,1.0407831560340253,-0.19373705068315636,0.05388461536986642,-0.8669553713526671,0.4318199846287487,0
0.13903216266637575,-0.9100497184818532,0.27627368162969634,-2.9431280642068574,0.9469092715857258,-0.18067667948075203,0.055079794735287256,-0.8711639518048266,0.43403600358539474,0
0.13996871428327046,-0.9143639736579531,0.28380047599158026,-3.017163573922675,0.8848051569794982,-0.1609644091163623,0.05551623291741229,-0.8753457806630355,0.4362828432188838,0
0.13985298783915368,-0.9140357971900651,0.28874901532434927,-2.930969663953776,0.885335857446644,-0.13377527887150512,0.05561145986297828,-0.8758705885260344,0.4362123899982082,0
0.1399163158392471,-0.9114942331759393,0.286006596468214,-2.7660655398580043,0.9076972587582594,-0.08836007543156152,0.056051386613723234,-0.8729355188935144,0.4336336613703274,0
0.14018507894584764,-0.9109089221929455,0.2781071168427406,-2.6630121309067682,0.9016390356980044,-0.022959915068147204,0.056852264789814005,-0.8701946242950063,0.4304518744668795,0
0.13983305993925435,-0.9127794779201464,0.27161268993901644,-2.690242816846461,0.865681482286201,0.0505010800831011,0.0574965899481222,-0.8701267208756935,0.4286036110903935,0
0.1392646225299475,-0.9141359606609617,0.2702081442181209,-2.8029941109092236,0.8338598904340008,0.11865823434552812,0.057552234916717855,-0.8715750124608483,0.42842053690396964,0
0.13996782221918236,-0.913404049681127,0.27288541224248447,-2.9126501264901488,0.8249726425109631,0.1716327889993903,0.05700096910650906,-0.8723907100239495,0.42883540836291084,0
0.1419493984403997,-0.9124835757678696,0.27651985889195696,-2.977607501720506,0.8262490801392859,0.19694864847799257,0.05627138152302058,-0.8724975292805396,0.4287779816852375,0
0.14288515997202253,-0.9136238397157964,0.27802141610560666,-3.0220920056992155,0.8203117064322529,0.1843925222280991,0.05590707716266399,-0.8732329388917569,0.4283090734410685,0
0.14092248615824698,-0.9162728337788708,0.275434394840796,-3.0786946808334914,0.8055976768757874,0.14269938417842282,0.05595414936560363,-0.8751498245024334,0.4283902781141787,0
0.137616096008906,-0.9179596830963934,0.26958560079329574,-3.135686198352055,0.7874260128955805,0.10022964047902491,0.05596645219922351,-0.8776642947919051,0.4294776719850203,0
0.1365234916307091,-0.9172888293110545,0.2646864630254426,-3.1546381840192663,0.7676333228845633,0.08017469889955435,0.055881555792773374,-0.8800731819751589,0.4306764107550617,0
0.13857832632016834,-0.9152614749790717,0.2650113620693225,-3.1266078490827747,0.7507025218184197,0.07873433316707826,0.05637241519637256,-0.8819743410781227,0.43067544916170886,0
0.14057854287801239,-0.9138481025387846,0.2700614568330959,-3.0879692735215563,0.7479630398438786,0.07507780489918674,0.057838366335558354,-0.8829930471683402,0.429284357164901,0
0.13942091994290257,-0.9136811983838428,0.27452331697705495,-3.081747148871141,0.7677656265094114,0.061067345735149735,0.05946547747906706,-0.8828453656516961,0.4276812136965124,0
0.1361659414236578,-0.91364958198771,0.27393172212752,-3.1231097520857083,0.8068729129477145,0.04905716217720236,0.05991405792991016,-0.8817123933365408,0.4272545679868105,0
0.13429165755616002,-0.9130029886316183,0.26948915774244264,-3.205689033003,0.8546529283305373,0.0461706075136082,0.05882039783247572,-0.8799867039998078,0.42832499843744853,0
0.1353522998982673,-0.9128979519002022,0.2664546368303411,-3.3206021805801775,0.9002811780505222,0.0365999206232695,0.057182244977859675,-0.87764866786748,0.429859569127505,0
0.13795322876024904,-0.9147498136320139,0.2681338791188019,-3.4564207034697856,0.9315290187978327,0.0029173452810803435,0.05637012464927253,-0.8746523618178056,0.4304652309498752,0
0.1398860275229797,-0.9177046120142783,0.27265630957066456,-3.5958374375205953,0.9306990631975582,-0.044999254823292575,0.057044339536485196,-0.8719238000443971,0.4298517828646038,0
0.13995962851238,-0.9190050057968014,0.2760855112171015,-3.7318934641627086,0.8834148174035414,-0.07830706332503398,0.05871016775594992,-0.8708744313133479,0.42919565597433784,0
0.13855456667985638,-0.9167997964027746,0.2769607450041827,-3.8818630044696665,0.800558003098667,-0.08497156618808589,0.059928909000233635,-0.8716553482639628,0.4297501253439473,0
0.13736599320779372,-0.9122568549012514,0.2762851532810237,-4.067951792050488,0.7261995915456072,-0.08432038464965864,0.059348373122891276,-0.8729003967566457,0.43124692007046245,0
0.13794913356616326,-0.9090543457045195,0.2747578934333207,-4.2851706358954385,0.7094387307555088,-0.10100579162510519,0.05705463641743419,-0.8734352745741295,0.432196074455301,0
0.13983717191606743,-0.9101187064631006,0.2723045488873422,-4.501160860716891,0.762701678060715,-0.13449413805440394,0.05468553852314819,-0.8733082920056167,0.4316619578112018,0
0.14088441050087194,-0.9141228802935941,0.2695545491907259,-4.689606864138394,0.8519732116157944,-0.16497274440368762,0.05384159349297442,-0.8730016805841919,0.4300157424612066,0
0.13996878473839255,-0.9162127417085612,0.2678826038016214,-4.856869067990565,0.9284934867315789,-0.1824205193959822,0.05462619857279237,-0.8725802180609108,0.42806738495158725,0
0.13809130069493464,-0.9131507588828732,0.2679359220403099,-5.035177911083803,0.9669226067915135,-0.19535843274461306,0.055920169501006055,-0.8718343614549989,0.4264644682705758,0
0.13620171026660882,-0.9067013645021492,0.26898281033546223,-5.253822825009128,0.9770074627129651,-0.21291179395509882,0.056635950905604616,-0.8705967340849659,0.4258684309255114,0
0.13395332215665232,-0.9013260465615678,0.2698243101570576,-5.5142504212166426,0.98726114177811,-0.23137627116062465,0.05656139878075834,-0.8689090584132172,0.4265460015620923,0
0.13204082743474616,-0.8998807802199337,0.26988980524629363,-5.786555036134881,1.0190938501911049,-0.24178107784304906,0.05646950727614795,-0.8673269454942276,0.4276577463179663,0
0.13346544798859045,-0.9020353270760414,0.2694658942816219,-6.031373369327162,1.0711689299557727,-0.24382576977759002,0.05733947556448085,-0.8667320579502694,0.42791275537614937,0
0.13969074223630193,-0.9054444210121388,0.26955876827586983,-6.230412787594683,1.1245978609847713,-0.24617733750917864,0.05896533195335378,-0.8673603664135194,0.42712205051114327,0
0.14678898250011083,-0.9077783956842846,0.2713512494803956,-6.392809505779413,1.1617019686470738,-0.25193766440954063,0.059781669993242456,-0.868431326632258,0.42645009772758014,0
0.14856344328539303,-0.9084235116793233,0.2745264211167038,-6.526102458045506,1.1768130715789473,-0.24895465989470308,0.05877056747087643,-0.8692899000186154,0.4269707357058853,0
0.14364512410391403,-0.9086522047485075,0.2764643703386124,-6.607797777378451,1.1694469439489619,-0.22252593250113176,0.05694984847055475,-0.8705726467877415,0.4284625278745825,0
0.13723068397702215,-0.9100062825077749,0.27490744174708975,-6.6014265285528095,1.1378691980211904,-0.17850396336629423,0.05614279132657814,-0.8734808852722851,0.4298419493681216,0
0.13523169122363327,-0.9127415578349791,0.27120144160388965,-6.504964367286004,1.0886880783201547,-0.14394008908444345,0.05674439235813277,-0.8778935108867462,0.43041875584046546,0
0.1381992780718974,-0.9158941368154498,0.2690974261464249,-6.36871799520732,1.0434992193983579,-0.13749173065737555,0.05747598053652431,-0.8820338448195489,0.4303753094819848,0
0.14167718252545303,-0.9182146985658023,0.2703736734009032,-6.250972829581239,1.0200274060716514,-0.14593830156938353,0.05709754951610424,-0.8843665658505978,0.43018241205780466,0
0.14161154147490299,-0.9188597763306858,0.2731587181801261,-6.160981465095349,1.0108416153616775,-0.13977017302584946,0.0557032459648073,-0.8851694140894886,0.43004013954618203,0
0.13846877282657238,-0.9179197427307594,0.2748889831813667,-6.060147536020803,0.9989501596725288,-0.10911717871475653,0.05426332977226454,-0.8858199536264405,0.43001965159451605,0
0.13594471557790666,-0.916633417811012,0.27553466017627554,-5.917184529707832,0.9926714702266963,-0.07548184774770567,0.05336809609712033,-0.8870868176091823,0.430245230374744,0
0.13643476728957943,-0.9165818664704858,0.27667711332466,-5.743649254232745,1.0215428185032083,-0.0683444332260332,0.05286621514609823,-0.8886190599728877,0.43059684542134613,0
0.1387864392922482,-0.9181233615318494,0.27824595828761434,-5.571846805867186,1.0920881869194172,-0.09669939932111778,0.05263939132233036,-0.8897380575956049,0.43062835293437346,0
0.14030224065934005,-0.919627053803958,0.2780856704368656,-5.417669931979354,1.1713319803770867,-0.14390771531922766,0.05304523541195062,-0.8900720950003251,0.4301084965259543,0
0.13988881753690557,-0.9188856001101652,0.2747393057053373,-5.275657471230126,1.226050022556274,-0.1851171935706701,0.05411940538402308,-0.8893994440800583,0.4293682737144871,0
0.1389338739386816,-0.9156803461902847,0.269281030298481,-5.138542231979435,1.258072591454967,-0.20838043124492847,0.054871016520781565,-0.8875413406346516,0.42889032818575856,0
0.13935042363859151,-0.9124440594044823,0.2645398409989616,-5.012542125903575,1.2864738003047138,-0.2218554392655894,0.05429874528105653,-0.8849152999354494,0.42870489874452694,0
0.14110251679627397,-0.9120425331542363,0.2630573107307302,-4.915393681372786,1.314257788762002,-0.2423104997249022,0.053013446743734816,-0.8828673049445179,0.4283445691537314,0
0.142356644228021,-0.91507939840117,0.2648829075232736,-4.857592197278965,1.3334535636340388,-0.2782373059665796,0.05277486770723287,-0.8826929782152092,0.42742383566946995,0
0.14205127408347246,-0.919217831881497,0.2671920146752125,-4.825141122419726,1.3506659257227236,-0.3248980911698764,0.054108824348794236,-0.8840083980146535,0.426204304960656,0
0.14109619809321006,-0.9212175782383915,0.2672439510128981,-4.7902735011553,1.3827060416870705,-0.371411882163625,0.05543122780541164,-0.8845973747582053,0.42540889991403796,0
0.14065928874958533,-0.9201862507703399,0.2655332576201601,-4.743632983315859,1.4270797632341634,-0.4087059591729583,0.055139808445431225,-0.8826925045975313,0.4253673138871538,0
0.1405577345507565,-0.9184030828918236,0.26488768392901346,-4.7083677344564725,1.4558529603163026,-0.43332462987235637,0.053697858587659755,-0.8793438648777374,0.4255136385993031,0
0.1400211652409906,-0.9181962024995859,0.2667045892506729,-4.7177466916321995,1.4459741202745926,-0.4470873343011069,0.052849909069190154,-0.8775007094930931,0.4249617769428734,0
0.13877131335396078,-0.9189685986958852,0.2691187582890742,-4.781674851509214,1.4074045313211139,-0.4530682607840593,0.053332685084392054,-0.8785641727336754,0.42357439438084216,0
0.136621306108538,-0.9185061711134404,0.26920721200795306,-4.876460757434953,1.3735813616014252,-0.450984760354365,0.05425550835000393,-0.8809451088881446,0.42228267368417793,0
0.13370597460933012,-0.9161103203210655,0.2664355083853195,-4.96613872606418,1.3617368316956102,-0.4360467473104432,0.05461088348025702,-0.8822738652732962,0.4221772826491111,0
0.13190326533886357,-0.9128978808706505,0.2631474301082791,-5.033354802579579,1.3478001561956934,-0.40440250470013467,0.05448787834950257,-0.8819573018091853,0.42329388208485536,0
0.133698341681573,-0.9101714463707637,0.2618008200913296,-5.087156899133019,1.294782450906107,-0.36338691793887234,0.054416031891203316,-0.8812246909890198,0.4244923625534153,0
0.13845077007278447,-0.9092329780986564,0.2626689191524762,-5.140737092683328,1.2099624707344738,-0.334284659219921,0.0542106064421982,-0.881452334726172,0.42455786154880765,0
0.14200350132594608,-0.9114636947863743,0.26432328382775594,-5.192044248946016,1.1534457397234446,-0.3376318719162636,0.053278124185850075,-0.8828626977540119,0.42324347973935367,0
0.14133111227871298,-0.9164796647676668,0.26539514849387263,-5.233903393603487,1.1732374285949578,-0.3719918141448436,0.05189334093621612,-0.8846145443392891,0.4213185031613519,0
0.1380210162599354,-0.9211713359603163,0.2655667823537104,-5.272296975607596,1.2468551115719264,-0.4092976942059042,0.051301554300601654,-0.8858333333791812,0.4198832613603953,0
0.13609330634911798,-0.9225960972190933,0.26540155431057355,-5.32108169397431,1.3079902517297748,-0.41676464832999716,0.052224146610901905,-0.8863344767991791,0.4196023635141672,0
0.13765192867169074,-0.9214968788472989,0.26529978742972865,-5.3814233287314615,1.320678510593709,-0.3877263599072612,0.0539330829509181,-0.8864695640865858,0.4203053805936489,0
0.1417416328645732,-0.9212990049735283,0.26470838683277964,-5.434348482593906,1.3053993769925247,-0.3482661277361138,0.055270239428527365,-0.8865730711033176,0.4212150661513462,0
0.14616183763403054,-0.9233928360137555,0.26323554656690723,-5.454244213557398,1.298657239081711,-0.33157283381658464,0.05583816411632607,-0.8864920255605293,0.4215934969266961,0
0.14877461525346242,-0.9249820829940073,0.2622578112584209,-5.431248789569241,1.3100521784137067,-0.35164519508936104,0.05559511071187591,-0.8856119752561861,0.4211487555515749,0
0.1478394447897196,-0.922741667806591,0.2634738592064334,-5.385612974974034,1.3207511919394204,-0.40121904119449064,0.0542950288597636,-0.883749535367077,0.41999134507617464,0
0.1430483105699518,-0.9175516356273271,0.2658926374536395,-5.359557209130855,1.3075336473832448,-0.4618900604203768,0.05231597412455179,-0.8820670916045685,0.4185483942080742,0
0.13667033542561885,-0.9139366818267328,0.2665833909396513,-5.388317797971549,1.2633116018095973,-0.5114277050233924,0.05113392774679193,-0.8824018575091772,0.41747193978943276,0
0.13246216096065525,-0.9150724479040351,0.2644908988161962,-5.472093552508354,1.2025582936870638,-0.5335619799620875,0.05181345109310485,-0.885255174602135,0.41716766803930655,0
0.13245278429790347,-0.9198753404639025,0.26134801479669845,-5.569400854369299,1.150029459521445,-0.5310850211470693,0.05357578168265076,-0.8889949320006877,0.4172565283352835,0
0.13518165053043518,-0.9252399859388868,0.2589253100515607,-5.614616752428473,1.1213446009038748,-0.5261589402561145,0.054781185279946056,-0.8916314634611826,0.4168650411496953,0
0.1376964137908125,-0.9295912748818072,0.25750799170911864,-5.550294965909992,1.1153631398308619,-0.541511992891678,0.05487705664358391,-0.8928677714040315,0.41568171754207983,0
0.13859237275631298,-0.9330134149310458,0.2571719184846615,-5.359193251009082,1.1246017382026257,-0.5819277317869951,0.054553009401038445,-0.8936990530980533,0.4144501378878812,0
0.1383951871277184,-0.9347478450928978,0.2584035960065921,-5.076297170423597,1.143774171679371,-0.6344338744020939,0.05436487653935409,-0.8945143178374791,0.41417492970914505,0
0.13798271786447774,-0.9327585380393031,0.26058296995781355,-4.770066006381809,1.1652567631802606,-0.6809509780031178,0.05414881855602209,-0.8944635972417526,0.41502490946842974,0
0.13788324942728222,-0.9268106359537908,0.2615639979330898,-4.508731518324902,1.1808969306276353,-0.7095746787778205,0.05368886261475808,-0.8925395630072299,0.4161626091019444,0
0.13864335581450904,-0.92049780663205,0.2601626239317934,-4.341536418585948,1.1982661409459634,-0.7190133770871772,0.05311971576295519,-0.8887159686125905,0.4165095166649187,0
0.14061578817469933,-0.9180602545759078,0.2579435429234487,-4.301855695589178,1.2399669359510639,-0.7115520014177887,0.05262714277055359,-0.8841178253437989,0.41569346790379397,0
0.14308756144580767,-0.9195506755576538,0.2573161992301539,-4.407102337783792,1.311200668719777,-0.6798081172763589,0.05235794729743233,-0.8804810278879904,0.414494794499269,0
0.14430528736096457,-0.9213759496238856,0.25881523764845993,-4.638941696438313,1.3796641214810057,-0.6114454039366518,0.05253392921762195,-0.8792671800091568,0.41435732217834476,0
0.14281062281926873,-0.9214125636571352,0.26104611332285893,-4.930039092948675,1.4038893181478036,-0.5167551116681062,0.05315910660349123,-0.880734738693844,0.41612257459027924,0
0.13855164383277627,-0.9209832005175623,0.26234525679316556,-5.189517320563392,1.3741209063555408,-0.44083336178174803,0.053824297117367643,-0.88379424914562,0.41907828978102124,0
0.13292985540813654,-0.9219262390284801,0.2622360443886736,-5.347532545333375,1.3129987001408678,-0.4340281396055128,0.054098474508109874,-0.8870847672139649,0.4215212775490828,0
0.12845198001657257,-0.9246823393984251,0.2621044911252271,-5.374485639056196,1.2425683643047378,-0.511645288346055,0.05378596511072195,-0.8901583579567296,0.42254717891006593,0
0.12776197524696573,-0.9293835776698013,0.2640034365585432,-5.274818267948218,1.163722807326239,-0.6444838712500089,0.05285731744355954,-0.8933971108547604,0.42310528983562534,0
0.1314260872474568,-0.935895311648697,0.26793739051648935,-5.0839983025207625,1.0708813145570382,-0.7784567141960128,0.051705669135246005,-0.8969825384620768,0.4248534880722367,0
0.1363981379483646,-0.9423336223598954,0.2711879924476793,-4.862822182859122,0.980556989925678,-0.8588594837412811,0.051221824129541,-0.9003522620193983,0.4279535470702807,0
0.13816302412866271,-0.9458985086330431,0.27116607803339077,-4.664523348857631,0.9354360791960222,-0.849418958312326,0.05191930712536093,-0.9026476936981123,0.43050379970825814,0
0.1354341993972861,-0.9455768239433544,0.2680351541894,-4.495999507163509,0.9735813344079088,-0.7468954615457593,0.0532313435086776,-0.9033421403670792,0.4303895125923492,0
0.1317166542702259,-0.9422815774684483,0.26391409467898436,-4.329324323077968,1.095537106306289,-0.586653488409279,0.05423396335527724,-0.9023173769061152,0.42716927616180733,0
0.13105550109695732,-0.9365318670191181,0.26060392098596014,-4.165134161463435,1.2641859496225323,-0.429877179011122,0.054774060338327386,-0.8995774083524823,0.4218288292246638,0
0.133425598860199,-0.9282924600505938,0.25879731060896877,-4.065316482180552,1.4312177474609828,-0.33097653050536713,0.055351011354508296,-0.8951963480995794,0.4155370919646052,0
0.13583043152748847,-0.9194795928928835,0.25826108569807193,-4.097841605101536,1.558733311329471,-0.3055601894118227,0.056104056322845104,-0.8896827261346563,0.40947009104960197,0
0.13649881420975846,-0.9140651329552464,0.25770434010104415,-4.258678144875018,1.622179327918098,-0.32975997855859035,0.056499390034995864,-0.8842269672067011,0.40512538073513504,0
0.13586052842947458,-0.913944943484039,0.2554554332794667,-4.469166757004158,1.6068488619851329,-0.3710288686885855,0.056015377013559936,-0.880270034854153,0.4035465069847627,0
0.1346303650867187,-0.9162904532274945,0.2514758726344858,-4.642607858270922,1.5122760085353144,-0.4127578852206695,0.0546968942307664,-0.8787199886129925,0.4042538789080059,0
0.13348676789176214,-0.9170363821924641,0.24809476160756444,-4.741108566546322,1.3628880465211237,-0.450683657184953,0.05303926682264119,-0.8794937695168255,0.4057214967282886,0
0.1339094810984063,-0.9158241833928872,0.24771716390817075,-4.7822245284753615,1.2077103918327,-0.4813608320044801,0.05170587586673907,-0.8815236809480083,0.4069289768800889,0
0.1366954152548405,-0.9153406457035935,0.25029126478770136,-4.806554010737655,1.0939873145160097,-0.5008822462594631,0.05130915634860408,-0.8833229024195116,0.40794421976323336,0
0.1397401106178822,-0.9169068136131743,0.25393227879755775,-4.83431534087305,1.0308653455346122,-0.504532435064876,0.05205431775319588,-0.8840836805019813,0.40912121741237406,0
0.13975411684454733,-0.9192235454407387,0.25716857091224354,-4.846341725453722,0.9870929532221338,-0.4850090322377517,0.05349084953301032,-0.8842385966026819,0.41035807560935716,0
0.13679140250721997,-0.9208274569198232,0.2591838308688779,-4.807153831773406,0.9342715554941261,-0.44207807805802446,0.0547813730209266,-0.8846525668357067,0.41131811866850754,0
0.13488760345309017,-0.9214924532680594,0.2589447365293893,-4.705441639287169,0.8849604773552229,-0.39360941738937577,0.05528239952884751,-0.8855781202177996,0.4120045056534836,0
0.1367151074958521,-0.9214035276894976,0.2561517543089477,-4.571907845511286,0.8790766513947141,-0.36279049283796583,0.05494693760654966,-0.8867153918931301,0.4127216153716735,0
0.13939581727584488,-0.9206439339690436,0.2524725164707349,-4.4594781535653665,0.9376360400196578,-0.3544550519077661,0.054328265719634804,-0.8877727451104249,0.4133920887342928,0
0.1382192456125693,-0.9195099761257781,0.25030108866993733,-4.4032765581036815,1.0344970235685176,-0.3576778182085702,0.054122498683743026,-0.888475704403928,0.4132612616044268,0
0.1336155259188674,-0.918363685745725,0.2507776074495753,-4.394330889288667,1.1106859031136704,-0.3679727830994001,0.05446046384572196,-0.8884310112218554,0.41171230248131013,0
0.1311109386722096,-0.9172838465939471,0.25339292470411945,-4.391792041716528,1.1189495768393887,-0.39029514319072345,0.05467285612880554,-0.8875704282695519,0.40930517423888785,0
0.134055964375619,-0.916458052418396,0.2562578920985271,-4.3633431368440165,1.0612798054023844,-0.4224503258950868,0.05402372377890624,-0.8866171336267552,0.40756038899972097,0
0.13950503355381438,-0.916774843127221,0.2568324553010788,-4.312086595801022,0.9826707684583229,-0.4511156601572109,0.05273704542987248,-0.8866021901633736,0.40753363303202506,0
0.14238328279502582,-0.919306346138082,0.25428928982795124,-4.261797859015404,0.9255414493525836,-0.4667489475526199,0.05202087941231219,-0.887780315105193,0.4088060782700373,0
0.14129931266258478,-0.9236537123164156,0.25119182309875143,-4.222423616002789,0.8932491188700031,-0.47416743653165777,0.05283072259016794,-0.8893226015650336,0.4100479338381306,0
0.13879749719379084,-0.9271738708149249,0.2509571537928376,-4.180294073391267,0.8586437906322618,-0.48411691545296603,0.054735586435886496,-0.890266305383146,0.41043373657520665,0
0.13760443832201136,-0.927005186504426,0.2536211335957201,-4.1223871369017475,0.8004893280562421,-0.4972799789684271,0.05631280856245754,-0.8905644752779849,0.4102395851092945,0
0.13839787509182436,-0.9234393293394147,0.25585587807364746,-4.060731897849616,0.726402730255555,-0.5028389180406801,0.05668622540000386,-0.8909216733440012,0.4101334078512217,0
0.14040873764079356,-0.9205129266006838,0.2552674954604624,-4.024679221371201,0.6646015329595705,-0.494336052576822,0.056375953531921104,-0.8917338761599852,0.41035295195216526,0
0.14243660272255781,-0.9220502281287056,0.2529345587640044,-4.027342727866678,0.6382074916638114,-0.4815721992092083,0.056461020252801045,-0.8926504518113852,0.41072775184932514,0
0.14344384591989515,-0.9270228017238585,0.2512627054195884,-4.0463862712908565,0.6468462038486089,-0.48313887014739304,0.05715893448419517,-0.8931880480961767,0.4109923693365807,0
0.1434411702115303,-0.930228253765989,0.2510108770807815,-4.048116979165881,0.670695153058705,-0.5080336101421162,0.05762147784417768,-0.8932158827546893,0.41076493893564964,0
0.1433689633829965,-0.9284373831633917,0.2513164395651439,-4.027951146727022,0.6902437852902817,-0.5458515465877374,0.05716367933683208,-0.8927023862724874,0.40965955910335156,0
0.14310437025688666,-0.9244374623131671,0.2513516776948086,-4.0137951349584595,0.700501016437028,-0.5757019008040731,0.05629336083406015,-0.8915787146686536,0.40781252495006626,0
0.1410240586559351,-0.9235292289521744,0.25093671241379883,-4.0306759071523945,0.7076153284129727,-0.583473056442244,0.05612315673548322,-0.8901578102448889,0.40607658437147603,0
0.13707637443437753,-0.9271805124092797,0.250146425221489,-4.077123020258636,0.716587620237054,-0.5693882631907861,0.05688457803786148,-0.889230898260296,0.4053970286960878,0
0.1343598783792706,-0.9317971342837115,0.24897370469236868,-4.136494835102115,0.7262002121329739,-0.5446522560356322,0.057620245541456755,-0.889324467965271,0.40598097523458204,0
0.13561220069629135,-0.9331663415140521,0.24738784834598207,-4.194823896667891,0.734011735216019,-0.5258877678331406,0.05756968011298524,-0.8900533108162739,0.4071218078211061,0
0.13964048898062228,-0.9306396472798617,0.24573441478678001,-4.242310178341028,0.7384174082409337,-0.5260089424054606,0.057199948444018295,-0.8906054240876127,0.40786292870762964,0
0.14272051546661504,-0.9268958241150461,0.2450423863952248,-4.271548149978675,0.7310275157754903,-0.5441329183217155,0.05727311603829919,-0.8908482080604792,0.40787263138519825,0
0.14231809152285385,-0.9247742337803698,0.2466545616682211,-4.285389826820721,0.6940407960933941,-0.5685717146989685,0.05749428543539159,-0.8915723265314301,0.4075961327045986,0
0.13888002549145578,-0.9250781964886996,0.2510459643749259,-4.300165870194086,0.6171980103663027,-0.59079280564457,0.057057474441605444,-0.8934825425602042,0.40750057776950804,0
0.13519249807299624,-0.9268407035257358,0.25658333737040606,-4.330354188413683,0.5181076338811278,-0.6122697538081012,0.0561759400078719,-0.896162346499951,0.40745330027936216,0
0.13409848818260448,-0.9286158005403601,0.2599530025304312,-4.371868834676737,0.43320100035971787,-0.6400205479586505,0.05589019434792519,-0.8982520104146101,0.4071557003549839,0
0.1359890607364887,-0.9294550013031755,0.2588830327452772,-4.410504470536638,0.38183052063186645,-0.6787959846050419,0.056382770558492334,-0.8987485610881999,0.40696181988652286,0
0.13867596600871468,-0.9295082829003325,0.25447881853623827,-4.4458256150227,0.3501376704591596,-0.7248641608267963,0.056593343986974035,-0.8980352503629513,0.40774383722636554,0
0.13987772785168048,-0.9299231173242158,0.2500967587395327,-4.49238152666395,0.3197194468766716,-0.7654034897076599,0.05579383018678932,-0.8972819442125287,0.40977821801325975,0
0.13912024728922695,-0.9315599816150778,0.24814287061141324,-4.5527312736720615,0.299524133732041,-0.7839567270323516,0.05474037955368383,-0.8968749822736694,0.4119980555887022,0
0.13735065707878266,-0.9337528584061885,0.24886611283844315,-4.603931104540309,0.31172965830959826,-0.7681915145201094,0.054708129885453566,-0.8960962331552185,0.4126852863677314,0
0.1359433584874081,-0.9348834073074674,0.25161682395894747,-4.62182675327177,0.35321433550779896,-0.7206225207154936,0.05573754541753274,-0.8945465106924169,0.4110981863698891,0
0.1361961730925924,-0.9341616232662693,0.25550614358321005,-4.610031737593173,0.3925368680226265,-0.6668694847639568,0.05650813592486202,-0.8932140078260886,0.4082750773623024,0
0.1385675083462762,-0.9324040888301355,0.2588784631669716,-4.593938667236017,0.4064520415183307,-0.6431972837180705,0.05601420230963714,-0.8935477637018936,0.40599141889162965,0
0.14197122784048988,-0.930991789323271,0.2598735465165447,-4.592407165745087,0.40231348046525517,-0.6646786468046398,0.05479311416078641,-0.8955103870783372,0.4050637280122241,0
0.14440615489430733,-0.9303982906917705,0.25804729521887243,-4.605196044184515,0.4008083608168106,-0.7094620267729059,0.05415826521371908,-0.89709537834391,0.40499074076802993,0
0.1444804786033651,-0.9301158146380393,0.25469105632842,-4.620352023738943,0.4124737872180242,-0.7409467970801289,0.054507594612317356,-0.8964317990494919,0.4050283927595431,0
0.14226671224786586,-0.9298128712826573,0.2515898028620659,-4.620968324506248,0.4396753148540409,-0.7412394233315094,0.05488260802737479,-0.8941512993631823,0.4049924913776028,0
0.13905721823498682,-0.9298500003728526,0.25009005052882227,-4.590826614175391,0.48656286640962204,-0.718890855040883,0.054344406530003775,-0.892615640382522,0.4050150859278754,0
0.13655247056506453,-0.9304991042994548,0.2507953433320586,-4.529707950035857,0.5481218213727792,-0.6908415746235114,0.053292665373270404,-0.8928033429545618,0.40518382969480427,0
0.13590844082202325,-0.9310620181889997,0.2528172046794422,-4.463677064615092,0.5954773255713196,-0.6659446041164876,0.05288422388337143,-0.8933777647100255,0.40559594952871464,0
0.13712916680935414,-0.9301086598629917,0.25374255872373913,-4.424278712562936,0.5952585602718545,-0.645877488278548,0.05350793405801251,-0.8931227896238727,0.40629500026516924,0
0.13943907852518006,-0.9270696848420603,0.2521320700546022,-4.4075808758621235,0.5492544785969441,-0.632103896043432,0.05451010239554259,-0.8926421912707276,0.40707870451848155,0
0.14221431686581998,-0.9237014942015119,0.24977527453950887,-4.364872751465124,0.49809749476528564,-0.6226153668077604,0.05518494472888525,-0.8928932621057045,0.4077345937749213,0
0.14486063781142838,-0.9230012737236005,0.24960505400655636,-4.253864584674784,0.47693319723689426,-0.6067364198783682,0.055419627314526126,-0.8935263881805489,0.40830297115171843,0
0.14580088079235218,-0.9260679155214765,0.25174355885390637,-4.098271670654669,0.4806591366874009,-0.5775572151271625,0.05549411157081373,-0.8937062021538732,0.40858440609777874,0
0.14330848687686537,-0.9307978360731421,0.253454953556042,-3.973163092311208,0.48309780177677664,-0.5499070302605847,0.055722860976344116,-0.8934616943640977,0.40771279563214136,0
0.13835857464599702,-0.9339371562134979,0.25273023912975223,-3.9236516778556396,0.47617524784117327,-0.5497504763525369,0.05627091141096146,-0.8932130458568214,0.405195896638568,0
0.13506115991404707,-0.933587537466115,0.2504280051694792,-3.9199355378768312,0.4736463985987731,-0.5815510513699125,0.05697190108562297,-0.8927924287840477,0.4023303114627921,0
0.13656626818582954,-0.9300003060869664,0.24892807473826323,-3.904781153450478,0.4862986173866417,-0.6214717302617951,0.057311205372175496,-0.8918635083969959,0.4013800317858489,0
0.14128061622236165,-0.9253562315446452,0.2494872866065848,-3.8658233970966096,0.5113937846958999,-0.6458113272592536,0.05693123744303396,-0.890713988615862,0.4029774154441929,0
0.14467201596700743,-0.9227977984835789,0.2511580394706975,-3.8411949426033596,0.5407760152128445,-0.648745234894896,0.05620731838892414,-0.8898392064923413,0.4053545809919767,0
0.1445016188496212,-0.924201556999479,0.2523200137558002,-3.861451550002902,0.566082112305189,-0.6312748177364174,0.05597660607757319,-0.8892347589637295,0.4066100203263788,0
0.142781345919479,-0.9282288627409891,0.25271626122302937,-3.906715070702181,0.58326923897513,-0.5966761109460081,0.05659965131826298,-0.8887746912216028,0.4067828345576642,0
0.1424782031999005,-0.931358655497811,0.2531030518667426,-3.9288815421423484,0.6012371551164177,-0.564049127622559,0.057555486313916666,-0.8887997485960073,0.4070530618920075,0
0.14381207070178897,-0.9314143326560694,0.253483525111819,-3.904612509092142,0.6331528072797681,-0.5641850310868668,0.05802595385699019,-0.8896624974285363,0.40775573598375137,0
0.14462981083344104,-0.929440741393737,0.25315738653697195,-3.8511325270932586,0.6706783802749083,-0.6076010529780992,0.05763815199141528,-0.891002943326349,0.40821226873256816,0
0.1436044738782191,-0.9277936991180668,0.25235087616021407,-3.7928026739959866,0.685658934832357,-0.6673461019156388,0.05661312812421669,-0.8920298010923629,0.40815166852778406,0
0.14191629368579656,-0.9274511586535806,0.2523395359184853,-3.7321576223761928,0.6702000533925633,-0.7051306708862883,0.055579890593803374,-0.8924259095339584,0.4081521653613099,0
0.14156882650987068,-0.927777514035178,0.25362604699645164,-3.6614728884733774,0.6554477190421909,-0.7107696856156444,0.055379264721560253,-0.8925999549135373,0.40848879383447234,0
0.14285425162208978,-0.9279157458533756,0.2550388504829767,-3.585964086876168,0.6724587411826985,-0.7090587431896362,0.05645112762554468,-0.8930079664716568,0.40850246830201076,0
0.1441652710344696,-0.9277459105392729,0.25522220533033135,-3.519299171431418,0.7090728929133783,-0.7294920953201187,0.057987085832592884,-0.8935326734016494,0.4076727113729668,0
0.1439614539970438,-0.9280207001268814,0.25432154824486863,-3.461402867933461,0.7263816145681145,-0.7738811075068136,0.05837160229127789,-0.8938041805262656,0.40663233924465136,0
0.14244334442745998,-0.929783571534335,0.25333401257555477,-3.396019853423758,0.7103501851135079,-0.8160693878723313,0.0572161708545414,-0.8940001516353432,0.4062990369712623,0
0.1412700578829464,-0.9331174955644653,0.2522575421381698,-3.3134864546665894,0.6863873904401474,-0.8338154883360089,0.05628408159793601,-0.8947283747004532,0.40633182183096783,0
0.14148225263977576,-0.9363139617123384,0.25036411919007556,-3.2248125658254336,0.6840016150351154,-0.8349558916058759,0.05733725660894784,-0.8958154866513841,0.40540890032284915,0
0.1420383487016278,-0.9370010428495783,0.24835754959504722,-3.146965036729429,0.7056047221353717,-0.8429495839707655,0.05963806735168869,-0.8960093252110285,0.4031715060610526,0
0.1413499169397126,-0.9347279484757954,0.24808215364008793,-3.083336017427942,0.7328859839563958,-0.8597366378099855,0.06084963803351359,-0.8947242350545219,0.40109615428122325,0
0.1399286259856507,-0.9318463772196076,0.24922905810847573,-3.0272421660856415,0.7485620641898172,-0.8579169228861571,0.06008803113904524,-0.8933579282017179,0.4009628709468759,0
0.14005284119671252,-0.9309208656543204,0.24890930481432802,-2.976990054845569,0.7470686644488699,-0.816246776133909,0.058873866329966336,-0.8936388920405102,0.40282641340952585,0
0.1427330852948249,-0.9316962173577726,0.24612420390994996,-2.937193874976739,0.7339076771194233,-0.7523117792164647,0.059063245166083383,-0.8951001032290962,0.40494889073257717,0
0.14624235266098992,-0.9315309250302967,0.24410830808511763,-2.910503013462608,0.7189504923441845,-0.7066849936614437,0.060778094938116235,-0.8955688443609804,0.40564838239127465,0
0.14797255692963804,-0.9285406245691649,0.2460256523594915,-2.8967242781734184,0.7067813996573888,-0.6963128053636956,0.06264886181099165,-0.8940713746179751,0.4048628048147924,0
0.14705523298586412,-0.9236696727886511,0.25026123410363277,-2.898273415591317,0.6933548604221619,-0.6975649602762745,0.0633917884790688,-0.8918674709371363,0.40384445278928727,0
0.1449135125557073,-0.9201000626134102,0.25238963989116353,-2.9280766630665083,0.6736787525972198,-0.6805597573279358,0.06267246530165813,-0.8902725592235663,0.40368698126394975,0
0.1434943756448182,-0.9211414721778961,0.2508975519328539,-3.0185162480961503,0.6498101992605798,-0.6480394202307156,0.06102074812250612,-0.8888150220189849,0.4044372572836376,0
0.14322729632341197,-0.9276452447267559,0.24873513381501375,-3.2087426209643493,0.629439856093821,-0.6291519489884121,0.059536670169787934,-0.8866978506141371,0.40546646564533134,0
0.14305847407865208,-0.9362416469365733,0.24910152946480246,-3.4934952560867107,0.6205167930333,-0.6413141758804382,0.05928314353001034,-0.8852699808364437,0.406311186552222,0
0.1422039896065706,-0.9411571231149385,0.25135238164606727,-3.7775827817930887,0.6280171737653306,-0.6704240231883976,0.06049284161167277,-0.8871598072371946,0.40688851859280806,0
0.14097537351959794,-0.9396002527256254,0.25192946491385304,-3.907691898126158,0.6495384994378469,-0.6862112704047871,0.0625275319444009,-0.892657303321264,0.40697966761046284,0
0.14005269950194546,-0.9348393854236315,0.24875455943575703,-3.7795991280341834,0.670395633720084,-0.6667612450886996,0.06443934518583276,-0.8985808148469183,0.4060260803000968,0
0.13980153886661026,-0.932183095529858,0.24381593976755422,-3.425019397447587,0.6686361535977543,-0.6109755801955568,0.06517121291419531,-0.901433877037615,0.40381029280808456,0
0.14004850612109895,-0.9322615788377814,0.24095344959545364,-2.9938824455916833,0.6351842071240701,-0.5394438835081823,0.06385833014562374,-0.9005107540523402,0.40104372061092236,0
0.14012181500248386,-0.930580326802526,0.24152444609473478,-2.6556950064915488,0.5918448287394527,-0.4838217668147622,0.060908756656299606,-0.897408228394605,0.39892495773700526,0
0.13971128536237862,-0.9243599151109827,0.24327379415355177,-2.5115545447774488,0.5781404782080677,-0.4635095626490401,0.05837862019534603,-0.8937393066461307,0.39821896421679165,0
0.1397550981532601,-0.917353741387981,0.24353863068929252,-2.568573042513952,0.6134101282043927,-0.46755491583020553,0.058242249372319324,-0.8902189590561141,0.3988224701825948,0
0.14148146650539437,-0.9158019084173344,0.24253851016602546,-2.7630645059605223,0.6842800475894993,-0.46667328914995254,0.06035522641423195,-0.8873195140685164,0.4000518287632414,0
0.14442481970749185,-0.9209841866367223,0.24303627966295666,-3.0028392619875213,0.7742805850776115,-0.44707726480324433,0.06277054547093318,-0.8857836712255367,0.40135347284308326,0
0.14653764771694877,-0.9281862784647904,0.24719306880617362,-3.205112172401905,0.882445253883187,-0.4263816845543252,0.0638746215084869,-0.8862569101347796,0.4027951795738143,0
0.14664418784992406,-0.9327430422681428,0.2540697747151204,-3.3109407116835596,0.9980037851584919,-0.4334940512608538,0.06354970372713845,-0.8887451434221204,0.40475423398947064,0
0.14565460853518195,-0.9348171671647619,0.26009331669063557,-3.280397827289654,1.0809831596188335,-0.4791377010990328,0.06240961776037143,-0.8926367757872237,0.40712912803988294,0
0.14494448705199103,-0.937380875000744,0.26188592592391347,-3.09477031095595,1.094648752030246,-0.548613986733116,0.06085277985252411,-0.897189755351091,0.4090528891078592,0
0.1449029632979979,-0.9414200224514668,0.2588171008223951,-2.7725127772845672,1.0481509056430467,-0.6165814821843676,0.05920715848360084,-0.901887118088526,0.4095154874585537,0
0.14559279610053352,-0.9451335632050083,0.25306906187055467,-2.3745490022995743,0.9855212738748664,-0.6633844155215329,0.0580468991371549,-0.9062671215915938,0.4083494260167333,0
0.1471476286759028,-0.9469186321303504,0.24767189621122312,-1.9825110358126596,0.9347522848358036,-0.6800393470551628,0.057764194141171905,-0.9095192220066766,0.40660458295480617,0
0.14871333894627953,-0.9468931896711767,0.24488778365841884,-1.6640961137424568,0.8863399040924274,-0.6635220193532222,0.058174542428836185,-0.9106752127206981,0.4057222959036779,0
0.14866087241259315,-0.9455232716122248,0.24577030897035768,-1.4510633605993843,0.8262649420809771,-0.6101396942329703,0.0588845443235093,-0.9095518381869516,0.4061792005065404,0
0.146774234270436,-0.9426160896202487,0.24973515515998412,-1.3385463355108704,0.7709200201563633,-0.5154025544313849,0.059639095279377746,-0.9071498070844085,0.40715628051645525,0
0.14483239680073756,-0.9383477060668709,0.2543803946352116,-1.2918716406175228,0.7518063753345099,-0.385248172689389,0.060051743857666304,-0.9045109117798272,0.40766083831947325,0
0.14420541913284998,-0.9341600836052799,0.2569113623293181,-1.2554707277113468,0.7755321873251159,-0.24978621137807777,0.05965941945488646,-0.9013816115974282,0.40747720607520693,0
0.14408523693429223,-0.9314757742732184,0.2560741771632188,-1.1828299999428333,0.8209892997559022,-0.15877743372460268,0.058728360501985856,-0.8967890036769894,0.4065386002949374,0
0.14286587792349306,-0.9297661709033634,0.2524705584448273,-1.0796757553542218,0.8738871973363226,-0.15373565177941537,0.058325807056927276,-0.8910471465408034,0.40411106858075185,0
0.14032552083765024,-0.9269943130768532,0.24773019627321216,-1.0028763412463066,0.9408429403441889,-0.24071040204479624,0.0590268885493824,-0.8863708517895418,0.39995475795293517,0
0.13783091174283885,-0.9222418528204672,0.24382420986844053,-0.9954366939470505,1.0233538338290216,-0.38632803439445207,0.06019325862879032,-0.8849005952814164,0.39599697239915804,0
0.1369786566348713,-0.9172476190447221,0.2422222541489196,-1.0309557854636586,1.0976946065905633,-0.5339481094771732,0.06099854661394476,-0.8865288325217595,0.39506042600692814,0
0.13823521958899973,-0.9151126119929393,0.24311270150493852,-1.0378222033812503,1.1344161293662987,-0.6278865709709699,0.06146272921650827,-0.889239351609926,0.3975596587269097,0
0.14057030999376052,-0.9176922797984444,0.24578841557788791,-0.9721912112477646,1.1289702320321786,-0.6376243104417624,0.062026302172375494,-0.8912639587487503,0.4009120463051729,0
0.14256768381580767,-0.9239576339830257,0.2494584213196931,-0.8559120251823057,1.1022200178915529,-0.5683064599107434,0.06273354814765211,-0.8923359728268149,0.4026827664266906,0
0.14394838244350813,-0.9303459650593258,0.25308265727655543,-0.7463679461190807,1.0755486492837862,-0.4466040458240904,0.06324065414818196,-0.8930429884602213,0.4031405697902576,0
0.14552118199257166,-0.9329785827539869,0.25519908742970143,-0.6784319339609138,1.0537185704070902,-0.29730546447106215,0.06319657201325224,-0.8935739168444059,0.40420953208142446,0
0.1476038675223651,-0.9305521551143653,0.2549942598594668,-0.6371561198274794,1.0278014384755862,-0.13816752106560073,0.062372726028057185,-0.8933778414477486,0.40674204654839013,0
0.1491062864720048,-0.9254323951598019,0.2532707081064232,-0.5808734601053747,0.9863318045492078,0.009165215120091457,0.06076678086139843,-0.8919445412585689,0.40945123921624804,0
0.14861205251200169,-0.9213379012115557,0.2517601199855045,-0.48661304698507846,0.9267692721593982,0.11898449342099894,0.05881548991751926,-0.8896254390551132,0.41038334430093026,0
0.14629747442074684,-0.9198467424824956,0.25161207090841015,-0.37568308834791375,0.8656684431440975,0.17699348861902695,0.057343709841175004,-0.8874753635155147,0.4091312555207601,0
0.14418934901169575,-0.9197645360160399,0.2526674862854982,-0.2962250359746134,0.8354949719974313,0.19136341703190837,0.057055741840361156,-0.8863640816055383,0.40729480452820926,0
0.1438631996169492,-0.9196090942241743,0.2539399934745758,-0.27720635634242147,0.8576904178448479,0.1885841847453071,0.05788383152630087,-0.8863181832963848,0.4066176134211909,0
0.1443041557560939,-0.919514687798255,0.2544808130018066,-0.3043614478734604,0.9145704284161048,0.19606486284620606,0.05881561126208061,-0.8865710883862091,0.40703195218654525,0
0.14325576629136272,-0.9205580145134862,0.25358944939660066,-0.34956128956235466,0.9604496855775811,0.21929560949573915,0.05871043148122122,-0.8862804469463563,0.40700170869991825,0
0.1405971730362563,-0.9231512595969376,0.2506585539271058,-0.41048971057563916,0.969669157571756,0.2357727065500956,0.05757808763986741,-0.8855012412753974,0.4056427648030228,0
0.13883117752534227,-0.9261922381851726,0.24582420665945112,-0.49881041299948436,0.9641285040187773,0.21939498589660264,0.05673483221857094,-0.8852947911685175,0.4038993499980036,0
0.13966021282604216,-0.9273537911061782,0.24107786304066575,-0.596945929856098,0.9806394723485091,0.16782083213244273,0.05737548570843822,-0.8864267260916605,0.4033870876430602,0
0.14144199511116132,-0.9249748946840324,0.23988166511705455,-0.6568112314416964,1.018960992162467,0.09831217136079926,0.059295510399745795,-0.8882996338963632,0.4045212553470447,0
0.14130152169778215,-0.9204851588855826,0.2444877964789256,-0.6495726572390275,1.0440524022654365,0.025044430223357915,0.06121176737503494,-0.8897126779816966,0.40622985908119197,0
0.1390960121394539,-0.9179528163292909,0.25330279330877803,-0.597578719964777,1.0401245045492695,-0.045216102930641794,0.06199713688948258,-0.8901904100729978,0.40726467504498876,0
0.13775429007567994,-0.9201031070991467,0.26165386972964344,-0.5466003309674884,1.033052431257228,-0.10011143994415803,0.0615137215503367,-0.8900815333922125,0.4072882743438158,0
0.13961660337311818,-0.925442573151066,0.2654951968367633,-0.5188942458370922,1.0446465651020613,-0.12526914306793055,0.06059228865287458,-0.8899484907582539,0.406730459212428,0
0.14371774637838375,-0.9300779825177921,0.26394778428109006,-0.5025512692146414,1.0520950043679405,-0.1280446918058634,0.06026153030862966,-0.8902575940383021,0.406133876923184,0
0.14704138025039123,-0.9315180847175942,0.2589084409679996,-0.4744854879870153,1.0198528707210976,-0.13962844423488205,0.060717285715345,-0.8910964715056798,0.4059225247381603,0
0.14746112002636072,-0.9297685322067841,0.25361621723593325,-0.4223222173532951,0.956770425951477,-0.17714328437527996,0.06109699944692243,-0.8919132486163127,0.40641626624143357,0
0.14520081873633864,-0.925805842965729,0.2511403192460581,-0.35598064278080416,0.9127048174339071,-0.2153420504470691,0.060557115948388175,-0.8919266991177428,0.4075518673841085,0
0.14230952794239382,-0.9209465347916583,0.2523744404694708,-0.31368850359456807,0.9199060575778321,-0.21578589330663334,0.059344218374257955,-0.8908229471353416,0.4087209200245712,0
0.14082248010538945,-0.9174027369429738,0.2550770019676007,-0.3466312423266327,0.9581658779624497,-0.17856890368951636,0.05837457485847286,-0.8887950512239976,0.4093288251228054,0
0.14088541463089319,-0.9170830369700089,0.25595221331493856,-0.47609335008013903,0.9818924110691076,-0.14637404670967633,0.05809724545460015,-0.8862274514600919,0.40940788923447563,0
0.14095301360180276,-0.9191662770009087,0.2540309806651363,-0.6647431608405457,0.9684990852115422,-0.15675832003644233,0.05837611091710794,-0.8837930454614304,0.4093861155751415,0
0.1400656726005631,-0.9206685369092256,0.2515666700193243,-0.8439744978314954,0.9329969369444975,-0.20221383883244348,0.05913758391662664,-0.8825904384812663,0.4095605646211115,0
0.139260786889899,-0.9201781962786579,0.2517646758051027,-0.9723426798637798,0.9011423677288721,-0.239906687777869,0.06033115545286335,-0.8836094681319607,0.41013927418687224,0
0.14023807233249697,-0.9195143083713339,0.2557484197582204,-1.060150888782773,0.8777530302359922,-0.23728551184981003,0.061400806807715744,-0.8868003561222079,0.4113908297553995,0
0.1428475257427898,-0.9210070964373922,0.2609244391846729,-1.137111213740918,0.8464403530500585,-0.20707261154284237,0.06154076973047409,-0.8907418593046724,0.4131898529296091,0
0.1446002542953246,-0.9246254071486131,0.26242657648643036,-1.2058784075596232,0.7979860540860076,-0.19404590114803477,0.060532161110792564,-0.893566620479036,0.4145923514843059,0
0.14337094556810637,-0.9285116828956284,0.2579071155996417,-1.2374284196961491,0.7479811650017527,-0.22560556683151217,0.05897684815490274,-0.894392115955405,0.41451859088493337,0
0.14018283964064765,-0.9309819832649542,0.25095551440735864,-1.213650260170799,0.7184473061797271,-0.28453370799494315,0.05780321083576384,-0.8936197366079486,0.41308553520367813,0
0.13818300447546655,-0.9313353079409156,0.24773745958904791,-1.1628214160000274,0.7113207061633507,-0.33555519655467636,0.05767789986688145,-0.8920718486876031,0.4118227509291256,0
0.139019277434448,-0.9298554520026754,0.25048121533512707,-1.137947884205653,0.7127883045108062,-0.3633360639638534,0.058578815225925916,-0.8906106384944716,0.412113679849949,0
0.14144974821182765,-0.927671848136985,0.2561640835701321,-1.162385007899461,0.7163755128118781,-0.37231431556444017,0.05968650268007049,-0.8903395443413655,0.4135246447232689,0
0.14330173558980971,-0.9260983922899193,0.26035501175041265,-1.2143093924316501,0.7284406211812113,-0.36640173909685325,0.05995609288661783,-0.8918545813094949,0.4141535119722109,0
0.14324522710405635,-0.9257740617134261,0.2601165280441258,-1.2660331102866784,0.7572300216525378,-0.3496190989842357,0.059119696084869396,-0.8940423995661084,0.41283486639097294,0
0.14092550175996804,-0.9263210042623881,0.25502224623802316,-1.3148234203610125,0.8068057477871576,-0.33711098877967977,0.05794167740441478,-0.8947576355263477,0.41059000754372604,0
0.13762229851238375,-0.9265542435131949,0.24839094311380996,-1.3628442158014955,0.8729600212314372,-0.34384519230180616,0.05726015138600765,-0.893168949571175,0.4094114225785496,0
0.13693692316626946,-0.9253005791739101,0.24635227794558928,-1.3906628103282936,0.9365269306604992,-0.36291583462627863,0.05719209662090493,-0.8907078958725515,0.4098752961164782,0
0.14200300075313305,-0.9228031979366538,0.2523798444734569,-1.3782681295671877,0.9734782766921241,-0.37028491672589664,0.05751010412837809,-0.8893063509003186,0.4107183297141901,0
0.15076656421690604,-0.9211397984712226,0.2625478385239024,-1.343873371621024,0.9818561855634587,-0.3524268316486816,0.05805136099202347,-0.8892377542842654,0.4107585612287114,0
0.15640422841700422,-0.9220871930195599,0.26867561609509516,-1.3347126331501344,0.9843763928546666,-0.3181991191599722,0.05837855068994805,-0.8892371083205608,0.41024119170819817,0
0.15438124977991455,-0.924631969073515,0.26666508741860184,-1.3755733682555131,0.9928846660196049,-0.2848501058936196,0.05789206552518151,-0.8884944924527884,0.41000477645310973,0
0.1476292181452505,-0.9258347425790815,0.25973286098356724,-1.4416349312089556,0.9866934767960043,-0.26455968827706355,0.05675835842897715,-0.8877099253021055,0.4103472185706718,0
0.14292102107847773,-0.9239479396005772,0.2535626978020855,-1.4847230777223868,0.9428599926830117,-0.2609206466068786,0.056040979353181634,-0.8879092814320828,0.4111803418684058,0
0.14320122707875566,-0.9197348004283613,0.2513108273613131,-1.476254053250659,0.8758392337488816,-0.2630304215332559,0.05650925282918881,-0.8889982708765701,0.41246692346473257,0
0.14528957435153014,-0.9156934748775094,0.2536823021142753,-1.4217171472819987,0.8276034971118964,-0.24514890560113908,0.05778663821692189,-0.8900846580422037,0.41402477320732395,0
0.1448056557372328,-0.9148172637155219,0.25988272626907044,-1.3426609253833197,0.8221137526008562,-0.18803674972128084,0.0588927205606524,-0.8906709824366119,0.4153775366990517,0
0.1415943330399049,-0.9179524146291299,0.2662010487952914,-1.2564169790818471,0.8449796937686564,-0.10361860507528085,0.0592058804572691,-0.8908966799247269,0.4161316898083147,0
0.13896232110052983,-0.9209469383496562,0.26647975982526906,-1.17367426753415,0.8669311910110059,-0.029328570159408665,0.05871928678557221,-0.8909705179541233,0.4163358963745791,0
0.13830704291792825,-0.9176542294353165,0.25751628710813124,-1.1018319976760096,0.8739918835905565,0.005239264428266454,0.05778507849083051,-0.8908765153139008,0.41633507459592595,0
0.1373478500380877,-0.9085237657010286,0.24386274105742609,-1.0400914208472742,0.8739281149372554,0.0016458133293519317,0.05699441874690283,-0.8903942183813044,0.41633530928190987,0
0.13473117107117083,-0.9025282404054538,0.23505693752156687,-0.9780152579991492,0.8832769803212788,-0.016945649277968673,0.05711430126767367,-0.8891599200804076,0.41620208702261374,0
0.13328449500052095,-0.9063821146730126,0.23735178928748804,-0.9115648728881164,0.9088275129798102,-0.030420184464098946,0.058580114523133546,-0.8871182615729883,0.41570579996446577,0
0.13604522351475049,-0.9152087463402239,0.24870466264899638,-0.858922295955814,0.9363445498930572,-0.034608618164029034,0.06077128982419865,-0.8851889357791806,0.4149454817046082,0
0.14107721369631626,-0.918841425466427,0.26125348953771566,-0.8449488552175367,0.9412337849342826,-0.03881288811694077,0.06219189120485282,-0.8849737439159868,0.41451355680007046,0
0.1434483397602031,-0.914935251131994,0.26763238993724153,-0.8650179118982326,0.9166280158217639,-0.0546124490349208,0.06190260100171588,-0.8871438568462728,0.4151214122697088,0
0.14183102487517135,-0.9109367165121419,0.26595374940396915,-0.8812048326911529,0.8861419386133759,-0.08020664301721028,0.06057872458296533,-0.8901447870165629,0.41681118308247384,0
0.14014749257080425,-0.9137539157171611,0.2604735521541688,-0.8647992099115526,0.8805517222569752,-0.09493679842032479,0.05968013209591333,-0.8911352661343552,0.41854967661105563,0
0.1418460718843621,-0.9210605891852431,0.257177595206502,-0.8264295132428762,0.9034033794235374,-0.07840894136756375,0.05983756151202284,-0.8887079926348103,0.41905067896860926,0
0.14495429397313941,-0.9240571254293604,0.25783823156827695,-0.7921934273424741,0.92676039419084,-0.038161074231136155,0.06051154142993843,-0.8845528604406376,0.41822096593628827,0
0.14486300863170454,-0.9180566796732157,0.25900319895639856,-0.7674809115756863,0.9220623092626553,-0.0100298475123031,0.06092725355052578,-0.8819461651697792,0.4173821885358258,0
0.14087591840196917,-0.9088324576764893,0.25725789974186,-0.7424392374352274,0.8902500367277764,-0.022350743175667164,0.06084722099968929,-0.8824472535570449,0.41775021180643623,0
0.13748453287165804,-0.9066386571869812,0.2539448663109639,-0.7227590824315465,0.8592957857206366,-0.06168935584781195,0.06054046296571407,-0.884569180266232,0.4190231381802351,0
0.13875856962162544,-0.9141821446953196,0.2532444840624009,-0.732927736638985,0.8555320046830823,-0.0844718841196947,0.06038380734353798,-0.8860301033122255,0.4198502889607055,0
0.1433256069092332,-0.9235924469732967,0.2568011859468683,-0.7835189615002214,0.8800954341053115,-0.06580396354175762,0.0605647314669879,-0.8864931750607805,0.4195476428904056,0
0.14613836684116221,-0.9263594536590348,0.26215897571198843,-0.8484378865307401,0.9115130648115456,-0.02659342821912311,0.060893506462137356,-0.8871392668649394,0.4189301891756456,0
0.14450484025983815,-0.9228210412028541,0.26578792463682455,-0.8875214202625806,0.927241548776892,-0.0064972134599631075,0.06081372078266665,-0.8883043006198843,0.4192847692692084,0
0.14117369659643877,-0.9195779850464069,0.2659516570349338,-0.8888537070570034,0.9212258314427477,-0.019323096479708004,0.05991719643157704,-0.8889892624474546,0.42076145579498764,0
0.14097102325990374,-0.9203308559525057,0.26327912665466147,-0.8767832354246348,0.9059347767345719,-0.04189517333058914,0.05851951989100181,-0.888500377036641,0.42207851312608874,0
0.14445593660917042,-0.9224907985553653,0.26021800907801884,-0.8769965062823902,0.9039430167362293,-0.03978016011327363,0.05740699403975007,-0.8873850658230236,0.421844402320161,0
0.14576116597579744,-0.9221417608613092,0.2596660289266303,-0.8872749159563067,0.9326931425956393,0.0011560389707744787,0.05703218791916455,-0.886640127088961,0.42004969767825284,0
0.13861482934032968,-0.9195247838077668,0.26255301779728923,-0.8915603605666261,0.985611193435548,0.06288425234639126,0.05722336872035252,-0.8866880388583402,0.4181245345777824,0
0.12527431242764464,-0.9181892797410687,0.26624120413894015,-0.8912837107490765,1.0280549083969073,0.11071653772090685,0.05756522403377074,-0.8872510334162034,0.41742873156221616,0
0.1168551504824593,-0.9199189732805407,0.26643447956462707,-0.9043231177364838,1.0245242539942503,0.12378641113213149,0.057840330334398796,-0.8878445334535395,0.4178911474549524,0
0.1219551359079329,-0.9226480906176225,0.2617569549540078,-0.9330279449646052,0.9765650108543359,0.11148710049431576,0.058197587147909055,-0.8881513171502268,0.41845561474579596,0
0.13649448822743335,-0.9235701221056662,0.2558383209929959,-0.9506736336350607,0.9267232308871308,0.09771086773578924,0.058907950014884664,-0.8878409687450759,0.4185256345462305,0
0.14780318768253045,-0.9223250973084907,0.25374275421515013,-0.9312048173772954,0.9168324765058222,0.09110608010994549,0.05976975420169224,-0.8863212145511891,0.41829211477117445,0
0.14797422798071178,-0.920157339347479,0.25670240977773295,-0.8885067110764922,0.9446058512307522,0.07745984686111795,0.059979575994280235,-0.883432376794844,0.41791834036845316,0
0.14083253952767344,-0.9174487709597765,0.2612340500866907,-0.875755891866317,0.968882966527085,0.042875928797867016,0.05901160121633163,-0.8805151055664778,0.41733682283975687,0
0.1360203080641159,-0.9137651470041117,0.2631038179023304,-0.9389319087944504,0.9572224821332392,-0.0032619575827571197,0.057399757359016236,-0.8797487167013485,0.41681396682771465,0
0.13803421036183033,-0.9102962202794985,0.26166413448893994,-1.0708609380001692,0.9193705351703437,-0.03670269976191239,0.056241851268682065,-0.8818353816424813,0.41682762831774695,0
0.14208022284016902,-0.9109864515803818,0.2605517102067587,-1.2117458084378157,0.8907544848377045,-0.04733670951158111,0.056160676888977856,-0.8851740192531032,0.41728774134813695,0
0.14080658809326432,-0.9193369660231733,0.26382642472763584,-1.288357720701783,0.8903468292111335,-0.04881868399515289,0.056999844938383136,-0.8879235035067298,0.4176256388242925,0
0.13392652238593783,-0.9327698379302454,0.27071157767057913,-1.24931483319149,0.9005437229089273,-0.057023488462767724,0.05817128427097279,-0.8899448826364296,0.4177770204043011,0
0.1286997782049734,-0.9418302815848939,0.27504007877726744,-1.0805742180187705,0.8870315735366281,-0.07176352439013269,0.05895201744506716,-0.8917901876589632,0.41836048442840823,0
0.13051981574130214,-0.9381674281325234,0.2714460927807126,-0.8159340733174616,0.8354437878508995,-0.0851799118783789,0.058718759498410565,-0.892580219241997,0.4195608176139424,0
0.13652709455682716,-0.9234997085926303,0.2616461106481602,-0.5393421465231215,0.7684912476238395,-0.09322802499916742,0.057461401475890836,-0.8902548828735177,0.42040228292159915,0
0.1404157009707113,-0.908501896797429,0.25334876003916235,-0.3577148818917733,0.7293846519941404,-0.08962470772710601,0.05619869655832185,-0.8839696069040985,0.4197628484010069,0
0.14019055265451041,-0.902332320718048,0.253146841483987,-0.3529928901870385,0.7470020535284974,-0.061869404289437005,0.056371987689932165,-0.8755345697639336,0.4179587458055483,0
0.13850783509466638,-0.9044105096654687,0.26082713950432623,-0.5492915102193244,0.8109246319015702,-0.005534532152763315,0.05836885252368184,-0.8685044237931009,0.41665657248045257,0
0.13785237835700492,-0.9072993095450973,0.27025378312671916,-0.9083627307847341,0.8795216770718005,0.06289339119390859,0.06087312812510418,-0.8661027260941749,0.4171418324755004,0
0.1384776719207566,-0.9073620686349338,0.2758830781664276,-1.340948785444338,0.9177333981190535,0.11403375200668336,0.06206663691230894,-0.8693638204415238,0.41930732307150637,0
0.14024906154561012,-0.910264890106771,0.2782513652056336,-1.731379224459796,0.925736413836757,0.12336108681184622,0.06135297711092606,-0.8764223158128412,0.4223678342745745,0
0.14341737744139335,-0.9229368614637427,0.2816753618913707,-1.9778042613858333,0.9248847187686194,0.07973214184326992,0.05969239817925732,-0.8838002809895024,0.4257071404919671,0
0.1466405433281206,-0.9411297752219623,0.28668773875510944,-2.029136933875063,0.9211512458509031,-0.014488545192079347,0.05844744122638001,-0.8890805812534363,0.4287411678008694,0
0.14687912583336468,-0.9507186550162205,0.2882012220788738,-1.8935822577950088,0.8972552985099758,-0.1410410720388846,0.05811168538576196,-0.8924433884094723,0.43072047793857277,0
0.14313510259070014,-0.9440153341976542,0.2830390608821326,-1.618595103316496,0.8450490196030374,-0.26425635292401206,0.05817311154523502,-0.8955100794134241,0.43129358543526675,0
0.13822898066211653,-0.9298041409357919,0.27549143441089524,-1.264077552610563,0.7919566636929516,-0.34232850716075947,0.058229142065379075,-0.899086530239845,0.43105161617612353,0
0.13540751610958734,-0.9229898456517582,0.2718281384830891,-0.8865929616370037,0.7804207686218875,-0.34856136360182083,0.0588774516233579,-0.9024444242983294,0.43104604168065674,0
0.13542909567036987,-0.9279216917920012,0.2723345837506514,-0.5308128189917457,0.8241686163472637,-0.28423654581536867,0.060777656661258575,-0.904451299307415,0.4317488345778973,0
0.13786719638004039,-0.9360804991107313,0.27269696442150837,-0.2158379051446752,0.8993183029849516,-0.170921685004745,0.06297524239242736,-0.9046298997977347,0.4326647960162178,0
0.14257168345429597,-0.937757406551763,0.2706918831280229,0.07198503469293555,0.9800814071910231,-0.031454367417575665,0.06336025677910839,-0.9030042519455235,0.43266020143328643,0
0.14837739297819727,-0.9318985047880234,0.267523809215911,0.35123941872319014,1.0684195317580962,0.11784082789158848,0.061188950370001514,-0.8995767401425182,0.4304044129257537,0
0.15195603769374766,-0.9244788722875293,0.26448724636004733,0.5945482694873612,1.1804726776796148,0.2571403390645139,0.05817222382606353,-0.8943900451807865,0.4252126457180009,0
0.14986615314323534,-0.9201523321338639,0.2619887424097299,0.7213741327536228,1.3102986079472847,0.35789392848981266,0.056587254542555636,-0.8879470199798711,0.41827010527709707,0
0.1424413010973637,-0.9180572512070589,0.2607243108926744,0.6698177038301548,1.4139584608862001,0.40037547774467275,0.057025666992558316,-0.8814362043470987,0.4125377567207548,0
0.13482009147961407,-0.9155755118398807,0.2611308506293716,0.4748412828065923,1.4334771474096237,0.394273874985757,0.058362990394425565,-0.8763839014362046,0.41051857821694654,0
0.13262630320043783,-0.9130391021724112,0.26236837508300886,0.24889911085525318,1.3428506368987922,0.37147111960248425,0.05933123320785313,-0.8735187199847111,0.4121941199941737,0
0.13651351558199226,-0.912362382881945,0.26313662721660513,0.07863272918364649,1.173011052128261,0.3567404157223648,0.05959936992423776,-0.8718648199718029,0.415581107829301,0
0.14191708998506825,-0.9126867715365723,0.2628387244887123,-0.03769087144549075,0.988367775471295,0.3500531269868754,0.05950416862096539,-0.8697215380454247,0.41892834072702945,0
0.14404023830811002,-0.9105641515137382,0.26187446569989803,-0.14813431111916947,0.8389250650442968,0.3343213354541888,0.059279960144826616,-0.8667615038225511,0.4217972091671531,0
0.14232654748924176,-0.9048176960755484,0.26138232134129397,-0.2768533947470015,0.7368975893690436,0.2934797850129587,0.058900804235944515,-0.8644886574583559,0.4242825523580975,0
0.14060835194220772,-0.8992651508047343,0.26210557018278496,-0.4134387481801458,0.6731561068805428,0.2262825710279351,0.058428928761979256,-0.8645510346921526,0.4260764533604979,0
0.14385062735408274,-0.8994342617815158,0.263663776814556,-0.5421345045708191,0.6441574777329819,0.15095656989170234,0.05802094042549818,-0.8671433673054314,0.42679491287864013,0
0.15345614151697531,-0.9066106240511527,0.2660473504847115,-0.6513876917802935,0.6566799696505043,0.09656014750135519,0.05763491626940772,-0.8710234693769418,0.42679447426053335,0
0.16361540713868938,-0.9156710971291934,0.2703423521121289,-0.727348940129211,0.7114410354785364,0.08330409992652271,0.05714541331800399,-0.8746784697648298,0.4269730114711732,0
0.16407443204625338,-0.9196476047190171,0.2756838748431157,-0.7639681185508905,0.7937548147234278,0.10664075676553313,0.056679336128217454,-0.8772859788619028,0.427764217552841,0
0.15062519674572436,-0.9164750829230406,0.27758675212544737,-0.7780590867544029,0.8850640054075162,0.13986324874288086,0.05642221828137003,-0.8785344238068578,0.42871204579101885,0
0.13207288295558064,-0.9103614884464877,0.27290336653075004,-0.799892825861436,0.9752258312476823,0.15470470194834593,0.056154030464112444,-0.8781431178221886,0.42906861249202916,0
0.12239477353909825,-0.9067732872319758,0.26514371407388176,-0.8483253071945845,1.056870356274153,0.1429421490644867,0.05549126813283204,-0.8765266545335494,0.4287105433034409,0
0.1260985826835668,-0.9074817874538108,0.26129841904311135,-0.9173353666252662,1.1160692664315137,0.1195577201626756,0.05471247520248253,-0.8754611503421547,0.4284288770632977,0
0.13514695712148955,-0.9105556330766246,0.2639412533872351,-0.9791745430975267,1.1387895867246174,0.10460976055874498,0.05475449747570541,-0.876550527898819,0.42911038675339214,0
0.14012242164880737,-0.9135987000613294,0.2692564791838845,-1.0014891331321163,1.124059219805277,0.10202710141143347,0.055986807303706816,-0.8790495067218648,0.43058390881916403,0
0.14021582763589038,-0.9159492908867507,0.2724308721764609,-0.9760759479482171,1.0847157935412135,0.0980480586411285,0.057553758373333236,-0.8806286106078289,0.43161956329919965,0
0.1409775640236183,-0.9180711128863144,0.2726203138291752,-0.9335707461397655,1.0367524550087794,0.08168010726097256,0.05849426141482127,-0.8803716245681545,0.4312009909596112,0
0.14551511257114916,-0.9196650083727075,0.27236458889731924,-0.9162778760262746,0.9911070085651698,0.06063554645382448,0.05894420310697978,-0.8797200666888022,0.42949400651491654,0
0.1505728269596953,-0.9192573273506071,0.27350179791509677,-0.9320056453407299,0.9528794531305547,0.049516777359486674,0.0595636989935428,-0.8802659500407048,0.42748246363204134,0
0.1507837806632956,-0.9163434132008534,0.27466395161333085,-0.9441190589112428,0.92210493816541,0.049125103143652094,0.06029295237015895,-0.8817742697790026,0.4260265516086914,0
0.14519480377044752,-0.9133057569592251,0.27332389982962063,-0.9105239891439777,0.8928362312931735,0.05121780193260081,0.060394946995987006,-0.8828835193740381,0.42545358141311423,0
0.13847943799444032,-0.9132339403250929,0.26978507149480996,-0.8246226999151867,0.857370753099395,0.05941807867680075,0.05944741295895741,-0.8829563994155044,0.4257355045330822,0
0.1357215154171438,-0.9155800117200962,0.2673200172904819,-0.7161810676565126,0.8186510182011336,0.08756191614412784,0.05781950251959047,-0.8825088190690231,0.42668493528025847,0
0.13736080532861122,-0.9164000083045651,0.2676783126824653,-0.6248869314470485,0.7950204170103841,0.1353988950624049,0.05639974688358369,-0.8821697735826767,0.427873582023954,0
0.13993114719589825,-0.9136946108779488,0.2683726988897538,-0.5828505530153507,0.8033864051044832,0.18304520255466766,0.056075116789837044,-0.8818671621366091,0.42854005049723914,0
0.14052796897421416,-0.9100360440923185,0.2662216184424357,-0.6109568790122617,0.8376804802026102,0.21644724672410456,0.05708071383365759,-0.880942178863064,0.4280259113928766,0
0.13953552156125748,-0.9088575063955131,0.26244668821545886,-0.7097250980004458,0.8706376038977437,0.24286678605351567,0.05859788911043447,-0.878829910846308,0.42660950367606076,0
0.13930505534642154,-0.9101973885470496,0.26183806442831076,-0.8496397596564763,0.8772981141425654,0.2700912978042448,0.05940603084725424,-0.8758266043173497,0.42560471031408115,0
0.14085644570666384,-0.9113108257476771,0.26680089331803314,-0.989306810923052,0.8533403456173463,0.28455142889502216,0.059187190027495236,-0.8730641208973337,0.42610139381083245,0
0.14272132367587517,-0.9104805150444878,0.27429713766523167,-1.1147404178215947,0.813884929703223,0.26748859373099093,0.05869979868519389,-0.8715063328826629,0.42766301866643186,0
0.1433471460247598,-0.9090840909137354,0.279346494602304,-1.2480599088466424,0.7814350298970516,0.22492018308033063,0.058485514471586945,-0.871504044226508,0.42883871699393133,0
0.14321705472817378,-0.909517256611069,0.28001319196544444,-1.4059800000794038,0.7717717348070493,0.1818107010572221,0.05820082509170936,-0.8734278870953175,0.4290251542579435,0
0.14326816566766787,-0.9118157548957626,0.27811698240244037,-1.561556538002434,0.7811593924893487,0.14861973077838408,0.057603052342497865,-0.8775262327515772,0.4291384113208514,0
0.14265000658957894,-0.9138341142971982,0.2762989179290734,-1.662699761644374,0.7877379250616798,0.1145247668385463,0.057301702780813896,-0.8826908786292195,0.4301781875211366,0
0.14018386552259837,-0.9147144595746561,0.27561998793916315,-1.6856096982030067,0.774825989884836,0.07635645532293515,0.057861856504915016,-0.8866581168557784,0.4317920180483255,0
0.13713637012246316,-0.9162453584864312,0.2755210951339383,-1.6578334793834437,0.7522535216337155,0.05046285326678201,0.058752279466653734,-0.8881975862358524,0.4327778783072897,0
0.13619705524889256,-0.9199753842852165,0.27497944291226023,-1.6258121729824822,0.7462729010507313,0.044942465053549756,0.058906132017915655,-0.8882011183021876,0.43266494540754863,0
0.1379804999400905,-0.9243903404076869,0.2736217004308628,-1.6079902396566201,0.7693833349155362,0.04190857141128789,0.05814443583973834,-0.8880765017618089,0.43222718893680856,0
0.14036427988519193,-0.9262592912769282,0.2722657918741231,-1.5864368474277135,0.808221894237796,0.024495080554300414,0.057431951986805,-0.8879920777994376,0.432370077952676,0
0.14114677653023763,-0.924349356923149,0.27203817922830453,-1.538420814256808,0.8418382549823387,0.0043129195692552715,0.05758005581427166,-0.8873556947537088,0.43295583727644366,0
0.1401234537153464,-0.9206398525460039,0.2726175796595903,-1.4655513197563605,0.8657346896867963,0.0021861819682425917,0.05820121762433985,-0.8861990558294679,0.4331123516536562,0
0.13873315670342948,-0.9178666641403791,0.2726336652324861,-1.3932208736908305,0.8945308521173732,0.014115292085270311,0.058356678980019415,-0.8850453253073635,0.43247907164706473,0
0.1384939270215287,-0.9171282120910731,0.2723218394377449,-1.3504426045997866,0.9411817283829467,0.01752015834705988,0.05788174924182746,-0.8836817624478196,0.43161335975006226,0
0.1396508629649035,-0.9181393227664029,0.2735701276387919,-1.3505955797483147,0.9967103961902669,0.0053844473091293225,0.05744515070995191,-0.8812318647592573,0.43113267266658795,0
0.14092509776677728,-0.9202109866459304,0.2763980122217719,-1.3840870451960117,1.0378380584612403,-0.004593181913206733,0.05734269412034146,-0.8777772342854124,0.43097710860348004,0
0.1407804895076191,-0.9221386160189211,0.27799071222076244,-1.4248097691470085,1.056299455843899,0.003574591615073298,0.056939933936760806,-0.8750033504682087,0.43077280304607857,0
0.13904839887930742,-0.922508401072675,0.27656424128149004,-1.4447168183018326,1.0683285335987849,0.020606867792628394,0.05573735935055756,-0.8745895485090792,0.4305012545542737,0
0.13690939472756275,-0.9211645287732065,0.2737966944127301,-1.427348467658817,1.0868959814472965,0.022255406999931577,0.054454414953119354,-0.8762317363039683,0.430453041397495,0
0.13532469057440313,-0.9194502652975297,0.271944623735741,-1.3742841472546887,1.0977274098333512,0.0005908941058070482,0.054254701970165874,-0.8776178374465341,0.43081673004505155,0
0.13427250906510096,-0.9185031862361932,0.2708116574537104,-1.3022367483699568,1.0787222550536384,-0.023566718605835753,0.05510751975404626,-0.8765951594454959,0.43151514969672694,0
0.13376147267924887,-0.9185222192669187,0.26955743653139075,-1.2322124655225586,1.0371231658550077,-0.023309406681842032,0.05578248835002907,-0.8735956919054779,0.432134896290112,0
0.13451384826212687,-0.9196473476525193,0.269588102901109,-1.1777152584517503,1.0094611358923493,0.006175643533772727,0.05542614684647517,-0.8715653359662504,0.4321422098403844,0
0.13679315111444884,-0.9214600814845484,0.2728295195535486,-1.1387682139899666,1.020075904025861,0.04720921828292248,0.05438664928569014,-0.8727543473026202,0.4316904163517286,0
0.13948518694304154,-0.921703326209263,0.27777167458354174,-1.103303350867663,1.051482423094194,0.08035076651465026,0.05355564695738695,-0.8757606368932109,0.43182236883283054,0
0.14132922858003558,-0.9182418247959607,0.28001636145618986,-1.0569131077360752,1.0649193755636726,0.09767741712600848,0.05357046303054088,-0.8768737381569636,0.43310662975791087,0
0.14211057200929408,-0.9126108570800311,0.2775447807871449,-0.9971535440888534,1.0438875127615892,0.09930678908308532,0.054538207275825694,-0.8745619223203311,0.4345662482725499,0
0.14186058936617407,-0.9091528462602616,0.27361360388891925,-0.9377771473261528,1.005881743852636,0.08746659833699039,0.05593457363503175,-0.8713520475118168,0.4348823075913343,0
0.1402551009258519,-0.9101891089202965,0.27299513695869543,-0.8973205480676083,0.9734977715473186,0.06939500602420223,0.05683962244437279,-0.8706184825676673,0.4342623883079881,0
0.13773567610486126,-0.9137342456983701,0.2764366302983472,-0.887081263503381,0.9495602252192308,0.06064022284634961,0.056712930869723274,-0.8726268770026477,0.4341996197555755,0
0.13591349957883708,-0.9160346849891065,0.2806136891941308,-0.9076388962350939,0.9265621585486967,0.07587406612039652,0.055913578658478104,-0.8746819692590148,0.4355381994412901,0
0.13593509178965085,-0.9151070649930328,0.28290875210241057,-0.9475465903861057,0.905955458188415,0.11402325391859135,0.055223604042458366,-0.874564657443583,0.43750890663994046,0
0.13735640090580398,-0.9119542847023848,0.2839341217894919,-0.9862313340238302,0.8944561463454895,0.1565127353264456,0.05498451222143376,-0.8729241313356285,0.43874943125692945,0
0.13922668761200793,-0.9092588628724483,0.284971524837465,-1.0073303579512094,0.8896002938781248,0.1814464155021953,0.05495882083344117,-0.8722025151609551,0.4387848386493444,0
0.14141888050961893,-0.9088300840780907,0.2852352125631524,-1.0091003078916445,0.8853636001967411,0.1789487367469495,0.054927191588577326,-0.8735883738034426,0.4382556348628692,0
0.14398100571626396,-0.9099813330279967,0.28352048200319346,-0.9984311550163671,0.8896418412311139,0.15494212459504392,0.05505598944147058,-0.8754982786243074,0.43796552572355185,0
0.14556196537464142,-0.9104064350214636,0.2812436957113477,-0.9836211178146453,0.9190272577094138,0.12073686606982682,0.055575005428400125,-0.8753607255279361,0.4380922786314546,0
0.1439438690347351,-0.9084129911577784,0.2811806578393085,-0.980048715943583,0.9724023679163218,0.07849705326482966,0.05634761495046939,-0.8725559402241999,0.438305730518674,0
0.1390352322038714,-0.9044157827953124,0.2834393518698838,-1.0081564733493202,1.023025342346322,0.022568020381993955,0.05696057310444449,-0.8689486193189517,0.43826400903382,0
0.13434108851233262,-0.9010001249193457,0.2852561665838584,-1.0698599606011847,1.04359317899967,-0.04036904294673842,0.05715967383459272,-0.8666647958995681,0.4377776711875181,0
0.1337941071678427,-0.9011963288901456,0.2847982872063085,-1.1376500018331601,1.0319759499738168,-0.08164993127376959,0.057063072043155895,-0.8661803096287176,0.4367477592543786,0
0.13723530045322527,-0.9053238583966485,0.282836891194977,-1.1832439598207296,1.008388649480992,-0.07410275021597451,0.056983075238036404,-0.8667526715955232,0.4353633187745787,0
0.14068992770233482,-0.9098643259666336,0.28074977330056994,-1.2088277696397964,0.994672291486089,-0.02357886903113662,0.05713947551697676,-0.8678658840182639,0.43434927999275835,0
0.14137845148534522,-0.9111640648214505,0.27909973261619875,-1.2381725893932325,1.0012689059213076,0.03388117242542919,0.05748713449909397,-0.8695492629824173,0.4345326897185691,0
0.14055839649968455,-0.9097568417065884,0.2784254331013957,-1.2866618645149228,1.026415331001747,0.06592314348201617,0.05767845528936767,-0.8715537252508831,0.4359536618615107,0
0.14060774531287215,-0.9089634073762591,0.2797184553011472,-1.3495878164153607,1.058166000723838,0.06544848818518281,0.05725823370374373,-0.8730097334138034,0.43776341786157386,0
0.14131495426429014,-0.9098809670972006,0.28319079180954543,-1.4104239461793247,1.0799634159182163,0.04393673713560091,0.05611926032268161,-0.873288837425943,0.4391316916781759,0
0.1406787671023295,-0.910405601069912,0.2869892362816052,-1.4522858881022738,1.0833588401887078,0.02096661147285944,0.05478140185679502,-0.872819409736042,0.43985810704215345,0
0.1380787275065113,-0.9091980224486943,0.2882327665914887,-1.4670089916907252,1.0764529363182849,0.019688034558923657,0.05398188983618558,-0.8725540396000064,0.4400488607764543,0
0.13494482706590002,-0.9080353489455718,0.28615621651137485,-1.4579042378839446,1.0759448890885404,0.05348711895346762,0.053919758038426524,-0.8728585321594604,0.43977297964826795,0
0.13287650134144025,-0.9092592757961961,0.283504240270834,-1.431282156266613,1.0915909912394741,0.10898228491439654,0.05420853271160586,-0.8734183159391756,0.4392408191340171,0
0.132323086423609,-0.9125388709691642,0.28358033384835857,-1.3867627497769632,1.1195079383538684,0.14982772226831226,0.05464586857159013,-0.8739393178649763,0.43880596220676965,0
0.13279772804508747,-0.9153879117912066,0.2864069673736824,-1.3228094151682959,1.1466678477658738,0.1435647762117109,0.055420365910485984,-0.8742014058488414,0.43852488597426914,0
0.13374100559286134,-0.9159359254149056,0.2888837196357711,-1.2524296864215299,1.1598031448753692,0.08621898296937323,0.05624765308857464,-0.8735733575880652,0.43809930294102595,0
0.13539565991334557,-0.9141446502494358,0.28812791784221986,-1.2063449063635332,1.153236876160753,0.0029356924179144367,0.05615995793554392,-0.8715300377795847,0.43746913632052037,0
0.13861404834025398,-0.9111244529970466,0.2837298083976582,-1.2159534954417142,1.1313734828388406,-0.07223637139833212,0.05492174418805146,-0.8690179476629236,0.4370964760224427,0
0.14305838730173923,-0.9083700408965446,0.2777662259538668,-1.2909491035660856,1.1051498553469123,-0.11773750225041366,0.05391900441754764,-0.8682893216537695,0.4373931459046908,0
0.14610472071018443,-0.9072242753974042,0.273941725094611,-1.4080599560918179,1.0852380118636875,-0.13413661267034457,0.05454669893206324,-0.8705426881223696,0.4381676253906579,0
0.14492917237930628,-0.9082527009958725,0.2753727843305721,-1.5179262121157704,1.073522698156955,-0.1412768035477761,0.056142834086712466,-0.874443491677545,0.43891157306522227,0
0.13991990141844382,-0.9111195369608064,0.2809903408311957,-1.5672983392103494,1.058038689112811,-0.16191099634319894,0.05674278465435933,-0.8778806721474991,0.43933028633639554,0
0.13492069947678634,-0.9149046686476915,0.2851057161269832,-1.5237993994475911,1.021417155608937,-0.19723945018357925,0.05570934298173151,-0.8803511148742925,0.43937398492231666,0
0.133359593505604,-0.9179587724370318,0.28311835108634026,-1.3904957941859064,0.9599002706823865,-0.22074140407393156,0.05436435113711565,-0.8822830659853838,0.43916426462535724,0
0.13497205003393886,-0.9179475881579099,0.2771065146576689,-1.2060021751737489,0.8917571267383554,-0.20766922454764633,0.05397638999297119,-0.8827813425347174,0.4390597494135997,0
0.1373588918253361,-0.9135341831283975,0.27341031702408924,-1.0295768519849782,0.844010312857594,-0.16707626862221484,0.054268145869541866,-0.8800615494351988,0.43928752683688377,0
0.13943219521505612,-0.9062887151886387,0.27527017208850196,-0.9168741862363133,0.8341959275039639,-0.1294798523698856,0.05416630865445993,-0.8742279308247594,0.4394810256658302,0
0.14123884527644087,-0.8997543139537933,0.28028683922765,-0.9031192713963375,0.8648159836033423,-0.10487735552337304,0.053284437008440134,-0.8678724700907263,0.4392113215437466,0
0.1417810607989707,-0.896282971116361,0.284650609371322,-1.0040595994846078,0.925033169132474,-0.07163006798608315,0.052380874883742726,-0.8634064198605811,0.43884660319733054,0
0.14008679753628567,-0.8955965376895426,0.28695013212029175,-1.2223659323629417,0.9924520220575196,-0.012079286250491884,0.05253806438947814,-0.8611291634218732,0.4391000341031427,0
0.13774972955361178,-0.8965146373625891,0.28757820099596404,-1.540739371767714,1.0431890431010056,0.05550776492609137,0.05390157265242235,-0.8604124315471462,0.43989471864328406,0
0.1374956949605106,-0.8992463680375287,0.28735127141344385,-1.9050974765569932,1.0677310573471985,0.08994674874050253,0.05536904495126254,-0.861502415614429,0.44055145400776907,0
0.13937584543880335,-0.9052349364294631,0.2876373411417056,-2.225003799172016,1.0713782737072646,0.06409719765303108,0.05578437198446682,-0.8653351379772737,0.44104964516515,0
0.14049137620835328,-0.9143322683643497,0.2896112067575585,-2.408167254935397,1.05900730514097,-0.01842652315987516,0.05516933027147588,-0.87218422687269,0.4423036097141802,0
0.13857891004378436,-0.9229547168559079,0.29259981346209146,-2.4064623650247174,1.0312800002912546,-0.13390031035660624,0.054415401462790614,-0.8809270022774354,0.4450702846869887,0
0.13469198032484128,-0.927050727079429,0.29457680611061643,-2.232378897329049,0.9970689411252607,-0.2510459070926794,0.05415132135989644,-0.8893993600416334,0.44908552845623123,0
0.1322012036479045,-0.9271005043529911,0.29460006347995105,-1.9333224379372518,0.9755483614397378,-0.334402255400505,0.054316370306162313,-0.8956265541022405,0.4532583356683155,0
0.13349030535232023,-0.9277574820926298,0.29384468385818613,-1.5530420782274952,0.9807712508868554,-0.3529236605936583,0.05444726044848818,-0.8989954478649385,0.4562225450155373,0
0.13769072741383223,-0.9313435105092844,0.29373646601861203,-1.11838875690992,1.0126915133415941,-0.2975658520116351,0.05412380415135993,-0.8999064425083271,0.4567297695819308,0
0.14176409877041643,-0.9338633970436224,0.2932082786933746,-0.658869504496851,1.0659586101544376,-0.18725352493750524,0.05358387575792362,-0.8983364641635457,0.45408980554290435,0
0.14345913449961817,-0.9298768637610991,0.28894521564572195,-0.23003904441218226,1.139670438647336,-0.054905816435783156,0.0539013715704838,-0.8936697618477334,0.4486197846611686,0
0.1425392884626145,-0.9203222747235769,0.2797282474201944,0.09287994915783199,1.2333030720399398,0.069127176912382,0.05580786794027514,-0.8862478495796896,0.4416458369608121,0
0.13987637344200982,-0.9122549388340924,0.26969998984462024,0.2527975945680355,1.3340691100185054,0.1672995007840925,0.05831802079188611,-0.8781625898467919,0.4349074009153213,0
0.1369439144787533,-0.9101824314300739,0.26508853029902973,0.24607669979787022,1.409514741344126,0.24126253392012015,0.059473100951211305,-0.8717712419646836,0.429887146152234,0
0.13564207671729894,-0.9109460507775038,0.2677547733437055,0.12238679486629442,1.4158116813624706,0.3038604809372694,0.05860482975642565,-0.8677439532197896,0.42757888142809286,0
0.13659416986414516,-0.9091383766776396,0.2738978971670113,-0.04724571894552728,1.3236278711080003,0.355435871005548,0.05690691632423795,-0.8650808624292267,0.4283278354115977,0
0.13785467332892745,-0.9045213294202539,0.2789774804560837,-0.20363620547923772,1.1458379148673148,0.37544894008855556,0.05566098305734283,-0.8627552165400924,0.43138435392911095,0
0.13711518139957735,-0.9007945062734868,0.28171713576428925,-0.31556320762754264,0.9373261301442581,0.34893411558963183,0.05500134995048592,-0.8606831933533801,0.43502119351527063,0
0.13476789002153736,-0.8991744515839887,0.2830097707498771,-0.3845902822519333,0.7575566249295348,0.29657712998512387,0.05456303298432856,-0.859141488904276,0.43776399059932053,0
0.13303561722972232,-0.8973670263470457,0.28347920893310113,-0.4415428628982632,0.6307581362890361,0.26338543400302417,0.05409545665387586,-0.8579715010765873,0.4394112971175951,0
0.13267280556284333,-0.8943502032155067,0.28386725936070356,-0.5244133118193904,0.5442265192834125,0.2701093421197015,0.05316269188381775,-0.8568010727140453,0.440636022349446,0
0.13249854736374625,-0.8923621952526841,0.286296328279244,-0.6459840507929265,0.47882694964070577,0.2859407856452453,0.051473389769443344,-0.8558377666385869,0.44202032580297446,0
0.13196604200436535,-0.8934466844868904,0.29252559075596873,-0.785747453973184,0.43521656172813866,0.26455135730084933,0.049849950263166964,-0.8559714612586558,0.44367870372826107,0
0.1321195112429233,-0.8965142837021264,0.3005604829363865,-0.9169999094304343,0.43581414155464027,0.2035357232227129,0.049697792536290246,-0.8577937951487727,0.4452890486790547,0
0.13333445565719138,-0.8986580043282741,0.30502415430045876,-1.0328052195360062,0.5042754026465229,0.1484330991391859,0.0510961585235811,-0.8606276524846631,0.4463069264037265,0
0.1339017421075395,-0.8980905278925886,0.30249976887687285,-1.1401634188254781,0.6371273334537968,0.13389796951914856,0.05241566528837851,-0.8628601213269587,0.44656713264729286,0
0.13252975959991534,-0.8955474599193955,0.29558659130809745,-1.2413109147150116,0.7965405182952926,0.14104922403436923,0.05231344958208345,-0.8633890759178636,0.44658950736536907,0
0.13109418577790544,-0.8936331349020219,0.28986610772895854,-1.3345658850278488,0.9380504127085827,0.12534641949161668,0.05140869675963697,-0.8626627410946679,0.4468373827167882,0
0.13254727070935793,-0.8946138872723233,0.2872884788147985,-1.4271146978590517,1.04182424911596,0.0725554390571593,0.05151769515124963,-0.8621244830795103,0.44698901564146354,0
0.13641130191368347,-0.8981894766029712,0.2849410492941758,-1.5296652070767107,1.1107713657212142,0.011462236557500682,0.05358875354370063,-0.862611897292633,0.44661964508405705,0
0.1388217020689529,-0.9017844127503135,0.2809760317334225,-1.6357559701466526,1.1476414446441963,-0.022379867142620177,0.0566976672227866,-0.8636036034772615,0.4463130681397139,0
0.13760093679147029,-0.9033347431071771,0.27893461283123894,-1.718722004028082,1.1476424037865054,-0.020463439643759473,0.05896717050901366,-0.8641866870723255,0.44706637396068,0
0.1352478913273213,-0.9029503294656601,0.28327342649537174,-1.7558944606574536,1.1102566835974224,0.0020779369635526377,0.059385121978392436,-0.8643498968436648,0.44844832517551625,0
0.1356800407581984,-0.9018085795089965,0.291763432482306,-1.7496324062931798,1.0451647375165583,0.030894655995148266,0.05864674320865634,-0.8649559587975828,0.44855196420697574,0
0.13923776409655553,-0.9010170285113267,0.29639829196225936,-1.717772488328126,0.9643550622139494,0.062142114834132595,0.058063551275741865,-0.8665488845393706,0.4465220325347326,0
0.1423303050256896,-0.9017021801831004,0.292927062970512,-1.6695329202296578,0.8781412643879587,0.09230936026697183,0.05792581347049908,-0.8684104727342858,0.44409812155293105,0
0.1418444365038174,-0.9040850540726075,0.28589810177599867,-1.604417215920321,0.8031317137770002,0.11663125397431078,0.05748216289240565,-0.8690703745960306,0.4435857077994762,0
0.13890357866933017,-0.9060637774425921,0.2822182864939285,-1.5338517492339367,0.7624382712358606,0.14454428971060593,0.056330648077051175,-0.8679649191440726,0.44505230299142357,0
0.13750084650690286,-0.9050440376210251,0.2829127089723166,-1.486425272917336,0.7628163716059743,0.1983987322974766,0.055079737046799165,-0.8661878902842597,0.44655028113941886,0
0.13961754290532266,-0.9018523223365862,0.2839799690329278,-1.4831062265806234,0.7757877085292835,0.28096925451618726,0.05453798566990336,-0.865132516868999,0.4465008287863311,0
0.14289740174608787,-0.9004840358504331,0.28293792843891247,-1.5141967344541507,0.7637438198479977,0.35719161441677966,0.05478327434302385,-0.8649062905937899,0.44495111389096687,0
0.14356586832110757,-0.90298345544916,0.2812086450017473,-1.5455517613637768,0.7324969979552219,0.3867213564797104,0.055224595891995125,-0.8647195490612989,0.4429628666674513,0
0.1405888937458878,-0.9067556556021097,0.28073824095205946,-1.5466011118562502,0.7351236263375202,0.36741455336599743,0.055280727413789345,-0.8642769438937399,0.44163831126658515,0
0.13638310669685405,-0.9081476478517453,0.2811242143661776,-1.5143047811342325,0.8025388404040188,0.3304714034908254,0.05484446210659816,-0.8640124320151892,0.4415842350920015,0
0.13417103925972237,-0.9067751358341287,0.2811195983933919,-1.473031318455318,0.8863349433043237,0.2994844216241699,0.054338243473632836,-0.8644012628441765,0.4426675857248814,0
0.13520261401801587,-0.9049621543132926,0.28134770922168756,-1.4506105927222934,0.9049176768972398,0.27323378843497365,0.05446786577612017,-0.8657405658883557,0.44418943078358236,0
0.13811838047142289,-0.9044106461720872,0.2837131856259711,-1.4531620754253294,0.8459410800404311,0.24662345291715657,0.05560135102423907,-0.8680707281913885,0.44546289178510295,0
0.14049050470164678,-0.9049178081237208,0.2884573678152827,-1.466027056837473,0.7841193057380162,0.22675932662614845,0.057155876400625555,-0.8705761373103649,0.44608990193185755,0
0.14105758628678944,-0.9055552277877096,0.2930293164291063,-1.4812619000366907,0.784447559128315,0.2204132624906757,0.05793469769004896,-0.8717037926544132,0.4458050037826775,0
0.14040775650686785,-0.9057563752951834,0.2941188929084313,-1.5155438081132524,0.8275831203324274,0.22097111754182747,0.05739395521575932,-0.8707418341300206,0.4446845743191077,0
0.13943814931987886,-0.9055519743632698,0.29092049453336255,-1.589771946600383,0.8557787343016532,0.21835159839758567,0.056284176438099506,-0.8687924683894598,0.4436063146160034,0
0.1382294538117003,-0.9057031193464494,0.28644725340418214,-1.6962316362322025,0.8554413606502724,0.21244777668079137,0.05569807058890072,-0.8675025117245408,0.44382758878297074,0
0.1371601579931188,-0.9070368065737369,0.2844712356463797,-1.8005949257008758,0.857410695976983,0.20665273219867664,0.055846383562501066,-0.8673109504750206,0.44571815860778885,0
0.13760619902121154,-0.9086390820487014,0.2849301148638027,-1.8762324393644374,0.8796185029614165,0.19338284477148268,0.056200620811871015,-0.8674985930721038,0.4480959607366688,0
0.14008670240979992,-0.9080801390404751,0.2846968921342455,-1.9252745935484317,0.9093366453720422,0.15905750538587932,0.056352617298677854,-0.867483549595747,0.44912036796526383,0
0.14272777408506404,-0.9053833780670736,0.2832924822433118,-1.9656903895955118,0.9354539513261749,0.1080163961622531,0.056130897666189956,-0.8673938826655037,0.4480578569275476,0
0.14306181788295064,-0.9047819574302045,0.2839437784691753,-2.0072528724833343,0.9663859222222682,0.06992028920215244,0.055383305052121856,-0.8675372995207977,0.44606564900071755,0
0.14129928936605862,-0.9085425268591697,0.28747272972969495,-2.0439266334317163,1.0102707298462932,0.0699127413593015,0.054367353060036754,-0.8679962452635327,0.44486875951649185,0
0.1410468719503723,-0.9104188539557074,0.2894887979918182,-2.0663825323127156,1.0567337996584603,0.09759410949379334,0.05397378378745702,-0.8688900692154129,0.4447043078174194,0
0.14598729431493673,-0.9020166473105895,0.28657123154307174,-2.0766907769529372,1.0874218502915358,0.11995060082127748,0.0548636599874551,-0.8703692135724942,0.4441891756602293,0
0.15519476287422598,-0.8869650512388717,0.28197253452894055,-2.0876198342504257,1.0938362023203958,0.11900391398927226,0.0564637715287228,-0.8719235667947086,0.4425038581156708,0
0.1624512567562342,-0.8803575720038042,0.2815048716578809,-2.110472943016052,1.0785299180140353,0.10292353509989363,0.05723445905184585,-0.8722878032432902,0.44097879011406305,0
0.16180665221080964,-0.8898522229973209,0.28563781368696295,-2.1445947627214106,1.0498726358214383,0.08904568326883928,0.05608561676794224,-0.8706916337401827,0.4416441456915887,0
0.15358190266041194,-0.9053806207016424,0.2897612449539004,-2.1728440543793717,1.0211883425303794,0.09184556260294434,0.05353828776255465,-0.8679108248977895,0.44449974615802446,0
0.14349940834274125,-0.9125779106095385,0.2912756436598491,-2.172253103024041,1.002760624143897,0.12085517975751038,0.051423798748574626,-0.8656487646087568,0.4471925343606974,0
0.1367526568796746,-0.9090502712299777,0.291664642158108,-2.1434635501366346,0.9901203783070464,0.17576302384914494,0.051256346064337516,-0.8651187186745936,0.44748194868993707,0
0.13462315603643554,-0.9026486518555239,0.29161226304977567,-2.122032379214722,0.9713133464261478,0.24386266081324065,0.0528238692434175,-0.8662503223985866,0.44536251276726024,0
0.13567199349198525,-0.8997545300854373,0.2891414016664932,-2.1391632161106466,0.9452169655858683,0.30812598929779106,0.05449923180231888,-0.867702127522725,0.44278917046137695,0
0.13773997644285374,-0.9003918370903361,0.28399287990423405,-2.1764796112498073,0.9197547863315804,0.3573874102343294,0.05492107507928276,-0.867672950079201,0.44195864490147746,0
0.13888345705068,-0.9020588591975256,0.2799905617703747,-2.182358837784642,0.8950579997587684,0.3888503073389224,0.05409727126174233,-0.8655464285774118,0.4437824781794448,0
0.1382160697857069,-0.9036699092051661,0.28091645425061823,-2.1322787180989633,0.8643623657811887,0.40653157152195885,0.05287064577463757,-0.8629453211254924,0.44734099438419844,0
0.13647207637576184,-0.905182035687064,0.28598765553054223,-2.05313840098359,0.8320955960862383,0.42123888853560343,0.05188094457451752,-0.8623163057930766,0.4506763958403395,0
0.13521138697193932,-0.9061682377178794,0.2909663731626995,-1.9836601239183584,0.8151801467276852,0.4468687182879749,0.051402071393254666,-0.8641136442688463,0.4523998166167173,0
0.13542857132373914,-0.9063249959452513,0.2926819199369686,-1.927018913134093,0.8191348675902832,0.488391020567508,0.05160045977708376,-0.8662229599335881,0.4525363558089349,0
0.1370537724108979,-0.9061421517676361,0.2914013654895195,-1.8558199246544926,0.825170810351242,0.5330589996406107,0.05221397543551093,-0.8666103671511318,0.45196697841628547,0
0.13906963039524073,-0.9061763327579144,0.2894708169653614,-1.7599596488332436,0.8139415829924428,0.5589258397014981,0.05233018984606067,-0.8655781974569797,0.45154631994039857,0
0.13984696621448284,-0.9064477260990835,0.28883480333258077,-1.6748059197551988,0.7943322725855044,0.554381757891116,0.05138029504031926,-0.8646799835239777,0.4517129182430485,0
0.1386154637859598,-0.9066904927693654,0.28994303098820234,-1.6514008369552255,0.7930329779451806,0.5289121285863896,0.050244102858201994,-0.8643647137188433,0.45234470092898715,0
0.13696743519041685,-0.9063668164976457,0.29188147286855154,-1.701813511762116,0.8190136332503815,0.5044626666814456,0.05045992363440551,-0.8639152724963318,0.45278623100382087,0
0.13728263934818216,-0.904840388142223,0.29275529397366584,-1.7842043874058844,0.8513374805991547,0.49505426212920006,0.052211892266199905,-0.86321773030981,0.45233949958746217,0
0.13923648434963473,-0.9026536285725475,0.2910665391064246,-1.8448966967904041,0.8604252364596865,0.49550132069367,0.05388494541812231,-0.8631648120531324,0.4510218099128499,0
0.1396326317255765,-0.9018005118176617,0.28796111770936855,-1.86771544483484,0.8360691394027255,0.49296851103078654,0.05392490378269612,-0.8641867176166119,0.44977748538149837,0
0.13626576818030325,-0.9029750588654138,0.2867614953140347,-1.8749779392020356,0.8000106100368515,0.48548745902411455,0.05254990485661997,-0.8654670085437125,0.4495615554312641,0
0.1305323972950638,-0.9035083754405048,0.2887547033962947,-1.8869797051275197,0.7908721198741151,0.48039703862367306,0.05121848787843657,-0.8659174877112354,0.4501617146099705,0
0.12571835652554708,-0.9006689177966114,0.2913404759525516,-1.9001716121092858,0.8285125952899551,0.4781498383106239,0.050856802096939976,-0.8652065060939165,0.4504932187806605,0
0.12375637416296151,-0.8963876798008524,0.2922908392247666,-1.9123935504143148,0.8965272789340567,0.4701973265605358,0.051129803583706515,-0.8636798814582775,0.45017107043286936,0
0.12426365310448649,-0.8953479685037159,0.29347495674871543,-1.9446558280101574,0.965595558751594,0.45254104560681213,0.05122355721128839,-0.8620764044459504,0.4499855460852167,0
0.12603747134045495,-0.8983155157146988,0.2975095014738071,-2.0096714614853233,1.0230669352771025,0.4310069671983847,0.0508041613787986,-0.8615996457510109,0.45055445193716537,0
0.12832957312236676,-0.9010572181291531,0.30238268758248543,-2.0727040825741625,1.070865108464797,0.4138118130144364,0.050170473357753056,-0.8632651365307116,0.45142240587981664,0
0.13055223040076502,-0.9008347678370306,0.3027692276999881,-2.080417093733149,1.1081345436325247,0.40646560658954434,0.049788367090710335,-0.86634469577272,0.45197476237683437,0
0.13202621203708567,-0.9002679037277337,0.29672395656733586,-2.027652863931394,1.131394810692588,0.40997073547286433,0.049781303565888266,-0.8681751850501055,0.45236678263044466,0
0.13279700009875284,-0.9025365799618726,0.28852170235899943,-1.9637213480166076,1.1467125755885046,0.41633034716400336,0.0498441136503532,-0.8666353261097807,0.45287033705789176,0
0.1337924639292908,-0.9057854803895696,0.28398338303882825,-1.9301636337910542,1.1690753556752935,0.4122350321491077,0.04975754075899452,-0.8626566222953115,0.4530165102581344,0
0.135462317045309,-0.9057097658859754,0.2848006705858202,-1.9189249743196286,1.2072121720916356,0.3958891823543165,0.04992518372102478,-0.8594692931380283,0.45222485881156926,0
0.13717701689900305,-0.9022000167513411,0.2884740041896621,-1.896406449297304,1.2527001141150385,0.3829023852187871,0.05107307984168234,-0.8593644652986375,0.4509356889058657,0
0.13851887987914255,-0.8999286173343354,0.29198232431499793,-1.8504618043534733,1.2856444272435108,0.3876897230467925,0.05332967847926778,-0.8617650714068289,0.4503587357474961,0
0.13975763913213482,-0.9023380931609921,0.2938127312606815,-1.8079807480318748,1.2916937923957177,0.4081057855464501,0.05583076690713901,-0.8644393484451361,0.45103494184321996,0
0.14036079397213488,-0.9074880915106835,0.29366793017835824,-1.8090669381890077,1.2755859525929154,0.4342767804564775,0.05733181335758852,-0.8658696046189152,0.45204008219359804,0
0.1390487227160281,-0.9105239555238835,0.29221702473882316,-1.8595753170508795,1.2590448386066055,0.4592583936177718,0.057179956988684576,-0.8660651080491856,0.45184567214430255,0
0.1364200552426547,-0.9089967659310725,0.290879325379116,-1.9143903797113426,1.2618424273882844,0.4737067245366656,0.05581126082546783,-0.8656416449646346,0.44999023458567405,0
0.13535609404467616,-0.9049316957071937,0.29057564571634126,-1.9255991893426556,1.281873659069725,0.4651191854520718,0.05443619969318777,-0.8648770663124347,0.4477847321753418,0
0.1374436434621582,-0.9019340801334401,0.2907927263544021,-1.906555914822323,1.2986715921579564,0.4337417963621693,0.05409433628100855,-0.8637437504149471,0.4471056874179153,0
0.14063429060598961,-0.9010589147166899,0.2905356468752152,-1.9256608499592018,1.299881802015168,0.39990401657185304,0.05473842178672686,-0.862420369950551,0.4483621550120804,0
0.14160760003296713,-0.9004475982331043,0.2898380254202788,-2.02908620895031,1.2951601165096793,0.3860944010291949,0.05524742000304235,-0.8614219010337975,0.4499515973432426,0
0.13950556508710407,-0.899144501456958,0.2897282685554805,-2.185715389901098,1.2974833327124158,0.39565245200854465,0.054610014842248276,-0.8612821229295091,0.4500866041281546,0
0.13653639866496348,-0.8996620548789832,0.29100678700929417,-2.3143987755629705,1.3014630986973932,0.4124398808874739,0.05314213437038262,-0.8624865664280978,0.4489508319420322,0
0.13517092562219044,-0.9049454352059233,0.2935257765251202,-2.350350018827813,1.2897610082776159,0.4163744411427999,0.052230549415127454,-0.86568892459051,0.4485123899729862,0
0.13524349491044313,-0.9133555481359628,0.29631048279923283,-2.2797033253458547,1.2533025984820507,0.3968218598662683,0.05274228611611165,-0.8710067125749454,0.4501918692288398,0
0.13430556414281006,-0.9188997035843848,0.29780346890477777,-2.1295948281740373,1.1986352670872273,0.3588397364473301,0.05397093486251253,-0.876474880822303,0.4531400848243026,0
0.13101211010310826,-0.9170675925953126,0.29638668940749324,-1.9460844806155593,1.1439829347098927,0.3261677268650537,0.05439818937063291,-0.8784156561771033,0.45491429267320127,0
0.12734622142402724,-0.9089237235715644,0.2919730034271274,-1.7822033448875252,1.1124884326335935,0.3329105860885925,0.05336038309502217,-0.8747678547739158,0.45372425833375596,0
0.12648495560174575,-0.8988837326527189,0.28742103605947317,-1.6924634056636128,1.1180008800217303,0.39360633644303006,0.05165281160799529,-0.8674428051413798,0.4501702622116492,0
0.12890250287806515,-0.8904007388793787,0.2865421604805057,-1.7225625963849092,1.1506993905748468,0.4765867250328131,0.0504634392818579,-0.8603428339398675,0.4468865416843195,0
0.13191705505287707,-0.8851694021579719,0.2894001882677619,-1.892381752669079,1.1844326465893908,0.5255373729902426,0.050127603412054356,-0.8558113035725133,0.4462152114084939,0
0.1330343362757684,-0.8844998487747852,0.2915127484565813,-2.1815767209715458,1.202166354076355,0.5188366690381901,0.05018143527515121,-0.8538872451768933,0.44814144959929075,0
0.1323221531257504,-0.8887118114624016,0.2896159600708211,-2.5296136395416955,1.2081237235589155,0.49243916883969746,0.050237240223078156,-0.8539794672832561,0.4507314260033543,0
0.13115555230700365,-0.8955090443525827,0.2862733612367902,-2.855512733212112,1.2146643583582057,0.4906389619681239,0.05040627957416928,-0.8559626977784421,0.4523061678948301,0
0.12999791612306566,-0.9011347791174469,0.28631716910328514,-3.0899176596323272,1.2245904546606143,0.5079963821049194,0.05098839078536455,-0.8599562025185393,0.4525883047381033,0
0.12849673097811598,-0.9040006403181389,0.2903289917202383,-3.1986100117193828,1.2275625039848246,0.4973871916519203,0.0518995434451436,-0.8657909612493602,0.4521825822710332,0
0.12718774916791412,-0.9064617263970811,0.2945470696844503,-3.1803029759592745,1.210174642931917,0.4280315302288529,0.052426704234605485,-0.8725912829275104,0.4520809554804599,0
0.12769943268352732,-0.9120984415577107,0.2964548052296987,-3.0494330380125616,1.1714040419445662,0.3211630698340212,0.051785759407052455,-0.8788965965103487,0.4535028062724865,0
0.13068101647876776,-0.9210979816101034,0.2975215390964109,-2.8294372786307096,1.1319691160124274,0.23393142208619153,0.050051977618929454,-0.8837903755101517,0.45686494631325725,0
0.13425499393668822,-0.9290335302657753,0.30006723453778505,-2.5567273179665015,1.1250111964276062,0.21915437349809697,0.048215710701905445,-0.8876015765548256,0.460592123619485,0
0.13557587214060038,-0.9308158937141078,0.30368931722660425,-2.273604988422016,1.1711042979930497,0.2924311022657136,0.04715151193773989,-0.8904425793041119,0.46194420993929547,0
0.1340234337333214,-0.9255522211660552,0.30599823750286653,-2.010629980204156,1.2631582232273064,0.4225846403760809,0.04690714317469523,-0.8905461123875619,0.4595112108842175,0
0.13173318250485566,-0.9169814006729687,0.30564373481321083,-1.7856853161168087,1.3785666862362422,0.5541376860263557,0.047168927250610324,-0.8857729881850502,0.45443029113407407,0
0.13035875823528031,-0.9095317352633814,0.30299668367084903,-1.6253187532177424,1.497338058797625,0.6470033355341773,0.04794123972136643,-0.876859164249834,0.4489504722091849,0
0.12884714936358763,-0.9048083813887734,0.29850558902407226,-1.5717439175327281,1.5965705556349128,0.6948473633916723,0.049381049363978656,-0.8675579595018948,0.44430523300711006,0
0.1257938307174607,-0.9016416816996803,0.2926518498376185,-1.6495555550969576,1.6358847487702983,0.7102519626799606,0.05109806204761857,-0.8610757007644161,0.4404209634871636,0
0.12247961691577874,-0.8983322381525929,0.2872402625966457,-1.829329691787297,1.5735570559374148,0.7072861351276591,0.05192558491677954,-0.8575107729358629,0.4373963879693721,0
0.12174693981889347,-0.8944487904853562,0.28392897613977597,-2.0452031132244866,1.4095762880438936,0.699038974825573,0.050787091647178276,-0.8551424377843753,0.43636793340717456,0
0.12461568621398857,-0.8910298353735826,0.28187606101139956,-2.2547828505539123,1.2029014203392723,0.6942465500390907,0.048070369320761516,-0.8530238885374567,0.43833886114558573,0
0.12905867718574032,-0.8893733870180354,0.2800423810379934,-2.4673736619432596,1.0325115069321134,0.6895321741282103,0.04572110522847854,-0.851621222019571,0.4425947090547983,0
0.13168057570210742,-0.8894938418653786,0.280725854081375,-2.70702691576947,0.9394253614579081,0.6738982914007213,0.045353513217926265,-0.8516841459023595,0.44708455628541277,0
0.13055668109400606,-0.8898733439637543,0.28661450041853687,-2.9647155932145135,0.9105281874976179,0.6417388551482314,0.046527421310462766,-0.85330290835356,0.45034352956341417,0
0.1271755811882304,-0.8890670054033337,0.29522333067198486,-3.2017763604594505,0.9132520833420738,0.5954461408991214,0.04749406004876041,-0.8559316774786478,0.45243860415784387,0
0.12539751770482194,-0.8873679472424401,0.3005766138473412,-3.3883328257076712,0.9326005101612553,0.5404082323756979,0.04730114477548465,-0.8587798481173268,0.45414370981195973,0
0.12759311823486716,-0.8864894444396013,0.3000865550474966,-3.519535631934329,0.9730839211489415,0.48483847646655537,0.04646792600115925,-0.8610261275060245,0.45598148552276957,0
0.13179393576646328,-0.887862539506496,0.29660532814602064,-3.6034461152867117,1.0404651185896254,0.4377616578535559,0.04594437211120291,-0.8620110878948277,0.4581318083580859,0
0.13335665361085594,-0.891379979771073,0.2941006009113289,-3.656940882232382,1.1332770723256647,0.3995252441851852,0.04618940059936822,-0.8615287697238162,0.4603542851653286,0
0.12976821992514936,-0.8952314595157083,0.29350595274691876,-3.711111510895581,1.2442257555692564,0.3624114518129834,0.04706669434375797,-0.8599342638163376,0.46160934626578776,0
0.12370572923060724,-0.8971380507460261,0.29288457702427584,-3.7968593133761437,1.3564326321984503,0.32933275827779246,0.04801919199935967,-0.858012956654644,0.4605759458393855,0
0.12099538177695524,-0.8966272623421089,0.2908595097939205,-3.918577450108216,1.440695390410415,0.3223601703945051,0.0484355619807498,-0.856722820548905,0.4572403555732003,0
0.12497366099903076,-0.8957061956171835,0.2891135488800071,-4.055762116688552,1.4706253928222957,0.35945769914041603,0.04813580240941308,-0.8566211078102844,0.45359234887089517,0
0.13269219015152534,-0.8963421715026245,0.29021157449768453,-4.1945689118426275,1.4450764103215201,0.4271024256902181,0.04736961484681179,-0.8572276850430398,0.45202061839467966,0
0.13721750563560312,-0.8978669488484942,0.2933221748053518,-4.344088807690726,1.3878358143050666,0.48842895570844685,0.04643750650105301,-0.8573528897758826,0.4528155685834223,0
0.13425229057734483,-0.8979312702480453,0.29459926993246627,-4.513906868309306,1.322830264232456,0.5194504530331066,0.04571837846342601,-0.8564954880404326,0.45369974350891645,0
0.12647577043902886,-0.8956229891124047,0.292131790790316,-4.687430547455812,1.2567261643521448,0.5287739939889571,0.045769031988891415,-0.8556193191243907,0.45242430121974836,0
0.12088979282215366,-0.8926944957515485,0.28810172108928933,-4.830314482147699,1.186192291371278,0.5389785966344826,0.046665005857507824,-0.856081504293413,0.4496208419049361,0
0.12188867255228136,-0.8918086337452963,0.28582233870463863,-4.922333108869742,1.1129958353185085,0.5573964626844872,0.047496795322692735,-0.8580131118532008,0.4480234770853999,0
0.12762229491430283,-0.8942008686334756,0.28690648916861083,-4.972627453215924,1.04978124877883,0.5731697213151199,0.04736975598776913,-0.8602324755243665,0.4487335555285123,0
0.1330899911537469,-0.8989060498365117,0.2912597650980381,-5.005311946246271,1.0165819877937947,0.5759387462303754,0.04676000983112032,-0.8615974812208387,0.44977360831008,0
0.13544243000533604,-0.9034968270003881,0.2970919001416979,-5.038122898511636,1.0291594857736317,0.5644782272414548,0.047064154480659884,-0.861989274329624,0.44904079914580003,0
0.13555931073220148,-0.9055734365011645,0.30033417468725965,-5.074661197905194,1.0820695538875258,0.5402169204658276,0.048797352507778884,-0.8620857118860639,0.4470882388748394,0
0.13558693018130938,-0.9045057526241542,0.29711752224722515,-5.107115618108509,1.1430164079904468,0.5073626630109298,0.05089957707301638,-0.8625900313200899,0.4457840960262888,0
0.13630728722143204,-0.9021065608212591,0.2888965548620033,-5.122638839710308,1.1730274828638008,0.47987226538446043,0.05199616454930376,-0.8636588336236359,0.4454938308523416,0
0.1370048895612353,-0.9009396444683646,0.28298560481189017,-5.115077076583475,1.159236169261201,0.47321840431221823,0.051899516727149916,-0.8648055122017843,0.4450716955661615,0
0.13715773360890143,-0.9017959396524894,0.28536756274051484,-5.094849248685509,1.1248932516261085,0.48467001732023096,0.05151973452596592,-0.8653741710346374,0.4440378534138706,0
0.13733879417144554,-0.9034255810472291,0.2938122601163775,-5.081751675543996,1.10103369707961,0.4926089809107548,0.051461146829246074,-0.8653347439362279,0.44331603225904487,0
0.13782192488362718,-0.9045503778096857,0.30016847162657806,-5.08450594111553,1.0922921217619552,0.4812942351315343,0.051266001566736025,-0.8655859786584204,0.4436616180127217,0
0.1368874810713046,-0.9051531454493397,0.2988848069404875,-5.09137217932082,1.0794795304279532,0.4591137040927588,0.05038926029437869,-0.8671281261960405,0.4444522423417748,0
0.13221964573094003,-0.9056944138957712,0.29144856502508876,-5.084124413310419,1.052163331956587,0.4442702289726883,0.04940319077596719,-0.8698723695863767,0.4446655326995673,0
0.12481837075812313,-0.9061957392906109,0.28330342436230765,-5.05760666959394,1.0254732360997492,0.43665470325718336,0.04932413792013029,-0.8726608318450911,0.44443183800006253,0
0.12005215332700706,-0.9069611756610629,0.2790011986874604,-5.020617103557091,1.0218820743756178,0.4169256851165871,0.04987597902411527,-0.8744984816135514,0.444846599906481,0
0.12268328332840821,-0.9093290724427069,0.2800769696335944,-4.979254087827477,1.04770983770006,0.3752668461339837,0.04962848088488115,-0.8753574617125165,0.44633401041512977,0
0.13094863006098975,-0.9139912915617412,0.28474712009748404,-4.926330283515811,1.0946032015575904,0.3272176304248898,0.04819195548667722,-0.8758700324203648,0.44779803521005385,0
0.13758739193648029,-0.9188613946890998,0.28888161421181224,-4.853591239908699,1.155912630851449,0.29486919489134017,0.04708606914113192,-0.8766743296316611,0.44780888326013696,0
0.13737218171808085,-0.9207555002091888,0.2891839172237134,-4.773870662283376,1.2333682501490166,0.282135339416346,0.04775011259409232,-0.8779532944277765,0.44647257228228376,0
0.13227299881264415,-0.9193835209076516,0.2863986159683448,-4.718581327466964,1.3318568044168917,0.2731080441178204,0.0495963628644061,-0.8793103234717909,0.4455030730583085,0
0.12861250240702057,-0.9175190044033132,0.28448681002691156,-4.701802239027051,1.450546770315433,0.24836135220748334,0.050817370449593446,-0.8801732094776057,0.4461164411910623,0
0.13018903121286673,-0.9168639173885292,0.28598779914028416,-4.696661213261273,1.574305288566774,0.2027723038571169,0.05056571176607222,-0.8804232741515797,0.44734630154830135,0
0.13494555555993876,-0.9160916622444409,0.28884123347790275,-4.66313193182844,1.676288126022032,0.1538264175790169,0.04958415530722055,-0.8805188555836725,0.4470831478356264,0
0.13786147230367218,-0.9138855675577885,0.28890118883673455,-4.592683840236135,1.736523971616634,0.13127275747117065,0.0489342824502597,-0.880826411287023,0.44455291445591155,0
0.13611645027331726,-0.9116797379686774,0.2856018938190705,-4.51178644644904,1.7546416336717445,0.1523845344392108,0.04889294780656535,-0.880771746873973,0.441081229608084,0
0.1311835471654926,-0.9116703974526181,0.28322974086642494,-4.448235674634592,1.7390402223753392,0.20500249919697866,0.04922407040466606,-0.8790428467974524,0.43852575110679615,0
0.1268254186962476,-0.9134767183930645,0.28492382592671894,-4.4080302229767305,1.6925521510234265,0.2547814597244828,0.04974454426838824,-0.8752271048144216,0.43763905961511823,0
0.12586146768046935,-0.9146256500137084,0.2872950680960141,-4.383541126735367,1.620241910922468,0.27197296621741984,0.05012075817502754,-0.8710582389925731,0.4379740351777104,0
0.1283369152705523,-0.9138094360363949,0.2845939552920939,-4.372029642144735,1.5448817043154497,0.25760100497356475,0.049785898916379884,-0.869085227712981,0.4387896706280805,0
0.13190270639709703,-0.9121606284966152,0.27759378899299486,-4.37719964695381,1.497886108321131,0.24446339141750908,0.048754537558833445,-0.8698465818310392,0.43972486574007325,0
0.1338224240644482,-0.911435225959941,0.2737864657958557,-4.393812718330922,1.4922254526058654,0.2670770441849641,0.04791629314051197,-0.8712632810067925,0.4407102975264307,0
0.13298556997201968,-0.9120957380506363,0.2777390058535837,-4.401648721505826,1.5152184338267543,0.32904975138425746,0.047807587082195145,-0.8712172933300681,0.44163464606215386,0
0.13040475994893366,-0.9132271530782711,0.2853126876490285,-4.382019115036745,1.5488758040297534,0.402238404846646,0.0477749761973744,-0.8697688241303941,0.4424165783581379,0
0.12801192248147894,-0.91351871908229,0.28937552945642053,-4.336402154622573,1.5866080727960805,0.4567768318224177,0.04716009141324646,-0.868372844255808,0.4430838732632998,0
0.12704834278363636,-0.9122185841109848,0.28816247956673097,-4.286163224517975,1.6295009488728116,0.48834600049097154,0.04666288098727792,-0.8680306574588552,0.443417978712129,0
0.12763050201510076,-0.9094944792113705,0.2856080036605909,-4.256883220558008,1.6779446662125266,0.5145792577123794,0.04755740352886652,-0.8689175762960972,0.44297851868209775,0
0.12928146297871548,-0.906050982046677,0.28530743240418976,-4.260640429593601,1.7326380671143953,0.5477774861188235,0.049767426052759994,-0.8707894948287714,0.441843142605428,0
0.1309880074131971,-0.9028097330232843,0.28659419597357694,-4.290044700509985,1.7982089516379172,0.5782025237325853,0.051544183427000956,-0.8727295978903644,0.4407553001412834,0
0.13130943334059436,-0.9010967069994482,0.28631282812479936,-4.332446062742921,1.877962810428361,0.5878072423527688,0.05132588321982637,-0.8731752829022799,0.44023085955213204,0
0.12977607874145586,-0.9021214486182791,0.28313929181132075,-4.386804878737101,1.9620043295440537,0.5754343532381997,0.04953946200622857,-0.871502957444984,0.44006549680983176,0
0.12771718967214862,-0.905307541173743,0.2792732510371044,-4.455079960165596,2.0240928060726335,0.5619778325254401,0.04816924557095134,-0.8693416234842223,0.4398979326192992,0
0.12660658642787814,-0.907812571533594,0.2775034824882405,-4.520240730800378,2.037099503899996,0.5697556724776034,0.04859647339679466,-0.8688053749080376,0.4398270859891833,0
0.12624085733475032,-0.9071040262377229,0.27786637857203283,-4.553972500657457,1.9953966246347823,0.6003117474504002,0.05015087198553087,-0.8694507018939753,0.44040045695537355,0
0.12522501274114053,-0.9039812221887257,0.2788931242273111,-4.553704594461555,1.9211394538101192,0.6356142728287791,0.050833351315059734,-0.8688690956126038,0.4420727265624769,0
0.12245461378585881,-0.9017324026061793,0.28084647654053235,-4.552147277982185,1.8472672676322157,0.6584740113871222,0.04925085144586664,-0.8665601929074089,0.4444182576114146,0
0.11802935231067356,-0.902223429397319,0.28486057086337563,-4.574509235205609,1.7949290999602012,0.6681475364092914,0.0457499182015409,-0.8650007146675193,0.44596143473186356,0
0.11385486826673102,-0.9041194095844983,0.28934643292331047,-4.6024826872535485,1.7663046029289113,0.6808941488937246,0.04188742435061675,-0.8659554718592354,0.4453487028818928,0
0.11304255674103537,-0.9049590246152555,0.2905191016650795,-4.603255016709274,1.752027919687708,0.7197955690458971,0.039158790094463505,-0.867694734839159,0.44282934743770525,0
0.1168816363126711,-0.9038446756345382,0.28726989936833586,-4.58499701397102,1.737855956535799,0.7961182579503082,0.03827524862501756,-0.8674539980751641,0.4402166673862647,0
0.12229616009140987,-0.902066249700246,0.28290477291723526,-4.598303734123294,1.7102480610593584,0.8940975565179544,0.03913907654947718,-0.8655074061700415,0.4392162344400752,0
0.12434870523956067,-0.9014794395398654,0.2809385531882943,-4.680392425207766,1.670897739960346,0.9802948035012398,0.040953811398358804,-0.8648761221981567,0.4399304279963472,0
0.12199675582418039,-0.9021757377978653,0.28147433239412484,-4.812062443034845,1.6463858126459872,1.0326329061286477,0.0425671532023004,-0.8670872183559967,0.44107473908628836,0
0.11946000985314947,-0.9024312650283872,0.2830318953729318,-4.932940215274397,1.6684643470539966,1.0562652454370642,0.0433685047797364,-0.8700262069442678,0.44145411486341846,0
0.12056237578978889,-0.9017026087719134,0.2853640437321933,-4.995813165946935,1.7378832324036224,1.0705030449525474,0.043834962995036315,-0.8707742378017913,0.44100315938947876,0
0.12348425367727528,-0.9022841677549843,0.2880411708146754,-5.008160425728708,1.8140929130648307,1.0867249499228648,0.04464411910931848,-0.869293056415554,0.4405015096194578,0
0.12335445818007822,-0.9061895112383784,0.2884116237524087,-5.020724924110845,1.8473079720727354,1.102996970932669,0.045361050215929385,-0.8682338845670979,0.4405590620711445,0
0.1191801976938353,-0.9115824280596444,0.2846556042401854,-5.075296584173379,1.8221323137288103,1.1156364773532819,0.044710473977548015,-0.8697418296208507,0.4410294015693046,0
0.11564931594853703,-0.9147431455973746,0.2799463872291732,-5.170512609714362,1.7678869220245241,1.1266707498086823,0.042368385455325,-0.8731508453596427,0.4414910673472274,0
0.11737994789526976,-0.9148356809698441,0.2795462684199899,-5.276778727096795,1.7264630764499302,1.1374048772377736,0.039935191655726884,-0.8756754832685364,0.44213000621208215,0
0.12282572575296247,-0.9140399848099828,0.2837299934921291,-5.367033821013756,1.7148625134286446,1.1429026475566875,0.03940335993761092,-0.8753906782707972,0.4435362298252582,0
0.12542914304201727,-0.9134749777133487,0.2873169597894569,-5.42761538321639,1.7194623098895618,1.1391537253143342,0.04064865369231685,-0.8734621062743378,0.4453448052704033,0
0.12111592150880529,-0.9122591537288932,0.28661303684256223,-5.458261647479499,1.719460392064197,1.133374634450996,0.04135407682163989,-0.87282032952575,0.4458681400798879,0
0.11336926538054619,-0.9107975886283781,0.28357848072280684,-5.476946314453746,1.7111009401071196,1.1437718628816451,0.03982211316302484,-0.874822717986539,0.44400576553001986,0
0.10927729470021547,-0.9112812514891543,0.28250122412135037,-5.515093343123118,1.706404877378545,1.1847978480384234,0.036910626551226726,-0.8781884705024936,0.44112059532280423,0
0.11103699732692628,-0.9134376887295093,0.28496329856510627,-5.590164820559382,1.7031080439786512,1.247454114181153,0.03460716309107886,-0.8809201578277313,0.4398869062581186,0
0.11375172595979866,-0.913098434889812,0.2889035517218433,-5.683677697202755,1.6614155168996432,1.300188271658314,0.033587663348279395,-0.881960322692063,0.44135061238935624,0
0.11223837665640983,-0.9076279326255614,0.2913457827031173,-5.761183707537492,1.5295074775169852,1.3213908581982907,0.032886059320587246,-0.8809403369970749,0.4441195244386782,0
0.10755375852062406,-0.9005197971324517,0.2911439427825302,-5.816597316997145,1.2990536762682194,1.326409093552006,0.03142843168932511,-0.8776314743698573,0.446163141959857,0
0.10498559249796645,-0.8975346622604149,0.2889937285631559,-5.886005947366454,1.0224670382513312,1.3485340742138048,0.029301458221924395,-0.8724022989102902,0.44626112470780016,0
0.1070363114759245,-0.8995527277025605,0.28556511777218846,-6.01767349025163,0.769958737556764,1.3985250765466348,0.02759700278381521,-0.8668200653590762,0.44417559623551806,0
0.11075591482075478,-0.9020315209141184,0.28144681699394497,-6.240608976175239,0.5807582189742249,1.4578853650715637,0.027260644233664776,-0.8631620623400478,0.44081266382978723,0
0.11210752828094973,-0.9008886574048338,0.2790727838700095,-6.560648983656601,0.45584566265659116,1.5060393087633264,0.02830037897722014,-0.8630519746537789,0.4379951379628063,0
0.11108681868677295,-0.8970952732385311,0.28150069378623116,-6.9612962547499215,0.3793809231595118,1.5379749407069263,0.03025561911350439,-0.8664959578154248,0.4370906125386181,0
0.11146261770052653,-0.8958377873167755,0.28740093370206193,-7.384106827252382,0.3413485147633477,1.558080826516266,0.03310229386546944,-0.8720723468315476,0.4380281316231567,0
0.11621549815727336,-0.9014145794302367,0.2903341276429039,-7.717031995017294,0.3542432594357729,1.566465253287955,0.03706414665723568,-0.8778531004809732,0.439885792905282,0
0.12405287874519669,-0.9121131736882584,0.28596040316084265,-7.838661221249133,0.45328205426319323,1.5471101439618842,0.041576210701499604,-0.8822689751490981,0.44172674287385183,0
0.13048109666102753,-0.920910884902505,0.27790501600790046,-7.699940298724518,0.6673277027829647,1.467803284434138,0.04530101144280796,-0.8845516549985042,0.44271416977602396,0
0.13232223724464334,-0.9225941265762136,0.27363729900230427,-7.362139495419405,0.9811991276706911,1.3034444742335383,0.047576938575199845,-0.88470645219581,0.44233892467057273,0
0.1309373532000356,-0.9190108493618532,0.27598382162520513,-6.955242324916852,1.332617925482245,1.0655641208781137,0.04915221045836813,-0.8830978337140163,0.4408391383181612,0
0.13037013745630993,-0.9157222882078779,0.2812412490797402,-6.611491551469512,1.6545836230114135,0.8059013009960233,0.05095047843453698,-0.8800099668637851,0.438791816161627,0
0.13244111870225128,-0.9148933303961654,0.2844572275582574,-6.431234132609393,1.9233733365855201,0.5904965556772682,0.05271571685552779,-0.8756855832916652,0.43636618799528776,0
0.13479422378659628,-0.9138106920590989,0.2838790840952652,-6.471100810584308,2.1636558023892287,0.46632964887905576,0.05348223667285366,-0.8708425309768486,0.4336098773603123,0
0.13419572719389103,-0.9099209644446694,0.2806395691703137,-6.727217095343235,2.40751604104945,0.4404326196871148,0.052835992163503896,-0.8669092334071035,0.43112406757265,0
0.13043314754624316,-0.9048973048964539,0.2765695637336635,-7.128866761072589,2.6577389230160278,0.48209839148063893,0.05102534210367065,-0.865340747617383,0.4296472725862879,0
0.12586934905167715,-0.9028399004740687,0.2730902903681283,-7.569497405573815,2.8994306908333294,0.5472694538971171,0.04832383112222929,-0.8665348848323755,0.4292746475255613,0
0.1224919124801686,-0.905771022425584,0.27119296157955086,-7.956063686184788,3.135357996264026,0.6085455508539759,0.0451337554176338,-0.869592771758869,0.4298371639902017,0
0.12102150379921688,-0.9118841501263578,0.27140096927251584,-8.227597176780602,3.385414474626254,0.6691404392215623,0.04241895366650315,-0.8733324372133738,0.43165348290300143,0
0.12164225745243876,-0.9175149559778549,0.2730775429922123,-8.336501756816885,3.6479818144866094,0.753860072658621,0.041105129450381556,-0.877405555816501,0.4350200959175753,0
0.12360067753619539,-0.9202581049435813,0.2742031590035753,-8.248990269807795,3.8831087752317286,0.8912566235028845,0.04105505614144343,-0.882061273038006,0.4391844995983498,0
0.12491910997521442,-0.9208841899178171,0.2732284541287189,-7.995934650117635,4.047570242811802,1.1045592934561796,0.04139259304819503,-0.8868574422844409,0.44258317638946504,0
0.12438793759177724,-0.9223706402406084,0.2711477370435327,-7.704860481988534,4.140457585630756,1.4115779679446832,0.04185694233635473,-0.8902547750209245,0.44398916098214714,0
0.1235368386966492,-0.9259800539237816,0.27031698966932144,-7.531719523408172,4.208001240256098,1.8212819549752677,0.043040036003968926,-0.8909152392690814,0.4430727067817518,0
0.12511995519667635,-0.9284191121772507,0.2714061343600002,-7.5421997529222695,4.307260692071786,2.3227632217018024,0.04510917289670869,-0.8890664628034983,0.4402632567486604,0
0.12956785459113998,-0.9247490894178606,0.2730727584212345,-7.67851505591341,4.4683459727750146,2.8753560121624844,0.047144846137851366,-0.885975421329215,0.4365112133262159,0
0.13432485009765002,-0.9146254259930787,0.2742821058567693,-7.8481909277850095,4.687419277724948,3.4116779462646756,0.04835850983215285,-0.8820071682446584,0.4328957187317999,0
0.13723219910724682,-0.9036669408360128,0.2750610173542482,-8.025118849778721,4.946037364325501,3.8586101874030905,0.0495055010796336,-0.8761160330023664,0.4300736555870071,0
0.13926684855651814,-0.8975337966797668,0.2748888161220519,-8.254360466605462,5.226948520969764,4.166136534563364,0.05228781402042071,-0.8681677942160132,0.42803435521013083,0
0.14286526921475484,-0.8963963195973893,0.2722793825492788,-8.57485197483228,5.510006201923305,4.321165743293318,0.057208750730304014,-0.8609259354403199,0.42633674522886783,0
0.14828885047619209,-0.8966893133516195,0.26697924013659996,-8.955357173740591,5.767101707481696,4.336268071550095,0.0625147568463881,-0.8579785218726703,0.4246334800093399,0
0.15293476341449655,-0.8966691468667036,0.26140659403348254,-9.308032811572911,5.97995267166695,4.234147381811352,0.06578776903533524,-0.8597465096816066,0.4231587949479249,0
0.15453212690345086,-0.8978040410832202,0.25863975821730867,-9.560415733863442,6.165524822045876,4.050130375962567,0.06657599147802915,-0.863036795235263,0.42258739161369335,0
0.15411013787502786,-0.9008735184632939,0.2595293315577053,-9.711536248198946,6.370979167296562,3.8395610776865188,0.06679309066255397,-0.8646733858882156,0.42309353067147165,0
0.1544793970844246,-0.9032035976647804,0.26248607029902943,-9.81635593701979,6.6358559554921035,3.6633680623349725,0.06810218572727109,-0.8643523821487618,0.42368937355212616,0
0.15597127119125562,-0.9016254841563703,0.26509607704403215,-9.923106662343965,6.9621772905611925,3.5577625535308677,0.06960785250886581,-0.8637369145379558,0.422942095325742,0
0.15578834389199148,-0.897347386488281,0.26520511311839184,-10.040039521749037,7.321863080619544,3.521582191918256,0.06902479210935662,-0.863934113847671,0.42037014557452856,0
0.15239995929975408,-0.8955897938382836,0.2617742615546274,-10.159456111679313,7.687629915245058,3.536239892618601,0.06576974405514846,-0.8646481958155449,0.41681086884954416,0
0.14845085799907373,-0.8997735466569174,0.2560882084136835,-10.28768772694586,8.054530220844203,3.5931838757947,0.061891057571885684,-0.8653203167893434,0.41344500974177556,0
0.1476167200651595,-0.9075711457316951,0.2515650759707791,-10.435379433514166,8.435875090062078,3.6945836842795376,0.05980226274988592,-0.8661649146081233,0.4109188530426084,0
0.14998892317251644,-0.9135578197547534,0.25101646254532173,-10.59254603039495,8.843486335325233,3.82997381378777,0.05977359779078334,-0.8677801201707277,0.40957930423038363,0
0.15247087796122025,-0.9148948748979254,0.25391323664993476,-10.732156834596337,9.27268282721975,3.966821660496683,0.060093669471398194,-0.8701211989969911,0.4099469345567648,0
0.1529409299731584,-0.9134671257844276,0.25724615665239076,-10.831736432615134,9.700832949547006,4.0747649836259665,0.0593917622963456,-0.8722574226079589,0.4122199097258803,0
0.1520341170312457,-0.9126993673473008,0.259161596695957,-10.876933708889625,10.093383827937501,4.155374010142849,0.05804655840915591,-0.8732362343183584,0.4154895721915919,0
0.1508772832221861,-0.9136096026265881,0.2603797299470977,-10.858671350905704,10.413338104946506,4.240276322191485,0.05706830074330267,-0.8732049788108615,0.41827254000222014,0
0.14883841227882663,-0.9149166113956841,0.26167882017329414,-10.792546067213458,10.637997853479948,4.361142993703053,0.056439059532366456,-0.8736291898628052,0.419968223706107,0
0.14449339451252863,-0.9159146171388242,0.26216602528769484,-10.729225172393004,10.778050626246927,4.525576710547081,0.055404854272896126,-0.8760118344060616,0.4210976223727115,0
0.13843301782627535,-0.9173202985147122,0.2612638285294826,-10.713828326728688,10.879416227075104,4.717442912250958,0.05393079038490353,-0.8801446425448225,0.42198543533689165,0
0.13395518619563607,-0.9194742196148565,0.26010791822396184,-10.737570150717854,10.99705396767141,4.912021122215583,0.05282043432733914,-0.8841287808125231,0.42205483464067184,0
0.13365892735684545,-0.9215435328407824,0.25931479185813566,-10.754722357864939,11.159855605115888,5.09088988775583,0.0524064896198156,-0.8864455055900478,0.42074737250059885,0
0.13562898290025704,-0.9228524100924662,0.25753788291686996,-10.745706096288023,11.358782234393836,5.249680236837349,0.051917819027767625,-0.887371509499685,0.418414813940385,0
0.13509287376309545,-0.9236906393009494,0.2540971025855222,-10.740289011982993,11.564362778827316,5.397097564426878,0.05030720138712674,-0.8880684969754901,0.4158987416280612,0
0.13028315722167164,-0.9244032770462359,0.25118553106417474,-10.773497272356323,11.74688591064986,5.546103562377681,0.047245781722329336,-0.8890997443915877,0.41375225113322844,0
0.12420119806955127,-0.9246230769497944,0.2512615777911259,-10.835708757745307,11.8817847216966,5.702398380046439,0.04326817099437545,-0.8903083883776204,0.4122013473723768,0
0.11977589773297698,-0.9239011374055816,0.2531572861653442,-10.88015401952217,11.958619036291298,5.859565772421914,0.03942163274342831,-0.8913492250052537,0.4112842006036587,0
0.11617878177665034,-0.9224637996897962,0.25283914371348837,-10.876880824318032,12.004242431631011,6.0055980993779166,0.03683125661518339,-0.891577128932038,0.41053584317677755,0
0.11157605017453631,-0.9208505899356749,0.2481647478152481,-10.846287976929286,12.081501100695299,6.134341641893847,0.035956731798358885,-0.8900629524869179,0.4091417032208648,0
0.10711622525076303,-0.9196106664640777,0.24166657109821482,-10.832443798335989,12.235713441927341,6.252115629087437,0.03591796101983709,-0.8868161003496222,0.40709875478244856,0
0.1060336466710075,-0.9199996536191423,0.23814538576658642,-10.851432580714649,12.444298210000474,6.373986248304977,0.035029704518852484,-0.883718186878458,0.4056664040260043,0
0.10983174271123877,-0.9234115565667184,0.23998978846675637,-10.876178616365074,12.640808825654123,6.509910749256758,0.032419317461728846,-0.8831480994199816,0.4058563175382074,0
0.11663014737909586,-0.9285443788557197,0.24521145450496676,-10.86895568759821,12.7880485535062,6.652460119686944,0.029016750540867272,-0.8855382187505945,0.4069515491825202,0
0.12264395271994477,-0.9307930317104561,0.24958270560122817,-10.820507548107146,12.912373636458042,6.782955014915162,0.026938631443807703,-0.888865061673058,0.40734879579590366,0
0.12479425505396927,-0.9269353711966807,0.2500496371999223,-10.757624889053032,13.066879804065083,6.891465281209162,0.027957728560609622,-0.8906559537515013,0.4065409860929595,0
0.12290252125749346,-0.919738217874318,0.24673661238436906,-10.71874342467864,13.270077176973775,6.982947317303855,0.032204009074389105,-0.8902946890207657,0.40553253482271645,0
0.12000575207105929,-0.9157798856162979,0.24296248564598633,-10.727438428495569,13.482118829911661,7.059350687979937,0.03783860630131883,-0.8892804771061392,0.4053704286899753,0
0.11961708752623063,-0.9186034848713246,0.24276100516256321,-10.790525230174037,13.643468192484969,7.104111030968984,0.04193800303411663,-0.8892075189679014,0.4057356672971617,0
0.12209684869560294,-0.9251337171104074,0.24657571211514362,-10.914520027699993,13.74252742076807,7.093797136653701,0.04231764657034737,-0.8898676105128434,0.40512748579606317,0
0.12462601313138626,-0.9290691406817199,0.24973863717644815,-11.11367726829745,13.841563734837607,7.024927738718379,0.03926484852421968,-0.8899064228998333,0.40237167001020074,0
0.12495694385800633,-0.927383256652758,0.24718937147263959,-11.402190330743599,14.025646713403091,6.9241044885821745,0.03538554383124523,-0.8889503351752317,0.39790462336290205,0
0.12361511816546933,-0.9229821591632463,0.2395240448388236,-11.784119949849266,14.324676240056823,6.828040521998834,0.03305165496040324,-0.8880799346313852,0.3935366088182717,0
0.12185012129820465,-0.9207170114588601,0.2324599019197945,-12.24416032811275,14.693528982990331,6.753630272941487,0.03216233124787215,-0.8882766289225256,0.3909339895594456,0
0.11934127339606761,-0.9219259831408431,0.23036725105052547,-12.741434591785643,15.06983596331478,6.69161070954261,0.031036543437863835,-0.8893135223556877,0.39027058445945706,0
0.11528524817654556,-0.9244185330933066,0.23209870971791724,-13.228725353132056,15.439654054010244,6.631976911204299,0.02893099615892471,-0.890366456385653,0.3901538434000988,0
0.1103664670257024,-0.9267949637575973,0.23336216074160682,-13.692064477360969,15.83755235483542,6.590257239689276,0.02661804614745955,-0.8912316801821272,0.38879089143225287,0
0.10610497058140107,-0.9301331610996239,0.2315804156036843,-14.151671556176002,16.289569729200206,6.600203708453403,0.02479521544760669,-0.8926941505014518,0.38553722979636923,0
0.10298045742795824,-0.9351082567662358,0.2278112537815616,-14.605947829563233,16.770892324969456,6.677974581994438,0.023075932002755796,-0.8956823187257588,0.3815267312676056,0
0.10033089580318168,-0.9398535240139445,0.22501407442906818,-14.998381102552521,17.22450031023698,6.798703969544764,0.02077141526743412,-0.900088565634159,0.3786697396114692,0
0.09771621180982755,-0.9422939268418187,0.225208024070815,-15.266478465617626,17.614479075518577,6.91395078346055,0.017928371571679345,-0.9046107530012957,0.3780899928325378,0
0.09570661258528497,-0.943272525690585,0.22784118612750195,-15.407901892196616,17.95359311030216,6.990465467071025,0.015259954206906333,-0.9078271793529805,0.3795630896872041,0
0.09541953820275853,-0.9452924928334794,0.23045463849982437,-15.474796865544414,18.278026469128726,7.028091362738173,0.013579563090483329,-0.9092208023239304,0.3819424124506035,0
0.09745918038014925,-0.9487486077576085,0.23110347371054185,-15.51697966777934,18.601004816240035,7.0442552745541835,0.013537082314489558,-0.9092467452102545,0.3838114049408935,0
0.10102896209399125,-0.9514931672929056,0.23019029211392528,-15.555194568800006,18.89707655645894,7.047464133425398,0.01509206005140439,-0.9088569823997235,0.38428957640185935,0
0.10364661167045848,-0.9518407912337672,0.22972291802000594,-15.59947733307925,19.12846762823681,7.023102912610221,0.016656021297847087,-0.9088760232960695,0.38379782017684083,0
0.10218936516318737,-0.9499354706403604,0.230973260576858,-15.664118971817965,19.277907434820758,6.941071362669231,0.015743820006996898,-0.909223884753485,0.383803260384847,0
0.09588857951269508,-0.9462841453609626,0.23316625293412058,-15.759073359580011,19.35791148885802,6.782625765341663,0.011779515832729794,-0.9087163594740989,0.38516375580903717,0
0.08883128368089928,-0.9412358771533117,0.23411084628762593,-15.885218457317713,19.402253421867975,6.565111637377618,0.007705822727773595,-0.9062349663375798,0.3866726705678778,0
0.08717137899825847,-0.9363763931908486,0.23190029983760974,-16.04975568308261,19.453888548849395,6.336892046377374,0.007169643007385627,-0.9022658342663599,0.3859659239730975,0
0.09207329077026702,-0.9341612696247286,0.2266903089625815,-16.277480777707247,19.54742842648051,6.143754733422349,0.010214377811651748,-0.8988317973106144,0.3822306834726026,0
0.09760313193037416,-0.9348393854889346,0.2212048409568686,-16.59352133284614,19.686900195483084,5.999070782030691,0.0133638115183897,-0.8975645095388837,0.37741028679077726,0
0.09771268948109273,-0.9352104448797327,0.2187916995041789,-16.99861739412628,19.84072276721721,5.880721774044917,0.013784793988245645,-0.8977989325202846,0.3742917877779791,0
0.09275724581572022,-0.9318059107114639,0.22029042291119796,-17.474948143011147,19.968391605898557,5.751306689724235,0.011444551239012219,-0.8966598747959288,0.3738295148729766,0
0.08667829791078367,-0.9245659304660758,0.22300449213327253,-18.01752848621219,20.054601478752435,5.588088850284181,0.007227993007747151,-0.8914760754162423,0.37459017748982015,0
0.08077690555262476,-0.9165360400754236,0.2233236553209817,-18.658460462609508,20.11796025314016,5.4007917947771285,0.0013061010738171373,-0.8825578184135747,0.37434994370518904,0
0.07368202703820044,-0.9104593634973848,0.220278604622006,-19.4712680605799,20.195304791643498,5.215352734554115,-0.005789028385175278,-0.8732091509520129,0.3720301384338171,0
0.06535651967215338,-0.9062148607980127,0.21591290636668098,-20.550336930025665,20.317764868502138,5.0409620022937744,-0.012374004364496705,-0.8664848416026633,0.36846890314555036,0
0.05762108720658954,-0.9014709185350746,0.21265255150210982,-21.959893690554857,20.482587455536773,4.867318832267046,-0.017366067581438344,-0.8624867900861238,0.36553295575204153,0
0.05152888102250382,-0.8948581857958117,0.21150969641775746,-23.682219952670838,20.63610606461801,4.695340985695539,-0.021864014607983994,-0.8594499910269612,0.36436259362816104,0
0.04672651963797258,-0.8884523745053561,0.21201788596158772,-25.61431370168283,20.700369752744002,4.5507955683110435,-0.02769949682530361,-0.8567806519610448,0.36439108053877434,0
0.042829563411874855,-0.8864173996995078,0.21202287826169072,-27.61674656626188,20.636682694643422,4.45832663544592,-0.034953604838067615,-0.8560325849518049,0.3640685835949659,0
0.039567333773020304,-0.8908065164561405,0.20848133052095358,-29.570694011966825,20.480969897169032,4.416226284308919,-0.041913237326326375,-0.8588981740254557,0.36251619922292677,0
0.03618827571175234,-0.8992718166920752,0.2008835530367916,-31.407438588956314,20.30744372005517,4.407124958935397,-0.04706970659487799,-0.8648650619653041,0.36032701798095246,0
0.032200739788321976,-0.9071790127750607,0.19336548292471722,-33.10792111251748,20.162565172415615,4.423434660495566,-0.050354032183706765,-0.8714217064614297,0.3586523615916633,0
0.028110966400753848,-0.9115189541456555,0.19112377881340598,-34.684743171911286,20.042204937060855,4.4728694644284355,-0.05275430932308078,-0.8766604080821173,0.3577802535970763,0
0.024312266604040365,-0.9128247495252318,0.1946168187862304,-36.15726041963556,19.92609544463688,4.566455468097059,-0.055385808345373135,-0.8810487983203464,0.35697104345144653,0
0.020019894199039823,-0.9141536623650891,0.19888224739753804,-37.52685428668226,19.821239631536862,4.7095542121899845,-0.05864695686427179,-0.8862296271018397,0.3555437005793419,0
0.014703551999192018,-0.9186886772472921,0.19891274270441492,-38.75645153347075,19.767130746213695,4.898105152448875,-0.0617307216097594,-0.8927685525176985,0.35362925714288657,0
0.010069425839127837,-0.9275596117994,0.19473843799870777,-39.76401839256448,19.800442362243256,5.112546371325152,-0.0632398028631843,-0.8996389176222387,0.3517294550240946,0
0.008820074433699532,-0.9388119276109369,0.19078740284208964,-40.452818718654505,19.917385576541204,5.317942403035299,-0.06276054666957424,-0.9053502380017524,0.349975431699393,0
0.011294126705363033,-0.9486394288454989,0.19063332236772804,-40.780261794118786,20.075860687124152,5.482418703872467,-0.06148239021558734,-0.909206179526796,0.34815822764878634,0
0.014992828337353326,-0.9546428583876448,0.19286362700749254,-40.809700609436725,20.23637634942317,5.598069191004866,-0.06075154283069407,-0.911858181145856,0.3461366517488261,0
0.017648662296422847,-0.9576667565910062,0.1925060369927631,-40.68482911732608,20.39341122670326,5.6792769221448625,-0.06044141942822916,-0.9146279347472817,0.34368409991622256,0
0.01891153233030046,-0.9597926769371828,0.18639912912254367,-40.54494327023525,20.56487966445647,5.747619776094889,-0.0595653085810012,-0.9179811870107509,0.34018209661594867,0
0.0186968499706184,-0.961584269097067,0.17659231163705702,-40.45756123237412,20.767743844668498,5.827125633212164,-0.058343593252019786,-0.92099013031183,0.33533468071064976,0
0.01624161012605769,-0.9623708582307462,0.16857853936706316,-40.41543870210352,21.020372395270993,5.944750097210036,-0.05853016896289949,-0.9225611257961249,0.3303981908327337,0
0.012012480983294875,-0.9620257140581078,0.16673978943090384,-40.38102968178276,21.35851456980928,6.122694664116434,-0.06111564846172126,-0.9226633592698613,0.3277488703676112,0
0.008541572926986865,-0.9610488690796982,0.17118983063652599,-40.32678713846285,21.81736403158816,6.373142048314188,-0.06461543864639059,-0.9220251452038025,0.3284141460745378,0
0.007586087119551859,-0.9597195443942701,0.17820552430214753,-40.23556355915562,22.37877247983685,6.706981578541637,-0.06671830127227958,-0.9212650393673515,0.3305458403171617,0
0.007801977125096287,-0.9586705987673001,0.18321477095836197,-40.0814096813048,22.950865686667775,7.1461142028005336,-0.06729183412861839,-0.9210439386510174,0.3311585672672514,0
0.006839772937576309,-0.9600527252748402,0.18340188103748994,-39.84033417285628,23.42541292250627,7.722569648089706,-0.06871845098311676,-0.9227489281989267,0.3290862852647742,0
0.004304829057261952,-0.9664002039960138,0.17873370857636026,-39.52471816004009,23.756094432342362,8.458530426204508,-0.0732078136468736,-0.9278630661200574,0.325605939214888,0
0.0009659359082527757,-0.9772811449187755,0.17215748394844224,-39.1756394435494,23.96588847855638,9.340367516398969,-0.08056081328809084,-0.9359865226391231,0.32248065250308566,0
-0.0033054314469430773,-0.9880052902342208,0.16799588636417487,-38.8035755804425,24.086048794911733,10.317861808134886,-0.0887205794508963,-0.9439796928708944,0.3200420424672783,0
-0.008855782330554984,-0.9932676950667398,0.16782057784820809,-38.36280113790267,24.11731206834469,11.341781410139873,-0.09572539076129806,-0.9479904076922123,0.317135207416981,0
-0.014900995233234147,-0.9922258358234001,0.16817343331489965,-37.80946834538048,24.059619570766095,12.40021136499912,-0.10076245912720087,-0.9468534170043568,0.3126029367591584,0
-0.02058594315961522,-0.9890912791055617,0.1643029054858767,-37.171676070329724,23.950078724034398,13.506196472917518,-0.10415727492857374,-0.9434131753618573,0.3068976627941856,0
-0.02631719194544136,-0.9885882261392247,0.15562597087423968,-36.54270340323723,23.83456127669518,14.655647871646933,-0.10709654014285157,-0.9420274203474731,0.30225314360736366,0
-0.032620839509882545,-0.9913107112910363,0.14575999849894705,-36.013388478582144,23.698192933318502,15.813648355742913,-0.11078954328280805,-0.9445086536583165,0.30071815535711405,0
-0.03833349725125595,-0.9935743643031277,0.13817700021741433,-35.62241687175403,23.455186314720834,16.937985581646828,-0.11503826288244456,-0.9486372908704164,0.3017064690378111,0
-0.0412400047802228,-0.991728783664145,0.13414430244393372,-35.35422078694574,23.033147974851325,18.001800202442507,-0.1180637980552982,-0.9506642706575559,0.30210050453192344,0
-0.04068680073634285,-0.986778802277225,0.13427641430656054,-35.154148695067235,22.45871903213802,18.99749174873959,-0.11876531386814643,-0.9492430766680332,0.29935681425634364,0
-0.038786433135254525,-0.9844399850178767,0.1389007610468387,-34.94134988258556,21.84011427698777,19.929135806963227,-0.11886297605547215,-0.9471617268114221,0.29417295068415683,0
-0.03853772591382035,-0.989892880284368,0.14572192463506267,-34.634421312597965,21.26961020875793,20.798509687343124,-0.12141273808585307,-0.9492313870901838,0.28962654240572044,0
-0.04103731920912215,-1.0025387962255774,0.14971235458142726,-34.19070370033255,20.76062315570853,21.598693016846028,-0.12693982546882404,-0.9579607732865987,0.2879116734478373,0
-0.04474016409805964,-1.0164768095893104,0.1476238249638157,-33.622665209077,20.275062438775404,22.329245568256844,-0.1324048473764931,-0.9709020947866812,0.2882938873358724,0
-0.04725125541330986,-1.0258643092428763,0.1411405740288589,-32.97342499668926,19.784702333797075,23.008927055836608,-0.13465294165066088,-0.982289776197501,0.2881539898212634,0
-0.04783247406217518,-1.0293372557275828,0.13362882656051792,-32.2881997622566,19.292126600966583,23.65482536612423,-0.13379479666501073,-0.9876384732548462,0.2856944735540176,0
-0.04815587719360537,-1.0297368038625652,0.1258084171780203,-31.610071429940323,18.809178796454763,24.254695529592148,-0.1324766543422905,-0.9872837149149265,0.2814739199689218,0
-0.0503754170955567,-1.0303303388204947,0.1174779148835326,-30.976720138041923,18.339377078511795,24.7818880175361,-0.13280096219443366,-0.9855936571784021,0.27732662081689374,0
-0.054563555108923564,-1.031412455487045,0.11140865339588993,-30.40562132164785,17.88275499905566,25.237313984887777,-0.1348445230403567,-0.9862901248929434,0.27393079415325666,0
-0.058376942933336236,-1.0305355302096695,0.11087573966538596,-29.895786339632163,17.44108832618936,25.65494699411289,-0.1374399177529903,-0.9885350004174859,0.26978650431643936,0
-0.059230574733208384,-1.0258618976608491,0.11311612438835278,-29.449434344357,17.013899658024666,26.057821944165095,-0.13917922598543944,-0.988194301383923,0.26286207932080863,0
-0.05663654067842068,-1.018431027595995,0.10946838768868232,-29.081494596414746,16.60410666345108,26.422785652595845,-0.1386546232909971,-0.9827366358204984,0.25292408775383796,0
-0.05234866666571505,-1.0108785474406745,0.09448278800618397,-28.81459322380504,16.232732640007118,26.696682381604983,-0.13476586097778295,-0.9738961697015679,0.24171906399247634,0
-0.048101120544491754,-1.005060378639338,0.07309453260617309,-28.681499135945742,15.93277939206994,26.833736635350068,-0.1275209832985833,-0.9654919680917352,0.2311516779223393,0
-0.0432545008309459,-1.0013365215444812,0.056278335554098086,-28.722587365403648,15.721185736723955,26.807263161652315,-0.11828998711615768,-0.9597909092579237,0.22202852909566095,0
-0.035264411142483146,-0.9990151411980795,0.05020251288352382,-28.956811415559773,15.587777374588017,26.605511522152334,-0.10871246132363602,-0.9565877212450794,0.21451553041374974,0
-0.02318768154064844,-0.9970114935113372,0.05200033459563566,-29.355637535505007,15.514762159523128,26.248232282757655,-0.09942263454736976,-0.9548604277430541,0.20903047842041028,0
-0.010298935823519047,-0.9949245135932208,0.055443110763299594,-29.860020381261723,15.492440022819626,25.808282876318614,-0.09026732709945366,-0.953995041021035,0.2060974010640116,0
-0.0014893772404421795,-0.993732662820082,0.056951980651263376,-30.41926386728076,15.508269735088728,25.38517335122135,-0.08145501698991588,-0.95348094610245,0.2052168294438573,0
0.002562420148390718,-0.9946009130406613,0.05552536186026914,-31.005072969540095,15.5351242769614,25.033718634161243,-0.07369605293523036,-0.952674601041936,0.20436153857508219,0
0.006524989889990781,-0.996865733081045,0.05088204763822997,-31.603205025199337,15.54645876069138,24.723634125760558,-0.06741094156646382,-0.9514441987021607,0.2014466657260728,0
0.013992479991508561,-0.9984452336160743,0.04389206103201009,-32.21385809625695,15.537140685340628,24.382922165176534,-0.06277081658732434,-0.9505005121624583,0.19649081661566453,0
0.021889520407163184,-0.9987496758932837,0.03686644342473748,-32.859141750861895,15.515327641830956,23.982071426149343,-0.06041945982129069,-0.9507917540006566,0.19166201804896052,0
0.02406682292276103,-0.9996435322597576,0.03189192154680668,-33.574174706503534,15.479029699694516,23.564926299161925,-0.06103821613973739,-0.9528698412163864,0.18897967961405931,0
0.019208970622509595,-1.0024390971423236,0.02927435820449143,-34.384131714551835,15.413685344121726,23.19003316959185,-0.0640890458623439,-0.9566836446450511,0.18847631834513737,0
0.011905452369681426,-1.0054858944948684,0.027561682716791387,-35.29267751632821,15.304726264363218,22.85155149689662,-0.0680264225116028,-0.961426433009934,0.18848881965242054,0
0.006572071898518909,-1.0064820331239708,0.024871303324991132,-36.29348826737889,15.135349131439975,22.472907494216543,-0.07198978573491782,-0.965742240557044,0.18698389414055505,0
0.00375395253701755,-1.0060921248404948,0.020775663317986137,-37.38729393589761,14.879121385573214,21.976311891235493,-0.07648540731257643,-0.9686858654025229,0.1827272785665575,0
0.002125506608111164,-1.0070203152231827,0.016723941550748172,-38.57478605762043,14.519566761025308,21.35033757273061,-0.0822031117041573,-0.9703705205033415,0.17607600978718965,0
0.0006208366870365356,-1.00960444159529,0.013830463235026168,-39.822235369466135,14.084066865466532,20.662024487746436,-0.08883353247215534,-0.9712017952144781,0.16883533230099818,0
-0.001806349732828479,-1.0106697000636524,0.011023542844117159,-41.04170371804368,13.642519777054018,20.020145444181722,-0.09531033697258537,-0.9708685226898619,0.16286995126259735,0
-0.0058507904669040855,-1.0079242903779473,0.006638802901472867,-42.126360297132,13.261134827390649,19.51256158906372,-0.10067329151660963,-0.9689707068874458,0.15870218870617916,0
-0.010889301925166375,-1.0037421372739905,0.0011059714289241478,-43.01967210400776,12.963080821939162,19.148571371225714,-0.10432063586174009,-0.9663881357503227,0.15551322170993556,0
-0.015982074760910445,-1.0024349262624646,-0.0033044657771525523,-43.75166056566485,12.736760228839401,18.854797967376886,-0.10594373189538087,-0.9647450848210047,0.1523096630672513,0
-0.021211070356272038,-1.0045407006263292,-0.0050525922175443825,-44.404356681673896,12.56651433057376,18.540983122188138,-0.10592399542491358,-0.9642930540564842,0.14897162749460813,0
-0.026265955399951576,-1.006280170496456,-0.004664596367294121,-45.039905935228234,12.443222868980358,18.176512333572376,-0.10552615178718074,-0.9635152840811422,0.14629877621168177,0
-0.028807006271993386,-1.0047098925094131,-0.0038525886985916144,-45.66454207293524,12.359246665952885,17.79782367390147,-0.10587835001296757,-0.9612660245560485,0.14498104280267798,0
-0.026605131168136967,-1.0010861815986192,-0.004313527481435261,-46.26508763002333,12.308790835086835,17.439903178519394,-0.10671294571421132,-0.9583134798471203,0.14443466960091342,0
-0.020908820151905063,-0.9986724257888214,-0.006986306870099108,-46.873188132732906,12.281904466358585,17.07030170834526,-0.10669491670480818,-0.9563550127389666,0.14319005275085328,0
-0.015571234049334415,-0.9993493890825933,-0.011022046447244504,-47.57720352531889,12.245643571795235,16.601639299853392,-0.1050213291563022,-0.9564609428867331,0.14098420586761015,1
-0.012616527602799665,-1.0032426986060554,-0.013663898379266144,-48.455735748764894,12.149324400299617,15.96577957058302,-0.10209465659248211,-0.9589921506356547,0.13975812964582648,1
-0.010268903387224226,-1.009992844645254,-0.01267297302320204,-49.489480494772316,11.97400375979106,15.15797007154633,-0.0983546509702956,-0.9642064471115708,0.14144079720553304,1
-0.005829665548910911,-1.019127060143784,-0.008795348036347295,-50.54033944813726,11.77854596162561,14.203493885754815,-0.093043708579924,-0.9723154356010629,0.1451544990616126,1
0.0009979612175326396,-1.029934372801607,-0.0049521702272327245,-51.43892793001292,11.685498541104932,13.107435477251343,-0.08497634730429791,-0.983362390708284,0.14792976024903656,1
0.008673269088527247,-1.0418303012126398,-0.003806114683783414,-52.11315942365379,11.815055557732801,11.861624990684762,-0.07446905122278871,-0.9971566583267186,0.14803263391539367,1
0.016700404754448745,-1.0544288925787624,-0.006720367436040497,-52.62345337453546,12.229444218746615,10.4852510158224,-0.0635309241321265,-1.012645954704247,0.14617602905558993,1
0.02649678272767496,-1.067083240235203,-0.013461753861225199,-53.06053217286235,12.935236378759937,9.02765161199845,-0.05377782313815401,-1.0274713234336477,0.14332275640774053,1
0.039184498145218495,-1.0793936035537433,-0.021882612341545014,-53.42943585732708,13.924181850156184,7.533999841011698,-0.04494374038476571,-1.039432196848634,0.13892108657090088,1
0.053213852265339256,-1.0922149157457066,-0.029288489127529405,-53.657109071391275,15.188459931373991,6.039099944399372,-0.035962420225586794,-1.048787299904332,0.13222780731970973,1
0.06459263500262484,-1.1062115987359675,-0.03492032944492074,-53.69248874419246,16.68044622743582,4.60849519840559,-0.02707331035093326,-1.0579051731749298,0.12426585532433664,1
0.0694015776831107,-1.1190567139015413,-0.04004663784997103,-53.560415832780194,18.26151629765114,3.3687190986856947,-0.020451613291287512,-1.0680942959168425,0.11712837842102194,1
0.06651521223086372,-1.1270470897892144,-0.045719559711967665,-53.321196441544544,19.712548417380503,2.4766436683575592,-0.018740120375548577,-1.077944260962985,0.11158079130181421,1
0.05863054939742371,-1.1307151173931702,-0.05206284213854705,-53.013653931214535,20.825407546709776,2.0506182128694994,-0.02280096656465828,-1.0853523855785783,0.10648244882354127,1
0.05018128337283242,-1.1350789732434161,-0.05947957575836211,-52.64752028390691,21.506198652001842,2.123358927725104,-0.030801929437706953,-1.0897519315618351,0.10087801170988718,1
0.043201283026914304,-1.1417943546882152,-0.0681244381248536,-52.22567926884974,21.793382868470736,2.646185124485462,-0.03981839780581326,-1.0913499069171522,0.09569324397352441,1
0.035619539752480264,-1.1448351563111723,-0.07565325106941281,-51.75563011242137,21.775702260629497,3.524407612153655,-0.048589053780503474,-1.0894943917632613,0.09241063035187173,1
0.024388676169488973,-1.137681464283004,-0.07827807586912734,-51.2489646446847,21.5013670670437,4.650336455148988,-0.0583373714106173,-1.0832949621103316,0.09049739409690737,1
0.009689353496518878,-1.121984044348797,-0.07602809301911508,-50.72889654022693,20.96810072180468,5.927555575843549,-0.07036035651148066,-1.0733987089642774,0.0874082739951369,1
-0.004733351825778667,-1.1054991802357934,-0.07489676775792546,-50.24510900508137,20.17888116478231,7.294151686418939,-0.08337672373574707,-1.0620650058504442,0.08138838491102574,1
-0.015177375074985785,-1.0937866809083283,-0.08089747866342223,-49.86676023634939,19.185594895119582,8.731254062538083,-0.0946184658441238,-1.051499509876211,0.07329756946657309,1
-0.02124074825269167,-1.0870100501772448,-0.09287223332081256,-49.63578797921535,18.089740535712625,10.239285197253484,-0.10323516639935837,-1.042578602825554,0.06524218709839072,1
-0.025139977236579663,-1.0822981100470852,-0.10391744994331893,-49.51626051812169,17.02336056227299,11.799149540213536,-0.1105210410802398,-1.0348762627161407,0.05823268709927629,1
-0.028728037000514767,-1.075959465240773,-0.10950112538104288,-49.40342967205997,16.1144965507504,13.357523780445911,-0.11661428786752623,-1.027145295878602,0.05184715826786211,1
-0.03252295851337009,-1.0652734367001573,-0.11150410770806067,-49.20484028813969,15.42387410199842,14.854966654183908,-0.11961169185875066,-1.017769358590602,0.0457191388793681,1
-0.03669420706177649,-1.0507885029703525,-0.11441305132888765,-48.92376185992027,14.889386499117332,16.273930228160687,-0.11892253647597423,-1.0056898692343432,0.040409361400681604,1
-0.04074788900099065,-1.0358894990308687,-0.12034448905718895,-48.6607792509891,14.350192749432013,17.654887914158927,-0.11704741892824842,-0.991566793157629,0.03639769763049277,1
-0.04276592565734646,-1.0231176768575396,-0.12849481403289276,-48.53111343517191,13.655666163725515,19.053044940278742,-0.11668362268078435,-0.97770669076548,0.03265624071686029,1
-0.04159907003530885,-1.012299840788262,-0.13735374527339456,-48.58738032587342,12.766625974352129,20.479494049493123,-0.11826268958806249,-0.9663359800431979,0.026990305587222648,1
-0.0400143913568278,-1.0027236882410184,-0.14610235575168884,-48.82221219554434,11.756649056557404,21.894882592004514,-0.12173456927290846,-0.9580765499192645,0.01814533923290046,1
-0.04318146791429984,-0.9953137322327688,-0.15454190361865391,-49.21198423890012,10.723921964701693,23.251149287483596,-0.1282999452274956,-0.9522937507547152,0.007390750569909044,1
-0.053315827305706,-0.9913673199362307,-0.16274358707164333,-49.71658059908793,9.711745931689089,24.51450923263619,-0.13828273435378663,-0.9483506624898654,-0.002496956325346137,1
-0.06800799142442915,-0.9898717795888158,-0.17119179782750668,-50.24641363211806,8.710122408825425,25.650272708607293,-0.1495837754032121,-0.9457395432249835,-0.010149401629582376,1
-0.08461861061830035,-0.9874459445621431,-0.18096508586294408,-50.68027556304393,7.703257448552196,26.62365865094262,-0.16099764552127038,-0.9431275281715257,-0.016913549558727602,1
-0.10362714190188815,-0.9813340254701503,-0.19271705300658218,-50.9378179715868,6.680374473092887,27.437875341164656,-0.17507808412138806,-0.9384452576652247,-0.0246353735693079,1
-0.12554649925818023,-0.9718937832316847,-0.20479353641802742,-51.02299344821612,5.608394615537122,28.13948874071088,-0.1941101272289117,-0.9309807000030457,-0.033154561216669085,1
-0.14643090928542182,-0.9622685235537233,-0.2136129475468312,-51.003799007821904,4.445021120923805,28.742393618605597,-0.21430917242213543,-0.9231220124911405,-0.04123291396147515,1
-0.15960046659595148,-0.9566839971953986,-0.21776018257335664,-50.96911667473604,3.208619050659689,29.15814605473181,-0.22793153025767127,-0.9187461079718877,-0.048949493049448664,1
-0.16221152992184862,-0.9581339185314184,-0.22104887700202494,-50.98381809877635,2.011416439063394,29.25217330200874,-0.2315369292026708,-0.9190321922214706,-0.057477070333523485,1
-0.15864801838933107,-0.964528198903933,-0.22898736345736742,-51.03876020479716,0.9987127560367381,28.988874983896114,-0.22975528470604623,-0.9200081967370249,-0.06698845105933149,1
-0.15660540692577413,-0.9670305758827248,-0.24191351022916296,-51.03903021822231,0.27107714472505184,28.509415408753515,-0.2302978868012299,-0.9150063999622052,-0.07639626747169542,1
-0.1592510685168967,-0.9564849157141337,-0.25429154768206674,-50.8794614342545,-0.12422859007437626,28.05750455765842,-0.23574155574981448,-0.9004952200314041,-0.08524187966717361,1
-0.16124863800114853,-0.933237682231897,-0.26190822851397566,-50.55799565669547,-0.1612654050082704,27.80059179729008,-0.24022633313032885,-0.8797469010717477,-0.09456641641088523,1
-0.15464004064870143,-0.9076967631478462,-0.26694394969441565,-50.20905395971556,0.17612390236850126,27.680165384313124,-0.23568788323518333,-0.8602486213538197,-0.10510254100505628,1
-0.1399035999871345,-0.8902827958656496,-0.2734495722360534,-50.00502757442541,0.8860778503139792,27.449541512195335,-0.22254746269259473,-0.8476634851010362,-0.11506694234577808,1
-0.12822646907751917,-0.8836115501349088,-0.2801007667736505,-50.00603123043021,1.9254739952681839,26.91097046911277,-0.21146595288322337,-0.8430028841499165,-0.12093610636548,1
-0.12977549114751408,-0.8847371251957473,-0.2815795419157785,-50.10613164855877,3.159803621115837,26.100575007825594,-0.21161470376852248,-0.8447210883604921,-0.12098721294448099,1
-0.1414227709698489,-0.8909834106431146,-0.2769849086784008,-50.13829744349875,4.342790707508049,25.177912119039203,-0.21956809810640185,-0.8512783150440822,-0.11749086369356619,1
-0.1490965533483362,-0.9010275505207512,-0.27298737755054875,-50.021420400851824,5.21615571301955,24.166047212696274,-0.2232061107171291,-0.8610154915437331,-0.11502585086822877,1
-0.14151870712226997,-0.9123210728865805,-0.27711745098480367,-49.78848299486573,5.690931679202378,22.918299511940248,-0.21488794038014924,-0.8709786224067471,-0.11727334901045029,1
-0.1195806459799798,-0.9204429621051425,-0.2900206270142544,-49.5002948476249,5.929575811711479,21.368566255683362,-0.19734602722545178,-0.8772348217184639,-0.125483841532194,1
-0.09330199118981429,-0.9217075110362815,-0.30564745986076436,-49.18297928810509,6.21128769181096,19.71305360093188,-0.17776240311462574,-0.8769529688419563,-0.13849972159444982,1
-0.07185920439517281,-0.9161471493572202,-0.317808248786155,-48.85155610319809,6.6917671304865785,18.27615809847782,-0.1600526503285861,-0.8706250660891031,-0.15314462598992834,1
-0.05655941153397746,-0.9078146820950925,-0.3251452546346195,-48.544294333722824,7.291610172606154,17.23770320682449,-0.14385727164377504,-0.8621230761500875,-0.1655529164385364,1
-0.04249361621729903,-0.9015601535321569,-0.3301324626912266,-48.29482023483579,7.799982460327792,16.535612370940328,-0.1282116089680465,-0.8558235729110214,-0.17362637091392175,1
-0.02624024485062057,-0.8990649617311464,-0.33501653971607015,-48.08133675691595,8.045530428723122,16.00269041343939,-0.1136462483094406,-0.8533220614735938,-0.1784397285029585,1
-0.010244924388400918,-0.8981829939435779,-0.33975446596547915,-47.8348998253595,7.956339137842783,15.54184758072197,-0.10078833368452465,-0.8528853025948023,-0.1827578267585113,1
0.0014139087789285202,-0.8958685647837391,-0.34297465416421635,-47.49980345778535,7.499667913176167,15.162917742965899,-0.08852367972233513,-0.8514669872241907,-0.1879971568113507,1
0.009457873725827197,-0.8911308598945703,-0.3439164889141765,-47.06605240469808,6.619629216858754,14.898081627548933,-0.07475178985951773,-0.8468321855888137,-0.1927831863965485,1
0.019011267271114282,-0.8850607232773412,-0.3437471676038349,-46.550931067474366,5.258088713816219,14.732411365729627,-0.05878492595369376,-0.8385867434299663,-0.19465963087361204,1
0.03336876854306035,-0.878366402076056,-0.3448948218235304,-45.98231374024047,3.432407929419696,14.620470005865158,-0.04208154431411731,-0.8282251770460272,-0.19308392149932277,1
0.050224389637791585,-0.8697294186224429,-0.348127344019534,-45.40473717124204,1.275393433641361,14.532843035218932,-0.026577501599265738,-0.8179831716376319,-0.19013840200281196,1
0.06447301600160821,-0.8575075755768375,-0.35052703915903005,-44.86917222732473,-1.0220472538396979,14.463836657892003,-0.01325877161509924,-0.8089458690129475,-0.1879249018747229,1
0.07352202099470996,-0.8427151602242746,-0.34751376913931414,-44.392441452766185,-3.321051687886869,14.41693748049132,-0.002639380979604442,-0.8003814090092033,-0.18593083959099063,1
0.07878143822625279,-0.8287951911511929,-0.33737873841279825,-43.932088657608666,-5.5890184981311615,14.4103199104247,0.0043340417824745065,-0.7910326764930539,-0.18199602882362528,1
0.08241935340886931,-0.8176960781027681,-0.32405530509709385,-43.414502317539664,-7.842807479697755,14.48331320363974,0.006823330527073582,-0.7804511626833279,-0.17575859508722438,1
0.08423378802744867,-0.8071959211330515,-0.31505184462728875,-42.79059755281091,-10.047347405072287,14.668004768227522,0.00550673198790918,-0.7689272586303604,-0.16990100369231503,1
0.08234078575522354,-0.7936476182043708,-0.3151933580698682,-42.06561311086226,-12.086973874557247,14.955649981625308,0.002502069938221729,-0.7566760677041211,-0.16735708633218244,1
0.07627377468193035,-0.7771404703147214,-0.322112239098377,-41.28796112718969,-13.843437073125417,15.312084222558905,-0.000815523065567334,-0.7431669833047122,-0.1680835817846967,1
0.06870514387127152,-0.7616679856646399,-0.3292540801806551,-40.52428873803927,-15.292474075340957,15.723611438817494,-0.005276191046439173,-0.7271685247484576,-0.16954780601263533,1
0.0635305092038312,-0.7493645839056562,-0.33299566633704597,-39.843042840151,-16.50563311823795,16.202527828434942,-0.01217246484363465,-0.7080499578030179,-0.17005855161451208,1
0.062001104393165286,-0.7373763465685614,-0.33466855308243193,-39.29815367381765,-17.541830717797094,16.74442077275117,-0.02037028744485151,-0.6874012917765273,-0.17027934694569863,1
0.061591186942830244,-0.722670381015017,-0.33567489631024033,-38.89232885735705,-18.340925376348526,17.309181465470456,-0.02636586914386501,-0.6688045641450507,-0.17090628434991215,1
0.05953844850870286,-0.7076240399458374,-0.3335548739095485,-38.527019394019305,-18.75532882749495,17.85724567222299,-0.02755825896715537,-0.6555616932303846,-0.1700064830701519,1
0.056875133530726624,-0.6978821651125889,-0.32453970201874094,-37.991432198136486,-18.717876807937714,18.376702759496244,-0.024584528724324557,-0.6488376253244637,-0.16411402386781726,1
0.05796064636215941,-0.6961061160685635,-0.30860937083978945,-37.04008677838822,-18.37063117988733,18.852004857359436,-0.019687459860243978,-0.6478828128172455,-0.15195253349108523,1
0.06626620697157834,-0.7005591656621863,-0.29054392207301205,-35.52551933326689,-17.991777288381876,19.22999515322637,-0.013374193662948003,-0.6512846464106722,-0.13605387425828952,1
0.0812953221806408,-0.7084753636381866,-0.27617267235278514,-33.47475882223011,-17.78430014647422,19.455216739323994,-0.003878884468613934,-0.6576285778893114,-0.12048652452517647,1
0.09930721648438885,-0.7176973782413426,-0.2677710551187654,-31.04117637708193,-17.761766735755195,19.539667791407783,0.009984675613460439,-0.665468498930398,-0.10770962130079274,1
0.11635969238630717,-0.7257379546347393,-0.2627257836241612,-28.391524005424372,-17.84951381924613,19.569302685009724,0.02662401851532054,-0.6733394769189454,-0.09774460917480957,1
0.13099857974405874,-0.7304260577252638,-0.25698963713289774,-25.63810680517281,-18.054254813158604,19.627838122093024,0.04311660872656462,-0.6799685088376255,-0.08973784381507886,1
0.14452547149168574,-0.731907824765368,-0.25035798434788203,-22.848986176284388,-18.481977629786662,19.72262366130891,0.05810121473865236,-0.6842799984848671,-0.0841682629528831,1
0.15830989364131867,-0.7321393370170051,-0.2478335712267464,-20.091343501508916,-19.18617965403746,19.791123603439726,0.07193960123550797,-0.6852697067560487,-0.08380680994076659,1
0.17121678804412602,-0.7322499096624938,-0.2552487883694194,-17.46504678579963,-20.03224141763135,19.774920753784308,0.08422462546305731,-0.6824832715593777,-0.09230455293056099,1
0.18095500075267765,-0.7315794917863783,-0.27411401790452883,-15.104084241722227,-20.72435345438543,19.68243655093007,0.09283717439761072,-0.6769168726477661,-0.11128514269722348,1
0.18724052867092014,-0.7288410450485258,-0.3009836630777344,-13.125242257939997,-20.95935617417938,19.58377131310815,0.09627778631545632,-0.6706742979515274,-0.13832999030389329,1
0.191429389766094,-0.7232453456409749,-0.3302397680984557,-11.534432374873921,-20.586488440827058,19.564383792504092,0.0958141687778633,-0.6652155762148029,-0.16752966850454634,1
0.19344735837572521,-0.7156815259075308,-0.35593613861094997,-10.160658290553872,-19.68903777080195,19.70696410259661,0.0942559509517597,-0.6609908683651574,-0.19225035911026983,1
0.19162115537779112,-0.7101238313123424,-0.37265810343403477,-8.697704349538691,-18.551323288931155,20.110413492086508,0.09318592357607665,-0.6595046836376767,-0.20808562000146782,1
0.18585904300723416,-0.7122696053052086,-0.3782896243439765,-6.859894874131146,-17.52551672565093,20.88370422695126,0.09234419562662398,-0.6640521415107726,-0.214169287028784,1
0.17909420395956638,-0.724354530810088,-0.3764636085091645,-4.555149303593394,-16.884620315027764,22.082170170934564,0.09121455322164343,-0.6763785836394449,-0.2129343886116013,1
0.17483490636358023,-0.7415453084646243,-0.3735855438380822,-1.9359788231228465,-16.751594703498252,23.637718224098652,0.08986884125889205,-0.6930634867336597,-0.20899543625267503,1
0.1738623567916697,-0.7553332154886894,-0.37270634161521393,0.7276431926733675,-17.099185952203904,25.36762789032418,0.08812167440944152,-0.707046979804153,-0.20677353729994513,1
0.1732900059233503,-0.7607341319750467,-0.37184357182466676,3.2426245455858322,-17.756456444485956,27.096538354906293,0.08492355155736321,-0.7132492524595646,-0.20750210708385863,1
0.16839129863986796,-0.7589842486342085,-0.368510404168097,5.568729831651181,-18.424489554038438,28.814424582757226,0.0788421566884268,-0.7119965723448785,-0.20882183131478727,1
0.155469172757333,-0.7535914302527675,-0.36516814843685347,7.725809759820515,-18.77170455795887,30.718116807070718,0.0682849531289784,-0.7068531868755471,-0.20883149775430726,1
0.13333200351677446,-0.7453351567075457,-0.3697141529004284,9.676710889968545,-18.606007549445646,33.07241748163201,0.05121813310676334,-0.6996422802697285,-0.2108527079644923,1
0.10268710586264823,-0.7308625491494748,-0.3891945964825815,11.332572503946388,-17.989593119284482,36.02060109083615,0.025940616438314995,-0.687480054056254,-0.22255412189994667,1
0.0656016237447106,-0.7051024312546273,-0.42198230209861837,12.640656721857766,-17.17249439643242,39.5337758410734,-0.007188599912083864,-0.6644283296548981,-0.24850012448245035,1
0.02581428482365035,-0.6660897681914617,-0.4566374851857199,13.605251835539667,-16.382038527502257,43.51988558651622,-0.045659445463132046,-0.627255035510976,-0.28315072702076294,1
-0.013367752509399047,-0.6189536095130249,-0.47847958299348264,14.220356651417154,-15.630791486679687,47.929525934089256,-0.087457426914272,-0.5809142927727409,-0.3118594644750261,1
-0.05426394829154968,-0.5738572654864604,-0.4776396714279486,14.45934569119193,-14.700189786715605,52.73571295741995,-0.13378551673633152,-0.5365729162094595,-0.31981033277750426,1
-0.10644693634693282,-0.5367189332447817,-0.45409708652574826,14.370896893830777,-13.366139339114858,57.847893474172444,-0.188799637369092,-0.5008758205386626,-0.3019013330123023,1
-0.17948285219766585,-0.5012142922042123,-0.41819436910186103,14.088121280494326,-11.75873188406576,63.08612798450619,-0.25661004606874344,-0.46772685427767874,-0.2661964333642949,1
-0.27236923838607063,-0.45356038277354244,-0.3855018165879327,13.603376309445668,-10.535033090930108,68.24451283062598,-0.33787847805314236,-0.42442373696666735,-0.22883849178077356,1
-0.37137636191856976,-0.38797955984251675,-0.3687604616733969,12.495908591507616,-10.55725512951491,73.1768580857477,-0.4277816149473882,-0.36645978522961176,-0.2050198135232507,1
-0.4600021278522798,-0.3152861252206474,-0.3729578178247283,9.900203096596211,-12.20261703315727,77.83167537045632,-0.5165102603435544,-0.30368506217377245,-0.20256789040956913,1
-0.5300204786828462,-0.25437392486084726,-0.3949562838087981,4.729947712253856,-14.931602475928708,82.21137922005816,-0.5924839260565635,-0.25191539124918566,-0.22013995936572342,1
-0.5807838760645362,-0.21765919945563372,-0.42438799954578427,-3.960567553689732,-17.627822590724264,86.28231854509448,-0.6463702361409186,-0.22083771083799647,-0.24812256222542434,1
-0.6109814267849432,-0.2056700623951412,-0.4459551072977445,-16.443039376661567,-19.44149147475137,89.90691343346805,-0.6738185206858098,-0.20977111274193838,-0.27196975804485385,1
-0.617582074912401,-0.21191432800097776,-0.4464143775063726,-31.738981635639078,-20.326724768096394,92.88295213729654,-0.6765508775573148,-0.21240605366888404,-0.2789773481966345,1
-0.6027172144903334,-0.23032246455979266,-0.42417005655867773,-47.64955232634222,-20.86162653010178,95.08675996104934,-0.6613942501808868,-0.22444749816381532,-0.2657726541465695,1
-0.5749901529999746,-0.25954758958361407,-0.3925164125915701,-61.83814341889052,-21.708908179988622,96.57297322929259,-0.6363619839951041,-0.24729082561553387,-0.2405950619335298,1
-0.5410217689944334,-0.301710955613384,-0.3700964120140497,-73.21562972031455,-23.239241482787687,97.48876467331094,-0.6054377890826446,-0.2845144537223771,-0.21734015401511445,1
-0.4990393263008417,-0.3564174552467534,-0.3651213547537686,-82.29099377708826,-25.444654998081536,97.85743472480387,-0.5664849213757328,-0.3347605381975319,-0.2052862917092816,1
-0.44423653310375766,-0.41588247007249485,-0.3695624014946468,-90.21815815663246,-28.040996206495493,97.45659314715249,-0.515312472684575,-0.38889246778126746,-0.2029696722933058,1
-0.3797441206568743,-0.4683224713344565,-0.3695149575619804,-97.60152116522076,-30.72578411475979,95.97285272635582,-0.4534318098668014,-0.43556550127419896,-0.2012510047979448,1
-0.31899524076289987,-0.5082626003081346,-0.358226287166538,-104.06131972003229,-33.48181429976341,93.35652177660366,-0.39163676119626545,-0.4703640723732819,-0.1916602126876626,1
-0.27549717146562636,-0.5408523237354146,-0.3376595711107708,-108.56436166669275,-36.6257972261501,90.02025447906095,-0.3436894561242739,-0.49813717278348923,-0.1719492724674508,1
-0.25175992014407117,-0.57167589409003,-0.31211536772354953,-110.03668787702561,-40.49348452954013,86.58532048979933,-0.3155544375487641,-0.5240560617451463,-0.14549195815069607,1
-0.2403663336606963,-0.5950795711987522,-0.2840460236660266,-107.99067263048241,-45.13204768279707,83.38261461676443,-0.3024673772993039,-0.5438321295727006,-0.1170122550977034,1
-0.23505992075293938,-0.6001188862748489,-0.2528838173326602,-102.93758535595745,-50.37948932958351,80.29884230094848,-0.297037391347424,-0.5477996449095073,-0.0880285199424305,1
-0.2370367244448871,-0.587467430111533,-0.21444585434221025,-96.12719906672301,-56.131622418359875,77.1922740795107,-0.29765917109978257,-0.5350765900845984,-0.05469529511408453,1
-0.24861477765985418,-0.5715039691195944,-0.16454464945996178,-88.57799502906964,-62.32254680070359,74.35556191789256,-0.307052233465252,-0.5175265692795715,-0.011228179915320756,1
-0.2647396028956282,-0.563345731471451,-0.10763971910833865,-80.36527918284008,-68.63630173137217,72.41300672763622,-0.324165259081707,-0.5070639919675343,0.04135883374995461,1
-0.27534235228368054,-0.5604886763189367,-0.059628355274813805,-71.1446429913394,-74.44461027578299,71.76035299637114,-0.3404619176474036,-0.5046741899073911,0.09022595264614339,1
-0.2747004029163595,-0.5582697392862176,-0.03635843893958548,-61.348145164850834,-79.19972246876068,72.18534746203285,-0.34555357686358357,-0.5062942539413986,0.11869607964647044,1
-0.26560737407253115,-0.563402617440745,-0.03964900644407717,-52.36809409088604,-82.93105651690733,73.02544848967386,-0.3366626453124128,-0.514295681693883,0.12051961739293404,1
-0.2566760881258457,-0.5861020169776984,-0.05916086390484588,-45.20522926143321,-86.34312400924536,73.6521809436274,-0.32269633912616186,-0.534759265035696,0.1028808767414965,1
-0.2581136827589851,-0.6208301294747556,-0.08695575409848401,-39.16569851496039,-90.3675908663574,73.87328491612399,-0.31859221431522217,-0.5633724130158223,0.07497497305941653,1
-0.2760536425302407,-0.644270379837667,-0.12480183067276868,-32.32269455665815,-95.52621761597896,73.99592612298903,-0.3336443369695096,-0.5819119123880646,0.037881211619472825,1
-0.30560947723300713,-0.6352616448222662,-0.1770011242805405,-23.392851690616205,-101.6695635555841,74.53497229444764,-0.36302105690699366,-0.5731241883418695,-0.012656065666463146,1
-0.33133969679497166,-0.5921248850575995,-0.24030142731685483,-13.131037054933525,-108.26198926141704,75.78871006487525,-0.39107081431959556,-0.5357652256314265,-0.07579928553330058,1
-0.3405020905148515,-0.529497105207303,-0.3019548643629954,-4.004002874433557,-114.76495663583182,77.61884524272696,-0.405425864655989,-0.48276638396067423,-0.13959483441958223,1
-0.33626808757784316,-0.4657242868072414,-0.3464651619654141,1.3994502200256385,-120.66825842559058,79.57446386671386,-0.40788059153190215,-0.4302311776232406,-0.18604021711794572,1
-0.3330356313511152,-0.4202500617188184,-0.36546281676073505,1.88195981184688,-125.3661843986755,81.13706153245072,-0.40922394143666907,-0.39456782565709686,-0.20363724251029974,1
-0.3388711635235522,-0.4181397340315092,-0.3632525953095147,-1.8334723401689046,-128.37293499673478,81.82635016334861,-0.4151041777168221,-0.3962154806898645,-0.1959926439257025,1
-0.3499854115775751,-0.4816321427374703,-0.3534364293892125,-7.528968030077444,-129.81464069126176,81.29113848388201,-0.4227646939923581,-0.4531659541280558,-0.17887285515633763,1
-0.36610876368692097,-0.6083268540724108,-0.34993091522359776,-12.410866940858016,-130.58232976952746,79.66244011027901,-0.4336531527502565,-0.563845000544357,-0.17003761210021254,1
-0.40542261356196857,-0.7653898776662489,-0.3597458482761211,-14.201936909238968,-131.88115387774215,77.93863132217561,-0.4647606543409062,-0.702661111883586,-0.1802313334731036,1
-0.497734879141039,-0.9143510887701274,-0.38162411379730876,-12.06913380023907,-134.6602598601279,77.74810834415567,-0.5432187500751201,-0.8392216093972701,-0.20890225277570798,1
-0.6618135162466838,-1.0361389842158852,-0.4105199028742661,-6.875779591724887,-139.41287837383769,80.3916449692187,-0.6887276921635703,-0.9574496786102922,-0.24652959228255908,1
-0.8891259154659269,-1.1262840817033364,-0.4437305429190364,-0.6450596280022626,-146.14528602056947,86.0178819207898,-0.8990593591377967,-1.05175421326308,-0.2837170815558027,1
-1.1489145510911905,-1.1808289461088486,-0.4820913409799911,4.26583393424668,-154.13046132462134,93.77230120290879,-1.14960472824503,-1.116422237110985,-0.31894971267862743,1
-1.4128535150759585,-1.2075893142634264,-0.5274156236222484,6.019877225842329,-161.78683681382427,102.73037355379637,-1.4104094064920538,-1.1549630765763845,-0.3573551469339084,1
-1.6812912877266768,-1.2458849116086381,-0.5851915734663014,4.3834260016436115,-167.42162999231525,112.64246318346429,-1.6723829859522819,-1.1967901118376223,-0.40735216598035234,1
-1.987069393699663,-1.3494096450012203,-0.6693295534450115,1.501013378762869,-170.6160632510242,123.80423390657478,-1.95997059655343,-1.2862639216378278,-0.4823740147237295,1
-2.3708866096975627,-1.5375175164547208,-0.7912854091323166,0.9955356965548263,-172.78415619027916,136.3192317295983,-2.314216273504598,-1.445710574906158,-0.5954242257278604,1
-2.8490266339564663,-1.7707355595666776,-0.935379998981335,5.395256608433228,-175.89304907220807,149.66145754573043,-2.7601652979937157,-1.6525094250749288,-0.7377628521372,1
-3.3934052449998724,-1.9760704890620013,-1.0536797208017983,14.210306806008486,-180.3186832502252,163.14785712222258,-3.283396369668007,-1.851341205763331,-0.8664562654590273,1
-3.9252096327619963,-2.088188070477219,-1.0966730356960965,24.65222488951941,-183.9048399988514,176.89384084165522,-3.8201841715832257,-1.9813901529095737,-0.927134147610762,1
-4.3272717327153645,-2.069643357657655,-1.0446166937574257,34.08245425738748,-183.23820147410964,192.0398295259331,-4.26136098167644,-1.9955464697589065,-0.8905149994054805,1
-4.484862477313899,-1.9121779067269722,-0.9034305386157537,41.659925427818244,-176.22645605334378,209.59907793550593,-4.483774178290729,-1.8722594049455923,-0.7604069487613974,1
-4.33309166565915,-1.6378394258278912,-0.6838850747463671,47.9825650960318,-163.88493603335758,228.88531494337298,-4.402802060688859,-1.626043993470936,-0.55398991003809,1
-3.8742538976979963,-1.3023648252795779,-0.4020610294945162,53.55392237935954,-149.62171952095835,247.17164770676646,-4.006761141189202,-1.3103683781731137,-0.29011645009922804,1
-3.1703537872103618,-0.9864063072204894,-0.09596488729990815,57.65145985718746,-136.47221083141974,260.9744571681781,-3.355096402420064,-1.0031904962634066,0.0026577324443682604,1
-2.3376868634731065,-0.7654566226073328,0.17454997418670465,58.671324216670584,-124.98758127163326,267.73281669732035,-2.5606899515796933,-0.7763455564569753,0.27895730440545125,1
-1.5308369663052879,-0.6721544081178504,0.3512534663733005,55.758224374327035,-113.90845601991641,266.63133571709255,-1.766016564107639,-0.6638493111557223,0.4842850219327519,1
-0.8917429881816628,-0.6810362814771767,0.40319988874401713,50.181353235426585,-102.5320343878847,258.5873966381974,-1.1039895895958827,-0.6499384363321301,0.5734121630354758,1
-0.49286391087233516,-0.7330304348808218,0.33961094547236775,44.860714875279335,-91.81576988088229,246.0478012357881,-0.6568727171005508,-0.6876266075865151,0.5335490197772442,1
-0.32608269722686567,-0.7811500223106351,0.20782043792285862,42.18524477071885,-83.05956342187586,232.48913161052582,-0.4421881978144477,-0.7346583764194655,0.4012757087622936,1
-0.33670183578391305,-0.8171964551172207,0.0747860901522074,42.17265412387288,-75.92689214873586,221.05881442993848,-0.4262432936383169,-0.7766897575486477,0.25223798352185206,1
-0.45954140708921515,-0.8575711322465717,-0.0033360411159438566,42.942431558391355,-68.1468469478775,212.9308311653633,-0.5441000818649364,-0.8192300482579236,0.15967022462651384,1
-0.6335848575695407,-0.9057714227106799,-0.007088967747057745,43.156529576265555,-57.36533380824642,207.0517851089673,-0.718609715298957,-0.860868653901929,0.15168691989707123,1
-0.8020740591691905,-0.9318612603134176,0.039330092591455014,43.80513174067913,-43.535828015396646,201.85560423836887,-0.8795382076664706,-0.8782875954987954,0.20016130523923498,1
-0.9121911629172387,-0.8937725862656284,0.08305054299877729,47.22077081782757,-29.6737468266234,197.17007321758197,-0.9761734606713572,-0.840979565832818,0.24544478220188287,1
-0.9292624320340022,-0.7804559808675523,0.07618170706762296,54.32030259026359,-20.069135752827233,194.04464276425145,-0.9853355501792473,-0.7410167946712978,0.23913232662621592,1
-0.8655223641278125,-0.6276456625016793,0.013534999919778369,63.229737692178695,-17.298672073525463,192.7280116172289,-0.9239044943797824,-0.6035603394329795,0.17935351317179893,1
-0.7877906464593893,-0.4858229761833412,-0.056718146625200506,70.8916938030085,-20.657929066068192,191.58731080415407,-0.8502056169418584,-0.46514705290544234,0.11296776503500751,1
-0.7703980347115169,-0.3779088520739586,-0.06988350495511472,75.79936988902091,-27.37166677830046,188.70480111082756,-0.8276908952735407,-0.34668340687122257,0.09820737619743145,1
-0.8260263655993418,-0.2946122765389548,-0.003921265589172004,78.85699954887694,-35.14730864789184,184.2499528349547,-0.8696843550128648,-0.251317059116337,0.15532755734074669,1
-0.8915815472796251,-0.22375105171309528,0.09653027461399824,81.74943353051472,-43.39757168845075,180.53759288532922,-0.9250622563526472,-0.1798588255638467,0.24809154380702547,1
-0.8901112027091655,-0.16859300234187116,0.16037062656995812,84.96818182210207,-52.249550413079255,179.67275672267084,-0.9272507219445346,-0.13546302977570054,0.3146450672473985,1
-0.7987307436331877,-0.1339218335104467,0.15511595525406285,87.57664484604113,-61.03016857286262,181.61083983692,-0.8529679834356588,-0.11283844934078094,0.3204368577182028,1
-0.6519420974681275,-0.10801523528671238,0.10881139305522061,88.47411160506911,-68.1309469895735,184.54949039667957,-0.7285524677280899,-0.09395924911683956,0.28312347685091754,1
-0.4960611120203203,-0.07171078080960709,0.07166132858460238,87.4040473426927,-72.13924516126028,186.65282699653233,-0.5922687034321216,-0.061872212990096695,0.24790736666847937,1
-0.3588618158323173,-0.02187698932168219,0.06682587497214253,84.80306511279169,-72.72948298960651,187.11466279497932,-0.46753548907154113,-0.016360060053578093,0.24247613632911508,1
-0.25575269402942774,0.025697010873392725,0.0807761683101939,81.20741213285717,-70.49634997402637,185.9757104507472,-0.36791351149016055,0.028410148341134592,0.257562274828361,1
-0.20039741417303822,0.05805812504078675,0.08973340061928943,77.10033356975245,-66.3167636863146,183.4771612619473,-0.3066757796607597,0.06108583559078385,0.266503709929202,1
-0.1959966420900253,0.08094676343091034,0.08373502199491527,73.04020162199336,-61.0935405823086,179.71427038156662,-0.28965299661212873,0.08483264980257842,0.25528664649497496,1
-0.22442169721943325,0.10954934499811393,0.06759574786109655,69.52619921721157,-55.82147933162227,174.71351010408276,-0.3050083681721715,0.1118227861961295,0.2313890863849935,1
-0.2589275646600575,0.14993077114465433,0.05083727198644181,66.72734252174652,-51.38289080414041,168.68922356243337,-0.3315747707622179,0.1493190615799891,0.21142891610864492,1
-0.2912777841941543,0.19422671634589267,0.04214497061123474,64.56462313613947,-48.12123699814027,162.17930658293042,-0.3604935568953177,0.19310890985017498,0.2070123708984123,1
-0.33755061507987344,0.22999609086286218,0.04694345531165724,63.08328222121788,-45.85302314003196,155.85589860690823,-0.40264284551560026,0.23240542711304774,0.21876836978988792,1
-0.41201170885250965,0.25005124979200527,0.06313779661894507,62.58829842602678,-44.42207536860339,150.07836491097402,-0.47023244120524843,0.258400283118222,0.23772780362347412,1
-0.5033092131039191,0.2564336340284409,0.08114265475769548,63.384371163341065,-44.05059353147961,144.57425109670913,-0.5558437560538863,0.2695351197586448,0.25294544559441423,1
-0.5853956410258342,0.2600339277582096,0.09406601948911797,65.46993889617202,-44.98065729911253,138.6198820006821,-0.6367967287425261,0.2727369322847283,0.2616349154738997,1
-0.647813797770669,0.276750475110487,0.10791929027011818,68.43778373096761,-46.90953044488634,131.62706026929257,-0.6995280841427669,0.28167023643405126,0.27301667069386804,1
-0.7054584349307644,0.32091099191013817,0.1367294845318608,71.53626787593247,-49.04037196368404,123.62087422666335,-0.7535825555389706,0.3124336151665629,0.3007326577541856,1
-0.7782369811725257,0.3980429796000399,0.18543610183038245,73.88516731023992,-50.75617171484809,115.21941068490754,-0.8192432068032758,0.37671497668256637,0.34917826707528077,1
-0.8681272357928058,0.4993870335173221,0.23960637832158538,74.8789143223011,-52.11967283993753,107.17741986728723,-0.904103536968243,0.47294975176347664,0.4054498847726965,1
-0.9575227383651306,0.6034876613005714,0.2744146568060077,74.51679679835921,-53.64310385415863,99.8200599563112,-0.9938791280881151,0.5821137365779321,0.44574729693034265,1
-1.0250929360261618,0.6905014242561779,0.27606794173148,73.29536708532919,-55.64151580083223,92.74231386489947,-1.0653428440052666,0.6791235132371629,0.4539061270287811,1
-1.0623241045066458,0.7607968342976793,0.25524665305224953,71.76213610345096,-57.888121308227696,85.09282353975605,-1.107135912632965,0.7553857869756422,0.43615017967869474,1
-1.079133879202452,0.835157344458897,0.2365287633080275,70.21501897906577,-59.860929040913575,76.35207910120091,-1.128243859124549,0.8266288659620437,0.41513950847383385,1
-1.0948045368459038,0.9300142320337723,0.23273423718227956,68.74071077278056,-61.18632365366175,66.87718857820852,-1.1471036002964825,0.9120134215367872,0.40709841220290144,1
-1.1197599207037008,1.034770920162714,0.2335939416616472,67.32551095656373,-61.72806154350914,57.524364541024724,-1.1729642448737325,1.0079733243210938,0.4072741959022748,1
-1.143905225487011,1.118111650694092,0.22227404607146423,65.8392045609733,-61.29603249865258,48.69739411257354,-1.196981436460924,1.0881053255065298,0.3998466496670044,1
-1.1442540364625573,1.1537121544225757,0.1973128014938926,64.03854288032011,-59.49808901823478,39.94804745975078,-1.1999515994229282,1.1266861301472828,0.3775416710709222,1
-1.1061815213426214,1.137904052279351,0.17152483520083378,61.74903308758107,-56.10465761428814,30.593333419049223,-1.1696939540403515,1.118612367344336,0.3462521493525704,1
-1.038997314024187,1.0898721301773526,0.15234065352103812,59.083082775192835,-51.57631798606653,20.566903492118186,-1.1141926997124014,1.0810683176502618,0.3134832768650213,1
